[{"from":-1,"to":250,"title":"SUSS-22FE03: A coin issued by Uncertain - 1st-mid 3rd century","image_urls":["https://finds.org.uk/images/stephaniesmith/SUSS-22FE03.jpg"]},{"from":-1,"to":250,"title":"WAW-9146A3: A coin issued by Uncertain - 1st-mid 3rd century","image_urls":["https://finds.org.uk/images/abolton/WAW-9146A3.jpg"]},{"from":-1,"to":260,"title":"WAW-E85235: A coin issued by Uncertain - 1st-mid 3rd century","image_urls":["https://finds.org.uk/images/abolton/WAW-E85235.jpg"]},{"from":-1,"to":200,"title":"NLM-29A533: A coin issued by Uncertain - 1st/2nd Century AD","image_urls":["https://finds.org.uk/images/mforeman/NLM24940.jpg"]},{"from":-1,"to":269,"title":"WAW-916C64: A coin issued by Uncertain - 1st-mid 3rd century","image_urls":["https://finds.org.uk/images/abolton/WAW-916C64.jpg"]},{"from":-1,"to":260,"title":"WAW-E81E56: A coin issued by Uncertain - 1st-mid 3rd century","image_urls":["https://finds.org.uk/images/abolton/WAW-E81E56.jpg"]},{"from":-1,"to":250,"title":"KENT-759BB1: A coin issued by Uncertain - 1st-mid 3rd century","image_urls":["https://finds.org.uk/images/karend1/KENT-759BB1.jpg"]},{"from":-1,"to":260,"title":"WAW-63A374: A coin issued by Uncertain - 1st-mid 3rd century","image_urls":["https://finds.org.uk/images/abolton/WAW-63A374.jpg"]},{"from":-1,"to":250,"title":"SUSS-232DD3: A coin issued by Uncertain - 1st-mid 3rd century","image_urls":["https://finds.org.uk/images/stephaniesmith/SUSS-232DD3.jpg"]},{"from":-1,"to":250,"title":"WAW-E5C377: A coin issued by Uncertain - 1st-mid 3rd century","image_urls":["https://finds.org.uk/images/abolton/WAW-E5C377.jpg"]},{"from":-1,"to":50,"title":"SUR-3E9E52: A coin issued by Verica","image_urls":["https://finds.org.uk/images/dwilliams/11-236.jpg"]},{"from":-1,"to":260,"title":"WAW-6404F6: A coin with an unrecorded/uncertain issuer.","image_urls":["https://finds.org.uk/images/abolton/WAW-6404F6.jpg"]}]