[{"from":-10,"to":-6,"title":"RIC I (second edition) Augustus 230. 1995.11.1639","image_urls":["http://numismatics.org/collectionimages/19501999/1995/1995.11.1639.rev.width350.jpg"]},{"from":-10,"to":-6,"title":"RIC I (second edition) Augustus 230. 1966.286.24","image_urls":["http://numismatics.org/collectionimages/19501999/1966/1966.286.24.rev.width350.jpg"]},{"from":-10,"to":-6,"title":"RIC I (second edition) Augustus 230. 1944.100.39121","image_urls":["http://numismatics.org/collectionimages/19001949/1944/1944.100.39121.rev.width350.jpg"]},{"from":-10,"to":4,"title":"Bronze Coin, Gabala, 10 BC - AD 4. 1953.171.718","image_urls":["http://numismatics.org/collectionimages/19501999/1953/1953.171.718.rev.width350.jpg"]},{"from":-10,"to":1,"title":"Bronze Coin, Antioch, 10 BC - AD 1. 1960.170.420","image_urls":["http://numismatics.org/collectionimages/19501999/1960/1960.170.420.rev.width350.jpg"]},{"from":-10,"to":4,"title":"Bronze Coin, Gabala, 10 BC - AD 4. 1953.171.719","image_urls":["http://numismatics.org/collectionimages/19501999/1953/1953.171.719.rev.width350.jpg"]},{"from":-10,"to":-6,"title":"RIC I (second edition) Augustus 230. 1996.104.6","image_urls":["http://numismatics.org/collectionimages/19501999/1996/1996.104.6.rev.width350.jpg"]},{"from":-10,"to":-6,"title":"RIC I (second edition) Augustus 230. 1944.100.39123","image_urls":["http://numismatics.org/collectionimages/19001949/1944/1944.100.39123.rev.width350.jpg"]},{"from":-10,"to":-6,"title":"RIC I (second edition) Augustus 230. 1944.100.39125","image_urls":["http://numismatics.org/collectionimages/19001949/1944/1944.100.39125.rev.width350.jpg"]}]