[{"from":-100,"to":-98,"title":"BH-921E62: A coin issued by Republic","image_urls":["https://finds.org.uk/images/jwatters/Roman_coin_12_39_51.jpg"]},{"from":-100,"to":1,"title":"Bronze Coin, Callatis, 100 BC - AD 1. 1957.52.157","image_urls":["http://numismatics.org/collectionimages/19501999/1957/1957.52.157.rev.width350.jpg"]},{"from":-100,"to":1,"title":"Bronze Coin, Callatis, 100 BC - AD 1. 1957.52.156","image_urls":["http://numismatics.org/collectionimages/19501999/1957/1957.52.156.rev.width350.jpg"]},{"from":-100,"to":1,"title":"Bronze Coin, Callatis, 100 BC - AD 1. 1957.52.154","image_urls":["http://numismatics.org/collectionimages/19501999/1957/1957.52.154.rev.width350.jpg"]},{"from":-100,"to":1,"title":"Bronze Coin, Callatis, 100 BC - AD 1. 1957.52.165","image_urls":["http://numismatics.org/collectionimages/19501999/1957/1957.52.165.rev.width350.jpg"]},{"from":-100,"to":1,"title":"Bronze Coin, Callatis, 100 BC - AD 1. 1957.52.176","image_urls":["http://numismatics.org/collectionimages/19501999/1957/1957.52.176.rev.width350.jpg"]}]