[{"from":-101,"to":-98,"title":"YORYM-5C6AA4: A coin issued by Republic","image_urls":["https://finds.org.uk/images/bmorris/CSY0002.jpg"]},{"from":-101,"to":-51,"title":"SUR-260A13: A coin with an unrecorded/uncertain issuer.","image_urls":["https://finds.org.uk/images/margaretb/12-1356.JPG"]},{"from":-101,"to":-101,"title":"ESS-977400: A coin issued by Republic","image_urls":["https://finds.org.uk/images/cmcdonald/ThurmClactonRRDenariusOb.jpg"]},{"from":-101,"to":-81,"title":"WILT-849A52: A coin issued by Republic","image_urls":["https://finds.org.uk/images/khinds/Theale%20coin.jpg"]},{"from":-101,"to":-101,"title":"PUBLIC-E19CD1: A coin issued by Republic","image_urls":["https://finds.org.uk/images/Linz/servili%20republican%20denarius.jpg"]},{"from":-101,"to":-2,"title":"PUBLIC-A49F77: A coin issued by Republic","image_urls":["https://finds.org.uk/images/jennie/PUBLIC-A49F77Republicandenarius.jpg"]},{"from":-101,"to":-100,"title":"Silver Tetradrachm, Alexandreia, 101 BC - 100 BC. 1944.100.79113","image_urls":["http://numismatics.org/collectionimages/19001949/1944/1944.100.79113.rev.width350.jpg"]},{"from":-101,"to":-100,"title":"Silver Tetradrachm, Alexandreia, 101 BC - 100 BC. 1944.100.79110","image_urls":["http://numismatics.org/collectionimages/19001949/1944/1944.100.79110.rev.width350.jpg"]},{"from":-101,"to":-100,"title":"Silver Tetradrachm, Alexandreia, 101 BC - 100 BC. 1944.100.79112","image_urls":["http://numismatics.org/collectionimages/19001949/1944/1944.100.79112.rev.width350.jpg"]}]