[{"from":-102,"to":-102,"title":"LIN-758791: A coin issued by Republic","image_urls":["https://finds.org.uk/images/adaubney/LIN1252.JPG"]},{"from":-102,"to":-102,"title":"WMID-3D8425: A coin issued by Republic","image_urls":["https://finds.org.uk/images/cjohnson/J%20Holland%20-%20republican%203%20obv.jpg"]},{"from":-102,"to":-102,"title":"IOW-FBDDE2: A coin issued by Republic","image_urls":["https://finds.org.uk/images/fbasford/IOW2008-2-277.JPG"]},{"from":-102,"to":-102,"title":"HAMP-F88EF8: A coin issued by Republic","image_urls":["https://finds.org.uk/images/rwebley/HAMP-F88EF8Republicandenarius.jpg"]},{"from":-102,"to":-102,"title":"IOW-3FF064: A coin issued by Republic","image_urls":["https://finds.org.uk/images/fbasford/IOW2005-171-2.JPG"]},{"from":-102,"to":-102,"title":"HAMP-BDE601: A coin issued by Republic","image_urls":["https://finds.org.uk/images/rwebley/HAMP-BDE601Republicandenarius.jpg"]}]