[{"from":-103,"to":-103,"title":"WAW-F2D0E5: A coin issued by Republic","image_urls":["https://finds.org.uk/images/abolton/WAWF2D0E5.jpg"]},{"from":-103,"to":-103,"title":"SWYOR-788D88: A coin issued by Republic","image_urls":["https://finds.org.uk/images/acooper/PAS_2561_denarius.jpg"]},{"from":-103,"to":-103,"title":"BH-E1CC02: A coin issued by Republic","image_urls":["https://finds.org.uk/images/jwatters/Roman%20coin%2010%2082%20-%201.jpg"]},{"from":-103,"to":-50,"title":"Bronze Coin, Ascalon, 103 BC - 50 BC. 1944.100.63163","image_urls":["http://numismatics.org/collectionimages/19001949/1944/1944.100.63163.rev.width350.jpg"]},{"from":-103,"to":-102,"title":"Silver Tetradrachm, Tripolis, 103 BC - 102 BC. 1944.100.72515","image_urls":["http://numismatics.org/collectionimages/19001949/1944/1944.100.72515.rev.width350.jpg"]}]