[{"from":-105,"to":-105,"title":"LVPL53: A coin issued by Republic","image_urls":["https://finds.org.uk/images/nherepath/lvpl53.jpg"]},{"from":-105,"to":-105,"title":"LEIC-3CEC68: A coin issued by Republic","image_urls":["https://finds.org.uk/images/wscott/rep%20coin.jpg"]},{"from":-105,"to":-105,"title":"SUSS-E77C16: A coin issued by Republic","image_urls":["https://finds.org.uk/images/lburnett/SUSS-E77C16.JPG"]},{"from":-105,"to":-105,"title":"ESS-D91298: A coin issued by Republic","image_urls":["https://finds.org.uk/images/lmclean/ESS-D91298.jpg"]},{"from":-105,"to":-105,"title":"LIN-D74A13: A coin issued by Republic","image_urls":["https://finds.org.uk/images/adaubney/LIN2011-1007.jpg"]}]