[{"from":-106,"to":-106,"title":"CAM-B76BE7: A coin issued by Republic","image_urls":["https://finds.org.uk/images/hfowler/CAMB76BE7.jpg"]},{"from":-106,"to":-106,"title":"CORN-3AAB52: A coin issued by Republic","image_urls":["https://finds.org.uk/images/atyacke/greekdrachmobv.jpg"]},{"from":-106,"to":-106,"title":"WAW-7CAA32: A coin issued by Republic","image_urls":["https://finds.org.uk/images/eloisemarkwick/WAW-7CAA32.jpg"]},{"from":-106,"to":-106,"title":"HESH-68EF03: A coin issued by Republic","image_urls":["https://finds.org.uk/images/preavill/HESH-68EF03.jpg"]},{"from":-106,"to":-106,"title":"LEIC-0EAF30: A coin issued by Republic","image_urls":["https://finds.org.uk/images/wscott/0EAF30.JPG"]}]