[{"from":-107,"to":-107,"title":"BERK-5B1CD4: A coin issued by Republic","image_urls":["https://finds.org.uk/images/abyard/CrameRepubDenarius.jpg"]},{"from":-107,"to":-107,"title":"BUC-E78BD1: A coin with an unrecorded/uncertain issuer.","image_urls":["https://finds.org.uk/images/pmanning/RomanABjoinedWebready.jpg"]},{"from":-107,"to":-107,"title":"NCL-EC29C1: A coin issued by Republic","image_urls":["https://finds.org.uk/images/rcollins/NCL-EC29C1.JPG"]},{"from":-107,"to":-107,"title":"DEV-4003E8: A coin issued by Republic","image_urls":["https://finds.org.uk/images/dwootton/DEV-4003E8%20Roman%20Republic%20Denarius%20serratus.jpg"]},{"from":-107,"to":-107,"title":"SF-E6F7F1: A coin issued by Republic","image_urls":["https://finds.org.uk/images/fminter/RidgewellSF-E6F7F1.JPG"]},{"from":-107,"to":-107,"title":"SUR-2F4946: A coin issued by Republic","image_urls":["https://finds.org.uk/images/dwilliams/07.610.JPG"]},{"from":-107,"to":-106,"title":"Silver tetradrachm, Tyre, 107 BC - 106 BC. 1944.100.72773","image_urls":["http://numismatics.org/collectionimages/19001949/1944/1944.100.72773.rev.width350.jpg"]},{"from":-107,"to":-106,"title":"Silver Tetradrachm, Sidon, 107 BC - 106 BC. 1944.100.71466","image_urls":["http://numismatics.org/collectionimages/19001949/1944/1944.100.71466.rev.width350.jpg"]}]