[{"from":-108,"to":-107,"title":"Denarius of M. Herennius, Rome, 108-107 B.C. 2012.94.","image_urls":["http://coins.lib.virginia.edu/images/coins/screen/n14_1989_11_rev.jpg"]},{"from":-108,"to":-107,"title":"Denarius of M Herennius, Rome, 108 B.C.-107 B.C. 2012.93.","image_urls":["http://coins.lib.virginia.edu/images/coins/screen/n14_1989_10_rev.jpg"]},{"from":-108,"to":-107,"title":"RRC 308/1a. 1947.2.31","image_urls":["http://numismatics.org/collectionimages/19001949/1947/1947.2.31.rev.width350.jpg"]},{"from":-108,"to":-107,"title":"RRC 308/1a. 2002.46.99","image_urls":["http://numismatics.org/collectionimages/20002049/2002/2002.46.99.rev.width350.jpg"]},{"from":-108,"to":-107,"title":"RRC 308/1a. 1899.999.11","image_urls":["http://numismatics.org/collectionimages/00001899/1899/1899.999.11.rev.width350.jpg"]},{"from":-108,"to":-107,"title":"RRC 307/1a. 1948.19.45","image_urls":["http://numismatics.org/collectionimages/19001949/1948/1948.19.45.rev.width350.jpg"]},{"from":-108,"to":-107,"title":"RRC 308/1a. 1944.100.644","image_urls":["http://numismatics.org/collectionimages/19001949/1944/1944.100.644.rev.width350.jpg"]},{"from":-108,"to":-107,"title":"RRC 308/1b. 1947.2.33","image_urls":["http://numismatics.org/collectionimages/19001949/1947/1947.2.33.rev.width350.jpg"]},{"from":-108,"to":-107,"title":"RRC 306/1. 1944.100.641","image_urls":["http://numismatics.org/collectionimages/19001949/1944/1944.100.641.rev.width350.jpg"]},{"from":-108,"to":-107,"title":"RRC 308/1a. 2002.46.98","image_urls":["http://numismatics.org/collectionimages/20002049/2002/2002.46.98.rev.width350.jpg"]},{"from":-108,"to":-107,"title":"RRC 308/1b. 2002.46.105","image_urls":["http://numismatics.org/collectionimages/20002049/2002/2002.46.105.rev.width350.jpg"]},{"from":-108,"to":-107,"title":"RRC 308/1a. 1986.161.9","image_urls":["http://numismatics.org/collectionimages/19501999/1986/1986.161.9.rev.width350.jpg"]},{"from":-108,"to":-107,"title":"RRC 306/1. 1984.58.2","image_urls":["http://numismatics.org/collectionimages/19501999/1984/1984.58.2.rev.width350.jpg"]},{"from":-108,"to":-107,"title":"RRC 308/1a. 2002.46.103","image_urls":["http://numismatics.org/collectionimages/20002049/2002/2002.46.103.rev.width350.jpg"]},{"from":-108,"to":-107,"title":"RRC 307/1b. 1987.26.34","image_urls":["http://numismatics.org/collectionimages/19501999/1987/1987.26.34.rev.width350.jpg"]},{"from":-108,"to":-107,"title":"RRC 308/1a. 2002.46.96","image_urls":["http://numismatics.org/collectionimages/20002049/2002/2002.46.96.rev.width350.jpg"]},{"from":-108,"to":-107,"title":"RRC 308/1b. 1986.161.10","image_urls":["http://numismatics.org/collectionimages/19501999/1986/1986.161.10.rev.width350.jpg"]},{"from":-108,"to":-107,"title":"RRC 308/1a. 1987.26.36","image_urls":["http://numismatics.org/collectionimages/19501999/1987/1987.26.36.rev.width350.jpg"]},{"from":-108,"to":-107,"title":"RRC 306/1. 1987.26.33","image_urls":["http://numismatics.org/collectionimages/19501999/1987/1987.26.33.rev.width350.jpg"]},{"from":-108,"to":-107,"title":"RRC 308/1a. 1986.161.8","image_urls":["http://numismatics.org/collectionimages/19501999/1986/1986.161.8.rev.width350.jpg"]},{"from":-108,"to":-107,"title":"RRC 307/1a. 2002.46.95","image_urls":["http://numismatics.org/collectionimages/20002049/2002/2002.46.95.rev.width350.jpg"]},{"from":-108,"to":-107,"title":"RRC 308/1b. 1944.100.647","image_urls":["http://numismatics.org/collectionimages/19001949/1944/1944.100.647.rev.width350.jpg"]},{"from":-108,"to":-107,"title":"RRC 308/1b. 2002.46.107","image_urls":["http://numismatics.org/collectionimages/20002049/2002/2002.46.107.rev.width350.jpg"]},{"from":-108,"to":-107,"title":"RRC 307/1b. 1944.100.643","image_urls":["http://numismatics.org/collectionimages/19001949/1944/1944.100.643.rev.width350.jpg"]},{"from":-108,"to":-107,"title":"RRC 307/1c. 1948.19.46","image_urls":["http://numismatics.org/collectionimages/19001949/1948/1948.19.46.rev.width350.jpg"]},{"from":-108,"to":-107,"title":"RRC 308/1a. 1941.131.109","image_urls":["http://numismatics.org/collectionimages/19001949/1941/1941.131.109.rev.width350.jpg"]},{"from":-108,"to":-107,"title":"RRC 308/1b. 1944.100.646","image_urls":["http://numismatics.org/collectionimages/19001949/1944/1944.100.646.rev.width350.jpg"]},{"from":-108,"to":-107,"title":"RRC 308/1b. 1948.19.47","image_urls":["http://numismatics.org/collectionimages/19001949/1948/1948.19.47.rev.width350.jpg"]},{"from":-108,"to":-107,"title":"RRC 306/1. 1941.131.107","image_urls":["http://numismatics.org/collectionimages/19001949/1941/1941.131.107.rev.width350.jpg"]},{"from":-108,"to":-107,"title":"RRC 308/1a. 2002.46.101","image_urls":["http://numismatics.org/collectionimages/20002049/2002/2002.46.101.rev.width350.jpg"]},{"from":-108,"to":-107,"title":"RRC 308/1b. 1948.19.49","image_urls":["http://numismatics.org/collectionimages/19001949/1948/1948.19.49.rev.width350.jpg"]},{"from":-108,"to":-107,"title":"RRC 307/1c. 1010.1.18","image_urls":["http://numismatics.org/collectionimages/00001899/1010/1010.1.18.rev.width350.jpg"]},{"from":-108,"to":-107,"title":"RRC 306/1. 1947.2.30","image_urls":["http://numismatics.org/collectionimages/19001949/1947/1947.2.30.rev.width350.jpg"]},{"from":-108,"to":-107,"title":"RRC 308/1a. 1937.158.23","image_urls":["http://numismatics.org/collectionimages/19001949/1937/1937.158.23.rev.width350.jpg"]},{"from":-108,"to":-107,"title":"RRC 307/1a. 1908.89.22","image_urls":["http://numismatics.org/collectionimages/19001949/1908/1908.89.22.rev.width350.jpg"]},{"from":-108,"to":-107,"title":"RRC 308/1a. 1950.103.12","image_urls":["http://numismatics.org/collectionimages/19501999/1950/1950.103.12.rev.width350.jpg"]},{"from":-108,"to":-107,"title":"RRC 308/1a. 1899.999.10","image_urls":["http://numismatics.org/collectionimages/00001899/1899/1899.999.10.rev.width350.jpg"]},{"from":-108,"to":-107,"title":"RRC 308/1a. 2002.46.104","image_urls":["http://numismatics.org/collectionimages/20002049/2002/2002.46.104.rev.width350.jpg"]},{"from":-108,"to":-107,"title":"RRC 308/1a. 1978.64.336","image_urls":["http://numismatics.org/collectionimages/19501999/1978/1978.64.336.rev.width350.jpg"]},{"from":-108,"to":-107,"title":"RRC 308/1a. 2002.46.97","image_urls":["http://numismatics.org/collectionimages/20002049/2002/2002.46.97.rev.width350.jpg"]},{"from":-108,"to":-107,"title":"RRC 307/1d. 1937.158.22","image_urls":["http://numismatics.org/collectionimages/19001949/1937/1937.158.22.rev.width350.jpg"]},{"from":-108,"to":-107,"title":"RRC 308/1b. 1947.2.32","image_urls":["http://numismatics.org/collectionimages/19001949/1947/1947.2.32.rev.width350.jpg"]},{"from":-108,"to":-107,"title":"RRC 307/1c. 1950.103.11","image_urls":["http://numismatics.org/collectionimages/19501999/1950/1950.103.11.rev.width350.jpg"]},{"from":-108,"to":-107,"title":"RRC 306/1. 1944.100.642","image_urls":["http://numismatics.org/collectionimages/19001949/1944/1944.100.642.rev.width350.jpg"]},{"from":-108,"to":-107,"title":"RRC 306/1. 1941.15.84","image_urls":["http://numismatics.org/collectionimages/19001949/1941/1941.15.84.rev.width350.jpg"]},{"from":-108,"to":-107,"title":"RRC 308/1a. 2002.46.100","image_urls":["http://numismatics.org/collectionimages/20002049/2002/2002.46.100.rev.width350.jpg"]},{"from":-108,"to":-107,"title":"RRC 308/1a. 1944.100.645","image_urls":["http://numismatics.org/collectionimages/19001949/1944/1944.100.645.rev.width350.jpg"]},{"from":-108,"to":-107,"title":"RRC 307/1b. 1941.131.108","image_urls":["http://numismatics.org/collectionimages/19001949/1941/1941.131.108.rev.width350.jpg"]},{"from":-108,"to":-107,"title":"RRC 308/1b. 1948.19.48","image_urls":["http://numismatics.org/collectionimages/19001949/1948/1948.19.48.rev.width350.jpg"]},{"from":-108,"to":-107,"title":"RRC 308/1a. 2002.46.102","image_urls":["http://numismatics.org/collectionimages/20002049/2002/2002.46.102.rev.width350.jpg"]}]