[{"from":-109,"to":-109,"title":"NCL-B101F7: A coin issued by Republic","image_urls":["https://finds.org.uk/images/rcollins/Carr%20Rep%20den.jpg"]},{"from":-109,"to":-108,"title":"DUR-470EC7: A coin issued by Republic","image_urls":["https://finds.org.uk/images/a8622912/DUR-470EC7.jpg"]},{"from":-109,"to":-108,"title":"ESS-D0A4E2: A coin issued by Republic","image_urls":["https://finds.org.uk/images/lmclean/ESS-D0A4E2%20M%20Herennius.jpg"]},{"from":-109,"to":-108,"title":"ESS-BC36A8: A coin issued by Republic","image_urls":["https://finds.org.uk/images/cmcdonald/James%20republican.jpg"]},{"from":-109,"to":-108,"title":"BH-88DF64: A coin issued by Republic","image_urls":["https://finds.org.uk/images/jwatters/Roman_coin_12_173.jpg"]},{"from":-109,"to":-108,"title":"LEIC-B945C7: A coin issued by Republic","image_urls":["https://finds.org.uk/images/wscott/LEIC-B945C7.jpg"]},{"from":-109,"to":-108,"title":"SF-71EF77: A coin issued by Republic","image_urls":["https://finds.org.uk/images/jcarr/EDN%20SF-71EF77.jpg"]},{"from":-109,"to":-108,"title":"RRC 304/1. 1948.19.42","image_urls":["http://numismatics.org/collectionimages/19001949/1948/1948.19.42.rev.width350.jpg"]},{"from":-109,"to":-108,"title":"RRC 304/1. 1944.100.636","image_urls":["http://numismatics.org/collectionimages/19001949/1944/1944.100.636.rev.width350.jpg"]},{"from":-109,"to":-108,"title":"RRC 302/1. 1896.7.43","image_urls":["http://numismatics.org/collectionimages/00001899/1896/1896.7.43.rev.width350.jpg"]},{"from":-109,"to":-108,"title":"RRC 305/1. 1937.158.21","image_urls":["http://numismatics.org/collectionimages/19001949/1937/1937.158.21.rev.width350.jpg"]},{"from":-109,"to":-108,"title":"RRC 302/1. 1944.100.632","image_urls":["http://numismatics.org/collectionimages/19001949/1944/1944.100.632.rev.width350.jpg"]},{"from":-109,"to":-108,"title":"RRC 302/1. 1944.100.630","image_urls":["http://numismatics.org/collectionimages/19001949/1944/1944.100.630.rev.width350.jpg"]},{"from":-109,"to":-108,"title":"RRC 305/1. 1944.100.639","image_urls":["http://numismatics.org/collectionimages/19001949/1944/1944.100.639.rev.width350.jpg"]},{"from":-109,"to":-108,"title":"RRC 303/1. 1941.131.104","image_urls":["http://numismatics.org/collectionimages/19001949/1941/1941.131.104.rev.width350.jpg"]},{"from":-109,"to":-108,"title":"RRC 304/1. 1944.100.635","image_urls":["http://numismatics.org/collectionimages/19001949/1944/1944.100.635.rev.width350.jpg"]},{"from":-109,"to":-108,"title":"RRC 304/1. 1937.158.19","image_urls":["http://numismatics.org/collectionimages/19001949/1937/1937.158.19.rev.width350.jpg"]},{"from":-109,"to":-108,"title":"RRC 302/1. 1987.26.28","image_urls":["http://numismatics.org/collectionimages/19501999/1987/1987.26.28.rev.width350.jpg"]},{"from":-109,"to":-108,"title":"RRC 303/1. 1944.100.633","image_urls":["http://numismatics.org/collectionimages/19001949/1944/1944.100.633.rev.width350.jpg"]},{"from":-109,"to":-108,"title":"RRC 304/1. 0000.999.489","image_urls":["http://numismatics.org/collectionimages/00001899/0000/0000.999.489.rev.width350.jpg"]},{"from":-109,"to":-108,"title":"RRC 304/1. 1937.158.20","image_urls":["http://numismatics.org/collectionimages/19001949/1937/1937.158.20.rev.width350.jpg"]},{"from":-109,"to":-108,"title":"RRC 302/1. 1944.100.631","image_urls":["http://numismatics.org/collectionimages/19001949/1944/1944.100.631.rev.width350.jpg"]},{"from":-109,"to":-108,"title":"RRC 305/1. 1948.19.44","image_urls":["http://numismatics.org/collectionimages/19001949/1948/1948.19.44.rev.width350.jpg"]},{"from":-109,"to":-108,"title":"RRC 304/1. 1905.57.6","image_urls":["http://numismatics.org/collectionimages/19001949/1905/1905.57.6.rev.width350.jpg"]},{"from":-109,"to":-108,"title":"RRC 304/1. 1010.1.16","image_urls":["http://numismatics.org/collectionimages/00001899/1010/1010.1.16.rev.width350.jpg"]},{"from":-109,"to":-108,"title":"RRC 305/1. 1944.100.638","image_urls":["http://numismatics.org/collectionimages/19001949/1944/1944.100.638.rev.width350.jpg"]},{"from":-109,"to":-108,"title":"RRC 304/1. 1893.5.31","image_urls":["http://numismatics.org/collectionimages/00001899/1893/1893.5.31.rev.width350.jpg"]},{"from":-109,"to":-108,"title":"RRC 305/1. 1944.100.637","image_urls":["http://numismatics.org/collectionimages/19001949/1944/1944.100.637.rev.width350.jpg"]},{"from":-109,"to":-108,"title":"RRC 303/1. 1905.57.5","image_urls":["http://numismatics.org/collectionimages/19001949/1905/1905.57.5.rev.width350.jpg"]},{"from":-109,"to":-108,"title":"RRC 303/1. 1944.100.634","image_urls":["http://numismatics.org/collectionimages/19001949/1944/1944.100.634.rev.width350.jpg"]},{"from":-109,"to":-108,"title":"RRC 302/1. 1941.131.103","image_urls":["http://numismatics.org/collectionimages/19001949/1941/1941.131.103.rev.width350.jpg"]},{"from":-109,"to":-108,"title":"RRC 305/1. 1944.100.640","image_urls":["http://numismatics.org/collectionimages/19001949/1944/1944.100.640.rev.width350.jpg"]},{"from":-109,"to":-108,"title":"RRC 304/1. 1941.131.105","image_urls":["http://numismatics.org/collectionimages/19001949/1941/1941.131.105.rev.width350.jpg"]},{"from":-109,"to":-108,"title":"RRC 305/1. 1010.1.17","image_urls":["http://numismatics.org/collectionimages/00001899/1010/1010.1.17.rev.width350.jpg"]},{"from":-109,"to":-108,"title":"RRC 305/1. 1941.131.106","image_urls":["http://numismatics.org/collectionimages/19001949/1941/1941.131.106.rev.width350.jpg"]}]