[{"from":-11,"to":20,"title":"SUR-EE6333: A coin issued by Eppillus","image_urls":["https://finds.org.uk/images/dwilliams/B11-199.jpg"]},{"from":-11,"to":40,"title":"BUC-D840B5: A coin issued by Cunobelin","image_urls":["https://finds.org.uk/images/jmoss/2DSCN2459.JPG"]},{"from":-11,"to":41,"title":"SF5293: A coin issued by Cunobelin","image_urls":["https://finds.org.uk/images/jplouviez/sf5293.jpg"]},{"from":-11,"to":10,"title":"BH-483F60: A coin issued by RVES","image_urls":["https://finds.org.uk/images/jwatters/IA%20coin%2009%206%20-%202.jpg"]},{"from":-11,"to":-10,"title":"RIC I (second edition) Augustus 180. 1944.100.39105","image_urls":["http://numismatics.org/collectionimages/19001949/1944/1944.100.39105.rev.width350.jpg"]},{"from":-11,"to":-10,"title":"RIC I (second edition) Augustus 182. 1944.100.39108","image_urls":["http://numismatics.org/collectionimages/19001949/1944/1944.100.39108.rev.width350.jpg"]},{"from":-11,"to":-9,"title":"Silver Denarius of Augustus, Lugdunum, 11 BC - 9 BC. 1944.100.78840","image_urls":["http://numismatics.org/collectionimages/19001949/1944/1944.100.78840.rev.width350.jpg"]},{"from":-11,"to":-10,"title":"RIC I (second edition) Augustus 197A. 1944.100.39110","image_urls":["http://numismatics.org/collectionimages/19001949/1944/1944.100.39110.rev.width350.jpg"]},{"from":-11,"to":-10,"title":"RIC I (second edition) Augustus 190A. 1967.153.106","image_urls":["http://numismatics.org/collectionimages/19501999/1967/1967.153.106.rev.width350.jpg"]},{"from":-11,"to":-10,"title":"RIC I (second edition) Augustus 180. 1937.158.432","image_urls":["http://numismatics.org/collectionimages/19001949/1937/1937.158.432.rev.width350.jpg"]},{"from":-11,"to":-10,"title":"RIC I (second edition) Augustus 187B. 1944.100.39101","image_urls":["http://numismatics.org/collectionimages/19001949/1944/1944.100.39101.rev.width350.jpg"]},{"from":-11,"to":-10,"title":"RIC I (second edition) Augustus 193A. 1944.100.39107","image_urls":["http://numismatics.org/collectionimages/19001949/1944/1944.100.39107.rev.width350.jpg"]},{"from":-11,"to":-10,"title":"RIC I (second edition) Augustus 189A. 1944.100.39104","image_urls":["http://numismatics.org/collectionimages/19001949/1944/1944.100.39104.rev.width350.jpg"]},{"from":-11,"to":-10,"title":"RIC I (second edition) Augustus 186B. 1944.100.39100","image_urls":["http://numismatics.org/collectionimages/19001949/1944/1944.100.39100.rev.width350.jpg"]},{"from":-11,"to":-10,"title":"RIC I (second edition) Augustus 196. 1944.100.39109","image_urls":["http://numismatics.org/collectionimages/19001949/1944/1944.100.39109.rev.width350.jpg"]},{"from":-11,"to":-10,"title":"RIC I (second edition) Augustus 191. 1996.4.3","image_urls":["http://numismatics.org/collectionimages/19501999/1996/1996.4.3.rev.width350.jpg"]},{"from":-11,"to":-10,"title":"RIC I (second edition) Augustus 189A. 1974.110.1","image_urls":["http://numismatics.org/collectionimages/19501999/1974/1974.110.1.rev.width350.jpg"]},{"from":-11,"to":-10,"title":"RIC I (second edition) Augustus 197B. 1905.57.281","image_urls":["http://numismatics.org/collectionimages/19001949/1905/1905.57.281.rev.width350.jpg"]},{"from":-11,"to":-10,"title":"RIC I (second edition) Augustus 193A. 1944.100.39106","image_urls":["http://numismatics.org/collectionimages/19001949/1944/1944.100.39106.rev.width350.jpg"]},{"from":-11,"to":12,"title":"Bronze Coin, Byzantium, 11 BC - AD 12. 2008.1.7","image_urls":["http://numismatics.org/collectionimages/20002049/2008/2008.1.7.rev.width350.jpg"]},{"from":-11,"to":-10,"title":"RIC I (second edition) Augustus 187A. 1937.158.430","image_urls":["http://numismatics.org/collectionimages/19001949/1937/1937.158.430.rev.width350.jpg"]},{"from":-11,"to":-10,"title":"RIC I (second edition) Augustus 187A. 1944.100.39102","image_urls":["http://numismatics.org/collectionimages/19001949/1944/1944.100.39102.rev.width350.jpg"]},{"from":-11,"to":-10,"title":"RIC I (second edition) Augustus 197A. 1957.172.1496","image_urls":["http://numismatics.org/collectionimages/19501999/1957/1957.172.1496.rev.width350.jpg"]}]