[{"from":-110,"to":-109,"title":"BH-35C9B6: A coin issued by Republic","image_urls":["https://finds.org.uk/images/jwatters/Roman%20coin%2008%2070%20-%205.jpg"]},{"from":-110,"to":-109,"title":"LEIC-E4A597: A coin issued by Republic","image_urls":["https://finds.org.uk/images/wscott/E4A597.JPG"]},{"from":-110,"to":-110,"title":"SF6913: A coin issued by Republic","image_urls":["https://finds.org.uk/images/fminter/WKSsf852sf6913.jpg"]},{"from":-110,"to":-109,"title":"YORYM-BE17A1: A coin issued by Republic","image_urls":["https://finds.org.uk/images/law/RB0011.jpg"]},{"from":-110,"to":-109,"title":"RRC 301/1. 1893.5.1","image_urls":["http://numismatics.org/collectionimages/00001899/1893/1893.5.1.rev.width350.jpg"]},{"from":-110,"to":-109,"title":"RRC 300/1. 0000.999.26827","image_urls":["http://numismatics.org/collectionimages/00001899/0000/0000.999.26827.rev.width350.jpg"]},{"from":-110,"to":-109,"title":"RRC 300/1. 1944.100.627","image_urls":["http://numismatics.org/collectionimages/19001949/1944/1944.100.627.rev.width350.jpg"]},{"from":-110,"to":-109,"title":"RRC 300/1. 1944.100.626","image_urls":["http://numismatics.org/collectionimages/19001949/1944/1944.100.626.rev.width350.jpg"]},{"from":-110,"to":-109,"title":"RRC 301/1. 1948.19.40","image_urls":["http://numismatics.org/collectionimages/19001949/1948/1948.19.40.rev.width350.jpg"]},{"from":-110,"to":-109,"title":"RRC 301/1. 1944.100.629","image_urls":["http://numismatics.org/collectionimages/19001949/1944/1944.100.629.rev.width350.jpg"]},{"from":-110,"to":-109,"title":"RRC 300/1. 1896.7.42","image_urls":["http://numismatics.org/collectionimages/00001899/1896/1896.7.42.rev.width350.jpg"]},{"from":-110,"to":-109,"title":"RRC 301/1. 1944.100.628","image_urls":["http://numismatics.org/collectionimages/19001949/1944/1944.100.628.rev.width350.jpg"]},{"from":-110,"to":-109,"title":"RRC 300/1. 1941.131.102","image_urls":["http://numismatics.org/collectionimages/19001949/1941/1941.131.102.rev.width350.jpg"]}]