[{"from":-111,"to":-110,"title":"Denarius of Rome, 111-110 B.C. 2012.92.","image_urls":["http://coins.lib.virginia.edu/images/coins/screen/n14_1989_9_rev.jpg"]},{"from":-111,"to":-110,"title":"HAMP-600204: A coin issued by Republic","image_urls":["https://finds.org.uk/images/khindshamp/HAMP-600204.jpg"]},{"from":-111,"to":-109,"title":"SOMDOR-D7E7A0: A coin issued by Republic","image_urls":["https://finds.org.uk/images/caht/D7E7A0.jpg"]},{"from":-111,"to":-110,"title":"HAMP-70D8F3: A coin issued by Republic","image_urls":["https://finds.org.uk/images/khindshamp/HAMP-70D8F3.jpg"]},{"from":-111,"to":-110,"title":"RRC 299/1a. 1944.100.621","image_urls":["http://numismatics.org/collectionimages/19001949/1944/1944.100.621.rev.width350.jpg"]},{"from":-111,"to":-110,"title":"RRC 299/1b. 1937.158.18","image_urls":["http://numismatics.org/collectionimages/19001949/1937/1937.158.18.rev.width350.jpg"]},{"from":-111,"to":-110,"title":"RRC 299/1a. 1974.26.14","image_urls":["http://numismatics.org/collectionimages/19501999/1974/1974.26.14.rev.width350.jpg"]},{"from":-111,"to":-110,"title":"RRC 299/1b. 1944.100.625","image_urls":["http://numismatics.org/collectionimages/19001949/1944/1944.100.625.rev.width350.jpg"]},{"from":-111,"to":-110,"title":"RRC 299/1a. 1987.79.7","image_urls":["http://numismatics.org/collectionimages/19501999/1987/1987.79.7.rev.width350.jpg"]},{"from":-111,"to":-110,"title":"RRC 299/1b. 1976.999.5","image_urls":["http://numismatics.org/collectionimages/19501999/1976/1976.999.5.rev.width350.jpg"]},{"from":-111,"to":-110,"title":"RRC 299/1a. 1987.26.35","image_urls":["http://numismatics.org/collectionimages/19501999/1987/1987.26.35.rev.width350.jpg"]},{"from":-111,"to":-110,"title":"RRC 299/1a. 1944.100.623","image_urls":["http://numismatics.org/collectionimages/19001949/1944/1944.100.623.rev.width350.jpg"]},{"from":-111,"to":-110,"title":"RRC 299/1b. 1978.64.333","image_urls":["http://numismatics.org/collectionimages/19501999/1978/1978.64.333.rev.width350.jpg"]},{"from":-111,"to":-110,"title":"RRC 299/1a. 1995.11.37","image_urls":["http://numismatics.org/collectionimages/19501999/1995/1995.11.37.rev.width350.jpg"]},{"from":-111,"to":-110,"title":"RRC 299/1a. 1944.100.622","image_urls":["http://numismatics.org/collectionimages/19001949/1944/1944.100.622.rev.width350.jpg"]},{"from":-111,"to":-110,"title":"RRC 299/1a. 1948.19.38","image_urls":["http://numismatics.org/collectionimages/19001949/1948/1948.19.38.rev.width350.jpg"]}]