[{"from":-112,"to":-111,"title":"LVPL-224997: A coin issued by Republic","image_urls":["https://finds.org.uk/images/fmcintosh/republican%20denarius.jpg"]},{"from":-112,"to":-111,"title":"HAMP-ED4162: A coin issued by Republic","image_urls":["https://finds.org.uk/images/rwebley/HAMP-ED4162Republicandenarius.jpg"]},{"from":-112,"to":-111,"title":"RRC 298/1. 1954.203.6","image_urls":["http://numismatics.org/collectionimages/19501999/1954/1954.203.6.rev.width350.jpg"]},{"from":-112,"to":-111,"title":"RRC 296/1c. 1948.19.36","image_urls":["http://numismatics.org/collectionimages/19001949/1948/1948.19.36.rev.width350.jpg"]},{"from":-112,"to":-111,"title":"RRC 297/1b. 1981.165.29","image_urls":["http://numismatics.org/collectionimages/19501999/1981/1981.165.29.rev.width350.jpg"]},{"from":-112,"to":-111,"title":"RRC 296/1f. 1981.165.20","image_urls":["http://numismatics.org/collectionimages/19501999/1981/1981.165.20.rev.width350.jpg"]},{"from":-112,"to":-111,"title":"Silver Denarius of CN.BLASIO CN.F, Rome, 112 BC - 111 BC. 1893.5.27","image_urls":["http://numismatics.org/collectionimages/00001899/1893/1893.5.27.rev.width350.jpg"]},{"from":-112,"to":-111,"title":"Silver Denarius of TI. Q, Rome, 112 BC - 111 BC. 2002.46.92","image_urls":["http://numismatics.org/collectionimages/20002049/2002/2002.46.92.rev.width350.jpg"]},{"from":-112,"to":-111,"title":"Silver Denarius of TI. Q, Rome, 112 BC - 111 BC. 2002.46.93","image_urls":["http://numismatics.org/collectionimages/20002049/2002/2002.46.93.rev.width350.jpg"]},{"from":-112,"to":-111,"title":"RRC 297/1a. 1944.100.618","image_urls":["http://numismatics.org/collectionimages/19001949/1944/1944.100.618.rev.width350.jpg"]},{"from":-112,"to":-111,"title":"RRC 298/1. 1944.100.620","image_urls":["http://numismatics.org/collectionimages/19001949/1944/1944.100.620.rev.width350.jpg"]},{"from":-112,"to":-111,"title":"RRC 296/1e. 1944.100.608","image_urls":["http://numismatics.org/collectionimages/19001949/1944/1944.100.608.rev.width350.jpg"]},{"from":-112,"to":-111,"title":"RRC 296/1f. 1995.11.1848","image_urls":["http://numismatics.org/collectionimages/19501999/1995/1995.11.1848.rev.width350.jpg"]},{"from":-112,"to":-111,"title":"RRC 297/1a. 1944.100.614","image_urls":["http://numismatics.org/collectionimages/19001949/1944/1944.100.614.rev.width350.jpg"]},{"from":-112,"to":-111,"title":"RRC 298/1. 1995.11.38","image_urls":["http://numismatics.org/collectionimages/19501999/1995/1995.11.38.rev.width350.jpg"]},{"from":-112,"to":-111,"title":"RRC 297/1a. 1944.100.615","image_urls":["http://numismatics.org/collectionimages/19001949/1944/1944.100.615.rev.width350.jpg"]},{"from":-112,"to":-111,"title":"RRC 297/1a. 1947.2.28","image_urls":["http://numismatics.org/collectionimages/19001949/1947/1947.2.28.rev.width350.jpg"]},{"from":-112,"to":-111,"title":"RRC 298/1. 1941.131.101","image_urls":["http://numismatics.org/collectionimages/19001949/1941/1941.131.101.rev.width350.jpg"]},{"from":-112,"to":-111,"title":"Silver Denarius of TI. Q, Rome, 112 BC - 111 BC. 2002.46.91","image_urls":["http://numismatics.org/collectionimages/20002049/2002/2002.46.91.rev.width350.jpg"]},{"from":-112,"to":-111,"title":"RRC 298/1. 1944.100.619","image_urls":["http://numismatics.org/collectionimages/19001949/1944/1944.100.619.rev.width350.jpg"]},{"from":-112,"to":-111,"title":"RRC 296/1h. 1944.100.610","image_urls":["http://numismatics.org/collectionimages/19001949/1944/1944.100.610.rev.width350.jpg"]},{"from":-112,"to":-111,"title":"RRC 297/1a. 1944.100.617","image_urls":["http://numismatics.org/collectionimages/19001949/1944/1944.100.617.rev.width350.jpg"]},{"from":-112,"to":-111,"title":"Silver Denarius of TI. Q, Rome, 112 BC - 111 BC. 2002.46.94","image_urls":["http://numismatics.org/collectionimages/20002049/2002/2002.46.94.rev.width350.jpg"]},{"from":-112,"to":-111,"title":"RRC 296/2. 1987.35.10","image_urls":["http://numismatics.org/collectionimages/19501999/1987/1987.35.10.rev.width350.jpg"]},{"from":-112,"to":-111,"title":"RRC 296/1l. 1944.100.611","image_urls":["http://numismatics.org/collectionimages/19001949/1944/1944.100.611.rev.width350.jpg"]},{"from":-112,"to":-111,"title":"RRC 298/1. 1937.158.17","image_urls":["http://numismatics.org/collectionimages/19001949/1937/1937.158.17.rev.width350.jpg"]},{"from":-112,"to":-111,"title":"RRC 296/1e. 1944.100.609","image_urls":["http://numismatics.org/collectionimages/19001949/1944/1944.100.609.rev.width350.jpg"]},{"from":-112,"to":-111,"title":"RRC 296/1c. 1896.7.40","image_urls":["http://numismatics.org/collectionimages/00001899/1896/1896.7.40.rev.width350.jpg"]},{"from":-112,"to":-111,"title":"RRC 296/2. 1995.11.11","image_urls":["http://numismatics.org/collectionimages/19501999/1995/1995.11.11.rev.width350.jpg"]},{"from":-112,"to":-111,"title":"RRC 298/1. 1937.158.15","image_urls":["http://numismatics.org/collectionimages/19001949/1937/1937.158.15.rev.width350.jpg"]},{"from":-112,"to":-111,"title":"RRC 296/1b. 1947.2.27","image_urls":["http://numismatics.org/collectionimages/19001949/1947/1947.2.27.rev.width350.jpg"]},{"from":-112,"to":-111,"title":"RRC 298/1. 1992.41.12","image_urls":["http://numismatics.org/collectionimages/19501999/1992/1992.41.12.rev.width350.jpg"]},{"from":-112,"to":-111,"title":"RRC 296/1j. 1981.165.21","image_urls":["http://numismatics.org/collectionimages/19501999/1981/1981.165.21.rev.width350.jpg"]},{"from":-112,"to":-111,"title":"RRC 297/1a. 1944.100.616","image_urls":["http://numismatics.org/collectionimages/19001949/1944/1944.100.616.rev.width350.jpg"]},{"from":-112,"to":-111,"title":"RRC 296/1e. 1948.19.37","image_urls":["http://numismatics.org/collectionimages/19001949/1948/1948.19.37.rev.width350.jpg"]},{"from":-112,"to":-111,"title":"RRC 297/1a. 1010.1.15","image_urls":["http://numismatics.org/collectionimages/00001899/1010/1010.1.15.rev.width350.jpg"]},{"from":-112,"to":-111,"title":"RRC 298/1. 1937.158.16","image_urls":["http://numismatics.org/collectionimages/19001949/1937/1937.158.16.rev.width350.jpg"]},{"from":-112,"to":-111,"title":"RRC 297/1b. 1990.74.9","image_urls":["http://numismatics.org/collectionimages/19501999/1990/1990.74.9.rev.width350.jpg"]},{"from":-112,"to":-111,"title":"Silver Denarius of TI.Q, Rome, 112 BC - 111 BC. 1944.100.66625","image_urls":["http://numismatics.org/collectionimages/19001949/1944/1944.100.66625.rev.width350.jpg"]},{"from":-112,"to":-111,"title":"RRC 297/1a. 1941.131.1139","image_urls":["http://numismatics.org/collectionimages/19001949/1941/1941.131.1139.rev.width350.jpg"]},{"from":-112,"to":-111,"title":"RRC 297/1a. 1947.2.29","image_urls":["http://numismatics.org/collectionimages/19001949/1947/1947.2.29.rev.width350.jpg"]},{"from":-112,"to":-111,"title":"Silver Denarius of TI. Q, Rome, 112 BC - 111 BC. 2002.46.90","image_urls":["http://numismatics.org/collectionimages/20002049/2002/2002.46.90.rev.width350.jpg"]},{"from":-112,"to":-111,"title":"RRC 296/1c. 1944.100.606","image_urls":["http://numismatics.org/collectionimages/19001949/1944/1944.100.606.rev.width350.jpg"]},{"from":-112,"to":-111,"title":"RRC 296/1d. 1950.103.10","image_urls":["http://numismatics.org/collectionimages/19501999/1950/1950.103.10.rev.width350.jpg"]},{"from":-112,"to":-111,"title":"RRC 296/1j. 1896.7.41","image_urls":["http://numismatics.org/collectionimages/00001899/1896/1896.7.41.rev.width350.jpg"]}]