[{"from":-113,"to":-113,"title":"LEIC-05C062: A coin issued by Republic","image_urls":["https://finds.org.uk/images/wscott/05C062.JPG"]},{"from":-113,"to":-112,"title":"DUR-C6EE55: A coin issued by Republic","image_urls":["https://finds.org.uk/images/frances/DUR-C6EE55_guisborough.jpg"]},{"from":-113,"to":-112,"title":"DENO-C8CDB8: A coin issued by Republic","image_urls":["https://finds.org.uk/images/ratherton/E4357%20denarius%201.jpg"]},{"from":-113,"to":-112,"title":"WMID-E54568: A coin issued by Republic","image_urls":["https://finds.org.uk/images/cjohnson/WMID-E54568.JPG"]},{"from":-113,"to":-112,"title":"HESH-4588D3: A coin with an unrecorded/uncertain issuer.","image_urls":["https://finds.org.uk/images/preavill/HESH-4588D3.jpg"]},{"from":-113,"to":-112,"title":"WMID-A5FB34: A coin with an unrecorded/uncertain issuer.","image_urls":["https://finds.org.uk/images/cjohnson/WMID-A5FB34%20obv.jpg"]},{"from":-113,"to":-112,"title":"DENO-8C6343: A coin issued by Republic","image_urls":["https://finds.org.uk/images/ratherton/E4466%20all.jpg"]},{"from":-113,"to":-112,"title":"RRC 295/1. 1992.41.11","image_urls":["http://numismatics.org/collectionimages/19501999/1992/1992.41.11.rev.width350.jpg"]},{"from":-113,"to":-112,"title":"RRC 292/1. 1937.158.3","image_urls":["http://numismatics.org/collectionimages/19001949/1937/1937.158.3.rev.width350.jpg"]},{"from":-113,"to":-112,"title":"RRC 293/1. 1937.158.6","image_urls":["http://numismatics.org/collectionimages/19001949/1937/1937.158.6.rev.width350.jpg"]},{"from":-113,"to":-112,"title":"RRC 292/1. 1995.11.35","image_urls":["http://numismatics.org/collectionimages/19501999/1995/1995.11.35.rev.width350.jpg"]},{"from":-113,"to":-112,"title":"RRC 294/1. 1937.158.8","image_urls":["http://numismatics.org/collectionimages/19001949/1937/1937.158.8.rev.width350.jpg"]},{"from":-113,"to":-112,"title":"RRC 294/1. 1944.100.603","image_urls":["http://numismatics.org/collectionimages/19001949/1944/1944.100.603.rev.width350.jpg"]},{"from":-113,"to":-112,"title":"RRC 295/1. 1974.26.13","image_urls":["http://numismatics.org/collectionimages/19501999/1974/1974.26.13.rev.width350.jpg"]},{"from":-113,"to":-112,"title":"RRC 292/1. 1937.158.2","image_urls":["http://numismatics.org/collectionimages/19001949/1937/1937.158.2.rev.width350.jpg"]},{"from":-113,"to":-112,"title":"RRC 295/1. 1893.5.26","image_urls":["http://numismatics.org/collectionimages/00001899/1893/1893.5.26.rev.width350.jpg"]},{"from":-113,"to":-112,"title":"RRC 292/1. 1944.100.597","image_urls":["http://numismatics.org/collectionimages/19001949/1944/1944.100.597.rev.width350.jpg"]},{"from":-113,"to":-112,"title":"RRC 293/1. 1944.100.600","image_urls":["http://numismatics.org/collectionimages/19001949/1944/1944.100.600.rev.width350.jpg"]},{"from":-113,"to":-112,"title":"RRC 295/1. 1937.158.9","image_urls":["http://numismatics.org/collectionimages/19001949/1937/1937.158.9.rev.width350.jpg"]},{"from":-113,"to":-112,"title":"RRC 292/1. 1941.131.98","image_urls":["http://numismatics.org/collectionimages/19001949/1941/1941.131.98.rev.width350.jpg"]},{"from":-113,"to":-112,"title":"RRC 295/1. 1948.19.35","image_urls":["http://numismatics.org/collectionimages/19001949/1948/1948.19.35.rev.width350.jpg"]},{"from":-113,"to":-112,"title":"RRC 293/1. 1992.41.10","image_urls":["http://numismatics.org/collectionimages/19501999/1992/1992.41.10.rev.width350.jpg"]},{"from":-113,"to":-112,"title":"RRC 294/1. 1937.158.7","image_urls":["http://numismatics.org/collectionimages/19001949/1937/1937.158.7.rev.width350.jpg"]},{"from":-113,"to":-112,"title":"RRC 294/1. 1941.131.100","image_urls":["http://numismatics.org/collectionimages/19001949/1941/1941.131.100.rev.width350.jpg"]},{"from":-113,"to":-112,"title":"RRC 294/1. 1944.100.602","image_urls":["http://numismatics.org/collectionimages/19001949/1944/1944.100.602.rev.width350.jpg"]},{"from":-113,"to":-112,"title":"RRC 295/1. 1944.100.605","image_urls":["http://numismatics.org/collectionimages/19001949/1944/1944.100.605.rev.width350.jpg"]},{"from":-113,"to":-112,"title":"RRC 292/1. 1944.100.598","image_urls":["http://numismatics.org/collectionimages/19001949/1944/1944.100.598.rev.width350.jpg"]},{"from":-113,"to":-112,"title":"RRC 293/1. 1937.158.5","image_urls":["http://numismatics.org/collectionimages/19001949/1937/1937.158.5.rev.width350.jpg"]},{"from":-113,"to":-112,"title":"RRC 292/1. 1944.100.599","image_urls":["http://numismatics.org/collectionimages/19001949/1944/1944.100.599.rev.width350.jpg"]},{"from":-113,"to":-112,"title":"RRC 293/1. 1937.158.4","image_urls":["http://numismatics.org/collectionimages/19001949/1937/1937.158.4.rev.width350.jpg"]},{"from":-113,"to":-112,"title":"RRC 293/1. 1944.100.601","image_urls":["http://numismatics.org/collectionimages/19001949/1944/1944.100.601.rev.width350.jpg"]},{"from":-113,"to":-112,"title":"RRC 295/1. 1944.100.604","image_urls":["http://numismatics.org/collectionimages/19001949/1944/1944.100.604.rev.width350.jpg"]},{"from":-113,"to":-112,"title":"RRC 294/1. 1896.7.38","image_urls":["http://numismatics.org/collectionimages/00001899/1896/1896.7.38.rev.width350.jpg"]},{"from":-113,"to":-112,"title":"RRC 293/1. 1944.100.66529","image_urls":["http://numismatics.org/collectionimages/19001949/1944/1944.100.66529.rev.width350.jpg"]},{"from":-113,"to":-112,"title":"RRC 293/1. 1941.131.99","image_urls":["http://numismatics.org/collectionimages/19001949/1941/1941.131.99.rev.width350.jpg"]}]