[{"from":-114,"to":-113,"title":"HAMP-EA4B73: A coin issued by Republic","image_urls":["https://finds.org.uk/images/rwebley/HAMP-EA4B73Republicandenarius.jpg"]},{"from":-114,"to":-113,"title":"WMID-53D814Z: A coin issued by Republic","image_urls":["https://finds.org.uk/images/tgilmore/wmid-53d814.jpg"]},{"from":-114,"to":-113,"title":"NARC-29FA52: A coin issued by Republic","image_urls":["https://finds.org.uk/images/tbrindle/NARC-29FA52denariusobv.jpg"]},{"from":-114,"to":-113,"title":"RRC 291/1. 1896.7.37","image_urls":["http://numismatics.org/collectionimages/00001899/1896/1896.7.37.rev.width350.jpg"]},{"from":-114,"to":-113,"title":"RRC 290/1. 1947.2.25","image_urls":["http://numismatics.org/collectionimages/19001949/1947/1947.2.25.rev.width350.jpg"]},{"from":-114,"to":-113,"title":"RRC 291/1. 1987.26.30","image_urls":["http://numismatics.org/collectionimages/19501999/1987/1987.26.30.rev.width350.jpg"]},{"from":-114,"to":-113,"title":"RRC 291/1. 1966.286.2","image_urls":["http://numismatics.org/collectionimages/19501999/1966/1966.286.2.rev.width350.jpg"]},{"from":-114,"to":-113,"title":"RRC 290/1. 1937.158.650","image_urls":["http://numismatics.org/collectionimages/19001949/1937/1937.158.650.rev.width350.jpg"]},{"from":-114,"to":-113,"title":"RRC 290/1. 1954.18.29","image_urls":["http://numismatics.org/collectionimages/19501999/1954/1954.18.29.rev.width350.jpg"]},{"from":-114,"to":-113,"title":"RRC 291/1. 1992.1.2","image_urls":["http://numismatics.org/collectionimages/19501999/1992/1992.1.2.rev.width350.jpg"]},{"from":-114,"to":-113,"title":"RRC 291/1. 1010.1.14","image_urls":["http://numismatics.org/collectionimages/00001899/1010/1010.1.14.rev.width350.jpg"]},{"from":-114,"to":-95,"title":"Silver Tetradrachm, Antioch, 114 BC - 95 BC. 1923.150.370","image_urls":["http://numismatics.org/collectionimages/19001949/1923/1923.150.370.rev.width350.jpg"]},{"from":-114,"to":-113,"title":"RRC 291/1. 1944.100.596","image_urls":["http://numismatics.org/collectionimages/19001949/1944/1944.100.596.rev.width350.jpg"]},{"from":-114,"to":-113,"title":"RRC 290/1. 1944.100.584","image_urls":["http://numismatics.org/collectionimages/19001949/1944/1944.100.584.rev.width350.jpg"]},{"from":-114,"to":-113,"title":"RRC 290/1. 2002.46.89","image_urls":["http://numismatics.org/collectionimages/20002049/2002/2002.46.89.rev.width350.jpg"]},{"from":-114,"to":-113,"title":"RRC 291/1. 1893.5.13","image_urls":["http://numismatics.org/collectionimages/00001899/1893/1893.5.13.rev.width350.jpg"]},{"from":-114,"to":-113,"title":"RRC 290/1. 1941.131.94","image_urls":["http://numismatics.org/collectionimages/19001949/1941/1941.131.94.rev.width350.jpg"]},{"from":-114,"to":-113,"title":"RRC 290/1. 1941.131.95","image_urls":["http://numismatics.org/collectionimages/19001949/1941/1941.131.95.rev.width350.jpg"]},{"from":-114,"to":-113,"title":"RRC 290/1. 1948.19.32","image_urls":["http://numismatics.org/collectionimages/19001949/1948/1948.19.32.rev.width350.jpg"]},{"from":-114,"to":-113,"title":"RRC 291/1. 1941.131.97","image_urls":["http://numismatics.org/collectionimages/19001949/1941/1941.131.97.rev.width350.jpg"]},{"from":-114,"to":-113,"title":"RRC 290/1. 2002.46.88","image_urls":["http://numismatics.org/collectionimages/20002049/2002/2002.46.88.rev.width350.jpg"]},{"from":-114,"to":-113,"title":"RRC 290/1. 1905.999.5","image_urls":["http://numismatics.org/collectionimages/19001949/1905/1905.999.5.rev.width350.jpg"]},{"from":-114,"to":-113,"title":"RRC 290/1. 1944.100.595","image_urls":["http://numismatics.org/collectionimages/19001949/1944/1944.100.595.rev.width350.jpg"]},{"from":-114,"to":-113,"title":"RRC 291/1. 1927.999.27","image_urls":["http://numismatics.org/collectionimages/19001949/1927/1927.999.27.rev.width350.jpg"]},{"from":-114,"to":-95,"title":"Silver Tetradrachm, Antioch, 114 BC - 95 BC. 1977.158.714","image_urls":["http://numismatics.org/collectionimages/19501999/1977/1977.158.714.rev.width350.jpg"]},{"from":-114,"to":-113,"title":"RRC 290/1. 1992.41.8","image_urls":["http://numismatics.org/collectionimages/19501999/1992/1992.41.8.rev.width350.jpg"]},{"from":-114,"to":-113,"title":"RRC 290/1. 0000.999.247","image_urls":["http://numismatics.org/collectionimages/00001899/0000/0000.999.247.rev.width350.jpg"]},{"from":-114,"to":-113,"title":"RRC 291/1. 1944.100.3323","image_urls":["http://numismatics.org/collectionimages/19001949/1944/1944.100.3323.rev.width350.jpg"]},{"from":-114,"to":-113,"title":"RRC 290/1. 1944.100.585","image_urls":["http://numismatics.org/collectionimages/19001949/1944/1944.100.585.rev.width350.jpg"]},{"from":-114,"to":-113,"title":"RRC 291/1. 1944.100.66502","image_urls":["http://numismatics.org/collectionimages/19001949/1944/1944.100.66502.rev.width350.jpg"]},{"from":-114,"to":-113,"title":"RRC 290/1. 1944.100.594","image_urls":["http://numismatics.org/collectionimages/19001949/1944/1944.100.594.rev.width350.jpg"]},{"from":-114,"to":-113,"title":"RRC 291/1. 1992.41.9","image_urls":["http://numismatics.org/collectionimages/19501999/1992/1992.41.9.rev.width350.jpg"]},{"from":-114,"to":-113,"title":"RRC 290/1. 1947.2.26","image_urls":["http://numismatics.org/collectionimages/19001949/1947/1947.2.26.rev.width350.jpg"]},{"from":-114,"to":-113,"title":"RRC 291/1. 1937.158.1","image_urls":["http://numismatics.org/collectionimages/19001949/1937/1937.158.1.rev.width350.jpg"]},{"from":-114,"to":-113,"title":"RRC 290/1. 1994.58.2","image_urls":["http://numismatics.org/collectionimages/19501999/1994/1994.58.2.rev.width350.jpg"]},{"from":-114,"to":-113,"title":"RRC 290/1. 1986.161.6","image_urls":["http://numismatics.org/collectionimages/19501999/1986/1986.161.6.rev.width350.jpg"]},{"from":-114,"to":-113,"title":"RRC 290/1. 1941.131.96","image_urls":["http://numismatics.org/collectionimages/19001949/1941/1941.131.96.rev.width350.jpg"]},{"from":-114,"to":-113,"title":"RRC 290/1. 0000.999.321","image_urls":["http://numismatics.org/collectionimages/00001899/0000/0000.999.321.rev.width350.jpg"]}]