[{"from":-115,"to":-114,"title":"SF-B1034D: A coin issued by Republic","image_urls":["https://finds.org.uk/images/gstewart/TNN_SF-B1034D.jpg"]},{"from":-115,"to":-114,"title":"LEIC-98B965: A coin issued by Republic","image_urls":["https://finds.org.uk/images/wscott/98B965%20.JPG"]},{"from":-115,"to":-114,"title":"SUSS-5070F4: A coin issued by Republic","image_urls":["https://finds.org.uk/images/lwilson/1-186w.jpg"]},{"from":-115,"to":-114,"title":"NMS-3DBCD0: A coin with an unrecorded/uncertain issuer.","image_urls":["https://finds.org.uk/images/nbales/3DBCD0.jpg"]},{"from":-115,"to":-114,"title":"SUR-FABAB3: A coin issued by Republic","image_urls":["https://finds.org.uk/images/dwilliams/03.84a.jpg"]},{"from":-115,"to":-114,"title":"BH-6C5762: A coin issued by Republic","image_urls":["https://finds.org.uk/images/jwatters/Roman_coin_12_103_6.jpg"]},{"from":-115,"to":-114,"title":"SUR-6B6D63: A coin issued by Republic","image_urls":["https://finds.org.uk/images/dwilliams/07.369.JPG"]},{"from":-115,"to":-114,"title":"RRC 289/1. 1941.131.93","image_urls":["http://numismatics.org/collectionimages/19001949/1941/1941.131.93.rev.width350.jpg"]},{"from":-115,"to":-114,"title":"RRC 287/1. 1978.64.331","image_urls":["http://numismatics.org/collectionimages/19501999/1978/1978.64.331.rev.width350.jpg"]},{"from":-115,"to":-114,"title":"RRC 287/1. 1944.100.581","image_urls":["http://numismatics.org/collectionimages/19001949/1944/1944.100.581.rev.width350.jpg"]},{"from":-115,"to":-114,"title":"RRC 289/1. 1944.100.582","image_urls":["http://numismatics.org/collectionimages/19001949/1944/1944.100.582.rev.width350.jpg"]},{"from":-115,"to":-114,"title":"RRC 289/1. 1973.999.3","image_urls":["http://numismatics.org/collectionimages/19501999/1973/1973.999.3.rev.width350.jpg"]},{"from":-115,"to":-114,"title":"RRC 287/1. 1948.19.29","image_urls":["http://numismatics.org/collectionimages/19001949/1948/1948.19.29.rev.width350.jpg"]},{"from":-115,"to":-114,"title":"Bronze quadrans, Rome, 115 BC - 114 BC. 2011.78.11","image_urls":["http://numismatics.org/collectionimages/20002049/2011/2011.78.11.rev.width350.jpg"]},{"from":-115,"to":-114,"title":"RRC 289/1. 1987.26.29","image_urls":["http://numismatics.org/collectionimages/19501999/1987/1987.26.29.rev.width350.jpg"]},{"from":-115,"to":-114,"title":"RRC 289/1. 1896.7.36","image_urls":["http://numismatics.org/collectionimages/00001899/1896/1896.7.36.rev.width350.jpg"]},{"from":-115,"to":-114,"title":"RRC 287/1. 1944.100.580","image_urls":["http://numismatics.org/collectionimages/19001949/1944/1944.100.580.rev.width350.jpg"]},{"from":-115,"to":-114,"title":"RRC 287/1. 1937.158.624","image_urls":["http://numismatics.org/collectionimages/19001949/1937/1937.158.624.rev.width350.jpg"]},{"from":-115,"to":-114,"title":"RRC 287/1. 1987.26.24","image_urls":["http://numismatics.org/collectionimages/19501999/1987/1987.26.24.rev.width350.jpg"]},{"from":-115,"to":-114,"title":"RRC 289/1. 1950.103.9","image_urls":["http://numismatics.org/collectionimages/19501999/1950/1950.103.9.rev.width350.jpg"]},{"from":-115,"to":-114,"title":"RRC 289/1. 1990.3.46","image_urls":["http://numismatics.org/collectionimages/19501999/1990/1990.3.46.rev.width350.jpg"]},{"from":-115,"to":-114,"title":"RRC 289/1. 1966.286.1","image_urls":["http://numismatics.org/collectionimages/19501999/1966/1966.286.1.rev.width350.jpg"]},{"from":-115,"to":-114,"title":"RRC 289/1. 1944.100.583","image_urls":["http://numismatics.org/collectionimages/19001949/1944/1944.100.583.rev.width350.jpg"]},{"from":-115,"to":-114,"title":"RRC 289/1. 0000.999.216","image_urls":["http://numismatics.org/collectionimages/00001899/0000/0000.999.216.rev.width350.jpg"]}]