[{"from":-116,"to":-115,"title":"Denarius of M Sergius Silus, Rome, 116 B.C.-115 B.C. 1989.19.5.","image_urls":["http://coins.lib.virginia.edu/images/coins/screen/n1989_19_5_rev.jpg"]},{"from":-116,"to":-115,"title":"LIN-B8CA54: A coin issued by Republic","image_urls":["https://finds.org.uk/images/adaubney/LIN5462.JPG"]},{"from":-116,"to":-115,"title":"WAW-A78808: A coin issued by Republic","image_urls":["https://finds.org.uk/images/abolton/WAW-A78808.jpg"]},{"from":-116,"to":-115,"title":"IOW-D94891: A coin issued by Republic","image_urls":["https://finds.org.uk/images/fbasford/IOW2005-123-13.JPG"]},{"from":-116,"to":-115,"title":"DENO-3E51B4: A coin issued by Republic","image_urls":["https://finds.org.uk/images/ratherton/E4539%20rep%20den%20horse.jpg"]},{"from":-116,"to":-115,"title":"SUSS-C25CB3: A coin issued by Republic","image_urls":["https://finds.org.uk/images/lwilson/1-37%20j.jpg"]},{"from":-116,"to":-116,"title":"NMGW-FA34B1: A coin issued by Republic","image_urls":["https://finds.org.uk/images/mlodwick/DSCN1756.JPG"]},{"from":-116,"to":-115,"title":"SUSS-B190B1: A coin issued by Republic","image_urls":["https://finds.org.uk/images/stephaniesmith/SUSS-B190B1RomanRepublicanDenarius.jpg"]},{"from":-116,"to":-115,"title":"RRC 285/2. 1899.999.9","image_urls":["http://numismatics.org/collectionimages/00001899/1899/1899.999.9.rev.width350.jpg"]},{"from":-116,"to":-115,"title":"RRC 286/1. 1944.100.579","image_urls":["http://numismatics.org/collectionimages/19001949/1944/1944.100.579.rev.width350.jpg"]},{"from":-116,"to":-115,"title":"RRC 285/1. 2002.46.87","image_urls":["http://numismatics.org/collectionimages/20002049/2002/2002.46.87.rev.width350.jpg"]},{"from":-116,"to":-115,"title":"RRC 285/2. 1010.1.13","image_urls":["http://numismatics.org/collectionimages/00001899/1010/1010.1.13.rev.width350.jpg"]},{"from":-116,"to":-115,"title":"RRC 286/1. 1941.131.92","image_urls":["http://numismatics.org/collectionimages/19001949/1941/1941.131.92.rev.width350.jpg"]},{"from":-116,"to":-115,"title":"RRC 285/2. 1944.100.576","image_urls":["http://numismatics.org/collectionimages/19001949/1944/1944.100.576.rev.width350.jpg"]},{"from":-116,"to":-115,"title":"RRC 285/2. 1987.26.27","image_urls":["http://numismatics.org/collectionimages/19501999/1987/1987.26.27.rev.width350.jpg"]},{"from":-116,"to":-115,"title":"RRC 286/1. 0000.999.214","image_urls":["http://numismatics.org/collectionimages/00001899/0000/0000.999.214.rev.width350.jpg"]},{"from":-116,"to":-115,"title":"RRC 285/2. 1944.100.66503","image_urls":["http://numismatics.org/collectionimages/19001949/1944/1944.100.66503.rev.width350.jpg"]},{"from":-116,"to":-115,"title":"RRC 286/1. 1992.41.7","image_urls":["http://numismatics.org/collectionimages/19501999/1992/1992.41.7.rev.width350.jpg"]},{"from":-116,"to":-115,"title":"RRC 285/2. 1893.5.16","image_urls":["http://numismatics.org/collectionimages/00001899/1893/1893.5.16.rev.width350.jpg"]},{"from":-116,"to":-115,"title":"RRC 285/1. 1944.100.574","image_urls":["http://numismatics.org/collectionimages/19001949/1944/1944.100.574.rev.width350.jpg"]},{"from":-116,"to":-115,"title":"RRC 286/1. 1948.19.26","image_urls":["http://numismatics.org/collectionimages/19001949/1948/1948.19.26.rev.width350.jpg"]},{"from":-116,"to":-115,"title":"RRC 286/1. 1952.53.1","image_urls":["http://numismatics.org/collectionimages/19501999/1952/1952.53.1.rev.width350.jpg"]},{"from":-116,"to":-115,"title":"RRC 286/1. 1937.158.623","image_urls":["http://numismatics.org/collectionimages/19001949/1937/1937.158.623.rev.width350.jpg"]},{"from":-116,"to":-115,"title":"RRC 285/1. 1947.2.24","image_urls":["http://numismatics.org/collectionimages/19001949/1947/1947.2.24.rev.width350.jpg"]},{"from":-116,"to":-115,"title":"RRC 285/1. 1987.26.26","image_urls":["http://numismatics.org/collectionimages/19501999/1987/1987.26.26.rev.width350.jpg"]},{"from":-116,"to":-115,"title":"RRC 285/2. 1950.103.8","image_urls":["http://numismatics.org/collectionimages/19501999/1950/1950.103.8.rev.width350.jpg"]},{"from":-116,"to":-115,"title":"RRC 286/1. 1944.100.578","image_urls":["http://numismatics.org/collectionimages/19001949/1944/1944.100.578.rev.width350.jpg"]},{"from":-116,"to":-115,"title":"RRC 285/2. 1944.100.66504","image_urls":["http://numismatics.org/collectionimages/19001949/1944/1944.100.66504.rev.width350.jpg"]},{"from":-116,"to":-115,"title":"RRC 285/1. 1948.19.2095","image_urls":["http://numismatics.org/collectionimages/19001949/1948/1948.19.2095.rev.width350.jpg"]},{"from":-116,"to":-115,"title":"Silver Didrachm, Ptolemais-Ake, 116 BC - 115 BC. 1944.100.77894","image_urls":["http://numismatics.org/collectionimages/19001949/1944/1944.100.77894.rev.width350.jpg"]},{"from":-116,"to":-115,"title":"RRC 285/2. 1944.100.575","image_urls":["http://numismatics.org/collectionimages/19001949/1944/1944.100.575.rev.width350.jpg"]}]