[{"from":-117,"to":-116,"title":"SF-034BD4: A coin issued by Republic","image_urls":["https://finds.org.uk/images/jcarr/CLY%20SF-034BD4.jpg"]},{"from":-117,"to":-116,"title":"IOW-CF4600: A coin issued by Republic","image_urls":["https://finds.org.uk/images/fbasford/IOW2009-1-390.JPG"]},{"from":-117,"to":-116,"title":"HESH-5ED474: A coin issued by Republic","image_urls":["https://finds.org.uk/images/preavill/HESH-5ED474.jpg"]},{"from":-117,"to":-116,"title":"HAMP-8E72C5: A coin issued by Republic","image_urls":["https://finds.org.uk/images/khindshamp/HAMP-8E72C5.jpg"]},{"from":-117,"to":-116,"title":"SUSS-0E9437: A coin issued by Republic","image_urls":["https://finds.org.uk/images/lwilson/Silver%20Republican%20%28obverse%29.jpg"]},{"from":-117,"to":-116,"title":"LEIC-6D2BE1: A coin issued by Republic","image_urls":["https://finds.org.uk/images/wscott/LEIC-6D2BE1.JPG"]},{"from":-117,"to":-116,"title":"WILT-E02E22: A coin issued by Republic","image_urls":["https://finds.org.uk/images/khinds/stone0306denarius.jpg"]},{"from":-117,"to":-116,"title":"WMID-D2E251: A coin issued by Republic","image_urls":["https://finds.org.uk/images/cjohnson/WMID-D2E251.JPG"]},{"from":-117,"to":-116,"title":"SWYOR-1DCFF5: A coin issued by Republic","image_urls":["https://finds.org.uk/images/acooper/PAS%20roman%20coin%203.jpg"]},{"from":-117,"to":-116,"title":"IOW-E54B37: A coin issued by Republic","image_urls":["https://finds.org.uk/images/fbasford/IOW2010-1-710.JPG"]},{"from":-117,"to":-116,"title":"HAMP1576: A coin issued by Republic","image_urls":["https://finds.org.uk/images/sworrell/Hamp%201576b.jpg"]},{"from":-117,"to":-116,"title":"RRC 284/1a. 1978.64.329","image_urls":["http://numismatics.org/collectionimages/19501999/1978/1978.64.329.rev.width350.jpg"]},{"from":-117,"to":-116,"title":"RRC 284/1b. 1944.100.572","image_urls":["http://numismatics.org/collectionimages/19001949/1944/1944.100.572.rev.width350.jpg"]},{"from":-117,"to":-116,"title":"RRC 284/1a. 1944.100.571","image_urls":["http://numismatics.org/collectionimages/19001949/1944/1944.100.571.rev.width350.jpg"]},{"from":-117,"to":-116,"title":"RRC 284/1a. 1995.11.17","image_urls":["http://numismatics.org/collectionimages/19501999/1995/1995.11.17.rev.width350.jpg"]},{"from":-117,"to":-116,"title":"RRC 284/1a. 1896.7.34","image_urls":["http://numismatics.org/collectionimages/00001899/1896/1896.7.34.rev.width350.jpg"]},{"from":-117,"to":-116,"title":"RRC 284/1b. 1896.7.35","image_urls":["http://numismatics.org/collectionimages/00001899/1896/1896.7.35.rev.width350.jpg"]},{"from":-117,"to":-116,"title":"RRC 284/1a. 1948.19.25","image_urls":["http://numismatics.org/collectionimages/19001949/1948/1948.19.25.rev.width350.jpg"]},{"from":-117,"to":-116,"title":"RRC 284/1b. 1947.2.23","image_urls":["http://numismatics.org/collectionimages/19001949/1947/1947.2.23.rev.width350.jpg"]},{"from":-117,"to":-116,"title":"RRC 284/1b. 1944.100.573","image_urls":["http://numismatics.org/collectionimages/19001949/1944/1944.100.573.rev.width350.jpg"]}]