[{"from":-118,"to":-117,"title":"FASAM-CEE6B3: A coin issued by Republic","image_urls":["https://finds.org.uk/images/sam/Ipplepen%20J%2010%20Roman%20Republican%20Denarius%20117-116%20BC.jpg"]},{"from":-118,"to":-117,"title":"LIN-B87D06: A coin issued by Republic","image_urls":["https://finds.org.uk/images/adaubney/LIN5461.JPG"]},{"from":-118,"to":116,"title":"HAMP-40E637: A coin issued by Republic","image_urls":["https://finds.org.uk/images/ellysg1/HAMP-40E637Denarius.jpg"]},{"from":-118,"to":-117,"title":"HAMP-198AE3: A coin issued by Republic","image_urls":["https://finds.org.uk/images/khindshamp/HAMP-198AE3.jpg"]},{"from":-118,"to":-107,"title":"RRC 309/1. 1944.100.648","image_urls":["http://numismatics.org/collectionimages/19001949/1944/1944.100.648.rev.width350.jpg"]},{"from":-118,"to":-63,"title":"Bronze Coin, Sinope, 118 BC - 63 BC. 1944.100.41855","image_urls":["http://numismatics.org/collectionimages/19001949/1944/1944.100.41855.rev.width350.jpg"]},{"from":-118,"to":-63,"title":"Bronze Coin, Sinope, 118 BC - 63 BC. 1974.140.75","image_urls":["http://numismatics.org/collectionimages/19501999/1974/1974.140.75.rev.width350.jpg"]},{"from":-118,"to":-63,"title":"Bronze Coin, Sinope, 118 BC - 63 BC. 1944.100.41863","image_urls":["http://numismatics.org/collectionimages/19001949/1944/1944.100.41863.rev.width350.jpg"]},{"from":-118,"to":-63,"title":"Bronze Coin, Sinope, 118 BC - 63 BC. 1944.100.41857","image_urls":["http://numismatics.org/collectionimages/19001949/1944/1944.100.41857.rev.width350.jpg"]},{"from":-118,"to":-63,"title":"Bronze Coin, Sinope, 118 BC - 63 BC. 1944.100.41861","image_urls":["http://numismatics.org/collectionimages/19001949/1944/1944.100.41861.rev.width350.jpg"]},{"from":-118,"to":-63,"title":"Bronze Coin, Sinope, 118 BC - 63 BC. 1944.100.41849","image_urls":["http://numismatics.org/collectionimages/19001949/1944/1944.100.41849.rev.width350.jpg"]},{"from":-118,"to":-63,"title":"Bronze Coin, Sinope, 118 BC - 63 BC. 1944.100.41866","image_urls":["http://numismatics.org/collectionimages/19001949/1944/1944.100.41866.rev.width350.jpg"]},{"from":-118,"to":-63,"title":"Bronze Coin, Sinope, 118 BC - 63 BC. 1944.100.41864","image_urls":["http://numismatics.org/collectionimages/19001949/1944/1944.100.41864.rev.width350.jpg"]},{"from":-118,"to":-63,"title":"Bronze Coin, Sinope, 118 BC - 63 BC. 0000.999.18085","image_urls":["http://numismatics.org/collectionimages/00001899/0000/0000.999.18085.rev.width350.jpg"]},{"from":-118,"to":-63,"title":"Bronze Coin, Sinope, 118 BC - 63 BC. 1944.100.41870","image_urls":["http://numismatics.org/collectionimages/19001949/1944/1944.100.41870.rev.width350.jpg"]},{"from":-118,"to":-63,"title":"Bronze Coin, Sinope, 118 BC - 63 BC. 1958.206.66","image_urls":["http://numismatics.org/collectionimages/19501999/1958/1958.206.66.rev.width350.jpg"]},{"from":-118,"to":-63,"title":"Bronze Coin, Sinope, 118 BC - 63 BC. 1944.100.41858","image_urls":["http://numismatics.org/collectionimages/19001949/1944/1944.100.41858.rev.width350.jpg"]},{"from":-118,"to":-117,"title":"RRC 283/1b. 1944.100.569","image_urls":["http://numismatics.org/collectionimages/19001949/1944/1944.100.569.rev.width350.jpg"]},{"from":-118,"to":-63,"title":"Bronze Coin, Sinope, 118 BC - 63 BC. 1970.142.266","image_urls":["http://numismatics.org/collectionimages/19501999/1970/1970.142.266.rev.width350.jpg"]},{"from":-118,"to":-63,"title":"Bronze Coin, Sinope, 118 BC - 63 BC. 1944.100.41862","image_urls":["http://numismatics.org/collectionimages/19001949/1944/1944.100.41862.rev.width350.jpg"]},{"from":-118,"to":-63,"title":"Bronze Coin, Sinope, 118 BC - 63 BC. 1944.100.41856","image_urls":["http://numismatics.org/collectionimages/19001949/1944/1944.100.41856.rev.width350.jpg"]},{"from":-118,"to":-63,"title":"Bronze Coin, Sinope, 118 BC - 63 BC. 1944.100.41851","image_urls":["http://numismatics.org/collectionimages/19001949/1944/1944.100.41851.rev.width350.jpg"]},{"from":-118,"to":-63,"title":"Bronze Coin, Sinope, 118 BC - 63 BC. 1944.100.41860","image_urls":["http://numismatics.org/collectionimages/19001949/1944/1944.100.41860.rev.width350.jpg"]},{"from":-118,"to":-107,"title":"RRC 309/1. 1995.11.1853","image_urls":["http://numismatics.org/collectionimages/19501999/1995/1995.11.1853.rev.width350.jpg"]},{"from":-118,"to":-63,"title":"Bronze Coin, Sinope, 118 BC - 63 BC. 1944.100.41848","image_urls":["http://numismatics.org/collectionimages/19001949/1944/1944.100.41848.rev.width350.jpg"]},{"from":-118,"to":-63,"title":"Bronze Coin, Sinope, 118 BC - 63 BC. 1965.168.9","image_urls":["http://numismatics.org/collectionimages/19501999/1965/1965.168.9.rev.width350.jpg"]},{"from":-118,"to":-63,"title":"Bronze Coin, Sinope, 118 BC - 63 BC. 1970.142.264","image_urls":["http://numismatics.org/collectionimages/19501999/1970/1970.142.264.rev.width350.jpg"]},{"from":-118,"to":-63,"title":"Bronze Coin, Sinope, 118 BC - 63 BC. 1944.100.41869","image_urls":["http://numismatics.org/collectionimages/19001949/1944/1944.100.41869.rev.width350.jpg"]},{"from":-118,"to":-63,"title":"Bronze Coin, Sinope, 118 BC - 63 BC. 1940.77.100","image_urls":["http://numismatics.org/collectionimages/19001949/1940/1940.77.100.rev.width350.jpg"]},{"from":-118,"to":-107,"title":"RRC 309/1. 2002.46.108","image_urls":["http://numismatics.org/collectionimages/20002049/2002/2002.46.108.rev.width350.jpg"]},{"from":-118,"to":-107,"title":"RRC 310/1. 1944.100.649","image_urls":["http://numismatics.org/collectionimages/19001949/1944/1944.100.649.rev.width350.jpg"]},{"from":-118,"to":-63,"title":"Bronze Coin, Sinope, 118 BC - 63 BC. 1944.100.41865","image_urls":["http://numismatics.org/collectionimages/19001949/1944/1944.100.41865.rev.width350.jpg"]},{"from":-118,"to":-63,"title":"Bronze Coin, Sinope, 118 BC - 63 BC. 1944.100.41859","image_urls":["http://numismatics.org/collectionimages/19001949/1944/1944.100.41859.rev.width350.jpg"]},{"from":-118,"to":-63,"title":"Bronze Coin, Sinope, 118 BC - 63 BC. 1944.100.41850","image_urls":["http://numismatics.org/collectionimages/19001949/1944/1944.100.41850.rev.width350.jpg"]},{"from":-118,"to":-63,"title":"Bronze Coin, Sinope, 118 BC - 63 BC. 1944.100.41867","image_urls":["http://numismatics.org/collectionimages/19001949/1944/1944.100.41867.rev.width350.jpg"]},{"from":-118,"to":-117,"title":"RRC 283/1b. 1944.100.570","image_urls":["http://numismatics.org/collectionimages/19001949/1944/1944.100.570.rev.width350.jpg"]}]