[{"from":-120,"to":-120,"title":"WILT-C12318: A coin issued by Republic","image_urls":["https://finds.org.uk/images/khinds/Norgan0807republican.jpg"]},{"from":-120,"to":-120,"title":"YORYM-0BF4C7: A coin issued by Republic","image_urls":["https://finds.org.uk/images/bmorris/SW0001.jpg"]},{"from":-120,"to":-120,"title":"SUSS-6C0432: A coin issued by Republic","image_urls":["https://finds.org.uk/images/lburnett/SUSS-6C0432.jpg"]},{"from":-120,"to":-120,"title":"HAMP-7D2DC2: A coin issued by Republic","image_urls":["https://finds.org.uk/images/rwebley/HAMP-7D2DC2Republicandenarius.jpg"]},{"from":-120,"to":-120,"title":"SWYOR-ACBE35: A coin issued by Republic","image_urls":["https://finds.org.uk/images/acooper/PAS_2121_coin.jpg"]},{"from":-120,"to":-119,"title":"Silver Tetradrachm, Ptolemais-Ake, 120 BC - 119 BC. 1944.100.77896","image_urls":["http://numismatics.org/collectionimages/19001949/1944/1944.100.77896.rev.width350.jpg"]}]