[{"from":-121,"to":-121,"title":"WMID-DEAA21: A coin issued by Republic","image_urls":["https://finds.org.uk/images/cjohnson/G%20Brendel%20-%20roman%20republican%201.jpg"]},{"from":-121,"to":-121,"title":"DOR-CF7C65: A coin issued by Republic","image_urls":["https://finds.org.uk/images/caht/CF7C65.jpg"]},{"from":-121,"to":-96,"title":"Silver Tetradrachm, Ptolemais-Ake, 121 BC - 96 BC. 1944.100.77903","image_urls":["http://numismatics.org/collectionimages/19001949/1944/1944.100.77903.rev.width350.jpg"]},{"from":-121,"to":-96,"title":"Silver Tetradrachm, Ptolemais-Ake, 121 BC - 96 BC. 1944.100.77912","image_urls":["http://numismatics.org/collectionimages/19001949/1944/1944.100.77912.rev.width350.jpg"]},{"from":-121,"to":-96,"title":"Silver Tetradrachm, Ptolemais-Ake, 121 BC - 96 BC. 1923.999.291","image_urls":["http://numismatics.org/collectionimages/19001949/1923/1923.999.291.rev.width350.jpg"]},{"from":-121,"to":-96,"title":"Silver Tetradrachm, Ptolemais-Ake, 121 BC - 96 BC. 1944.100.77914","image_urls":["http://numismatics.org/collectionimages/19001949/1944/1944.100.77914.rev.width350.jpg"]},{"from":-121,"to":-96,"title":"Silver Tetradrachm, Antioch, 121 BC - 96 BC. 1977.158.706","image_urls":["http://numismatics.org/collectionimages/19501999/1977/1977.158.706.rev.width350.jpg"]},{"from":-121,"to":-120,"title":"Silver Tetradrachm, Ptolemais-Ake, 121 BC - 120 BC. 1948.19.2452","image_urls":["http://numismatics.org/collectionimages/19001949/1948/1948.19.2452.rev.width350.jpg"]},{"from":-121,"to":-96,"title":"Silver Tetradrachm, Ptolemais-Ake, 121 BC - 96 BC. 1944.100.77899","image_urls":["http://numismatics.org/collectionimages/19001949/1944/1944.100.77899.rev.width350.jpg"]},{"from":-121,"to":-96,"title":"Silver Tetradrachm, Ptolemais-Ake, 121 BC - 96 BC. 1923.999.292","image_urls":["http://numismatics.org/collectionimages/19001949/1923/1923.999.292.rev.width350.jpg"]},{"from":-121,"to":-120,"title":"Silver Tetradrachm, Ptolemais-Ake, 121 BC - 120 BC. 1944.100.77887","image_urls":["http://numismatics.org/collectionimages/19001949/1944/1944.100.77887.rev.width350.jpg"]},{"from":-121,"to":-96,"title":"Silver Tetradrachm, Ptolemais-Ake, 121 BC - 96 BC. 1944.100.77905","image_urls":["http://numismatics.org/collectionimages/19001949/1944/1944.100.77905.rev.width350.jpg"]},{"from":-121,"to":-96,"title":"Silver Tetradrachm, Antioch, 121 BC - 96 BC. 1944.100.76802","image_urls":["http://numismatics.org/collectionimages/19001949/1944/1944.100.76802.rev.width350.jpg"]},{"from":-121,"to":-96,"title":"Silver Tetradrachm, Ptolemais-Ake, 121 BC - 96 BC. 1944.100.77902","image_urls":["http://numismatics.org/collectionimages/19001949/1944/1944.100.77902.rev.width350.jpg"]},{"from":-121,"to":-96,"title":"Silver Tetradrachm, Ptolemais-Ake, 121 BC - 96 BC. 1944.100.77913","image_urls":["http://numismatics.org/collectionimages/19001949/1944/1944.100.77913.rev.width350.jpg"]},{"from":-121,"to":-96,"title":"Silver Tetradrachm, Ptolemais-Ake, 121 BC - 96 BC. 1944.100.77897","image_urls":["http://numismatics.org/collectionimages/19001949/1944/1944.100.77897.rev.width350.jpg"]},{"from":-121,"to":-96,"title":"Silver Tetradrachm, Ptolemais-Ake, 121 BC - 96 BC. 1943.143.14","image_urls":["http://numismatics.org/collectionimages/19001949/1943/1943.143.14.rev.width350.jpg"]},{"from":-121,"to":-96,"title":"Bronze Coin, Byblus, 121 BC - 96 BC. 1944.100.77151","image_urls":["http://numismatics.org/collectionimages/19001949/1944/1944.100.77151.rev.width350.jpg"]},{"from":-121,"to":-96,"title":"Silver Tetradrachm, Ptolemais-Ake, 121 BC - 96 BC. 1944.100.77910","image_urls":["http://numismatics.org/collectionimages/19001949/1944/1944.100.77910.rev.width350.jpg"]},{"from":-121,"to":-96,"title":"Silver Tetradrachm, Ptolemais-Ake, 121 BC - 96 BC. 1908.115.9","image_urls":["http://numismatics.org/collectionimages/19001949/1908/1908.115.9.rev.width350.jpg"]},{"from":-121,"to":-96,"title":"Bronze Coin, Byblus, 121 BC - 96 BC. 1944.100.77152","image_urls":["http://numismatics.org/collectionimages/19001949/1944/1944.100.77152.rev.width350.jpg"]},{"from":-121,"to":-96,"title":"Silver Tetradrachm, Ptolemais-Ake, 121 BC - 96 BC. 1944.100.77898","image_urls":["http://numismatics.org/collectionimages/19001949/1944/1944.100.77898.rev.width350.jpg"]},{"from":-121,"to":-96,"title":"Silver Tetradrachm, Ptolemais-Ake, 121 BC - 96 BC. 1953.171.1778","image_urls":["http://numismatics.org/collectionimages/19501999/1953/1953.171.1778.rev.width350.jpg"]},{"from":-121,"to":-96,"title":"Silver Tetradrachm, Ptolemais-Ake, 121 BC - 96 BC. 1977.158.1293","image_urls":["http://numismatics.org/collectionimages/19501999/1977/1977.158.1293.rev.width350.jpg"]},{"from":-121,"to":-96,"title":"Silver Tetradrachm, Ptolemais-Ake, 121 BC - 96 BC. 1908.115.8","image_urls":["http://numismatics.org/collectionimages/19001949/1908/1908.115.8.rev.width350.jpg"]},{"from":-121,"to":-96,"title":"Silver Tetradrachm, Antioch, 121 BC - 96 BC. 1944.100.76800","image_urls":["http://numismatics.org/collectionimages/19001949/1944/1944.100.76800.rev.width350.jpg"]},{"from":-121,"to":-96,"title":"Silver Tetradrachm, Ptolemais-Ake, 121 BC - 96 BC. 1944.100.77900","image_urls":["http://numismatics.org/collectionimages/19001949/1944/1944.100.77900.rev.width350.jpg"]},{"from":-121,"to":-96,"title":"Silver Tetradrachm, Ptolemais-Ake, 121 BC - 96 BC. 1957.172.2067","image_urls":["http://numismatics.org/collectionimages/19501999/1957/1957.172.2067.rev.width350.jpg"]},{"from":-121,"to":-96,"title":"Silver Tetradrachm, Antioch, 121 BC - 96 BC. 1957.172.2049","image_urls":["http://numismatics.org/collectionimages/19501999/1957/1957.172.2049.rev.width350.jpg"]},{"from":-121,"to":-120,"title":"Silver Tetradrachm, Ptolemais-Ake, 121 BC - 120 BC. 1944.100.77895","image_urls":["http://numismatics.org/collectionimages/19001949/1944/1944.100.77895.rev.width350.jpg"]},{"from":-121,"to":-96,"title":"Silver Tetradrachm, Ptolemais-Ake, 121 BC - 96 BC. 1944.100.77904","image_urls":["http://numismatics.org/collectionimages/19001949/1944/1944.100.77904.rev.width350.jpg"]},{"from":-121,"to":-96,"title":"Silver Tetradrachm, Antioch, 121 BC - 96 BC. 1944.100.76882","image_urls":["http://numismatics.org/collectionimages/19001949/1944/1944.100.76882.rev.width350.jpg"]}]