[{"from":-122,"to":-122,"title":"HAMP-848546: A coin issued by Republic","image_urls":["https://finds.org.uk/images/khindshamp/HAMP-848546.jpg"]},{"from":-122,"to":-120,"title":"Silver Tetradrachm, Antioch, 122 BC - 120 BC. 1967.152.642","image_urls":["http://numismatics.org/collectionimages/19501999/1967/1967.152.642.rev.width350.jpg"]},{"from":-122,"to":-120,"title":"Silver Tetradrachm, Antioch, 122 BC - 120 BC. 1944.100.76788","image_urls":["http://numismatics.org/collectionimages/19001949/1944/1944.100.76788.rev.width350.jpg"]}]