[{"from":-123,"to":-123,"title":"SWYOR-717483: A coin issued by Republic","image_urls":["https://finds.org.uk/images/acooper/PAS_1100_coin.jpg"]},{"from":-123,"to":-123,"title":"LEIC-37FBC0: A coin issued by Republic","image_urls":["https://finds.org.uk/images/leicvol/37FBC0.jpg"]},{"from":-123,"to":-88,"title":"Silver Drachm, Ecbatana, 123 BC - 88 BC. 1977.158.781","image_urls":["http://numismatics.org/collectionimages/19501999/1977/1977.158.781.rev.width350.jpg"]},{"from":-123,"to":-88,"title":"Silver Drachm, Ecbatana, 123 BC - 88 BC. 1977.158.778","image_urls":["http://numismatics.org/collectionimages/19501999/1977/1977.158.778.rev.width350.jpg"]},{"from":-123,"to":-88,"title":"Silver Drachm, Ecbatana, 123 BC - 88 BC. 1944.100.82134","image_urls":["http://numismatics.org/collectionimages/19001949/1944/1944.100.82134.rev.width350.jpg"]},{"from":-123,"to":-88,"title":"Silver Tetradrachm, Seleuceia ad Tigrim, 123 BC - 88 BC. 1944.100.82128","image_urls":["http://numismatics.org/collectionimages/19001949/1944/1944.100.82128.rev.width350.jpg"]},{"from":-123,"to":-88,"title":"Bronze Coin, Ecbatana, 123 BC - 88 BC. 1944.100.82503","image_urls":["http://numismatics.org/collectionimages/19001949/1944/1944.100.82503.rev.width350.jpg"]},{"from":-123,"to":-88,"title":"Silver Drachm, Ecbatana, 123 BC - 88 BC. 1904.54.1","image_urls":["http://numismatics.org/collectionimages/19001949/1904/1904.54.1.rev.width350.jpg"]},{"from":-123,"to":-88,"title":"Silver Drachm, Ecbatana, 123 BC - 88 BC. 1944.100.82206","image_urls":["http://numismatics.org/collectionimages/19001949/1944/1944.100.82206.rev.width350.jpg"]},{"from":-123,"to":-88,"title":"Silver Drachm, Ecbatana, 123 BC - 88 BC. 1923.150.397","image_urls":["http://numismatics.org/collectionimages/19001949/1923/1923.150.397.rev.width350.jpg"]},{"from":-123,"to":-88,"title":"Silver Tetradrachm, Seleuceia ad Tigrim, 123 BC - 88 BC. 1944.100.82122","image_urls":["http://numismatics.org/collectionimages/19001949/1944/1944.100.82122.rev.width350.jpg"]},{"from":-123,"to":-88,"title":"Silver Drachm, Ecbatana, 123 BC - 88 BC. 1944.100.82190","image_urls":["http://numismatics.org/collectionimages/19001949/1944/1944.100.82190.rev.width350.jpg"]},{"from":-123,"to":-88,"title":"Silver Drachm, Ecbatana, 123 BC - 88 BC. 1944.100.82221","image_urls":["http://numismatics.org/collectionimages/19001949/1944/1944.100.82221.rev.width350.jpg"]},{"from":-123,"to":-88,"title":"Silver Drachm, Ecbatana, 123 BC - 88 BC. 1944.100.82407","image_urls":["http://numismatics.org/collectionimages/19001949/1944/1944.100.82407.rev.width350.jpg"]},{"from":-123,"to":-88,"title":"Silver Drachm, Ecbatana, 123 BC - 88 BC. 1944.100.82146","image_urls":["http://numismatics.org/collectionimages/19001949/1944/1944.100.82146.rev.width350.jpg"]},{"from":-123,"to":-88,"title":"Silver Drachm, Ecbatana, 123 BC - 88 BC. 1944.100.82224","image_urls":["http://numismatics.org/collectionimages/19001949/1944/1944.100.82224.rev.width350.jpg"]},{"from":-123,"to":-88,"title":"Silver Drachm, Ecbatana, 123 BC - 88 BC. 1944.100.82131","image_urls":["http://numismatics.org/collectionimages/19001949/1944/1944.100.82131.rev.width350.jpg"]},{"from":-123,"to":-88,"title":"Silver Tetradrachm, Seleuceia ad Tigrim, 123 BC - 88 BC. 1944.100.82125","image_urls":["http://numismatics.org/collectionimages/19001949/1944/1944.100.82125.rev.width350.jpg"]},{"from":-123,"to":-88,"title":"Silver Drachm, Ecbatana, 123 BC - 88 BC. 1976.213.1","image_urls":["http://numismatics.org/collectionimages/19501999/1976/1976.213.1.rev.width350.jpg"]},{"from":-123,"to":-88,"title":"Bronze Dichalkon, Ecbatana, 123 BC - 88 BC. 1944.100.82266","image_urls":["http://numismatics.org/collectionimages/19001949/1944/1944.100.82266.rev.width350.jpg"]},{"from":-123,"to":-88,"title":"Silver Drachm, Ecbatana, 123 BC - 88 BC. 1944.100.82152","image_urls":["http://numismatics.org/collectionimages/19001949/1944/1944.100.82152.rev.width350.jpg"]},{"from":-123,"to":-88,"title":"Silver Drachm, Ecbatana, 123 BC - 88 BC. 1983.178.3","image_urls":["http://numismatics.org/collectionimages/19501999/1983/1983.178.3.rev.width350.jpg"]},{"from":-123,"to":-88,"title":"Silver Drachm, Ecbatana, 123 BC - 88 BC. 1944.100.82196","image_urls":["http://numismatics.org/collectionimages/19001949/1944/1944.100.82196.rev.width350.jpg"]},{"from":-123,"to":-88,"title":"Bronze Dichalkon, Ecbatana, 123 BC - 88 BC. 1944.100.82295","image_urls":["http://numismatics.org/collectionimages/19001949/1944/1944.100.82295.rev.width350.jpg"]},{"from":-123,"to":-88,"title":"Silver Drachm, Ecbatana, 123 BC - 88 BC. 1944.100.82160","image_urls":["http://numismatics.org/collectionimages/19001949/1944/1944.100.82160.rev.width350.jpg"]},{"from":-123,"to":-88,"title":"Silver Drachm, Ecbatana, 123 BC - 88 BC. 1944.100.82460","image_urls":["http://numismatics.org/collectionimages/19001949/1944/1944.100.82460.rev.width350.jpg"]},{"from":-123,"to":-88,"title":"Silver Drachm, Ecbatana, 123 BC - 88 BC. 1991.3.36","image_urls":["http://numismatics.org/collectionimages/19501999/1991/1991.3.36.rev.width350.jpg"]},{"from":-123,"to":-88,"title":"Silver Drachm, Ecbatana, 123 BC - 88 BC. 1944.100.82163","image_urls":["http://numismatics.org/collectionimages/19001949/1944/1944.100.82163.rev.width350.jpg"]},{"from":-123,"to":-88,"title":"Bronze Tetrachalkos, Ecbatana, 123 BC - 88 BC. 1944.100.82262","image_urls":["http://numismatics.org/collectionimages/19001949/1944/1944.100.82262.rev.width350.jpg"]},{"from":-123,"to":-88,"title":"Silver Tetradrachm, Seleuceia ad Tigrim, 123 BC - 88 BC. 1944.100.82121","image_urls":["http://numismatics.org/collectionimages/19001949/1944/1944.100.82121.rev.width350.jpg"]},{"from":-123,"to":-88,"title":"Silver Drachm, Ecbatana, 123 BC - 88 BC. 1977.158.780","image_urls":["http://numismatics.org/collectionimages/19501999/1977/1977.158.780.rev.width350.jpg"]},{"from":-123,"to":-88,"title":"Silver Drachm, Ecbatana, 123 BC - 88 BC. 1925.14.27","image_urls":["http://numismatics.org/collectionimages/19001949/1925/1925.14.27.rev.width350.jpg"]},{"from":-123,"to":-88,"title":"Silver Drachm, Ecbatana, 123 BC - 88 BC. 1941.131.1114","image_urls":["http://numismatics.org/collectionimages/19001949/1941/1941.131.1114.rev.width350.jpg"]},{"from":-123,"to":-88,"title":"Silver Drachm, Nisa Mithradatkart, 123 BC - 88 BC. 1944.100.82410","image_urls":["http://numismatics.org/collectionimages/19001949/1944/1944.100.82410.rev.width350.jpg"]},{"from":-123,"to":-88,"title":"Silver Drachm, Ecbatana, 123 BC - 88 BC. 1944.100.82140","image_urls":["http://numismatics.org/collectionimages/19001949/1944/1944.100.82140.rev.width350.jpg"]},{"from":-123,"to":-88,"title":"Silver Drachm, Ecbatana, 123 BC - 88 BC. 1944.100.82223","image_urls":["http://numismatics.org/collectionimages/19001949/1944/1944.100.82223.rev.width350.jpg"]},{"from":-123,"to":-88,"title":"Silver Drachm, Nisa Mithradatkart, 123 BC - 88 BC. 1944.100.82409","image_urls":["http://numismatics.org/collectionimages/19001949/1944/1944.100.82409.rev.width350.jpg"]},{"from":-123,"to":-88,"title":"Silver Drachm, Nisa Mithradatkart, 123 BC - 88 BC. 1944.100.82238","image_urls":["http://numismatics.org/collectionimages/19001949/1944/1944.100.82238.rev.width350.jpg"]},{"from":-123,"to":-88,"title":"Silver Drachm, Ecbatana, 123 BC - 88 BC. 1944.100.82151","image_urls":["http://numismatics.org/collectionimages/19001949/1944/1944.100.82151.rev.width350.jpg"]},{"from":-123,"to":-88,"title":"Silver Drachm, Ecbatana, 123 BC - 88 BC. 1973.56.1583","image_urls":["http://numismatics.org/collectionimages/19501999/1973/1973.56.1583.rev.width350.jpg"]},{"from":-123,"to":-88,"title":"Silver Drachm, Ecbatana, 123 BC - 88 BC. 1944.100.82461","image_urls":["http://numismatics.org/collectionimages/19001949/1944/1944.100.82461.rev.width350.jpg"]},{"from":-123,"to":-88,"title":"Silver Drachm, Ecbatana, 123 BC - 88 BC. 1944.100.82164","image_urls":["http://numismatics.org/collectionimages/19001949/1944/1944.100.82164.rev.width350.jpg"]},{"from":-123,"to":-88,"title":"Silver Drachm, Ecbatana, 123 BC - 88 BC. 1944.100.82179","image_urls":["http://numismatics.org/collectionimages/19001949/1944/1944.100.82179.rev.width350.jpg"]},{"from":-123,"to":-88,"title":"Bronze Dichalkon, Ecbatana, 123 BC - 88 BC. 1973.56.1575","image_urls":["http://numismatics.org/collectionimages/19501999/1973/1973.56.1575.rev.width350.jpg"]},{"from":-123,"to":-88,"title":"Silver Drachm, Ecbatana, 123 BC - 88 BC. 1944.100.82383","image_urls":["http://numismatics.org/collectionimages/19001949/1944/1944.100.82383.rev.width350.jpg"]},{"from":-123,"to":-88,"title":"Silver Drachm, Ecbatana, 123 BC - 88 BC. 1944.100.82242","image_urls":["http://numismatics.org/collectionimages/19001949/1944/1944.100.82242.rev.width350.jpg"]},{"from":-123,"to":-88,"title":"Bronze Hemichalkos, Ecbatana, 123 BC - 88 BC. 1944.100.82278","image_urls":["http://numismatics.org/collectionimages/19001949/1944/1944.100.82278.rev.width350.jpg"]},{"from":-123,"to":-88,"title":"Silver Drachm, Ecbatana, 123 BC - 88 BC. 1944.100.82137","image_urls":["http://numismatics.org/collectionimages/19001949/1944/1944.100.82137.rev.width350.jpg"]},{"from":-123,"to":-88,"title":"Silver Drachm, Ecbatana, 123 BC - 88 BC. 1944.100.82482","image_urls":["http://numismatics.org/collectionimages/19001949/1944/1944.100.82482.rev.width350.jpg"]},{"from":-123,"to":-88,"title":"Silver Drachm, Ecbatana, 123 BC - 88 BC. 1944.100.82185","image_urls":["http://numismatics.org/collectionimages/19001949/1944/1944.100.82185.rev.width350.jpg"]},{"from":-123,"to":-88,"title":"Bronze Tetrachalkos, Ecbatana, 123 BC - 88 BC. 1944.100.82263","image_urls":["http://numismatics.org/collectionimages/19001949/1944/1944.100.82263.rev.width350.jpg"]},{"from":-123,"to":-88,"title":"Silver Drachm, Ecbatana, 123 BC - 88 BC. 1944.100.82143","image_urls":["http://numismatics.org/collectionimages/19001949/1944/1944.100.82143.rev.width350.jpg"]},{"from":-123,"to":-88,"title":"Silver Drachm, Ecbatana, 123 BC - 88 BC. 1973.56.1581","image_urls":["http://numismatics.org/collectionimages/19501999/1973/1973.56.1581.rev.width350.jpg"]},{"from":-123,"to":-88,"title":"Bronze Coin, Ecbatana, 123 BC - 88 BC. 1944.100.82509","image_urls":["http://numismatics.org/collectionimages/19001949/1944/1944.100.82509.rev.width350.jpg"]},{"from":-123,"to":-88,"title":"Silver Drachm, Ecbatana, 123 BC - 88 BC. 1944.100.82364","image_urls":["http://numismatics.org/collectionimages/19001949/1944/1944.100.82364.rev.width350.jpg"]},{"from":-123,"to":-88,"title":"Silver Drachm, Ecbatana, 123 BC - 88 BC. 1944.100.82187","image_urls":["http://numismatics.org/collectionimages/19001949/1944/1944.100.82187.rev.width350.jpg"]},{"from":-123,"to":-88,"title":"Bronze Dichalkon, Ecbatana, 123 BC - 88 BC. 1944.100.82280","image_urls":["http://numismatics.org/collectionimages/19001949/1944/1944.100.82280.rev.width350.jpg"]},{"from":-123,"to":-88,"title":"Silver Drachm, Ecbatana, 123 BC - 88 BC. 1944.100.82466","image_urls":["http://numismatics.org/collectionimages/19001949/1944/1944.100.82466.rev.width350.jpg"]},{"from":-123,"to":-88,"title":"Bronze Dichalkon, Ecbatana, 123 BC - 88 BC. 1944.100.82289","image_urls":["http://numismatics.org/collectionimages/19001949/1944/1944.100.82289.rev.width350.jpg"]},{"from":-123,"to":-88,"title":"Silver Drachm, Ecbatana, 123 BC - 88 BC. 1944.100.82200","image_urls":["http://numismatics.org/collectionimages/19001949/1944/1944.100.82200.rev.width350.jpg"]},{"from":-123,"to":-88,"title":"Silver Drachm, Ecbatana, 123 BC - 88 BC. 1944.100.82199","image_urls":["http://numismatics.org/collectionimages/19001949/1944/1944.100.82199.rev.width350.jpg"]},{"from":-123,"to":-88,"title":"Silver Drachm, Ecbatana, 123 BC - 88 BC. 1944.100.82512","image_urls":["http://numismatics.org/collectionimages/19001949/1944/1944.100.82512.rev.width350.jpg"]},{"from":-123,"to":-88,"title":"Silver Drachm, Ecbatana, 123 BC - 88 BC. 1944.100.82481","image_urls":["http://numismatics.org/collectionimages/19001949/1944/1944.100.82481.rev.width350.jpg"]},{"from":-123,"to":-88,"title":"Bronze Tetrachalkos, Ecbatana, 123 BC - 88 BC. 1971.254.1","image_urls":["http://numismatics.org/collectionimages/19501999/1971/1971.254.1.rev.width350.jpg"]},{"from":-123,"to":-88,"title":"Silver Drachm, Ecbatana, 123 BC - 88 BC. 1944.100.82215","image_urls":["http://numismatics.org/collectionimages/19001949/1944/1944.100.82215.rev.width350.jpg"]},{"from":-123,"to":-88,"title":"Bronze Chalkous, Ecbatana, 123 BC - 88 BC. 1944.100.82271","image_urls":["http://numismatics.org/collectionimages/19001949/1944/1944.100.82271.rev.width350.jpg"]},{"from":-123,"to":-88,"title":"Silver Drachm, Ecbatana, 123 BC - 88 BC. 1944.100.82463","image_urls":["http://numismatics.org/collectionimages/19001949/1944/1944.100.82463.rev.width350.jpg"]},{"from":-123,"to":-88,"title":"Silver Drachm, Ecbatana, 123 BC - 88 BC. 1944.100.82220","image_urls":["http://numismatics.org/collectionimages/19001949/1944/1944.100.82220.rev.width350.jpg"]},{"from":-123,"to":-88,"title":"Silver Drachm, Ecbatana, 123 BC - 88 BC. 1944.100.82178","image_urls":["http://numismatics.org/collectionimages/19001949/1944/1944.100.82178.rev.width350.jpg"]},{"from":-123,"to":-88,"title":"Silver Drachm, Ecbatana, 123 BC - 88 BC. 1973.56.1580","image_urls":["http://numismatics.org/collectionimages/19501999/1973/1973.56.1580.rev.width350.jpg"]},{"from":-123,"to":-88,"title":"Bronze Hemichalkos, Ecbatana, 123 BC - 88 BC. 1944.100.82277","image_urls":["http://numismatics.org/collectionimages/19001949/1944/1944.100.82277.rev.width350.jpg"]},{"from":-123,"to":-88,"title":"Silver Drachm, Ecbatana, 123 BC - 88 BC. 1944.100.82142","image_urls":["http://numismatics.org/collectionimages/19001949/1944/1944.100.82142.rev.width350.jpg"]},{"from":-123,"to":-88,"title":"Silver Drachm, Ecbatana, 123 BC - 88 BC. 1944.100.82136","image_urls":["http://numismatics.org/collectionimages/19001949/1944/1944.100.82136.rev.width350.jpg"]},{"from":-123,"to":-88,"title":"Bronze Tetrachalkos, Ecbatana, 123 BC - 88 BC. 1973.56.1574","image_urls":["http://numismatics.org/collectionimages/19501999/1973/1973.56.1574.rev.width350.jpg"]},{"from":-123,"to":-88,"title":"Silver Drachm, Ecbatana, 123 BC - 88 BC. 1980.109.98","image_urls":["http://numismatics.org/collectionimages/19501999/1980/1980.109.98.rev.width350.jpg"]},{"from":-123,"to":-88,"title":"Silver Drachm, Ecbatana, 123 BC - 88 BC. 1944.100.82180","image_urls":["http://numismatics.org/collectionimages/19001949/1944/1944.100.82180.rev.width350.jpg"]},{"from":-123,"to":-88,"title":"Silver Drachm, Ecbatana, 123 BC - 88 BC. 1944.100.82345","image_urls":["http://numismatics.org/collectionimages/19001949/1944/1944.100.82345.rev.width350.jpg"]},{"from":-123,"to":-88,"title":"Silver Drachm, Ecbatana, 123 BC - 88 BC. 1944.100.82153","image_urls":["http://numismatics.org/collectionimages/19001949/1944/1944.100.82153.rev.width350.jpg"]},{"from":-123,"to":-88,"title":"Silver Drachm, Ecbatana, 123 BC - 88 BC. 1944.100.82147","image_urls":["http://numismatics.org/collectionimages/19001949/1944/1944.100.82147.rev.width350.jpg"]},{"from":-123,"to":-88,"title":"Silver Drachm, Ecbatana, 123 BC - 88 BC. 1944.100.82246","image_urls":["http://numismatics.org/collectionimages/19001949/1944/1944.100.82246.rev.width350.jpg"]},{"from":-123,"to":-88,"title":"Bronze Chalkous, Ecbatana, 123 BC - 88 BC. 1944.100.82273","image_urls":["http://numismatics.org/collectionimages/19001949/1944/1944.100.82273.rev.width350.jpg"]},{"from":-123,"to":-88,"title":"Silver Drachm, Ecbatana, 123 BC - 88 BC. 1944.100.82459","image_urls":["http://numismatics.org/collectionimages/19001949/1944/1944.100.82459.rev.width350.jpg"]},{"from":-123,"to":-88,"title":"Silver Tetradrachm, Seleuceia ad Tigrim, 123 BC - 88 BC. 1977.158.779","image_urls":["http://numismatics.org/collectionimages/19501999/1977/1977.158.779.rev.width350.jpg"]},{"from":-123,"to":-88,"title":"Silver Tetradrachm, Seleuceia ad Tigrim, 123 BC - 88 BC. 1944.100.82120","image_urls":["http://numismatics.org/collectionimages/19001949/1944/1944.100.82120.rev.width350.jpg"]},{"from":-123,"to":-88,"title":"Silver Drachm, Ecbatana, 123 BC - 88 BC. 1944.100.82228","image_urls":["http://numismatics.org/collectionimages/19001949/1944/1944.100.82228.rev.width350.jpg"]},{"from":-123,"to":-88,"title":"Bronze Coin, Ecbatana, 123 BC - 88 BC. 1944.100.82510","image_urls":["http://numismatics.org/collectionimages/19001949/1944/1944.100.82510.rev.width350.jpg"]},{"from":-123,"to":-88,"title":"Silver Drachm, Ecbatana, 123 BC - 88 BC. 1974.52.20","image_urls":["http://numismatics.org/collectionimages/19501999/1974/1974.52.20.rev.width350.jpg"]},{"from":-123,"to":-88,"title":"Silver Drachm, Ecbatana, 123 BC - 88 BC. 1944.100.82226","image_urls":["http://numismatics.org/collectionimages/19001949/1944/1944.100.82226.rev.width350.jpg"]},{"from":-123,"to":-88,"title":"Bronze Chalkous, Ecbatana, 123 BC - 88 BC. 1944.100.82294","image_urls":["http://numismatics.org/collectionimages/19001949/1944/1944.100.82294.rev.width350.jpg"]},{"from":-123,"to":-88,"title":"Silver Drachm, Ecbatana, 123 BC - 88 BC. 1944.100.82189","image_urls":["http://numismatics.org/collectionimages/19001949/1944/1944.100.82189.rev.width350.jpg"]},{"from":-123,"to":-88,"title":"Bronze Dichalkon, Ecbatana, 123 BC - 88 BC. 1944.100.82288","image_urls":["http://numismatics.org/collectionimages/19001949/1944/1944.100.82288.rev.width350.jpg"]},{"from":-123,"to":-88,"title":"Silver Drachm, Ecbatana, 123 BC - 88 BC. 1944.100.82205","image_urls":["http://numismatics.org/collectionimages/19001949/1944/1944.100.82205.rev.width350.jpg"]},{"from":-123,"to":-88,"title":"Silver Tetradrachm, Seleuceia ad Tigrim, 123 BC - 88 BC. 1966.150.3","image_urls":["http://numismatics.org/collectionimages/19501999/1966/1966.150.3.rev.width350.jpg"]},{"from":-123,"to":-88,"title":"Silver Drachm, Ecbatana, 123 BC - 88 BC. 1944.100.82195","image_urls":["http://numismatics.org/collectionimages/19001949/1944/1944.100.82195.rev.width350.jpg"]},{"from":-123,"to":-88,"title":"Silver Tetradrachm, Seleuceia ad Tigrim, 123 BC - 88 BC. 1944.100.82129","image_urls":["http://numismatics.org/collectionimages/19001949/1944/1944.100.82129.rev.width350.jpg"]},{"from":-123,"to":-88,"title":"Silver Drachm, Ecbatana, 123 BC - 88 BC. 1944.100.82135","image_urls":["http://numismatics.org/collectionimages/19001949/1944/1944.100.82135.rev.width350.jpg"]},{"from":-123,"to":-88,"title":"Bronze Coin, Ecbatana, 123 BC - 88 BC. 1944.100.82504","image_urls":["http://numismatics.org/collectionimages/19001949/1944/1944.100.82504.rev.width350.jpg"]},{"from":-123,"to":-88,"title":"Silver Drachm, Ecbatana, 123 BC - 88 BC. 1944.100.82162","image_urls":["http://numismatics.org/collectionimages/19001949/1944/1944.100.82162.rev.width350.jpg"]},{"from":-123,"to":-88,"title":"Silver Drachm, Ecbatana, 123 BC - 88 BC. 1944.100.82213","image_urls":["http://numismatics.org/collectionimages/19001949/1944/1944.100.82213.rev.width350.jpg"]},{"from":-123,"to":-88,"title":"Bronze Tetrachalkos, Ecbatana, 123 BC - 88 BC. 1973.56.1573","image_urls":["http://numismatics.org/collectionimages/19501999/1973/1973.56.1573.rev.width350.jpg"]},{"from":-123,"to":-88,"title":"Bronze Dichalkon, Ecbatana, 123 BC - 88 BC. 1944.100.82290","image_urls":["http://numismatics.org/collectionimages/19001949/1944/1944.100.82290.rev.width350.jpg"]},{"from":-123,"to":-88,"title":"Silver Drachm, Ecbatana, 123 BC - 88 BC. 1944.100.82144","image_urls":["http://numismatics.org/collectionimages/19001949/1944/1944.100.82144.rev.width350.jpg"]},{"from":-123,"to":-88,"title":"Silver Drachm, Ecbatana, 123 BC - 88 BC. 1944.100.82138","image_urls":["http://numismatics.org/collectionimages/19001949/1944/1944.100.82138.rev.width350.jpg"]},{"from":-123,"to":-88,"title":"Silver Drachm, Ecbatana, 123 BC - 88 BC. 1923.150.396","image_urls":["http://numismatics.org/collectionimages/19001949/1923/1923.150.396.rev.width350.jpg"]},{"from":-123,"to":-88,"title":"Silver Drachm, Ecbatana, 123 BC - 88 BC. 1944.100.82208","image_urls":["http://numismatics.org/collectionimages/19001949/1944/1944.100.82208.rev.width350.jpg"]},{"from":-123,"to":-88,"title":"Silver Drachm, Ecbatana, 123 BC - 88 BC. 1944.100.82198","image_urls":["http://numismatics.org/collectionimages/19001949/1944/1944.100.82198.rev.width350.jpg"]},{"from":-123,"to":-88,"title":"Silver Drachm, Nisa Mithradatkart, 123 BC - 88 BC. 1944.100.82412","image_urls":["http://numismatics.org/collectionimages/19001949/1944/1944.100.82412.rev.width350.jpg"]},{"from":-123,"to":-88,"title":"Bronze Chalkous, Ecbatana, 123 BC - 88 BC. 1944.100.82276","image_urls":["http://numismatics.org/collectionimages/19001949/1944/1944.100.82276.rev.width350.jpg"]},{"from":-123,"to":-88,"title":"Bronze Coin, Ecbatana, 123 BC - 88 BC. 1944.100.82511","image_urls":["http://numismatics.org/collectionimages/19001949/1944/1944.100.82511.rev.width350.jpg"]},{"from":-123,"to":-88,"title":"Silver Drachm, Ecbatana, 123 BC - 88 BC. 1944.100.82480","image_urls":["http://numismatics.org/collectionimages/19001949/1944/1944.100.82480.rev.width350.jpg"]},{"from":-123,"to":-88,"title":"Silver Drachm, Ecbatana, 123 BC - 88 BC. 1944.100.82214","image_urls":["http://numismatics.org/collectionimages/19001949/1944/1944.100.82214.rev.width350.jpg"]},{"from":-123,"to":-88,"title":"Silver Drachm, Ecbatana, 123 BC - 88 BC. 1944.100.82183","image_urls":["http://numismatics.org/collectionimages/19001949/1944/1944.100.82183.rev.width350.jpg"]},{"from":-123,"to":-88,"title":"Bronze Dichalkon, Ecbatana, 123 BC - 88 BC. 1944.100.82297","image_urls":["http://numismatics.org/collectionimages/19001949/1944/1944.100.82297.rev.width350.jpg"]},{"from":-123,"to":-88,"title":"Silver Drachm, Ecbatana, 123 BC - 88 BC. 1993.45.17","image_urls":["http://numismatics.org/collectionimages/19501999/1993/1993.45.17.rev.width350.jpg"]},{"from":-123,"to":-88,"title":"Bronze Coin, Ecbatana, 123 BC - 88 BC. 1944.100.82505","image_urls":["http://numismatics.org/collectionimages/19001949/1944/1944.100.82505.rev.width350.jpg"]},{"from":-123,"to":-88,"title":"Silver Drachm, Ecbatana, 123 BC - 88 BC. 1944.100.82145","image_urls":["http://numismatics.org/collectionimages/19001949/1944/1944.100.82145.rev.width350.jpg"]},{"from":-123,"to":-88,"title":"Silver Drachm, Ecbatana, 123 BC - 88 BC. 1944.100.82217","image_urls":["http://numismatics.org/collectionimages/19001949/1944/1944.100.82217.rev.width350.jpg"]},{"from":-123,"to":-88,"title":"Silver Drachm, Ecbatana, 123 BC - 88 BC. 1944.100.82244","image_urls":["http://numismatics.org/collectionimages/19001949/1944/1944.100.82244.rev.width350.jpg"]},{"from":-123,"to":-88,"title":"Silver Drachm, Ecbatana, 123 BC - 88 BC. 1944.100.82130","image_urls":["http://numismatics.org/collectionimages/19001949/1944/1944.100.82130.rev.width350.jpg"]},{"from":-123,"to":-88,"title":"Silver Drachm, Ecbatana, 123 BC - 88 BC. 1944.100.82139","image_urls":["http://numismatics.org/collectionimages/19001949/1944/1944.100.82139.rev.width350.jpg"]},{"from":-123,"to":-88,"title":"Bronze Dichalkon, Ecbatana, 123 BC - 88 BC. 1895.52.1","image_urls":["http://numismatics.org/collectionimages/00001899/1895/1895.52.1.rev.width350.jpg"]},{"from":-123,"to":-88,"title":"Bronze Coin, Ecbatana, 123 BC - 88 BC. 1944.100.82508","image_urls":["http://numismatics.org/collectionimages/19001949/1944/1944.100.82508.rev.width350.jpg"]},{"from":-123,"to":-88,"title":"Silver Drachm, Ecbatana, 123 BC - 88 BC. 1944.100.82202","image_urls":["http://numismatics.org/collectionimages/19001949/1944/1944.100.82202.rev.width350.jpg"]},{"from":-123,"to":-88,"title":"Silver Tetradrachm, Seleuceia ad Tigrim, 123 BC - 88 BC. 1967.152.707","image_urls":["http://numismatics.org/collectionimages/19501999/1967/1967.152.707.rev.width350.jpg"]},{"from":-123,"to":-88,"title":"Silver Drachm, Ecbatana, 123 BC - 88 BC. 1944.100.82133","image_urls":["http://numismatics.org/collectionimages/19001949/1944/1944.100.82133.rev.width350.jpg"]},{"from":-123,"to":-88,"title":"Silver Drachm, Ecbatana, 123 BC - 88 BC. 1944.100.82211","image_urls":["http://numismatics.org/collectionimages/19001949/1944/1944.100.82211.rev.width350.jpg"]},{"from":-123,"to":-88,"title":"Silver Drachm, Ecbatana, 123 BC - 88 BC. 1923.150.393","image_urls":["http://numismatics.org/collectionimages/19001949/1923/1923.150.393.rev.width350.jpg"]},{"from":-123,"to":-88,"title":"Bronze Chalkous, Ecbatana, 123 BC - 88 BC. 1944.100.82291","image_urls":["http://numismatics.org/collectionimages/19001949/1944/1944.100.82291.rev.width350.jpg"]},{"from":-123,"to":-88,"title":"Silver Drachm, Ecbatana, 123 BC - 88 BC. 1944.100.82150","image_urls":["http://numismatics.org/collectionimages/19001949/1944/1944.100.82150.rev.width350.jpg"]},{"from":-123,"to":-88,"title":"Silver Drachm, Ecbatana, 123 BC - 88 BC. 1944.100.82462","image_urls":["http://numismatics.org/collectionimages/19001949/1944/1944.100.82462.rev.width350.jpg"]},{"from":-123,"to":-88,"title":"Silver Drachm, Ecbatana, 123 BC - 88 BC. 1973.56.1582","image_urls":["http://numismatics.org/collectionimages/19501999/1973/1973.56.1582.rev.width350.jpg"]},{"from":-123,"to":-88,"title":"Silver Drachm, Ecbatana, 123 BC - 88 BC. 1944.100.82384","image_urls":["http://numismatics.org/collectionimages/19001949/1944/1944.100.82384.rev.width350.jpg"]},{"from":-123,"to":-88,"title":"Bronze Tetrachalkos, Ecbatana, 123 BC - 88 BC. 1944.100.82279","image_urls":["http://numismatics.org/collectionimages/19001949/1944/1944.100.82279.rev.width350.jpg"]},{"from":-123,"to":-88,"title":"Silver Drachm, Ecbatana, 123 BC - 88 BC. 1944.100.82483","image_urls":["http://numismatics.org/collectionimages/19001949/1944/1944.100.82483.rev.width350.jpg"]},{"from":-123,"to":-88,"title":"Silver Tetradrachm, Seleuceia ad Tigrim, 123 BC - 88 BC. 1944.100.82127","image_urls":["http://numismatics.org/collectionimages/19001949/1944/1944.100.82127.rev.width350.jpg"]},{"from":-123,"to":-88,"title":"Silver Drachm, Ecbatana, 123 BC - 88 BC. 1957.172.2115","image_urls":["http://numismatics.org/collectionimages/19501999/1957/1957.172.2115.rev.width350.jpg"]},{"from":-123,"to":-88,"title":"Silver Drachm, Ecbatana, 123 BC - 88 BC. 1944.100.82486","image_urls":["http://numismatics.org/collectionimages/19001949/1944/1944.100.82486.rev.width350.jpg"]},{"from":-123,"to":-88,"title":"Silver Drachm, Ecbatana, 123 BC - 88 BC. 1944.100.82331","image_urls":["http://numismatics.org/collectionimages/19001949/1944/1944.100.82331.rev.width350.jpg"]},{"from":-123,"to":-88,"title":"Silver Drachm, Ecbatana, 123 BC - 88 BC. 1944.100.82468","image_urls":["http://numismatics.org/collectionimages/19001949/1944/1944.100.82468.rev.width350.jpg"]},{"from":-123,"to":-88,"title":"Silver Drachm, Ecbatana, 123 BC - 88 BC. 1944.100.82177","image_urls":["http://numismatics.org/collectionimages/19001949/1944/1944.100.82177.rev.width350.jpg"]},{"from":-123,"to":-88,"title":"Bronze Dichalkon, Ecbatana, 123 BC - 88 BC. 1944.100.82265","image_urls":["http://numismatics.org/collectionimages/19001949/1944/1944.100.82265.rev.width350.jpg"]},{"from":-123,"to":-88,"title":"Bronze Chalkous, Ecbatana, 123 BC - 88 BC. 1944.100.82292","image_urls":["http://numismatics.org/collectionimages/19001949/1944/1944.100.82292.rev.width350.jpg"]},{"from":-123,"to":-88,"title":"Silver Tetradrachm, Seleuceia ad Tigrim, 123 BC - 88 BC. 1967.152.705","image_urls":["http://numismatics.org/collectionimages/19501999/1967/1967.152.705.rev.width350.jpg"]},{"from":-123,"to":-88,"title":"Silver Drachm, Ecbatana, 123 BC - 88 BC. 1944.100.82484","image_urls":["http://numismatics.org/collectionimages/19001949/1944/1944.100.82484.rev.width350.jpg"]},{"from":-123,"to":-88,"title":"Silver Drachm, Ecbatana, 123 BC - 88 BC. 1944.100.82203","image_urls":["http://numismatics.org/collectionimages/19001949/1944/1944.100.82203.rev.width350.jpg"]},{"from":-123,"to":-88,"title":"Silver Drachm, Ecbatana, 123 BC - 88 BC. 1944.100.82193","image_urls":["http://numismatics.org/collectionimages/19001949/1944/1944.100.82193.rev.width350.jpg"]},{"from":-123,"to":-88,"title":"Bronze Chalkous, Ecbatana, 123 BC - 88 BC. 1944.100.82274","image_urls":["http://numismatics.org/collectionimages/19001949/1944/1944.100.82274.rev.width350.jpg"]},{"from":-123,"to":-88,"title":"Silver Drachm, Ecbatana, 123 BC - 88 BC. 1944.100.82148","image_urls":["http://numismatics.org/collectionimages/19001949/1944/1944.100.82148.rev.width350.jpg"]},{"from":-123,"to":-88,"title":"Silver Drachm, Ecbatana, 123 BC - 88 BC. 1974.52.21","image_urls":["http://numismatics.org/collectionimages/19501999/1974/1974.52.21.rev.width350.jpg"]},{"from":-123,"to":-88,"title":"Bronze Dichalkon, Ecbatana, 123 BC - 88 BC. 1944.100.82268","image_urls":["http://numismatics.org/collectionimages/19001949/1944/1944.100.82268.rev.width350.jpg"]},{"from":-123,"to":-88,"title":"Silver Drachm, Ecbatana, 123 BC - 88 BC. 1944.100.82472","image_urls":["http://numismatics.org/collectionimages/19001949/1944/1944.100.82472.rev.width350.jpg"]},{"from":-123,"to":-88,"title":"Silver Drachm, Ecbatana, 123 BC - 88 BC. 1944.100.82181","image_urls":["http://numismatics.org/collectionimages/19001949/1944/1944.100.82181.rev.width350.jpg"]},{"from":-123,"to":-88,"title":"Bronze Chalkous, Ecbatana, 123 BC - 88 BC. 1944.100.82270","image_urls":["http://numismatics.org/collectionimages/19001949/1944/1944.100.82270.rev.width350.jpg"]},{"from":-123,"to":-95,"title":"Silver cistophorus, Pergamum, 123 BC - 95 BC. 1951.5.33","image_urls":["http://numismatics.org/collectionimages/19501999/1951/1951.5.33.rev.width350.jpg"]},{"from":-123,"to":-88,"title":"Silver Drachm, Ecbatana, 123 BC - 88 BC. 1944.100.82192","image_urls":["http://numismatics.org/collectionimages/19001949/1944/1944.100.82192.rev.width350.jpg"]},{"from":-123,"to":-88,"title":"Bronze Tetrachalkos, Ecbatana, 123 BC - 88 BC. 1944.100.82264","image_urls":["http://numismatics.org/collectionimages/19001949/1944/1944.100.82264.rev.width350.jpg"]},{"from":-123,"to":-88,"title":"Silver Drachm, Ecbatana, 123 BC - 88 BC. 1944.100.82465","image_urls":["http://numismatics.org/collectionimages/19001949/1944/1944.100.82465.rev.width350.jpg"]},{"from":-123,"to":-88,"title":"Silver Drachm, Ecbatana, 123 BC - 88 BC. 1944.100.82168","image_urls":["http://numismatics.org/collectionimages/19001949/1944/1944.100.82168.rev.width350.jpg"]},{"from":-123,"to":-88,"title":"Bronze Dichalkon, Ecbatana, 123 BC - 88 BC. 1944.100.82267","image_urls":["http://numismatics.org/collectionimages/19001949/1944/1944.100.82267.rev.width350.jpg"]},{"from":-123,"to":-88,"title":"Silver Drachm, Ecbatana, 123 BC - 88 BC. 1944.100.82132","image_urls":["http://numismatics.org/collectionimages/19001949/1944/1944.100.82132.rev.width350.jpg"]},{"from":-123,"to":-88,"title":"Silver Drachm, Ecbatana, 123 BC - 88 BC. 1944.100.82471","image_urls":["http://numismatics.org/collectionimages/19001949/1944/1944.100.82471.rev.width350.jpg"]},{"from":-123,"to":-88,"title":"Bronze Chalkous, Ecbatana, 123 BC - 88 BC. 1944.100.82293","image_urls":["http://numismatics.org/collectionimages/19001949/1944/1944.100.82293.rev.width350.jpg"]},{"from":-123,"to":-88,"title":"Silver Drachm, Ecbatana, 123 BC - 88 BC. 1944.100.82188","image_urls":["http://numismatics.org/collectionimages/19001949/1944/1944.100.82188.rev.width350.jpg"]},{"from":-123,"to":-88,"title":"Silver Drachm, Ecbatana, 123 BC - 88 BC. 1944.100.82210","image_urls":["http://numismatics.org/collectionimages/19001949/1944/1944.100.82210.rev.width350.jpg"]},{"from":-123,"to":-88,"title":"Silver Drachm, Ecbatana, 123 BC - 88 BC. 1944.100.82204","image_urls":["http://numismatics.org/collectionimages/19001949/1944/1944.100.82204.rev.width350.jpg"]},{"from":-123,"to":-88,"title":"Silver Drachm, Ecbatana, 123 BC - 88 BC. 1944.100.82219","image_urls":["http://numismatics.org/collectionimages/19001949/1944/1944.100.82219.rev.width350.jpg"]},{"from":-123,"to":-88,"title":"Bronze Chalkous, Ecbatana, 123 BC - 88 BC. 1944.100.82272","image_urls":["http://numismatics.org/collectionimages/19001949/1944/1944.100.82272.rev.width350.jpg"]},{"from":-123,"to":-88,"title":"Silver Tetradrachm, Seleuceia ad Tigrim, 123 BC - 88 BC. 1944.100.82126","image_urls":["http://numismatics.org/collectionimages/19001949/1944/1944.100.82126.rev.width350.jpg"]},{"from":-123,"to":-88,"title":"Silver Drachm, Ecbatana, 123 BC - 88 BC. 1944.100.82485","image_urls":["http://numismatics.org/collectionimages/19001949/1944/1944.100.82485.rev.width350.jpg"]},{"from":-123,"to":-88,"title":"Silver Drachm, Ecbatana, 123 BC - 88 BC. 1944.100.82194","image_urls":["http://numismatics.org/collectionimages/19001949/1944/1944.100.82194.rev.width350.jpg"]},{"from":-123,"to":-88,"title":"Silver Drachm, Ecbatana, 123 BC - 88 BC. 1944.100.82479","image_urls":["http://numismatics.org/collectionimages/19001949/1944/1944.100.82479.rev.width350.jpg"]},{"from":-123,"to":-88,"title":"Silver Drachm, Ecbatana, 123 BC - 88 BC. 1944.100.82216","image_urls":["http://numismatics.org/collectionimages/19001949/1944/1944.100.82216.rev.width350.jpg"]},{"from":-123,"to":-88,"title":"Bronze Chalkous, Ecbatana, 123 BC - 88 BC. 1973.56.1576","image_urls":["http://numismatics.org/collectionimages/19501999/1973/1973.56.1576.rev.width350.jpg"]},{"from":-123,"to":-88,"title":"Silver drachm, Seleuceia ad Tigrim, 123 BC - 88 BC. 1990.23.56","image_urls":["http://numismatics.org/collectionimages/19501999/1990/1990.23.56.rev.width350.jpg"]},{"from":-123,"to":-88,"title":"Silver Drachm, Nisa Mithradatkart, 123 BC - 88 BC. 1944.100.82408","image_urls":["http://numismatics.org/collectionimages/19001949/1944/1944.100.82408.rev.width350.jpg"]},{"from":-123,"to":-88,"title":"Silver Drachm, Ecbatana, 123 BC - 88 BC. 1944.100.82243","image_urls":["http://numismatics.org/collectionimages/19001949/1944/1944.100.82243.rev.width350.jpg"]},{"from":-123,"to":-88,"title":"Silver Drachm, Ecbatana, 123 BC - 88 BC. 1944.100.82470","image_urls":["http://numismatics.org/collectionimages/19001949/1944/1944.100.82470.rev.width350.jpg"]},{"from":-123,"to":-88,"title":"Silver Drachm, Ecbatana, 123 BC - 88 BC. 1957.172.2114","image_urls":["http://numismatics.org/collectionimages/19501999/1957/1957.172.2114.rev.width350.jpg"]},{"from":-123,"to":-88,"title":"Bronze Chalkous, Ecbatana, 123 BC - 88 BC. 1944.100.82269","image_urls":["http://numismatics.org/collectionimages/19001949/1944/1944.100.82269.rev.width350.jpg"]},{"from":-123,"to":-88,"title":"Bronze Dichalkon, Ecbatana, 123 BC - 88 BC. 1944.100.82296","image_urls":["http://numismatics.org/collectionimages/19001949/1944/1944.100.82296.rev.width350.jpg"]},{"from":-123,"to":-88,"title":"Silver Drachm, Ecbatana, 123 BC - 88 BC. 1944.100.82473","image_urls":["http://numismatics.org/collectionimages/19001949/1944/1944.100.82473.rev.width350.jpg"]},{"from":-123,"to":-88,"title":"Silver Drachm, Ecbatana, 123 BC - 88 BC. 1944.100.82467","image_urls":["http://numismatics.org/collectionimages/19001949/1944/1944.100.82467.rev.width350.jpg"]},{"from":-123,"to":-88,"title":"Bronze Coin, Ecbatana, 123 BC - 88 BC. 1973.56.1587","image_urls":["http://numismatics.org/collectionimages/19501999/1973/1973.56.1587.rev.width350.jpg"]},{"from":-123,"to":-88,"title":"Silver Drachm, Ecbatana, 123 BC - 88 BC. 1944.100.82182","image_urls":["http://numismatics.org/collectionimages/19001949/1944/1944.100.82182.rev.width350.jpg"]},{"from":-123,"to":-88,"title":"Silver Drachm, Ecbatana, 123 BC - 88 BC. 1944.100.82197","image_urls":["http://numismatics.org/collectionimages/19001949/1944/1944.100.82197.rev.width350.jpg"]},{"from":-123,"to":-88,"title":"Silver Drachm, Ecbatana, 123 BC - 88 BC. 1993.45.16","image_urls":["http://numismatics.org/collectionimages/19501999/1993/1993.45.16.rev.width350.jpg"]},{"from":-123,"to":-88,"title":"Silver Drachm, Ecbatana, 123 BC - 88 BC. 1944.100.82207","image_urls":["http://numismatics.org/collectionimages/19001949/1944/1944.100.82207.rev.width350.jpg"]},{"from":-123,"to":-88,"title":"Bronze Dichalkon, Ecbatana, 123 BC - 88 BC. 1944.100.82281","image_urls":["http://numismatics.org/collectionimages/19001949/1944/1944.100.82281.rev.width350.jpg"]},{"from":-123,"to":-88,"title":"Bronze Chalkous, Ecbatana, 123 BC - 88 BC. 1944.100.82275","image_urls":["http://numismatics.org/collectionimages/19001949/1944/1944.100.82275.rev.width350.jpg"]},{"from":-123,"to":-88,"title":"Silver Drachm, Ecbatana, 123 BC - 88 BC. 1944.100.82176","image_urls":["http://numismatics.org/collectionimages/19001949/1944/1944.100.82176.rev.width350.jpg"]},{"from":-123,"to":-88,"title":"Silver Drachm, Ecbatana, 123 BC - 88 BC. 1970.156.728","image_urls":["http://numismatics.org/collectionimages/19501999/1970/1970.156.728.rev.width350.jpg"]},{"from":-123,"to":-88,"title":"Bronze Coin, Ecbatana, 123 BC - 88 BC. 1944.100.82507","image_urls":["http://numismatics.org/collectionimages/19001949/1944/1944.100.82507.rev.width350.jpg"]},{"from":-123,"to":-88,"title":"Silver Drachm, Ecbatana, 123 BC - 88 BC. 1944.100.82497","image_urls":["http://numismatics.org/collectionimages/19001949/1944/1944.100.82497.rev.width350.jpg"]},{"from":-123,"to":-88,"title":"Bronze Tetrachalkous, Ecbatana, 123 BC - 88 BC. 1991.3.38","image_urls":["http://numismatics.org/collectionimages/19501999/1991/1991.3.38.rev.width350.jpg"]},{"from":-123,"to":-88,"title":"Silver Drachm, Ecbatana, 123 BC - 88 BC. 1944.100.82201","image_urls":["http://numismatics.org/collectionimages/19001949/1944/1944.100.82201.rev.width350.jpg"]},{"from":-123,"to":-88,"title":"Bronze Coin, Ecbatana, 123 BC - 88 BC. 1944.100.82429","image_urls":["http://numismatics.org/collectionimages/19001949/1944/1944.100.82429.rev.width350.jpg"]},{"from":-123,"to":-88,"title":"Silver Tetradrachm, Seleuceia ad Tigrim, 123 BC - 88 BC. 1944.100.82123","image_urls":["http://numismatics.org/collectionimages/19001949/1944/1944.100.82123.rev.width350.jpg"]},{"from":-123,"to":-88,"title":"Silver Drachm, Ecbatana, 123 BC - 88 BC. 1944.100.82222","image_urls":["http://numismatics.org/collectionimages/19001949/1944/1944.100.82222.rev.width350.jpg"]},{"from":-123,"to":-88,"title":"Silver Drachm, Ecbatana, 123 BC - 88 BC. 1944.100.82191","image_urls":["http://numismatics.org/collectionimages/19001949/1944/1944.100.82191.rev.width350.jpg"]},{"from":-123,"to":-88,"title":"Silver Tetradrachm, Seleuceia ad Tigrim, 123 BC - 88 BC. 1967.152.706","image_urls":["http://numismatics.org/collectionimages/19501999/1967/1967.152.706.rev.width350.jpg"]},{"from":-123,"to":-88,"title":"Bronze Dichalkon, Ecbatana, 123 BC - 88 BC. 0000.999.52787","image_urls":["http://numismatics.org/collectionimages/00001899/0000/0000.999.52787.rev.width350.jpg"]},{"from":-123,"to":-88,"title":"Silver Tetradrachm, Seleuceia ad Tigrim, 123 BC - 88 BC. 1944.100.82119","image_urls":["http://numismatics.org/collectionimages/19001949/1944/1944.100.82119.rev.width350.jpg"]},{"from":-123,"to":-88,"title":"Silver Drachm, Ecbatana, 123 BC - 88 BC. 1944.100.82464","image_urls":["http://numismatics.org/collectionimages/19001949/1944/1944.100.82464.rev.width350.jpg"]},{"from":-123,"to":-88,"title":"Silver Drachm, Ecbatana, 123 BC - 88 BC. 1944.100.82218","image_urls":["http://numismatics.org/collectionimages/19001949/1944/1944.100.82218.rev.width350.jpg"]},{"from":-123,"to":-88,"title":"Silver Drachm, Nisa Mithradatkart, 123 BC - 88 BC. 1944.100.82422","image_urls":["http://numismatics.org/collectionimages/19001949/1944/1944.100.82422.rev.width350.jpg"]},{"from":-123,"to":-88,"title":"Silver Drachm, Ecbatana, 123 BC - 88 BC. 1944.100.82149","image_urls":["http://numismatics.org/collectionimages/19001949/1944/1944.100.82149.rev.width350.jpg"]},{"from":-123,"to":-88,"title":"Silver Drachm, Ecbatana, 123 BC - 88 BC. 1944.100.82212","image_urls":["http://numismatics.org/collectionimages/19001949/1944/1944.100.82212.rev.width350.jpg"]},{"from":-123,"to":-88,"title":"Silver Drachm, Ecbatana, 123 BC - 88 BC. 1944.100.82227","image_urls":["http://numismatics.org/collectionimages/19001949/1944/1944.100.82227.rev.width350.jpg"]},{"from":-123,"to":-88,"title":"Bronze Tetrachalkos, Ecbatana, 123 BC - 88 BC. 1973.56.1572","image_urls":["http://numismatics.org/collectionimages/19501999/1973/1973.56.1572.rev.width350.jpg"]},{"from":-123,"to":-88,"title":"Silver Drachm, Ecbatana, 123 BC - 88 BC. 1944.100.82425","image_urls":["http://numismatics.org/collectionimages/19001949/1944/1944.100.82425.rev.width350.jpg"]},{"from":-123,"to":-88,"title":"Silver Drachm, Ecbatana, 123 BC - 88 BC. 1944.100.82469","image_urls":["http://numismatics.org/collectionimages/19001949/1944/1944.100.82469.rev.width350.jpg"]},{"from":-123,"to":-88,"title":"Silver Drachm, Ecbatana, 123 BC - 88 BC. 1944.100.82334","image_urls":["http://numismatics.org/collectionimages/19001949/1944/1944.100.82334.rev.width350.jpg"]},{"from":-123,"to":-88,"title":"Silver Drachm, Ecbatana, 123 BC - 88 BC. 1993.45.18","image_urls":["http://numismatics.org/collectionimages/19501999/1993/1993.45.18.rev.width350.jpg"]},{"from":-123,"to":-88,"title":"Silver Drachm, Nisa Mithradatkart, 123 BC - 88 BC. 1944.100.82421","image_urls":["http://numismatics.org/collectionimages/19001949/1944/1944.100.82421.rev.width350.jpg"]},{"from":-123,"to":-88,"title":"Silver Tetradrachm, Seleuceia ad Tigrim, 123 BC - 88 BC. 1944.100.82124","image_urls":["http://numismatics.org/collectionimages/19001949/1944/1944.100.82124.rev.width350.jpg"]},{"from":-123,"to":-88,"title":"Silver Drachm, Ecbatana, 123 BC - 88 BC. 1977.158.777","image_urls":["http://numismatics.org/collectionimages/19501999/1977/1977.158.777.rev.width350.jpg"]},{"from":-123,"to":-88,"title":"Silver Drachm, Ecbatana, 123 BC - 88 BC. 1944.100.82514","image_urls":["http://numismatics.org/collectionimages/19001949/1944/1944.100.82514.rev.width350.jpg"]},{"from":-123,"to":-88,"title":"Silver Drachm, Ecbatana, 123 BC - 88 BC. 1944.100.82186","image_urls":["http://numismatics.org/collectionimages/19001949/1944/1944.100.82186.rev.width350.jpg"]},{"from":-123,"to":-88,"title":"Bronze Coin, Ecbatana, 123 BC - 88 BC. 1944.100.82506","image_urls":["http://numismatics.org/collectionimages/19001949/1944/1944.100.82506.rev.width350.jpg"]},{"from":-123,"to":-88,"title":"Silver Drachm, Ecbatana, 123 BC - 88 BC. 1944.100.82475","image_urls":["http://numismatics.org/collectionimages/19001949/1944/1944.100.82475.rev.width350.jpg"]},{"from":-123,"to":-88,"title":"Silver Drachm, Ecbatana, 123 BC - 88 BC. 1944.100.82209","image_urls":["http://numismatics.org/collectionimages/19001949/1944/1944.100.82209.rev.width350.jpg"]},{"from":-123,"to":-88,"title":"Silver Drachm, Ecbatana, 123 BC - 88 BC. 1944.100.82184","image_urls":["http://numismatics.org/collectionimages/19001949/1944/1944.100.82184.rev.width350.jpg"]},{"from":-123,"to":-88,"title":"Silver Drachm, Ecbatana, 123 BC - 88 BC. 1944.100.82225","image_urls":["http://numismatics.org/collectionimages/19001949/1944/1944.100.82225.rev.width350.jpg"]}]