[{"from":-124,"to":-124,"title":"FASA-AAA203: A coin issued by Republic","image_urls":["https://finds.org.uk/images/sam/sam054.jpg"]},{"from":-124,"to":-124,"title":"PUBLIC-C311A5: A coin issued by Republic","image_urls":["https://finds.org.uk/images/strebor/PUBLIC-C311A5%20%20Roman%20Republican%20denarius%20M%20FAN%20C%20123BC.jpg"]},{"from":-124,"to":-124,"title":"SWYOR-C969D7: A coin issued by Republic","image_urls":["https://finds.org.uk/images/acooper/PAS_2325_republican.jpg"]},{"from":-124,"to":-124,"title":"ESS-8EA350: A coin issued by Republic","image_urls":["https://finds.org.uk/images/cmcdonald/Elton%20MAY%20%20RR%20Denarius%20rev.jpg"]},{"from":-124,"to":-124,"title":"YORYM-DA2BB4: A coin issued by Republic","image_urls":["https://finds.org.uk/images/bmorris/MD0037.jpg"]},{"from":-124,"to":-124,"title":"LIN-F20600: A coin issued by Republic","image_urls":["https://finds.org.uk/images/adaubney/LIN1029.jpg"]},{"from":-124,"to":-124,"title":"SUR-971DB7: A coin issued by Republic","image_urls":["https://finds.org.uk/images/dwilliams/DSCN0851.JPG"]},{"from":-124,"to":-123,"title":"Silver tetradrachm, Tyre, 124 BC - 123 BC. 1944.100.72737","image_urls":["http://numismatics.org/collectionimages/19001949/1944/1944.100.72737.rev.width350.jpg"]}]