[{"from":-125,"to":-125,"title":"WMID-3FEE54: A coin issued by Republic","image_urls":["https://finds.org.uk/images/dslarke/q6%20copy.jpg"]},{"from":-125,"to":-125,"title":"DENO-678790: A coin issued by Republic","image_urls":["https://finds.org.uk/images/cburrill2/E7286_D_%20Rom_Republican_Roma_Denarius.jpg"]},{"from":-125,"to":-125,"title":"KENT-412E54: A coin issued by Republic","image_urls":["https://finds.org.uk/images/arichardson/PAK202-001%20copy.jpg"]},{"from":-125,"to":-121,"title":"Silver Tetradrachm, Ptolemais-Ake, 125 BC - 121 BC. 0000.999.46369","image_urls":["http://numismatics.org/collectionimages/00001899/0000/0000.999.46369.rev.width350.jpg"]},{"from":-125,"to":-121,"title":"Silver Tetradrachm, Tarsus, 125 BC - 121 BC. 1977.158.705","image_urls":["http://numismatics.org/collectionimages/19501999/1977/1977.158.705.rev.width350.jpg"]}]