[{"from":-126,"to":-126,"title":"WMID-5C25B4: A coin issued by Republic","image_urls":["https://finds.org.uk/images/tgilmore/WMID-5C25B4.jpg"]},{"from":-126,"to":-126,"title":"PUBLIC-2D0F91: A coin issued by Republic","image_urls":["https://finds.org.uk/images/Linz/PUBLIC-2D0F91.jpg"]},{"from":-126,"to":-126,"title":"LIN-99BA31: A coin issued by Republic","image_urls":["https://finds.org.uk/images/adaubney/LIN9512.jpg"]},{"from":-126,"to":-76,"title":"NMS-F33C09: A coin with an unrecorded/uncertain issuer.","image_urls":["https://finds.org.uk/images/amarsden/NMD042014repubden.jpg"]}]