[{"from":-127,"to":-124,"title":"Bronze Coin, Ecbatana, 127 BC - 124 BC. 1944.100.82116","image_urls":["http://numismatics.org/collectionimages/19001949/1944/1944.100.82116.rev.width350.jpg"]},{"from":-127,"to":-124,"title":"Silver Drachm, Ecbatana, 127 BC - 124 BC. 1944.100.82113","image_urls":["http://numismatics.org/collectionimages/19001949/1944/1944.100.82113.rev.width350.jpg"]},{"from":-127,"to":-124,"title":"Silver Drachm, Ecbatana, 127 BC - 124 BC. 1944.100.82118","image_urls":["http://numismatics.org/collectionimages/19001949/1944/1944.100.82118.rev.width350.jpg"]},{"from":-127,"to":-124,"title":"Silver Tetradrachm, Seleuceia ad Tigrim, 127 BC - 124 BC. 1944.100.82110","image_urls":["http://numismatics.org/collectionimages/19001949/1944/1944.100.82110.rev.width350.jpg"]},{"from":-127,"to":-80,"title":"Silver Denarius of C.SERVEILI, Rome, 127 BC - 80 BC. 1944.100.526","image_urls":["http://numismatics.org/collectionimages/19001949/1944/1944.100.526.rev.width350.jpg"]},{"from":-127,"to":-124,"title":"Silver Drachm, Ecbatana, 127 BC - 124 BC. 1944.100.82114","image_urls":["http://numismatics.org/collectionimages/19001949/1944/1944.100.82114.rev.width350.jpg"]},{"from":-127,"to":-80,"title":"Silver Denarius of C.SERVEILI, Rome, 127 BC - 80 BC. 1896.7.26","image_urls":["http://numismatics.org/collectionimages/00001899/1896/1896.7.26.rev.width350.jpg"]},{"from":-127,"to":-124,"title":"Silver Drachm, Ecbatana, 127 BC - 124 BC. 1944.100.82115","image_urls":["http://numismatics.org/collectionimages/19001949/1944/1944.100.82115.rev.width350.jpg"]},{"from":-127,"to":-124,"title":"Silver Drachm, Ecbatana, 127 BC - 124 BC. 1944.100.82112","image_urls":["http://numismatics.org/collectionimages/19001949/1944/1944.100.82112.rev.width350.jpg"]},{"from":-127,"to":-124,"title":"Silver Tetradrachm, Seleuceia ad Tigrim, 127 BC - 124 BC. 1944.100.82109","image_urls":["http://numismatics.org/collectionimages/19001949/1944/1944.100.82109.rev.width350.jpg"]},{"from":-127,"to":-124,"title":"Silver Tetradrachm, Seleuceia ad Tigrim, 127 BC - 124 BC. 1944.100.82111","image_urls":["http://numismatics.org/collectionimages/19001949/1944/1944.100.82111.rev.width350.jpg"]},{"from":-127,"to":-124,"title":"Bronze Coin, Ecbatana, 127 BC - 124 BC. 1944.100.82117","image_urls":["http://numismatics.org/collectionimages/19001949/1944/1944.100.82117.rev.width350.jpg"]},{"from":-127,"to":-126,"title":"Silver Tetradrachm, Ptolemais-Ake, 127 BC - 126 BC. 1944.100.77884","image_urls":["http://numismatics.org/collectionimages/19001949/1944/1944.100.77884.rev.width350.jpg"]},{"from":-127,"to":-126,"title":"Silver Tetradrachm, Ptolemais-Ake, 127 BC - 126 BC. 1948.19.2448","image_urls":["http://numismatics.org/collectionimages/19001949/1948/1948.19.2448.rev.width350.jpg"]},{"from":-127,"to":-124,"title":"Silver Tetradrachm, Seleuceia ad Tigrim, 127 BC - 124 BC. 1967.152.704","image_urls":["http://numismatics.org/collectionimages/19501999/1967/1967.152.704.rev.width350.jpg"]}]