[{"from":-128,"to":-128,"title":"SF-706A2D: A coin issued by Republic","image_urls":["https://finds.org.uk/images/abrown/MDN_SF-706A2D.jpg"]},{"from":-128,"to":-128,"title":"IOW-B984F5: A coin issued by Republic","image_urls":["https://finds.org.uk/images/fbasford/IOW2012-2-5.JPG"]},{"from":-128,"to":-128,"title":"KENT-6D0CF1: A coin issued by Republic","image_urls":["https://finds.org.uk/images/jjackson/metellus.jpg"]},{"from":-128,"to":-85,"title":"Silver cistophorus, Tralles, 128 BC - 85 BC. 1951.5.194","image_urls":["http://numismatics.org/collectionimages/19501999/1951/1951.5.194.rev.width350.jpg"]},{"from":-128,"to":-85,"title":"Silver cistophorus, Tralles, 128 BC - 85 BC. 1944.100.37572","image_urls":["http://numismatics.org/collectionimages/19001949/1944/1944.100.37572.rev.width350.jpg"]},{"from":-128,"to":-85,"title":"Silver drachm, Tralles, 128 BC - 85 BC. 1971.219.26","image_urls":["http://numismatics.org/collectionimages/19501999/1971/1971.219.26.rev.width350.jpg"]},{"from":-128,"to":-85,"title":"Silver cistophorus, Tralles, 128 BC - 85 BC. 1951.5.191","image_urls":["http://numismatics.org/collectionimages/19501999/1951/1951.5.191.rev.width350.jpg"]},{"from":-128,"to":-85,"title":"Silver cistophorus, Tralles, 128 BC - 85 BC. 1955.107.39","image_urls":["http://numismatics.org/collectionimages/19501999/1955/1955.107.39.rev.width350.jpg"]},{"from":-128,"to":-85,"title":"Silver cistophorus, Tralles, 128 BC - 85 BC. 1984.5.36","image_urls":["http://numismatics.org/collectionimages/19501999/1984/1984.5.36.rev.width350.jpg"]},{"from":-128,"to":-85,"title":"Silver drachm, Tralles, 128 BC - 85 BC. 1959.254.57","image_urls":["http://numismatics.org/collectionimages/19501999/1959/1959.254.57.rev.width350.jpg"]},{"from":-128,"to":-85,"title":"Silver hemidrachm, Tralles, 128 BC - 85 BC. 1984.65.93","image_urls":["http://numismatics.org/collectionimages/19501999/1984/1984.65.93.rev.width350.jpg"]},{"from":-128,"to":-85,"title":"Silver cistophorus, Tralles, 128 BC - 85 BC. 1971.219.22","image_urls":["http://numismatics.org/collectionimages/19501999/1971/1971.219.22.rev.width350.jpg"]},{"from":-128,"to":-67,"title":"Silver cistophorus, Laodiceia ad Lycum, 128 BC - 67 BC. 1944.100.37599","image_urls":["http://numismatics.org/collectionimages/19001949/1944/1944.100.37599.rev.width350.jpg"]},{"from":-128,"to":-85,"title":"Silver drachm, Tralles, 128 BC - 85 BC. 1951.5.190","image_urls":["http://numismatics.org/collectionimages/19501999/1951/1951.5.190.rev.width350.jpg"]},{"from":-128,"to":-85,"title":"Silver cistophorus, Tralles, 128 BC - 85 BC. 1984.5.39","image_urls":["http://numismatics.org/collectionimages/19501999/1984/1984.5.39.rev.width350.jpg"]},{"from":-128,"to":-123,"title":"Silver Drachm, Antioch, 128 BC - 123 BC. 1944.100.76762","image_urls":["http://numismatics.org/collectionimages/19001949/1944/1944.100.76762.rev.width350.jpg"]},{"from":-128,"to":-85,"title":"Silver cistophorus, Tralles, 128 BC - 85 BC. 1951.5.192","image_urls":["http://numismatics.org/collectionimages/19501999/1951/1951.5.192.rev.width350.jpg"]},{"from":-128,"to":-123,"title":"Silver Drachm, Antioch, 128 BC - 123 BC. 1944.100.76761","image_urls":["http://numismatics.org/collectionimages/19001949/1944/1944.100.76761.rev.width350.jpg"]},{"from":-128,"to":-67,"title":"Silver cistophorus of T. AMPIUS T.F. BALBUS, Ephesus, 128 BC - 67 BC. 1953.148.5","image_urls":["http://numismatics.org/collectionimages/19501999/1953/1953.148.5.rev.width350.jpg"]},{"from":-128,"to":-85,"title":"Silver cistophorus, Tralles, 128 BC - 85 BC. 1971.219.25","image_urls":["http://numismatics.org/collectionimages/19501999/1971/1971.219.25.rev.width350.jpg"]},{"from":-128,"to":-85,"title":"Silver cistophorus, Tralles, 128 BC - 85 BC. 1984.5.41","image_urls":["http://numismatics.org/collectionimages/19501999/1984/1984.5.41.rev.width350.jpg"]},{"from":-128,"to":-85,"title":"Silver didrachm, Tralles, 128 BC - 85 BC. 1959.254.56","image_urls":["http://numismatics.org/collectionimages/19501999/1959/1959.254.56.rev.width350.jpg"]},{"from":-128,"to":-127,"title":"Silver Tetradrachm, Ptolemais-Ake, 128 BC - 127 BC. 1944.100.77883","image_urls":["http://numismatics.org/collectionimages/19001949/1944/1944.100.77883.rev.width350.jpg"]},{"from":-128,"to":-123,"title":"Silver Tetradrachm, Antioch, 128 BC - 123 BC. 1967.152.641","image_urls":["http://numismatics.org/collectionimages/19501999/1967/1967.152.641.rev.width350.jpg"]},{"from":-128,"to":-85,"title":"Silver drachm, Tralles, 128 BC - 85 BC. 1971.219.28","image_urls":["http://numismatics.org/collectionimages/19501999/1971/1971.219.28.rev.width350.jpg"]},{"from":-128,"to":-85,"title":"Silver cistophorus, Tralles, 128 BC - 85 BC. 1984.5.44","image_urls":["http://numismatics.org/collectionimages/19501999/1984/1984.5.44.rev.width350.jpg"]},{"from":-128,"to":-85,"title":"Silver cistophorus, Tralles, 128 BC - 85 BC. 1971.217.1","image_urls":["http://numismatics.org/collectionimages/19501999/1971/1971.217.1.rev.width350.jpg"]},{"from":-128,"to":-85,"title":"Silver cistophorus, Tralles, 128 BC - 85 BC. 1971.219.23","image_urls":["http://numismatics.org/collectionimages/19501999/1971/1971.219.23.rev.width350.jpg"]},{"from":-128,"to":-85,"title":"Silver cistophorus, Tralles, 128 BC - 85 BC. 1968.185.1","image_urls":["http://numismatics.org/collectionimages/19501999/1968/1968.185.1.rev.width350.jpg"]},{"from":-128,"to":-85,"title":"Silver cistophorus, Tralles, 128 BC - 85 BC. 1951.5.195","image_urls":["http://numismatics.org/collectionimages/19501999/1951/1951.5.195.rev.width350.jpg"]},{"from":-128,"to":-85,"title":"Silver cistophorus, Tralles, 128 BC - 85 BC. 1984.5.40","image_urls":["http://numismatics.org/collectionimages/19501999/1984/1984.5.40.rev.width350.jpg"]},{"from":-128,"to":-85,"title":"Silver cistophorus, Tralles, 128 BC - 85 BC. 1971.219.21","image_urls":["http://numismatics.org/collectionimages/19501999/1971/1971.219.21.rev.width350.jpg"]},{"from":-128,"to":-85,"title":"Silver cistophorus, Tralles, 128 BC - 85 BC. 1984.5.46","image_urls":["http://numismatics.org/collectionimages/19501999/1984/1984.5.46.rev.width350.jpg"]},{"from":-128,"to":-85,"title":"Silver didrachm, Tralles, 128 BC - 85 BC. 1984.5.43","image_urls":["http://numismatics.org/collectionimages/19501999/1984/1984.5.43.rev.width350.jpg"]},{"from":-128,"to":-85,"title":"Silver drachm, Tralles, 128 BC - 85 BC. 1971.219.27","image_urls":["http://numismatics.org/collectionimages/19501999/1971/1971.219.27.rev.width350.jpg"]},{"from":-128,"to":-85,"title":"Silver drachm, Tralles, 128 BC - 85 BC. 1984.5.37","image_urls":["http://numismatics.org/collectionimages/19501999/1984/1984.5.37.rev.width350.jpg"]},{"from":-128,"to":-123,"title":"Silver Tetradrachm, Antioch, 128 BC - 123 BC. 1944.100.76737","image_urls":["http://numismatics.org/collectionimages/19001949/1944/1944.100.76737.rev.width350.jpg"]},{"from":-128,"to":-85,"title":"Silver cistophorus, Tralles, 128 BC - 85 BC. 1971.219.24","image_urls":["http://numismatics.org/collectionimages/19501999/1971/1971.219.24.rev.width350.jpg"]},{"from":-128,"to":-127,"title":"Silver Didrachm, Ptolemais-Ake, 128 BC - 127 BC. 1944.100.77881","image_urls":["http://numismatics.org/collectionimages/19001949/1944/1944.100.77881.rev.width350.jpg"]},{"from":-128,"to":-85,"title":"Silver cistophorus, Tralles, 128 BC - 85 BC. 1951.5.193","image_urls":["http://numismatics.org/collectionimages/19501999/1951/1951.5.193.rev.width350.jpg"]},{"from":-128,"to":-85,"title":"Silver cistophorus, Tralles, 128 BC - 85 BC. 1984.5.30","image_urls":["http://numismatics.org/collectionimages/19501999/1984/1984.5.30.rev.width350.jpg"]},{"from":-128,"to":-85,"title":"Silver cistophorus, Tralles, 128 BC - 85 BC. 1960.33.29","image_urls":["http://numismatics.org/collectionimages/19501999/1960/1960.33.29.rev.width350.jpg"]}]