[{"from":-129,"to":-129,"title":"IOW-713C26: A coin issued by Republic","image_urls":["https://finds.org.uk/images/fbasford/IOW2003-86or.JPG"]},{"from":-129,"to":-129,"title":"BERK-839E34: A coin issued by Republic","image_urls":["https://finds.org.uk/images/plevick/y271.jpg"]},{"from":-129,"to":-128,"title":"Silver Tetradrachm, Antioch, 129 BC - 128 BC. 1944.100.76709","image_urls":["http://numismatics.org/collectionimages/19001949/1944/1944.100.76709.rev.width350.jpg"]},{"from":-129,"to":-125,"title":"Silver Tetradrachm, Tarsus, 129 BC - 125 BC. 1944.100.78069","image_urls":["http://numismatics.org/collectionimages/19001949/1944/1944.100.78069.rev.width350.jpg"]},{"from":-129,"to":-125,"title":"Silver Tetradrachm, Ptolemais-Ake, 129 BC - 125 BC. 1948.19.2449","image_urls":["http://numismatics.org/collectionimages/19001949/1948/1948.19.2449.rev.width350.jpg"]},{"from":-129,"to":-125,"title":"Bronze Chalque, Sidon, 129 BC - 125 BC. 1992.54.1996","image_urls":["http://numismatics.org/collectionimages/19501999/1992/1992.54.1996.rev.width350.jpg"]},{"from":-129,"to":-125,"title":"Silver Tetradrachm, Ptolemais-Ake, 129 BC - 125 BC. 1948.19.2450","image_urls":["http://numismatics.org/collectionimages/19001949/1948/1948.19.2450.rev.width350.jpg"]},{"from":-129,"to":-125,"title":"Silver Tetradrachm, Ptolemais-Ake, 129 BC - 125 BC. 1957.172.2066","image_urls":["http://numismatics.org/collectionimages/19501999/1957/1957.172.2066.rev.width350.jpg"]},{"from":-129,"to":-128,"title":"Silver Tetradrachm, Antioch, 129 BC - 128 BC. 1967.152.640","image_urls":["http://numismatics.org/collectionimages/19501999/1967/1967.152.640.rev.width350.jpg"]}]