[{"from":-130,"to":-129,"title":"Silver Tetradrachm, Seleuceia ad Tigrim, 130 BC - 129 BC. 1944.100.71965","image_urls":["http://numismatics.org/collectionimages/19001949/1944/1944.100.71965.rev.width350.jpg"]},{"from":-130,"to":-129,"title":"Bronze Double, Seleuceia ad Tigrim, 130 BC - 129 BC. 1944.100.71967","image_urls":["http://numismatics.org/collectionimages/19001949/1944/1944.100.71967.rev.width350.jpg"]},{"from":-130,"to":-129,"title":"Bronze Double, Seleuceia ad Tigrim, 130 BC - 129 BC. 1944.100.71968","image_urls":["http://numismatics.org/collectionimages/19001949/1944/1944.100.71968.rev.width350.jpg"]}]