[{"from":-134,"to":-134,"title":"NCL-C8C871: A coin issued by Republic","image_urls":["https://finds.org.uk/images/rcollins/IMG_1873.jpg"]},{"from":-134,"to":-128,"title":"Silver drachm, Tralles, 134 BC - 128 BC. 1984.5.35","image_urls":["http://numismatics.org/collectionimages/19501999/1984/1984.5.35.rev.width350.jpg"]},{"from":-134,"to":-128,"title":"Silver cistophorus, Tralles, 134 BC - 128 BC. 1951.5.189","image_urls":["http://numismatics.org/collectionimages/19501999/1951/1951.5.189.rev.width350.jpg"]},{"from":-134,"to":-128,"title":"Silver cistophorus, Tralles, 134 BC - 128 BC. 1944.100.37570","image_urls":["http://numismatics.org/collectionimages/19001949/1944/1944.100.37570.rev.width350.jpg"]},{"from":-134,"to":-128,"title":"Silver cistophorus, Tralles, 134 BC - 128 BC. 1944.100.37571","image_urls":["http://numismatics.org/collectionimages/19001949/1944/1944.100.37571.rev.width350.jpg"]}]