[{"from":-137,"to":-137,"title":"NARC-AD4267: A coin issued by Republic","image_urls":["https://finds.org.uk/images/tbrindle/NARC-AD4267.jpg"]},{"from":-137,"to":-137,"title":"LEIC-9D14B2: A coin issued by Republic","image_urls":["https://finds.org.uk/images/wscott/9D14B2.JPG"]},{"from":-137,"to":-137,"title":"HAMP-2314F6: A coin issued by Republic","image_urls":["https://finds.org.uk/images/jojocole/HAMP-2314F6.jpg"]},{"from":-137,"to":-137,"title":"BERK-13A135: A coin issued by Republic","image_urls":["https://finds.org.uk/images/plevick/y67.jpg"]},{"from":-137,"to":-137,"title":"YORYM-90BB87: A coin issued by Republic","image_urls":["https://finds.org.uk/images/bmorris/CD0050.jpg"]},{"from":-137,"to":-137,"title":"HAMP3393: A coin issued by Republic","image_urls":["https://finds.org.uk/images/sworrell/hamp%203393.JPG"]}]