[{"from":-138,"to":-138,"title":"GLO-0084F2: A coin issued by Republic","image_urls":["https://finds.org.uk/images/kadams/4969RomanRepublicancoin.jpg"]},{"from":-138,"to":-138,"title":"ESS-93A0F4: A coin issued by Republic","image_urls":["https://finds.org.uk/images/lmclean/ESS-93A0F4.jpg"]},{"from":-138,"to":-138,"title":"DENO-C9ECC7: A coin issued by Republic","image_urls":["https://finds.org.uk/images/ratherton/E4848%20repub%20coin.jpg"]},{"from":-138,"to":-127,"title":"Silver Tetradrachm, Seleuceia ad Tigrim, 138 BC - 127 BC. 1967.152.703","image_urls":["http://numismatics.org/collectionimages/19501999/1967/1967.152.703.rev.width350.jpg"]},{"from":-138,"to":-127,"title":"Silver Drachm, Ecbatana, 138 BC - 127 BC. 1944.100.82086","image_urls":["http://numismatics.org/collectionimages/19001949/1944/1944.100.82086.rev.width350.jpg"]},{"from":-138,"to":-127,"title":"Silver Drachm, Ecbatana, 138 BC - 127 BC. 1944.100.82085","image_urls":["http://numismatics.org/collectionimages/19001949/1944/1944.100.82085.rev.width350.jpg"]},{"from":-138,"to":-137,"title":"Silver Didrachm, Alexandreia, 138 BC - 137 BC. 1944.100.75452","image_urls":["http://numismatics.org/collectionimages/19001949/1944/1944.100.75452.rev.width350.jpg"]},{"from":-138,"to":-129,"title":"Silver Tetradrachm, Antioch, 138 BC - 129 BC. 1944.100.76630","image_urls":["http://numismatics.org/collectionimages/19001949/1944/1944.100.76630.rev.width350.jpg"]},{"from":-138,"to":-127,"title":"Bronze Coin, Ecbatana, 138 BC - 127 BC. 1974.52.19","image_urls":["http://numismatics.org/collectionimages/19501999/1974/1974.52.19.rev.width350.jpg"]},{"from":-138,"to":-127,"title":"Silver Drachm, Ecbatana, 138 BC - 127 BC. 1944.100.82082","image_urls":["http://numismatics.org/collectionimages/19001949/1944/1944.100.82082.rev.width350.jpg"]},{"from":-138,"to":-127,"title":"Bronze Coin, Ecbatana, 138 BC - 127 BC. 1973.56.1568","image_urls":["http://numismatics.org/collectionimages/19501999/1973/1973.56.1568.rev.width350.jpg"]},{"from":-138,"to":-127,"title":"Silver obol, Ecbatana, 138 BC - 127 BC. 1944.100.82100","image_urls":["http://numismatics.org/collectionimages/19001949/1944/1944.100.82100.rev.width350.jpg"]},{"from":-138,"to":-127,"title":"Silver Drachm, Nisa Mithradatkart, 138 BC - 127 BC. 1944.100.82099","image_urls":["http://numismatics.org/collectionimages/19001949/1944/1944.100.82099.rev.width350.jpg"]},{"from":-138,"to":-129,"title":"Silver Tetradrachm, Antioch, 138 BC - 129 BC. 1944.100.76621","image_urls":["http://numismatics.org/collectionimages/19001949/1944/1944.100.76621.rev.width350.jpg"]},{"from":-138,"to":-127,"title":"Bronze Coin, Ecbatana, 138 BC - 127 BC. 1944.100.82103","image_urls":["http://numismatics.org/collectionimages/19001949/1944/1944.100.82103.rev.width350.jpg"]},{"from":-138,"to":-127,"title":"Bronze Coin, Ecbatana, 138 BC - 127 BC. 1944.100.82106","image_urls":["http://numismatics.org/collectionimages/19001949/1944/1944.100.82106.rev.width350.jpg"]},{"from":-138,"to":-127,"title":"Silver Drachm, Nisa Mithradatkart, 138 BC - 127 BC. 1944.100.82096","image_urls":["http://numismatics.org/collectionimages/19001949/1944/1944.100.82096.rev.width350.jpg"]},{"from":-138,"to":-127,"title":"Silver Drachm, Ecbatana, 138 BC - 127 BC. 1944.100.82084","image_urls":["http://numismatics.org/collectionimages/19001949/1944/1944.100.82084.rev.width350.jpg"]},{"from":-138,"to":-127,"title":"Bronze Coin, Ecbatana, 138 BC - 127 BC. 1944.100.82104","image_urls":["http://numismatics.org/collectionimages/19001949/1944/1944.100.82104.rev.width350.jpg"]},{"from":-138,"to":-127,"title":"Silver Drachm, Nisa Mithradatkart, 138 BC - 127 BC. 1944.100.82097","image_urls":["http://numismatics.org/collectionimages/19001949/1944/1944.100.82097.rev.width350.jpg"]},{"from":-138,"to":-129,"title":"Silver Tetradrachm, Antioch, 138 BC - 129 BC. 1978.64.211","image_urls":["http://numismatics.org/collectionimages/19501999/1978/1978.64.211.rev.width350.jpg"]},{"from":-138,"to":-127,"title":"Silver Drachm, Ecbatana, 138 BC - 127 BC. 1944.100.82081","image_urls":["http://numismatics.org/collectionimages/19001949/1944/1944.100.82081.rev.width350.jpg"]},{"from":-138,"to":-127,"title":"Bronze Coin, Ecbatana, 138 BC - 127 BC. 1944.100.82105","image_urls":["http://numismatics.org/collectionimages/19001949/1944/1944.100.82105.rev.width350.jpg"]},{"from":-138,"to":-127,"title":"Silver Drachm, Nisa Mithradatkart, 138 BC - 127 BC. 1944.100.82095","image_urls":["http://numismatics.org/collectionimages/19001949/1944/1944.100.82095.rev.width350.jpg"]},{"from":-138,"to":-127,"title":"Bronze Coin, Ecbatana, 138 BC - 127 BC. 1944.100.82102","image_urls":["http://numismatics.org/collectionimages/19001949/1944/1944.100.82102.rev.width350.jpg"]},{"from":-138,"to":-127,"title":"Silver Drachm, Seleuceia ad Tigrim, 138 BC - 127 BC. 1949.21.8","image_urls":["http://numismatics.org/collectionimages/19001949/1949/1949.21.8.rev.width350.jpg"]},{"from":-138,"to":-127,"title":"Silver Drachm, Seleuceia ad Tigrim, 138 BC - 127 BC. 1944.100.82108","image_urls":["http://numismatics.org/collectionimages/19001949/1944/1944.100.82108.rev.width350.jpg"]},{"from":-138,"to":-127,"title":"Silver Drachm, Ecbatana, 138 BC - 127 BC. 1944.100.82083","image_urls":["http://numismatics.org/collectionimages/19001949/1944/1944.100.82083.rev.width350.jpg"]},{"from":-138,"to":-129,"title":"Bronze Coin, Antioch, 138 BC - 129 BC. 1944.100.76676","image_urls":["http://numismatics.org/collectionimages/19001949/1944/1944.100.76676.rev.width350.jpg"]},{"from":-138,"to":-127,"title":"Bronze Coin, Ecbatana, 138 BC - 127 BC. 1944.100.82107","image_urls":["http://numismatics.org/collectionimages/19001949/1944/1944.100.82107.rev.width350.jpg"]},{"from":-138,"to":-129,"title":"Bronze Coin, Antioch, 138 BC - 129 BC. 1944.100.76671","image_urls":["http://numismatics.org/collectionimages/19001949/1944/1944.100.76671.rev.width350.jpg"]},{"from":-138,"to":-127,"title":"Silver Tetradrachm, Seleuceia ad Tigrim, 138 BC - 127 BC. 1944.100.82080","image_urls":["http://numismatics.org/collectionimages/19001949/1944/1944.100.82080.rev.width350.jpg"]}]