[{"from":-139,"to":-139,"title":"PUBLIC-FD02F6: A coin issued by Republic","image_urls":["https://finds.org.uk/images/Linz/PUBLIC-FD02F6%20COIN.jpg"]},{"from":-139,"to":-139,"title":"DENO-8EBFD4: A coin issued by Republic","image_urls":["https://finds.org.uk/images/ratherton/E4508%20den%20rep.jpg"]},{"from":-139,"to":-139,"title":"LANCUM-766141: A coin issued by Republic","image_urls":["https://finds.org.uk/images/snoon/LANCUM-766141.jpg"]},{"from":-139,"to":-139,"title":"SF-CBE9D7: A coin issued by Republic","image_urls":["https://finds.org.uk/images/abrown/WGW_SF-CBE9D7.jpg"]},{"from":-139,"to":-139,"title":"LIN-01DBF3: A coin issued by Republic","image_urls":["https://finds.org.uk/images/adaubney/LIN5146.JPG"]},{"from":-139,"to":-129,"title":"Bronze Coin, Antioch, 139 BC - 129 BC. 1986.76.41","image_urls":["http://numismatics.org/collectionimages/19501999/1986/1986.76.41.rev.width350.jpg"]}]