[{"from":-14,"to":-14,"title":"YORYM-335420: A coin issued by Republic","image_urls":["https://finds.org.uk/images/law/RoD0202.jpg"]},{"from":-14,"to":100,"title":"Bronze Coin, Berytus, 14 BC - AD 100. 1944.100.70160","image_urls":["http://numismatics.org/collectionimages/19001949/1944/1944.100.70160.rev.width350.jpg"]},{"from":-14,"to":100,"title":"Bronze Coin, Berytus, 14 BC - AD 100. 1944.100.70159","image_urls":["http://numismatics.org/collectionimages/19001949/1944/1944.100.70159.rev.width350.jpg"]}]