[{"from":-142,"to":-139,"title":"Silver Tetradrachm, Antioch, 142 BC - 139 BC. 1945.121.1","image_urls":["http://numismatics.org/collectionimages/19001949/1945/1945.121.1.rev.width350.jpg"]},{"from":-142,"to":-139,"title":"Silver Drachm, Antioch, 142 BC - 139 BC. 1977.158.692","image_urls":["http://numismatics.org/collectionimages/19501999/1977/1977.158.692.rev.width350.jpg"]},{"from":-142,"to":-139,"title":"Silver Tetradrachm, Ptolemais-Ake, 142 BC - 139 BC. 1967.152.664","image_urls":["http://numismatics.org/collectionimages/19501999/1967/1967.152.664.rev.width350.jpg"]},{"from":-142,"to":-139,"title":"Silver Tetradrachm, Ptolemais-Ake, 142 BC - 139 BC. 1977.158.693","image_urls":["http://numismatics.org/collectionimages/19501999/1977/1977.158.693.rev.width350.jpg"]},{"from":-142,"to":-139,"title":"Silver Tetradrachm, Ptolemais-Ake, 142 BC - 139 BC. 1951.171.3","image_urls":["http://numismatics.org/collectionimages/19501999/1951/1951.171.3.rev.width350.jpg"]}]