[{"from":-145,"to":-117,"title":"ESS-D1A563: A coin issued by Republic","image_urls":["https://finds.org.uk/images/cmcdonald/Scurrell%20republican.jpg"]},{"from":-145,"to":-88,"title":"Silver triobol, Cos, 145 BC - 88 BC. 1977.158.422","image_urls":["http://numismatics.org/collectionimages/19501999/1977/1977.158.422.rev.width350.jpg"]},{"from":-145,"to":-88,"title":"Silver triobol, Cos, 145 BC - 88 BC. 1960.170.349","image_urls":["http://numismatics.org/collectionimages/19501999/1960/1960.170.349.rev.width350.jpg"]},{"from":-145,"to":-88,"title":"Silver triobol, Cos, 145 BC - 88 BC. 1960.170.343","image_urls":["http://numismatics.org/collectionimages/19501999/1960/1960.170.343.rev.width350.jpg"]},{"from":-145,"to":-88,"title":"Silver triobol, Cos, 145 BC - 88 BC. 1960.170.316","image_urls":["http://numismatics.org/collectionimages/19501999/1960/1960.170.316.rev.width350.jpg"]},{"from":-145,"to":-88,"title":"Silver triobol, Cos, 145 BC - 88 BC. 1960.170.295","image_urls":["http://numismatics.org/collectionimages/19501999/1960/1960.170.295.rev.width350.jpg"]},{"from":-145,"to":-142,"title":"Silver Drachm, Antioch, 145 BC - 142 BC. 1944.100.76553","image_urls":["http://numismatics.org/collectionimages/19001949/1944/1944.100.76553.rev.width350.jpg"]},{"from":-145,"to":-88,"title":"Silver triobol, Cos, 145 BC - 88 BC. 1960.170.352","image_urls":["http://numismatics.org/collectionimages/19501999/1960/1960.170.352.rev.width350.jpg"]},{"from":-145,"to":-88,"title":"Silver triobol, Cos, 145 BC - 88 BC. 1960.170.307","image_urls":["http://numismatics.org/collectionimages/19501999/1960/1960.170.307.rev.width350.jpg"]},{"from":-145,"to":-88,"title":"Silver triobol, Cos, 145 BC - 88 BC. 1944.100.48498","image_urls":["http://numismatics.org/collectionimages/19001949/1944/1944.100.48498.rev.width350.jpg"]},{"from":-145,"to":-116,"title":"Gold octadrachm, Alexandreia, 145 BC - 116 BC. 1957.191.47","image_urls":["http://numismatics.org/collectionimages/19501999/1957/1957.191.47.rev.width350.jpg"]},{"from":-145,"to":-88,"title":"Silver triobol, Cos, 145 BC - 88 BC. 1944.100.48496","image_urls":["http://numismatics.org/collectionimages/19001949/1944/1944.100.48496.rev.width350.jpg"]},{"from":-145,"to":-88,"title":"Silver triobol, Cos, 145 BC - 88 BC. 1960.170.355","image_urls":["http://numismatics.org/collectionimages/19501999/1960/1960.170.355.rev.width350.jpg"]},{"from":-145,"to":-88,"title":"Silver triobol, Cos, 145 BC - 88 BC. 1960.170.345","image_urls":["http://numismatics.org/collectionimages/19501999/1960/1960.170.345.rev.width350.jpg"]},{"from":-145,"to":-88,"title":"Silver triobol, Cos, 145 BC - 88 BC. 1960.170.317","image_urls":["http://numismatics.org/collectionimages/19501999/1960/1960.170.317.rev.width350.jpg"]},{"from":-145,"to":-88,"title":"Silver triobol, Cos, 145 BC - 88 BC. 1960.170.292","image_urls":["http://numismatics.org/collectionimages/19501999/1960/1960.170.292.rev.width350.jpg"]},{"from":-145,"to":-88,"title":"Silver triobol, Cos, 145 BC - 88 BC. 1960.170.302","image_urls":["http://numismatics.org/collectionimages/19501999/1960/1960.170.302.rev.width350.jpg"]},{"from":-145,"to":-142,"title":"Silver Tetradrachm, Antioch, 145 BC - 142 BC. 1951.98.11","image_urls":["http://numismatics.org/collectionimages/19501999/1951/1951.98.11.rev.width350.jpg"]},{"from":-145,"to":-88,"title":"Silver triobol, Cos, 145 BC - 88 BC. 1949.27.45","image_urls":["http://numismatics.org/collectionimages/19001949/1949/1949.27.45.rev.width350.jpg"]},{"from":-145,"to":-88,"title":"Silver triobol, Cos, 145 BC - 88 BC. 1960.170.331","image_urls":["http://numismatics.org/collectionimages/19501999/1960/1960.170.331.rev.width350.jpg"]},{"from":-145,"to":-88,"title":"Silver triobol, Cos, 145 BC - 88 BC. 1960.170.325","image_urls":["http://numismatics.org/collectionimages/19501999/1960/1960.170.325.rev.width350.jpg"]},{"from":-145,"to":-88,"title":"Silver triobol, Cos, 145 BC - 88 BC. 1960.170.346","image_urls":["http://numismatics.org/collectionimages/19501999/1960/1960.170.346.rev.width350.jpg"]},{"from":-145,"to":-88,"title":"Silver triobol, Cos, 145 BC - 88 BC. 1960.170.328","image_urls":["http://numismatics.org/collectionimages/19501999/1960/1960.170.328.rev.width350.jpg"]},{"from":-145,"to":-88,"title":"Silver triobol, Cos, 145 BC - 88 BC. 1960.170.297","image_urls":["http://numismatics.org/collectionimages/19501999/1960/1960.170.297.rev.width350.jpg"]},{"from":-145,"to":-88,"title":"Silver triobol, Cos, 145 BC - 88 BC. 0000.999.20799","image_urls":["http://numismatics.org/collectionimages/00001899/0000/0000.999.20799.rev.width350.jpg"]},{"from":-145,"to":-88,"title":"Silver triobol, Cos, 145 BC - 88 BC. 1960.170.304","image_urls":["http://numismatics.org/collectionimages/19501999/1960/1960.170.304.rev.width350.jpg"]},{"from":-145,"to":-88,"title":"Silver triobol, Cos, 145 BC - 88 BC. 1960.170.319","image_urls":["http://numismatics.org/collectionimages/19501999/1960/1960.170.319.rev.width350.jpg"]},{"from":-145,"to":-88,"title":"Silver triobol, Cos, 145 BC - 88 BC. 1960.170.301","image_urls":["http://numismatics.org/collectionimages/19501999/1960/1960.170.301.rev.width350.jpg"]},{"from":-145,"to":-88,"title":"Silver triobol, Cos, 145 BC - 88 BC. 1960.170.291","image_urls":["http://numismatics.org/collectionimages/19501999/1960/1960.170.291.rev.width350.jpg"]},{"from":-145,"to":-88,"title":"Silver triobol, Cos, 145 BC - 88 BC. 1977.158.421","image_urls":["http://numismatics.org/collectionimages/19501999/1977/1977.158.421.rev.width350.jpg"]},{"from":-145,"to":-88,"title":"Silver triobol, Cos, 145 BC - 88 BC. 1960.170.306","image_urls":["http://numismatics.org/collectionimages/19501999/1960/1960.170.306.rev.width350.jpg"]},{"from":-145,"to":-88,"title":"Silver triobol, Cos, 145 BC - 88 BC. 1960.170.296","image_urls":["http://numismatics.org/collectionimages/19501999/1960/1960.170.296.rev.width350.jpg"]},{"from":-145,"to":-88,"title":"Silver triobol, Cos, 145 BC - 88 BC. 1944.100.48497","image_urls":["http://numismatics.org/collectionimages/19001949/1944/1944.100.48497.rev.width350.jpg"]},{"from":-145,"to":-88,"title":"Silver triobol, Cos, 145 BC - 88 BC. 1960.170.341","image_urls":["http://numismatics.org/collectionimages/19501999/1960/1960.170.341.rev.width350.jpg"]},{"from":-145,"to":-88,"title":"Silver triobol, Cos, 145 BC - 88 BC. 1960.170.290","image_urls":["http://numismatics.org/collectionimages/19501999/1960/1960.170.290.rev.width350.jpg"]},{"from":-145,"to":-88,"title":"Silver triobol, Cos, 145 BC - 88 BC. 1944.100.48495","image_urls":["http://numismatics.org/collectionimages/19001949/1944/1944.100.48495.rev.width350.jpg"]},{"from":-145,"to":-88,"title":"Silver triobol, Cos, 145 BC - 88 BC. 1960.170.348","image_urls":["http://numismatics.org/collectionimages/19501999/1960/1960.170.348.rev.width350.jpg"]},{"from":-145,"to":-88,"title":"Silver triobol, Cos, 145 BC - 88 BC. 1954.185.21","image_urls":["http://numismatics.org/collectionimages/19501999/1954/1954.185.21.rev.width350.jpg"]},{"from":-145,"to":-88,"title":"Silver triobol, Cos, 145 BC - 88 BC. 1960.170.327","image_urls":["http://numismatics.org/collectionimages/19501999/1960/1960.170.327.rev.width350.jpg"]},{"from":-145,"to":-144,"title":"Silver Tetradrachm, Alexandreia, 145 BC - 144 BC. 1944.100.78905","image_urls":["http://numismatics.org/collectionimages/19001949/1944/1944.100.78905.rev.width350.jpg"]},{"from":-145,"to":-88,"title":"Silver triobol, Cos, 145 BC - 88 BC. 1960.170.299","image_urls":["http://numismatics.org/collectionimages/19501999/1960/1960.170.299.rev.width350.jpg"]},{"from":-145,"to":-88,"title":"Silver triobol, Cos, 145 BC - 88 BC. 1960.170.321","image_urls":["http://numismatics.org/collectionimages/19501999/1960/1960.170.321.rev.width350.jpg"]},{"from":-145,"to":-88,"title":"Silver triobol, Cos, 145 BC - 88 BC. 1960.170.315","image_urls":["http://numismatics.org/collectionimages/19501999/1960/1960.170.315.rev.width350.jpg"]},{"from":-145,"to":-88,"title":"Silver triobol, Cos, 145 BC - 88 BC. 1960.170.309","image_urls":["http://numismatics.org/collectionimages/19501999/1960/1960.170.309.rev.width350.jpg"]},{"from":-145,"to":-88,"title":"Silver triobol, Cos, 145 BC - 88 BC. 1960.170.336","image_urls":["http://numismatics.org/collectionimages/19501999/1960/1960.170.336.rev.width350.jpg"]},{"from":-145,"to":-88,"title":"Silver triobol, Cos, 145 BC - 88 BC. 1960.170.300","image_urls":["http://numismatics.org/collectionimages/19501999/1960/1960.170.300.rev.width350.jpg"]},{"from":-145,"to":-88,"title":"Silver triobol, Cos, 145 BC - 88 BC. 1960.170.294","image_urls":["http://numismatics.org/collectionimages/19501999/1960/1960.170.294.rev.width350.jpg"]},{"from":-145,"to":-88,"title":"Silver triobol, Cos, 145 BC - 88 BC. 1960.170.339","image_urls":["http://numismatics.org/collectionimages/19501999/1960/1960.170.339.rev.width350.jpg"]},{"from":-145,"to":-88,"title":"Silver triobol, Cos, 145 BC - 88 BC. 1960.170.351","image_urls":["http://numismatics.org/collectionimages/19501999/1960/1960.170.351.rev.width350.jpg"]},{"from":-145,"to":-88,"title":"Silver triobol, Cos, 145 BC - 88 BC. 1960.170.354","image_urls":["http://numismatics.org/collectionimages/19501999/1960/1960.170.354.rev.width350.jpg"]},{"from":-145,"to":-116,"title":"Gold octadrachm, Alexandreia, 145 BC - 116 BC. 1964.79.62","image_urls":["http://numismatics.org/collectionimages/19501999/1964/1964.79.62.rev.width350.jpg"]},{"from":-145,"to":-88,"title":"Silver triobol, Cos, 145 BC - 88 BC. 1960.170.303","image_urls":["http://numismatics.org/collectionimages/19501999/1960/1960.170.303.rev.width350.jpg"]},{"from":-145,"to":-88,"title":"Silver triobol, Cos, 145 BC - 88 BC. 1960.170.293","image_urls":["http://numismatics.org/collectionimages/19501999/1960/1960.170.293.rev.width350.jpg"]},{"from":-145,"to":-88,"title":"Silver triobol, Cos, 145 BC - 88 BC. 1960.170.333","image_urls":["http://numismatics.org/collectionimages/19501999/1960/1960.170.333.rev.width350.jpg"]},{"from":-145,"to":-88,"title":"Silver triobol, Cos, 145 BC - 88 BC. 1977.158.420","image_urls":["http://numismatics.org/collectionimages/19501999/1977/1977.158.420.rev.width350.jpg"]},{"from":-145,"to":-144,"title":"Silver Tetradrachm, Alexandreia, 145 BC - 144 BC. 1944.100.78906","image_urls":["http://numismatics.org/collectionimages/19001949/1944/1944.100.78906.rev.width350.jpg"]},{"from":-145,"to":-88,"title":"Silver triobol, Cos, 145 BC - 88 BC. 1960.170.342","image_urls":["http://numismatics.org/collectionimages/19501999/1960/1960.170.342.rev.width350.jpg"]},{"from":-145,"to":-88,"title":"Silver triobol, Cos, 145 BC - 88 BC. 1947.97.452","image_urls":["http://numismatics.org/collectionimages/19001949/1947/1947.97.452.rev.width350.jpg"]},{"from":-145,"to":-88,"title":"Silver triobol, Cos, 145 BC - 88 BC. 1960.170.310","image_urls":["http://numismatics.org/collectionimages/19501999/1960/1960.170.310.rev.width350.jpg"]},{"from":-145,"to":-88,"title":"Silver triobol, Cos, 145 BC - 88 BC. 1960.170.313","image_urls":["http://numismatics.org/collectionimages/19501999/1960/1960.170.313.rev.width350.jpg"]},{"from":-145,"to":-88,"title":"Silver triobol, Cos, 145 BC - 88 BC. 1960.170.324","image_urls":["http://numismatics.org/collectionimages/19501999/1960/1960.170.324.rev.width350.jpg"]},{"from":-145,"to":-88,"title":"Silver triobol, Cos, 145 BC - 88 BC. 1960.170.318","image_urls":["http://numismatics.org/collectionimages/19501999/1960/1960.170.318.rev.width350.jpg"]},{"from":-145,"to":-88,"title":"Silver triobol, Cos, 145 BC - 88 BC. 1960.170.330","image_urls":["http://numismatics.org/collectionimages/19501999/1960/1960.170.330.rev.width350.jpg"]},{"from":-145,"to":-88,"title":"Silver triobol, Cos, 145 BC - 88 BC. 1960.170.312","image_urls":["http://numismatics.org/collectionimages/19501999/1960/1960.170.312.rev.width350.jpg"]},{"from":-145,"to":-88,"title":"Silver triobol, Cos, 145 BC - 88 BC. 1960.170.326","image_urls":["http://numismatics.org/collectionimages/19501999/1960/1960.170.326.rev.width350.jpg"]},{"from":-145,"to":-88,"title":"Silver triobol, Cos, 145 BC - 88 BC. 1960.170.353","image_urls":["http://numismatics.org/collectionimages/19501999/1960/1960.170.353.rev.width350.jpg"]},{"from":-145,"to":-88,"title":"Silver triobol, Cos, 145 BC - 88 BC. 1960.170.311","image_urls":["http://numismatics.org/collectionimages/19501999/1960/1960.170.311.rev.width350.jpg"]},{"from":-145,"to":-88,"title":"Silver triobol, Cos, 145 BC - 88 BC. 1960.170.305","image_urls":["http://numismatics.org/collectionimages/19501999/1960/1960.170.305.rev.width350.jpg"]},{"from":-145,"to":-88,"title":"Silver triobol, Cos, 145 BC - 88 BC. 1949.27.46","image_urls":["http://numismatics.org/collectionimages/19001949/1949/1949.27.46.rev.width350.jpg"]},{"from":-145,"to":-88,"title":"Silver triobol, Cos, 145 BC - 88 BC. 1960.170.350","image_urls":["http://numismatics.org/collectionimages/19501999/1960/1960.170.350.rev.width350.jpg"]},{"from":-145,"to":-88,"title":"Silver triobol, Cos, 145 BC - 88 BC. 1960.170.344","image_urls":["http://numismatics.org/collectionimages/19501999/1960/1960.170.344.rev.width350.jpg"]},{"from":-145,"to":-88,"title":"Silver triobol, Cos, 145 BC - 88 BC. 1960.170.332","image_urls":["http://numismatics.org/collectionimages/19501999/1960/1960.170.332.rev.width350.jpg"]},{"from":-145,"to":-88,"title":"Silver triobol, Cos, 145 BC - 88 BC. 1960.170.314","image_urls":["http://numismatics.org/collectionimages/19501999/1960/1960.170.314.rev.width350.jpg"]},{"from":-145,"to":-88,"title":"Silver triobol, Cos, 145 BC - 88 BC. 1960.170.308","image_urls":["http://numismatics.org/collectionimages/19501999/1960/1960.170.308.rev.width350.jpg"]},{"from":-145,"to":-88,"title":"Silver triobol, Cos, 145 BC - 88 BC. 1960.170.298","image_urls":["http://numismatics.org/collectionimages/19501999/1960/1960.170.298.rev.width350.jpg"]},{"from":-145,"to":-88,"title":"Silver triobol, Cos, 145 BC - 88 BC. 1960.170.320","image_urls":["http://numismatics.org/collectionimages/19501999/1960/1960.170.320.rev.width350.jpg"]},{"from":-145,"to":-88,"title":"Silver triobol, Cos, 145 BC - 88 BC. 1960.170.335","image_urls":["http://numismatics.org/collectionimages/19501999/1960/1960.170.335.rev.width350.jpg"]},{"from":-145,"to":-88,"title":"Silver triobol, Cos, 145 BC - 88 BC. 1960.170.329","image_urls":["http://numismatics.org/collectionimages/19501999/1960/1960.170.329.rev.width350.jpg"]},{"from":-145,"to":-88,"title":"Silver triobol, Cos, 145 BC - 88 BC. 1960.170.323","image_urls":["http://numismatics.org/collectionimages/19501999/1960/1960.170.323.rev.width350.jpg"]},{"from":-145,"to":-142,"title":"Silver Tetradrachm, Antioch, 145 BC - 142 BC. 1944.100.76539","image_urls":["http://numismatics.org/collectionimages/19001949/1944/1944.100.76539.rev.width350.jpg"]},{"from":-145,"to":-88,"title":"Silver triobol, Cos, 145 BC - 88 BC. 1960.170.338","image_urls":["http://numismatics.org/collectionimages/19501999/1960/1960.170.338.rev.width350.jpg"]},{"from":-145,"to":-88,"title":"Silver triobol, Cos, 145 BC - 88 BC. 1960.170.340","image_urls":["http://numismatics.org/collectionimages/19501999/1960/1960.170.340.rev.width350.jpg"]},{"from":-145,"to":-88,"title":"Silver triobol, Cos, 145 BC - 88 BC. 1960.170.334","image_urls":["http://numismatics.org/collectionimages/19501999/1960/1960.170.334.rev.width350.jpg"]},{"from":-145,"to":-88,"title":"Silver triobol, Cos, 145 BC - 88 BC. 1960.170.322","image_urls":["http://numismatics.org/collectionimages/19501999/1960/1960.170.322.rev.width350.jpg"]},{"from":-145,"to":-88,"title":"Silver triobol, Cos, 145 BC - 88 BC. 1960.170.337","image_urls":["http://numismatics.org/collectionimages/19501999/1960/1960.170.337.rev.width350.jpg"]},{"from":-145,"to":-88,"title":"Silver triobol, Cos, 145 BC - 88 BC. 1960.170.347","image_urls":["http://numismatics.org/collectionimages/19501999/1960/1960.170.347.rev.width350.jpg"]}]