[{"from":-146,"to":-116,"title":"Bronze Coin, Alexandreia, 146 BC - 116 BC. 1951.116.356","image_urls":["http://numismatics.org/collectionimages/19501999/1951/1951.116.356.rev.width350.jpg"]},{"from":-146,"to":-27,"title":"Bronze Coin, Thespiae, 146 BC - 27 BC. 1944.100.20258","image_urls":["http://numismatics.org/collectionimages/19001949/1944/1944.100.20258.rev.width350.jpg"]},{"from":-146,"to":-32,"title":"Bronze Coin, Patrae, 146 BC - 32 BC. 1947.97.333","image_urls":["http://numismatics.org/collectionimages/19001949/1947/1947.97.333.rev.width350.jpg"]},{"from":-146,"to":-27,"title":"Bronze Coin, Thespiae, 146 BC - 27 BC. 1941.131.537","image_urls":["http://numismatics.org/collectionimages/19001949/1941/1941.131.537.rev.width350.jpg"]},{"from":-146,"to":-27,"title":"Bronze Coin, Thespiae, 146 BC - 27 BC. 1944.100.20255","image_urls":["http://numismatics.org/collectionimages/19001949/1944/1944.100.20255.rev.width350.jpg"]},{"from":-146,"to":-32,"title":"Bronze Coin, Patrae, 146 BC - 32 BC. 1953.171.397","image_urls":["http://numismatics.org/collectionimages/19501999/1953/1953.171.397.rev.width350.jpg"]},{"from":-146,"to":-32,"title":"Bronze Coin, Patrae, 146 BC - 32 BC. 1944.100.39440","image_urls":["http://numismatics.org/collectionimages/19001949/1944/1944.100.39440.rev.width350.jpg"]},{"from":-146,"to":-27,"title":"Bronze Coin, Thespiae, 146 BC - 27 BC. 1970.142.106","image_urls":["http://numismatics.org/collectionimages/19501999/1970/1970.142.106.rev.width350.jpg"]},{"from":-146,"to":-32,"title":"Bronze Coin, Patrae, 146 BC - 32 BC. 1944.100.39439","image_urls":["http://numismatics.org/collectionimages/19001949/1944/1944.100.39439.rev.width350.jpg"]},{"from":-146,"to":-32,"title":"Bronze Coin, Patrae, 146 BC - 32 BC. 1944.100.39445","image_urls":["http://numismatics.org/collectionimages/19001949/1944/1944.100.39445.rev.width350.jpg"]},{"from":-146,"to":-32,"title":"Bronze Coin, Patrae, 146 BC - 32 BC. 1944.100.39443","image_urls":["http://numismatics.org/collectionimages/19001949/1944/1944.100.39443.rev.width350.jpg"]},{"from":-146,"to":-32,"title":"Bronze Coin, Patrae, 146 BC - 32 BC. 1944.100.39437","image_urls":["http://numismatics.org/collectionimages/19001949/1944/1944.100.39437.rev.width350.jpg"]},{"from":-146,"to":-27,"title":"Bronze Coin, Thespiae, 146 BC - 27 BC. 1940.77.49","image_urls":["http://numismatics.org/collectionimages/19001949/1940/1940.77.49.rev.width350.jpg"]},{"from":-146,"to":-32,"title":"Bronze Coin, Patrae, 146 BC - 32 BC. 1957.172.1536","image_urls":["http://numismatics.org/collectionimages/19501999/1957/1957.172.1536.rev.width350.jpg"]},{"from":-146,"to":-27,"title":"Bronze Coin, Thespiae, 146 BC - 27 BC. 1945.18.2","image_urls":["http://numismatics.org/collectionimages/19001949/1945/1945.18.2.rev.width350.jpg"]},{"from":-146,"to":-27,"title":"Bronze Coin, Thespiae, 146 BC - 27 BC. 1944.100.20257","image_urls":["http://numismatics.org/collectionimages/19001949/1944/1944.100.20257.rev.width350.jpg"]},{"from":-146,"to":-140,"title":"Silver Tetradrachm, Antioch, 146 BC - 140 BC. 1944.100.76507","image_urls":["http://numismatics.org/collectionimages/19001949/1944/1944.100.76507.rev.width350.jpg"]},{"from":-146,"to":-116,"title":"Bronze Coin, Alexandreia, 146 BC - 116 BC. 1951.116.354","image_urls":["http://numismatics.org/collectionimages/19501999/1951/1951.116.354.rev.width350.jpg"]},{"from":-146,"to":-32,"title":"Bronze Coin, Patrae, 146 BC - 32 BC. 1948.4.92","image_urls":["http://numismatics.org/collectionimages/19001949/1948/1948.4.92.rev.width350.jpg"]},{"from":-146,"to":-32,"title":"Bronze Coin, Patrae, 146 BC - 32 BC. 1944.100.39442","image_urls":["http://numismatics.org/collectionimages/19001949/1944/1944.100.39442.rev.width350.jpg"]},{"from":-146,"to":-32,"title":"Bronze Coin, Patrae, 146 BC - 32 BC. 1944.100.39436","image_urls":["http://numismatics.org/collectionimages/19001949/1944/1944.100.39436.rev.width350.jpg"]},{"from":-146,"to":-116,"title":"Bronze Coin, Alexandreia, 146 BC - 116 BC. 1952.142.503","image_urls":["http://numismatics.org/collectionimages/19501999/1952/1952.142.503.rev.width350.jpg"]},{"from":-146,"to":-145,"title":"Silver Tetradrachm, Alexandreia, 146 BC - 145 BC. 1944.100.78902","image_urls":["http://numismatics.org/collectionimages/19001949/1944/1944.100.78902.rev.width350.jpg"]},{"from":-146,"to":-27,"title":"Bronze Coin, Thespiae, 146 BC - 27 BC. 1944.100.20256","image_urls":["http://numismatics.org/collectionimages/19001949/1944/1944.100.20256.rev.width350.jpg"]},{"from":-146,"to":-32,"title":"Bronze Coin, Patrae, 146 BC - 32 BC. 1944.100.39444","image_urls":["http://numismatics.org/collectionimages/19001949/1944/1944.100.39444.rev.width350.jpg"]},{"from":-146,"to":-145,"title":"Silver Tetradrachm, Alexandreia, 146 BC - 145 BC. 1944.100.78775","image_urls":["http://numismatics.org/collectionimages/19001949/1944/1944.100.78775.rev.width350.jpg"]},{"from":-146,"to":-32,"title":"Bronze Coin, Patrae, 146 BC - 32 BC. 1940.77.78","image_urls":["http://numismatics.org/collectionimages/19001949/1940/1940.77.78.rev.width350.jpg"]},{"from":-146,"to":-32,"title":"Bronze Coin, Patrae, 146 BC - 32 BC. 1944.100.39435","image_urls":["http://numismatics.org/collectionimages/19001949/1944/1944.100.39435.rev.width350.jpg"]},{"from":-146,"to":-140,"title":"Silver Tetradrachm, Antioch, 146 BC - 140 BC. 1977.158.677","image_urls":["http://numismatics.org/collectionimages/19501999/1977/1977.158.677.rev.width350.jpg"]},{"from":-146,"to":-27,"title":"Bronze Coin, Thespiae, 146 BC - 27 BC. 1944.100.20253","image_urls":["http://numismatics.org/collectionimages/19001949/1944/1944.100.20253.rev.width350.jpg"]},{"from":-146,"to":-32,"title":"Bronze Coin, Patrae, 146 BC - 32 BC. 1944.100.39438","image_urls":["http://numismatics.org/collectionimages/19001949/1944/1944.100.39438.rev.width350.jpg"]},{"from":-146,"to":-32,"title":"Bronze Coin, Patrae, 146 BC - 32 BC. 1970.142.189","image_urls":["http://numismatics.org/collectionimages/19501999/1970/1970.142.189.rev.width350.jpg"]},{"from":-146,"to":-145,"title":"Silver Tetradrachm, Alexandreia, 146 BC - 145 BC. 1944.100.78904","image_urls":["http://numismatics.org/collectionimages/19001949/1944/1944.100.78904.rev.width350.jpg"]},{"from":-146,"to":-116,"title":"Bronze Coin, Alexandreia, 146 BC - 116 BC. 1944.100.78933","image_urls":["http://numismatics.org/collectionimages/19001949/1944/1944.100.78933.rev.width350.jpg"]},{"from":-146,"to":-27,"title":"Bronze Coin, Thespiae, 146 BC - 27 BC. 1944.100.20254","image_urls":["http://numismatics.org/collectionimages/19001949/1944/1944.100.20254.rev.width350.jpg"]},{"from":-146,"to":-145,"title":"Silver Tetradrachm, Alexandreia, 146 BC - 145 BC. 1944.100.78772","image_urls":["http://numismatics.org/collectionimages/19001949/1944/1944.100.78772.rev.width350.jpg"]}]