[{"from":-147,"to":-147,"title":"WMID-7B8BEF: A coin issued by Republic","image_urls":["https://finds.org.uk/images/hglenn/WMID-7B8BEF.jpg"]},{"from":-147,"to":-147,"title":"CORN-6A9432: A coin issued by Republic","image_urls":["https://finds.org.uk/images/atyacke/mixt%20002.jpg"]},{"from":-147,"to":-146,"title":"Silver Tetradrachm, Ptolemais-Ake, 147 BC - 146 BC. 1944.100.77880","image_urls":["http://numismatics.org/collectionimages/19001949/1944/1944.100.77880.rev.width350.jpg"]},{"from":-147,"to":-140,"title":"Silver tetradrachm, Susa, 147 BC - 140 BC. 1968.183.10","image_urls":["http://numismatics.org/collectionimages/19501999/1968/1968.183.10.rev.width350.jpg"]}]