[{"from":-15,"to":-13,"title":"RIC I (second edition) Augustus 165A. 1937.158.424","image_urls":["http://numismatics.org/collectionimages/19001949/1937/1937.158.424.rev.width350.jpg"]},{"from":-15,"to":-10,"title":"Bronze Coin of Augustus, Lugdunum, 15 BC - 10 BC. 1947.97.489","image_urls":["http://numismatics.org/collectionimages/19001949/1947/1947.97.489.rev.width350.jpg"]},{"from":-15,"to":-10,"title":"Bronze Coin of Augustus, Lugdunum, 15 BC - 10 BC. 1944.100.53379","image_urls":["http://numismatics.org/collectionimages/19001949/1944/1944.100.53379.rev.width350.jpg"]},{"from":-15,"to":-10,"title":"Bronze Coin of Augustus, Lugdunum, 15 BC - 10 BC. 1953.171.1050","image_urls":["http://numismatics.org/collectionimages/19501999/1953/1953.171.1050.rev.width350.jpg"]},{"from":-15,"to":-10,"title":"Bronze Coin of Augustus, Lugdunum, 15 BC - 10 BC. 1953.171.1059","image_urls":["http://numismatics.org/collectionimages/19501999/1953/1953.171.1059.rev.width350.jpg"]},{"from":-15,"to":-10,"title":"Bronze Coin of Augustus, Lugdunum, 15 BC - 10 BC. 1953.171.1053","image_urls":["http://numismatics.org/collectionimages/19501999/1953/1953.171.1053.rev.width350.jpg"]},{"from":-15,"to":-10,"title":"Bronze Coin of Augustus, Lugdunum, 15 BC - 10 BC. 1953.171.1029","image_urls":["http://numismatics.org/collectionimages/19501999/1953/1953.171.1029.rev.width350.jpg"]},{"from":-15,"to":-10,"title":"Bronze Coin of Augustus, Lugdunum, 15 BC - 10 BC. 1953.171.1038","image_urls":["http://numismatics.org/collectionimages/19501999/1953/1953.171.1038.rev.width350.jpg"]},{"from":-15,"to":-10,"title":"Bronze Coin of Augustus, Lugdunum, 15 BC - 10 BC. 1953.171.1047","image_urls":["http://numismatics.org/collectionimages/19501999/1953/1953.171.1047.rev.width350.jpg"]},{"from":-15,"to":-10,"title":"Bronze Coin of Augustus, Lugdunum, 15 BC - 10 BC. 1953.171.1032","image_urls":["http://numismatics.org/collectionimages/19501999/1953/1953.171.1032.rev.width350.jpg"]},{"from":-15,"to":-10,"title":"Bronze Coin of Augustus, Lugdunum, 15 BC - 10 BC. 1953.171.1055","image_urls":["http://numismatics.org/collectionimages/19501999/1953/1953.171.1055.rev.width350.jpg"]},{"from":-15,"to":-13,"title":"RIC I (second edition) Augustus 169. 1948.19.1033","image_urls":["http://numismatics.org/collectionimages/19001949/1948/1948.19.1033.rev.width350.jpg"]},{"from":-15,"to":-10,"title":"Bronze Coin of Augustus, Lugdunum, 15 BC - 10 BC. 1953.171.1035","image_urls":["http://numismatics.org/collectionimages/19501999/1953/1953.171.1035.rev.width350.jpg"]},{"from":-15,"to":-10,"title":"Bronze Coin of Augustus, Lugdunum, 15 BC - 10 BC. 1953.171.1041","image_urls":["http://numismatics.org/collectionimages/19501999/1953/1953.171.1041.rev.width350.jpg"]},{"from":-15,"to":-10,"title":"Bronze Coin of Augustus, Lugdunum, 15 BC - 10 BC. 1953.171.1031","image_urls":["http://numismatics.org/collectionimages/19501999/1953/1953.171.1031.rev.width350.jpg"]},{"from":-15,"to":-10,"title":"Bronze Coin of Augustus, Lugdunum, 15 BC - 10 BC. 1953.171.1052","image_urls":["http://numismatics.org/collectionimages/19501999/1953/1953.171.1052.rev.width350.jpg"]},{"from":-15,"to":-10,"title":"Bronze Coin of Augustus, Lugdunum, 15 BC - 10 BC. 1944.100.53385","image_urls":["http://numismatics.org/collectionimages/19001949/1944/1944.100.53385.rev.width350.jpg"]},{"from":-15,"to":-13,"title":"RIC I (second edition) Augustus 169. 1944.100.39095","image_urls":["http://numismatics.org/collectionimages/19001949/1944/1944.100.39095.rev.width350.jpg"]},{"from":-15,"to":-10,"title":"Bronze Coin of Augustus, Lugdunum, 15 BC - 10 BC. 1953.171.1071","image_urls":["http://numismatics.org/collectionimages/19501999/1953/1953.171.1071.rev.width350.jpg"]},{"from":-15,"to":-10,"title":"RIC I (second edition) Augustus 227. 1944.100.39128","image_urls":["http://numismatics.org/collectionimages/19001949/1944/1944.100.39128.rev.width350.jpg"]},{"from":-15,"to":-10,"title":"Bronze Coin of Augustus, Lugdunum, 15 BC - 10 BC. 1953.171.1026","image_urls":["http://numismatics.org/collectionimages/19501999/1953/1953.171.1026.rev.width350.jpg"]},{"from":-15,"to":-10,"title":"Bronze Coin of Augustus, Lugdunum, 15 BC - 10 BC. 1944.100.53381","image_urls":["http://numismatics.org/collectionimages/19001949/1944/1944.100.53381.rev.width350.jpg"]},{"from":-15,"to":-10,"title":"RIC I (second edition) Augustus 227. 1951.61.30","image_urls":["http://numismatics.org/collectionimages/19501999/1951/1951.61.30.rev.width350.jpg"]},{"from":-15,"to":-13,"title":"RIC I (second edition) Augustus 166A. 1944.100.39091","image_urls":["http://numismatics.org/collectionimages/19001949/1944/1944.100.39091.rev.width350.jpg"]},{"from":-15,"to":-10,"title":"Bronze Coin of Augustus, Lugdunum, 15 BC - 10 BC. 1953.171.1023","image_urls":["http://numismatics.org/collectionimages/19501999/1953/1953.171.1023.rev.width350.jpg"]},{"from":-15,"to":-10,"title":"RIC I (second edition) Augustus 228. 1944.100.78387","image_urls":["http://numismatics.org/collectionimages/19001949/1944/1944.100.78387.rev.width350.jpg"]},{"from":-15,"to":-13,"title":"RIC I (second edition) Augustus 168. 1944.100.39094","image_urls":["http://numismatics.org/collectionimages/19001949/1944/1944.100.39094.rev.width350.jpg"]},{"from":-15,"to":-10,"title":"Bronze Coin of Augustus, Lugdunum, 15 BC - 10 BC. 1953.171.1043","image_urls":["http://numismatics.org/collectionimages/19501999/1953/1953.171.1043.rev.width350.jpg"]},{"from":-15,"to":-10,"title":"Bronze Coin of Augustus, Lugdunum, 15 BC - 10 BC. 1953.171.1058","image_urls":["http://numismatics.org/collectionimages/19501999/1953/1953.171.1058.rev.width350.jpg"]},{"from":-15,"to":-10,"title":"Bronze Coin of Augustus, Lugdunum, 15 BC - 10 BC. 1953.171.1048","image_urls":["http://numismatics.org/collectionimages/19501999/1953/1953.171.1048.rev.width350.jpg"]},{"from":-15,"to":-13,"title":"RIC I (second edition) Augustus 165A. 1944.100.39090","image_urls":["http://numismatics.org/collectionimages/19001949/1944/1944.100.39090.rev.width350.jpg"]},{"from":-15,"to":-10,"title":"Bronze Coin of Augustus, Lugdunum, 15 BC - 10 BC. 1953.171.1054","image_urls":["http://numismatics.org/collectionimages/19501999/1953/1953.171.1054.rev.width350.jpg"]},{"from":-15,"to":-13,"title":"RIC I (second edition) Augustus 165A. 1911.104.2","image_urls":["http://numismatics.org/collectionimages/19001949/1911/1911.104.2.rev.width350.jpg"]},{"from":-15,"to":-10,"title":"Bronze Coin of Augustus, Lugdunum, 15 BC - 10 BC. 1953.171.1021","image_urls":["http://numismatics.org/collectionimages/19501999/1953/1953.171.1021.rev.width350.jpg"]},{"from":-15,"to":-13,"title":"RIC I (second edition) Augustus 167A. 1944.100.39093","image_urls":["http://numismatics.org/collectionimages/19001949/1944/1944.100.39093.rev.width350.jpg"]},{"from":-15,"to":-10,"title":"Bronze Coin of Augustus, Lugdunum, 15 BC - 10 BC. 1953.171.1036","image_urls":["http://numismatics.org/collectionimages/19501999/1953/1953.171.1036.rev.width350.jpg"]},{"from":-15,"to":-13,"title":"RIC I (second edition) Augustus 171A. 1957.172.1493","image_urls":["http://numismatics.org/collectionimages/19501999/1957/1957.172.1493.rev.width350.jpg"]},{"from":-15,"to":-10,"title":"Bronze Coin of Augustus, Lugdunum, 15 BC - 10 BC. 1953.171.1057","image_urls":["http://numismatics.org/collectionimages/19501999/1953/1953.171.1057.rev.width350.jpg"]},{"from":-15,"to":-13,"title":"RIC I (second edition) Augustus 171A. 1937.158.428","image_urls":["http://numismatics.org/collectionimages/19001949/1937/1937.158.428.rev.width350.jpg"]},{"from":-15,"to":-13,"title":"RIC I (second edition) Augustus 167A. 1957.172.1491","image_urls":["http://numismatics.org/collectionimages/19501999/1957/1957.172.1491.rev.width350.jpg"]},{"from":-15,"to":-10,"title":"Bronze Coin of Augustus, Lugdunum, 15 BC - 10 BC. 1953.171.1028","image_urls":["http://numismatics.org/collectionimages/19501999/1953/1953.171.1028.rev.width350.jpg"]},{"from":-15,"to":-10,"title":"Bronze Coin of Augustus, Lugdunum, 15 BC - 10 BC. 1953.171.1063","image_urls":["http://numismatics.org/collectionimages/19501999/1953/1953.171.1063.rev.width350.jpg"]},{"from":-15,"to":-13,"title":"RIC I (second edition) Augustus 167A. 1948.19.1032","image_urls":["http://numismatics.org/collectionimages/19001949/1948/1948.19.1032.rev.width350.jpg"]},{"from":-15,"to":-10,"title":"Bronze Coin of Augustus, Lugdunum, 15 BC - 10 BC. 1944.100.53377","image_urls":["http://numismatics.org/collectionimages/19001949/1944/1944.100.53377.rev.width350.jpg"]},{"from":-15,"to":-13,"title":"RIC I (second edition) Augustus 173A. 1957.172.1494","image_urls":["http://numismatics.org/collectionimages/19501999/1957/1957.172.1494.rev.width350.jpg"]},{"from":-15,"to":-10,"title":"RIC I (second edition) Augustus 228. 1944.100.78386","image_urls":["http://numismatics.org/collectionimages/19001949/1944/1944.100.78386.rev.width350.jpg"]},{"from":-15,"to":-13,"title":"RIC I (second edition) Augustus 173B. 1944.100.39097","image_urls":["http://numismatics.org/collectionimages/19001949/1944/1944.100.39097.rev.width350.jpg"]},{"from":-15,"to":-10,"title":"Bronze Coin of Augustus, Lugdunum, 15 BC - 10 BC. 1953.171.1067","image_urls":["http://numismatics.org/collectionimages/19501999/1953/1953.171.1067.rev.width350.jpg"]},{"from":-15,"to":-10,"title":"Bronze Coin of Augustus, Lugdunum, 15 BC - 10 BC. 1953.171.1034","image_urls":["http://numismatics.org/collectionimages/19501999/1953/1953.171.1034.rev.width350.jpg"]},{"from":-15,"to":-13,"title":"RIC I (second edition) Augustus 171A. 1944.100.39096","image_urls":["http://numismatics.org/collectionimages/19001949/1944/1944.100.39096.rev.width350.jpg"]},{"from":-15,"to":-10,"title":"Bronze Coin of Augustus, Lugdunum, 15 BC - 10 BC. 1953.171.1022","image_urls":["http://numismatics.org/collectionimages/19501999/1953/1953.171.1022.rev.width350.jpg"]},{"from":-15,"to":-10,"title":"Bronze Coin of Augustus, Lugdunum, 15 BC - 10 BC. 1944.100.53383","image_urls":["http://numismatics.org/collectionimages/19001949/1944/1944.100.53383.rev.width350.jpg"]},{"from":-15,"to":-13,"title":"RIC I (second edition) Augustus 166A. 0000.999.16777","image_urls":["http://numismatics.org/collectionimages/00001899/0000/0000.999.16777.rev.width350.jpg"]},{"from":-15,"to":-10,"title":"Bronze Coin of Augustus, Lugdunum, 15 BC - 10 BC. 1944.100.53375","image_urls":["http://numismatics.org/collectionimages/19001949/1944/1944.100.53375.rev.width350.jpg"]},{"from":-15,"to":-13,"title":"RIC I (second edition) Augustus 170. 1967.153.105","image_urls":["http://numismatics.org/collectionimages/19501999/1967/1967.153.105.rev.width350.jpg"]},{"from":-15,"to":-10,"title":"RIC I (second edition) Augustus 227. 1944.100.39127","image_urls":["http://numismatics.org/collectionimages/19001949/1944/1944.100.39127.rev.width350.jpg"]},{"from":-15,"to":-10,"title":"Bronze Coin of Augustus, Lugdunum, 15 BC - 10 BC. 1944.100.53374","image_urls":["http://numismatics.org/collectionimages/19001949/1944/1944.100.53374.rev.width350.jpg"]},{"from":-15,"to":-10,"title":"Bronze Coin of Augustus, Lugdunum, 15 BC - 10 BC. 1953.171.1069","image_urls":["http://numismatics.org/collectionimages/19501999/1953/1953.171.1069.rev.width350.jpg"]},{"from":-15,"to":-13,"title":"RIC I (second edition) Augustus 167A. 1922.999.66","image_urls":["http://numismatics.org/collectionimages/19001949/1922/1922.999.66.rev.width350.jpg"]},{"from":-15,"to":-10,"title":"RIC I (second edition) Augustus 227. 1944.100.39129","image_urls":["http://numismatics.org/collectionimages/19001949/1944/1944.100.39129.rev.width350.jpg"]},{"from":-15,"to":-13,"title":"RIC I (second edition) Augustus 171A. 1937.158.427","image_urls":["http://numismatics.org/collectionimages/19001949/1937/1937.158.427.rev.width350.jpg"]},{"from":-15,"to":-10,"title":"Bronze Coin of Augustus, Lugdunum, 15 BC - 10 BC. 1953.171.1030","image_urls":["http://numismatics.org/collectionimages/19501999/1953/1953.171.1030.rev.width350.jpg"]},{"from":-15,"to":-10,"title":"Bronze Coin of Augustus, Lugdunum, 15 BC - 10 BC. 1953.171.1051","image_urls":["http://numismatics.org/collectionimages/19501999/1953/1953.171.1051.rev.width350.jpg"]},{"from":-15,"to":-13,"title":"RIC I (second edition) Augustus 164A. 1967.153.104","image_urls":["http://numismatics.org/collectionimages/19501999/1967/1967.153.104.rev.width350.jpg"]},{"from":-15,"to":-10,"title":"RIC I (second edition) Augustus 228. 1951.61.31","image_urls":["http://numismatics.org/collectionimages/19501999/1951/1951.61.31.rev.width350.jpg"]},{"from":-15,"to":-10,"title":"Bronze Coin of Augustus, Lugdunum, 15 BC - 10 BC. 1944.100.53376","image_urls":["http://numismatics.org/collectionimages/19001949/1944/1944.100.53376.rev.width350.jpg"]},{"from":-15,"to":-10,"title":"Bronze Coin of Augustus, Lugdunum, 15 BC - 10 BC. 1953.171.1039","image_urls":["http://numismatics.org/collectionimages/19501999/1953/1953.171.1039.rev.width350.jpg"]},{"from":-15,"to":-10,"title":"Bronze Coin of Augustus, Lugdunum, 15 BC - 10 BC. 1953.171.1024","image_urls":["http://numismatics.org/collectionimages/19501999/1953/1953.171.1024.rev.width350.jpg"]},{"from":-15,"to":-10,"title":"Bronze Coin of Augustus, Lugdunum, 15 BC - 10 BC. 1953.171.1033","image_urls":["http://numismatics.org/collectionimages/19501999/1953/1953.171.1033.rev.width350.jpg"]},{"from":-15,"to":-13,"title":"RIC I (second edition) Augustus 166A. 1957.172.1490","image_urls":["http://numismatics.org/collectionimages/19501999/1957/1957.172.1490.rev.width350.jpg"]},{"from":-15,"to":-10,"title":"Bronze Coin of Augustus, Lugdunum, 15 BC - 10 BC. 1953.171.1027","image_urls":["http://numismatics.org/collectionimages/19501999/1953/1953.171.1027.rev.width350.jpg"]},{"from":-15,"to":-10,"title":"Bronze Coin of Augustus, Lugdunum, 15 BC - 10 BC. 1953.171.1068","image_urls":["http://numismatics.org/collectionimages/19501999/1953/1953.171.1068.rev.width350.jpg"]},{"from":-15,"to":-10,"title":"Bronze Coin of Augustus, Lugdunum, 15 BC - 10 BC. 1953.171.1020","image_urls":["http://numismatics.org/collectionimages/19501999/1953/1953.171.1020.rev.width350.jpg"]},{"from":-15,"to":-13,"title":"RIC I (second edition) Augustus 167A. 1944.100.39092","image_urls":["http://numismatics.org/collectionimages/19001949/1944/1944.100.39092.rev.width350.jpg"]},{"from":-15,"to":-10,"title":"Bronze Coin of Augustus, Lugdunum, 15 BC - 10 BC. 1953.171.1062","image_urls":["http://numismatics.org/collectionimages/19501999/1953/1953.171.1062.rev.width350.jpg"]},{"from":-15,"to":-10,"title":"Bronze Coin of Augustus, Lugdunum, 15 BC - 10 BC. 1953.171.1070","image_urls":["http://numismatics.org/collectionimages/19501999/1953/1953.171.1070.rev.width350.jpg"]},{"from":-15,"to":-10,"title":"Bronze Coin of Augustus, Lugdunum, 15 BC - 10 BC. 1944.100.53384","image_urls":["http://numismatics.org/collectionimages/19001949/1944/1944.100.53384.rev.width350.jpg"]},{"from":-15,"to":-10,"title":"Bronze Coin of Augustus, Lugdunum, 15 BC - 10 BC. 1944.100.53378","image_urls":["http://numismatics.org/collectionimages/19001949/1944/1944.100.53378.rev.width350.jpg"]}]