[{"from":-150,"to":-100,"title":"Bronze uncertain, Tenos, 150 BC - 100 BC. 1944.100.27994","image_urls":["http://numismatics.org/collectionimages/19001949/1944/1944.100.27994.rev.width350.jpg"]},{"from":-150,"to":-145,"title":"Silver Tetradrachm, Seleuceia Pieria, 150 BC - 145 BC. 1959.124.2","image_urls":["http://numismatics.org/collectionimages/19501999/1959/1959.124.2.rev.width350.jpg"]},{"from":-150,"to":-145,"title":"Silver tetradrachm, Bactria, 150 BC - 145 BC. 1995.51.192","image_urls":["http://numismatics.org/collectionimages/19501999/1995/1995.51.192.rev.width350.jpg"]},{"from":-150,"to":-120,"title":"Gold stater, Byzantium, 150 BC - 120 BC. 1944.100.82767","image_urls":["http://numismatics.org/collectionimages/19001949/1944/1944.100.82767.rev.width350.jpg"]},{"from":-150,"to":-145,"title":"Silver Tetradrachm, Antioch, 150 BC - 145 BC. 1944.100.76387","image_urls":["http://numismatics.org/collectionimages/19001949/1944/1944.100.76387.rev.width350.jpg"]},{"from":-150,"to":-140,"title":"Silver cistophorus, Pergamum, 150 BC - 140 BC. 1965.70.1","image_urls":["http://numismatics.org/collectionimages/19501999/1965/1965.70.1.rev.width350.jpg"]},{"from":-150,"to":-140,"title":"Silver cistophorus, Pergamum, 150 BC - 140 BC. 1965.70.2","image_urls":["http://numismatics.org/collectionimages/19501999/1965/1965.70.2.rev.width350.jpg"]},{"from":-150,"to":-145,"title":"Silver Tetradrachm, Antioch, 150 BC - 145 BC. 1944.100.76405","image_urls":["http://numismatics.org/collectionimages/19001949/1944/1944.100.76405.rev.width350.jpg"]},{"from":-150,"to":-100,"title":"Bronze uncertain, Tenos, 150 BC - 100 BC. 1944.100.27996","image_urls":["http://numismatics.org/collectionimages/19001949/1944/1944.100.27996.rev.width350.jpg"]},{"from":-150,"to":-145,"title":"Silver Tetradrachm, Antioch, 150 BC - 145 BC. 1944.100.76384","image_urls":["http://numismatics.org/collectionimages/19001949/1944/1944.100.76384.rev.width350.jpg"]},{"from":-150,"to":-100,"title":"Bronze uncertain, Tenos, 150 BC - 100 BC. 1944.100.27995","image_urls":["http://numismatics.org/collectionimages/19001949/1944/1944.100.27995.rev.width350.jpg"]},{"from":-150,"to":-100,"title":"Bronze uncertain, Tenos, 150 BC - 100 BC. 1944.100.27992","image_urls":["http://numismatics.org/collectionimages/19001949/1944/1944.100.27992.rev.width350.jpg"]},{"from":-150,"to":-120,"title":"Gold stater, Byzantium, 150 BC - 120 BC. 1944.100.82766","image_urls":["http://numismatics.org/collectionimages/19001949/1944/1944.100.82766.rev.width350.jpg"]},{"from":-150,"to":-100,"title":"Bronze uncertain, Tenos, 150 BC - 100 BC. 1944.100.27993","image_urls":["http://numismatics.org/collectionimages/19001949/1944/1944.100.27993.rev.width350.jpg"]}]