[{"from":-151,"to":-151,"title":"CORN-55E562: A coin issued by Republic","image_urls":["https://finds.org.uk/images/atyacke/July15finds003.JPG"]},{"from":-151,"to":-151,"title":"DUR-84E316: A coin issued by Republic","image_urls":["https://finds.org.uk/images/frances/SAMPSON%20denarius%20DUR-84E316.jpg"]},{"from":-151,"to":-151,"title":"KENT-663851: A coin issued by Republic","image_urls":["https://finds.org.uk/images/jjackson/DL4.jpg"]},{"from":-151,"to":-151,"title":"LVPL-914DD1: A coin issued by Republic","image_urls":["https://finds.org.uk/images/fmcintosh/page%20republican%20denarius-%20LVPL-914DD1.jpg"]},{"from":-151,"to":-101,"title":"SOMDOR-6EBC36: A coin issued by Republic","image_urls":["https://finds.org.uk/images/npayne/6EBC36.jpg"]},{"from":-151,"to":-150,"title":"Silver Tetradrachm, Paphos, 151 BC - 150 BC. 1944.100.78795","image_urls":["http://numismatics.org/collectionimages/19001949/1944/1944.100.78795.rev.width350.jpg"]}]