[{"from":-153,"to":-153,"title":"LEIC-BA55E4: A coin issued by Republic","image_urls":["https://finds.org.uk/images/wscott/BA55E4%20.JPG"]},{"from":-153,"to":-152,"title":"Silver Tetradrachm, Antioch, 153 BC - 152 BC. 1957.172.2008","image_urls":["http://numismatics.org/collectionimages/19501999/1957/1957.172.2008.rev.width350.jpg"]},{"from":-153,"to":-152,"title":"Silver Tetradrachm, Paphos, 153 BC - 152 BC. 1944.100.78792","image_urls":["http://numismatics.org/collectionimages/19001949/1944/1944.100.78792.rev.width350.jpg"]}]