[{"from":-155,"to":-155,"title":"LIN-49E625: A coin issued by Republic","image_urls":["https://finds.org.uk/images/adaubney/LIN-49E625.jpg"]},{"from":-155,"to":-155,"title":"DUR-E42415: A coin issued by Republic","image_urls":["https://finds.org.uk/images/frances/b.jackson%20catterick%20DUR-E42415.jpg"]},{"from":-155,"to":-149,"title":"Bronze Semis of Dolphin, Rome, 155 BC - 149 BC. 1969.83.523","image_urls":["http://numismatics.org/collectionimages/19501999/1969/1969.83.523.rev.width350.jpg"]},{"from":-155,"to":-145,"title":"Silver Tetradrachm, Aegae, 155 BC - 145 BC. 1975.218.29","image_urls":["http://numismatics.org/collectionimages/19501999/1975/1975.218.29.rev.width350.jpg"]}]