[{"from":-157,"to":-156,"title":"Denarius of Anonymous, Rome, 157 B.C.-156 B.C. 2012.86.","image_urls":["http://coins.lib.virginia.edu/images/coins/screen/n14_1989_3_rev.jpg"]},{"from":-157,"to":-156,"title":"RRC 197/1a. 1948.19.1","image_urls":["http://numismatics.org/collectionimages/19001949/1948/1948.19.1.rev.width350.jpg"]},{"from":-157,"to":-156,"title":"RRC 197/1a. 1941.15.1","image_urls":["http://numismatics.org/collectionimages/19001949/1941/1941.15.1.rev.width350.jpg"]},{"from":-157,"to":-156,"title":"RRC 197/1a. 1995.11.1875","image_urls":["http://numismatics.org/collectionimages/19501999/1995/1995.11.1875.rev.width350.jpg"]},{"from":-157,"to":-156,"title":"RRC 197/1a. 1944.100.286","image_urls":["http://numismatics.org/collectionimages/19001949/1944/1944.100.286.rev.width350.jpg"]},{"from":-157,"to":-156,"title":"RRC 197/1a. 1944.100.287","image_urls":["http://numismatics.org/collectionimages/19001949/1944/1944.100.287.rev.width350.jpg"]},{"from":-157,"to":-156,"title":"RRC 197/1a. 1944.100.288","image_urls":["http://numismatics.org/collectionimages/19001949/1944/1944.100.288.rev.width350.jpg"]}]