[{"from":-16,"to":-14,"title":"HESH-0333D4: A coin issued by Augustus","image_urls":["https://finds.org.uk/images/preavill/HESH-0333D4a.jpg"]},{"from":-16,"to":-14,"title":"PUBLIC-76F053: A coin issued by Augustus","image_urls":["https://finds.org.uk/images/mrdenarii/Augusta%2013-15%20AD.jpg"]},{"from":-16,"to":-14,"title":"PUBLIC-3EDA2E: A coin issued by Augustus","image_urls":["https://finds.org.uk/images/fisher1266x/Augustus%20Denarius.jpg"]},{"from":-16,"to":-11,"title":"HAMP-AF0BE1: A coin issued by Tasciovanus","image_urls":["https://finds.org.uk/images/rwebley/HAMP-AF0BE1Tasciovanusunit.jpg"]},{"from":-16,"to":-14,"title":"SUSS-B2C6E3: A coin issued by Augustus","image_urls":["https://finds.org.uk/images/stephaniesmith/SUSS-B2C6E3AugustanDenarius.jpg"]},{"from":-16,"to":-11,"title":"HAMP-A93AE2: A coin issued by Augustus","image_urls":["https://finds.org.uk/images/rwebley/HAMP-A93AE2Augustusdenarius.jpg"]},{"from":-16,"to":-11,"title":"IOW-CB8112: A coin issued by Augustus","image_urls":["https://finds.org.uk/images/fbasford/IOW2008-1-435.JPG"]},{"from":-16,"to":-14,"title":"KENT-F83272: A coin issued by Augustus","image_urls":["https://finds.org.uk/images/jbryan/KENTF83272.jpg"]},{"from":-16,"to":-16,"title":"HAMP-5127B8: A coin issued by Augustus","image_urls":["https://finds.org.uk/images/khindshamp/HAMP5127B8.jpg"]},{"from":-16,"to":-14,"title":"CAM-B69432: A coin issued by Augustus","image_urls":["https://finds.org.uk/images/hfowler/CAM-B69432.jpg"]},{"from":-16,"to":-14,"title":"SUSS-CCECC3: A coin issued by Augustus","image_urls":["https://finds.org.uk/images/lwalker/SUSS-CCECC3DenariusAugustus.jpg"]},{"from":-16,"to":-14,"title":"CAM-2EF802: A coin issued by Augustus","image_urls":["https://finds.org.uk/images/hfowler/CAM2EF802.jpg"]},{"from":-16,"to":10,"title":"BERK-0C37D5: A coin issued by Tasciovanus","image_urls":["https://finds.org.uk/images/maritime/619.%20Gold%20Quarter%20Stater%20Y619.jpg"]},{"from":-16,"to":-14,"title":"NCL-1FC9A6: A coin issued by Augustus","image_urls":["https://finds.org.uk/images/pwalton/denarius1merg.jpg"]},{"from":-16,"to":-11,"title":"SWYOR-4A4D75: A coin issued by Augustus","image_urls":["https://finds.org.uk/images/acooper/PAS_1824_denarius.jpg"]},{"from":-16,"to":-11,"title":"LON-55491A: A coin issued by Uninscribed","image_urls":["https://finds.org.uk/images/paitesb123/IACoin-%20LON-55491A-June14.jpg"]},{"from":-16,"to":-11,"title":"PUBLIC-E50A5A: A coin issued by Augustus","image_urls":["https://finds.org.uk/images/calow1/FLE14.%20879.JPG"]},{"from":-16,"to":-11,"title":"BH-F17F30: A coin issued by Tasciovanus","image_urls":["https://finds.org.uk/images/jwatters/IA%20coin%2009%205%20-%207.jpg"]},{"from":-16,"to":-14,"title":"ESS-CEB283: A coin issued by Augustus","image_urls":["https://finds.org.uk/images/cmcdonald/Brook%20Augustus%20denarius%20ob.jpg"]},{"from":-16,"to":-11,"title":"BH-33B484: A coin issued by Tasciovanus","image_urls":["https://finds.org.uk/images/jwatters/IA%20coin%2005%2020%20-%2012.jpg"]},{"from":-16,"to":-8,"title":"NARC-ED1038: A coin issued by Tincomarus","image_urls":["https://finds.org.uk/images/jcassidy/ed1038%20a.jpg"]},{"from":-16,"to":-11,"title":"LANCUM-15C602: A coin issued by Augustus","image_urls":["https://finds.org.uk/images/dboughton/BIFPBAugustus.jpg"]},{"from":-16,"to":15,"title":"IOW-F52A23: A coin issued by Augustus","image_urls":["https://finds.org.uk/images/fbasford/IOW2007-1-537.JPG"]},{"from":-16,"to":-14,"title":"BUC-08B6D4: A coin issued by Augustus","image_urls":["https://finds.org.uk/images/jmoss/2dscn9313.jpg"]},{"from":-16,"to":-11,"title":"BH-656924: A coin issued by Tasciovanus","image_urls":["https://finds.org.uk/images/jwatters/IA%20coin%2007%2039%20-%20107.jpg"]},{"from":-16,"to":-14,"title":"SUR-623EF9: A coin issued by Augustus","image_urls":["https://finds.org.uk/images/dwilliams/B14-216.JPG"]},{"from":-16,"to":-14,"title":"FASAM-BC6601: A coin issued by Augustus","image_urls":["https://finds.org.uk/images/sam/fasambc6601.jpg"]},{"from":-16,"to":-15,"title":"RIC I (second edition) Augustus 361. 1944.100.38333","image_urls":["http://numismatics.org/collectionimages/19001949/1944/1944.100.38333.rev.width350.jpg"]}]