[{"from":-166,"to":-88,"title":"Silver drachm, Rhodes, 166 BC - 88 BC. 1944.100.48781","image_urls":["http://numismatics.org/collectionimages/19001949/1944/1944.100.48781.rev.width350.jpg"]},{"from":-166,"to":-88,"title":"Silver drachm, Rhodes, 166 BC - 88 BC. 1944.100.48769","image_urls":["http://numismatics.org/collectionimages/19001949/1944/1944.100.48769.rev.width350.jpg"]},{"from":-166,"to":-88,"title":"Bronze Coin, Rhodes, 166 BC - 88 BC. 1944.100.48809","image_urls":["http://numismatics.org/collectionimages/19001949/1944/1944.100.48809.rev.width350.jpg"]},{"from":-166,"to":-88,"title":"Bronze Coin, Rhodes, 166 BC - 88 BC. 1941.131.834","image_urls":["http://numismatics.org/collectionimages/19001949/1941/1941.131.834.rev.width350.jpg"]},{"from":-166,"to":-88,"title":"Silver drachm, Rhodes, 166 BC - 88 BC. 1944.100.48780","image_urls":["http://numismatics.org/collectionimages/19001949/1944/1944.100.48780.rev.width350.jpg"]},{"from":-166,"to":-88,"title":"Silver drachm, Rhodes, 166 BC - 88 BC. 1944.100.48772","image_urls":["http://numismatics.org/collectionimages/19001949/1944/1944.100.48772.rev.width350.jpg"]},{"from":-166,"to":-88,"title":"Silver drachm, Rhodes, 166 BC - 88 BC. 1944.100.48766","image_urls":["http://numismatics.org/collectionimages/19001949/1944/1944.100.48766.rev.width350.jpg"]},{"from":-166,"to":-88,"title":"Silver drachm, Rhodes, 166 BC - 88 BC. 1944.100.48777","image_urls":["http://numismatics.org/collectionimages/19001949/1944/1944.100.48777.rev.width350.jpg"]},{"from":-166,"to":-88,"title":"Bronze Coin, Rhodes, 166 BC - 88 BC. 1944.100.48812","image_urls":["http://numismatics.org/collectionimages/19001949/1944/1944.100.48812.rev.width350.jpg"]},{"from":-166,"to":-150,"title":"Silver cistophorus, Synnada/Dionysopolis Phrygiae, 166 BC - 150 BC. 1951.5.173","image_urls":["http://numismatics.org/collectionimages/19501999/1951/1951.5.173.rev.width350.jpg"]},{"from":-166,"to":-88,"title":"Silver drachm, Rhodes, 166 BC - 88 BC. 1944.100.48775","image_urls":["http://numismatics.org/collectionimages/19001949/1944/1944.100.48775.rev.width350.jpg"]},{"from":-166,"to":-88,"title":"Bronze Coin, Rhodes, 166 BC - 88 BC. 1944.100.48811","image_urls":["http://numismatics.org/collectionimages/19001949/1944/1944.100.48811.rev.width350.jpg"]},{"from":-166,"to":-150,"title":"Silver cistophorus, Synnada/Dionysopolis Phrygiae, 166 BC - 150 BC. 1951.5.172","image_urls":["http://numismatics.org/collectionimages/19501999/1951/1951.5.172.rev.width350.jpg"]},{"from":-166,"to":-88,"title":"Bronze Coin, Rhodes, 166 BC - 88 BC. 1944.100.48810","image_urls":["http://numismatics.org/collectionimages/19001949/1944/1944.100.48810.rev.width350.jpg"]},{"from":-166,"to":-88,"title":"Silver drachm, Rhodes, 166 BC - 88 BC. 1944.100.48773","image_urls":["http://numismatics.org/collectionimages/19001949/1944/1944.100.48773.rev.width350.jpg"]},{"from":-166,"to":-88,"title":"Silver drachm, Rhodes, 166 BC - 88 BC. 1944.100.48774","image_urls":["http://numismatics.org/collectionimages/19001949/1944/1944.100.48774.rev.width350.jpg"]},{"from":-166,"to":-88,"title":"Silver drachm, Rhodes, 166 BC - 88 BC. 1944.100.48762","image_urls":["http://numismatics.org/collectionimages/19001949/1944/1944.100.48762.rev.width350.jpg"]},{"from":-166,"to":-88,"title":"Silver drachm, Rhodes, 166 BC - 88 BC. 1944.100.48765","image_urls":["http://numismatics.org/collectionimages/19001949/1944/1944.100.48765.rev.width350.jpg"]},{"from":-166,"to":-88,"title":"Silver drachm, Rhodes, 166 BC - 88 BC. 1944.100.48759","image_urls":["http://numismatics.org/collectionimages/19001949/1944/1944.100.48759.rev.width350.jpg"]},{"from":-166,"to":-88,"title":"Bronze Coin, Rhodes, 166 BC - 88 BC. 1954.203.210","image_urls":["http://numismatics.org/collectionimages/19501999/1954/1954.203.210.rev.width350.jpg"]},{"from":-166,"to":-88,"title":"Silver drachm, Rhodes, 166 BC - 88 BC. 1944.100.48771","image_urls":["http://numismatics.org/collectionimages/19001949/1944/1944.100.48771.rev.width350.jpg"]},{"from":-166,"to":-88,"title":"Silver drachm, Rhodes, 166 BC - 88 BC. 1944.100.48768","image_urls":["http://numismatics.org/collectionimages/19001949/1944/1944.100.48768.rev.width350.jpg"]},{"from":-166,"to":-88,"title":"Silver drachm, Rhodes, 166 BC - 88 BC. 1944.100.48763","image_urls":["http://numismatics.org/collectionimages/19001949/1944/1944.100.48763.rev.width350.jpg"]},{"from":-166,"to":-88,"title":"Silver drachm, Rhodes, 166 BC - 88 BC. 1944.100.48757","image_urls":["http://numismatics.org/collectionimages/19001949/1944/1944.100.48757.rev.width350.jpg"]},{"from":-166,"to":-88,"title":"Silver drachm, Rhodes, 166 BC - 88 BC. 1944.100.48778","image_urls":["http://numismatics.org/collectionimages/19001949/1944/1944.100.48778.rev.width350.jpg"]},{"from":-166,"to":-165,"title":"Silver Tetradrachm, Paphos, 166 BC - 165 BC. 1944.100.78780","image_urls":["http://numismatics.org/collectionimages/19001949/1944/1944.100.78780.rev.width350.jpg"]},{"from":-166,"to":-88,"title":"Silver drachm, Rhodes, 166 BC - 88 BC. 1944.100.48764","image_urls":["http://numismatics.org/collectionimages/19001949/1944/1944.100.48764.rev.width350.jpg"]},{"from":-166,"to":-88,"title":"Silver drachm, Rhodes, 166 BC - 88 BC. 1944.100.48779","image_urls":["http://numismatics.org/collectionimages/19001949/1944/1944.100.48779.rev.width350.jpg"]},{"from":-166,"to":-88,"title":"Bronze Coin, Rhodes, 166 BC - 88 BC. 1912.60.41","image_urls":["http://numismatics.org/collectionimages/19001949/1912/1912.60.41.rev.width350.jpg"]},{"from":-166,"to":-88,"title":"Silver drachm, Rhodes, 166 BC - 88 BC. 1944.100.48770","image_urls":["http://numismatics.org/collectionimages/19001949/1944/1944.100.48770.rev.width350.jpg"]},{"from":-166,"to":-160,"title":"Silver cistophorus, Pergamum, 166 BC - 160 BC. 1951.5.1","image_urls":["http://numismatics.org/collectionimages/19501999/1951/1951.5.1.rev.width350.jpg"]},{"from":-166,"to":-88,"title":"Silver drachm, Rhodes, 166 BC - 88 BC. 1944.100.48755","image_urls":["http://numismatics.org/collectionimages/19001949/1944/1944.100.48755.rev.width350.jpg"]},{"from":-166,"to":-88,"title":"Bronze Coin, Rhodes, 166 BC - 88 BC. 1970.142.512","image_urls":["http://numismatics.org/collectionimages/19501999/1970/1970.142.512.rev.width350.jpg"]},{"from":-166,"to":-88,"title":"Silver drachm, Rhodes, 166 BC - 88 BC. 1944.100.48767","image_urls":["http://numismatics.org/collectionimages/19001949/1944/1944.100.48767.rev.width350.jpg"]},{"from":-166,"to":-88,"title":"Silver drachm, Rhodes, 166 BC - 88 BC. 1944.100.48776","image_urls":["http://numismatics.org/collectionimages/19001949/1944/1944.100.48776.rev.width350.jpg"]},{"from":-166,"to":-88,"title":"Silver drachm, Rhodes, 166 BC - 88 BC. 1944.100.48758","image_urls":["http://numismatics.org/collectionimages/19001949/1944/1944.100.48758.rev.width350.jpg"]},{"from":-166,"to":-88,"title":"Bronze Coin, Rhodes, 166 BC - 88 BC. 1944.100.48813","image_urls":["http://numismatics.org/collectionimages/19001949/1944/1944.100.48813.rev.width350.jpg"]},{"from":-166,"to":-88,"title":"Silver drachm, Rhodes, 166 BC - 88 BC. 1944.100.48760","image_urls":["http://numismatics.org/collectionimages/19001949/1944/1944.100.48760.rev.width350.jpg"]},{"from":-166,"to":-160,"title":"Silver cistophorus, Pergamum, 166 BC - 160 BC. 1944.100.37426","image_urls":["http://numismatics.org/collectionimages/19001949/1944/1944.100.37426.rev.width350.jpg"]}]