[{"from":-167,"to":-100,"title":"Silver stater, Leucas, 167 BC - 100 BC. 2008.10.56","image_urls":["http://numismatics.org/collectionimages/20002049/2008/2008.10.56.rev.width350.jpg"]},{"from":-167,"to":-100,"title":"Silver stater, Leucas, 167 BC - 100 BC. 2008.10.58","image_urls":["http://numismatics.org/collectionimages/20002049/2008/2008.10.58.rev.width350.jpg"]},{"from":-167,"to":-100,"title":"Silver stater, Leucas, 167 BC - 100 BC. 2008.10.55","image_urls":["http://numismatics.org/collectionimages/20002049/2008/2008.10.55.rev.width350.jpg"]},{"from":-167,"to":-100,"title":"Silver stater, Leucas, 167 BC - 100 BC. 2008.10.60","image_urls":["http://numismatics.org/collectionimages/20002049/2008/2008.10.60.rev.width350.jpg"]},{"from":-167,"to":-164,"title":"Silver Tetradrachm, Antioch, 167 BC - 164 BC. 1944.100.75286","image_urls":["http://numismatics.org/collectionimages/19001949/1944/1944.100.75286.rev.width350.jpg"]},{"from":-167,"to":-100,"title":"Silver stater, Leucas, 167 BC - 100 BC. 2008.10.57","image_urls":["http://numismatics.org/collectionimages/20002049/2008/2008.10.57.rev.width350.jpg"]},{"from":-167,"to":-164,"title":"Silver Tetradrachm, Antioch, 167 BC - 164 BC. 1967.152.611","image_urls":["http://numismatics.org/collectionimages/19501999/1967/1967.152.611.rev.width350.jpg"]},{"from":-167,"to":-164,"title":"Silver Tetradrachm, Antioch, 167 BC - 164 BC. 1948.19.2345","image_urls":["http://numismatics.org/collectionimages/19001949/1948/1948.19.2345.rev.width350.jpg"]},{"from":-167,"to":-164,"title":"Silver Tetradrachm, Antioch, 167 BC - 164 BC. 1944.100.75288","image_urls":["http://numismatics.org/collectionimages/19001949/1944/1944.100.75288.rev.width350.jpg"]},{"from":-167,"to":-164,"title":"Silver Tetradrachm, Antioch, 167 BC - 164 BC. 1967.152.613","image_urls":["http://numismatics.org/collectionimages/19501999/1967/1967.152.613.rev.width350.jpg"]},{"from":-167,"to":-164,"title":"Silver Tetradrachm, Antioch, 167 BC - 164 BC. 1967.152.610","image_urls":["http://numismatics.org/collectionimages/19501999/1967/1967.152.610.rev.width350.jpg"]},{"from":-167,"to":-164,"title":"Silver Tetradrachm, Antioch, 167 BC - 164 BC. 1944.100.75291","image_urls":["http://numismatics.org/collectionimages/19001949/1944/1944.100.75291.rev.width350.jpg"]},{"from":-167,"to":-100,"title":"Silver stater, Leucas, 167 BC - 100 BC. 2008.10.59","image_urls":["http://numismatics.org/collectionimages/20002049/2008/2008.10.59.rev.width350.jpg"]}]