[{"from":-169,"to":-158,"title":"RRC 187/1. 0000.999.101","image_urls":["http://numismatics.org/collectionimages/00001899/0000/0000.999.101.rev.width350.jpg"]},{"from":-169,"to":-158,"title":"RRC 183/1. 1944.100.264","image_urls":["http://numismatics.org/collectionimages/19001949/1944/1944.100.264.rev.width350.jpg"]},{"from":-169,"to":-158,"title":"RRC 196/1. 1969.83.290","image_urls":["http://numismatics.org/collectionimages/19501999/1969/1969.83.290.rev.width350.jpg"]},{"from":-169,"to":-158,"title":"RRC 187/1. 1944.100.285","image_urls":["http://numismatics.org/collectionimages/19001949/1944/1944.100.285.rev.width350.jpg"]},{"from":-169,"to":-158,"title":"RRC 193/1. 1944.100.273","image_urls":["http://numismatics.org/collectionimages/19001949/1944/1944.100.273.rev.width350.jpg"]},{"from":-169,"to":-158,"title":"RRC 193/1. 1969.83.287","image_urls":["http://numismatics.org/collectionimages/19501999/1969/1969.83.287.rev.width350.jpg"]},{"from":-169,"to":-158,"title":"RRC 196/3. 1998.133.29","image_urls":["http://numismatics.org/collectionimages/19501999/1998/1998.133.29.rev.width350.jpg"]},{"from":-169,"to":-158,"title":"RRC 196/2. 1998.85.38","image_urls":["http://numismatics.org/collectionimages/19501999/1998/1998.85.38.rev.width350.jpg"]},{"from":-169,"to":-158,"title":"RRC 176/4. 1941.131.42","image_urls":["http://numismatics.org/collectionimages/19001949/1941/1941.131.42.rev.width350.jpg"]},{"from":-169,"to":-158,"title":"RRC 196/4. 1998.133.23","image_urls":["http://numismatics.org/collectionimages/19501999/1998/1998.133.23.rev.width350.jpg"]},{"from":-169,"to":-158,"title":"RRC 179/3. 1998.85.26","image_urls":["http://numismatics.org/collectionimages/19501999/1998/1998.85.26.rev.width350.jpg"]},{"from":-169,"to":-158,"title":"RRC 179/1. 1987.35.6","image_urls":["http://numismatics.org/collectionimages/19501999/1987/1987.35.6.rev.width350.jpg"]},{"from":-169,"to":-158,"title":"RRC 186/1. 1944.100.267","image_urls":["http://numismatics.org/collectionimages/19001949/1944/1944.100.267.rev.width350.jpg"]},{"from":-169,"to":-158,"title":"Bronze Triens of TVRD, Rome, 169 BC - 158 BC. 1998.85.35","image_urls":["http://numismatics.org/collectionimages/19501999/1998/1998.85.35.rev.width350.jpg"]},{"from":-169,"to":-158,"title":"RRC 182/1. 1983.47.1","image_urls":["http://numismatics.org/collectionimages/19501999/1983/1983.47.1.rev.width350.jpg"]},{"from":-169,"to":-158,"title":"RRC 190/1. 1944.100.269","image_urls":["http://numismatics.org/collectionimages/19001949/1944/1944.100.269.rev.width350.jpg"]},{"from":-169,"to":-158,"title":"RRC 194/4. 1969.83.289","image_urls":["http://numismatics.org/collectionimages/19501999/1969/1969.83.289.rev.width350.jpg"]},{"from":-169,"to":-158,"title":"RRC 178/1. 1944.100.260","image_urls":["http://numismatics.org/collectionimages/19001949/1944/1944.100.260.rev.width350.jpg"]},{"from":-169,"to":-158,"title":"RRC 178/1. 1969.83.280","image_urls":["http://numismatics.org/collectionimages/19501999/1969/1969.83.280.rev.width350.jpg"]},{"from":-169,"to":-158,"title":"RRC 179/1. 1906.236.694","image_urls":["http://numismatics.org/collectionimages/19001949/1906/1906.236.694.rev.width350.jpg"]},{"from":-169,"to":-158,"title":"RRC 174/1. 1944.100.255","image_urls":["http://numismatics.org/collectionimages/19001949/1944/1944.100.255.rev.width350.jpg"]},{"from":-169,"to":-158,"title":"RRC 174/5. 1998.85.23","image_urls":["http://numismatics.org/collectionimages/19501999/1998/1998.85.23.rev.width350.jpg"]},{"from":-169,"to":-158,"title":"RRC 196/1. 1948.8.2","image_urls":["http://numismatics.org/collectionimages/19001949/1948/1948.8.2.rev.width350.jpg"]},{"from":-169,"to":-158,"title":"RRC 182/1. 1971.181.2","image_urls":["http://numismatics.org/collectionimages/19501999/1971/1971.181.2.rev.width350.jpg"]},{"from":-169,"to":-158,"title":"RRC 180/4. 1998.85.28","image_urls":["http://numismatics.org/collectionimages/19501999/1998/1998.85.28.rev.width350.jpg"]},{"from":-169,"to":-158,"title":"RRC 185/4. 1944.100.266","image_urls":["http://numismatics.org/collectionimages/19001949/1944/1944.100.266.rev.width350.jpg"]},{"from":-169,"to":-158,"title":"Bronze sextans, Rome, 169 BC - 158 BC. 2011.77.60","image_urls":["http://numismatics.org/collectionimages/20002049/2011/2011.77.60.rev.width350.jpg"]},{"from":-169,"to":-158,"title":"RRC 182/1. 1999.13.2","image_urls":["http://numismatics.org/collectionimages/19501999/1999/1999.13.2.rev.width350.jpg"]},{"from":-169,"to":-158,"title":"RRC 177/4. 1969.83.514","image_urls":["http://numismatics.org/collectionimages/19501999/1969/1969.83.514.rev.width350.jpg"]},{"from":-169,"to":-158,"title":"RRC 191/1. 1944.100.270","image_urls":["http://numismatics.org/collectionimages/19001949/1944/1944.100.270.rev.width350.jpg"]},{"from":-169,"to":-158,"title":"RRC 195/1. 1941.131.43","image_urls":["http://numismatics.org/collectionimages/19001949/1941/1941.131.43.rev.width350.jpg"]},{"from":-169,"to":-158,"title":"RRC 190/1. 1969.83.284","image_urls":["http://numismatics.org/collectionimages/19501999/1969/1969.83.284.rev.width350.jpg"]},{"from":-169,"to":-158,"title":"RRC 176/1. 1944.100.258","image_urls":["http://numismatics.org/collectionimages/19001949/1944/1944.100.258.rev.width350.jpg"]},{"from":-169,"to":-158,"title":"RRC 173/5. 1998.85.20","image_urls":["http://numismatics.org/collectionimages/19501999/1998/1998.85.20.rev.width350.jpg"]},{"from":-169,"to":-158,"title":"RRC 192/1. 1969.83.286","image_urls":["http://numismatics.org/collectionimages/19501999/1969/1969.83.286.rev.width350.jpg"]},{"from":-169,"to":-158,"title":"RRC 173/4. 1998.133.32","image_urls":["http://numismatics.org/collectionimages/19501999/1998/1998.133.32.rev.width350.jpg"]},{"from":-169,"to":-158,"title":"RRC 193/1. 1944.100.272","image_urls":["http://numismatics.org/collectionimages/19001949/1944/1944.100.272.rev.width350.jpg"]},{"from":-169,"to":-158,"title":"RRC 195/1. 1969.83.274","image_urls":["http://numismatics.org/collectionimages/19501999/1969/1969.83.274.rev.width350.jpg"]},{"from":-169,"to":-158,"title":"RRC 194/4. 1944.100.275","image_urls":["http://numismatics.org/collectionimages/19001949/1944/1944.100.275.rev.width350.jpg"]},{"from":-169,"to":-158,"title":"RRC 183/4. 1998.85.32","image_urls":["http://numismatics.org/collectionimages/19501999/1998/1998.85.32.rev.width350.jpg"]},{"from":-169,"to":-158,"title":"RRC 176/1. 1944.100.257","image_urls":["http://numismatics.org/collectionimages/19001949/1944/1944.100.257.rev.width350.jpg"]},{"from":-169,"to":-158,"title":"RRC 186/1. 1969.83.283","image_urls":["http://numismatics.org/collectionimages/19501999/1969/1969.83.283.rev.width350.jpg"]},{"from":-169,"to":-158,"title":"RRC 187/1. 1944.100.284","image_urls":["http://numismatics.org/collectionimages/19001949/1944/1944.100.284.rev.width350.jpg"]},{"from":-169,"to":-158,"title":"RRC 182/2. 1944.100.263","image_urls":["http://numismatics.org/collectionimages/19001949/1944/1944.100.263.rev.width350.jpg"]},{"from":-169,"to":-158,"title":"RRC 189/1. 1944.100.268","image_urls":["http://numismatics.org/collectionimages/19001949/1944/1944.100.268.rev.width350.jpg"]},{"from":-169,"to":-158,"title":"RRC 194/1. 1969.83.288","image_urls":["http://numismatics.org/collectionimages/19501999/1969/1969.83.288.rev.width350.jpg"]},{"from":-169,"to":-158,"title":"RRC 194/2. 1944.100.274","image_urls":["http://numismatics.org/collectionimages/19001949/1944/1944.100.274.rev.width350.jpg"]},{"from":-169,"to":-158,"title":"RRC 182/4. 1998.85.30","image_urls":["http://numismatics.org/collectionimages/19501999/1998/1998.85.30.rev.width350.jpg"]},{"from":-169,"to":-158,"title":"RRC 174/1. 1943.999.3","image_urls":["http://numismatics.org/collectionimages/19001949/1943/1943.999.3.rev.width350.jpg"]},{"from":-169,"to":-158,"title":"Bronze Sextans of TVRD, Rome, 169 BC - 158 BC. 1998.85.37","image_urls":["http://numismatics.org/collectionimages/19501999/1998/1998.85.37.rev.width350.jpg"]},{"from":-169,"to":-158,"title":"RRC 174/4. 1998.85.22","image_urls":["http://numismatics.org/collectionimages/19501999/1998/1998.85.22.rev.width350.jpg"]},{"from":-169,"to":-158,"title":"RRC 178/1. 1948.8.1","image_urls":["http://numismatics.org/collectionimages/19001949/1948/1948.8.1.rev.width350.jpg"]},{"from":-169,"to":-158,"title":"RRC 180/1. 1944.100.262","image_urls":["http://numismatics.org/collectionimages/19001949/1944/1944.100.262.rev.width350.jpg"]},{"from":-169,"to":-158,"title":"RRC 174/3. 1944.100.256","image_urls":["http://numismatics.org/collectionimages/19001949/1944/1944.100.256.rev.width350.jpg"]},{"from":-169,"to":-158,"title":"RRC 177/2. 1998.85.24","image_urls":["http://numismatics.org/collectionimages/19501999/1998/1998.85.24.rev.width350.jpg"]},{"from":-169,"to":-158,"title":"RRC 196/1. 1944.100.277","image_urls":["http://numismatics.org/collectionimages/19001949/1944/1944.100.277.rev.width350.jpg"]},{"from":-169,"to":-158,"title":"RRC 196/4. 1998.85.39","image_urls":["http://numismatics.org/collectionimages/19501999/1998/1998.85.39.rev.width350.jpg"]},{"from":-169,"to":-158,"title":"RRC 187/1. 1944.100.283","image_urls":["http://numismatics.org/collectionimages/19001949/1944/1944.100.283.rev.width350.jpg"]},{"from":-169,"to":-158,"title":"RRC 182/5. 1998.85.31","image_urls":["http://numismatics.org/collectionimages/19501999/1998/1998.85.31.rev.width350.jpg"]},{"from":-169,"to":-158,"title":"RRC 184/1a. 1969.83.282","image_urls":["http://numismatics.org/collectionimages/19501999/1969/1969.83.282.rev.width350.jpg"]},{"from":-169,"to":-158,"title":"RRC 177/5. 1998.85.25","image_urls":["http://numismatics.org/collectionimages/19501999/1998/1998.85.25.rev.width350.jpg"]},{"from":-169,"to":-158,"title":"RRC 173/3. 1998.85.19","image_urls":["http://numismatics.org/collectionimages/19501999/1998/1998.85.19.rev.width350.jpg"]},{"from":-169,"to":-158,"title":"Bronze Semis of OPEIMI, Rome, 169 BC - 158 BC. 1998.85.34","image_urls":["http://numismatics.org/collectionimages/19501999/1998/1998.85.34.rev.width350.jpg"]},{"from":-169,"to":-158,"title":"Bronze As of OPEIMI, Rome, 169 BC - 158 BC. 1998.133.5","image_urls":["http://numismatics.org/collectionimages/19501999/1998/1998.133.5.rev.width350.jpg"]},{"from":-169,"to":-158,"title":"RRC 178/1. 1969.83.279","image_urls":["http://numismatics.org/collectionimages/19501999/1969/1969.83.279.rev.width350.jpg"]},{"from":-169,"to":-158,"title":"RRC 186/1. 1986.161.86","image_urls":["http://numismatics.org/collectionimages/19501999/1986/1986.161.86.rev.width350.jpg"]},{"from":-169,"to":-158,"title":"RRC 180/3. 1998.133.16","image_urls":["http://numismatics.org/collectionimages/19501999/1998/1998.133.16.rev.width350.jpg"]},{"from":-169,"to":-158,"title":"RRC 181/1. 1998.85.29","image_urls":["http://numismatics.org/collectionimages/19501999/1998/1998.85.29.rev.width350.jpg"]},{"from":-169,"to":-158,"title":"RRC 174/1. 1944.100.254","image_urls":["http://numismatics.org/collectionimages/19001949/1944/1944.100.254.rev.width350.jpg"]},{"from":-169,"to":-158,"title":"RRC 191/1. 1944.100.271","image_urls":["http://numismatics.org/collectionimages/19001949/1944/1944.100.271.rev.width350.jpg"]},{"from":-169,"to":-158,"title":"RRC 185/1. 1944.100.265","image_urls":["http://numismatics.org/collectionimages/19001949/1944/1944.100.265.rev.width350.jpg"]},{"from":-169,"to":-158,"title":"RRC 176/1. 1943.102.9","image_urls":["http://numismatics.org/collectionimages/19001949/1943/1943.102.9.rev.width350.jpg"]},{"from":-169,"to":-158,"title":"RRC 173/1. 1944.100.253","image_urls":["http://numismatics.org/collectionimages/19001949/1944/1944.100.253.rev.width350.jpg"]},{"from":-169,"to":-158,"title":"RRC 174/2. 1998.85.21","image_urls":["http://numismatics.org/collectionimages/19501999/1998/1998.85.21.rev.width350.jpg"]},{"from":-169,"to":-158,"title":"Bronze Quadrans of TVRD, Rome, 169 BC - 158 BC. 1998.85.36","image_urls":["http://numismatics.org/collectionimages/19501999/1998/1998.85.36.rev.width350.jpg"]},{"from":-169,"to":-158,"title":"RRC 179/4. 1998.85.27","image_urls":["http://numismatics.org/collectionimages/19501999/1998/1998.85.27.rev.width350.jpg"]},{"from":-169,"to":-158,"title":"RRC 184/1a. 1998.108.6","image_urls":["http://numismatics.org/collectionimages/19501999/1998/1998.108.6.rev.width350.jpg"]},{"from":-169,"to":-158,"title":"RRC 183/1. 1995.16.1","image_urls":["http://numismatics.org/collectionimages/19501999/1995/1995.16.1.rev.width350.jpg"]},{"from":-169,"to":-158,"title":"RRC 191/1. 1954.18.26","image_urls":["http://numismatics.org/collectionimages/19501999/1954/1954.18.26.rev.width350.jpg"]},{"from":-169,"to":-158,"title":"RRC 182/1. 1978.64.305","image_urls":["http://numismatics.org/collectionimages/19501999/1978/1978.64.305.rev.width350.jpg"]},{"from":-169,"to":-158,"title":"RRC 183/1. 1969.83.281","image_urls":["http://numismatics.org/collectionimages/19501999/1969/1969.83.281.rev.width350.jpg"]},{"from":-169,"to":-158,"title":"RRC 182/1. 1944.100.282","image_urls":["http://numismatics.org/collectionimages/19001949/1944/1944.100.282.rev.width350.jpg"]},{"from":-169,"to":-158,"title":"RRC 178/1. 1944.100.261","image_urls":["http://numismatics.org/collectionimages/19001949/1944/1944.100.261.rev.width350.jpg"]},{"from":-169,"to":-158,"title":"RRC 195/3. 1944.100.276","image_urls":["http://numismatics.org/collectionimages/19001949/1944/1944.100.276.rev.width350.jpg"]},{"from":-169,"to":-158,"title":"RRC 177/1. 1944.100.259","image_urls":["http://numismatics.org/collectionimages/19001949/1944/1944.100.259.rev.width350.jpg"]},{"from":-169,"to":-158,"title":"Bronze As of PVR, Rome, 169 BC - 158 BC. 1998.85.33","image_urls":["http://numismatics.org/collectionimages/19501999/1998/1998.85.33.rev.width350.jpg"]},{"from":-169,"to":-158,"title":"RRC 195/2. 1998.133.33","image_urls":["http://numismatics.org/collectionimages/19501999/1998/1998.133.33.rev.width350.jpg"]},{"from":-169,"to":-158,"title":"RRC 195/4. 1978.55.2","image_urls":["http://numismatics.org/collectionimages/19501999/1978/1978.55.2.rev.width350.jpg"]},{"from":-169,"to":-158,"title":"RRC 190/1. 1969.83.285","image_urls":["http://numismatics.org/collectionimages/19501999/1969/1969.83.285.rev.width350.jpg"]},{"from":-169,"to":-158,"title":"RRC 180/2. 1998.133.17","image_urls":["http://numismatics.org/collectionimages/19501999/1998/1998.133.17.rev.width350.jpg"]}]