[{"from":-17,"to":-17,"title":"PUBLIC-0580D4: A coin issued by Augustus","image_urls":["https://finds.org.uk/images/Linz/Augustus%20denarius%20awaiting%20recording.jpg"]},{"from":-17,"to":-17,"title":"LIN-F32178: A coin issued by Augustus","image_urls":["https://finds.org.uk/images/adaubney/LIN285B.JPG"]},{"from":-17,"to":-17,"title":"LVPL-99A704: A coin issued by Augustus","image_urls":["https://finds.org.uk/images/fmcintosh/Augustus%20As%2C%20Chester%2C%20RIC%20373%2C%204.8.08b.jpg"]},{"from":-17,"to":21,"title":"Bronze Coin, Leptis Magna, 17 BC - AD 21. 1944.100.79594","image_urls":["http://numismatics.org/collectionimages/19001949/1944/1944.100.79594.rev.width350.jpg"]}]