[{"from":-170,"to":-160,"title":"Bronze Coin, Olbia, 170 BC - 160 BC. 1944.100.14488","image_urls":["http://numismatics.org/collectionimages/19001949/1944/1944.100.14488.rev.width350.jpg"]},{"from":-170,"to":-145,"title":"Bronze Double, Alexandria on the Caucasus, 170 BC - 145 BC. 1973.56.1346","image_urls":["http://numismatics.org/collectionimages/19501999/1973/1973.56.1346.rev.width350.jpg"]},{"from":-170,"to":-160,"title":"Bronze Coin, Olbia, 170 BC - 160 BC. 1944.100.14487","image_urls":["http://numismatics.org/collectionimages/19001949/1944/1944.100.14487.rev.width350.jpg"]},{"from":-170,"to":-145,"title":"Bronze Double, Alexandria on the Caucasus, 170 BC - 145 BC. 1944.100.74482","image_urls":["http://numismatics.org/collectionimages/19001949/1944/1944.100.74482.rev.width350.jpg"]},{"from":-170,"to":-160,"title":"Silver tetradrachm, Clazomenae, 170 BC - 160 BC. 2008.30.1","image_urls":["http://numismatics.org/collectionimages/20002049/2008/2008.30.1.rev.width350.jpg"]}]