[{"from":-171,"to":-138,"title":"Bronze Coin, Ecbatana, 171 BC - 138 BC. 1978.82.71","image_urls":["http://numismatics.org/collectionimages/19501999/1978/1978.82.71.rev.width350.jpg"]},{"from":-171,"to":-138,"title":"Silver Drachm, Seleuceia ad Tigrim, 171 BC - 138 BC. 1944.100.82044","image_urls":["http://numismatics.org/collectionimages/19001949/1944/1944.100.82044.rev.width350.jpg"]},{"from":-171,"to":-138,"title":"Silver Tetradrachm, Seleuceia ad Tigrim, 171 BC - 138 BC. 1967.152.576","image_urls":["http://numismatics.org/collectionimages/19501999/1967/1967.152.576.rev.width350.jpg"]},{"from":-171,"to":-138,"title":"Silver Drachm, Ecbatana, 171 BC - 138 BC. 1944.100.82047","image_urls":["http://numismatics.org/collectionimages/19001949/1944/1944.100.82047.rev.width350.jpg"]},{"from":-171,"to":-138,"title":"Silver Tetradrachm, Seleuceia ad Tigrim, 171 BC - 138 BC. 1944.100.82041","image_urls":["http://numismatics.org/collectionimages/19001949/1944/1944.100.82041.rev.width350.jpg"]},{"from":-171,"to":-138,"title":"Silver Tetradrachm, Seleuceia ad Tigrim, 171 BC - 138 BC. 1967.152.702","image_urls":["http://numismatics.org/collectionimages/19501999/1967/1967.152.702.rev.width350.jpg"]},{"from":-171,"to":-138,"title":"Silver obol, Ecbatana, 171 BC - 138 BC. 1944.100.82053","image_urls":["http://numismatics.org/collectionimages/19001949/1944/1944.100.82053.rev.width350.jpg"]},{"from":-171,"to":-138,"title":"Silver Drachm, Nisa Mithradatkart, 171 BC - 138 BC. 1944.100.82061","image_urls":["http://numismatics.org/collectionimages/19001949/1944/1944.100.82061.rev.width350.jpg"]},{"from":-171,"to":-138,"title":"Silver Drachm, Seleuceia ad Tigrim, 171 BC - 138 BC. 1944.100.82043","image_urls":["http://numismatics.org/collectionimages/19001949/1944/1944.100.82043.rev.width350.jpg"]},{"from":-171,"to":-138,"title":"Silver obol, Ecbatana, 171 BC - 138 BC. 1944.100.82056","image_urls":["http://numismatics.org/collectionimages/19001949/1944/1944.100.82056.rev.width350.jpg"]},{"from":-171,"to":-138,"title":"Silver Drachm, Seleuceia ad Tigrim, 171 BC - 138 BC. 1944.100.82046","image_urls":["http://numismatics.org/collectionimages/19001949/1944/1944.100.82046.rev.width350.jpg"]},{"from":-171,"to":-138,"title":"Bronze Coin, Ecbatana, 171 BC - 138 BC. 1944.100.82076","image_urls":["http://numismatics.org/collectionimages/19001949/1944/1944.100.82076.rev.width350.jpg"]},{"from":-171,"to":-138,"title":"Silver Tetradrachm, Seleuceia ad Tigrim, 171 BC - 138 BC. 1944.100.82040","image_urls":["http://numismatics.org/collectionimages/19001949/1944/1944.100.82040.rev.width350.jpg"]},{"from":-171,"to":-138,"title":"Silver Drachm, Nisa Mithradatkart, 171 BC - 138 BC. 1944.100.82064","image_urls":["http://numismatics.org/collectionimages/19001949/1944/1944.100.82064.rev.width350.jpg"]},{"from":-171,"to":-138,"title":"Silver Drachm, Nisa Mithradatkart, 171 BC - 138 BC. 1944.100.82069","image_urls":["http://numismatics.org/collectionimages/19001949/1944/1944.100.82069.rev.width350.jpg"]},{"from":-171,"to":-138,"title":"Bronze Coin, Ecbatana, 171 BC - 138 BC. 1944.100.82075","image_urls":["http://numismatics.org/collectionimages/19001949/1944/1944.100.82075.rev.width350.jpg"]},{"from":-171,"to":-138,"title":"Silver Tetradrachm, Seleuceia ad Tigrim, 171 BC - 138 BC. 1944.100.82042","image_urls":["http://numismatics.org/collectionimages/19001949/1944/1944.100.82042.rev.width350.jpg"]},{"from":-171,"to":-138,"title":"Silver Drachm, Nisa Mithradatkart, 171 BC - 138 BC. 1944.100.82063","image_urls":["http://numismatics.org/collectionimages/19001949/1944/1944.100.82063.rev.width350.jpg"]},{"from":-171,"to":-138,"title":"Bronze Coin, Ecbatana, 171 BC - 138 BC. 1944.100.82057","image_urls":["http://numismatics.org/collectionimages/19001949/1944/1944.100.82057.rev.width350.jpg"]},{"from":-171,"to":-138,"title":"Bronze Coin, Ecbatana, 171 BC - 138 BC. 1944.100.82078","image_urls":["http://numismatics.org/collectionimages/19001949/1944/1944.100.82078.rev.width350.jpg"]},{"from":-171,"to":-138,"title":"Silver obol, Ecbatana, 171 BC - 138 BC. 1944.100.82055","image_urls":["http://numismatics.org/collectionimages/19001949/1944/1944.100.82055.rev.width350.jpg"]},{"from":-171,"to":-138,"title":"Silver Drachm, Nisa Mithradatkart, 171 BC - 138 BC. 1944.100.82060","image_urls":["http://numismatics.org/collectionimages/19001949/1944/1944.100.82060.rev.width350.jpg"]},{"from":-171,"to":-138,"title":"Silver obol, Ecbatana, 171 BC - 138 BC. 1944.100.82054","image_urls":["http://numismatics.org/collectionimages/19001949/1944/1944.100.82054.rev.width350.jpg"]},{"from":-171,"to":-138,"title":"Bronze Coin, Ecbatana, 171 BC - 138 BC. 1944.100.82077","image_urls":["http://numismatics.org/collectionimages/19001949/1944/1944.100.82077.rev.width350.jpg"]},{"from":-171,"to":-138,"title":"Silver Drachm, Nisa Mithradatkart, 171 BC - 138 BC. 1944.100.82062","image_urls":["http://numismatics.org/collectionimages/19001949/1944/1944.100.82062.rev.width350.jpg"]},{"from":-171,"to":-138,"title":"Silver Drachm, Ecbatana, 171 BC - 138 BC. 1944.100.82018","image_urls":["http://numismatics.org/collectionimages/19001949/1944/1944.100.82018.rev.width350.jpg"]},{"from":-171,"to":-138,"title":"Silver Drachm, Seleuceia ad Tigrim, 171 BC - 138 BC. 1944.100.82045","image_urls":["http://numismatics.org/collectionimages/19001949/1944/1944.100.82045.rev.width350.jpg"]},{"from":-171,"to":-138,"title":"Bronze Coin, Ecbatana, 171 BC - 138 BC. 1944.100.82079","image_urls":["http://numismatics.org/collectionimages/19001949/1944/1944.100.82079.rev.width350.jpg"]}]