[{"from":-173,"to":-167,"title":"Silver 4 drachm (tetradrachm) of Alexander III, Alabanda, 173 BC - 167 BC. 1952.177.44","image_urls":["http://numismatics.org/collectionimages/19501999/1952/1952.177.44.rev.width350.jpg"]},{"from":-173,"to":-167,"title":"Silver 4 drachm (tetradrachm) of Alexander III, Alabanda, 173 BC - 167 BC. 1944.100.32198","image_urls":["http://numismatics.org/collectionimages/19001949/1944/1944.100.32198.rev.width350.jpg"]},{"from":-173,"to":-167,"title":"Silver 4 drachm (tetradrachm) of Alexander III, Alabanda, 173 BC - 167 BC. 1952.177.47","image_urls":["http://numismatics.org/collectionimages/19501999/1952/1952.177.47.rev.width350.jpg"]},{"from":-173,"to":-167,"title":"Silver 4 drachm (tetradrachm) of Alexander III, Alabanda, 173 BC - 167 BC. 1952.177.49","image_urls":["http://numismatics.org/collectionimages/19501999/1952/1952.177.49.rev.width350.jpg"]},{"from":-173,"to":-167,"title":"Silver 4 drachm (tetradrachm) of Alexander III, Alabanda, 173 BC - 167 BC. 1951.138.18","image_urls":["http://numismatics.org/collectionimages/19501999/1951/1951.138.18.rev.width350.jpg"]},{"from":-173,"to":-167,"title":"Silver 4 drachm (tetradrachm) of Alexander III, Alabanda, 173 BC - 167 BC. 1952.177.46","image_urls":["http://numismatics.org/collectionimages/19501999/1952/1952.177.46.rev.width350.jpg"]},{"from":-173,"to":-167,"title":"Silver 4 drachm (tetradrachm) of Alexander III, Alabanda, 173 BC - 167 BC. 1954.247.2","image_urls":["http://numismatics.org/collectionimages/19501999/1954/1954.247.2.rev.width350.jpg"]},{"from":-173,"to":-167,"title":"Silver 4 drachm (tetradrachm) of Alexander III, Alabanda, 173 BC - 167 BC. 1944.100.32199","image_urls":["http://numismatics.org/collectionimages/19001949/1944/1944.100.32199.rev.width350.jpg"]},{"from":-173,"to":-167,"title":"Silver 4 drachm (tetradrachm) of Alexander III, Alabanda, 173 BC - 167 BC. 1947.98.205","image_urls":["http://numismatics.org/collectionimages/19001949/1947/1947.98.205.rev.width350.jpg"]},{"from":-173,"to":-167,"title":"Silver 4 drachm (tetradrachm) of Alexander III, Alabanda, 173 BC - 167 BC. 1952.177.43","image_urls":["http://numismatics.org/collectionimages/19501999/1952/1952.177.43.rev.width350.jpg"]},{"from":-173,"to":-167,"title":"Silver 4 drachm (tetradrachm) of Alexander III, Alabanda, 173 BC - 167 BC. 1952.177.48","image_urls":["http://numismatics.org/collectionimages/19501999/1952/1952.177.48.rev.width350.jpg"]},{"from":-173,"to":-167,"title":"Silver 4 drachm (tetradrachm) of Alexander III, Alabanda, 173 BC - 167 BC. 1946.90.1","image_urls":["http://numismatics.org/collectionimages/19001949/1946/1946.90.1.rev.width350.jpg"]},{"from":-173,"to":-167,"title":"Silver 4 drachm (tetradrachm) of Alexander III, Alabanda, 173 BC - 167 BC. 1950.20.1","image_urls":["http://numismatics.org/collectionimages/19501999/1950/1950.20.1.rev.width350.jpg"]},{"from":-173,"to":-167,"title":"Silver 4 drachm (tetradrachm) of Alexander III, Alabanda, 173 BC - 167 BC. 1972.53.2","image_urls":["http://numismatics.org/collectionimages/19501999/1972/1972.53.2.rev.width350.jpg"]},{"from":-173,"to":-167,"title":"Silver 4 drachm (tetradrachm) of Alexander III, Alabanda, 173 BC - 167 BC. 1953.171.285","image_urls":["http://numismatics.org/collectionimages/19501999/1953/1953.171.285.rev.width350.jpg"]},{"from":-173,"to":-167,"title":"Silver 4 drachm (tetradrachm) of Alexander III, Alabanda, 173 BC - 167 BC. 1952.177.42","image_urls":["http://numismatics.org/collectionimages/19501999/1952/1952.177.42.rev.width350.jpg"]},{"from":-173,"to":-167,"title":"Silver 4 drachm (tetradrachm) of Alexander III, Alabanda, 173 BC - 167 BC. 1948.19.914","image_urls":["http://numismatics.org/collectionimages/19001949/1948/1948.19.914.rev.width350.jpg"]},{"from":-173,"to":-172,"title":"Bronze Coin, Marathus, 173 BC - 172 BC. 1944.100.71008","image_urls":["http://numismatics.org/collectionimages/19001949/1944/1944.100.71008.rev.width350.jpg"]},{"from":-173,"to":-167,"title":"Silver 4 drachm (tetradrachm) of Alexander III, Alabanda, 173 BC - 167 BC. 1944.100.32200","image_urls":["http://numismatics.org/collectionimages/19001949/1944/1944.100.32200.rev.width350.jpg"]},{"from":-173,"to":-167,"title":"Silver 4 drachm (tetradrachm) of Alexander III, Alabanda, 173 BC - 167 BC. 1944.100.32197","image_urls":["http://numismatics.org/collectionimages/19001949/1944/1944.100.32197.rev.width350.jpg"]},{"from":-173,"to":-167,"title":"Silver 4 drachm (tetradrachm) of Alexander III, Alabanda, 173 BC - 167 BC. 1957.109.4","image_urls":["http://numismatics.org/collectionimages/19501999/1957/1957.109.4.rev.width350.jpg"]},{"from":-173,"to":-167,"title":"Silver 4 drachm (tetradrachm) of Alexander III, Alabanda, 173 BC - 167 BC. 1944.100.32194","image_urls":["http://numismatics.org/collectionimages/19001949/1944/1944.100.32194.rev.width350.jpg"]},{"from":-173,"to":-167,"title":"Silver 4 drachm (tetradrachm) of Alexander III, Alabanda, 173 BC - 167 BC. 1950.20.2","image_urls":["http://numismatics.org/collectionimages/19501999/1950/1950.20.2.rev.width350.jpg"]},{"from":-173,"to":-167,"title":"Silver 4 drachm (tetradrachm) of Alexander III, Alabanda, 173 BC - 167 BC. 1954.39.8","image_urls":["http://numismatics.org/collectionimages/19501999/1954/1954.39.8.rev.width350.jpg"]},{"from":-173,"to":-167,"title":"Silver 4 drachm (tetradrachm) of Alexander III, Alabanda, 173 BC - 167 BC. 1952.177.45","image_urls":["http://numismatics.org/collectionimages/19501999/1952/1952.177.45.rev.width350.jpg"]},{"from":-173,"to":-167,"title":"Silver 4 drachm (tetradrachm) of Alexander III, Alabanda, 173 BC - 167 BC. 1944.100.32195","image_urls":["http://numismatics.org/collectionimages/19001949/1944/1944.100.32195.rev.width350.jpg"]},{"from":-173,"to":-167,"title":"Silver 4 drachm (tetradrachm) of Alexander III, Alabanda, 173 BC - 167 BC. 1947.98.206","image_urls":["http://numismatics.org/collectionimages/19001949/1947/1947.98.206.rev.width350.jpg"]},{"from":-173,"to":-167,"title":"Silver 4 drachm (tetradrachm) of Alexander III, Alabanda, 173 BC - 167 BC. 1951.138.17","image_urls":["http://numismatics.org/collectionimages/19501999/1951/1951.138.17.rev.width350.jpg"]},{"from":-173,"to":-167,"title":"Silver 4 drachm (tetradrachm) of Alexander III, Alabanda, 173 BC - 167 BC. 1952.177.41","image_urls":["http://numismatics.org/collectionimages/19501999/1952/1952.177.41.rev.width350.jpg"]},{"from":-173,"to":-167,"title":"Silver 4 drachm (tetradrachm) of Alexander III, Alabanda, 173 BC - 167 BC. 1944.100.32196","image_urls":["http://numismatics.org/collectionimages/19001949/1944/1944.100.32196.rev.width350.jpg"]},{"from":-173,"to":-167,"title":"Silver 4 drachm (tetradrachm) of Alexander III, Alabanda, 173 BC - 167 BC. 1953.4.3","image_urls":["http://numismatics.org/collectionimages/19501999/1953/1953.4.3.rev.width350.jpg"]},{"from":-173,"to":-167,"title":"Silver 4 drachm (tetradrachm) of Alexander III, Alabanda, 173 BC - 167 BC. 1948.19.915","image_urls":["http://numismatics.org/collectionimages/19001949/1948/1948.19.915.rev.width350.jpg"]},{"from":-173,"to":-167,"title":"Silver 4 drachm (tetradrachm) of Alexander III, Alabanda, 173 BC - 167 BC. 1944.100.32201","image_urls":["http://numismatics.org/collectionimages/19001949/1944/1944.100.32201.rev.width350.jpg"]},{"from":-173,"to":-171,"title":"Bronze Coin, Alexandreia, 173 BC - 171 BC. 1944.100.78700","image_urls":["http://numismatics.org/collectionimages/19001949/1944/1944.100.78700.rev.width350.jpg"]}]