[{"from":-175,"to":-168,"title":"Silver hemidrachm of Achaean League, Megalopolis, 175 BC - 168 BC. 1963.31.1122","image_urls":["http://numismatics.org/collectionimages/19501999/1963/1963.31.1122.rev.width350.jpg"]},{"from":-175,"to":-168,"title":"Silver hemidrachm of Achaean League, Megalopolis, 175 BC - 168 BC. 1944.100.40155","image_urls":["http://numismatics.org/collectionimages/19001949/1944/1944.100.40155.rev.width350.jpg"]},{"from":-175,"to":-168,"title":"Silver hemidrachm of Achaean League, Megalopolis, 175 BC - 168 BC. 1963.31.1119","image_urls":["http://numismatics.org/collectionimages/19501999/1963/1963.31.1119.rev.width350.jpg"]},{"from":-175,"to":-168,"title":"Silver hemidrachm of Achaean League, Megalopolis, 175 BC - 168 BC. 1963.31.1113","image_urls":["http://numismatics.org/collectionimages/19501999/1963/1963.31.1113.rev.width350.jpg"]},{"from":-175,"to":-168,"title":"Silver hemidrachm of Achaean League, Megalopolis, 175 BC - 168 BC. 1963.31.1116","image_urls":["http://numismatics.org/collectionimages/19501999/1963/1963.31.1116.rev.width350.jpg"]},{"from":-175,"to":-168,"title":"Silver hemidrachm of Achaean League, Megalopolis, 175 BC - 168 BC. 1963.31.1101","image_urls":["http://numismatics.org/collectionimages/19501999/1963/1963.31.1101.rev.width350.jpg"]},{"from":-175,"to":-150,"title":"Gold stater, Byzantium, 175 BC - 150 BC. 1944.100.82772","image_urls":["http://numismatics.org/collectionimages/19001949/1944/1944.100.82772.rev.width350.jpg"]},{"from":-175,"to":-168,"title":"Silver hemidrachm of Achaean League, Megalopolis, 175 BC - 168 BC. 1963.31.1125","image_urls":["http://numismatics.org/collectionimages/19501999/1963/1963.31.1125.rev.width350.jpg"]},{"from":-175,"to":-168,"title":"Silver hemidrachm of Achaean League, Megalopolis, 175 BC - 168 BC. 1963.31.1110","image_urls":["http://numismatics.org/collectionimages/19501999/1963/1963.31.1110.rev.width350.jpg"]},{"from":-175,"to":-164,"title":"Silver Tetradrachm, Ptolemais-Ake, 175 BC - 164 BC. 1967.152.663","image_urls":["http://numismatics.org/collectionimages/19501999/1967/1967.152.663.rev.width350.jpg"]},{"from":-175,"to":-168,"title":"Silver hemidrachm of Achaean League, Megalopolis, 175 BC - 168 BC. 1963.31.1128","image_urls":["http://numismatics.org/collectionimages/19501999/1963/1963.31.1128.rev.width350.jpg"]},{"from":-175,"to":-168,"title":"Silver hemidrachm of Achaean League, Megalopolis, 175 BC - 168 BC. 1963.31.1118","image_urls":["http://numismatics.org/collectionimages/19501999/1963/1963.31.1118.rev.width350.jpg"]},{"from":-175,"to":-150,"title":"Gold stater, Byzantium, 175 BC - 150 BC. 1967.46.111","image_urls":["http://numismatics.org/collectionimages/19501999/1967/1967.46.111.rev.width350.jpg"]},{"from":-175,"to":-164,"title":"Silver Tetradrachm, Ptolemais-Ake, 175 BC - 164 BC. 1977.158.663","image_urls":["http://numismatics.org/collectionimages/19501999/1977/1977.158.663.rev.width350.jpg"]},{"from":-175,"to":-150,"title":"Gold stater, Byzantium, 175 BC - 150 BC. 1944.100.82769","image_urls":["http://numismatics.org/collectionimages/19001949/1944/1944.100.82769.rev.width350.jpg"]},{"from":-175,"to":-150,"title":"Gold stater, Byzantium, 175 BC - 150 BC. 1944.100.82778","image_urls":["http://numismatics.org/collectionimages/19001949/1944/1944.100.82778.rev.width350.jpg"]},{"from":-175,"to":-168,"title":"Silver hemidrachm of Achaean League, Megalopolis, 175 BC - 168 BC. 1944.100.40154","image_urls":["http://numismatics.org/collectionimages/19001949/1944/1944.100.40154.rev.width350.jpg"]},{"from":-175,"to":-168,"title":"Silver hemidrachm of Achaean League, Megalopolis, 175 BC - 168 BC. 1963.31.1115","image_urls":["http://numismatics.org/collectionimages/19501999/1963/1963.31.1115.rev.width350.jpg"]},{"from":-175,"to":-168,"title":"Silver hemidrachm of Achaean League, Megalopolis, 175 BC - 168 BC. 1963.31.1121","image_urls":["http://numismatics.org/collectionimages/19501999/1963/1963.31.1121.rev.width350.jpg"]},{"from":-175,"to":-168,"title":"Silver hemidrachm of Achaean League, Megalopolis, 175 BC - 168 BC. 1963.31.1126","image_urls":["http://numismatics.org/collectionimages/19501999/1963/1963.31.1126.rev.width350.jpg"]},{"from":-175,"to":-168,"title":"Silver hemidrachm of Achaean League, Megalopolis, 175 BC - 168 BC. 1944.100.40156","image_urls":["http://numismatics.org/collectionimages/19001949/1944/1944.100.40156.rev.width350.jpg"]},{"from":-175,"to":-168,"title":"Silver hemidrachm of Achaean League, Megalopolis, 175 BC - 168 BC. 1963.31.1114","image_urls":["http://numismatics.org/collectionimages/19501999/1963/1963.31.1114.rev.width350.jpg"]},{"from":-175,"to":-168,"title":"Silver hemidrachm of Achaean League, Megalopolis, 175 BC - 168 BC. 1963.31.1112","image_urls":["http://numismatics.org/collectionimages/19501999/1963/1963.31.1112.rev.width350.jpg"]},{"from":-175,"to":-168,"title":"Silver hemidrachm of Achaean League, Megalopolis, 175 BC - 168 BC. 1963.31.1108","image_urls":["http://numismatics.org/collectionimages/19501999/1963/1963.31.1108.rev.width350.jpg"]},{"from":-175,"to":-168,"title":"Silver hemidrachm of Achaean League, Megalopolis, 175 BC - 168 BC. 1963.31.1120","image_urls":["http://numismatics.org/collectionimages/19501999/1963/1963.31.1120.rev.width350.jpg"]},{"from":-175,"to":-165,"title":"Silver Tetradrachm, Antioch, 175 BC - 165 BC. 1977.158.660","image_urls":["http://numismatics.org/collectionimages/19501999/1977/1977.158.660.rev.width350.jpg"]},{"from":-175,"to":-168,"title":"Silver hemidrachm of Achaean League, Megalopolis, 175 BC - 168 BC. 1963.31.1100","image_urls":["http://numismatics.org/collectionimages/19501999/1963/1963.31.1100.rev.width350.jpg"]},{"from":-175,"to":-168,"title":"Silver hemidrachm of Achaean League, Megalopolis, 175 BC - 168 BC. 1963.31.1109","image_urls":["http://numismatics.org/collectionimages/19501999/1963/1963.31.1109.rev.width350.jpg"]},{"from":-175,"to":-168,"title":"Silver hemidrachm of Achaean League, Megalopolis, 175 BC - 168 BC. 1963.31.1099","image_urls":["http://numismatics.org/collectionimages/19501999/1963/1963.31.1099.rev.width350.jpg"]},{"from":-175,"to":-168,"title":"Silver hemidrachm of Achaean League, Megalopolis, 175 BC - 168 BC. 1963.31.1124","image_urls":["http://numismatics.org/collectionimages/19501999/1963/1963.31.1124.rev.width350.jpg"]},{"from":-175,"to":-168,"title":"Silver hemidrachm of Achaean League, Megalopolis, 175 BC - 168 BC. 1963.31.1127","image_urls":["http://numismatics.org/collectionimages/19501999/1963/1963.31.1127.rev.width350.jpg"]},{"from":-175,"to":-150,"title":"Gold stater, Byzantium, 175 BC - 150 BC. 1944.100.82768","image_urls":["http://numismatics.org/collectionimages/19001949/1944/1944.100.82768.rev.width350.jpg"]},{"from":-175,"to":-168,"title":"Silver hemidrachm of Achaean League, Megalopolis, 175 BC - 168 BC. 1963.31.1106","image_urls":["http://numismatics.org/collectionimages/19501999/1963/1963.31.1106.rev.width350.jpg"]},{"from":-175,"to":-165,"title":"Silver Drachm, Antioch, 175 BC - 165 BC. 1944.100.75262","image_urls":["http://numismatics.org/collectionimages/19001949/1944/1944.100.75262.rev.width350.jpg"]},{"from":-175,"to":-168,"title":"Silver hemidrachm of Achaean League, Megalopolis, 175 BC - 168 BC. 1944.100.40157","image_urls":["http://numismatics.org/collectionimages/19001949/1944/1944.100.40157.rev.width350.jpg"]},{"from":-175,"to":-164,"title":"Silver Tetradrachm, Ptolemais-Ake, 175 BC - 164 BC. 1967.152.662","image_urls":["http://numismatics.org/collectionimages/19501999/1967/1967.152.662.rev.width350.jpg"]},{"from":-175,"to":-168,"title":"Silver hemidrachm of Achaean League, Megalopolis, 175 BC - 168 BC. 1963.31.1102","image_urls":["http://numismatics.org/collectionimages/19501999/1963/1963.31.1102.rev.width350.jpg"]},{"from":-175,"to":-168,"title":"Silver hemidrachm of Achaean League, Megalopolis, 175 BC - 168 BC. 1963.31.1123","image_urls":["http://numismatics.org/collectionimages/19501999/1963/1963.31.1123.rev.width350.jpg"]},{"from":-175,"to":-168,"title":"Silver hemidrachm of Achaean League, Megalopolis, 175 BC - 168 BC. 1963.31.1117","image_urls":["http://numismatics.org/collectionimages/19501999/1963/1963.31.1117.rev.width350.jpg"]},{"from":-175,"to":-168,"title":"Silver hemidrachm of Achaean League, Megalopolis, 175 BC - 168 BC. 1973.46.22","image_urls":["http://numismatics.org/collectionimages/19501999/1973/1973.46.22.rev.width350.jpg"]},{"from":-175,"to":-168,"title":"Silver hemidrachm of Achaean League, Megalopolis, 175 BC - 168 BC. 1963.31.1105","image_urls":["http://numismatics.org/collectionimages/19501999/1963/1963.31.1105.rev.width350.jpg"]},{"from":-175,"to":-168,"title":"Silver hemidrachm of Achaean League, Megalopolis, 175 BC - 168 BC. 1963.31.1098","image_urls":["http://numismatics.org/collectionimages/19501999/1963/1963.31.1098.rev.width350.jpg"]},{"from":-175,"to":-168,"title":"Silver hemidrachm of Achaean League, Megalopolis, 175 BC - 168 BC. 1963.31.1104","image_urls":["http://numismatics.org/collectionimages/19501999/1963/1963.31.1104.rev.width350.jpg"]},{"from":-175,"to":-168,"title":"Silver hemidrachm of Achaean League, Megalopolis, 175 BC - 168 BC. 1963.31.1107","image_urls":["http://numismatics.org/collectionimages/19501999/1963/1963.31.1107.rev.width350.jpg"]},{"from":-175,"to":-168,"title":"Silver hemidrachm of Achaean League, Megalopolis, 175 BC - 168 BC. 1963.31.1103","image_urls":["http://numismatics.org/collectionimages/19501999/1963/1963.31.1103.rev.width350.jpg"]},{"from":-175,"to":-168,"title":"Silver hemidrachm of Achaean League, Megalopolis, 175 BC - 168 BC. 1963.31.1111","image_urls":["http://numismatics.org/collectionimages/19501999/1963/1963.31.1111.rev.width350.jpg"]}]