[{"from":-179,"to":-170,"title":"RRC 162/6a. 1944.100.252","image_urls":["http://numismatics.org/collectionimages/19001949/1944/1944.100.252.rev.width350.jpg"]},{"from":-179,"to":-170,"title":"RRC 168/1. 1988.82.16","image_urls":["http://numismatics.org/collectionimages/19501999/1988/1988.82.16.rev.width350.jpg"]},{"from":-179,"to":-170,"title":"RRC 160/1. 1990.3.50","image_urls":["http://numismatics.org/collectionimages/19501999/1990/1990.3.50.rev.width350.jpg"]},{"from":-179,"to":-170,"title":"RRC 162/3. 1944.100.251","image_urls":["http://numismatics.org/collectionimages/19001949/1944/1944.100.251.rev.width350.jpg"]},{"from":-179,"to":-170,"title":"RRC 162/1a. 1944.100.243","image_urls":["http://numismatics.org/collectionimages/19001949/1944/1944.100.243.rev.width350.jpg"]},{"from":-179,"to":-170,"title":"RRC 160/1. 1969.83.278","image_urls":["http://numismatics.org/collectionimages/19501999/1969/1969.83.278.rev.width350.jpg"]},{"from":-179,"to":-170,"title":"RRC 163/1. 1896.7.5","image_urls":["http://numismatics.org/collectionimages/00001899/1896/1896.7.5.rev.width350.jpg"]},{"from":-179,"to":-170,"title":"RRC 165/1a. 1987.115.11","image_urls":["http://numismatics.org/collectionimages/19501999/1987/1987.115.11.rev.width350.jpg"]},{"from":-179,"to":-170,"title":"RRC 159/2. 1982.37.1","image_urls":["http://numismatics.org/collectionimages/19501999/1982/1982.37.1.rev.width350.jpg"]},{"from":-179,"to":-170,"title":"RRC 159/2. 1944.100.242","image_urls":["http://numismatics.org/collectionimages/19001949/1944/1944.100.242.rev.width350.jpg"]},{"from":-179,"to":-170,"title":"RRC 159/2. 1987.115.8","image_urls":["http://numismatics.org/collectionimages/19501999/1987/1987.115.8.rev.width350.jpg"]},{"from":-179,"to":-170,"title":"RRC 163/1. 1991.7.5","image_urls":["http://numismatics.org/collectionimages/19501999/1991/1991.7.5.rev.width350.jpg"]},{"from":-179,"to":-170,"title":"RRC 159/2. 1944.100.241","image_urls":["http://numismatics.org/collectionimages/19001949/1944/1944.100.241.rev.width350.jpg"]},{"from":-179,"to":-170,"title":"RRC 159/1. 1988.82.33","image_urls":["http://numismatics.org/collectionimages/19501999/1988/1988.82.33.rev.width350.jpg"]},{"from":-179,"to":-170,"title":"RRC 159/2. 1999.14.1","image_urls":["http://numismatics.org/collectionimages/19501999/1999/1999.14.1.rev.width350.jpg"]},{"from":-179,"to":-170,"title":"RRC 167/1. 1944.100.245","image_urls":["http://numismatics.org/collectionimages/19001949/1944/1944.100.245.rev.width350.jpg"]},{"from":-179,"to":-170,"title":"RRC 157/1. 1944.100.239","image_urls":["http://numismatics.org/collectionimages/19001949/1944/1944.100.239.rev.width350.jpg"]},{"from":-179,"to":-170,"title":"RRC 156/1. 1987.35.5","image_urls":["http://numismatics.org/collectionimages/19501999/1987/1987.35.5.rev.width350.jpg"]},{"from":-179,"to":-170,"title":"RRC 159/6. 1948.8.204","image_urls":["http://numismatics.org/collectionimages/19001949/1948/1948.8.204.rev.width350.jpg"]},{"from":-179,"to":-170,"title":"RRC 162/2a. 1944.100.244","image_urls":["http://numismatics.org/collectionimages/19001949/1944/1944.100.244.rev.width350.jpg"]},{"from":-179,"to":-170,"title":"RRC 160/4. 1969.83.513","image_urls":["http://numismatics.org/collectionimages/19501999/1969/1969.83.513.rev.width350.jpg"]},{"from":-179,"to":-170,"title":"RRC 162/1a. 1988.82.29","image_urls":["http://numismatics.org/collectionimages/19501999/1988/1988.82.29.rev.width350.jpg"]},{"from":-179,"to":-170,"title":"RRC 160/3. 1998.85.18","image_urls":["http://numismatics.org/collectionimages/19501999/1998/1998.85.18.rev.width350.jpg"]},{"from":-179,"to":-170,"title":"RRC 159/3. 1998.133.15","image_urls":["http://numismatics.org/collectionimages/19501999/1998/1998.133.15.rev.width350.jpg"]},{"from":-179,"to":-170,"title":"RRC 162/5a. 1990.3.49","image_urls":["http://numismatics.org/collectionimages/19501999/1990/1990.3.49.rev.width350.jpg"]},{"from":-179,"to":-170,"title":"RRC 162/3. 1976.102.12","image_urls":["http://numismatics.org/collectionimages/19501999/1976/1976.102.12.rev.width350.jpg"]},{"from":-179,"to":-170,"title":"RRC 156/1. 1944.100.79318","image_urls":["http://numismatics.org/collectionimages/19001949/1944/1944.100.79318.rev.width350.jpg"]},{"from":-179,"to":-170,"title":"RRC 158/1. 1944.100.240","image_urls":["http://numismatics.org/collectionimages/19001949/1944/1944.100.240.rev.width350.jpg"]},{"from":-179,"to":-170,"title":"RRC 161/1. 1968.116.5","image_urls":["http://numismatics.org/collectionimages/19501999/1968/1968.116.5.rev.width350.jpg"]},{"from":-179,"to":-170,"title":"RRC 162/2a. 1899.999.2","image_urls":["http://numismatics.org/collectionimages/00001899/1899/1899.999.2.rev.width350.jpg"]},{"from":-179,"to":-170,"title":"RRC 165/1a. 1987.35.1","image_urls":["http://numismatics.org/collectionimages/19501999/1987/1987.35.1.rev.width350.jpg"]}]