[{"from":-18,"to":-18,"title":"SOMDOR-C6ED32: A coin issued by Augustus","image_urls":["https://finds.org.uk/images/npayne/C6ED32.jpg"]},{"from":-18,"to":-18,"title":"LIN-82BAC1: A coin issued by Augustus","image_urls":["https://finds.org.uk/images/adaubney/LIN725B.JPG"]},{"from":-18,"to":-18,"title":"BERK-B0C026: A coin issued by Augustus","image_urls":["https://finds.org.uk/images/ksutton/Smith%20-%20coin%201-complete.jpg"]},{"from":-18,"to":-18,"title":"HAMP-9CA5F5: A coin issued by Augustus","image_urls":["https://finds.org.uk/images/jmccrohan/Hamp9CA5F5.tif"]},{"from":-18,"to":-17,"title":"RIC I (second edition) Augustus 124. 1944.100.39044","image_urls":["http://numismatics.org/collectionimages/19001949/1944/1944.100.39044.rev.width350.jpg"]},{"from":-18,"to":-17,"title":"RIC I (second edition) Augustus 128. 1985.140.17","image_urls":["http://numismatics.org/collectionimages/19501999/1985/1985.140.17.rev.width350.jpg"]},{"from":-18,"to":-17,"title":"RIC I (second edition) Augustus 137. 1955.21.2","image_urls":["http://numismatics.org/collectionimages/19501999/1955/1955.21.2.rev.width350.jpg"]},{"from":-18,"to":-17,"title":"RIC I (second edition) Augustus 144. 1944.100.39077","image_urls":["http://numismatics.org/collectionimages/19001949/1944/1944.100.39077.rev.width350.jpg"]},{"from":-18,"to":-17,"title":"RIC I (second edition) Augustus 150A. 1944.100.39076","image_urls":["http://numismatics.org/collectionimages/19001949/1944/1944.100.39076.rev.width350.jpg"]},{"from":-18,"to":-17,"title":"RIC I (second edition) Augustus 126. 1937.158.403","image_urls":["http://numismatics.org/collectionimages/19001949/1937/1937.158.403.rev.width350.jpg"]},{"from":-18,"to":-17,"title":"RIC I (second edition) Augustus 130. 1967.153.205","image_urls":["http://numismatics.org/collectionimages/19501999/1967/1967.153.205.rev.width350.jpg"]},{"from":-18,"to":-17,"title":"RIC I (second edition) Augustus 134A. 1944.100.39074","image_urls":["http://numismatics.org/collectionimages/19001949/1944/1944.100.39074.rev.width350.jpg"]},{"from":-18,"to":-17,"title":"RIC I (second edition) Augustus 131. 1944.100.39073","image_urls":["http://numismatics.org/collectionimages/19001949/1944/1944.100.39073.rev.width350.jpg"]},{"from":-18,"to":-17,"title":"RIC I (second edition) Augustus 130. 1969.222.1278","image_urls":["http://numismatics.org/collectionimages/19501999/1969/1969.222.1278.rev.width350.jpg"]},{"from":-18,"to":-17,"title":"RIC I (second edition) Augustus 150A. 1937.158.422","image_urls":["http://numismatics.org/collectionimages/19001949/1937/1937.158.422.rev.width350.jpg"]},{"from":-18,"to":-17,"title":"RIC I (second edition) Augustus 136. 1957.172.1488","image_urls":["http://numismatics.org/collectionimages/19501999/1957/1957.172.1488.rev.width350.jpg"]},{"from":-18,"to":-17,"title":"RIC I (second edition) Augustus 130. 1944.100.39041","image_urls":["http://numismatics.org/collectionimages/19001949/1944/1944.100.39041.rev.width350.jpg"]},{"from":-18,"to":-17,"title":"RIC I (second edition) Augustus 126. 1967.153.100","image_urls":["http://numismatics.org/collectionimages/19501999/1967/1967.153.100.rev.width350.jpg"]},{"from":-18,"to":-12,"title":"Silver Denarius of Augustus, Rome, 18 BC - 12 BC. 1944.100.78839","image_urls":["http://numismatics.org/collectionimages/19001949/1944/1944.100.78839.rev.width350.jpg"]},{"from":-18,"to":-17,"title":"RIC I (second edition) Augustus 134A. 1937.158.421","image_urls":["http://numismatics.org/collectionimages/19001949/1937/1937.158.421.rev.width350.jpg"]},{"from":-18,"to":-17,"title":"RIC I (second edition) Augustus 125. 1955.191.11","image_urls":["http://numismatics.org/collectionimages/19501999/1955/1955.191.11.rev.width350.jpg"]},{"from":-18,"to":-17,"title":"RIC I (second edition) Augustus 145. 1944.100.39075","image_urls":["http://numismatics.org/collectionimages/19001949/1944/1944.100.39075.rev.width350.jpg"]},{"from":-18,"to":-17,"title":"RIC I (second edition) Augustus 121. 1956.184.17","image_urls":["http://numismatics.org/collectionimages/19501999/1956/1956.184.17.rev.width350.jpg"]},{"from":-18,"to":-17,"title":"RIC I (second edition) Augustus 126. 1944.100.39042","image_urls":["http://numismatics.org/collectionimages/19001949/1944/1944.100.39042.rev.width350.jpg"]},{"from":-18,"to":-17,"title":"RIC I (second edition) Augustus 143. 1967.153.103","image_urls":["http://numismatics.org/collectionimages/19501999/1967/1967.153.103.rev.width350.jpg"]}]