[{"from":-180,"to":-167,"title":"Silver stater, Leucas, 180 BC - 167 BC. 2008.10.7","image_urls":["http://numismatics.org/collectionimages/20002049/2008/2008.10.7.rev.width350.jpg"]},{"from":-180,"to":-145,"title":"Bronze Coin, Alexandreia, 180 BC - 145 BC. 1925.172.85","image_urls":["http://numismatics.org/collectionimages/19001949/1925/1925.172.85.rev.width350.jpg"]},{"from":-180,"to":-145,"title":"Gold octadrachm, Alexandreia, 180 BC - 145 BC. 1967.152.683","image_urls":["http://numismatics.org/collectionimages/19501999/1967/1967.152.683.rev.width350.jpg"]},{"from":-180,"to":-145,"title":"Bronze Coin of Cleopatra regency, Alexandreia, 180 BC - 145 BC. 1935.117.1108","image_urls":["http://numismatics.org/collectionimages/19001949/1935/1935.117.1108.rev.width350.jpg"]},{"from":-180,"to":-145,"title":"Silver tetradrachm, Alexandreia, 180 BC - 145 BC. 1944.100.78717","image_urls":["http://numismatics.org/collectionimages/19001949/1944/1944.100.78717.rev.width350.jpg"]},{"from":-180,"to":-145,"title":"Bronze Coin of Cleopatra regency, Alexandreia, 180 BC - 145 BC. 0000.999.48299","image_urls":["http://numismatics.org/collectionimages/00001899/0000/0000.999.48299.rev.width350.jpg"]},{"from":-180,"to":-145,"title":"Gold tetradrachm, Alexandreia, 180 BC - 145 BC. 1967.152.682","image_urls":["http://numismatics.org/collectionimages/19501999/1967/1967.152.682.rev.width350.jpg"]},{"from":-180,"to":-145,"title":"Silver tetradrachm, Alexandreia, 180 BC - 145 BC. 1944.100.78713","image_urls":["http://numismatics.org/collectionimages/19001949/1944/1944.100.78713.rev.width350.jpg"]},{"from":-180,"to":-145,"title":"Bronze Coin of Cleopatra regency, Alexandreia, 180 BC - 145 BC. 1935.117.1109","image_urls":["http://numismatics.org/collectionimages/19001949/1935/1935.117.1109.rev.width350.jpg"]},{"from":-180,"to":-145,"title":"Gold octadrachm, Alexandreia, 180 BC - 145 BC. 1980.109.104","image_urls":["http://numismatics.org/collectionimages/19501999/1980/1980.109.104.rev.width350.jpg"]},{"from":-180,"to":-145,"title":"Silver tetradrachm, Alexandreia, 180 BC - 145 BC. 1944.100.78726","image_urls":["http://numismatics.org/collectionimages/19001949/1944/1944.100.78726.rev.width350.jpg"]},{"from":-180,"to":-145,"title":"Silver tetradrachm, Alexandreia, 180 BC - 145 BC. 1944.100.78728","image_urls":["http://numismatics.org/collectionimages/19001949/1944/1944.100.78728.rev.width350.jpg"]},{"from":-180,"to":-145,"title":"Bronze Coin, Alexandreia, 180 BC - 145 BC. 1944.100.83645","image_urls":["http://numismatics.org/collectionimages/19001949/1944/1944.100.83645.rev.width350.jpg"]},{"from":-180,"to":-145,"title":"Bronze Coin of Cleopatra regency, Alexandreia, 180 BC - 145 BC. 1944.100.78696","image_urls":["http://numismatics.org/collectionimages/19001949/1944/1944.100.78696.rev.width350.jpg"]},{"from":-180,"to":-145,"title":"Silver tetradrachm, Alexandreia, 180 BC - 145 BC. 1944.100.78719","image_urls":["http://numismatics.org/collectionimages/19001949/1944/1944.100.78719.rev.width350.jpg"]},{"from":-180,"to":-145,"title":"Silver tetradrachm, Alexandreia, 180 BC - 145 BC. 1944.100.78722","image_urls":["http://numismatics.org/collectionimages/19001949/1944/1944.100.78722.rev.width350.jpg"]},{"from":-180,"to":-145,"title":"Bronze Coin of Cleopatra regency, Alexandreia, 180 BC - 145 BC. 1944.100.78697","image_urls":["http://numismatics.org/collectionimages/19001949/1944/1944.100.78697.rev.width350.jpg"]},{"from":-180,"to":-145,"title":"Bronze Coin, Alexandreia, 180 BC - 145 BC. 1944.100.78704","image_urls":["http://numismatics.org/collectionimages/19001949/1944/1944.100.78704.rev.width350.jpg"]},{"from":-180,"to":-145,"title":"Silver tetradrachm, Alexandreia, 180 BC - 145 BC. 1944.100.78720","image_urls":["http://numismatics.org/collectionimages/19001949/1944/1944.100.78720.rev.width350.jpg"]},{"from":-180,"to":-145,"title":"Bronze Coin, Ptolemais-Ake, 180 BC - 145 BC. 1952.142.490","image_urls":["http://numismatics.org/collectionimages/19501999/1952/1952.142.490.rev.width350.jpg"]},{"from":-180,"to":-145,"title":"Silver tetradrachm, Alexandreia, 180 BC - 145 BC. 1944.100.78715","image_urls":["http://numismatics.org/collectionimages/19001949/1944/1944.100.78715.rev.width350.jpg"]}]