[{"from":-187,"to":-168,"title":"Bronze Coin, Amphipolis, 187 BC - 168 BC. 2008.2.7","image_urls":["http://numismatics.org/collectionimages/20002049/2008/2008.2.7.rev.width350.jpg"]},{"from":-187,"to":-31,"title":"Bronze Coin, Thessalonica, 187 BC - 31 BC. 1991.9.188","image_urls":["http://numismatics.org/collectionimages/19501999/1991/1991.9.188.rev.width350.jpg"]},{"from":-187,"to":-186,"title":"Silver hemidrachm, Marathus, 187 BC - 186 BC. 1990.8.1","image_urls":["http://numismatics.org/collectionimages/19501999/1990/1990.8.1.rev.width350.jpg"]},{"from":-187,"to":-175,"title":"Silver Tetradrachm, Seleuceia ad Tigrim, 187 BC - 175 BC. 1944.100.71905","image_urls":["http://numismatics.org/collectionimages/19001949/1944/1944.100.71905.rev.width350.jpg"]}]