[{"from":-188,"to":-168,"title":"Silver hemidrachm of Achaean League, Antigoneia, 188 BC - 168 BC. 1963.31.854","image_urls":["http://numismatics.org/collectionimages/19501999/1963/1963.31.854.rev.width350.jpg"]},{"from":-188,"to":-168,"title":"Silver hemidrachm of Achaean League, Antigoneia, 188 BC - 168 BC. 1944.100.40101","image_urls":["http://numismatics.org/collectionimages/19001949/1944/1944.100.40101.rev.width350.jpg"]},{"from":-188,"to":-168,"title":"Silver hemidrachm of Achaean League, Antigoneia, 188 BC - 168 BC. 1963.31.845","image_urls":["http://numismatics.org/collectionimages/19501999/1963/1963.31.845.rev.width350.jpg"]},{"from":-188,"to":-168,"title":"Silver hemidrachm of Achaean League, Antigoneia, 188 BC - 168 BC. 1963.31.839","image_urls":["http://numismatics.org/collectionimages/19501999/1963/1963.31.839.rev.width350.jpg"]},{"from":-188,"to":-168,"title":"Silver hemidrachm of Achaean League, Antigoneia, 188 BC - 168 BC. 1963.31.857","image_urls":["http://numismatics.org/collectionimages/19501999/1963/1963.31.857.rev.width350.jpg"]},{"from":-188,"to":-168,"title":"Silver hemidrachm of Achaean League, Antigoneia, 188 BC - 168 BC. 1963.31.842","image_urls":["http://numismatics.org/collectionimages/19501999/1963/1963.31.842.rev.width350.jpg"]},{"from":-188,"to":-133,"title":"Silver Tetradrachm, Ilium, 188 BC - 133 BC. 1977.158.305","image_urls":["http://numismatics.org/collectionimages/19501999/1977/1977.158.305.rev.width350.jpg"]},{"from":-188,"to":-168,"title":"Silver hemidrachm of Achaean League, Antigoneia, 188 BC - 168 BC. 1963.31.836","image_urls":["http://numismatics.org/collectionimages/19501999/1963/1963.31.836.rev.width350.jpg"]},{"from":-188,"to":-133,"title":"Silver Tetradrachm, Ilium, 188 BC - 133 BC. 1945.33.5","image_urls":["http://numismatics.org/collectionimages/19001949/1945/1945.33.5.rev.width350.jpg"]},{"from":-188,"to":-180,"title":"Silver 4 drachm (tetradrachm) of Alexander III, Sardes, 188 BC - 180 BC. 1968.250.3","image_urls":["http://numismatics.org/collectionimages/19501999/1968/1968.250.3.rev.width350.jpg"]},{"from":-188,"to":-167,"title":"Silver 4 drachm (tetradrachm) of Alexander III, Alabanda, 188 BC - 167 BC. 1972.53.3","image_urls":["http://numismatics.org/collectionimages/19501999/1972/1972.53.3.rev.width350.jpg"]},{"from":-188,"to":-168,"title":"Silver hemidrachm of Achaean League, Antigoneia, 188 BC - 168 BC. 1963.31.847","image_urls":["http://numismatics.org/collectionimages/19501999/1963/1963.31.847.rev.width350.jpg"]},{"from":-188,"to":-45,"title":"Silver Tetradrachm, Maroneia, 188 BC - 45 BC. 1966.75.67","image_urls":["http://numismatics.org/collectionimages/19501999/1966/1966.75.67.rev.width350.jpg"]},{"from":-188,"to":-176,"title":"Silver Tetradrachm, Antioch, 188 BC - 176 BC. 1944.100.75213","image_urls":["http://numismatics.org/collectionimages/19001949/1944/1944.100.75213.rev.width350.jpg"]},{"from":-188,"to":-168,"title":"Silver hemidrachm of Achaean League, Antigoneia, 188 BC - 168 BC. 1963.31.835","image_urls":["http://numismatics.org/collectionimages/19501999/1963/1963.31.835.rev.width350.jpg"]},{"from":-188,"to":-167,"title":"Silver 4 drachm (tetradrachm) of Alexander III, Alabanda, 188 BC - 167 BC. 1952.177.59","image_urls":["http://numismatics.org/collectionimages/19501999/1952/1952.177.59.rev.width350.jpg"]},{"from":-188,"to":-168,"title":"Silver hemidrachm of Achaean League, Antigoneia, 188 BC - 168 BC. 1963.31.833","image_urls":["http://numismatics.org/collectionimages/19501999/1963/1963.31.833.rev.width350.jpg"]},{"from":-188,"to":-168,"title":"Silver hemidrachm of Achaean League, Antigoneia, 188 BC - 168 BC. 1963.31.848","image_urls":["http://numismatics.org/collectionimages/19501999/1963/1963.31.848.rev.width350.jpg"]},{"from":-188,"to":-168,"title":"Silver hemidrachm of Achaean League, Antigoneia, 188 BC - 168 BC. 1944.100.40104","image_urls":["http://numismatics.org/collectionimages/19001949/1944/1944.100.40104.rev.width350.jpg"]},{"from":-188,"to":-168,"title":"Silver hemidrachm of Achaean League, Antigoneia, 188 BC - 168 BC. 1963.31.853","image_urls":["http://numismatics.org/collectionimages/19501999/1963/1963.31.853.rev.width350.jpg"]},{"from":-188,"to":-168,"title":"Silver hemidrachm of Achaean League, Antigoneia, 188 BC - 168 BC. 1963.31.843","image_urls":["http://numismatics.org/collectionimages/19501999/1963/1963.31.843.rev.width350.jpg"]},{"from":-188,"to":-168,"title":"Silver hemidrachm of Achaean League, Antigoneia, 188 BC - 168 BC. 1963.31.858","image_urls":["http://numismatics.org/collectionimages/19501999/1963/1963.31.858.rev.width350.jpg"]},{"from":-188,"to":-168,"title":"Silver hemidrachm of Achaean League, Antigoneia, 188 BC - 168 BC. 1963.31.837","image_urls":["http://numismatics.org/collectionimages/19501999/1963/1963.31.837.rev.width350.jpg"]},{"from":-188,"to":-168,"title":"Silver hemidrachm of Achaean League, Antigoneia, 188 BC - 168 BC. 1963.31.831","image_urls":["http://numismatics.org/collectionimages/19501999/1963/1963.31.831.rev.width350.jpg"]},{"from":-188,"to":-133,"title":"Silver Tetradrachm, Ilium, 188 BC - 133 BC. 1967.152.422","image_urls":["http://numismatics.org/collectionimages/19501999/1967/1967.152.422.rev.width350.jpg"]},{"from":-188,"to":-168,"title":"Silver hemidrachm of Achaean League, Antigoneia, 188 BC - 168 BC. 1944.100.40102","image_urls":["http://numismatics.org/collectionimages/19001949/1944/1944.100.40102.rev.width350.jpg"]},{"from":-188,"to":-168,"title":"Silver hemidrachm of Achaean League, Antigoneia, 188 BC - 168 BC. 1963.31.852","image_urls":["http://numismatics.org/collectionimages/19501999/1963/1963.31.852.rev.width350.jpg"]},{"from":-188,"to":-176,"title":"Silver Tetradrachm, Antioch, 188 BC - 176 BC. 1944.100.75214","image_urls":["http://numismatics.org/collectionimages/19001949/1944/1944.100.75214.rev.width350.jpg"]},{"from":-188,"to":-168,"title":"Silver hemidrachm of Achaean League, Antigoneia, 188 BC - 168 BC. 1963.31.846","image_urls":["http://numismatics.org/collectionimages/19501999/1963/1963.31.846.rev.width350.jpg"]},{"from":-188,"to":-168,"title":"Silver hemidrachm of Achaean League, Antigoneia, 188 BC - 168 BC. 1944.100.40103","image_urls":["http://numismatics.org/collectionimages/19001949/1944/1944.100.40103.rev.width350.jpg"]},{"from":-188,"to":-168,"title":"Silver hemidrachm of Achaean League, Antigoneia, 188 BC - 168 BC. 1963.31.829","image_urls":["http://numismatics.org/collectionimages/19501999/1963/1963.31.829.rev.width350.jpg"]},{"from":-188,"to":-168,"title":"Silver hemidrachm of Achaean League, Antigoneia, 188 BC - 168 BC. 1963.31.856","image_urls":["http://numismatics.org/collectionimages/19501999/1963/1963.31.856.rev.width350.jpg"]},{"from":-188,"to":-168,"title":"Silver hemidrachm of Achaean League, Antigoneia, 188 BC - 168 BC. 1963.31.841","image_urls":["http://numismatics.org/collectionimages/19501999/1963/1963.31.841.rev.width350.jpg"]},{"from":-188,"to":-168,"title":"Silver hemidrachm of Achaean League, Antigoneia, 188 BC - 168 BC. 1963.31.838","image_urls":["http://numismatics.org/collectionimages/19501999/1963/1963.31.838.rev.width350.jpg"]},{"from":-188,"to":-168,"title":"Silver hemidrachm of Achaean League, Antigoneia, 188 BC - 168 BC. 1963.31.855","image_urls":["http://numismatics.org/collectionimages/19501999/1963/1963.31.855.rev.width350.jpg"]},{"from":-188,"to":-168,"title":"Silver hemidrachm of Achaean League, Antigoneia, 188 BC - 168 BC. 1963.31.849","image_urls":["http://numismatics.org/collectionimages/19501999/1963/1963.31.849.rev.width350.jpg"]},{"from":-188,"to":-180,"title":"Silver 4 drachm (tetradrachm) of Alexander III, Sardes, 188 BC - 180 BC. 1949.21.3","image_urls":["http://numismatics.org/collectionimages/19001949/1949/1949.21.3.rev.width350.jpg"]},{"from":-188,"to":-168,"title":"Silver hemidrachm of Achaean League, Antigoneia, 188 BC - 168 BC. 1963.31.850","image_urls":["http://numismatics.org/collectionimages/19501999/1963/1963.31.850.rev.width350.jpg"]},{"from":-188,"to":-168,"title":"Silver hemidrachm of Achaean League, Antigoneia, 188 BC - 168 BC. 1963.31.844","image_urls":["http://numismatics.org/collectionimages/19501999/1963/1963.31.844.rev.width350.jpg"]},{"from":-188,"to":-168,"title":"Silver hemidrachm of Achaean League, Antigoneia, 188 BC - 168 BC. 1963.31.828","image_urls":["http://numismatics.org/collectionimages/19501999/1963/1963.31.828.rev.width350.jpg"]},{"from":-188,"to":-168,"title":"Silver hemidrachm of Achaean League, Antigoneia, 188 BC - 168 BC. 1944.100.40105","image_urls":["http://numismatics.org/collectionimages/19001949/1944/1944.100.40105.rev.width350.jpg"]},{"from":-188,"to":-168,"title":"Silver hemidrachm of Achaean League, Antigoneia, 188 BC - 168 BC. 1963.31.851","image_urls":["http://numismatics.org/collectionimages/19501999/1963/1963.31.851.rev.width350.jpg"]},{"from":-188,"to":-168,"title":"Silver hemidrachm of Achaean League, Antigoneia, 188 BC - 168 BC. 1963.31.834","image_urls":["http://numismatics.org/collectionimages/19501999/1963/1963.31.834.rev.width350.jpg"]},{"from":-188,"to":-150,"title":"Silver Tetradrachm, Parium, 188 BC - 150 BC. 1991.99.1","image_urls":["http://numismatics.org/collectionimages/19501999/1991/1991.99.1.rev.width350.jpg"]},{"from":-188,"to":-168,"title":"Silver hemidrachm of Achaean League, Antigoneia, 188 BC - 168 BC. 1963.31.830","image_urls":["http://numismatics.org/collectionimages/19501999/1963/1963.31.830.rev.width350.jpg"]},{"from":-188,"to":-168,"title":"Silver hemidrachm of Achaean League, Antigoneia, 188 BC - 168 BC. 1963.31.832","image_urls":["http://numismatics.org/collectionimages/19501999/1963/1963.31.832.rev.width350.jpg"]},{"from":-188,"to":-133,"title":"Silver Tetradrachm, Ilium, 188 BC - 133 BC. 1953.54.14","image_urls":["http://numismatics.org/collectionimages/19501999/1953/1953.54.14.rev.width350.jpg"]},{"from":-188,"to":-168,"title":"Silver hemidrachm of Achaean League, Antigoneia, 188 BC - 168 BC. 1963.31.840","image_urls":["http://numismatics.org/collectionimages/19501999/1963/1963.31.840.rev.width350.jpg"]},{"from":-188,"to":-168,"title":"Silver hemidrachm of Achaean League, Antigoneia, 188 BC - 168 BC. 1963.31.827","image_urls":["http://numismatics.org/collectionimages/19501999/1963/1963.31.827.rev.width350.jpg"]}]