[{"from":-189,"to":-180,"title":"RRC 144/1. 1987.35.7","image_urls":["http://numismatics.org/collectionimages/19501999/1987/1987.35.7.rev.width350.jpg"]},{"from":-189,"to":-180,"title":"RRC 147/1. 1944.100.237","image_urls":["http://numismatics.org/collectionimages/19001949/1944/1944.100.237.rev.width350.jpg"]},{"from":-189,"to":-180,"title":"RRC 149/2b. 1998.85.17","image_urls":["http://numismatics.org/collectionimages/19501999/1998/1998.85.17.rev.width350.jpg"]},{"from":-189,"to":-166,"title":"Silver drachm, Rhodes, 189 BC - 166 BC. 1944.100.48694","image_urls":["http://numismatics.org/collectionimages/19001949/1944/1944.100.48694.rev.width350.jpg"]},{"from":-189,"to":-180,"title":"RRC 150/2. 1944.100.249","image_urls":["http://numismatics.org/collectionimages/19001949/1944/1944.100.249.rev.width350.jpg"]},{"from":-189,"to":-180,"title":"RRC 150/5. 2011.79.54","image_urls":["http://numismatics.org/collectionimages/20002049/2011/2011.79.54.rev.width350.jpg"]},{"from":-189,"to":-166,"title":"Silver didrachm, Rhodes, 189 BC - 166 BC. 1978.64.186","image_urls":["http://numismatics.org/collectionimages/19501999/1978/1978.64.186.rev.width350.jpg"]},{"from":-189,"to":-180,"title":"RRC 144/1. 1999.13.9","image_urls":["http://numismatics.org/collectionimages/19501999/1999/1999.13.9.rev.width350.jpg"]},{"from":-189,"to":-180,"title":"RRC 143/3. 1998.85.14","image_urls":["http://numismatics.org/collectionimages/19501999/1998/1998.85.14.rev.width350.jpg"]},{"from":-189,"to":-180,"title":"RRC 145/5. 1998.108.5","image_urls":["http://numismatics.org/collectionimages/19501999/1998/1998.108.5.rev.width350.jpg"]},{"from":-189,"to":-180,"title":"RRC 142/1. 1954.18.25","image_urls":["http://numismatics.org/collectionimages/19501999/1954/1954.18.25.rev.width350.jpg"]},{"from":-189,"to":-166,"title":"Silver drachm, Rhodes, 189 BC - 166 BC. 1916.215.3","image_urls":["http://numismatics.org/collectionimages/19001949/1916/1916.215.3.rev.width350.jpg"]},{"from":-189,"to":-180,"title":"RRC 145/3. 1969.83.277","image_urls":["http://numismatics.org/collectionimages/19501999/1969/1969.83.277.rev.width350.jpg"]},{"from":-189,"to":-180,"title":"RRC 141/1. 1944.100.236","image_urls":["http://numismatics.org/collectionimages/19001949/1944/1944.100.236.rev.width350.jpg"]},{"from":-189,"to":-180,"title":"RRC 145/2. 1998.108.4","image_urls":["http://numismatics.org/collectionimages/19501999/1998/1998.108.4.rev.width350.jpg"]},{"from":-189,"to":-180,"title":"RRC 141/1. 1950.103.1","image_urls":["http://numismatics.org/collectionimages/19501999/1950/1950.103.1.rev.width350.jpg"]},{"from":-189,"to":-180,"title":"RRC 142/2. 1969.83.276","image_urls":["http://numismatics.org/collectionimages/19501999/1969/1969.83.276.rev.width350.jpg"]},{"from":-189,"to":-180,"title":"RRC 142/1. 1980.27.1","image_urls":["http://numismatics.org/collectionimages/19501999/1980/1980.27.1.rev.width350.jpg"]},{"from":-189,"to":-180,"title":"RRC 141/1. 1944.100.235","image_urls":["http://numismatics.org/collectionimages/19001949/1944/1944.100.235.rev.width350.jpg"]},{"from":-189,"to":-180,"title":"RRC 141/1. 1896.7.3","image_urls":["http://numismatics.org/collectionimages/00001899/1896/1896.7.3.rev.width350.jpg"]},{"from":-189,"to":-180,"title":"Bronze Quadrans of Bird and TOD, Rome, 189 BC - 180 BC. 1998.85.9","image_urls":["http://numismatics.org/collectionimages/19501999/1998/1998.85.9.rev.width350.jpg"]},{"from":-189,"to":-180,"title":"RRC 146/1. 1977.216.5","image_urls":["http://numismatics.org/collectionimages/19501999/1977/1977.216.5.rev.width350.jpg"]},{"from":-189,"to":-180,"title":"RRC 149/1b. 1998.85.16","image_urls":["http://numismatics.org/collectionimages/19501999/1998/1998.85.16.rev.width350.jpg"]},{"from":-189,"to":-180,"title":"RRC 143/3. 1998.85.13","image_urls":["http://numismatics.org/collectionimages/19501999/1998/1998.85.13.rev.width350.jpg"]},{"from":-189,"to":-180,"title":"RRC 148/1. 1944.100.248","image_urls":["http://numismatics.org/collectionimages/19001949/1944/1944.100.248.rev.width350.jpg"]},{"from":-189,"to":-180,"title":"RRC 142/3. 1998.85.10","image_urls":["http://numismatics.org/collectionimages/19501999/1998/1998.85.10.rev.width350.jpg"]},{"from":-189,"to":-180,"title":"RRC 154/1. 1950.103.2","image_urls":["http://numismatics.org/collectionimages/19501999/1950/1950.103.2.rev.width350.jpg"]},{"from":-189,"to":-180,"title":"RRC 149/1a. 1998.85.15","image_urls":["http://numismatics.org/collectionimages/19501999/1998/1998.85.15.rev.width350.jpg"]},{"from":-189,"to":-188,"title":"Silver 4 drachm (tetradrachm) of Alexander III, Aspendus, 189 BC - 188 BC. 1944.100.32323","image_urls":["http://numismatics.org/collectionimages/19001949/1944/1944.100.32323.rev.width350.jpg"]},{"from":-189,"to":-180,"title":"RRC 148/2. 1976.9.2","image_urls":["http://numismatics.org/collectionimages/19501999/1976/1976.9.2.rev.width350.jpg"]},{"from":-189,"to":-180,"title":"RRC 143/2a. 1998.85.12","image_urls":["http://numismatics.org/collectionimages/19501999/1998/1998.85.12.rev.width350.jpg"]},{"from":-189,"to":-180,"title":"RRC 141/2a. 1998.133.1","image_urls":["http://numismatics.org/collectionimages/19501999/1998/1998.133.1.rev.width350.jpg"]},{"from":-189,"to":-180,"title":"RRC 150/1. 1944.100.250","image_urls":["http://numismatics.org/collectionimages/19001949/1944/1944.100.250.rev.width350.jpg"]},{"from":-189,"to":-180,"title":"RRC 145/1. 1965.24.1","image_urls":["http://numismatics.org/collectionimages/19501999/1965/1965.24.1.rev.width350.jpg"]},{"from":-189,"to":-180,"title":"RRC 153/1. 1944.100.238","image_urls":["http://numismatics.org/collectionimages/19001949/1944/1944.100.238.rev.width350.jpg"]},{"from":-189,"to":-180,"title":"RRC 147/1. 1963.31.2","image_urls":["http://numismatics.org/collectionimages/19501999/1963/1963.31.2.rev.width350.jpg"]},{"from":-189,"to":-180,"title":"RRC 144/4. 1998.133.18","image_urls":["http://numismatics.org/collectionimages/19501999/1998/1998.133.18.rev.width350.jpg"]},{"from":-189,"to":-180,"title":"RRC 141/1. 1987.115.3","image_urls":["http://numismatics.org/collectionimages/19501999/1987/1987.115.3.rev.width350.jpg"]},{"from":-189,"to":-180,"title":"RRC 147/1. 1896.7.4","image_urls":["http://numismatics.org/collectionimages/00001899/1896/1896.7.4.rev.width350.jpg"]},{"from":-189,"to":-180,"title":"RRC 143/1. 1998.85.11","image_urls":["http://numismatics.org/collectionimages/19501999/1998/1998.85.11.rev.width350.jpg"]}]