[{"from":-19,"to":-4,"title":"RIC I (second edition) Augustus 287. 1944.100.7115","image_urls":["http://numismatics.org/collectionimages/19001949/1944/1944.100.7115.rev.width350.jpg"]},{"from":-19,"to":-18,"title":"RIC I (second edition) Augustus 36A. 1944.100.39047","image_urls":["http://numismatics.org/collectionimages/19001949/1944/1944.100.39047.rev.width350.jpg"]},{"from":-19,"to":-4,"title":"RIC I (second edition) Augustus 311. 1944.100.38322","image_urls":["http://numismatics.org/collectionimages/19001949/1944/1944.100.38322.rev.width350.jpg"]},{"from":-19,"to":-15,"title":"RIC I (second edition) Augustus 86B. 1944.100.39062","image_urls":["http://numismatics.org/collectionimages/19001949/1944/1944.100.39062.rev.width350.jpg"]},{"from":-19,"to":-4,"title":"RIC I (second edition) Augustus 322. 1944.100.7112","image_urls":["http://numismatics.org/collectionimages/19001949/1944/1944.100.7112.rev.width350.jpg"]},{"from":-19,"to":-4,"title":"RIC I (second edition) Augustus 288. 1944.100.24299","image_urls":["http://numismatics.org/collectionimages/19001949/1944/1944.100.24299.rev.width350.jpg"]},{"from":-19,"to":-4,"title":"RIC I (second edition) Augustus 287. 1944.100.7114","image_urls":["http://numismatics.org/collectionimages/19001949/1944/1944.100.7114.rev.width350.jpg"]},{"from":-19,"to":-18,"title":"RIC I (second edition) Augustus 36A. 1937.158.408","image_urls":["http://numismatics.org/collectionimages/19001949/1937/1937.158.408.rev.width350.jpg"]},{"from":-19,"to":-18,"title":"RIC I (second edition) Augustus 43A. 1995.11.1647","image_urls":["http://numismatics.org/collectionimages/19501999/1995/1995.11.1647.rev.width350.jpg"]},{"from":-19,"to":-18,"title":"RIC I (second edition) Augustus 506. 1944.100.39187","image_urls":["http://numismatics.org/collectionimages/19001949/1944/1944.100.39187.rev.width350.jpg"]},{"from":-19,"to":-4,"title":"RIC I (second edition) Augustus 297. 1937.158.378","image_urls":["http://numismatics.org/collectionimages/19001949/1937/1937.158.378.rev.width350.jpg"]},{"from":-19,"to":-15,"title":"RIC I (second edition) Augustus 86A. 1944.100.39065","image_urls":["http://numismatics.org/collectionimages/19001949/1944/1944.100.39065.rev.width350.jpg"]},{"from":-19,"to":-4,"title":"RIC I (second edition) Augustus 304. 1944.100.38319","image_urls":["http://numismatics.org/collectionimages/19001949/1944/1944.100.38319.rev.width350.jpg"]},{"from":-19,"to":-18,"title":"RIC I (second edition) Augustus 41. 1948.146.2","image_urls":["http://numismatics.org/collectionimages/19001949/1948/1948.146.2.rev.width350.jpg"]},{"from":-19,"to":-4,"title":"RIC I (second edition) Augustus 310. 1937.158.384","image_urls":["http://numismatics.org/collectionimages/19001949/1937/1937.158.384.rev.width350.jpg"]},{"from":-19,"to":-15,"title":"RIC I (second edition) Augustus 87A. 1957.172.1482","image_urls":["http://numismatics.org/collectionimages/19501999/1957/1957.172.1482.rev.width350.jpg"]},{"from":-19,"to":-18,"title":"RIC I (second edition) Augustus 40B. 1944.100.39035","image_urls":["http://numismatics.org/collectionimages/19001949/1944/1944.100.39035.rev.width350.jpg"]},{"from":-19,"to":-18,"title":"RIC I (second edition) Augustus 510. 1944.100.25634","image_urls":["http://numismatics.org/collectionimages/19001949/1944/1944.100.25634.rev.width350.jpg"]},{"from":-19,"to":-4,"title":"RIC I (second edition) Augustus 284. 1977.209.1","image_urls":["http://numismatics.org/collectionimages/19501999/1977/1977.209.1.rev.width350.jpg"]},{"from":-19,"to":-4,"title":"RIC I (second edition) Augustus 309. 1937.158.383","image_urls":["http://numismatics.org/collectionimages/19001949/1937/1937.158.383.rev.width350.jpg"]},{"from":-19,"to":-4,"title":"RIC I (second edition) Augustus 296. 1944.100.38313","image_urls":["http://numismatics.org/collectionimages/19001949/1944/1944.100.38313.rev.width350.jpg"]},{"from":-19,"to":-4,"title":"RIC I (second edition) Augustus 297. 1944.100.38312","image_urls":["http://numismatics.org/collectionimages/19001949/1944/1944.100.38312.rev.width350.jpg"]},{"from":-19,"to":-18,"title":"RIC I (second edition) Augustus 521. 1944.100.39177","image_urls":["http://numismatics.org/collectionimages/19001949/1944/1944.100.39177.rev.width350.jpg"]},{"from":-19,"to":-18,"title":"RIC I (second edition) Augustus 36A. 1937.158.407","image_urls":["http://numismatics.org/collectionimages/19001949/1937/1937.158.407.rev.width350.jpg"]},{"from":-19,"to":-4,"title":"RIC I (second edition) Augustus 303. 1937.158.382","image_urls":["http://numismatics.org/collectionimages/19001949/1937/1937.158.382.rev.width350.jpg"]},{"from":-19,"to":-4,"title":"RIC I (second edition) Augustus 318. 1944.100.38326","image_urls":["http://numismatics.org/collectionimages/19001949/1944/1944.100.38326.rev.width350.jpg"]},{"from":-19,"to":-4,"title":"RIC I (second edition) Augustus 322. 1937.158.364","image_urls":["http://numismatics.org/collectionimages/19001949/1937/1937.158.364.rev.width350.jpg"]},{"from":-19,"to":-18,"title":"RIC I (second edition) Augustus 507. 1944.100.39186","image_urls":["http://numismatics.org/collectionimages/19001949/1944/1944.100.39186.rev.width350.jpg"]},{"from":-19,"to":-18,"title":"RIC I (second edition) Augustus 506. 1937.158.455","image_urls":["http://numismatics.org/collectionimages/19001949/1937/1937.158.455.rev.width350.jpg"]},{"from":-19,"to":-4,"title":"RIC I (second edition) Augustus 315. 1944.100.38324","image_urls":["http://numismatics.org/collectionimages/19001949/1944/1944.100.38324.rev.width350.jpg"]},{"from":-19,"to":-4,"title":"RIC I (second edition) Augustus 299. 1937.158.379","image_urls":["http://numismatics.org/collectionimages/19001949/1937/1937.158.379.rev.width350.jpg"]},{"from":-19,"to":-4,"title":"RIC I (second edition) Augustus 288. 1944.100.7116","image_urls":["http://numismatics.org/collectionimages/19001949/1944/1944.100.7116.rev.width350.jpg"]},{"from":-19,"to":-4,"title":"RIC I (second edition) Augustus 300. 1944.100.38314","image_urls":["http://numismatics.org/collectionimages/19001949/1944/1944.100.38314.rev.width350.jpg"]},{"from":-19,"to":-18,"title":"RIC I (second edition) Augustus 514. 1944.100.39174","image_urls":["http://numismatics.org/collectionimages/19001949/1944/1944.100.39174.rev.width350.jpg"]},{"from":-19,"to":-18,"title":"RIC I (second edition) Augustus 37A. 1944.100.39031","image_urls":["http://numismatics.org/collectionimages/19001949/1944/1944.100.39031.rev.width350.jpg"]},{"from":-19,"to":-15,"title":"RIC I (second edition) Augustus 86B. 1944.100.39061","image_urls":["http://numismatics.org/collectionimages/19001949/1944/1944.100.39061.rev.width350.jpg"]},{"from":-19,"to":-4,"title":"RIC I (second edition) Augustus 299. 1937.158.380","image_urls":["http://numismatics.org/collectionimages/19001949/1937/1937.158.380.rev.width350.jpg"]},{"from":-19,"to":-18,"title":"RIC I (second edition) Augustus 37A. 1957.172.1476","image_urls":["http://numismatics.org/collectionimages/19501999/1957/1957.172.1476.rev.width350.jpg"]},{"from":-19,"to":-18,"title":"RIC I (second edition) Augustus 38B. 1944.100.39034","image_urls":["http://numismatics.org/collectionimages/19001949/1944/1944.100.39034.rev.width350.jpg"]},{"from":-19,"to":-18,"title":"RIC I (second edition) Augustus 42B. 1967.153.99","image_urls":["http://numismatics.org/collectionimages/19501999/1967/1967.153.99.rev.width350.jpg"]},{"from":-19,"to":-4,"title":"RIC I (second edition) Augustus 303. 1944.100.38318","image_urls":["http://numismatics.org/collectionimages/19001949/1944/1944.100.38318.rev.width350.jpg"]},{"from":-19,"to":-18,"title":"RIC I (second edition) Augustus 512. 1944.100.39178","image_urls":["http://numismatics.org/collectionimages/19001949/1944/1944.100.39178.rev.width350.jpg"]},{"from":-19,"to":-4,"title":"RIC I (second edition) Augustus 290. 1967.153.93","image_urls":["http://numismatics.org/collectionimages/19501999/1967/1967.153.93.rev.width350.jpg"]},{"from":-19,"to":-15,"title":"RIC I (second edition) Augustus 87A. 1937.158.416","image_urls":["http://numismatics.org/collectionimages/19001949/1937/1937.158.416.rev.width350.jpg"]},{"from":-19,"to":-18,"title":"RIC I (second edition) Augustus 40B. 1957.172.1477","image_urls":["http://numismatics.org/collectionimages/19501999/1957/1957.172.1477.rev.width350.jpg"]},{"from":-19,"to":-18,"title":"RIC I (second edition) Augustus 37A. 1941.131.676","image_urls":["http://numismatics.org/collectionimages/19001949/1941/1941.131.676.rev.width350.jpg"]},{"from":-19,"to":-4,"title":"RIC I (second edition) Augustus 313. 1944.100.38323","image_urls":["http://numismatics.org/collectionimages/19001949/1944/1944.100.38323.rev.width350.jpg"]},{"from":-19,"to":-15,"title":"RIC I (second edition) Augustus 57. 1944.100.39078","image_urls":["http://numismatics.org/collectionimages/19001949/1944/1944.100.39078.rev.width350.jpg"]},{"from":-19,"to":-15,"title":"RIC I (second edition) Augustus 86A. 1944.100.39063","image_urls":["http://numismatics.org/collectionimages/19001949/1944/1944.100.39063.rev.width350.jpg"]},{"from":-19,"to":-18,"title":"RIC I (second edition) Augustus 507. 1937.158.454","image_urls":["http://numismatics.org/collectionimages/19001949/1937/1937.158.454.rev.width350.jpg"]},{"from":-19,"to":-4,"title":"RIC I (second edition) Augustus 318. 1905.52.1","image_urls":["http://numismatics.org/collectionimages/19001949/1905/1905.52.1.rev.width350.jpg"]},{"from":-19,"to":-18,"title":"RIC I (second edition) Augustus 37A. 1957.172.1475","image_urls":["http://numismatics.org/collectionimages/19501999/1957/1957.172.1475.rev.width350.jpg"]},{"from":-19,"to":-18,"title":"RIC I (second edition) Augustus 37B. 1937.158.400","image_urls":["http://numismatics.org/collectionimages/19001949/1937/1937.158.400.rev.width350.jpg"]},{"from":-19,"to":-18,"title":"RIC I (second edition) Augustus 37B. 1937.158.399","image_urls":["http://numismatics.org/collectionimages/19001949/1937/1937.158.399.rev.width350.jpg"]},{"from":-19,"to":-15,"title":"RIC I (second edition) Augustus 86A. 1937.158.415","image_urls":["http://numismatics.org/collectionimages/19001949/1937/1937.158.415.rev.width350.jpg"]},{"from":-19,"to":-18,"title":"RIC I (second edition) Augustus 42B. 1944.100.39039","image_urls":["http://numismatics.org/collectionimages/19001949/1944/1944.100.39039.rev.width350.jpg"]},{"from":-19,"to":-18,"title":"RIC I (second edition) Augustus 40A. 1997.125.1","image_urls":["http://numismatics.org/collectionimages/19501999/1997/1997.125.1.rev.width350.jpg"]},{"from":-19,"to":-15,"title":"RIC I (second edition) Augustus 86A. 1957.172.1481","image_urls":["http://numismatics.org/collectionimages/19501999/1957/1957.172.1481.rev.width350.jpg"]},{"from":-19,"to":-18,"title":"RIC I (second edition) Augustus 37B. 1944.100.39033","image_urls":["http://numismatics.org/collectionimages/19001949/1944/1944.100.39033.rev.width350.jpg"]},{"from":-19,"to":-4,"title":"RIC I (second edition) Augustus 301. 1944.100.38316","image_urls":["http://numismatics.org/collectionimages/19001949/1944/1944.100.38316.rev.width350.jpg"]},{"from":-19,"to":-18,"title":"RIC I (second edition) Augustus 519. 1944.100.39176","image_urls":["http://numismatics.org/collectionimages/19001949/1944/1944.100.39176.rev.width350.jpg"]},{"from":-19,"to":-4,"title":"RIC I (second edition) Augustus 300. 1937.158.381","image_urls":["http://numismatics.org/collectionimages/19001949/1937/1937.158.381.rev.width350.jpg"]},{"from":-19,"to":-4,"title":"RIC I (second edition) Augustus 317. 1944.100.38325","image_urls":["http://numismatics.org/collectionimages/19001949/1944/1944.100.38325.rev.width350.jpg"]},{"from":-19,"to":-4,"title":"RIC I (second edition) Augustus 319. 1983.75.1","image_urls":["http://numismatics.org/collectionimages/19501999/1983/1983.75.1.rev.width350.jpg"]},{"from":-19,"to":-18,"title":"RIC I (second edition) Augustus 510. 1937.158.374","image_urls":["http://numismatics.org/collectionimages/19001949/1937/1937.158.374.rev.width350.jpg"]},{"from":-19,"to":-4,"title":"RIC I (second edition) Augustus 310. 1944.100.38321","image_urls":["http://numismatics.org/collectionimages/19001949/1944/1944.100.38321.rev.width350.jpg"]},{"from":-19,"to":-18,"title":"RIC I (second edition) Augustus 516. 1944.100.39175","image_urls":["http://numismatics.org/collectionimages/19001949/1944/1944.100.39175.rev.width350.jpg"]},{"from":-19,"to":-18,"title":"RIC I (second edition) Augustus 43B. 1944.100.39040","image_urls":["http://numismatics.org/collectionimages/19001949/1944/1944.100.39040.rev.width350.jpg"]},{"from":-19,"to":-4,"title":"RIC I (second edition) Augustus 322. 1944.100.7111","image_urls":["http://numismatics.org/collectionimages/19001949/1944/1944.100.7111.rev.width350.jpg"]},{"from":-19,"to":-18,"title":"RIC I (second edition) Augustus 517. 1978.27.3","image_urls":["http://numismatics.org/collectionimages/19501999/1978/1978.27.3.rev.width350.jpg"]},{"from":-19,"to":-18,"title":"RIC I (second edition) Augustus 37A. 1944.100.39032","image_urls":["http://numismatics.org/collectionimages/19001949/1944/1944.100.39032.rev.width350.jpg"]},{"from":-19,"to":-18,"title":"RIC I (second edition) Augustus 40A. 1944.100.39036","image_urls":["http://numismatics.org/collectionimages/19001949/1944/1944.100.39036.rev.width350.jpg"]}]