[{"from":-190,"to":-157,"title":"DUR-EF06F3: A coin issued by Republic","image_urls":["https://finds.org.uk/images/frances/5-%20repubilcan%20DUR-EF06F3.jpg"]},{"from":-190,"to":-133,"title":"Bronze Coin, Chios, 190 BC - 133 BC. 1944.100.47198","image_urls":["http://numismatics.org/collectionimages/19001949/1944/1944.100.47198.rev.width350.jpg"]},{"from":-190,"to":-133,"title":"Bronze Coin, Chios, 190 BC - 133 BC. 1953.171.770","image_urls":["http://numismatics.org/collectionimages/19501999/1953/1953.171.770.rev.width350.jpg"]},{"from":-190,"to":-133,"title":"Bronze Coin, Chios, 190 BC - 133 BC. 1934.999.596","image_urls":["http://numismatics.org/collectionimages/19001949/1934/1934.999.596.rev.width350.jpg"]},{"from":-190,"to":-133,"title":"Bronze Coin, Chios, 190 BC - 133 BC. 1934.999.590","image_urls":["http://numismatics.org/collectionimages/19001949/1934/1934.999.590.rev.width350.jpg"]},{"from":-190,"to":-133,"title":"Bronze Coin, Chios, 190 BC - 133 BC. 1934.999.599","image_urls":["http://numismatics.org/collectionimages/19001949/1934/1934.999.599.rev.width350.jpg"]},{"from":-190,"to":-133,"title":"Bronze Coin, Chios, 190 BC - 133 BC. 1944.100.47207","image_urls":["http://numismatics.org/collectionimages/19001949/1944/1944.100.47207.rev.width350.jpg"]},{"from":-190,"to":-133,"title":"Bronze Coin, Chios, 190 BC - 133 BC. 1944.100.47228","image_urls":["http://numismatics.org/collectionimages/19001949/1944/1944.100.47228.rev.width350.jpg"]},{"from":-190,"to":-133,"title":"Bronze Coin, Chios, 190 BC - 133 BC. 1953.171.779","image_urls":["http://numismatics.org/collectionimages/19501999/1953/1953.171.779.rev.width350.jpg"]},{"from":-190,"to":-133,"title":"Bronze Coin, Chios, 190 BC - 133 BC. 1934.999.575","image_urls":["http://numismatics.org/collectionimages/19001949/1934/1934.999.575.rev.width350.jpg"]},{"from":-190,"to":-133,"title":"Bronze Coin, Chios, 190 BC - 133 BC. 1934.999.569","image_urls":["http://numismatics.org/collectionimages/19001949/1934/1934.999.569.rev.width350.jpg"]},{"from":-190,"to":-133,"title":"Bronze Coin, Chios, 190 BC - 133 BC. 1953.171.772","image_urls":["http://numismatics.org/collectionimages/19501999/1953/1953.171.772.rev.width350.jpg"]},{"from":-190,"to":-133,"title":"Bronze Coin, Chios, 190 BC - 133 BC. 1934.999.598","image_urls":["http://numismatics.org/collectionimages/19001949/1934/1934.999.598.rev.width350.jpg"]},{"from":-190,"to":-133,"title":"Bronze Coin, Chios, 190 BC - 133 BC. 1944.100.47219","image_urls":["http://numismatics.org/collectionimages/19001949/1944/1944.100.47219.rev.width350.jpg"]},{"from":-190,"to":-133,"title":"Bronze Coin, Chios, 190 BC - 133 BC. 1934.999.602","image_urls":["http://numismatics.org/collectionimages/19001949/1934/1934.999.602.rev.width350.jpg"]},{"from":-190,"to":-133,"title":"Bronze Coin, Chios, 190 BC - 133 BC. 1953.171.769","image_urls":["http://numismatics.org/collectionimages/19501999/1953/1953.171.769.rev.width350.jpg"]},{"from":-190,"to":-133,"title":"Bronze Coin, Chios, 190 BC - 133 BC. 1934.999.592","image_urls":["http://numismatics.org/collectionimages/19001949/1934/1934.999.592.rev.width350.jpg"]},{"from":-190,"to":-133,"title":"Bronze Coin, Chios, 190 BC - 133 BC. 1953.171.773","image_urls":["http://numismatics.org/collectionimages/19501999/1953/1953.171.773.rev.width350.jpg"]},{"from":-190,"to":-133,"title":"Bronze Coin, Chios, 190 BC - 133 BC. 1944.100.47225","image_urls":["http://numismatics.org/collectionimages/19001949/1944/1944.100.47225.rev.width350.jpg"]},{"from":-190,"to":-133,"title":"Bronze Coin, Chios, 190 BC - 133 BC. 1934.999.584","image_urls":["http://numismatics.org/collectionimages/19001949/1934/1934.999.584.rev.width350.jpg"]},{"from":-190,"to":-133,"title":"Bronze Coin, Chios, 190 BC - 133 BC. 1934.999.578","image_urls":["http://numismatics.org/collectionimages/19001949/1934/1934.999.578.rev.width350.jpg"]},{"from":-190,"to":-133,"title":"Bronze Coin, Chios, 190 BC - 133 BC. 1953.171.778","image_urls":["http://numismatics.org/collectionimages/19501999/1953/1953.171.778.rev.width350.jpg"]},{"from":-190,"to":-133,"title":"Bronze Coin, Chios, 190 BC - 133 BC. 1944.100.47221","image_urls":["http://numismatics.org/collectionimages/19001949/1944/1944.100.47221.rev.width350.jpg"]},{"from":-190,"to":-133,"title":"Bronze Coin, Chios, 190 BC - 133 BC. 1934.999.580","image_urls":["http://numismatics.org/collectionimages/19001949/1934/1934.999.580.rev.width350.jpg"]},{"from":-190,"to":-133,"title":"Bronze Coin, Chios, 190 BC - 133 BC. 1934.999.589","image_urls":["http://numismatics.org/collectionimages/19001949/1934/1934.999.589.rev.width350.jpg"]},{"from":-190,"to":-133,"title":"Bronze Coin, Chios, 190 BC - 133 BC. 1934.999.587","image_urls":["http://numismatics.org/collectionimages/19001949/1934/1934.999.587.rev.width350.jpg"]},{"from":-190,"to":-133,"title":"Bronze Coin, Chios, 190 BC - 133 BC. 1934.999.603","image_urls":["http://numismatics.org/collectionimages/19001949/1934/1934.999.603.rev.width350.jpg"]},{"from":-190,"to":-133,"title":"Bronze Coin, Chios, 190 BC - 133 BC. 1934.999.593","image_urls":["http://numismatics.org/collectionimages/19001949/1934/1934.999.593.rev.width350.jpg"]},{"from":-190,"to":-133,"title":"Bronze Coin, Chios, 190 BC - 133 BC. 1944.100.47208","image_urls":["http://numismatics.org/collectionimages/19001949/1944/1944.100.47208.rev.width350.jpg"]},{"from":-190,"to":-133,"title":"Bronze Coin, Chios, 190 BC - 133 BC. 1953.171.776","image_urls":["http://numismatics.org/collectionimages/19501999/1953/1953.171.776.rev.width350.jpg"]},{"from":-190,"to":-133,"title":"Silver drachm, Chios, 190 BC - 133 BC. 1947.80.4","image_urls":["http://numismatics.org/collectionimages/19001949/1947/1947.80.4.rev.width350.jpg"]},{"from":-190,"to":-133,"title":"Bronze Coin, Chios, 190 BC - 133 BC. 1944.100.47210","image_urls":["http://numismatics.org/collectionimages/19001949/1944/1944.100.47210.rev.width350.jpg"]},{"from":-190,"to":-100,"title":"Silver Tetradrachm, Magnesia ad Maeandrum, 190 BC - 100 BC. 1976.247.28","image_urls":["http://numismatics.org/collectionimages/19501999/1976/1976.247.28.rev.width350.jpg"]},{"from":-190,"to":-133,"title":"Bronze Coin, Chios, 190 BC - 133 BC. 1944.100.47213","image_urls":["http://numismatics.org/collectionimages/19001949/1944/1944.100.47213.rev.width350.jpg"]},{"from":-190,"to":-133,"title":"Bronze Coin, Chios, 190 BC - 133 BC. 1934.999.605","image_urls":["http://numismatics.org/collectionimages/19001949/1934/1934.999.605.rev.width350.jpg"]},{"from":-190,"to":-133,"title":"Bronze Coin, Chios, 190 BC - 133 BC. 1944.100.47222","image_urls":["http://numismatics.org/collectionimages/19001949/1944/1944.100.47222.rev.width350.jpg"]},{"from":-190,"to":-133,"title":"Bronze Coin, Chios, 190 BC - 133 BC. 1934.999.586","image_urls":["http://numismatics.org/collectionimages/19001949/1934/1934.999.586.rev.width350.jpg"]},{"from":-190,"to":-133,"title":"Bronze Coin, Chios, 190 BC - 133 BC. 1934.999.571","image_urls":["http://numismatics.org/collectionimages/19001949/1934/1934.999.571.rev.width350.jpg"]},{"from":-190,"to":-133,"title":"Bronze Coin, Chios, 190 BC - 133 BC. 1953.171.781","image_urls":["http://numismatics.org/collectionimages/19501999/1953/1953.171.781.rev.width350.jpg"]},{"from":-190,"to":-133,"title":"Bronze Coin, Chios, 190 BC - 133 BC. 1953.171.771","image_urls":["http://numismatics.org/collectionimages/19501999/1953/1953.171.771.rev.width350.jpg"]},{"from":-190,"to":-133,"title":"Bronze Coin, Chios, 190 BC - 133 BC. 1934.999.576","image_urls":["http://numismatics.org/collectionimages/19001949/1934/1934.999.576.rev.width350.jpg"]},{"from":-190,"to":-133,"title":"Bronze Coin, Chios, 190 BC - 133 BC. 1934.999.601","image_urls":["http://numismatics.org/collectionimages/19001949/1934/1934.999.601.rev.width350.jpg"]},{"from":-190,"to":-133,"title":"Bronze Coin, Chios, 190 BC - 133 BC. 1957.172.1685","image_urls":["http://numismatics.org/collectionimages/19501999/1957/1957.172.1685.rev.width350.jpg"]},{"from":-190,"to":-133,"title":"Bronze Coin, Chios, 190 BC - 133 BC. 1953.171.774","image_urls":["http://numismatics.org/collectionimages/19501999/1953/1953.171.774.rev.width350.jpg"]},{"from":-190,"to":-133,"title":"Bronze Coin, Chios, 190 BC - 133 BC. 1934.999.570","image_urls":["http://numismatics.org/collectionimages/19001949/1934/1934.999.570.rev.width350.jpg"]},{"from":-190,"to":-133,"title":"Bronze Coin, Chios, 190 BC - 133 BC. 1934.999.579","image_urls":["http://numismatics.org/collectionimages/19001949/1934/1934.999.579.rev.width350.jpg"]},{"from":-190,"to":-133,"title":"Bronze Coin, Chios, 190 BC - 133 BC. 1934.999.591","image_urls":["http://numismatics.org/collectionimages/19001949/1934/1934.999.591.rev.width350.jpg"]},{"from":-190,"to":-133,"title":"Bronze Coin, Chios, 190 BC - 133 BC. 1944.100.47224","image_urls":["http://numismatics.org/collectionimages/19001949/1944/1944.100.47224.rev.width350.jpg"]},{"from":-190,"to":-133,"title":"Bronze Coin, Chios, 190 BC - 133 BC. 1934.999.585","image_urls":["http://numismatics.org/collectionimages/19001949/1934/1934.999.585.rev.width350.jpg"]},{"from":-190,"to":-133,"title":"Bronze Coin, Chios, 190 BC - 133 BC. 1953.171.780","image_urls":["http://numismatics.org/collectionimages/19501999/1953/1953.171.780.rev.width350.jpg"]},{"from":-190,"to":-133,"title":"Bronze Coin, Chios, 190 BC - 133 BC. 1953.171.768","image_urls":["http://numismatics.org/collectionimages/19501999/1953/1953.171.768.rev.width350.jpg"]},{"from":-190,"to":-100,"title":"Silver Tetradrachm, Magnesia ad Maeandrum, 190 BC - 100 BC. 1967.152.445","image_urls":["http://numismatics.org/collectionimages/19501999/1967/1967.152.445.rev.width350.jpg"]},{"from":-190,"to":-133,"title":"Bronze Coin, Chios, 190 BC - 133 BC. 1944.100.47206","image_urls":["http://numismatics.org/collectionimages/19001949/1944/1944.100.47206.rev.width350.jpg"]},{"from":-190,"to":-133,"title":"Bronze Coin, Chios, 190 BC - 133 BC. 1895.33.6","image_urls":["http://numismatics.org/collectionimages/00001899/1895/1895.33.6.rev.width350.jpg"]},{"from":-190,"to":-133,"title":"Bronze Coin, Chios, 190 BC - 133 BC. 1934.999.574","image_urls":["http://numismatics.org/collectionimages/19001949/1934/1934.999.574.rev.width350.jpg"]},{"from":-190,"to":-133,"title":"Bronze Coin, Chios, 190 BC - 133 BC. 1934.999.577","image_urls":["http://numismatics.org/collectionimages/19001949/1934/1934.999.577.rev.width350.jpg"]},{"from":-190,"to":-133,"title":"Bronze Coin, Chios, 190 BC - 133 BC. 1944.100.47203","image_urls":["http://numismatics.org/collectionimages/19001949/1944/1944.100.47203.rev.width350.jpg"]},{"from":-190,"to":-133,"title":"Bronze Coin, Chios, 190 BC - 133 BC. 1944.100.47218","image_urls":["http://numismatics.org/collectionimages/19001949/1944/1944.100.47218.rev.width350.jpg"]},{"from":-190,"to":-133,"title":"Bronze Coin, Chios, 190 BC - 133 BC. 1934.999.594","image_urls":["http://numismatics.org/collectionimages/19001949/1934/1934.999.594.rev.width350.jpg"]},{"from":-190,"to":-133,"title":"Bronze Coin, Chios, 190 BC - 133 BC. 1934.999.583","image_urls":["http://numismatics.org/collectionimages/19001949/1934/1934.999.583.rev.width350.jpg"]},{"from":-190,"to":-133,"title":"Bronze Coin, Chios, 190 BC - 133 BC. 0000.999.19865","image_urls":["http://numismatics.org/collectionimages/00001899/0000/0000.999.19865.rev.width350.jpg"]},{"from":-190,"to":-133,"title":"Bronze Coin, Chios, 190 BC - 133 BC. 1944.100.47227","image_urls":["http://numismatics.org/collectionimages/19001949/1944/1944.100.47227.rev.width350.jpg"]},{"from":-190,"to":-133,"title":"Bronze Coin, Chios, 190 BC - 133 BC. 1944.100.47196","image_urls":["http://numismatics.org/collectionimages/19001949/1944/1944.100.47196.rev.width350.jpg"]},{"from":-190,"to":-175,"title":"Gold stater, Byzantium, 190 BC - 175 BC. 1944.100.82771","image_urls":["http://numismatics.org/collectionimages/19001949/1944/1944.100.82771.rev.width350.jpg"]},{"from":-190,"to":-133,"title":"Bronze Coin, Chios, 190 BC - 133 BC. 1944.100.47212","image_urls":["http://numismatics.org/collectionimages/19001949/1944/1944.100.47212.rev.width350.jpg"]},{"from":-190,"to":-133,"title":"Bronze Coin, Chios, 190 BC - 133 BC. 1944.100.47216","image_urls":["http://numismatics.org/collectionimages/19001949/1944/1944.100.47216.rev.width350.jpg"]},{"from":-190,"to":-90,"title":"Gold Stater, Tomis, 190 BC - 90 BC. 2000.11.1","image_urls":["http://numismatics.org/collectionimages/20002049/2000/2000.11.1.rev.width350.jpg"]},{"from":-190,"to":-133,"title":"Bronze Coin, Chios, 190 BC - 133 BC. 1944.100.47201","image_urls":["http://numismatics.org/collectionimages/19001949/1944/1944.100.47201.rev.width350.jpg"]},{"from":-190,"to":-133,"title":"Bronze Coin, Chios, 190 BC - 133 BC. 1944.100.47204","image_urls":["http://numismatics.org/collectionimages/19001949/1944/1944.100.47204.rev.width350.jpg"]},{"from":-190,"to":-133,"title":"Bronze Coin, Chios, 190 BC - 133 BC. 1944.100.47215","image_urls":["http://numismatics.org/collectionimages/19001949/1944/1944.100.47215.rev.width350.jpg"]},{"from":-190,"to":-133,"title":"Bronze Coin, Chios, 190 BC - 133 BC. 1944.100.47209","image_urls":["http://numismatics.org/collectionimages/19001949/1944/1944.100.47209.rev.width350.jpg"]},{"from":-190,"to":-133,"title":"Bronze Coin, Chios, 190 BC - 133 BC. 1934.999.604","image_urls":["http://numismatics.org/collectionimages/19001949/1934/1934.999.604.rev.width350.jpg"]},{"from":-190,"to":-133,"title":"Bronze Coin, Chios, 190 BC - 133 BC. 1944.100.47199","image_urls":["http://numismatics.org/collectionimages/19001949/1944/1944.100.47199.rev.width350.jpg"]},{"from":-190,"to":-133,"title":"Bronze Coin, Chios, 190 BC - 133 BC. 1909.999.108","image_urls":["http://numismatics.org/collectionimages/19001949/1909/1909.999.108.rev.width350.jpg"]},{"from":-190,"to":-133,"title":"Bronze Coin, Chios, 190 BC - 133 BC. 1934.999.582","image_urls":["http://numismatics.org/collectionimages/19001949/1934/1934.999.582.rev.width350.jpg"]},{"from":-190,"to":-175,"title":"Gold stater, Byzantium, 190 BC - 175 BC. 1955.190.49","image_urls":["http://numismatics.org/collectionimages/19501999/1955/1955.190.49.rev.width350.jpg"]},{"from":-190,"to":-133,"title":"Bronze Coin, Chios, 190 BC - 133 BC. 1934.999.597","image_urls":["http://numismatics.org/collectionimages/19001949/1934/1934.999.597.rev.width350.jpg"]},{"from":-190,"to":-180,"title":"Bronze Coin, Olbia, 190 BC - 180 BC. 1944.100.15071","image_urls":["http://numismatics.org/collectionimages/19001949/1944/1944.100.15071.rev.width350.jpg"]},{"from":-190,"to":-133,"title":"Bronze Coin, Chios, 190 BC - 133 BC. 1944.100.47223","image_urls":["http://numismatics.org/collectionimages/19001949/1944/1944.100.47223.rev.width350.jpg"]},{"from":-190,"to":-133,"title":"Bronze Coin, Chios, 190 BC - 133 BC. 1944.100.47214","image_urls":["http://numismatics.org/collectionimages/19001949/1944/1944.100.47214.rev.width350.jpg"]},{"from":-190,"to":-133,"title":"Bronze Coin, Chios, 190 BC - 133 BC. 1953.171.777","image_urls":["http://numismatics.org/collectionimages/19501999/1953/1953.171.777.rev.width350.jpg"]},{"from":-190,"to":-133,"title":"Bronze Coin, Chios, 190 BC - 133 BC. 1916.192.214","image_urls":["http://numismatics.org/collectionimages/19001949/1916/1916.192.214.rev.width350.jpg"]},{"from":-190,"to":-133,"title":"Bronze Coin, Chios, 190 BC - 133 BC. 1944.100.47220","image_urls":["http://numismatics.org/collectionimages/19001949/1944/1944.100.47220.rev.width350.jpg"]},{"from":-190,"to":-133,"title":"Bronze Coin, Chios, 190 BC - 133 BC. 1944.100.47217","image_urls":["http://numismatics.org/collectionimages/19001949/1944/1944.100.47217.rev.width350.jpg"]},{"from":-190,"to":-133,"title":"Bronze Coin, Chios, 190 BC - 133 BC. 1934.999.600","image_urls":["http://numismatics.org/collectionimages/19001949/1934/1934.999.600.rev.width350.jpg"]},{"from":-190,"to":-133,"title":"Bronze Coin, Chios, 190 BC - 133 BC. 1944.100.47211","image_urls":["http://numismatics.org/collectionimages/19001949/1944/1944.100.47211.rev.width350.jpg"]},{"from":-190,"to":-133,"title":"Silver drachm, Chios, 190 BC - 133 BC. 1965.168.30","image_urls":["http://numismatics.org/collectionimages/19501999/1965/1965.168.30.rev.width350.jpg"]},{"from":-190,"to":-133,"title":"Bronze Coin, Chios, 190 BC - 133 BC. 1944.100.47226","image_urls":["http://numismatics.org/collectionimages/19001949/1944/1944.100.47226.rev.width350.jpg"]},{"from":-190,"to":-133,"title":"Bronze Coin, Chios, 190 BC - 133 BC. 1970.142.466","image_urls":["http://numismatics.org/collectionimages/19501999/1970/1970.142.466.rev.width350.jpg"]},{"from":-190,"to":-175,"title":"Gold stater, Byzantium, 190 BC - 175 BC. 1944.100.82770","image_urls":["http://numismatics.org/collectionimages/19001949/1944/1944.100.82770.rev.width350.jpg"]},{"from":-190,"to":-133,"title":"Bronze Coin, Chios, 190 BC - 133 BC. 1944.100.47205","image_urls":["http://numismatics.org/collectionimages/19001949/1944/1944.100.47205.rev.width350.jpg"]},{"from":-190,"to":-133,"title":"Bronze Coin, Chios, 190 BC - 133 BC. 1913.999.21","image_urls":["http://numismatics.org/collectionimages/19001949/1913/1913.999.21.rev.width350.jpg"]},{"from":-190,"to":-133,"title":"Bronze Coin, Chios, 190 BC - 133 BC. 1934.999.573","image_urls":["http://numismatics.org/collectionimages/19001949/1934/1934.999.573.rev.width350.jpg"]},{"from":-190,"to":-133,"title":"Bronze Coin, Chios, 190 BC - 133 BC. 1934.999.588","image_urls":["http://numismatics.org/collectionimages/19001949/1934/1934.999.588.rev.width350.jpg"]},{"from":-190,"to":-133,"title":"Bronze Coin, Chios, 190 BC - 133 BC. 1944.100.47229","image_urls":["http://numismatics.org/collectionimages/19001949/1944/1944.100.47229.rev.width350.jpg"]},{"from":-190,"to":-133,"title":"Bronze Coin, Chios, 190 BC - 133 BC. 1944.100.47202","image_urls":["http://numismatics.org/collectionimages/19001949/1944/1944.100.47202.rev.width350.jpg"]},{"from":-190,"to":-133,"title":"Bronze Coin, Chios, 190 BC - 133 BC. 1934.999.581","image_urls":["http://numismatics.org/collectionimages/19001949/1934/1934.999.581.rev.width350.jpg"]},{"from":-190,"to":-133,"title":"Bronze Coin, Chios, 190 BC - 133 BC. 1975.121.12","image_urls":["http://numismatics.org/collectionimages/19501999/1975/1975.121.12.rev.width350.jpg"]},{"from":-190,"to":-133,"title":"Silver drachm, Chios, 190 BC - 133 BC. 1977.158.376","image_urls":["http://numismatics.org/collectionimages/19501999/1977/1977.158.376.rev.width350.jpg"]},{"from":-190,"to":-133,"title":"Bronze Coin, Chios, 190 BC - 133 BC. 1944.100.47197","image_urls":["http://numismatics.org/collectionimages/19001949/1944/1944.100.47197.rev.width350.jpg"]},{"from":-190,"to":-133,"title":"Bronze Coin, Chios, 190 BC - 133 BC. 1934.999.595","image_urls":["http://numismatics.org/collectionimages/19001949/1934/1934.999.595.rev.width350.jpg"]},{"from":-190,"to":-133,"title":"Bronze Coin, Chios, 190 BC - 133 BC. 1941.131.812","image_urls":["http://numismatics.org/collectionimages/19001949/1941/1941.131.812.rev.width350.jpg"]},{"from":-190,"to":-133,"title":"Bronze Coin, Chios, 190 BC - 133 BC. 1944.100.47200","image_urls":["http://numismatics.org/collectionimages/19001949/1944/1944.100.47200.rev.width350.jpg"]},{"from":-190,"to":-133,"title":"Bronze Coin, Chios, 190 BC - 133 BC. 1934.999.572","image_urls":["http://numismatics.org/collectionimages/19001949/1934/1934.999.572.rev.width350.jpg"]},{"from":-190,"to":-175,"title":"Gold stater, Byzantium, 190 BC - 175 BC. 1944.100.82776","image_urls":["http://numismatics.org/collectionimages/19001949/1944/1944.100.82776.rev.width350.jpg"]}]