[{"from":-194,"to":-190,"title":"Denarius of Anonymous, Rome, 194 B.C.-190 B.C. 2012.85.","image_urls":["http://coins.lib.virginia.edu/images/coins/screen/n14_1989_2_rev.jpg"]},{"from":-194,"to":-190,"title":"RRC 136/1. 1987.115.9","image_urls":["http://numismatics.org/collectionimages/19501999/1987/1987.115.9.rev.width350.jpg"]},{"from":-194,"to":-190,"title":"RRC 137/1. 1944.100.234","image_urls":["http://numismatics.org/collectionimages/19001949/1944/1944.100.234.rev.width350.jpg"]},{"from":-194,"to":-190,"title":"RRC 132/3. 1976.102.11","image_urls":["http://numismatics.org/collectionimages/19501999/1976/1976.102.11.rev.width350.jpg"]},{"from":-194,"to":-190,"title":"RRC 134/1b. 1944.100.231","image_urls":["http://numismatics.org/collectionimages/19001949/1944/1944.100.231.rev.width350.jpg"]},{"from":-194,"to":-190,"title":"RRC 136/1. 1947.2.2","image_urls":["http://numismatics.org/collectionimages/19001949/1947/1947.2.2.rev.width350.jpg"]},{"from":-194,"to":-190,"title":"RRC 138/1. 1944.100.66624","image_urls":["http://numismatics.org/collectionimages/19001949/1944/1944.100.66624.rev.width350.jpg"]},{"from":-194,"to":-190,"title":"RRC 133/4. 1998.133.2","image_urls":["http://numismatics.org/collectionimages/19501999/1998/1998.133.2.rev.width350.jpg"]},{"from":-194,"to":-190,"title":"RRC 134/2. 1976.9.1","image_urls":["http://numismatics.org/collectionimages/19501999/1976/1976.9.1.rev.width350.jpg"]},{"from":-194,"to":-190,"title":"RRC 132/3. 1986.161.90","image_urls":["http://numismatics.org/collectionimages/19501999/1986/1986.161.90.rev.width350.jpg"]},{"from":-194,"to":-190,"title":"RRC 134/1a. 1963.237.6","image_urls":["http://numismatics.org/collectionimages/19501999/1963/1963.237.6.rev.width350.jpg"]},{"from":-194,"to":-190,"title":"RRC 132/3. 0000.999.94","image_urls":["http://numismatics.org/collectionimages/00001899/0000/0000.999.94.rev.width350.jpg"]},{"from":-194,"to":-190,"title":"RRC 135/1. 1968.116.4","image_urls":["http://numismatics.org/collectionimages/19501999/1968/1968.116.4.rev.width350.jpg"]},{"from":-194,"to":-190,"title":"RRC 132/2. 1944.100.229","image_urls":["http://numismatics.org/collectionimages/19001949/1944/1944.100.229.rev.width350.jpg"]},{"from":-194,"to":-190,"title":"RRC 137/1. 1941.131.41","image_urls":["http://numismatics.org/collectionimages/19001949/1941/1941.131.41.rev.width350.jpg"]},{"from":-194,"to":-190,"title":"RRC 133/2b. 1944.100.230","image_urls":["http://numismatics.org/collectionimages/19001949/1944/1944.100.230.rev.width350.jpg"]},{"from":-194,"to":-190,"title":"RRC 138/1. 2002.46.77","image_urls":["http://numismatics.org/collectionimages/20002049/2002/2002.46.77.rev.width350.jpg"]},{"from":-194,"to":-190,"title":"RRC 136/1. 1944.100.233","image_urls":["http://numismatics.org/collectionimages/19001949/1944/1944.100.233.rev.width350.jpg"]},{"from":-194,"to":-190,"title":"RRC 133/1. 1988.82.18","image_urls":["http://numismatics.org/collectionimages/19501999/1988/1988.82.18.rev.width350.jpg"]},{"from":-194,"to":-190,"title":"RRC 135/1. 1991.7.2","image_urls":["http://numismatics.org/collectionimages/19501999/1991/1991.7.2.rev.width350.jpg"]},{"from":-194,"to":-190,"title":"RRC 137/1. 0000.999.95","image_urls":["http://numismatics.org/collectionimages/00001899/0000/0000.999.95.rev.width350.jpg"]},{"from":-194,"to":-190,"title":"RRC 133/7. 1998.85.7","image_urls":["http://numismatics.org/collectionimages/19501999/1998/1998.85.7.rev.width350.jpg"]},{"from":-194,"to":-190,"title":"RRC 134/1b. 1987.115.4","image_urls":["http://numismatics.org/collectionimages/19501999/1987/1987.115.4.rev.width350.jpg"]},{"from":-194,"to":-190,"title":"RRC 136/2. 1998.133.4","image_urls":["http://numismatics.org/collectionimages/19501999/1998/1998.133.4.rev.width350.jpg"]},{"from":-194,"to":-190,"title":"RRC 133/2b. 1988.82.32","image_urls":["http://numismatics.org/collectionimages/19501999/1988/1988.82.32.rev.width350.jpg"]},{"from":-194,"to":-190,"title":"RRC 134/1b. 1899.999.1","image_urls":["http://numismatics.org/collectionimages/00001899/1899/1899.999.1.rev.width350.jpg"]},{"from":-194,"to":-190,"title":"RRC 136/5. 1998.85.8","image_urls":["http://numismatics.org/collectionimages/19501999/1998/1998.85.8.rev.width350.jpg"]},{"from":-194,"to":-190,"title":"RRC 137/1. 1987.115.6","image_urls":["http://numismatics.org/collectionimages/19501999/1987/1987.115.6.rev.width350.jpg"]},{"from":-194,"to":-190,"title":"RRC 137/1. 1999.14.5","image_urls":["http://numismatics.org/collectionimages/19501999/1999/1999.14.5.rev.width350.jpg"]},{"from":-194,"to":-190,"title":"RRC 133/1. 1977.216.4","image_urls":["http://numismatics.org/collectionimages/19501999/1977/1977.216.4.rev.width350.jpg"]},{"from":-194,"to":-190,"title":"RRC 136/1. 1944.100.232","image_urls":["http://numismatics.org/collectionimages/19001949/1944/1944.100.232.rev.width350.jpg"]},{"from":-194,"to":-190,"title":"RRC 132/6. 1943.102.8","image_urls":["http://numismatics.org/collectionimages/19001949/1943/1943.102.8.rev.width350.jpg"]}]