[{"from":-195,"to":-101,"title":"ESS-A19B80: A coin issued by Republic","image_urls":["https://finds.org.uk/images/cmcdonald/Thurm%20Roman%20Republican.jpg"]},{"from":-195,"to":-188,"title":"Silver hemidrachm, Megalopolis, 195 BC - 188 BC. 1944.100.40131","image_urls":["http://numismatics.org/collectionimages/19001949/1944/1944.100.40131.rev.width350.jpg"]},{"from":-195,"to":-188,"title":"Silver hemidrachm, Megalopolis, 195 BC - 188 BC. 1944.100.40146","image_urls":["http://numismatics.org/collectionimages/19001949/1944/1944.100.40146.rev.width350.jpg"]},{"from":-195,"to":-188,"title":"Silver hemidrachm, Megalopolis, 195 BC - 188 BC. 1963.31.1026","image_urls":["http://numismatics.org/collectionimages/19501999/1963/1963.31.1026.rev.width350.jpg"]},{"from":-195,"to":-188,"title":"Silver hemidrachm, Megalopolis, 195 BC - 188 BC. 0000.999.17275","image_urls":["http://numismatics.org/collectionimages/00001899/0000/0000.999.17275.rev.width350.jpg"]},{"from":-195,"to":-188,"title":"Silver hemidrachm, Megalopolis, 195 BC - 188 BC. 1963.31.1014","image_urls":["http://numismatics.org/collectionimages/19501999/1963/1963.31.1014.rev.width350.jpg"]},{"from":-195,"to":-188,"title":"Silver hemidrachm, Megalopolis, 195 BC - 188 BC. 1963.31.1008","image_urls":["http://numismatics.org/collectionimages/19501999/1963/1963.31.1008.rev.width350.jpg"]},{"from":-195,"to":-188,"title":"Silver hemidrachm, Megalopolis, 195 BC - 188 BC. 1944.100.40137","image_urls":["http://numismatics.org/collectionimages/19001949/1944/1944.100.40137.rev.width350.jpg"]},{"from":-195,"to":-188,"title":"Silver hemidrachm, Megalopolis, 195 BC - 188 BC. 1957.172.1567","image_urls":["http://numismatics.org/collectionimages/19501999/1957/1957.172.1567.rev.width350.jpg"]},{"from":-195,"to":-188,"title":"Silver hemidrachm, Megalopolis, 195 BC - 188 BC. 1963.31.1091","image_urls":["http://numismatics.org/collectionimages/19501999/1963/1963.31.1091.rev.width350.jpg"]},{"from":-195,"to":-188,"title":"Silver hemidrachm, Megalopolis, 195 BC - 188 BC. 1963.31.1079","image_urls":["http://numismatics.org/collectionimages/19501999/1963/1963.31.1079.rev.width350.jpg"]},{"from":-195,"to":-188,"title":"Silver hemidrachm, Megalopolis, 195 BC - 188 BC. 1963.31.1002","image_urls":["http://numismatics.org/collectionimages/19501999/1963/1963.31.1002.rev.width350.jpg"]},{"from":-195,"to":-188,"title":"Silver hemidrachm, Megalopolis, 195 BC - 188 BC. 1963.31.1047","image_urls":["http://numismatics.org/collectionimages/19501999/1963/1963.31.1047.rev.width350.jpg"]},{"from":-195,"to":-188,"title":"Silver hemidrachm, Megalopolis, 195 BC - 188 BC. 1944.100.40140","image_urls":["http://numismatics.org/collectionimages/19001949/1944/1944.100.40140.rev.width350.jpg"]},{"from":-195,"to":-188,"title":"Silver hemidrachm, Megalopolis, 195 BC - 188 BC. 1944.100.40149","image_urls":["http://numismatics.org/collectionimages/19001949/1944/1944.100.40149.rev.width350.jpg"]},{"from":-195,"to":-188,"title":"Silver hemidrachm, Megalopolis, 195 BC - 188 BC. 1963.31.1032","image_urls":["http://numismatics.org/collectionimages/19501999/1963/1963.31.1032.rev.width350.jpg"]},{"from":-195,"to":-188,"title":"Silver hemidrachm, Megalopolis, 195 BC - 188 BC. 1963.31.1082","image_urls":["http://numismatics.org/collectionimages/19501999/1963/1963.31.1082.rev.width350.jpg"]},{"from":-195,"to":-188,"title":"Silver hemidrachm, Megalopolis, 195 BC - 188 BC. 1963.31.1040","image_urls":["http://numismatics.org/collectionimages/19501999/1963/1963.31.1040.rev.width350.jpg"]},{"from":-195,"to":-188,"title":"Silver hemidrachm, Megalopolis, 195 BC - 188 BC. 1944.100.40151","image_urls":["http://numismatics.org/collectionimages/19001949/1944/1944.100.40151.rev.width350.jpg"]},{"from":-195,"to":-188,"title":"Silver hemidrachm, Megalopolis, 195 BC - 188 BC. 1963.31.1037","image_urls":["http://numismatics.org/collectionimages/19501999/1963/1963.31.1037.rev.width350.jpg"]},{"from":-195,"to":-188,"title":"Silver hemidrachm, Megalopolis, 195 BC - 188 BC. 1963.31.991","image_urls":["http://numismatics.org/collectionimages/19501999/1963/1963.31.991.rev.width350.jpg"]},{"from":-195,"to":-188,"title":"Silver hemidrachm, Megalopolis, 195 BC - 188 BC. 1944.100.40133","image_urls":["http://numismatics.org/collectionimages/19001949/1944/1944.100.40133.rev.width350.jpg"]},{"from":-195,"to":-188,"title":"Silver hemidrachm, Megalopolis, 195 BC - 188 BC. 1944.100.40127","image_urls":["http://numismatics.org/collectionimages/19001949/1944/1944.100.40127.rev.width350.jpg"]},{"from":-195,"to":-188,"title":"Silver hemidrachm, Megalopolis, 195 BC - 188 BC. 1963.31.1046","image_urls":["http://numismatics.org/collectionimages/19501999/1963/1963.31.1046.rev.width350.jpg"]},{"from":-195,"to":-188,"title":"Silver hemidrachm, Megalopolis, 195 BC - 188 BC. 1963.31.1004","image_urls":["http://numismatics.org/collectionimages/19501999/1963/1963.31.1004.rev.width350.jpg"]},{"from":-195,"to":-188,"title":"Silver hemidrachm, Megalopolis, 195 BC - 188 BC. 1963.31.1031","image_urls":["http://numismatics.org/collectionimages/19501999/1963/1963.31.1031.rev.width350.jpg"]},{"from":-195,"to":-188,"title":"Silver hemidrachm, Megalopolis, 195 BC - 188 BC. 1963.31.1050","image_urls":["http://numismatics.org/collectionimages/19501999/1963/1963.31.1050.rev.width350.jpg"]},{"from":-195,"to":-188,"title":"Silver hemidrachm, Megalopolis, 195 BC - 188 BC. 1963.31.1065","image_urls":["http://numismatics.org/collectionimages/19501999/1963/1963.31.1065.rev.width350.jpg"]},{"from":-195,"to":-188,"title":"Silver hemidrachm, Megalopolis, 195 BC - 188 BC. 1963.31.1059","image_urls":["http://numismatics.org/collectionimages/19501999/1963/1963.31.1059.rev.width350.jpg"]},{"from":-195,"to":-188,"title":"Silver hemidrachm, Megalopolis, 195 BC - 188 BC. 1963.31.1023","image_urls":["http://numismatics.org/collectionimages/19501999/1963/1963.31.1023.rev.width350.jpg"]},{"from":-195,"to":-188,"title":"Silver hemidrachm, Megalopolis, 195 BC - 188 BC. 1944.100.40152","image_urls":["http://numismatics.org/collectionimages/19001949/1944/1944.100.40152.rev.width350.jpg"]},{"from":-195,"to":-188,"title":"Silver hemidrachm, Megalopolis, 195 BC - 188 BC. 1963.31.1071","image_urls":["http://numismatics.org/collectionimages/19501999/1963/1963.31.1071.rev.width350.jpg"]},{"from":-195,"to":-188,"title":"Silver hemidrachm, Megalopolis, 195 BC - 188 BC. 1963.31.989","image_urls":["http://numismatics.org/collectionimages/19501999/1963/1963.31.989.rev.width350.jpg"]},{"from":-195,"to":-188,"title":"Silver hemidrachm, Megalopolis, 195 BC - 188 BC. 1963.31.1044","image_urls":["http://numismatics.org/collectionimages/19501999/1963/1963.31.1044.rev.width350.jpg"]},{"from":-195,"to":-188,"title":"Silver hemidrachm, Megalopolis, 195 BC - 188 BC. 1963.31.1038","image_urls":["http://numismatics.org/collectionimages/19501999/1963/1963.31.1038.rev.width350.jpg"]},{"from":-195,"to":-188,"title":"Silver hemidrachm, Megalopolis, 195 BC - 188 BC. 1963.31.1094","image_urls":["http://numismatics.org/collectionimages/19501999/1963/1963.31.1094.rev.width350.jpg"]},{"from":-195,"to":-188,"title":"Silver hemidrachm, Megalopolis, 195 BC - 188 BC. 1963.31.1067","image_urls":["http://numismatics.org/collectionimages/19501999/1963/1963.31.1067.rev.width350.jpg"]},{"from":-195,"to":-188,"title":"Silver hemidrachm, Megalopolis, 195 BC - 188 BC. 1963.31.1061","image_urls":["http://numismatics.org/collectionimages/19501999/1963/1963.31.1061.rev.width350.jpg"]},{"from":-195,"to":-188,"title":"Silver hemidrachm, Megalopolis, 195 BC - 188 BC. 1963.31.1055","image_urls":["http://numismatics.org/collectionimages/19501999/1963/1963.31.1055.rev.width350.jpg"]},{"from":-195,"to":-188,"title":"Silver hemidrachm, Megalopolis, 195 BC - 188 BC. 1963.31.1017","image_urls":["http://numismatics.org/collectionimages/19501999/1963/1963.31.1017.rev.width350.jpg"]},{"from":-195,"to":-188,"title":"Silver hemidrachm, Megalopolis, 195 BC - 188 BC. 1963.31.1085","image_urls":["http://numismatics.org/collectionimages/19501999/1963/1963.31.1085.rev.width350.jpg"]},{"from":-195,"to":-188,"title":"Silver hemidrachm, Megalopolis, 195 BC - 188 BC. 1963.31.994","image_urls":["http://numismatics.org/collectionimages/19501999/1963/1963.31.994.rev.width350.jpg"]},{"from":-195,"to":-188,"title":"Silver hemidrachm, Megalopolis, 195 BC - 188 BC. 1963.31.988","image_urls":["http://numismatics.org/collectionimages/19501999/1963/1963.31.988.rev.width350.jpg"]},{"from":-195,"to":-188,"title":"Silver hemidrachm, Megalopolis, 195 BC - 188 BC. 1970.205.11","image_urls":["http://numismatics.org/collectionimages/19501999/1970/1970.205.11.rev.width350.jpg"]},{"from":-195,"to":-188,"title":"Silver hemidrachm, Megalopolis, 195 BC - 188 BC. 1963.31.997","image_urls":["http://numismatics.org/collectionimages/19501999/1963/1963.31.997.rev.width350.jpg"]},{"from":-195,"to":-188,"title":"Silver hemidrachm, Megalopolis, 195 BC - 188 BC. 1963.31.1052","image_urls":["http://numismatics.org/collectionimages/19501999/1963/1963.31.1052.rev.width350.jpg"]},{"from":-195,"to":-188,"title":"Silver hemidrachm, Megalopolis, 195 BC - 188 BC. 1963.31.1064","image_urls":["http://numismatics.org/collectionimages/19501999/1963/1963.31.1064.rev.width350.jpg"]},{"from":-195,"to":-188,"title":"Silver hemidrachm, Megalopolis, 195 BC - 188 BC. 1944.100.40139","image_urls":["http://numismatics.org/collectionimages/19001949/1944/1944.100.40139.rev.width350.jpg"]},{"from":-195,"to":-188,"title":"Silver hemidrachm, Megalopolis, 195 BC - 188 BC. 1963.31.1022","image_urls":["http://numismatics.org/collectionimages/19501999/1963/1963.31.1022.rev.width350.jpg"]},{"from":-195,"to":-188,"title":"Silver hemidrachm, Megalopolis, 195 BC - 188 BC. 1963.31.1058","image_urls":["http://numismatics.org/collectionimages/19501999/1963/1963.31.1058.rev.width350.jpg"]},{"from":-195,"to":-188,"title":"Silver hemidrachm, Megalopolis, 195 BC - 188 BC. 1963.31.1016","image_urls":["http://numismatics.org/collectionimages/19501999/1963/1963.31.1016.rev.width350.jpg"]},{"from":-195,"to":-188,"title":"Silver hemidrachm, Megalopolis, 195 BC - 188 BC. 1944.100.40145","image_urls":["http://numismatics.org/collectionimages/19001949/1944/1944.100.40145.rev.width350.jpg"]},{"from":-195,"to":-188,"title":"Silver hemidrachm, Megalopolis, 195 BC - 188 BC. 1963.31.1043","image_urls":["http://numismatics.org/collectionimages/19501999/1963/1963.31.1043.rev.width350.jpg"]},{"from":-195,"to":-188,"title":"Silver hemidrachm, Megalopolis, 195 BC - 188 BC. 1944.100.40130","image_urls":["http://numismatics.org/collectionimages/19001949/1944/1944.100.40130.rev.width350.jpg"]},{"from":-195,"to":-188,"title":"Silver hemidrachm, Megalopolis, 195 BC - 188 BC. 1963.31.1069","image_urls":["http://numismatics.org/collectionimages/19501999/1963/1963.31.1069.rev.width350.jpg"]},{"from":-195,"to":-188,"title":"Silver hemidrachm, Megalopolis, 195 BC - 188 BC. 1944.100.40135","image_urls":["http://numismatics.org/collectionimages/19001949/1944/1944.100.40135.rev.width350.jpg"]},{"from":-195,"to":-188,"title":"Silver hemidrachm, Megalopolis, 195 BC - 188 BC. 1963.31.1033","image_urls":["http://numismatics.org/collectionimages/19501999/1963/1963.31.1033.rev.width350.jpg"]},{"from":-195,"to":-188,"title":"Silver hemidrachm, Megalopolis, 195 BC - 188 BC. 1963.31.1027","image_urls":["http://numismatics.org/collectionimages/19501999/1963/1963.31.1027.rev.width350.jpg"]},{"from":-195,"to":-188,"title":"Silver hemidrachm, Megalopolis, 195 BC - 188 BC. 1963.31.1048","image_urls":["http://numismatics.org/collectionimages/19501999/1963/1963.31.1048.rev.width350.jpg"]},{"from":-195,"to":-188,"title":"Silver hemidrachm, Megalopolis, 195 BC - 188 BC. 1963.31.1015","image_urls":["http://numismatics.org/collectionimages/19501999/1963/1963.31.1015.rev.width350.jpg"]},{"from":-195,"to":-188,"title":"Silver hemidrachm, Megalopolis, 195 BC - 188 BC. 1944.100.40138","image_urls":["http://numismatics.org/collectionimages/19001949/1944/1944.100.40138.rev.width350.jpg"]},{"from":-195,"to":-188,"title":"Silver hemidrachm, Megalopolis, 195 BC - 188 BC. 1963.31.1042","image_urls":["http://numismatics.org/collectionimages/19501999/1963/1963.31.1042.rev.width350.jpg"]},{"from":-195,"to":-188,"title":"Silver hemidrachm, Megalopolis, 195 BC - 188 BC. 1963.31.1013","image_urls":["http://numismatics.org/collectionimages/19501999/1963/1963.31.1013.rev.width350.jpg"]},{"from":-195,"to":-188,"title":"Silver hemidrachm, Megalopolis, 195 BC - 188 BC. 1963.31.1007","image_urls":["http://numismatics.org/collectionimages/19501999/1963/1963.31.1007.rev.width350.jpg"]},{"from":-195,"to":-188,"title":"Silver hemidrachm, Megalopolis, 195 BC - 188 BC. 1963.31.990","image_urls":["http://numismatics.org/collectionimages/19501999/1963/1963.31.990.rev.width350.jpg"]},{"from":-195,"to":-188,"title":"Silver hemidrachm, Megalopolis, 195 BC - 188 BC. 1963.31.1075","image_urls":["http://numismatics.org/collectionimages/19501999/1963/1963.31.1075.rev.width350.jpg"]},{"from":-195,"to":-188,"title":"Silver hemidrachm, Megalopolis, 195 BC - 188 BC. 1963.31.999","image_urls":["http://numismatics.org/collectionimages/19501999/1963/1963.31.999.rev.width350.jpg"]},{"from":-195,"to":-188,"title":"Silver hemidrachm, Megalopolis, 195 BC - 188 BC. 1963.31.1000","image_urls":["http://numismatics.org/collectionimages/19501999/1963/1963.31.1000.rev.width350.jpg"]},{"from":-195,"to":-188,"title":"Silver hemidrachm, Megalopolis, 195 BC - 188 BC. 1963.31.1009","image_urls":["http://numismatics.org/collectionimages/19501999/1963/1963.31.1009.rev.width350.jpg"]},{"from":-195,"to":-188,"title":"Silver hemidrachm, Megalopolis, 195 BC - 188 BC. 1944.100.40144","image_urls":["http://numismatics.org/collectionimages/19001949/1944/1944.100.40144.rev.width350.jpg"]},{"from":-195,"to":-188,"title":"Silver hemidrachm, Megalopolis, 195 BC - 188 BC. 1963.31.1036","image_urls":["http://numismatics.org/collectionimages/19501999/1963/1963.31.1036.rev.width350.jpg"]},{"from":-195,"to":-188,"title":"Silver hemidrachm, Megalopolis, 195 BC - 188 BC. 1963.31.1021","image_urls":["http://numismatics.org/collectionimages/19501999/1963/1963.31.1021.rev.width350.jpg"]},{"from":-195,"to":-188,"title":"Silver hemidrachm, Megalopolis, 195 BC - 188 BC. 1944.100.40150","image_urls":["http://numismatics.org/collectionimages/19001949/1944/1944.100.40150.rev.width350.jpg"]},{"from":-195,"to":-188,"title":"Silver hemidrachm, Megalopolis, 195 BC - 188 BC. 1963.31.1030","image_urls":["http://numismatics.org/collectionimages/19501999/1963/1963.31.1030.rev.width350.jpg"]},{"from":-195,"to":-188,"title":"Silver hemidrachm, Megalopolis, 195 BC - 188 BC. 1963.31.1024","image_urls":["http://numismatics.org/collectionimages/19501999/1963/1963.31.1024.rev.width350.jpg"]},{"from":-195,"to":-188,"title":"Silver hemidrachm, Megalopolis, 195 BC - 188 BC. 1963.31.1084","image_urls":["http://numismatics.org/collectionimages/19501999/1963/1963.31.1084.rev.width350.jpg"]},{"from":-195,"to":-188,"title":"Silver hemidrachm, Megalopolis, 195 BC - 188 BC. 1963.31.1001","image_urls":["http://numismatics.org/collectionimages/19501999/1963/1963.31.1001.rev.width350.jpg"]},{"from":-195,"to":-188,"title":"Silver hemidrachm, Megalopolis, 195 BC - 188 BC. 1963.31.1078","image_urls":["http://numismatics.org/collectionimages/19501999/1963/1963.31.1078.rev.width350.jpg"]},{"from":-195,"to":-188,"title":"Silver hemidrachm, Megalopolis, 195 BC - 188 BC. 1963.31.987","image_urls":["http://numismatics.org/collectionimages/19501999/1963/1963.31.987.rev.width350.jpg"]},{"from":-195,"to":-188,"title":"Silver hemidrachm, Megalopolis, 195 BC - 188 BC. 1963.31.1090","image_urls":["http://numismatics.org/collectionimages/19501999/1963/1963.31.1090.rev.width350.jpg"]},{"from":-195,"to":-188,"title":"Silver hemidrachm, Megalopolis, 195 BC - 188 BC. 1963.31.1025","image_urls":["http://numismatics.org/collectionimages/19501999/1963/1963.31.1025.rev.width350.jpg"]},{"from":-195,"to":-188,"title":"Silver hemidrachm, Megalopolis, 195 BC - 188 BC. 1963.31.1019","image_urls":["http://numismatics.org/collectionimages/19501999/1963/1963.31.1019.rev.width350.jpg"]},{"from":-195,"to":-188,"title":"Silver hemidrachm, Megalopolis, 195 BC - 188 BC. 1944.100.40148","image_urls":["http://numismatics.org/collectionimages/19001949/1944/1944.100.40148.rev.width350.jpg"]},{"from":-195,"to":-188,"title":"Silver hemidrachm, Megalopolis, 195 BC - 188 BC. 1963.31.1093","image_urls":["http://numismatics.org/collectionimages/19501999/1963/1963.31.1093.rev.width350.jpg"]},{"from":-195,"to":-188,"title":"Silver hemidrachm, Megalopolis, 195 BC - 188 BC. 1963.31.1028","image_urls":["http://numismatics.org/collectionimages/19501999/1963/1963.31.1028.rev.width350.jpg"]},{"from":-195,"to":-188,"title":"Silver hemidrachm, Megalopolis, 195 BC - 188 BC. 1963.31.1081","image_urls":["http://numismatics.org/collectionimages/19501999/1963/1963.31.1081.rev.width350.jpg"]},{"from":-195,"to":-188,"title":"Silver hemidrachm, Megalopolis, 195 BC - 188 BC. 1963.31.1096","image_urls":["http://numismatics.org/collectionimages/19501999/1963/1963.31.1096.rev.width350.jpg"]},{"from":-195,"to":-188,"title":"Silver hemidrachm, Megalopolis, 195 BC - 188 BC. 1963.31.993","image_urls":["http://numismatics.org/collectionimages/19501999/1963/1963.31.993.rev.width350.jpg"]},{"from":-195,"to":-188,"title":"Silver hemidrachm, Megalopolis, 195 BC - 188 BC. 1970.205.13","image_urls":["http://numismatics.org/collectionimages/19501999/1970/1970.205.13.rev.width350.jpg"]},{"from":-195,"to":-188,"title":"Silver hemidrachm, Megalopolis, 195 BC - 188 BC. 1963.31.1066","image_urls":["http://numismatics.org/collectionimages/19501999/1963/1963.31.1066.rev.width350.jpg"]},{"from":-195,"to":-188,"title":"Silver hemidrachm, Megalopolis, 195 BC - 188 BC. 1963.31.1039","image_urls":["http://numismatics.org/collectionimages/19501999/1963/1963.31.1039.rev.width350.jpg"]},{"from":-195,"to":-188,"title":"Silver hemidrachm, Megalopolis, 195 BC - 188 BC. 1944.100.40153","image_urls":["http://numismatics.org/collectionimages/19001949/1944/1944.100.40153.rev.width350.jpg"]},{"from":-195,"to":-188,"title":"Silver hemidrachm, Megalopolis, 195 BC - 188 BC. 1963.31.984","image_urls":["http://numismatics.org/collectionimages/19501999/1963/1963.31.984.rev.width350.jpg"]},{"from":-195,"to":-188,"title":"Silver hemidrachm, Megalopolis, 195 BC - 188 BC. 1963.31.1057","image_urls":["http://numismatics.org/collectionimages/19501999/1963/1963.31.1057.rev.width350.jpg"]},{"from":-195,"to":-188,"title":"Silver hemidrachm, Megalopolis, 195 BC - 188 BC. 1963.31.1063","image_urls":["http://numismatics.org/collectionimages/19501999/1963/1963.31.1063.rev.width350.jpg"]},{"from":-195,"to":-188,"title":"Silver hemidrachm, Megalopolis, 195 BC - 188 BC. 1911.39.16","image_urls":["http://numismatics.org/collectionimages/19001949/1911/1911.39.16.rev.width350.jpg"]},{"from":-195,"to":-188,"title":"Silver hemidrachm, Megalopolis, 195 BC - 188 BC. 1963.31.1073","image_urls":["http://numismatics.org/collectionimages/19501999/1963/1963.31.1073.rev.width350.jpg"]},{"from":-195,"to":-188,"title":"Silver hemidrachm, Megalopolis, 195 BC - 188 BC. 1963.31.1088","image_urls":["http://numismatics.org/collectionimages/19501999/1963/1963.31.1088.rev.width350.jpg"]},{"from":-195,"to":-188,"title":"Silver hemidrachm, Megalopolis, 195 BC - 188 BC. 1960.170.214","image_urls":["http://numismatics.org/collectionimages/19501999/1960/1960.170.214.rev.width350.jpg"]},{"from":-195,"to":-188,"title":"Silver hemidrachm, Megalopolis, 195 BC - 188 BC. 1963.31.1076","image_urls":["http://numismatics.org/collectionimages/19501999/1963/1963.31.1076.rev.width350.jpg"]},{"from":-195,"to":-188,"title":"Silver hemidrachm, Megalopolis, 195 BC - 188 BC. 1963.31.985","image_urls":["http://numismatics.org/collectionimages/19501999/1963/1963.31.985.rev.width350.jpg"]},{"from":-195,"to":-188,"title":"Silver hemidrachm, Megalopolis, 195 BC - 188 BC. 1963.31.1034","image_urls":["http://numismatics.org/collectionimages/19501999/1963/1963.31.1034.rev.width350.jpg"]},{"from":-195,"to":-188,"title":"Silver hemidrachm, Megalopolis, 195 BC - 188 BC. 1963.31.1049","image_urls":["http://numismatics.org/collectionimages/19501999/1963/1963.31.1049.rev.width350.jpg"]},{"from":-195,"to":-188,"title":"Silver hemidrachm, Megalopolis, 195 BC - 188 BC. 1944.100.40142","image_urls":["http://numismatics.org/collectionimages/19001949/1944/1944.100.40142.rev.width350.jpg"]},{"from":-195,"to":-188,"title":"Silver hemidrachm, Megalopolis, 195 BC - 188 BC. 1944.100.40136","image_urls":["http://numismatics.org/collectionimages/19001949/1944/1944.100.40136.rev.width350.jpg"]},{"from":-195,"to":-188,"title":"Silver hemidrachm, Megalopolis, 195 BC - 188 BC. 1963.31.1087","image_urls":["http://numismatics.org/collectionimages/19501999/1963/1963.31.1087.rev.width350.jpg"]},{"from":-195,"to":-188,"title":"Silver hemidrachm, Megalopolis, 195 BC - 188 BC. 1963.31.996","image_urls":["http://numismatics.org/collectionimages/19501999/1963/1963.31.996.rev.width350.jpg"]},{"from":-195,"to":-188,"title":"Silver hemidrachm, Megalopolis, 195 BC - 188 BC. 1963.31.1051","image_urls":["http://numismatics.org/collectionimages/19501999/1963/1963.31.1051.rev.width350.jpg"]},{"from":-195,"to":-188,"title":"Silver hemidrachm, Megalopolis, 195 BC - 188 BC. 1963.31.1045","image_urls":["http://numismatics.org/collectionimages/19501999/1963/1963.31.1045.rev.width350.jpg"]},{"from":-195,"to":-188,"title":"Silver hemidrachm, Megalopolis, 195 BC - 188 BC. 1963.31.1054","image_urls":["http://numismatics.org/collectionimages/19501999/1963/1963.31.1054.rev.width350.jpg"]},{"from":-195,"to":-188,"title":"Silver hemidrachm, Megalopolis, 195 BC - 188 BC. 1944.100.40129","image_urls":["http://numismatics.org/collectionimages/19001949/1944/1944.100.40129.rev.width350.jpg"]},{"from":-195,"to":-188,"title":"Silver hemidrachm, Megalopolis, 195 BC - 188 BC. 1963.31.1060","image_urls":["http://numismatics.org/collectionimages/19501999/1963/1963.31.1060.rev.width350.jpg"]},{"from":-195,"to":-188,"title":"Silver hemidrachm, Megalopolis, 195 BC - 188 BC. 1963.31.1068","image_urls":["http://numismatics.org/collectionimages/19501999/1963/1963.31.1068.rev.width350.jpg"]},{"from":-195,"to":-188,"title":"Silver hemidrachm, Megalopolis, 195 BC - 188 BC. 1963.31.1089","image_urls":["http://numismatics.org/collectionimages/19501999/1963/1963.31.1089.rev.width350.jpg"]},{"from":-195,"to":-188,"title":"Silver hemidrachm, Megalopolis, 195 BC - 188 BC. 1963.31.998","image_urls":["http://numismatics.org/collectionimages/19501999/1963/1963.31.998.rev.width350.jpg"]},{"from":-195,"to":-188,"title":"Silver hemidrachm, Megalopolis, 195 BC - 188 BC. 1963.31.1012","image_urls":["http://numismatics.org/collectionimages/19501999/1963/1963.31.1012.rev.width350.jpg"]},{"from":-195,"to":-188,"title":"Silver hemidrachm, Megalopolis, 195 BC - 188 BC. 1963.31.1080","image_urls":["http://numismatics.org/collectionimages/19501999/1963/1963.31.1080.rev.width350.jpg"]},{"from":-195,"to":-188,"title":"Silver hemidrachm, Megalopolis, 195 BC - 188 BC. 1963.31.1074","image_urls":["http://numismatics.org/collectionimages/19501999/1963/1963.31.1074.rev.width350.jpg"]},{"from":-195,"to":-188,"title":"Silver hemidrachm, Megalopolis, 195 BC - 188 BC. 1911.39.17","image_urls":["http://numismatics.org/collectionimages/19001949/1911/1911.39.17.rev.width350.jpg"]},{"from":-195,"to":-188,"title":"Silver hemidrachm, Megalopolis, 195 BC - 188 BC. 1963.31.1092","image_urls":["http://numismatics.org/collectionimages/19501999/1963/1963.31.1092.rev.width350.jpg"]},{"from":-195,"to":-188,"title":"Silver hemidrachm, Megalopolis, 195 BC - 188 BC. 1944.100.40132","image_urls":["http://numismatics.org/collectionimages/19001949/1944/1944.100.40132.rev.width350.jpg"]},{"from":-195,"to":-188,"title":"Silver hemidrachm, Megalopolis, 195 BC - 188 BC. 1963.31.995","image_urls":["http://numismatics.org/collectionimages/19501999/1963/1963.31.995.rev.width350.jpg"]},{"from":-195,"to":-188,"title":"Silver hemidrachm, Megalopolis, 195 BC - 188 BC. 1970.205.12","image_urls":["http://numismatics.org/collectionimages/19501999/1970/1970.205.12.rev.width350.jpg"]},{"from":-195,"to":-188,"title":"Silver hemidrachm, Megalopolis, 195 BC - 188 BC. 1963.31.1095","image_urls":["http://numismatics.org/collectionimages/19501999/1963/1963.31.1095.rev.width350.jpg"]},{"from":-195,"to":-188,"title":"Silver hemidrachm, Megalopolis, 195 BC - 188 BC. 1963.31.992","image_urls":["http://numismatics.org/collectionimages/19501999/1963/1963.31.992.rev.width350.jpg"]},{"from":-195,"to":-188,"title":"Silver hemidrachm, Megalopolis, 195 BC - 188 BC. 1963.31.986","image_urls":["http://numismatics.org/collectionimages/19501999/1963/1963.31.986.rev.width350.jpg"]},{"from":-195,"to":-188,"title":"Silver hemidrachm, Megalopolis, 195 BC - 188 BC. 1944.100.40143","image_urls":["http://numismatics.org/collectionimages/19001949/1944/1944.100.40143.rev.width350.jpg"]},{"from":-195,"to":-188,"title":"Silver hemidrachm, Megalopolis, 195 BC - 188 BC. 1963.31.1041","image_urls":["http://numismatics.org/collectionimages/19501999/1963/1963.31.1041.rev.width350.jpg"]},{"from":-195,"to":-188,"title":"Silver hemidrachm, Megalopolis, 195 BC - 188 BC. 1963.31.1062","image_urls":["http://numismatics.org/collectionimages/19501999/1963/1963.31.1062.rev.width350.jpg"]},{"from":-195,"to":-188,"title":"Silver hemidrachm, Megalopolis, 195 BC - 188 BC. 1963.31.1077","image_urls":["http://numismatics.org/collectionimages/19501999/1963/1963.31.1077.rev.width350.jpg"]},{"from":-195,"to":-188,"title":"Silver hemidrachm, Megalopolis, 195 BC - 188 BC. 1963.31.1056","image_urls":["http://numismatics.org/collectionimages/19501999/1963/1963.31.1056.rev.width350.jpg"]},{"from":-195,"to":-188,"title":"Silver hemidrachm, Megalopolis, 195 BC - 188 BC. 1963.31.1083","image_urls":["http://numismatics.org/collectionimages/19501999/1963/1963.31.1083.rev.width350.jpg"]},{"from":-195,"to":-188,"title":"Silver hemidrachm, Megalopolis, 195 BC - 188 BC. 1963.31.1086","image_urls":["http://numismatics.org/collectionimages/19501999/1963/1963.31.1086.rev.width350.jpg"]},{"from":-195,"to":-188,"title":"Silver hemidrachm, Megalopolis, 195 BC - 188 BC. 1963.31.1003","image_urls":["http://numismatics.org/collectionimages/19501999/1963/1963.31.1003.rev.width350.jpg"]},{"from":-195,"to":-188,"title":"Silver hemidrachm, Megalopolis, 195 BC - 188 BC. 1963.31.1005","image_urls":["http://numismatics.org/collectionimages/19501999/1963/1963.31.1005.rev.width350.jpg"]},{"from":-195,"to":-188,"title":"Silver hemidrachm, Megalopolis, 195 BC - 188 BC. 1944.100.40134","image_urls":["http://numismatics.org/collectionimages/19001949/1944/1944.100.40134.rev.width350.jpg"]},{"from":-195,"to":-188,"title":"Silver hemidrachm, Megalopolis, 195 BC - 188 BC. 1963.31.1053","image_urls":["http://numismatics.org/collectionimages/19501999/1963/1963.31.1053.rev.width350.jpg"]},{"from":-195,"to":-188,"title":"Silver hemidrachm, Megalopolis, 195 BC - 188 BC. 1944.100.40128","image_urls":["http://numismatics.org/collectionimages/19001949/1944/1944.100.40128.rev.width350.jpg"]},{"from":-195,"to":-188,"title":"Silver hemidrachm, Megalopolis, 195 BC - 188 BC. 1963.31.1011","image_urls":["http://numismatics.org/collectionimages/19501999/1963/1963.31.1011.rev.width350.jpg"]},{"from":-195,"to":-188,"title":"Silver hemidrachm, Megalopolis, 195 BC - 188 BC. 1963.31.1035","image_urls":["http://numismatics.org/collectionimages/19501999/1963/1963.31.1035.rev.width350.jpg"]},{"from":-195,"to":-188,"title":"Silver hemidrachm, Megalopolis, 195 BC - 188 BC. 1963.31.1029","image_urls":["http://numismatics.org/collectionimages/19501999/1963/1963.31.1029.rev.width350.jpg"]},{"from":-195,"to":-188,"title":"Silver hemidrachm, Megalopolis, 195 BC - 188 BC. 1963.31.1097","image_urls":["http://numismatics.org/collectionimages/19501999/1963/1963.31.1097.rev.width350.jpg"]},{"from":-195,"to":-188,"title":"Silver hemidrachm, Megalopolis, 195 BC - 188 BC. 1963.31.1020","image_urls":["http://numismatics.org/collectionimages/19501999/1963/1963.31.1020.rev.width350.jpg"]},{"from":-195,"to":-188,"title":"Silver hemidrachm, Megalopolis, 195 BC - 188 BC. 1963.31.1010","image_urls":["http://numismatics.org/collectionimages/19501999/1963/1963.31.1010.rev.width350.jpg"]},{"from":-195,"to":-188,"title":"Silver hemidrachm, Megalopolis, 195 BC - 188 BC. 1963.31.1072","image_urls":["http://numismatics.org/collectionimages/19501999/1963/1963.31.1072.rev.width350.jpg"]},{"from":-195,"to":-188,"title":"Silver hemidrachm, Megalopolis, 195 BC - 188 BC. 1944.100.40147","image_urls":["http://numismatics.org/collectionimages/19001949/1944/1944.100.40147.rev.width350.jpg"]},{"from":-195,"to":-188,"title":"Silver hemidrachm, Megalopolis, 195 BC - 188 BC. 1963.31.1070","image_urls":["http://numismatics.org/collectionimages/19501999/1963/1963.31.1070.rev.width350.jpg"]},{"from":-195,"to":-188,"title":"Silver hemidrachm, Megalopolis, 195 BC - 188 BC. 1963.31.1006","image_urls":["http://numismatics.org/collectionimages/19501999/1963/1963.31.1006.rev.width350.jpg"]}]