[{"from":-196,"to":-146,"title":"Bronze Coin, Thessalian League, 196 BC - 146 BC. 1944.100.17622","image_urls":["http://numismatics.org/collectionimages/19001949/1944/1944.100.17622.rev.width350.jpg"]},{"from":-196,"to":-146,"title":"Bronze Coin, Thessalian League, 196 BC - 146 BC. 1944.100.17637","image_urls":["http://numismatics.org/collectionimages/19001949/1944/1944.100.17637.rev.width350.jpg"]},{"from":-196,"to":-146,"title":"Bronze Coin, Thessalian League, 196 BC - 146 BC. 1944.100.17658","image_urls":["http://numismatics.org/collectionimages/19001949/1944/1944.100.17658.rev.width350.jpg"]},{"from":-196,"to":-146,"title":"Silver Coin, Thessalian League, 196 BC - 146 BC. 1944.100.17550","image_urls":["http://numismatics.org/collectionimages/19001949/1944/1944.100.17550.rev.width350.jpg"]},{"from":-196,"to":-146,"title":"Bronze Coin, Thessalian League, 196 BC - 146 BC. 1944.100.17643","image_urls":["http://numismatics.org/collectionimages/19001949/1944/1944.100.17643.rev.width350.jpg"]},{"from":-196,"to":-146,"title":"Silver Coin, Thessalian League, 196 BC - 146 BC. 1944.100.17616","image_urls":["http://numismatics.org/collectionimages/19001949/1944/1944.100.17616.rev.width350.jpg"]},{"from":-196,"to":-146,"title":"Bronze Coin, Thessalian League, 196 BC - 146 BC. 1944.100.17646","image_urls":["http://numismatics.org/collectionimages/19001949/1944/1944.100.17646.rev.width350.jpg"]},{"from":-196,"to":-146,"title":"Silver Coin, Thessalian League, 196 BC - 146 BC. 1944.100.17610","image_urls":["http://numismatics.org/collectionimages/19001949/1944/1944.100.17610.rev.width350.jpg"]},{"from":-196,"to":-146,"title":"Silver Coin, Thessalian League, 196 BC - 146 BC. 1944.100.17604","image_urls":["http://numismatics.org/collectionimages/19001949/1944/1944.100.17604.rev.width350.jpg"]},{"from":-196,"to":-146,"title":"Bronze Coin, Thessalian League, 196 BC - 146 BC. 1940.77.24","image_urls":["http://numismatics.org/collectionimages/19001949/1940/1940.77.24.rev.width350.jpg"]},{"from":-196,"to":-146,"title":"Bronze Coin, Thessalian League, 196 BC - 146 BC. 1944.100.17700","image_urls":["http://numismatics.org/collectionimages/19001949/1944/1944.100.17700.rev.width350.jpg"]},{"from":-196,"to":-146,"title":"Bronze Coin, Thessalian League, 196 BC - 146 BC. 1944.100.17699","image_urls":["http://numismatics.org/collectionimages/19001949/1944/1944.100.17699.rev.width350.jpg"]},{"from":-196,"to":-146,"title":"Bronze Coin, Thessalian League, 196 BC - 146 BC. 0000.999.7551","image_urls":["http://numismatics.org/collectionimages/00001899/0000/0000.999.7551.rev.width350.jpg"]},{"from":-196,"to":-146,"title":"Bronze Coin, Thessalian League, 196 BC - 146 BC. 1953.171.176","image_urls":["http://numismatics.org/collectionimages/19501999/1953/1953.171.176.rev.width350.jpg"]},{"from":-196,"to":-146,"title":"Silver Coin, Thessalian League, 196 BC - 146 BC. 1968.57.20","image_urls":["http://numismatics.org/collectionimages/19501999/1968/1968.57.20.rev.width350.jpg"]},{"from":-196,"to":-146,"title":"Bronze Coin, Thessalian League, 196 BC - 146 BC. 1944.100.17625","image_urls":["http://numismatics.org/collectionimages/19001949/1944/1944.100.17625.rev.width350.jpg"]},{"from":-196,"to":-146,"title":"Silver Coin, Thessalian League, 196 BC - 146 BC. 1963.31.47","image_urls":["http://numismatics.org/collectionimages/19501999/1963/1963.31.47.rev.width350.jpg"]},{"from":-196,"to":-146,"title":"Bronze Coin, Thessalian League, 196 BC - 146 BC. 1944.100.17693","image_urls":["http://numismatics.org/collectionimages/19001949/1944/1944.100.17693.rev.width350.jpg"]},{"from":-196,"to":-146,"title":"Silver Coin, Thessalian League, 196 BC - 146 BC. 1944.100.17555","image_urls":["http://numismatics.org/collectionimages/19001949/1944/1944.100.17555.rev.width350.jpg"]},{"from":-196,"to":-146,"title":"Bronze Coin, Thessalian League, 196 BC - 146 BC. 1944.100.17648","image_urls":["http://numismatics.org/collectionimages/19001949/1944/1944.100.17648.rev.width350.jpg"]},{"from":-196,"to":-146,"title":"Bronze Coin, Thessalian League, 196 BC - 146 BC. 1944.100.17621","image_urls":["http://numismatics.org/collectionimages/19001949/1944/1944.100.17621.rev.width350.jpg"]},{"from":-196,"to":-146,"title":"Silver Coin, Thessalian League, 196 BC - 146 BC. 1944.100.17615","image_urls":["http://numismatics.org/collectionimages/19001949/1944/1944.100.17615.rev.width350.jpg"]},{"from":-196,"to":-146,"title":"Bronze Coin, Thessalian League, 196 BC - 146 BC. 1944.100.17696","image_urls":["http://numismatics.org/collectionimages/19001949/1944/1944.100.17696.rev.width350.jpg"]},{"from":-196,"to":-146,"title":"Bronze Coin, Thessalian League, 196 BC - 146 BC. 1944.100.17681","image_urls":["http://numismatics.org/collectionimages/19001949/1944/1944.100.17681.rev.width350.jpg"]},{"from":-196,"to":-146,"title":"Silver Coin, Thessalian League, 196 BC - 146 BC. 1944.100.17607","image_urls":["http://numismatics.org/collectionimages/19001949/1944/1944.100.17607.rev.width350.jpg"]},{"from":-196,"to":-146,"title":"Bronze Coin, Thessalian League, 196 BC - 146 BC. 1944.100.17675","image_urls":["http://numismatics.org/collectionimages/19001949/1944/1944.100.17675.rev.width350.jpg"]},{"from":-196,"to":-146,"title":"Silver Coin, Thessalian League, 196 BC - 146 BC. 1944.100.17582","image_urls":["http://numismatics.org/collectionimages/19001949/1944/1944.100.17582.rev.width350.jpg"]},{"from":-196,"to":-146,"title":"Silver Coin, Thessalian League, 196 BC - 146 BC. 1944.100.17597","image_urls":["http://numismatics.org/collectionimages/19001949/1944/1944.100.17597.rev.width350.jpg"]},{"from":-196,"to":-146,"title":"Silver Coin, Thessalian League, 196 BC - 146 BC. 1944.100.17603","image_urls":["http://numismatics.org/collectionimages/19001949/1944/1944.100.17603.rev.width350.jpg"]},{"from":-196,"to":-146,"title":"Silver Coin, Thessalian League, 196 BC - 146 BC. 1944.100.17593","image_urls":["http://numismatics.org/collectionimages/19001949/1944/1944.100.17593.rev.width350.jpg"]},{"from":-196,"to":-146,"title":"Bronze Coin, Thessalian League, 196 BC - 146 BC. 1944.100.17692","image_urls":["http://numismatics.org/collectionimages/19001949/1944/1944.100.17692.rev.width350.jpg"]},{"from":-196,"to":-146,"title":"Silver Coin, Thessalian League, 196 BC - 146 BC. 1944.100.17587","image_urls":["http://numismatics.org/collectionimages/19001949/1944/1944.100.17587.rev.width350.jpg"]},{"from":-196,"to":-146,"title":"Bronze Coin, Thessalian League, 196 BC - 146 BC. 1944.100.17624","image_urls":["http://numismatics.org/collectionimages/19001949/1944/1944.100.17624.rev.width350.jpg"]},{"from":-196,"to":-146,"title":"Silver Coin, Thessalian League, 196 BC - 146 BC. 1953.171.175","image_urls":["http://numismatics.org/collectionimages/19501999/1953/1953.171.175.rev.width350.jpg"]},{"from":-196,"to":-146,"title":"Bronze Coin, Thessalian League, 196 BC - 146 BC. 1944.100.17686","image_urls":["http://numismatics.org/collectionimages/19001949/1944/1944.100.17686.rev.width350.jpg"]},{"from":-196,"to":-146,"title":"Silver Coin, Thessalian League, 196 BC - 146 BC. 1935.117.163","image_urls":["http://numismatics.org/collectionimages/19001949/1935/1935.117.163.rev.width350.jpg"]},{"from":-196,"to":-146,"title":"Bronze Coin, Thessalian League, 196 BC - 146 BC. 1944.100.17630","image_urls":["http://numismatics.org/collectionimages/19001949/1944/1944.100.17630.rev.width350.jpg"]},{"from":-196,"to":-146,"title":"Silver Coin, Thessalian League, 196 BC - 146 BC. 1925.14.15","image_urls":["http://numismatics.org/collectionimages/19001949/1925/1925.14.15.rev.width350.jpg"]},{"from":-196,"to":-146,"title":"Silver Coin, Thessalian League, 196 BC - 146 BC. 1944.100.17565","image_urls":["http://numismatics.org/collectionimages/19001949/1944/1944.100.17565.rev.width350.jpg"]},{"from":-196,"to":-146,"title":"Silver Coin, Thessalian League, 196 BC - 146 BC. 1953.171.173","image_urls":["http://numismatics.org/collectionimages/19501999/1953/1953.171.173.rev.width350.jpg"]},{"from":-196,"to":-146,"title":"Bronze Coin, Thessalian League, 196 BC - 146 BC. 1944.100.17664","image_urls":["http://numismatics.org/collectionimages/19001949/1944/1944.100.17664.rev.width350.jpg"]},{"from":-196,"to":-146,"title":"Silver Coin, Thessalian League, 196 BC - 146 BC. 1944.100.17559","image_urls":["http://numismatics.org/collectionimages/19001949/1944/1944.100.17559.rev.width350.jpg"]},{"from":-196,"to":-146,"title":"Silver Coin, Thessalian League, 196 BC - 146 BC. 1967.46.28","image_urls":["http://numismatics.org/collectionimages/19501999/1967/1967.46.28.rev.width350.jpg"]},{"from":-196,"to":-146,"title":"Silver Coin, Thessalian League, 196 BC - 146 BC. 0000.999.7548","image_urls":["http://numismatics.org/collectionimages/00001899/0000/0000.999.7548.rev.width350.jpg"]},{"from":-196,"to":-146,"title":"Silver Coin, Thessalian League, 196 BC - 146 BC. 1944.100.17594","image_urls":["http://numismatics.org/collectionimages/19001949/1944/1944.100.17594.rev.width350.jpg"]},{"from":-196,"to":-146,"title":"Bronze Coin, Thessalian League, 196 BC - 146 BC. 1944.100.17687","image_urls":["http://numismatics.org/collectionimages/19001949/1944/1944.100.17687.rev.width350.jpg"]},{"from":-196,"to":-146,"title":"Silver Coin, Thessalian League, 196 BC - 146 BC. 1944.100.17552","image_urls":["http://numismatics.org/collectionimages/19001949/1944/1944.100.17552.rev.width350.jpg"]},{"from":-196,"to":-146,"title":"Silver Coin, Thessalian League, 196 BC - 146 BC. 1967.46.30","image_urls":["http://numismatics.org/collectionimages/19501999/1967/1967.46.30.rev.width350.jpg"]},{"from":-196,"to":-146,"title":"Silver Coin, Thessalian League, 196 BC - 146 BC. 1944.100.17585","image_urls":["http://numismatics.org/collectionimages/19001949/1944/1944.100.17585.rev.width350.jpg"]},{"from":-196,"to":-146,"title":"Silver Coin, Thessalian League, 196 BC - 146 BC. 1944.100.17579","image_urls":["http://numismatics.org/collectionimages/19001949/1944/1944.100.17579.rev.width350.jpg"]},{"from":-196,"to":-146,"title":"Bronze Coin, Thessalian League, 196 BC - 146 BC. 1944.100.17663","image_urls":["http://numismatics.org/collectionimages/19001949/1944/1944.100.17663.rev.width350.jpg"]},{"from":-196,"to":-146,"title":"Bronze Coin, Thessalian League, 196 BC - 146 BC. 1944.100.17684","image_urls":["http://numismatics.org/collectionimages/19001949/1944/1944.100.17684.rev.width350.jpg"]},{"from":-196,"to":-146,"title":"Silver Coin, Thessalian League, 196 BC - 146 BC. 1967.46.27","image_urls":["http://numismatics.org/collectionimages/19501999/1967/1967.46.27.rev.width350.jpg"]},{"from":-196,"to":-146,"title":"Silver Coin, Thessalian League, 196 BC - 146 BC. 1944.100.17601","image_urls":["http://numismatics.org/collectionimages/19001949/1944/1944.100.17601.rev.width350.jpg"]},{"from":-196,"to":-146,"title":"Silver Coin, Thessalian League, 196 BC - 146 BC. 1944.100.17570","image_urls":["http://numismatics.org/collectionimages/19001949/1944/1944.100.17570.rev.width350.jpg"]},{"from":-196,"to":-146,"title":"Bronze Coin, Thessalian League, 196 BC - 146 BC. 1944.100.17678","image_urls":["http://numismatics.org/collectionimages/19001949/1944/1944.100.17678.rev.width350.jpg"]},{"from":-196,"to":-146,"title":"Silver Coin, Thessalian League, 196 BC - 146 BC. 1944.100.17564","image_urls":["http://numismatics.org/collectionimages/19001949/1944/1944.100.17564.rev.width350.jpg"]},{"from":-196,"to":-146,"title":"Silver Coin, Thessalian League, 196 BC - 146 BC. 1967.46.33","image_urls":["http://numismatics.org/collectionimages/19501999/1967/1967.46.33.rev.width350.jpg"]},{"from":-196,"to":-146,"title":"Bronze Coin, Thessalian League, 196 BC - 146 BC. 1974.140.45","image_urls":["http://numismatics.org/collectionimages/19501999/1974/1974.140.45.rev.width350.jpg"]},{"from":-196,"to":-146,"title":"Bronze Coin, Thessalian League, 196 BC - 146 BC. 1944.100.17645","image_urls":["http://numismatics.org/collectionimages/19001949/1944/1944.100.17645.rev.width350.jpg"]},{"from":-196,"to":-146,"title":"Bronze Coin, Thessalian League, 196 BC - 146 BC. 1944.100.17672","image_urls":["http://numismatics.org/collectionimages/19001949/1944/1944.100.17672.rev.width350.jpg"]},{"from":-196,"to":-146,"title":"Silver Coin, Thessalian League, 196 BC - 146 BC. 1944.100.17609","image_urls":["http://numismatics.org/collectionimages/19001949/1944/1944.100.17609.rev.width350.jpg"]},{"from":-196,"to":-146,"title":"Bronze Coin, Thessalian League, 196 BC - 146 BC. 1944.100.17642","image_urls":["http://numismatics.org/collectionimages/19001949/1944/1944.100.17642.rev.width350.jpg"]},{"from":-196,"to":-146,"title":"Silver Coin, Thessalian League, 196 BC - 146 BC. 1944.100.17611","image_urls":["http://numismatics.org/collectionimages/19001949/1944/1944.100.17611.rev.width350.jpg"]},{"from":-196,"to":-146,"title":"Silver Coin, Thessalian League, 196 BC - 146 BC. 1944.100.17554","image_urls":["http://numismatics.org/collectionimages/19001949/1944/1944.100.17554.rev.width350.jpg"]},{"from":-196,"to":-146,"title":"Bronze Coin, Thessalian League, 196 BC - 146 BC. 1944.100.17632","image_urls":["http://numismatics.org/collectionimages/19001949/1944/1944.100.17632.rev.width350.jpg"]},{"from":-196,"to":-146,"title":"Bronze Coin, Thessalian League, 196 BC - 146 BC. 1944.100.17647","image_urls":["http://numismatics.org/collectionimages/19001949/1944/1944.100.17647.rev.width350.jpg"]},{"from":-196,"to":-146,"title":"Bronze Coin, Thessalian League, 196 BC - 146 BC. 1944.100.17635","image_urls":["http://numismatics.org/collectionimages/19001949/1944/1944.100.17635.rev.width350.jpg"]},{"from":-196,"to":-146,"title":"Silver Coin, Thessalian League, 196 BC - 146 BC. 1944.100.17608","image_urls":["http://numismatics.org/collectionimages/19001949/1944/1944.100.17608.rev.width350.jpg"]},{"from":-196,"to":-146,"title":"Silver Coin, Thessalian League, 196 BC - 146 BC. 1944.100.17598","image_urls":["http://numismatics.org/collectionimages/19001949/1944/1944.100.17598.rev.width350.jpg"]},{"from":-196,"to":-146,"title":"Bronze Coin, Thessalian League, 196 BC - 146 BC. 1944.100.17697","image_urls":["http://numismatics.org/collectionimages/19001949/1944/1944.100.17697.rev.width350.jpg"]},{"from":-196,"to":-146,"title":"Bronze Coin, Thessalian League, 196 BC - 146 BC. 1944.100.17620","image_urls":["http://numismatics.org/collectionimages/19001949/1944/1944.100.17620.rev.width350.jpg"]},{"from":-196,"to":-146,"title":"Bronze Coin, Thessalian League, 196 BC - 146 BC. 1944.100.17629","image_urls":["http://numismatics.org/collectionimages/19001949/1944/1944.100.17629.rev.width350.jpg"]},{"from":-196,"to":-146,"title":"Silver Coin, Thessalian League, 196 BC - 146 BC. 1944.100.17575","image_urls":["http://numismatics.org/collectionimages/19001949/1944/1944.100.17575.rev.width350.jpg"]},{"from":-196,"to":-146,"title":"Bronze Coin, Thessalian League, 196 BC - 146 BC. 1944.100.17695","image_urls":["http://numismatics.org/collectionimages/19001949/1944/1944.100.17695.rev.width350.jpg"]},{"from":-196,"to":-146,"title":"Silver Coin, Thessalian League, 196 BC - 146 BC. 1944.100.17560","image_urls":["http://numismatics.org/collectionimages/19001949/1944/1944.100.17560.rev.width350.jpg"]},{"from":-196,"to":-146,"title":"Bronze Coin, Thessalian League, 196 BC - 146 BC. 1944.100.17668","image_urls":["http://numismatics.org/collectionimages/19001949/1944/1944.100.17668.rev.width350.jpg"]},{"from":-196,"to":-146,"title":"Silver Coin, Thessalian League, 196 BC - 146 BC. 1944.100.17606","image_urls":["http://numismatics.org/collectionimages/19001949/1944/1944.100.17606.rev.width350.jpg"]},{"from":-196,"to":-146,"title":"Silver Coin, Thessalian League, 196 BC - 146 BC. 1944.100.17581","image_urls":["http://numismatics.org/collectionimages/19001949/1944/1944.100.17581.rev.width350.jpg"]},{"from":-196,"to":-146,"title":"Silver Coin, Thessalian League, 196 BC - 146 BC. 1944.100.17614","image_urls":["http://numismatics.org/collectionimages/19001949/1944/1944.100.17614.rev.width350.jpg"]},{"from":-196,"to":-146,"title":"Bronze Coin, Thessalian League, 196 BC - 146 BC. 1944.100.17670","image_urls":["http://numismatics.org/collectionimages/19001949/1944/1944.100.17670.rev.width350.jpg"]},{"from":-196,"to":-195,"title":"Silver 4 drachm (tetradrachm) of Alexander III, Aspendus, 196 BC - 195 BC. 1944.100.32296","image_urls":["http://numismatics.org/collectionimages/19001949/1944/1944.100.32296.rev.width350.jpg"]},{"from":-196,"to":-146,"title":"Bronze Coin, Thessalian League, 196 BC - 146 BC. 1944.100.17662","image_urls":["http://numismatics.org/collectionimages/19001949/1944/1944.100.17662.rev.width350.jpg"]},{"from":-196,"to":-146,"title":"Silver Coin, Thessalian League, 196 BC - 146 BC. 1967.46.26","image_urls":["http://numismatics.org/collectionimages/19501999/1967/1967.46.26.rev.width350.jpg"]},{"from":-196,"to":-146,"title":"Bronze Coin, Thessalian League, 196 BC - 146 BC. 0000.999.7550","image_urls":["http://numismatics.org/collectionimages/00001899/0000/0000.999.7550.rev.width350.jpg"]},{"from":-196,"to":-146,"title":"Bronze Coin, Thessalian League, 196 BC - 146 BC. 1944.100.17677","image_urls":["http://numismatics.org/collectionimages/19001949/1944/1944.100.17677.rev.width350.jpg"]},{"from":-196,"to":-146,"title":"Silver Coin, Thessalian League, 196 BC - 146 BC. 1944.100.17590","image_urls":["http://numismatics.org/collectionimages/19001949/1944/1944.100.17590.rev.width350.jpg"]},{"from":-196,"to":-146,"title":"Silver Coin, Thessalian League, 196 BC - 146 BC. 1944.100.17599","image_urls":["http://numismatics.org/collectionimages/19001949/1944/1944.100.17599.rev.width350.jpg"]},{"from":-196,"to":-146,"title":"Bronze Coin, Thessalian League, 196 BC - 146 BC. 1944.100.17698","image_urls":["http://numismatics.org/collectionimages/19001949/1944/1944.100.17698.rev.width350.jpg"]},{"from":-196,"to":-146,"title":"Silver Coin, Thessalian League, 196 BC - 146 BC. 1944.100.17557","image_urls":["http://numismatics.org/collectionimages/19001949/1944/1944.100.17557.rev.width350.jpg"]},{"from":-196,"to":-146,"title":"Silver Coin, Thessalian League, 196 BC - 146 BC. 1944.100.17618","image_urls":["http://numismatics.org/collectionimages/19001949/1944/1944.100.17618.rev.width350.jpg"]},{"from":-196,"to":-146,"title":"Silver Coin, Thessalian League, 196 BC - 146 BC. 1944.100.17612","image_urls":["http://numismatics.org/collectionimages/19001949/1944/1944.100.17612.rev.width350.jpg"]},{"from":-196,"to":-146,"title":"Silver Coin, Thessalian League, 196 BC - 146 BC. 1967.46.32","image_urls":["http://numismatics.org/collectionimages/19501999/1967/1967.46.32.rev.width350.jpg"]},{"from":-196,"to":-146,"title":"Bronze Coin, Thessalian League, 196 BC - 146 BC. 1944.100.17644","image_urls":["http://numismatics.org/collectionimages/19001949/1944/1944.100.17644.rev.width350.jpg"]},{"from":-196,"to":-146,"title":"Silver Coin, Thessalian League, 196 BC - 146 BC. 1951.116.10","image_urls":["http://numismatics.org/collectionimages/19501999/1951/1951.116.10.rev.width350.jpg"]},{"from":-196,"to":-146,"title":"Silver Coin, Thessalian League, 196 BC - 146 BC. 1944.100.17551","image_urls":["http://numismatics.org/collectionimages/19001949/1944/1944.100.17551.rev.width350.jpg"]},{"from":-196,"to":-146,"title":"Bronze Coin, Thessalian League, 196 BC - 146 BC. 1944.100.17659","image_urls":["http://numismatics.org/collectionimages/19001949/1944/1944.100.17659.rev.width350.jpg"]},{"from":-196,"to":-146,"title":"Silver Coin, Thessalian League, 196 BC - 146 BC. 1944.100.17572","image_urls":["http://numismatics.org/collectionimages/19001949/1944/1944.100.17572.rev.width350.jpg"]},{"from":-196,"to":-146,"title":"Bronze Coin, Thessalian League, 196 BC - 146 BC. 1944.100.17650","image_urls":["http://numismatics.org/collectionimages/19001949/1944/1944.100.17650.rev.width350.jpg"]},{"from":-196,"to":-146,"title":"Bronze Coin, Thessalian League, 196 BC - 146 BC. 1944.100.17671","image_urls":["http://numismatics.org/collectionimages/19001949/1944/1944.100.17671.rev.width350.jpg"]},{"from":-196,"to":-146,"title":"Bronze Coin, Thessalian League, 196 BC - 146 BC. 1944.100.17680","image_urls":["http://numismatics.org/collectionimages/19001949/1944/1944.100.17680.rev.width350.jpg"]},{"from":-196,"to":-146,"title":"Bronze Coin, Thessalian League, 196 BC - 146 BC. 1944.100.17674","image_urls":["http://numismatics.org/collectionimages/19001949/1944/1944.100.17674.rev.width350.jpg"]},{"from":-196,"to":-146,"title":"Bronze Coin, Thessalian League, 196 BC - 146 BC. 1944.100.17689","image_urls":["http://numismatics.org/collectionimages/19001949/1944/1944.100.17689.rev.width350.jpg"]},{"from":-196,"to":-146,"title":"Silver Coin, Thessalian League, 196 BC - 146 BC. 1944.100.17569","image_urls":["http://numismatics.org/collectionimages/19001949/1944/1944.100.17569.rev.width350.jpg"]},{"from":-196,"to":-146,"title":"Silver Coin, Thessalian League, 196 BC - 146 BC. 1944.100.17584","image_urls":["http://numismatics.org/collectionimages/19001949/1944/1944.100.17584.rev.width350.jpg"]},{"from":-196,"to":-146,"title":"Bronze Coin, Thessalian League, 196 BC - 146 BC. 1944.100.17656","image_urls":["http://numismatics.org/collectionimages/19001949/1944/1944.100.17656.rev.width350.jpg"]},{"from":-196,"to":-146,"title":"Bronze Coin, Thessalian League, 196 BC - 146 BC. 1944.100.17683","image_urls":["http://numismatics.org/collectionimages/19001949/1944/1944.100.17683.rev.width350.jpg"]},{"from":-196,"to":-146,"title":"Silver Coin, Thessalian League, 196 BC - 146 BC. 1944.100.17578","image_urls":["http://numismatics.org/collectionimages/19001949/1944/1944.100.17578.rev.width350.jpg"]},{"from":-196,"to":-146,"title":"Bronze Coin, Thessalian League, 196 BC - 146 BC. 1944.100.17641","image_urls":["http://numismatics.org/collectionimages/19001949/1944/1944.100.17641.rev.width350.jpg"]},{"from":-196,"to":-146,"title":"Silver Coin, Thessalian League, 196 BC - 146 BC. 1944.100.17563","image_urls":["http://numismatics.org/collectionimages/19001949/1944/1944.100.17563.rev.width350.jpg"]},{"from":-196,"to":-146,"title":"Silver Coin, Thessalian League, 196 BC - 146 BC. 1944.100.17573","image_urls":["http://numismatics.org/collectionimages/19001949/1944/1944.100.17573.rev.width350.jpg"]},{"from":-196,"to":-146,"title":"Silver Coin, Thessalian League, 196 BC - 146 BC. 1944.100.17567","image_urls":["http://numismatics.org/collectionimages/19001949/1944/1944.100.17567.rev.width350.jpg"]},{"from":-196,"to":-146,"title":"Bronze Coin, Thessalian League, 196 BC - 146 BC. 1944.100.17666","image_urls":["http://numismatics.org/collectionimages/19001949/1944/1944.100.17666.rev.width350.jpg"]},{"from":-196,"to":-146,"title":"Silver Coin, Thessalian League, 196 BC - 146 BC. 1944.100.17588","image_urls":["http://numismatics.org/collectionimages/19001949/1944/1944.100.17588.rev.width350.jpg"]},{"from":-196,"to":-146,"title":"Bronze Coin, Thessalian League, 196 BC - 146 BC. 1944.100.17639","image_urls":["http://numismatics.org/collectionimages/19001949/1944/1944.100.17639.rev.width350.jpg"]},{"from":-196,"to":-146,"title":"Bronze Coin, Thessalian League, 196 BC - 146 BC. 1944.100.17651","image_urls":["http://numismatics.org/collectionimages/19001949/1944/1944.100.17651.rev.width350.jpg"]},{"from":-196,"to":-146,"title":"Bronze Coin, Thessalian League, 196 BC - 146 BC. 1944.100.17654","image_urls":["http://numismatics.org/collectionimages/19001949/1944/1944.100.17654.rev.width350.jpg"]},{"from":-196,"to":-146,"title":"Silver Coin, Thessalian League, 196 BC - 146 BC. 1944.100.17561","image_urls":["http://numismatics.org/collectionimages/19001949/1944/1944.100.17561.rev.width350.jpg"]},{"from":-196,"to":-146,"title":"Silver Coin, Thessalian League, 196 BC - 146 BC. 1944.100.17576","image_urls":["http://numismatics.org/collectionimages/19001949/1944/1944.100.17576.rev.width350.jpg"]},{"from":-196,"to":-146,"title":"Bronze Coin, Thessalian League, 196 BC - 146 BC. 1944.100.17669","image_urls":["http://numismatics.org/collectionimages/19001949/1944/1944.100.17669.rev.width350.jpg"]},{"from":-196,"to":-146,"title":"Bronze Coin, Thessalian League, 196 BC - 146 BC. 1944.100.17633","image_urls":["http://numismatics.org/collectionimages/19001949/1944/1944.100.17633.rev.width350.jpg"]},{"from":-196,"to":-146,"title":"Bronze Coin, Thessalian League, 196 BC - 146 BC. 1944.100.17627","image_urls":["http://numismatics.org/collectionimages/19001949/1944/1944.100.17627.rev.width350.jpg"]},{"from":-196,"to":-146,"title":"Bronze Coin, Thessalian League, 196 BC - 146 BC. 1944.100.17660","image_urls":["http://numismatics.org/collectionimages/19001949/1944/1944.100.17660.rev.width350.jpg"]},{"from":-196,"to":-146,"title":"Bronze Coin, Thessalian League, 196 BC - 146 BC. 1944.100.17623","image_urls":["http://numismatics.org/collectionimages/19001949/1944/1944.100.17623.rev.width350.jpg"]},{"from":-196,"to":-146,"title":"Silver Coin, Thessalian League, 196 BC - 146 BC. 1967.46.29","image_urls":["http://numismatics.org/collectionimages/19501999/1967/1967.46.29.rev.width350.jpg"]},{"from":-196,"to":-146,"title":"Silver Coin, Thessalian League, 196 BC - 146 BC. 1944.100.17566","image_urls":["http://numismatics.org/collectionimages/19001949/1944/1944.100.17566.rev.width350.jpg"]},{"from":-196,"to":-146,"title":"Bronze Coin, Thessalian League, 196 BC - 146 BC. 1944.100.17626","image_urls":["http://numismatics.org/collectionimages/19001949/1944/1944.100.17626.rev.width350.jpg"]},{"from":-196,"to":-146,"title":"Silver Coin, Thessalian League, 196 BC - 146 BC. 1980.109.137","image_urls":["http://numismatics.org/collectionimages/19501999/1980/1980.109.137.rev.width350.jpg"]},{"from":-196,"to":-146,"title":"Bronze Coin, Thessalian League, 196 BC - 146 BC. 1944.100.17667","image_urls":["http://numismatics.org/collectionimages/19001949/1944/1944.100.17667.rev.width350.jpg"]},{"from":-196,"to":-146,"title":"Silver Coin, Thessalian League, 196 BC - 146 BC. 1944.100.17574","image_urls":["http://numismatics.org/collectionimages/19001949/1944/1944.100.17574.rev.width350.jpg"]},{"from":-196,"to":-146,"title":"Silver Coin, Thessalian League, 196 BC - 146 BC. 1944.100.17589","image_urls":["http://numismatics.org/collectionimages/19001949/1944/1944.100.17589.rev.width350.jpg"]},{"from":-196,"to":-146,"title":"Silver Coin, Thessalian League, 196 BC - 146 BC. 1944.100.17595","image_urls":["http://numismatics.org/collectionimages/19001949/1944/1944.100.17595.rev.width350.jpg"]},{"from":-196,"to":-146,"title":"Silver Coin, Thessalian League, 196 BC - 146 BC. 1944.100.17617","image_urls":["http://numismatics.org/collectionimages/19001949/1944/1944.100.17617.rev.width350.jpg"]},{"from":-196,"to":-146,"title":"Bronze Coin, Thessalian League, 196 BC - 146 BC. 1944.100.17679","image_urls":["http://numismatics.org/collectionimages/19001949/1944/1944.100.17679.rev.width350.jpg"]},{"from":-196,"to":-146,"title":"Silver Coin, Thessalian League, 196 BC - 146 BC. 1953.171.174","image_urls":["http://numismatics.org/collectionimages/19501999/1953/1953.171.174.rev.width350.jpg"]},{"from":-196,"to":-146,"title":"Bronze Coin, Thessalian League, 196 BC - 146 BC. 1944.100.17701","image_urls":["http://numismatics.org/collectionimages/19001949/1944/1944.100.17701.rev.width350.jpg"]},{"from":-196,"to":-146,"title":"Silver Coin, Thessalian League, 196 BC - 146 BC. 1944.100.17571","image_urls":["http://numismatics.org/collectionimages/19001949/1944/1944.100.17571.rev.width350.jpg"]},{"from":-196,"to":-146,"title":"Silver Coin, Thessalian League, 196 BC - 146 BC. 1944.100.17592","image_urls":["http://numismatics.org/collectionimages/19001949/1944/1944.100.17592.rev.width350.jpg"]},{"from":-196,"to":-146,"title":"Silver Coin, Thessalian League, 196 BC - 146 BC. 1946.89.26","image_urls":["http://numismatics.org/collectionimages/19001949/1946/1946.89.26.rev.width350.jpg"]},{"from":-196,"to":-146,"title":"Bronze Coin, Thessalian League, 196 BC - 146 BC. 1944.100.17673","image_urls":["http://numismatics.org/collectionimages/19001949/1944/1944.100.17673.rev.width350.jpg"]},{"from":-196,"to":-146,"title":"Silver Coin, Thessalian League, 196 BC - 146 BC. 1944.100.17553","image_urls":["http://numismatics.org/collectionimages/19001949/1944/1944.100.17553.rev.width350.jpg"]},{"from":-196,"to":-146,"title":"Silver Coin, Thessalian League, 196 BC - 146 BC. 1944.100.17568","image_urls":["http://numismatics.org/collectionimages/19001949/1944/1944.100.17568.rev.width350.jpg"]},{"from":-196,"to":-146,"title":"Bronze Coin, Thessalian League, 196 BC - 146 BC. 0000.999.7549","image_urls":["http://numismatics.org/collectionimages/00001899/0000/0000.999.7549.rev.width350.jpg"]},{"from":-196,"to":-146,"title":"Bronze Coin, Thessalian League, 196 BC - 146 BC. 1944.100.17640","image_urls":["http://numismatics.org/collectionimages/19001949/1944/1944.100.17640.rev.width350.jpg"]},{"from":-196,"to":-146,"title":"Silver Coin, Thessalian League, 196 BC - 146 BC. 1944.100.17562","image_urls":["http://numismatics.org/collectionimages/19001949/1944/1944.100.17562.rev.width350.jpg"]},{"from":-196,"to":-146,"title":"Silver Coin, Thessalian League, 196 BC - 146 BC. 1944.100.17556","image_urls":["http://numismatics.org/collectionimages/19001949/1944/1944.100.17556.rev.width350.jpg"]},{"from":-196,"to":-146,"title":"Bronze Coin, Thessalian League, 196 BC - 146 BC. 1944.100.17661","image_urls":["http://numismatics.org/collectionimages/19001949/1944/1944.100.17661.rev.width350.jpg"]},{"from":-196,"to":-146,"title":"Silver Coin, Thessalian League, 196 BC - 146 BC. 1944.100.17583","image_urls":["http://numismatics.org/collectionimages/19001949/1944/1944.100.17583.rev.width350.jpg"]},{"from":-196,"to":-146,"title":"Silver Coin, Thessalian League, 196 BC - 146 BC. 1944.100.17577","image_urls":["http://numismatics.org/collectionimages/19001949/1944/1944.100.17577.rev.width350.jpg"]},{"from":-196,"to":-146,"title":"Bronze Coin, Thessalian League, 196 BC - 146 BC. 1944.100.17655","image_urls":["http://numismatics.org/collectionimages/19001949/1944/1944.100.17655.rev.width350.jpg"]},{"from":-196,"to":-146,"title":"Bronze Coin, Thessalian League, 196 BC - 146 BC. 1944.100.17649","image_urls":["http://numismatics.org/collectionimages/19001949/1944/1944.100.17649.rev.width350.jpg"]},{"from":-196,"to":-146,"title":"Silver Coin, Thessalian League, 196 BC - 146 BC. 1934.999.417","image_urls":["http://numismatics.org/collectionimages/19001949/1934/1934.999.417.rev.width350.jpg"]},{"from":-196,"to":-146,"title":"Bronze Coin, Thessalian League, 196 BC - 146 BC. 1944.100.17676","image_urls":["http://numismatics.org/collectionimages/19001949/1944/1944.100.17676.rev.width350.jpg"]},{"from":-196,"to":-146,"title":"Silver Coin, Thessalian League, 196 BC - 146 BC. 1967.46.31","image_urls":["http://numismatics.org/collectionimages/19501999/1967/1967.46.31.rev.width350.jpg"]},{"from":-196,"to":-146,"title":"Bronze Coin, Thessalian League, 196 BC - 146 BC. 1944.100.17634","image_urls":["http://numismatics.org/collectionimages/19001949/1944/1944.100.17634.rev.width350.jpg"]},{"from":-196,"to":-146,"title":"Bronze Coin, Thessalian League, 196 BC - 146 BC. 1944.100.17682","image_urls":["http://numismatics.org/collectionimages/19001949/1944/1944.100.17682.rev.width350.jpg"]},{"from":-196,"to":-146,"title":"Bronze Coin, Thessalian League, 196 BC - 146 BC. 1944.100.17691","image_urls":["http://numismatics.org/collectionimages/19001949/1944/1944.100.17691.rev.width350.jpg"]},{"from":-196,"to":-146,"title":"Silver Coin, Thessalian League, 196 BC - 146 BC. 1944.100.17586","image_urls":["http://numismatics.org/collectionimages/19001949/1944/1944.100.17586.rev.width350.jpg"]},{"from":-196,"to":-146,"title":"Bronze Coin, Thessalian League, 196 BC - 146 BC. 1944.100.17685","image_urls":["http://numismatics.org/collectionimages/19001949/1944/1944.100.17685.rev.width350.jpg"]},{"from":-196,"to":-146,"title":"Silver Coin, Thessalian League, 196 BC - 146 BC. 1944.100.17602","image_urls":["http://numismatics.org/collectionimages/19001949/1944/1944.100.17602.rev.width350.jpg"]},{"from":-196,"to":-146,"title":"Bronze Coin, Thessalian League, 196 BC - 146 BC. 1944.100.17694","image_urls":["http://numismatics.org/collectionimages/19001949/1944/1944.100.17694.rev.width350.jpg"]},{"from":-196,"to":-146,"title":"Bronze Coin, Thessalian League, 196 BC - 146 BC. 1944.100.17688","image_urls":["http://numismatics.org/collectionimages/19001949/1944/1944.100.17688.rev.width350.jpg"]},{"from":-196,"to":-146,"title":"Bronze Coin, Thessalian League, 196 BC - 146 BC. 1944.100.17631","image_urls":["http://numismatics.org/collectionimages/19001949/1944/1944.100.17631.rev.width350.jpg"]},{"from":-196,"to":-146,"title":"Silver Coin, Thessalian League, 196 BC - 146 BC. 1944.100.17619","image_urls":["http://numismatics.org/collectionimages/19001949/1944/1944.100.17619.rev.width350.jpg"]},{"from":-196,"to":-146,"title":"Bronze Coin, Thessalian League, 196 BC - 146 BC. 1944.100.17628","image_urls":["http://numismatics.org/collectionimages/19001949/1944/1944.100.17628.rev.width350.jpg"]},{"from":-196,"to":-146,"title":"Silver Coin, Thessalian League, 196 BC - 146 BC. 1944.100.17600","image_urls":["http://numismatics.org/collectionimages/19001949/1944/1944.100.17600.rev.width350.jpg"]},{"from":-196,"to":-146,"title":"Silver Coin, Thessalian League, 196 BC - 146 BC. 1944.100.17558","image_urls":["http://numismatics.org/collectionimages/19001949/1944/1944.100.17558.rev.width350.jpg"]},{"from":-196,"to":-146,"title":"Bronze Coin, Thessalian League, 196 BC - 146 BC. 1944.100.17638","image_urls":["http://numismatics.org/collectionimages/19001949/1944/1944.100.17638.rev.width350.jpg"]},{"from":-196,"to":-146,"title":"Bronze Coin, Thessalian League, 196 BC - 146 BC. 1944.100.17665","image_urls":["http://numismatics.org/collectionimages/19001949/1944/1944.100.17665.rev.width350.jpg"]},{"from":-196,"to":-146,"title":"Bronze Coin, Thessalian League, 196 BC - 146 BC. 1944.100.17690","image_urls":["http://numismatics.org/collectionimages/19001949/1944/1944.100.17690.rev.width350.jpg"]},{"from":-196,"to":-146,"title":"Bronze Coin, Thessalian League, 196 BC - 146 BC. 1944.100.17652","image_urls":["http://numismatics.org/collectionimages/19001949/1944/1944.100.17652.rev.width350.jpg"]}]