[{"from":-197,"to":-190,"title":"Silver Tetradrachm of Chrysogonos, Alabanda, 197 BC - 190 BC. 1960.176.31","image_urls":["http://numismatics.org/collectionimages/19501999/1960/1960.176.31.rev.width350.jpg"]},{"from":-197,"to":-190,"title":"Silver drachm of Hermagoras, Alabanda, 197 BC - 190 BC. 1944.100.47633","image_urls":["http://numismatics.org/collectionimages/19001949/1944/1944.100.47633.rev.width350.jpg"]},{"from":-197,"to":-190,"title":"Silver Tetradrachm, Alabanda, 197 BC - 190 BC. 1952.101.18","image_urls":["http://numismatics.org/collectionimages/19501999/1952/1952.101.18.rev.width350.jpg"]},{"from":-197,"to":-146,"title":"Bronze Coin, Thessalian League, 197 BC - 146 BC. 1984.66.373","image_urls":["http://numismatics.org/collectionimages/19501999/1984/1984.66.373.rev.width350.jpg"]},{"from":-197,"to":-190,"title":"Silver Tetradrachm, Alabanda, 197 BC - 190 BC. 1956.134.8","image_urls":["http://numismatics.org/collectionimages/19501999/1956/1956.134.8.rev.width350.jpg"]},{"from":-197,"to":-190,"title":"Silver Tetradrachm, Alabanda, 197 BC - 190 BC. 1944.100.47631","image_urls":["http://numismatics.org/collectionimages/19001949/1944/1944.100.47631.rev.width350.jpg"]},{"from":-197,"to":-190,"title":"Silver drachm, Alabanda, 197 BC - 190 BC. 1944.100.47632","image_urls":["http://numismatics.org/collectionimages/19001949/1944/1944.100.47632.rev.width350.jpg"]}]