[{"from":-2,"to":14,"title":"Silver Denarius of Augustus, Lugdunum, 2 BC - AD 14. 1944.100.78841","image_urls":["http://numismatics.org/collectionimages/19001949/1944/1944.100.78841.rev.width350.jpg"]},{"from":-2,"to":4,"title":"Silver Drachm, Ecbatana, 2 BC - AD 4. 0000.999.52970","image_urls":["http://numismatics.org/collectionimages/00001899/0000/0000.999.52970.rev.width350.jpg"]},{"from":-2,"to":4,"title":"Silver Drachm, Ecbatana, 2 BC - AD 4. 1944.100.82979","image_urls":["http://numismatics.org/collectionimages/19001949/1944/1944.100.82979.rev.width350.jpg"]},{"from":-2,"to":4,"title":"Silver Drachm, Nisa Mithradatkart, 2 BC - AD 4. 1944.100.82886","image_urls":["http://numismatics.org/collectionimages/19001949/1944/1944.100.82886.rev.width350.jpg"]},{"from":-2,"to":4,"title":"RIC I (second edition) Augustus 210. 1944.100.39119","image_urls":["http://numismatics.org/collectionimages/19001949/1944/1944.100.39119.rev.width350.jpg"]},{"from":-2,"to":4,"title":"RIC I (second edition) Augustus 207. 1995.11.1642","image_urls":["http://numismatics.org/collectionimages/19501999/1995/1995.11.1642.rev.width350.jpg"]},{"from":-2,"to":4,"title":"RIC I (second edition) Augustus 210. 1985.140.23","image_urls":["http://numismatics.org/collectionimages/19501999/1985/1985.140.23.rev.width350.jpg"]},{"from":-2,"to":4,"title":"Bronze Coin, Ecbatana, 2 BC - AD 4. 1973.56.1671","image_urls":["http://numismatics.org/collectionimages/19501999/1973/1973.56.1671.rev.width350.jpg"]},{"from":-2,"to":4,"title":"Bronze Coin, Ecbatana, 2 BC - AD 4. 1944.100.82993","image_urls":["http://numismatics.org/collectionimages/19001949/1944/1944.100.82993.rev.width350.jpg"]},{"from":-2,"to":4,"title":"RIC I (second edition) Augustus 210. 1985.140.22","image_urls":["http://numismatics.org/collectionimages/19501999/1985/1985.140.22.rev.width350.jpg"]},{"from":-2,"to":4,"title":"RIC I (second edition) Augustus 206. 1948.19.1034","image_urls":["http://numismatics.org/collectionimages/19001949/1948/1948.19.1034.rev.width350.jpg"]},{"from":-2,"to":4,"title":"Bronze Coin, Ecbatana, 2 BC - AD 4. 1944.100.82988","image_urls":["http://numismatics.org/collectionimages/19001949/1944/1944.100.82988.rev.width350.jpg"]},{"from":-2,"to":-2,"title":"Silver Tetradrachm, Seleuceia ad Tigrim, 2 BC - 1 BC. 1944.100.82973","image_urls":["http://numismatics.org/collectionimages/19001949/1944/1944.100.82973.rev.width350.jpg"]},{"from":-2,"to":4,"title":"Bronze Coin, Ecbatana, 2 BC - AD 4. 1944.100.82982","image_urls":["http://numismatics.org/collectionimages/19001949/1944/1944.100.82982.rev.width350.jpg"]},{"from":-2,"to":4,"title":"Silver Drachm, Ecbatana, 2 BC - AD 4. 1944.100.82976","image_urls":["http://numismatics.org/collectionimages/19001949/1944/1944.100.82976.rev.width350.jpg"]},{"from":-2,"to":4,"title":"Bronze Coin, Ecbatana, 2 BC - AD 4. 1944.100.82991","image_urls":["http://numismatics.org/collectionimages/19001949/1944/1944.100.82991.rev.width350.jpg"]},{"from":-2,"to":-2,"title":"Silver Tetradrachm, Seleuceia ad Tigrim, 2 BC - 1 BC. 1944.100.82967","image_urls":["http://numismatics.org/collectionimages/19001949/1944/1944.100.82967.rev.width350.jpg"]},{"from":-2,"to":-2,"title":"Silver Tetradrachm, Seleuceia ad Tigrim, 2 BC - 1 BC. 1944.100.82969","image_urls":["http://numismatics.org/collectionimages/19001949/1944/1944.100.82969.rev.width350.jpg"]},{"from":-2,"to":4,"title":"RIC I (second edition) Augustus 207. 1954.203.149","image_urls":["http://numismatics.org/collectionimages/19501999/1954/1954.203.149.rev.width350.jpg"]},{"from":-2,"to":4,"title":"RIC I (second edition) Augustus 206. 1986.147.1","image_urls":["http://numismatics.org/collectionimages/19501999/1986/1986.147.1.rev.width350.jpg"]},{"from":-2,"to":4,"title":"Silver Drachm, Ecbatana, 2 BC - AD 4. 1977.158.794","image_urls":["http://numismatics.org/collectionimages/19501999/1977/1977.158.794.rev.width350.jpg"]},{"from":-2,"to":4,"title":"Silver Drachm, Ecbatana, 2 BC - AD 4. 1944.100.82975","image_urls":["http://numismatics.org/collectionimages/19001949/1944/1944.100.82975.rev.width350.jpg"]},{"from":-2,"to":4,"title":"Bronze Coin, Ecbatana, 2 BC - AD 4. 1944.100.82996","image_urls":["http://numismatics.org/collectionimages/19001949/1944/1944.100.82996.rev.width350.jpg"]},{"from":-2,"to":4,"title":"Silver Drachm, Ecbatana, 2 BC - AD 4. 1973.56.1651","image_urls":["http://numismatics.org/collectionimages/19501999/1973/1973.56.1651.rev.width350.jpg"]},{"from":-2,"to":4,"title":"Bronze Coin, Ecbatana, 2 BC - AD 4. 1944.100.82986","image_urls":["http://numismatics.org/collectionimages/19001949/1944/1944.100.82986.rev.width350.jpg"]},{"from":-2,"to":4,"title":"RIC I (second edition) Augustus 206. 1944.100.39118","image_urls":["http://numismatics.org/collectionimages/19001949/1944/1944.100.39118.rev.width350.jpg"]},{"from":-2,"to":4,"title":"Bronze Coin, Ecbatana, 2 BC - AD 4. 1944.100.82990","image_urls":["http://numismatics.org/collectionimages/19001949/1944/1944.100.82990.rev.width350.jpg"]},{"from":-2,"to":4,"title":"Silver Drachm, Nisa Mithradatkart, 2 BC - AD 4. 1944.100.82885","image_urls":["http://numismatics.org/collectionimages/19001949/1944/1944.100.82885.rev.width350.jpg"]},{"from":-2,"to":4,"title":"Silver Drachm, Ecbatana, 2 BC - AD 4. 1944.100.82978","image_urls":["http://numismatics.org/collectionimages/19001949/1944/1944.100.82978.rev.width350.jpg"]},{"from":-2,"to":4,"title":"Silver Drachm, Nisa Mithradatkart, 2 BC - AD 4. 1944.100.82888","image_urls":["http://numismatics.org/collectionimages/19001949/1944/1944.100.82888.rev.width350.jpg"]},{"from":-2,"to":4,"title":"Bronze Coin, Ecbatana, 2 BC - AD 4. 1944.100.82987","image_urls":["http://numismatics.org/collectionimages/19001949/1944/1944.100.82987.rev.width350.jpg"]},{"from":-2,"to":4,"title":"RIC I (second edition) Augustus 206. 1980.109.155","image_urls":["http://numismatics.org/collectionimages/19501999/1980/1980.109.155.rev.width350.jpg"]},{"from":-2,"to":-2,"title":"Silver Tetradrachm, Seleuceia ad Tigrim, 2 BC - 1 BC. 1944.100.82972","image_urls":["http://numismatics.org/collectionimages/19001949/1944/1944.100.82972.rev.width350.jpg"]},{"from":-2,"to":4,"title":"Bronze Coin, Ecbatana, 2 BC - AD 4. 1957.85.3","image_urls":["http://numismatics.org/collectionimages/19501999/1957/1957.85.3.rev.width350.jpg"]},{"from":-2,"to":4,"title":"Bronze Coin, Ecbatana, 2 BC - AD 4. 1944.100.82984","image_urls":["http://numismatics.org/collectionimages/19001949/1944/1944.100.82984.rev.width350.jpg"]},{"from":-2,"to":2,"title":"Bronze Coin, Nicaea Cilbianon, 2 BC - AD 2. 1974.140.106","image_urls":["http://numismatics.org/collectionimages/19501999/1974/1974.140.106.rev.width350.jpg"]},{"from":-2,"to":4,"title":"Bronze Coin, Ecbatana, 2 BC - AD 4. 1944.100.82994","image_urls":["http://numismatics.org/collectionimages/19001949/1944/1944.100.82994.rev.width350.jpg"]},{"from":-2,"to":4,"title":"RIC I (second edition) Augustus 207. 0000.999.16780","image_urls":["http://numismatics.org/collectionimages/00001899/0000/0000.999.16780.rev.width350.jpg"]},{"from":-2,"to":4,"title":"RIC I (second edition) Augustus 207. 1916.106.20","image_urls":["http://numismatics.org/collectionimages/19001949/1916/1916.106.20.rev.width350.jpg"]},{"from":-2,"to":4,"title":"Bronze Coin, Ecbatana, 2 BC - AD 4. 1944.100.82989","image_urls":["http://numismatics.org/collectionimages/19001949/1944/1944.100.82989.rev.width350.jpg"]},{"from":-2,"to":4,"title":"RIC I (second edition) Augustus 207. 1941.131.678","image_urls":["http://numismatics.org/collectionimages/19001949/1941/1941.131.678.rev.width350.jpg"]},{"from":-2,"to":4,"title":"Silver Drachm, Ecbatana, 2 BC - AD 4. 1944.100.82980","image_urls":["http://numismatics.org/collectionimages/19001949/1944/1944.100.82980.rev.width350.jpg"]},{"from":-2,"to":-2,"title":"Silver Tetradrachm, Seleuceia ad Tigrim, 2 BC - 1 BC. 1944.100.82974","image_urls":["http://numismatics.org/collectionimages/19001949/1944/1944.100.82974.rev.width350.jpg"]},{"from":-2,"to":-2,"title":"Silver Tetradrachm, Seleuceia ad Tigrim, 2 BC - 1 BC. 1944.100.82968","image_urls":["http://numismatics.org/collectionimages/19001949/1944/1944.100.82968.rev.width350.jpg"]},{"from":-2,"to":4,"title":"Bronze Coin, Ecbatana, 2 BC - AD 4. 1944.100.82995","image_urls":["http://numismatics.org/collectionimages/19001949/1944/1944.100.82995.rev.width350.jpg"]},{"from":-2,"to":4,"title":"RIC I (second edition) Augustus 207. 1935.117.354","image_urls":["http://numismatics.org/collectionimages/19001949/1935/1935.117.354.rev.width350.jpg"]},{"from":-2,"to":4,"title":"Bronze Coin, Ecbatana, 2 BC - AD 4. 1944.100.82983","image_urls":["http://numismatics.org/collectionimages/19001949/1944/1944.100.82983.rev.width350.jpg"]},{"from":-2,"to":4,"title":"Silver Drachm, Ecbatana, 2 BC - AD 4. 1944.100.82977","image_urls":["http://numismatics.org/collectionimages/19001949/1944/1944.100.82977.rev.width350.jpg"]},{"from":-2,"to":4,"title":"Silver Drachm, Nisa Mithradatkart, 2 BC - AD 4. 1944.100.82887","image_urls":["http://numismatics.org/collectionimages/19001949/1944/1944.100.82887.rev.width350.jpg"]},{"from":-2,"to":4,"title":"RIC I (second edition) Augustus 207. 1974.999.35","image_urls":["http://numismatics.org/collectionimages/19501999/1974/1974.999.35.rev.width350.jpg"]},{"from":-2,"to":4,"title":"RIC I (second edition) Augustus 207. 1950.70.3","image_urls":["http://numismatics.org/collectionimages/19501999/1950/1950.70.3.rev.width350.jpg"]},{"from":-2,"to":-2,"title":"Silver Tetradrachm, Seleuceia ad Tigrim, 2 BC - 1 BC. 1944.100.82970","image_urls":["http://numismatics.org/collectionimages/19001949/1944/1944.100.82970.rev.width350.jpg"]},{"from":-2,"to":4,"title":"Bronze Coin, Ecbatana, 2 BC - AD 4. 1944.100.82985","image_urls":["http://numismatics.org/collectionimages/19001949/1944/1944.100.82985.rev.width350.jpg"]}]