[{"from":-20,"to":-20,"title":"ESS-D70CB8: A coin issued by Augustus","image_urls":["https://finds.org.uk/images/lmclean/1c%20ESS-D70CB8a.jpg"]},{"from":-20,"to":-20,"title":"PUBLIC-02B87C: A coin issued by Augustus","image_urls":["https://finds.org.uk/images/rogerthomas/02B87C.jpg"]},{"from":-20,"to":-20,"title":"LEIC-FE4354: A coin issued by Augustus","image_urls":["https://finds.org.uk/images/teeosw/LEICFE4354.jpg"]},{"from":-20,"to":-19,"title":"RIC I (second edition) Augustus 51. 1937.158.406","image_urls":["http://numismatics.org/collectionimages/19001949/1937/1937.158.406.rev.width350.jpg"]},{"from":-20,"to":-10,"title":"RIC I (second edition) Augustus 155. 1944.100.68863","image_urls":["http://numismatics.org/collectionimages/19001949/1944/1944.100.68863.rev.width350.jpg"]},{"from":-20,"to":-10,"title":"RIC I (second edition) Augustus 155. 1937.158.563","image_urls":["http://numismatics.org/collectionimages/19001949/1937/1937.158.563.rev.width350.jpg"]},{"from":-20,"to":-19,"title":"RIC I (second edition) Augustus 56B. 1944.100.39050","image_urls":["http://numismatics.org/collectionimages/19001949/1944/1944.100.39050.rev.width350.jpg"]},{"from":-20,"to":-10,"title":"RIC I (second edition) Augustus 155. 1953.171.1586","image_urls":["http://numismatics.org/collectionimages/19501999/1953/1953.171.1586.rev.width350.jpg"]},{"from":-20,"to":-19,"title":"RIC I (second edition) Augustus 42A. 1937.158.423","image_urls":["http://numismatics.org/collectionimages/19001949/1937/1937.158.423.rev.width350.jpg"]},{"from":-20,"to":-10,"title":"RIC I (second edition) Augustus 155. 1944.100.68865","image_urls":["http://numismatics.org/collectionimages/19001949/1944/1944.100.68865.rev.width350.jpg"]},{"from":-20,"to":-19,"title":"RIC I (second edition) Augustus 42A. 1944.100.39037","image_urls":["http://numismatics.org/collectionimages/19001949/1944/1944.100.39037.rev.width350.jpg"]},{"from":-20,"to":-10,"title":"RIC I (second edition) Augustus 155. 1944.100.68871","image_urls":["http://numismatics.org/collectionimages/19001949/1944/1944.100.68871.rev.width350.jpg"]},{"from":-20,"to":-19,"title":"RIC I (second edition) Augustus 51. 1944.100.39046","image_urls":["http://numismatics.org/collectionimages/19001949/1944/1944.100.39046.rev.width350.jpg"]},{"from":-20,"to":-19,"title":"RIC I (second edition) Augustus 54A. 1944.100.39049","image_urls":["http://numismatics.org/collectionimages/19001949/1944/1944.100.39049.rev.width350.jpg"]},{"from":-20,"to":-10,"title":"RIC I (second edition) Augustus 155. 1944.100.68868","image_urls":["http://numismatics.org/collectionimages/19001949/1944/1944.100.68868.rev.width350.jpg"]},{"from":-20,"to":-19,"title":"RIC I (second edition) Augustus 51. 1937.158.405","image_urls":["http://numismatics.org/collectionimages/19001949/1937/1937.158.405.rev.width350.jpg"]},{"from":-20,"to":-10,"title":"RIC I (second edition) Augustus 155. 1908.89.2","image_urls":["http://numismatics.org/collectionimages/19001949/1908/1908.89.2.rev.width350.jpg"]},{"from":-20,"to":-10,"title":"RIC I (second edition) Augustus 155. 1953.171.1590","image_urls":["http://numismatics.org/collectionimages/19501999/1953/1953.171.1590.rev.width350.jpg"]},{"from":-20,"to":-19,"title":"RIC I (second edition) Augustus 54A. 1937.158.409","image_urls":["http://numismatics.org/collectionimages/19001949/1937/1937.158.409.rev.width350.jpg"]},{"from":-20,"to":-19,"title":"RIC I (second edition) Augustus 51. 1944.100.39045","image_urls":["http://numismatics.org/collectionimages/19001949/1944/1944.100.39045.rev.width350.jpg"]},{"from":-20,"to":-19,"title":"RIC I (second edition) Augustus 53A. 1944.100.39048","image_urls":["http://numismatics.org/collectionimages/19001949/1944/1944.100.39048.rev.width350.jpg"]}]