[{"from":-200,"to":-100,"title":"Bronze 1/2 obol (hemiobol), Thuria, 200 BC - 100 BC. 2006.31.2","image_urls":["http://numismatics.org/collectionimages/20002049/2006/2006.31.2.rev.width350.jpg"]},{"from":-200,"to":-180,"title":"Silver 2 drachm (didrachm), Paros, 200 BC - 180 BC. 1972.184.1","image_urls":["http://numismatics.org/collectionimages/19501999/1972/1972.184.1.rev.width350.jpg"]},{"from":-200,"to":-180,"title":"Silver drachm, Naxos, 200 BC - 180 BC. 1972.82.3","image_urls":["http://numismatics.org/collectionimages/19501999/1972/1972.82.3.rev.width350.jpg"]},{"from":-200,"to":-180,"title":"Silver 4 drachm (tetradrachm), Paros, 200 BC - 180 BC. 1967.152.285","image_urls":["http://numismatics.org/collectionimages/19501999/1967/1967.152.285.rev.width350.jpg"]},{"from":-200,"to":-180,"title":"Silver 2 drachm (didrachm), Paros, 200 BC - 180 BC. 1944.100.27940","image_urls":["http://numismatics.org/collectionimages/19001949/1944/1944.100.27940.rev.width350.jpg"]},{"from":-200,"to":-67,"title":"Bronze Coin, Larissa Phriconis, 200 BC - 67 BC. 2008.2.22","image_urls":["http://numismatics.org/collectionimages/20002049/2008/2008.2.22.rev.width350.jpg"]},{"from":-200,"to":-180,"title":"Silver drachm, Paros, 200 BC - 180 BC. 1968.57.38","image_urls":["http://numismatics.org/collectionimages/19501999/1968/1968.57.38.rev.width350.jpg"]},{"from":-200,"to":-100,"title":"Bronze Coin, Callatis, 200 BC - 100 BC. 1957.52.149","image_urls":["http://numismatics.org/collectionimages/19501999/1957/1957.52.149.rev.width350.jpg"]},{"from":-200,"to":-180,"title":"Silver 4 drachm (tetradrachm), Paros, 200 BC - 180 BC. 1958.146.1","image_urls":["http://numismatics.org/collectionimages/19501999/1958/1958.146.1.rev.width350.jpg"]},{"from":-200,"to":-180,"title":"Silver 2 drachm (didrachm), Paros, 200 BC - 180 BC. 1944.100.27938","image_urls":["http://numismatics.org/collectionimages/19001949/1944/1944.100.27938.rev.width350.jpg"]},{"from":-200,"to":-180,"title":"Silver drachm of Nikos, Naxos, 200 BC - 180 BC. 1972.82.2","image_urls":["http://numismatics.org/collectionimages/19501999/1972/1972.82.2.rev.width350.jpg"]},{"from":-200,"to":-150,"title":"Bronze Uncertain, Tralles, 200 BC - 150 BC. 2008.37.1","image_urls":["http://numismatics.org/collectionimages/20002049/2008/2008.37.1.rev.width350.jpg"]},{"from":-200,"to":-180,"title":"Bronze uncertain, Tenos, 200 BC - 180 BC. 1953.171.276","image_urls":["http://numismatics.org/collectionimages/19501999/1953/1953.171.276.rev.width350.jpg"]},{"from":-200,"to":-180,"title":"Bronze uncertain, Tenos, 200 BC - 180 BC. 1944.100.27983","image_urls":["http://numismatics.org/collectionimages/19001949/1944/1944.100.27983.rev.width350.jpg"]},{"from":-200,"to":-100,"title":"Bronze uncertain, Naxos, 200 BC - 100 BC. 1974.26.431","image_urls":["http://numismatics.org/collectionimages/19501999/1974/1974.26.431.rev.width350.jpg"]},{"from":-200,"to":-180,"title":"Silver drachm, Paros, 200 BC - 180 BC. 1944.100.27942","image_urls":["http://numismatics.org/collectionimages/19001949/1944/1944.100.27942.rev.width350.jpg"]},{"from":-200,"to":-180,"title":"Silver drachm, Paros, 200 BC - 180 BC. 1968.110.1","image_urls":["http://numismatics.org/collectionimages/19501999/1968/1968.110.1.rev.width350.jpg"]},{"from":-200,"to":-180,"title":"Silver 2 drachm (didrachm), Paros, 200 BC - 180 BC. 1944.100.83620","image_urls":["http://numismatics.org/collectionimages/19001949/1944/1944.100.83620.rev.width350.jpg"]},{"from":-200,"to":-180,"title":"Silver drachm, Leucas, 200 BC - 180 BC. 2008.10.6","image_urls":["http://numismatics.org/collectionimages/20002049/2008/2008.10.6.rev.width350.jpg"]},{"from":-200,"to":-180,"title":"Silver 2 obol (diobol), Paros, 200 BC - 180 BC. 1944.100.27932","image_urls":["http://numismatics.org/collectionimages/19001949/1944/1944.100.27932.rev.width350.jpg"]},{"from":-200,"to":-150,"title":"Bronze Coin, Adramyteum, 200 BC - 150 BC. 1944.100.42405","image_urls":["http://numismatics.org/collectionimages/19001949/1944/1944.100.42405.rev.width350.jpg"]},{"from":-200,"to":-180,"title":"Silver 4 drachm (tetradrachm), Paros, 200 BC - 180 BC. 1972.184.2","image_urls":["http://numismatics.org/collectionimages/19501999/1972/1972.184.2.rev.width350.jpg"]},{"from":-200,"to":-67,"title":"Silver 4 drachm (tetradrachm), Cnossus, 200 BC - 67 BC. 1991.60.36","image_urls":["http://numismatics.org/collectionimages/19501999/1991/1991.60.36.rev.width350.jpg"]},{"from":-200,"to":-180,"title":"Silver 2 drachm (didrachm), Paros, 200 BC - 180 BC. 1944.100.27941","image_urls":["http://numismatics.org/collectionimages/19001949/1944/1944.100.27941.rev.width350.jpg"]},{"from":-200,"to":-180,"title":"Silver 4 drachm (tetradrachm) of Alexander III, Halicarnassus, 200 BC - 180 BC. 1985.96.1","image_urls":["http://numismatics.org/collectionimages/19501999/1985/1985.96.1.rev.width350.jpg"]},{"from":-200,"to":-180,"title":"Silver 4 drachm (tetradrachm), Paros, 200 BC - 180 BC. 1944.100.27937","image_urls":["http://numismatics.org/collectionimages/19001949/1944/1944.100.27937.rev.width350.jpg"]}]