[{"from":-201,"to":42,"title":"SF-AC2416: A coin issued by Republic","image_urls":["https://finds.org.uk/images/abrown/LYM_SF-AC2416.jpg"]},{"from":-201,"to":42,"title":"SF-AC19D4: A coin issued by Republic","image_urls":["https://finds.org.uk/images/abrown/LYM_SF-AC19D4.jpg"]},{"from":-201,"to":42,"title":"SF-AC2FF8: A coin issued by Republic","image_urls":["https://finds.org.uk/images/abrown/LYM_SF-AC2FF8.jpg"]},{"from":-201,"to":-101,"title":"SUR-E38C33: A coin issued by Republic","image_urls":["https://finds.org.uk/images/dwilliams/10.1050.JPG"]},{"from":-201,"to":-190,"title":"Silver 4 drachm (tetradrachm) of Alexander III, Rhodes, 201 BC - 190 BC. 1980.109.43","image_urls":["http://numismatics.org/collectionimages/19501999/1980/1980.109.43.rev.width350.jpg"]},{"from":-201,"to":-190,"title":"Silver 4 drachm (tetradrachm) of Alexander III, Rhodes, 201 BC - 190 BC. 1947.98.216","image_urls":["http://numismatics.org/collectionimages/19001949/1947/1947.98.216.rev.width350.jpg"]},{"from":-201,"to":-190,"title":"Silver 4 drachm (tetradrachm) of Alexander III, Rhodes, 201 BC - 190 BC. 1944.100.32251","image_urls":["http://numismatics.org/collectionimages/19001949/1944/1944.100.32251.rev.width350.jpg"]}]