[{"from":-205,"to":-203,"title":"Silver Tetradrachm, Seleuceia ad Tigrim, 205 BC - 203 BC. 1967.152.99","image_urls":["http://numismatics.org/collectionimages/19501999/1967/1967.152.99.rev.width350.jpg"]},{"from":-205,"to":-188,"title":"Silver Tetradrachm, Side, 205 BC - 188 BC. 1944.100.50924","image_urls":["http://numismatics.org/collectionimages/19001949/1944/1944.100.50924.rev.width350.jpg"]},{"from":-205,"to":-188,"title":"Silver Tetradrachm, Side, 205 BC - 188 BC. 1984.5.106","image_urls":["http://numismatics.org/collectionimages/19501999/1984/1984.5.106.rev.width350.jpg"]},{"from":-205,"to":-180,"title":"Silver Tetradrachm, Phoenice, 205 BC - 180 BC. 1944.100.77332","image_urls":["http://numismatics.org/collectionimages/19001949/1944/1944.100.77332.rev.width350.jpg"]},{"from":-205,"to":-180,"title":"Gold Coin, Alexandreia, 205 BC - 180 BC. 1955.190.36","image_urls":["http://numismatics.org/collectionimages/19501999/1955/1955.190.36.rev.width350.jpg"]},{"from":-205,"to":-180,"title":"Gold octadrachm, Alexandreia, 205 BC - 180 BC. 1974.26.5591","image_urls":["http://numismatics.org/collectionimages/19501999/1974/1974.26.5591.rev.width350.jpg"]},{"from":-205,"to":-180,"title":"Silver tetradrachm, Paphos, 205 BC - 180 BC. 0000.999.48296","image_urls":["http://numismatics.org/collectionimages/00001899/0000/0000.999.48296.rev.width350.jpg"]},{"from":-205,"to":-180,"title":"Silver tetradrachm, Paphos, 205 BC - 180 BC. 1944.100.78684","image_urls":["http://numismatics.org/collectionimages/19001949/1944/1944.100.78684.rev.width350.jpg"]},{"from":-205,"to":-180,"title":"Silver tetradrachm, Salamis, 205 BC - 180 BC. 1944.100.78687","image_urls":["http://numismatics.org/collectionimages/19001949/1944/1944.100.78687.rev.width350.jpg"]},{"from":-205,"to":-188,"title":"Silver Tetradrachm, Side, 205 BC - 188 BC. 1944.100.50929","image_urls":["http://numismatics.org/collectionimages/19001949/1944/1944.100.50929.rev.width350.jpg"]},{"from":-205,"to":-180,"title":"Silver Tetradrachm, Phoenice, 205 BC - 180 BC. 1967.152.655","image_urls":["http://numismatics.org/collectionimages/19501999/1967/1967.152.655.rev.width350.jpg"]},{"from":-205,"to":-188,"title":"Silver Tetradrachm, Side, 205 BC - 188 BC. 1944.100.50910","image_urls":["http://numismatics.org/collectionimages/19001949/1944/1944.100.50910.rev.width350.jpg"]},{"from":-205,"to":-188,"title":"Silver Tetradrachm, Side, 205 BC - 188 BC. 1944.100.50925","image_urls":["http://numismatics.org/collectionimages/19001949/1944/1944.100.50925.rev.width350.jpg"]},{"from":-205,"to":-180,"title":"Silver octadrachm, Alexandreia, 205 BC - 180 BC. 1968.82.3","image_urls":["http://numismatics.org/collectionimages/19501999/1968/1968.82.3.rev.width350.jpg"]},{"from":-205,"to":-180,"title":"Silver tetradrachm, Tripolis, 205 BC - 180 BC. 1944.100.78692","image_urls":["http://numismatics.org/collectionimages/19001949/1944/1944.100.78692.rev.width350.jpg"]},{"from":-205,"to":-188,"title":"Silver Tetradrachm, Side, 205 BC - 188 BC. 1944.100.50928","image_urls":["http://numismatics.org/collectionimages/19001949/1944/1944.100.50928.rev.width350.jpg"]},{"from":-205,"to":-188,"title":"Silver Tetradrachm, Side, 205 BC - 188 BC. 1944.100.50917","image_urls":["http://numismatics.org/collectionimages/19001949/1944/1944.100.50917.rev.width350.jpg"]},{"from":-205,"to":-180,"title":"Bronze Coin, Alexandreia, 205 BC - 180 BC. 1944.100.78654","image_urls":["http://numismatics.org/collectionimages/19001949/1944/1944.100.78654.rev.width350.jpg"]},{"from":-205,"to":-180,"title":"Silver Tetradrachm, Phoenice, 205 BC - 180 BC. 1948.19.2423","image_urls":["http://numismatics.org/collectionimages/19001949/1948/1948.19.2423.rev.width350.jpg"]},{"from":-205,"to":-180,"title":"Silver tetradrachm, Berytus, 205 BC - 180 BC. 1944.100.78691","image_urls":["http://numismatics.org/collectionimages/19001949/1944/1944.100.78691.rev.width350.jpg"]},{"from":-205,"to":-180,"title":"Silver tetradrachm, Salamis, 205 BC - 180 BC. 1944.100.78688","image_urls":["http://numismatics.org/collectionimages/19001949/1944/1944.100.78688.rev.width350.jpg"]},{"from":-205,"to":-180,"title":"Silver Tetradrachm, Phoenice, 205 BC - 180 BC. 1944.100.77333","image_urls":["http://numismatics.org/collectionimages/19001949/1944/1944.100.77333.rev.width350.jpg"]},{"from":-205,"to":-188,"title":"Silver Tetradrachm, Side, 205 BC - 188 BC. 1944.100.50927","image_urls":["http://numismatics.org/collectionimages/19001949/1944/1944.100.50927.rev.width350.jpg"]},{"from":-205,"to":-188,"title":"Silver Tetradrachm, Side, 205 BC - 188 BC. 1944.100.50920","image_urls":["http://numismatics.org/collectionimages/19001949/1944/1944.100.50920.rev.width350.jpg"]},{"from":-205,"to":-188,"title":"Silver Tetradrachm, Side, 205 BC - 188 BC. 1984.5.102","image_urls":["http://numismatics.org/collectionimages/19501999/1984/1984.5.102.rev.width350.jpg"]}]