[{"from":-206,"to":-195,"title":"RRC 115/1. 1947.2.1279","image_urls":["http://numismatics.org/collectionimages/19001949/1947/1947.2.1279.rev.width350.jpg"]},{"from":-206,"to":-195,"title":"RRC 120/3. 1976.102.9","image_urls":["http://numismatics.org/collectionimages/19501999/1976/1976.102.9.rev.width350.jpg"]},{"from":-206,"to":-200,"title":"Silver Denarius of Anonymous, Rome, 206 BC - 200 BC. 2002.46.75","image_urls":["http://numismatics.org/collectionimages/20002049/2002/2002.46.75.rev.width350.jpg"]},{"from":-206,"to":-195,"title":"RRC 122/2. 1944.100.222","image_urls":["http://numismatics.org/collectionimages/19001949/1944/1944.100.222.rev.width350.jpg"]},{"from":-206,"to":-195,"title":"RRC 116/1b. 1968.116.2","image_urls":["http://numismatics.org/collectionimages/19501999/1968/1968.116.2.rev.width350.jpg"]},{"from":-206,"to":-195,"title":"RRC 115/1. 1999.14.4","image_urls":["http://numismatics.org/collectionimages/19501999/1999/1999.14.4.rev.width350.jpg"]},{"from":-206,"to":-195,"title":"RRC 119/4. 2011.79.43","image_urls":["http://numismatics.org/collectionimages/20002049/2011/2011.79.43.rev.width350.jpg"]},{"from":-206,"to":-195,"title":"RRC 114/2. 1998.133.6","image_urls":["http://numismatics.org/collectionimages/19501999/1998/1998.133.6.rev.width350.jpg"]},{"from":-206,"to":-195,"title":"RRC 117A/1. 1944.100.218","image_urls":["http://numismatics.org/collectionimages/19001949/1944/1944.100.218.rev.width350.jpg"]},{"from":-206,"to":-195,"title":"RRC 115/1. 1991.7.1","image_urls":["http://numismatics.org/collectionimages/19501999/1991/1991.7.1.rev.width350.jpg"]},{"from":-206,"to":-195,"title":"RRC 112/2a. 1990.34.3","image_urls":["http://numismatics.org/collectionimages/19501999/1990/1990.34.3.rev.width350.jpg"]},{"from":-206,"to":-195,"title":"RRC 124/3. 1986.161.85","image_urls":["http://numismatics.org/collectionimages/19501999/1986/1986.161.85.rev.width350.jpg"]},{"from":-206,"to":-195,"title":"RRC 113/3. 1998.108.2","image_urls":["http://numismatics.org/collectionimages/19501999/1998/1998.108.2.rev.width350.jpg"]},{"from":-206,"to":-195,"title":"RRC 113/1. 1987.115.2","image_urls":["http://numismatics.org/collectionimages/19501999/1987/1987.115.2.rev.width350.jpg"]},{"from":-206,"to":-195,"title":"RRC 113/1. 1947.2.1","image_urls":["http://numismatics.org/collectionimages/19001949/1947/1947.2.1.rev.width350.jpg"]},{"from":-206,"to":-195,"title":"RRC 117A/1. 1990.34.2","image_urls":["http://numismatics.org/collectionimages/19501999/1990/1990.34.2.rev.width350.jpg"]},{"from":-206,"to":-195,"title":"RRC 113/2. 1986.161.84","image_urls":["http://numismatics.org/collectionimages/19501999/1986/1986.161.84.rev.width350.jpg"]},{"from":-206,"to":-195,"title":"RRC 122/5. 1995.11.1839","image_urls":["http://numismatics.org/collectionimages/19501999/1995/1995.11.1839.rev.width350.jpg"]},{"from":-206,"to":-195,"title":"RRC 117B/1. 1976.102.8","image_urls":["http://numismatics.org/collectionimages/19501999/1976/1976.102.8.rev.width350.jpg"]},{"from":-206,"to":-195,"title":"RRC 121/6. 1998.85.6","image_urls":["http://numismatics.org/collectionimages/19501999/1998/1998.85.6.rev.width350.jpg"]},{"from":-206,"to":-195,"title":"RRC 117A/1. 1987.115.10","image_urls":["http://numismatics.org/collectionimages/19501999/1987/1987.115.10.rev.width350.jpg"]},{"from":-206,"to":-195,"title":"RRC 121/1. 1968.116.6","image_urls":["http://numismatics.org/collectionimages/19501999/1968/1968.116.6.rev.width350.jpg"]},{"from":-206,"to":-195,"title":"RRC 112/6a. 1944.100.212","image_urls":["http://numismatics.org/collectionimages/19001949/1944/1944.100.212.rev.width350.jpg"]},{"from":-206,"to":-195,"title":"RRC 119/3. 1933.49.74","image_urls":["http://numismatics.org/collectionimages/19001949/1933/1933.49.74.rev.width350.jpg"]},{"from":-206,"to":-195,"title":"RRC 113/1. 1990.34.1","image_urls":["http://numismatics.org/collectionimages/19501999/1990/1990.34.1.rev.width350.jpg"]},{"from":-206,"to":-195,"title":"RRC 119/1. 1944.100.220","image_urls":["http://numismatics.org/collectionimages/19001949/1944/1944.100.220.rev.width350.jpg"]},{"from":-206,"to":-195,"title":"RRC 112/4. 1977.259.1","image_urls":["http://numismatics.org/collectionimages/19501999/1977/1977.259.1.rev.width350.jpg"]},{"from":-206,"to":-195,"title":"RRC 116/1b. 1944.100.217","image_urls":["http://numismatics.org/collectionimages/19001949/1944/1944.100.217.rev.width350.jpg"]},{"from":-206,"to":-195,"title":"RRC 120/1. 1988.82.15","image_urls":["http://numismatics.org/collectionimages/19501999/1988/1988.82.15.rev.width350.jpg"]},{"from":-206,"to":-195,"title":"RRC 122/3. 1976.102.10","image_urls":["http://numismatics.org/collectionimages/19501999/1976/1976.102.10.rev.width350.jpg"]},{"from":-206,"to":-195,"title":"RRC 112/2a. 1977.216.2","image_urls":["http://numismatics.org/collectionimages/19501999/1977/1977.216.2.rev.width350.jpg"]},{"from":-206,"to":-195,"title":"RRC 119/2. 1944.100.221","image_urls":["http://numismatics.org/collectionimages/19001949/1944/1944.100.221.rev.width350.jpg"]},{"from":-206,"to":-195,"title":"RRC 119/5. 1998.133.31","image_urls":["http://numismatics.org/collectionimages/19501999/1998/1998.133.31.rev.width350.jpg"]},{"from":-206,"to":-195,"title":"RRC 122/7. 1998.133.19","image_urls":["http://numismatics.org/collectionimages/19501999/1998/1998.133.19.rev.width350.jpg"]},{"from":-206,"to":-195,"title":"RRC 118/3. 1998.108.1","image_urls":["http://numismatics.org/collectionimages/19501999/1998/1998.108.1.rev.width350.jpg"]},{"from":-206,"to":-195,"title":"Bronze quadrans, Rome, 206 BC - 195 BC. 2011.77.27","image_urls":["http://numismatics.org/collectionimages/20002049/2011/2011.77.27.rev.width350.jpg"]},{"from":-206,"to":-195,"title":"RRC 114/1. 1944.100.215","image_urls":["http://numismatics.org/collectionimages/19001949/1944/1944.100.215.rev.width350.jpg"]},{"from":-206,"to":-195,"title":"RRC 121/1. 1988.82.19","image_urls":["http://numismatics.org/collectionimages/19501999/1988/1988.82.19.rev.width350.jpg"]},{"from":-206,"to":-195,"title":"RRC 117B/1. 1944.100.219","image_urls":["http://numismatics.org/collectionimages/19001949/1944/1944.100.219.rev.width350.jpg"]},{"from":-206,"to":-195,"title":"RRC 121/1. 1944.100.79317","image_urls":["http://numismatics.org/collectionimages/19001949/1944/1944.100.79317.rev.width350.jpg"]},{"from":-206,"to":-195,"title":"RRC 112/1. 1988.82.28","image_urls":["http://numismatics.org/collectionimages/19501999/1988/1988.82.28.rev.width350.jpg"]},{"from":-206,"to":-195,"title":"RRC 122/3. 1995.11.1863","image_urls":["http://numismatics.org/collectionimages/19501999/1995/1995.11.1863.rev.width350.jpg"]},{"from":-206,"to":-195,"title":"RRC 124/1. 1987.35.3","image_urls":["http://numismatics.org/collectionimages/19501999/1987/1987.35.3.rev.width350.jpg"]},{"from":-206,"to":-195,"title":"RRC 116/1a. 1965.178.1","image_urls":["http://numismatics.org/collectionimages/19501999/1965/1965.178.1.rev.width350.jpg"]},{"from":-206,"to":-195,"title":"RRC 112/2a. 1987.115.1","image_urls":["http://numismatics.org/collectionimages/19501999/1987/1987.115.1.rev.width350.jpg"]},{"from":-206,"to":-195,"title":"RRC 114/1. 1999.14.3","image_urls":["http://numismatics.org/collectionimages/19501999/1999/1999.14.3.rev.width350.jpg"]},{"from":-206,"to":-195,"title":"RRC 113/2. 1969.83.273","image_urls":["http://numismatics.org/collectionimages/19501999/1969/1969.83.273.rev.width350.jpg"]},{"from":-206,"to":-195,"title":"RRC 121/3. 1998.85.5","image_urls":["http://numismatics.org/collectionimages/19501999/1998/1998.85.5.rev.width350.jpg"]},{"from":-206,"to":-195,"title":"RRC 124/6. 1998.108.3","image_urls":["http://numismatics.org/collectionimages/19501999/1998/1998.108.3.rev.width350.jpg"]},{"from":-206,"to":-195,"title":"RRC 124/7. 1998.133.27","image_urls":["http://numismatics.org/collectionimages/19501999/1998/1998.133.27.rev.width350.jpg"]},{"from":-206,"to":-195,"title":"RRC 118/1. 1998.133.30","image_urls":["http://numismatics.org/collectionimages/19501999/1998/1998.133.30.rev.width350.jpg"]},{"from":-206,"to":-195,"title":"RRC 112/1. 1987.35.4","image_urls":["http://numismatics.org/collectionimages/19501999/1987/1987.35.4.rev.width350.jpg"]},{"from":-206,"to":-195,"title":"RRC 119/1. 1988.82.20","image_urls":["http://numismatics.org/collectionimages/19501999/1988/1988.82.20.rev.width350.jpg"]},{"from":-206,"to":-195,"title":"RRC 122/3. 1969.83.275","image_urls":["http://numismatics.org/collectionimages/19501999/1969/1969.83.275.rev.width350.jpg"]},{"from":-206,"to":-195,"title":"RRC 119/6. 1998.133.21","image_urls":["http://numismatics.org/collectionimages/19501999/1998/1998.133.21.rev.width350.jpg"]},{"from":-206,"to":-195,"title":"RRC 113/1. 1944.100.214","image_urls":["http://numismatics.org/collectionimages/19001949/1944/1944.100.214.rev.width350.jpg"]},{"from":-206,"to":-195,"title":"RRC 114/1. 1987.111.1","image_urls":["http://numismatics.org/collectionimages/19501999/1987/1987.111.1.rev.width350.jpg"]},{"from":-206,"to":-200,"title":"Silver Denarius of Anonymous, Rome, 206 BC - 200 BC. 2002.46.76","image_urls":["http://numismatics.org/collectionimages/20002049/2002/2002.46.76.rev.width350.jpg"]},{"from":-206,"to":-195,"title":"RRC 113/1. 1944.100.213","image_urls":["http://numismatics.org/collectionimages/19001949/1944/1944.100.213.rev.width350.jpg"]},{"from":-206,"to":-195,"title":"RRC 121/2. 1992.44.1","image_urls":["http://numismatics.org/collectionimages/19501999/1992/1992.44.1.rev.width350.jpg"]},{"from":-206,"to":-195,"title":"RRC 115/1. 1944.100.216","image_urls":["http://numismatics.org/collectionimages/19001949/1944/1944.100.216.rev.width350.jpg"]},{"from":-206,"to":-195,"title":"RRC 120/5. 1998.133.9","image_urls":["http://numismatics.org/collectionimages/19501999/1998/1998.133.9.rev.width350.jpg"]}]