[{"from":-209,"to":-208,"title":"RRC 80/1b. 1944.100.159","image_urls":["http://numismatics.org/collectionimages/19001949/1944/1944.100.159.rev.width350.jpg"]},{"from":-209,"to":-208,"title":"RRC 100/1b. 1978.39.1","image_urls":["http://numismatics.org/collectionimages/19501999/1978/1978.39.1.rev.width350.jpg"]},{"from":-209,"to":-208,"title":"RRC 50/3. 1944.100.84","image_urls":["http://numismatics.org/collectionimages/19001949/1944/1944.100.84.rev.width350.jpg"]},{"from":-209,"to":-208,"title":"RRC 80/1b. 1963.31.1","image_urls":["http://numismatics.org/collectionimages/19501999/1963/1963.31.1.rev.width350.jpg"]},{"from":-209,"to":-208,"title":"RRC 80/1a. 1944.100.153","image_urls":["http://numismatics.org/collectionimages/19001949/1944/1944.100.153.rev.width350.jpg"]},{"from":-209,"to":-208,"title":"RRC 76/1b. 1944.100.168","image_urls":["http://numismatics.org/collectionimages/19001949/1944/1944.100.168.rev.width350.jpg"]},{"from":-209,"to":-208,"title":"RRC 80/1a. 1944.100.155","image_urls":["http://numismatics.org/collectionimages/19001949/1944/1944.100.155.rev.width350.jpg"]},{"from":-209,"to":-208,"title":"RRC 80/1b. 1944.100.164","image_urls":["http://numismatics.org/collectionimages/19001949/1944/1944.100.164.rev.width350.jpg"]},{"from":-209,"to":-208,"title":"RRC 80/1b. 1944.100.158","image_urls":["http://numismatics.org/collectionimages/19001949/1944/1944.100.158.rev.width350.jpg"]},{"from":-209,"to":-208,"title":"RRC 80/1b. 1944.100.162","image_urls":["http://numismatics.org/collectionimages/19001949/1944/1944.100.162.rev.width350.jpg"]},{"from":-209,"to":-208,"title":"RRC 50/2. 1971.164.8","image_urls":["http://numismatics.org/collectionimages/19501999/1971/1971.164.8.rev.width350.jpg"]},{"from":-209,"to":-208,"title":"RRC 80/1a. 1944.100.156","image_urls":["http://numismatics.org/collectionimages/19001949/1944/1944.100.156.rev.width350.jpg"]},{"from":-209,"to":-208,"title":"RRC 80/1b. 1944.100.167","image_urls":["http://numismatics.org/collectionimages/19001949/1944/1944.100.167.rev.width350.jpg"]},{"from":-209,"to":-208,"title":"RRC 50/3. 1969.83.130","image_urls":["http://numismatics.org/collectionimages/19501999/1969/1969.83.130.rev.width350.jpg"]},{"from":-209,"to":-208,"title":"RRC 78/1. 1944.100.171","image_urls":["http://numismatics.org/collectionimages/19001949/1944/1944.100.171.rev.width350.jpg"]},{"from":-209,"to":-208,"title":"RRC 80/1b. 1944.100.165","image_urls":["http://numismatics.org/collectionimages/19001949/1944/1944.100.165.rev.width350.jpg"]},{"from":-209,"to":-208,"title":"RRC 80/1b. 1941.131.39","image_urls":["http://numismatics.org/collectionimages/19001949/1941/1941.131.39.rev.width350.jpg"]},{"from":-209,"to":-208,"title":"RRC 76/1b. 1995.11.1884","image_urls":["http://numismatics.org/collectionimages/19501999/1995/1995.11.1884.rev.width350.jpg"]},{"from":-209,"to":-208,"title":"RRC 50/3. 0000.999.56153","image_urls":["http://numismatics.org/collectionimages/00001899/0000/0000.999.56153.rev.width350.jpg"]},{"from":-209,"to":-208,"title":"RRC 77/1. 1944.100.170","image_urls":["http://numismatics.org/collectionimages/19001949/1944/1944.100.170.rev.width350.jpg"]},{"from":-209,"to":-208,"title":"RRC 80/2. 1995.11.8","image_urls":["http://numismatics.org/collectionimages/19501999/1995/1995.11.8.rev.width350.jpg"]},{"from":-209,"to":-208,"title":"RRC 80/1b. 1937.158.14","image_urls":["http://numismatics.org/collectionimages/19001949/1937/1937.158.14.rev.width350.jpg"]},{"from":-209,"to":-208,"title":"RRC 80/1b. 1010.1.2","image_urls":["http://numismatics.org/collectionimages/00001899/1010/1010.1.2.rev.width350.jpg"]},{"from":-209,"to":-208,"title":"RRC 80/1b. 1944.100.157","image_urls":["http://numismatics.org/collectionimages/19001949/1944/1944.100.157.rev.width350.jpg"]},{"from":-209,"to":-208,"title":"RRC 80/1b. 1937.158.577","image_urls":["http://numismatics.org/collectionimages/19001949/1937/1937.158.577.rev.width350.jpg"]},{"from":-209,"to":-208,"title":"RRC 50/3. 1969.83.129","image_urls":["http://numismatics.org/collectionimages/19501999/1969/1969.83.129.rev.width350.jpg"]},{"from":-209,"to":-208,"title":"RRC 80/1b. 1944.100.163","image_urls":["http://numismatics.org/collectionimages/19001949/1944/1944.100.163.rev.width350.jpg"]},{"from":-209,"to":-208,"title":"RRC 50/2. 1944.100.82","image_urls":["http://numismatics.org/collectionimages/19001949/1944/1944.100.82.rev.width350.jpg"]},{"from":-209,"to":-208,"title":"RRC 79/1. 1979.24.1","image_urls":["http://numismatics.org/collectionimages/19501999/1979/1979.24.1.rev.width350.jpg"]},{"from":-209,"to":-208,"title":"RRC 80/1a. 1990.46.1","image_urls":["http://numismatics.org/collectionimages/19501999/1990/1990.46.1.rev.width350.jpg"]},{"from":-209,"to":-208,"title":"RRC 79/1. 1985.98.1","image_urls":["http://numismatics.org/collectionimages/19501999/1985/1985.98.1.rev.width350.jpg"]},{"from":-209,"to":-208,"title":"RRC 50/2. 1944.100.83","image_urls":["http://numismatics.org/collectionimages/19001949/1944/1944.100.83.rev.width350.jpg"]},{"from":-209,"to":-205,"title":"Silver Tetradrachm, Ecbatana, 209 BC - 205 BC. 1944.100.73667","image_urls":["http://numismatics.org/collectionimages/19001949/1944/1944.100.73667.rev.width350.jpg"]},{"from":-209,"to":-208,"title":"RRC 80/1b. 1010.1.3","image_urls":["http://numismatics.org/collectionimages/00001899/1010/1010.1.3.rev.width350.jpg"]},{"from":-209,"to":-208,"title":"RRC 80/1b. 1944.100.161","image_urls":["http://numismatics.org/collectionimages/19001949/1944/1944.100.161.rev.width350.jpg"]},{"from":-209,"to":-208,"title":"RRC 80/1b. 1944.100.166","image_urls":["http://numismatics.org/collectionimages/19001949/1944/1944.100.166.rev.width350.jpg"]},{"from":-209,"to":-208,"title":"RRC 80/1a. 1941.131.38","image_urls":["http://numismatics.org/collectionimages/19001949/1941/1941.131.38.rev.width350.jpg"]},{"from":-209,"to":-208,"title":"RRC 50/3. 1976.102.1","image_urls":["http://numismatics.org/collectionimages/19501999/1976/1976.102.1.rev.width350.jpg"]},{"from":-209,"to":-208,"title":"RRC 80/1b. 1944.100.160","image_urls":["http://numismatics.org/collectionimages/19001949/1944/1944.100.160.rev.width350.jpg"]},{"from":-209,"to":-208,"title":"RRC 80/1a. 1944.100.154","image_urls":["http://numismatics.org/collectionimages/19001949/1944/1944.100.154.rev.width350.jpg"]},{"from":-209,"to":-208,"title":"RRC 50/4. 1969.83.132","image_urls":["http://numismatics.org/collectionimages/19501999/1969/1969.83.132.rev.width350.jpg"]},{"from":-209,"to":-208,"title":"RRC 76/1b. 1986.161.1","image_urls":["http://numismatics.org/collectionimages/19501999/1986/1986.161.1.rev.width350.jpg"]},{"from":-209,"to":-208,"title":"RRC 80/1b. 1974.95.3","image_urls":["http://numismatics.org/collectionimages/19501999/1974/1974.95.3.rev.width350.jpg"]},{"from":-209,"to":-208,"title":"RRC 50/3. 1944.100.85","image_urls":["http://numismatics.org/collectionimages/19001949/1944/1944.100.85.rev.width350.jpg"]},{"from":-209,"to":-208,"title":"RRC 50/4. 1969.83.131","image_urls":["http://numismatics.org/collectionimages/19501999/1969/1969.83.131.rev.width350.jpg"]},{"from":-209,"to":-208,"title":"Bronze As, Luceria, 209 BC - 208 BC. 1944.100.73758","image_urls":["http://numismatics.org/collectionimages/19001949/1944/1944.100.73758.rev.width350.jpg"]},{"from":-209,"to":-208,"title":"RRC 80/1b. 1937.158.576","image_urls":["http://numismatics.org/collectionimages/19001949/1937/1937.158.576.rev.width350.jpg"]},{"from":-209,"to":-208,"title":"RRC 80/1b. 1937.158.578","image_urls":["http://numismatics.org/collectionimages/19001949/1937/1937.158.578.rev.width350.jpg"]},{"from":-209,"to":-208,"title":"RRC 100/2. 1978.55.1","image_urls":["http://numismatics.org/collectionimages/19501999/1978/1978.55.1.rev.width350.jpg"]},{"from":-209,"to":-208,"title":"RRC 79/1. 1944.100.172","image_urls":["http://numismatics.org/collectionimages/19001949/1944/1944.100.172.rev.width350.jpg"]}]