[{"from":-21,"to":10,"title":"SF-5430B4: A coin issued by Tasciovanus","image_urls":["https://finds.org.uk/images/abrown/WGN%20SF-5430B4.jpg"]},{"from":-21,"to":10,"title":"BH-4810D4: A coin issued by Tasciovanus","image_urls":["https://finds.org.uk/images/jwatters/IA%20coin%2009%206%20-%201b.jpg"]},{"from":-21,"to":10,"title":"BH-6E9216: A coin issued by Tasciovanus","image_urls":["https://finds.org.uk/images/jwatters/IA_coin_TLB2013_70%20copy.jpg"]},{"from":-21,"to":-16,"title":"BH-5AF3B6: A coin issued by Tasciovanus","image_urls":["https://finds.org.uk/images/jwatters/IA%20coin%2007%20118%20-%2049.jpg"]},{"from":-21,"to":40,"title":"BH-225167: A coin issued by Tasciovanus","image_urls":["https://finds.org.uk/images/jwatters/Iron%20Age%20coin%2003%2098%20-%203a.jpg"]},{"from":-21,"to":10,"title":"NARC-01294E: A coin issued by Tasciovanus","image_urls":["https://finds.org.uk/images/jcassidy/NARC-01294Eb.jpg"]},{"from":-21,"to":10,"title":"BH-6B1A00: A coin issued by Tasciovanus","image_urls":["https://finds.org.uk/images/jwatters/IA_coin_12_105_36a.jpg"]},{"from":-21,"to":10,"title":"BH-24D0E6: A coin issued by Tasciovanus","image_urls":["https://finds.org.uk/images/jwatters/IA_coin_13_13_10.jpg"]},{"from":-21,"to":10,"title":"BH-64D297: A coin issued by Tasciovanus","image_urls":["https://finds.org.uk/images/jwatters/IA%20coin%2009%20172%20-%204.jpg"]},{"from":-21,"to":10,"title":"BH-536458: A coin issued by Tasciovanus","image_urls":["https://finds.org.uk/images/jwatters/IA%20coin%2010%2026%20-%2014.jpg"]},{"from":-21,"to":10,"title":"BH-48A1B2: A coin issued by Tasciovanus","image_urls":["https://finds.org.uk/images/jwatters/IA%20coin%2009%206%20-%205a.jpg"]},{"from":-21,"to":10,"title":"BH-590573: A coin issued by Tasciovanus","image_urls":["https://finds.org.uk/images/jwatters/IA%20coin%2010%2038%20-%206.jpg"]},{"from":-21,"to":10,"title":"KENT-3E4676: A coin issued by Tasciovanus","image_urls":["https://finds.org.uk/images/arichardson/KENT3E4676a.jpg"]},{"from":-21,"to":10,"title":"SUR-63FEA3: A coin with an unrecorded/uncertain issuer.","image_urls":["https://finds.org.uk/images/dwilliams/B15209.JPG"]},{"from":-21,"to":10,"title":"BH-0CB952: A coin issued by Tasciovanus","image_urls":["https://finds.org.uk/images/jwatters/Iron%20Age%20coin%200352%20-%203%20all.jpg"]},{"from":-21,"to":10,"title":"BH-250214: A coin issued by Tasciovanus","image_urls":["https://finds.org.uk/images/jwatters/IA_coin_13_13_7.jpg"]},{"from":-21,"to":10,"title":"CAM-9C5696: A coin issued by Tasciovanus","image_urls":["https://finds.org.uk/images/hfowler/CAM-9C5696.jpg"]},{"from":-21,"to":10,"title":"BERK-C6AB07: A coin issued by Tasciovanus","image_urls":["https://finds.org.uk/images/abyard/2012484b.JPG"]},{"from":-21,"to":10,"title":"BH-28BA76: A coin issued by Tasciovanus","image_urls":["https://finds.org.uk/images/jwatters/IA%20coin%2009%20170%20-%2010%20.jpg"]},{"from":-21,"to":9,"title":"BERK-8ED558: A coin issued by Tasciovanus","image_urls":["https://finds.org.uk/images/abyard/Obv%20coin%20fixed.JPG"]},{"from":-21,"to":10,"title":"BH-A96987: A coin issued by Tasciovanus","image_urls":["https://finds.org.uk/images/jwatters/IA%20coin%2009%20180%20-%202.jpg"]},{"from":-21,"to":10,"title":"BH-ED9CD4: A coin issued by Tasciovanus","image_urls":["https://finds.org.uk/images/jwatters/IA%20coin%2009%2014%20-%202a.jpg"]},{"from":-21,"to":10,"title":"BH-1ED132: A coin issued by Tasciovanus","image_urls":["https://finds.org.uk/images/jwatters/Iron%20Age%20coin%2004%2072%20-%201%20all.jpg"]},{"from":-21,"to":10,"title":"SUR-3F8899: A coin issued by Tasciovanus","image_urls":["https://finds.org.uk/images/dwilliams/15879.JPG"]},{"from":-21,"to":10,"title":"BH-296DED: A coin issued by Tasciovanus","image_urls":["https://finds.org.uk/images/jwatters/IA_coin_14_83_5%20copy.jpg"]},{"from":-21,"to":10,"title":"BH-A8D8F8: A coin issued by Tasciovanus","image_urls":["https://finds.org.uk/images/jwatters/IA_coin_14_153_1%20copy.jpg"]},{"from":-21,"to":-16,"title":"ESS-253C36: A coin issued by Tasciovanus","image_urls":["https://finds.org.uk/images/lmclean/ESS-253C36%20IA%20silver%20unit.jpg"]},{"from":-21,"to":10,"title":"NARC-A70A90: A coin issued by Tasciovanus","image_urls":["https://finds.org.uk/images/rwebley/NARC-A70A90ironageunitobv.jpg"]},{"from":-21,"to":10,"title":"BH-B5B427: A coin issued by Tasciovanus","image_urls":["https://finds.org.uk/images/jwatters/IA%20coin%2009%20159%20-%2028.jpg"]},{"from":-21,"to":10,"title":"BH-72A142: A coin issued by Tasciovanus","image_urls":["https://finds.org.uk/images/jwatters/IA_coin_14_97_3.jpg"]},{"from":-21,"to":10,"title":"BH-CB7F78: A coin issued by Tasciovanus","image_urls":["https://finds.org.uk/images/jwatters/IA_coin_12_164_1.jpg"]},{"from":-21,"to":10,"title":"SUR-0DB9F9: A coin issued by Tincomarus","image_urls":["https://finds.org.uk/images/dwilliams/B15611.JPG"]},{"from":-21,"to":10,"title":"ESS-05D9D2: A coin issued by Tasciovanus","image_urls":["https://finds.org.uk/images/lmclean/05D9D2%20Iron%20Age%20coin.jpg"]},{"from":-21,"to":10,"title":"BH-A2DC75: A coin issued by Tasciovanus","image_urls":["https://finds.org.uk/images/jwatters/IA%20coin%2006%20126%20-%201.jpg"]},{"from":-21,"to":10,"title":"BH-DFF5B6: A coin issued by Tasciovanus","image_urls":["https://finds.org.uk/images/jwatters/IA_coin_12_163_2.jpg"]},{"from":-21,"to":-20,"title":"RIC I (second edition) Augustus 475. 1944.100.39164","image_urls":["http://numismatics.org/collectionimages/19001949/1944/1944.100.39164.rev.width350.jpg"]},{"from":-21,"to":-20,"title":"RIC I (second edition) Augustus 475. 1944.100.39165","image_urls":["http://numismatics.org/collectionimages/19001949/1944/1944.100.39165.rev.width350.jpg"]},{"from":-21,"to":-20,"title":"RIC I (second edition) Augustus 475. 1937.158.451","image_urls":["http://numismatics.org/collectionimages/19001949/1937/1937.158.451.rev.width350.jpg"]}]