[{"from":-210,"to":-202,"title":"Billon Coin, Carthage, 210 BC - 202 BC. 2012.49.131","image_urls":["http://numismatics.org/collectionimages/20002049/2012/2012.49.131.rev.width350.jpg"]},{"from":-210,"to":-195,"title":"Gold stater, Byzantium, 210 BC - 195 BC. 1944.100.82773","image_urls":["http://numismatics.org/collectionimages/19001949/1944/1944.100.82773.rev.width350.jpg"]},{"from":-210,"to":-195,"title":"Gold stater, Byzantium, 210 BC - 195 BC. 1944.100.82775","image_urls":["http://numismatics.org/collectionimages/19001949/1944/1944.100.82775.rev.width350.jpg"]},{"from":-210,"to":-195,"title":"Gold stater, Byzantium, 210 BC - 195 BC. 1944.100.82774","image_urls":["http://numismatics.org/collectionimages/19001949/1944/1944.100.82774.rev.width350.jpg"]}]