[{"from":-211,"to":-208,"title":"RRC 104/1a. 1977.61.1","image_urls":["http://numismatics.org/collectionimages/19501999/1977/1977.61.1.rev.width350.jpg"]},{"from":-211,"to":-200,"title":"Gold 12.5 asses, Populonia, 211 BC - 200 BC. 1967.152.7","image_urls":["http://numismatics.org/collectionimages/19501999/1967/1967.152.7.rev.width350.jpg"]},{"from":-211,"to":-210,"title":"RRC 42/2. 1969.83.122","image_urls":["http://numismatics.org/collectionimages/19501999/1969/1969.83.122.rev.width350.jpg"]},{"from":-211,"to":-208,"title":"RRC 97/2. 1971.164.10","image_urls":["http://numismatics.org/collectionimages/19501999/1971/1971.164.10.rev.width350.jpg"]},{"from":-211,"to":-210,"title":"RRC 103/1b. 1978.246.1","image_urls":["http://numismatics.org/collectionimages/19501999/1978/1978.246.1.rev.width350.jpg"]},{"from":-211,"to":-210,"title":"RRC 98A/1b. 1969.83.272","image_urls":["http://numismatics.org/collectionimages/19501999/1969/1969.83.272.rev.width350.jpg"]},{"from":-211,"to":-210,"title":"RRC 72/15. 1969.83.266","image_urls":["http://numismatics.org/collectionimages/19501999/1969/1969.83.266.rev.width350.jpg"]},{"from":-211,"to":-200,"title":"Silver 20 asses, Populonia, 211 BC - 200 BC. 1957.172.33","image_urls":["http://numismatics.org/collectionimages/19501999/1957/1957.172.33.rev.width350.jpg"]},{"from":-211,"to":-208,"title":"RRC 69/6a. 1969.83.262","image_urls":["http://numismatics.org/collectionimages/19501999/1969/1969.83.262.rev.width350.jpg"]},{"from":-211,"to":-90,"title":"Bronze As of uncertain, Rome, 211 BC - 90 BC. 1969.83.518","image_urls":["http://numismatics.org/collectionimages/19501999/1969/1969.83.518.rev.width350.jpg"]},{"from":-211,"to":-208,"title":"RRC 68/2b. 1944.100.141","image_urls":["http://numismatics.org/collectionimages/19001949/1944/1944.100.141.rev.width350.jpg"]},{"from":-211,"to":-210,"title":"RRC 98A/1a. 1969.83.271","image_urls":["http://numismatics.org/collectionimages/19501999/1969/1969.83.271.rev.width350.jpg"]},{"from":-211,"to":-90,"title":"Bronze Quadrans of uncertain, Rome, 211 BC - 90 BC. 1969.83.520","image_urls":["http://numismatics.org/collectionimages/19501999/1969/1969.83.520.rev.width350.jpg"]},{"from":-211,"to":-210,"title":"RRC 98A/3. 1975.134.16","image_urls":["http://numismatics.org/collectionimages/19501999/1975/1975.134.16.rev.width350.jpg"]},{"from":-211,"to":-208,"title":"RRC 69/6b. 1944.100.146","image_urls":["http://numismatics.org/collectionimages/19001949/1944/1944.100.146.rev.width350.jpg"]},{"from":-211,"to":-200,"title":"Gold 25 asses, Populonia, 211 BC - 200 BC. 1967.152.6","image_urls":["http://numismatics.org/collectionimages/19501999/1967/1967.152.6.rev.width350.jpg"]},{"from":-211,"to":-208,"title":"RRC 69/6b. 1969.83.263","image_urls":["http://numismatics.org/collectionimages/19501999/1969/1969.83.263.rev.width350.jpg"]},{"from":-211,"to":-210,"title":"RRC 86A/4. 1998.85.2","image_urls":["http://numismatics.org/collectionimages/19501999/1998/1998.85.2.rev.width350.jpg"]},{"from":-211,"to":-208,"title":"RRC 97/2. 1975.134.14","image_urls":["http://numismatics.org/collectionimages/19501999/1975/1975.134.14.rev.width350.jpg"]},{"from":-211,"to":-208,"title":"RRC 69/4b. 1944.100.144","image_urls":["http://numismatics.org/collectionimages/19001949/1944/1944.100.144.rev.width350.jpg"]},{"from":-211,"to":-210,"title":"RRC 98A/1a. 1988.82.31","image_urls":["http://numismatics.org/collectionimages/19501999/1988/1988.82.31.rev.width350.jpg"]},{"from":-211,"to":-208,"title":"RRC 97/17. 0000.999.35831","image_urls":["http://numismatics.org/collectionimages/00001899/0000/0000.999.35831.rev.width350.jpg"]},{"from":-211,"to":-208,"title":"RRC 69/4a. 1941.131.36","image_urls":["http://numismatics.org/collectionimages/19001949/1941/1941.131.36.rev.width350.jpg"]},{"from":-211,"to":-208,"title":"RRC 69/6a. 1944.100.143","image_urls":["http://numismatics.org/collectionimages/19001949/1944/1944.100.143.rev.width350.jpg"]},{"from":-211,"to":-210,"title":"RRC 98A/3. 2008.63.137","image_urls":["http://numismatics.org/collectionimages/20002049/2008/2008.63.137.rev.width350.jpg"]},{"from":-211,"to":-208,"title":"RRC 94/1. 1977.216.1","image_urls":["http://numismatics.org/collectionimages/19501999/1977/1977.216.1.rev.width350.jpg"]},{"from":-211,"to":-210,"title":"RRC 86B/2. 1971.287.1","image_urls":["http://numismatics.org/collectionimages/19501999/1971/1971.287.1.rev.width350.jpg"]},{"from":-211,"to":-208,"title":"RRC 97/1c. 1988.82.27","image_urls":["http://numismatics.org/collectionimages/19501999/1988/1988.82.27.rev.width350.jpg"]},{"from":-211,"to":-210,"title":"RRC 98A/3. 2002.46.65","image_urls":["http://numismatics.org/collectionimages/20002049/2002/2002.46.65.rev.width350.jpg"]},{"from":-211,"to":-208,"title":"RRC 68/2b. 1896.999.1","image_urls":["http://numismatics.org/collectionimages/00001899/1896/1896.999.1.rev.width350.jpg"]},{"from":-211,"to":-208,"title":"RRC 69/6a. 1969.83.261","image_urls":["http://numismatics.org/collectionimages/19501999/1969/1969.83.261.rev.width350.jpg"]},{"from":-211,"to":-208,"title":"RRC 69/6b. 1944.100.145","image_urls":["http://numismatics.org/collectionimages/19001949/1944/1944.100.145.rev.width350.jpg"]},{"from":-211,"to":-210,"title":"RRC 42/2. 1944.100.70","image_urls":["http://numismatics.org/collectionimages/19001949/1944/1944.100.70.rev.width350.jpg"]},{"from":-211,"to":-208,"title":"RRC 68/2b. 1941.131.35","image_urls":["http://numismatics.org/collectionimages/19001949/1941/1941.131.35.rev.width350.jpg"]},{"from":-211,"to":-210,"title":"RRC 102/2a. 2002.46.68","image_urls":["http://numismatics.org/collectionimages/20002049/2002/2002.46.68.rev.width350.jpg"]},{"from":-211,"to":-208,"title":"Silver Victoriatus of Anonymous, Luceria, 211 BC - 208 BC. 2002.46.62","image_urls":["http://numismatics.org/collectionimages/20002049/2002/2002.46.62.rev.width350.jpg"]},{"from":-211,"to":-210,"title":"RRC 86A/1. 2002.46.59","image_urls":["http://numismatics.org/collectionimages/20002049/2002/2002.46.59.rev.width350.jpg"]},{"from":-211,"to":-208,"title":"RRC 97/1a. 1969.83.270","image_urls":["http://numismatics.org/collectionimages/19501999/1969/1969.83.270.rev.width350.jpg"]},{"from":-211,"to":-210,"title":"RRC 103/2a. 1971.164.12","image_urls":["http://numismatics.org/collectionimages/19501999/1971/1971.164.12.rev.width350.jpg"]},{"from":-211,"to":-210,"title":"RRC 102/1. 1896.7.1","image_urls":["http://numismatics.org/collectionimages/00001899/1896/1896.7.1.rev.width350.jpg"]},{"from":-211,"to":-210,"title":"RRC 103/2a. 1971.164.13","image_urls":["http://numismatics.org/collectionimages/19501999/1971/1971.164.13.rev.width350.jpg"]},{"from":-211,"to":-208,"title":"RRC 97/9. 1944.100.194","image_urls":["http://numismatics.org/collectionimages/19001949/1944/1944.100.194.rev.width350.jpg"]},{"from":-211,"to":-210,"title":"RRC 98A/1a. 1988.82.30","image_urls":["http://numismatics.org/collectionimages/19501999/1988/1988.82.30.rev.width350.jpg"]},{"from":-211,"to":-208,"title":"RRC 69/6c. 1969.83.264","image_urls":["http://numismatics.org/collectionimages/19501999/1969/1969.83.264.rev.width350.jpg"]},{"from":-211,"to":-200,"title":"Gold 50 asses, Populonia, 211 BC - 200 BC. 1949.100.5","image_urls":["http://numismatics.org/collectionimages/19001949/1949/1949.100.5.rev.width350.jpg"]},{"from":-211,"to":-208,"title":"Silver Quinarius of Anonymous, Luceria, 211 BC - 208 BC. 2002.46.64","image_urls":["http://numismatics.org/collectionimages/20002049/2002/2002.46.64.rev.width350.jpg"]},{"from":-211,"to":-210,"title":"RRC 102/2a. 1971.164.11","image_urls":["http://numismatics.org/collectionimages/19501999/1971/1971.164.11.rev.width350.jpg"]},{"from":-211,"to":-210,"title":"RRC 86A/1. 2002.46.61","image_urls":["http://numismatics.org/collectionimages/20002049/2002/2002.46.61.rev.width350.jpg"]},{"from":-211,"to":-210,"title":"RRC 98A/3. 1975.134.15","image_urls":["http://numismatics.org/collectionimages/19501999/1975/1975.134.15.rev.width350.jpg"]},{"from":-211,"to":-200,"title":"Gold 50 asses, Populonia, 211 BC - 200 BC. 1967.152.5","image_urls":["http://numismatics.org/collectionimages/19501999/1967/1967.152.5.rev.width350.jpg"]},{"from":-211,"to":-90,"title":"Bronze As of uncertain, Rome, 211 BC - 90 BC. 1969.83.519","image_urls":["http://numismatics.org/collectionimages/19501999/1969/1969.83.519.rev.width350.jpg"]},{"from":-211,"to":-210,"title":"RRC 85/6. 1944.100.73765","image_urls":["http://numismatics.org/collectionimages/19001949/1944/1944.100.73765.rev.width350.jpg"]},{"from":-211,"to":-200,"title":"Silver 10 asses (denarius), Populonia, 211 BC - 200 BC. 1944.100.1979","image_urls":["http://numismatics.org/collectionimages/19001949/1944/1944.100.1979.rev.width350.jpg"]},{"from":-211,"to":-210,"title":"RRC 42/2. 1969.83.123","image_urls":["http://numismatics.org/collectionimages/19501999/1969/1969.83.123.rev.width350.jpg"]},{"from":-211,"to":-208,"title":"Silver Quinarius of Anonymous, Luceria, 211 BC - 208 BC. 2002.46.63","image_urls":["http://numismatics.org/collectionimages/20002049/2002/2002.46.63.rev.width350.jpg"]},{"from":-211,"to":-90,"title":"Bronze Quadrans of uncertain, Rome, 211 BC - 90 BC. 1969.83.521","image_urls":["http://numismatics.org/collectionimages/19501999/1969/1969.83.521.rev.width350.jpg"]},{"from":-211,"to":-210,"title":"RRC 98A/3. 2002.46.66","image_urls":["http://numismatics.org/collectionimages/20002049/2002/2002.46.66.rev.width350.jpg"]},{"from":-211,"to":-208,"title":"RRC 68/2b. 1975.999.24","image_urls":["http://numismatics.org/collectionimages/19501999/1975/1975.999.24.rev.width350.jpg"]},{"from":-211,"to":-208,"title":"Silver Denarius of Anonymous, Rome, 211 BC - 208 BC. 2002.46.74","image_urls":["http://numismatics.org/collectionimages/20002049/2002/2002.46.74.rev.width350.jpg"]},{"from":-211,"to":-208,"title":"RRC 97/5a. 0000.999.91","image_urls":["http://numismatics.org/collectionimages/00001899/0000/0000.999.91.rev.width350.jpg"]},{"from":-211,"to":-210,"title":"RRC 86A/1. 2002.46.60","image_urls":["http://numismatics.org/collectionimages/20002049/2002/2002.46.60.rev.width350.jpg"]},{"from":-211,"to":-210,"title":"RRC 102/2a. 2002.46.69","image_urls":["http://numismatics.org/collectionimages/20002049/2002/2002.46.69.rev.width350.jpg"]}]