[{"from":-212,"to":-207,"title":"NCL-012704: A coin issued by Republic","image_urls":["https://finds.org.uk/images/pwalton/New%20Image.JPG"]},{"from":-212,"to":-121,"title":"HESH-043A21: A coin issued by Republic","image_urls":["https://finds.org.uk/images/preavill/HESH-043A21.jpg"]},{"from":-212,"to":-195,"title":"BH-1DD9E4: A coin issued by Republic","image_urls":["https://finds.org.uk/images/jwatters/Roman_coin_11_189_57a.jpg"]},{"from":-212,"to":-146,"title":"BH-6C2471: A coin issued by Republic","image_urls":["https://finds.org.uk/images/jwatters/Roman_coin_12_78_6.jpg"]},{"from":-212,"to":-208,"title":"BERK-7EF5E1: A coin issued by Republic","image_urls":["https://finds.org.uk/images/abyard/2010774.jpg"]},{"from":-212,"to":100,"title":"BH-91A0C3: A coin issued by Republic","image_urls":["https://finds.org.uk/images/jwatters/Roman%20coin%2009%20174%20-%201.jpg"]},{"from":-212,"to":-211,"title":"Silver 4 drachm (tetradrachm) of Alexander III, Aspendus, 212 BC - 211 BC. 1944.100.32277","image_urls":["http://numismatics.org/collectionimages/19001949/1944/1944.100.32277.rev.width350.jpg"]},{"from":-212,"to":-208,"title":"Silver Tetradrachm, Aradus, 212 BC - 208 BC. 1944.100.76269","image_urls":["http://numismatics.org/collectionimages/19001949/1944/1944.100.76269.rev.width350.jpg"]}]