[{"from":-214,"to":-101,"title":"SUR-A31A95: A coin issued by Republic","image_urls":["https://finds.org.uk/images/bvenn/08.430.JPG"]},{"from":-214,"to":-212,"title":"RRC 42/4. 1975.176.1","image_urls":["http://numismatics.org/collectionimages/19501999/1975/1975.176.1.rev.width350.jpg"]},{"from":-214,"to":-212,"title":"Silver 12 litra, Syracuse, 214 BC - 212 BC. 1997.9.106","image_urls":["http://numismatics.org/collectionimages/19501999/1997/1997.9.106.rev.width350.jpg"]},{"from":-214,"to":-212,"title":"RRC 43/5. 1944.100.75","image_urls":["http://numismatics.org/collectionimages/19001949/1944/1944.100.75.rev.width350.jpg"]},{"from":-214,"to":-212,"title":"RRC 42/1. 1944.100.69","image_urls":["http://numismatics.org/collectionimages/19001949/1944/1944.100.69.rev.width350.jpg"]},{"from":-214,"to":-212,"title":"RRC 42/4. 1944.100.71","image_urls":["http://numismatics.org/collectionimages/19001949/1944/1944.100.71.rev.width350.jpg"]},{"from":-214,"to":-212,"title":"RRC 42/4. 1969.83.124","image_urls":["http://numismatics.org/collectionimages/19501999/1969/1969.83.124.rev.width350.jpg"]},{"from":-214,"to":-212,"title":"RRC 42/4. 1947.2.571","image_urls":["http://numismatics.org/collectionimages/19001949/1947/1947.2.571.rev.width350.jpg"]},{"from":-214,"to":-212,"title":"RRC 42/1. 1981.164.1","image_urls":["http://numismatics.org/collectionimages/19501999/1981/1981.164.1.rev.width350.jpg"]},{"from":-214,"to":-212,"title":"RRC 42/4. 1944.100.72","image_urls":["http://numismatics.org/collectionimages/19001949/1944/1944.100.72.rev.width350.jpg"]},{"from":-214,"to":-212,"title":"RRC 42/4. 1976.999.43","image_urls":["http://numismatics.org/collectionimages/19501999/1976/1976.999.43.rev.width350.jpg"]},{"from":-214,"to":-212,"title":"RRC 43/6. 1944.100.76","image_urls":["http://numismatics.org/collectionimages/19001949/1944/1944.100.76.rev.width350.jpg"]},{"from":-214,"to":-212,"title":"RRC 42/4. 1941.131.20","image_urls":["http://numismatics.org/collectionimages/19001949/1941/1941.131.20.rev.width350.jpg"]},{"from":-214,"to":204,"title":"Bronze Coin, Ilerda, 214 BC - AD 204. 1944.100.83911","image_urls":["http://numismatics.org/collectionimages/19001949/1944/1944.100.83911.rev.width350.jpg"]},{"from":-214,"to":-212,"title":"RRC 43/4. 1944.100.74","image_urls":["http://numismatics.org/collectionimages/19001949/1944/1944.100.74.rev.width350.jpg"]},{"from":-214,"to":-212,"title":"RRC 42/4. 1969.83.125","image_urls":["http://numismatics.org/collectionimages/19501999/1969/1969.83.125.rev.width350.jpg"]},{"from":-214,"to":-212,"title":"RRC 43/5. 1969.83.126","image_urls":["http://numismatics.org/collectionimages/19501999/1969/1969.83.126.rev.width350.jpg"]},{"from":-214,"to":-212,"title":"RRC 42/4. 1944.100.73","image_urls":["http://numismatics.org/collectionimages/19001949/1944/1944.100.73.rev.width350.jpg"]},{"from":-214,"to":-212,"title":"RRC 43/3a. 1967.65.1","image_urls":["http://numismatics.org/collectionimages/19501999/1967/1967.65.1.rev.width350.jpg"]}]