[{"from":-215,"to":-212,"title":"RRC 41/7a. 1944.100.741","image_urls":["http://numismatics.org/collectionimages/19001949/1944/1944.100.741.rev.width350.jpg"]},{"from":-215,"to":-212,"title":"RRC 41/10. 1969.83.116","image_urls":["http://numismatics.org/collectionimages/19501999/1969/1969.83.116.rev.width350.jpg"]},{"from":-215,"to":-212,"title":"RRC 41/9. 1954.263.9","image_urls":["http://numismatics.org/collectionimages/19501999/1954/1954.263.9.rev.width350.jpg"]},{"from":-215,"to":-212,"title":"RRC 41/10. 1941.131.19","image_urls":["http://numismatics.org/collectionimages/19001949/1941/1941.131.19.rev.width350.jpg"]},{"from":-215,"to":-212,"title":"RRC 41/5a. 1969.83.371","image_urls":["http://numismatics.org/collectionimages/19501999/1969/1969.83.371.rev.width350.jpg"]},{"from":-215,"to":-212,"title":"RRC 41/5a. 1944.100.735","image_urls":["http://numismatics.org/collectionimages/19001949/1944/1944.100.735.rev.width350.jpg"]},{"from":-215,"to":-209,"title":"Silver Drachm, Nisa Mithradatkart, 215 BC - 209 BC. 1991.66.2","image_urls":["http://numismatics.org/collectionimages/19501999/1991/1991.66.2.rev.width350.jpg"]},{"from":-215,"to":-212,"title":"RRC 41/7b. 1969.83.107","image_urls":["http://numismatics.org/collectionimages/19501999/1969/1969.83.107.rev.width350.jpg"]},{"from":-215,"to":-212,"title":"RRC 41/6a. 1944.100.738","image_urls":["http://numismatics.org/collectionimages/19001949/1944/1944.100.738.rev.width350.jpg"]},{"from":-215,"to":-212,"title":"RRC 41/9. 1969.83.113","image_urls":["http://numismatics.org/collectionimages/19501999/1969/1969.83.113.rev.width350.jpg"]},{"from":-215,"to":-212,"title":"RRC 41/5a. 0000.999.559","image_urls":["http://numismatics.org/collectionimages/00001899/0000/0000.999.559.rev.width350.jpg"]},{"from":-215,"to":-212,"title":"RRC 41/5b. 1954.263.66","image_urls":["http://numismatics.org/collectionimages/19501999/1954/1954.263.66.rev.width350.jpg"]},{"from":-215,"to":-212,"title":"RRC 41/6a. 1944.100.740","image_urls":["http://numismatics.org/collectionimages/19001949/1944/1944.100.740.rev.width350.jpg"]},{"from":-215,"to":-212,"title":"RRC 41/5a. 1954.263.62","image_urls":["http://numismatics.org/collectionimages/19501999/1954/1954.263.62.rev.width350.jpg"]},{"from":-215,"to":-212,"title":"RRC 41/6a. 1954.263.69","image_urls":["http://numismatics.org/collectionimages/19501999/1954/1954.263.69.rev.width350.jpg"]},{"from":-215,"to":-212,"title":"RRC 41/5b. 1969.83.377","image_urls":["http://numismatics.org/collectionimages/19501999/1969/1969.83.377.rev.width350.jpg"]},{"from":-215,"to":-212,"title":"RRC 41/6a. 1969.83.379","image_urls":["http://numismatics.org/collectionimages/19501999/1969/1969.83.379.rev.width350.jpg"]},{"from":-215,"to":-212,"title":"RRC 41/5a. 1969.83.373","image_urls":["http://numismatics.org/collectionimages/19501999/1969/1969.83.373.rev.width350.jpg"]},{"from":-215,"to":-212,"title":"RRC 41/9. 1944.100.63","image_urls":["http://numismatics.org/collectionimages/19001949/1944/1944.100.63.rev.width350.jpg"]},{"from":-215,"to":-212,"title":"RRC 41/5a. 1954.263.60","image_urls":["http://numismatics.org/collectionimages/19501999/1954/1954.263.60.rev.width350.jpg"]},{"from":-215,"to":-212,"title":"RRC 41/5a. 1969.83.370","image_urls":["http://numismatics.org/collectionimages/19501999/1969/1969.83.370.rev.width350.jpg"]},{"from":-215,"to":-212,"title":"RRC 41/6a. 1969.83.382","image_urls":["http://numismatics.org/collectionimages/19501999/1969/1969.83.382.rev.width350.jpg"]},{"from":-215,"to":-212,"title":"RRC 41/5a. 1969.83.376","image_urls":["http://numismatics.org/collectionimages/19501999/1969/1969.83.376.rev.width350.jpg"]},{"from":-215,"to":-212,"title":"RRC 41/6a. 1954.263.68","image_urls":["http://numismatics.org/collectionimages/19501999/1954/1954.263.68.rev.width350.jpg"]},{"from":-215,"to":-212,"title":"RRC 41/8b. 0000.999.56299","image_urls":["http://numismatics.org/collectionimages/00001899/0000/0000.999.56299.rev.width350.jpg"]},{"from":-215,"to":-212,"title":"RRC 41/5a. 1969.83.372","image_urls":["http://numismatics.org/collectionimages/19501999/1969/1969.83.372.rev.width350.jpg"]},{"from":-215,"to":-212,"title":"RRC 41/5a. 1954.263.64","image_urls":["http://numismatics.org/collectionimages/19501999/1954/1954.263.64.rev.width350.jpg"]},{"from":-215,"to":-212,"title":"RRC 41/5a. 1944.100.736","image_urls":["http://numismatics.org/collectionimages/19001949/1944/1944.100.736.rev.width350.jpg"]},{"from":-215,"to":-212,"title":"RRC 41/5a. 1969.83.369","image_urls":["http://numismatics.org/collectionimages/19501999/1969/1969.83.369.rev.width350.jpg"]},{"from":-215,"to":-212,"title":"RRC 41/9. 1999.13.7","image_urls":["http://numismatics.org/collectionimages/19501999/1999/1999.13.7.rev.width350.jpg"]},{"from":-215,"to":-209,"title":"Silver Drachm, Nisa Mithradatkart, 215 BC - 209 BC. 1991.66.4","image_urls":["http://numismatics.org/collectionimages/19501999/1991/1991.66.4.rev.width350.jpg"]},{"from":-215,"to":-212,"title":"RRC 41/5a. 1969.83.375","image_urls":["http://numismatics.org/collectionimages/19501999/1969/1969.83.375.rev.width350.jpg"]},{"from":-215,"to":-212,"title":"RRC 41/6a. 1944.100.739","image_urls":["http://numismatics.org/collectionimages/19001949/1944/1944.100.739.rev.width350.jpg"]},{"from":-215,"to":-212,"title":"RRC 41/9. 1969.83.112","image_urls":["http://numismatics.org/collectionimages/19501999/1969/1969.83.112.rev.width350.jpg"]},{"from":-215,"to":-212,"title":"RRC 41/5a. 0000.999.558","image_urls":["http://numismatics.org/collectionimages/00001899/0000/0000.999.558.rev.width350.jpg"]},{"from":-215,"to":-212,"title":"RRC 41/5a. 1944.100.737","image_urls":["http://numismatics.org/collectionimages/19001949/1944/1944.100.737.rev.width350.jpg"]},{"from":-215,"to":-212,"title":"RRC 41/5a. 1995.11.1859","image_urls":["http://numismatics.org/collectionimages/19501999/1995/1995.11.1859.rev.width350.jpg"]},{"from":-215,"to":-212,"title":"RRC 41/6a. 1954.263.67","image_urls":["http://numismatics.org/collectionimages/19501999/1954/1954.263.67.rev.width350.jpg"]},{"from":-215,"to":-212,"title":"RRC 41/6d. 1921.999.13","image_urls":["http://numismatics.org/collectionimages/19001949/1921/1921.999.13.rev.width350.jpg"]},{"from":-215,"to":-212,"title":"RRC 41/9. 1944.100.62","image_urls":["http://numismatics.org/collectionimages/19001949/1944/1944.100.62.rev.width350.jpg"]},{"from":-215,"to":-212,"title":"RRC 41/10. 1954.263.11","image_urls":["http://numismatics.org/collectionimages/19501999/1954/1954.263.11.rev.width350.jpg"]},{"from":-215,"to":-212,"title":"RRC 41/9. 0000.999.29","image_urls":["http://numismatics.org/collectionimages/00001899/0000/0000.999.29.rev.width350.jpg"]},{"from":-215,"to":-212,"title":"RRC 41/6a. 1969.83.381","image_urls":["http://numismatics.org/collectionimages/19501999/1969/1969.83.381.rev.width350.jpg"]},{"from":-215,"to":-212,"title":"RRC 41/9. 1941.131.18","image_urls":["http://numismatics.org/collectionimages/19001949/1941/1941.131.18.rev.width350.jpg"]},{"from":-215,"to":-212,"title":"RRC 41/5a. 1954.263.59","image_urls":["http://numismatics.org/collectionimages/19501999/1954/1954.263.59.rev.width350.jpg"]},{"from":-215,"to":-212,"title":"RRC 41/8a. 1969.83.384","image_urls":["http://numismatics.org/collectionimages/19501999/1969/1969.83.384.rev.width350.jpg"]},{"from":-215,"to":-211,"title":"Silver 10 asses, Populonia, 215 BC - 211 BC. 1944.100.2022","image_urls":["http://numismatics.org/collectionimages/19001949/1944/1944.100.2022.rev.width350.jpg"]},{"from":-215,"to":-212,"title":"RRC 41/10. 1978.999.24","image_urls":["http://numismatics.org/collectionimages/19501999/1978/1978.999.24.rev.width350.jpg"]},{"from":-215,"to":-212,"title":"RRC 41/6a. 1969.83.378","image_urls":["http://numismatics.org/collectionimages/19501999/1969/1969.83.378.rev.width350.jpg"]},{"from":-215,"to":-212,"title":"RRC 41/10. 1944.100.65","image_urls":["http://numismatics.org/collectionimages/19001949/1944/1944.100.65.rev.width350.jpg"]},{"from":-215,"to":-212,"title":"RRC 41/5a. 1954.263.65","image_urls":["http://numismatics.org/collectionimages/19501999/1954/1954.263.65.rev.width350.jpg"]},{"from":-215,"to":-212,"title":"RRC 41/10. 1969.83.115","image_urls":["http://numismatics.org/collectionimages/19501999/1969/1969.83.115.rev.width350.jpg"]},{"from":-215,"to":-212,"title":"RRC 41/8b. 1969.83.109","image_urls":["http://numismatics.org/collectionimages/19501999/1969/1969.83.109.rev.width350.jpg"]},{"from":-215,"to":-212,"title":"RRC 41/10. 1944.100.66","image_urls":["http://numismatics.org/collectionimages/19001949/1944/1944.100.66.rev.width350.jpg"]},{"from":-215,"to":-212,"title":"RRC 41/10. 1969.83.119","image_urls":["http://numismatics.org/collectionimages/19501999/1969/1969.83.119.rev.width350.jpg"]},{"from":-215,"to":-212,"title":"RRC 41/8b. 1969.83.110","image_urls":["http://numismatics.org/collectionimages/19501999/1969/1969.83.110.rev.width350.jpg"]},{"from":-215,"to":-209,"title":"Silver Drachm, Nisa Mithradatkart, 215 BC - 209 BC. 1991.65.3","image_urls":["http://numismatics.org/collectionimages/19501999/1991/1991.65.3.rev.width350.jpg"]},{"from":-215,"to":-212,"title":"RRC 41/3a. 1969.83.367","image_urls":["http://numismatics.org/collectionimages/19501999/1969/1969.83.367.rev.width350.jpg"]},{"from":-215,"to":-212,"title":"RRC 41/10. 1969.83.118","image_urls":["http://numismatics.org/collectionimages/19501999/1969/1969.83.118.rev.width350.jpg"]},{"from":-215,"to":-209,"title":"Silver Drachm, Nisa Mithradatkart, 215 BC - 209 BC. 1991.65.2","image_urls":["http://numismatics.org/collectionimages/19501999/1991/1991.65.2.rev.width350.jpg"]},{"from":-215,"to":-209,"title":"Silver Drachm, Nisa Mithradatkart, 215 BC - 209 BC. 1991.66.1","image_urls":["http://numismatics.org/collectionimages/19501999/1991/1991.66.1.rev.width350.jpg"]},{"from":-215,"to":-212,"title":"RRC 41/6a. 1954.263.70","image_urls":["http://numismatics.org/collectionimages/19501999/1954/1954.263.70.rev.width350.jpg"]},{"from":-215,"to":-212,"title":"RRC 41/5a. 1954.263.61","image_urls":["http://numismatics.org/collectionimages/19501999/1954/1954.263.61.rev.width350.jpg"]},{"from":-215,"to":-212,"title":"RRC 41/10. 1969.83.120","image_urls":["http://numismatics.org/collectionimages/19501999/1969/1969.83.120.rev.width350.jpg"]},{"from":-215,"to":-212,"title":"RRC 41/10. 1954.263.10","image_urls":["http://numismatics.org/collectionimages/19501999/1954/1954.263.10.rev.width350.jpg"]},{"from":-215,"to":-212,"title":"RRC 41/7b. 1944.100.61","image_urls":["http://numismatics.org/collectionimages/19001949/1944/1944.100.61.rev.width350.jpg"]},{"from":-215,"to":-212,"title":"RRC 41/7b. 1969.83.108","image_urls":["http://numismatics.org/collectionimages/19501999/1969/1969.83.108.rev.width350.jpg"]},{"from":-215,"to":-209,"title":"Silver Tetradrachm, Ecbatana, 215 BC - 209 BC. 1944.100.73645","image_urls":["http://numismatics.org/collectionimages/19001949/1944/1944.100.73645.rev.width350.jpg"]},{"from":-215,"to":-209,"title":"Silver Drachm, Nisa Mithradatkart, 215 BC - 209 BC. 1991.66.3","image_urls":["http://numismatics.org/collectionimages/19501999/1991/1991.66.3.rev.width350.jpg"]},{"from":-215,"to":-212,"title":"RRC 41/6a. 1969.83.380","image_urls":["http://numismatics.org/collectionimages/19501999/1969/1969.83.380.rev.width350.jpg"]},{"from":-215,"to":-212,"title":"RRC 41/5a. 1969.83.374","image_urls":["http://numismatics.org/collectionimages/19501999/1969/1969.83.374.rev.width350.jpg"]},{"from":-215,"to":-212,"title":"RRC 41/5a. 1943.127.6","image_urls":["http://numismatics.org/collectionimages/19001949/1943/1943.127.6.rev.width350.jpg"]},{"from":-215,"to":-212,"title":"RRC 41/10. 1944.100.64","image_urls":["http://numismatics.org/collectionimages/19001949/1944/1944.100.64.rev.width350.jpg"]},{"from":-215,"to":-212,"title":"RRC 41/5a. 0000.999.560","image_urls":["http://numismatics.org/collectionimages/00001899/0000/0000.999.560.rev.width350.jpg"]},{"from":-215,"to":-212,"title":"RRC 41/10. 1969.83.117","image_urls":["http://numismatics.org/collectionimages/19501999/1969/1969.83.117.rev.width350.jpg"]},{"from":-215,"to":-212,"title":"RRC 41/9. 1969.83.111","image_urls":["http://numismatics.org/collectionimages/19501999/1969/1969.83.111.rev.width350.jpg"]},{"from":-215,"to":-212,"title":"RRC 41/5a. 1954.263.63","image_urls":["http://numismatics.org/collectionimages/19501999/1954/1954.263.63.rev.width350.jpg"]},{"from":-215,"to":-210,"title":"Gold Stater, Seleuceia ad Tigrim, 215 BC - 210 BC. 1944.100.71889","image_urls":["http://numismatics.org/collectionimages/19001949/1944/1944.100.71889.rev.width350.jpg"]}]