[{"from":-217,"to":-215,"title":"RRC 39/5. 1937.158.570","image_urls":["http://numismatics.org/collectionimages/19001949/1937/1937.158.570.rev.width350.jpg"]},{"from":-217,"to":-215,"title":"RRC 39/5. 1969.83.102","image_urls":["http://numismatics.org/collectionimages/19501999/1969/1969.83.102.rev.width350.jpg"]},{"from":-217,"to":-215,"title":"RRC 38/7. 1969.83.227","image_urls":["http://numismatics.org/collectionimages/19501999/1969/1969.83.227.rev.width350.jpg"]},{"from":-217,"to":-215,"title":"RRC 38/4. 1954.263.72","image_urls":["http://numismatics.org/collectionimages/19501999/1954/1954.263.72.rev.width350.jpg"]},{"from":-217,"to":-215,"title":"RRC 38/7. 1969.83.236","image_urls":["http://numismatics.org/collectionimages/19501999/1969/1969.83.236.rev.width350.jpg"]},{"from":-217,"to":-215,"title":"RRC 38/7. 1944.100.123","image_urls":["http://numismatics.org/collectionimages/19001949/1944/1944.100.123.rev.width350.jpg"]},{"from":-217,"to":-215,"title":"RRC 38/5. 1954.263.12","image_urls":["http://numismatics.org/collectionimages/19501999/1954/1954.263.12.rev.width350.jpg"]},{"from":-217,"to":-215,"title":"RRC 38/5. 1969.83.199","image_urls":["http://numismatics.org/collectionimages/19501999/1969/1969.83.199.rev.width350.jpg"]},{"from":-217,"to":-215,"title":"RRC 39/4. 1944.100.57","image_urls":["http://numismatics.org/collectionimages/19001949/1944/1944.100.57.rev.width350.jpg"]},{"from":-217,"to":-215,"title":"RRC 38/6. 1969.83.215","image_urls":["http://numismatics.org/collectionimages/19501999/1969/1969.83.215.rev.width350.jpg"]},{"from":-217,"to":-215,"title":"RRC 38/6. 1969.83.209","image_urls":["http://numismatics.org/collectionimages/19501999/1969/1969.83.209.rev.width350.jpg"]},{"from":-217,"to":-215,"title":"RRC 38/7. 1957.172.12","image_urls":["http://numismatics.org/collectionimages/19501999/1957/1957.172.12.rev.width350.jpg"]},{"from":-217,"to":-215,"title":"RRC 38/7. 1937.158.573","image_urls":["http://numismatics.org/collectionimages/19001949/1937/1937.158.573.rev.width350.jpg"]},{"from":-217,"to":-215,"title":"RRC 38/6. 1944.100.132","image_urls":["http://numismatics.org/collectionimages/19001949/1944/1944.100.132.rev.width350.jpg"]},{"from":-217,"to":-215,"title":"RRC 38/7. 1941.131.31","image_urls":["http://numismatics.org/collectionimages/19001949/1941/1941.131.31.rev.width350.jpg"]},{"from":-217,"to":-215,"title":"RRC 38/4. 1944.100.743","image_urls":["http://numismatics.org/collectionimages/19001949/1944/1944.100.743.rev.width350.jpg"]},{"from":-217,"to":-215,"title":"RRC 39/3. 1969.83.92","image_urls":["http://numismatics.org/collectionimages/19501999/1969/1969.83.92.rev.width350.jpg"]},{"from":-217,"to":-215,"title":"RRC 38/8. 1941.131.33","image_urls":["http://numismatics.org/collectionimages/19001949/1941/1941.131.33.rev.width350.jpg"]},{"from":-217,"to":-215,"title":"RRC 39/1. 1954.18.1","image_urls":["http://numismatics.org/collectionimages/19501999/1954/1954.18.1.rev.width350.jpg"]},{"from":-217,"to":-215,"title":"RRC 38/6. 1969.83.206","image_urls":["http://numismatics.org/collectionimages/19501999/1969/1969.83.206.rev.width350.jpg"]},{"from":-217,"to":-215,"title":"RRC 38/5. 1943.102.4","image_urls":["http://numismatics.org/collectionimages/19001949/1943/1943.102.4.rev.width350.jpg"]},{"from":-217,"to":-215,"title":"RRC 39/2. 1969.83.89","image_urls":["http://numismatics.org/collectionimages/19501999/1969/1969.83.89.rev.width350.jpg"]},{"from":-217,"to":-215,"title":"RRC 38/6. 1926.999.1","image_urls":["http://numismatics.org/collectionimages/19001949/1926/1926.999.1.rev.width350.jpg"]},{"from":-217,"to":-215,"title":"RRC 39/3. 1969.83.93","image_urls":["http://numismatics.org/collectionimages/19501999/1969/1969.83.93.rev.width350.jpg"]},{"from":-217,"to":-215,"title":"RRC 38/7. 1944.100.120","image_urls":["http://numismatics.org/collectionimages/19001949/1944/1944.100.120.rev.width350.jpg"]},{"from":-217,"to":-215,"title":"RRC 39/1. 1969.83.87","image_urls":["http://numismatics.org/collectionimages/19501999/1969/1969.83.87.rev.width350.jpg"]},{"from":-217,"to":-215,"title":"RRC 39/5. 1944.100.60","image_urls":["http://numismatics.org/collectionimages/19001949/1944/1944.100.60.rev.width350.jpg"]},{"from":-217,"to":-215,"title":"RRC 38/6. 1937.158.572","image_urls":["http://numismatics.org/collectionimages/19001949/1937/1937.158.572.rev.width350.jpg"]},{"from":-217,"to":-215,"title":"RRC 39/4. 1969.83.98","image_urls":["http://numismatics.org/collectionimages/19501999/1969/1969.83.98.rev.width350.jpg"]},{"from":-217,"to":-215,"title":"RRC 38/7. 1944.100.125","image_urls":["http://numismatics.org/collectionimages/19001949/1944/1944.100.125.rev.width350.jpg"]},{"from":-217,"to":-215,"title":"RRC 38/8. 1969.83.244","image_urls":["http://numismatics.org/collectionimages/19501999/1969/1969.83.244.rev.width350.jpg"]},{"from":-217,"to":-215,"title":"RRC 39/3. 1954.18.5","image_urls":["http://numismatics.org/collectionimages/19501999/1954/1954.18.5.rev.width350.jpg"]},{"from":-217,"to":-215,"title":"RRC 39/5. 1941.131.16","image_urls":["http://numismatics.org/collectionimages/19001949/1941/1941.131.16.rev.width350.jpg"]},{"from":-217,"to":-215,"title":"RRC 38/2. 1969.83.383","image_urls":["http://numismatics.org/collectionimages/19501999/1969/1969.83.383.rev.width350.jpg"]},{"from":-217,"to":-215,"title":"RRC 38/5. 1954.18.14","image_urls":["http://numismatics.org/collectionimages/19501999/1954/1954.18.14.rev.width350.jpg"]},{"from":-217,"to":-215,"title":"RRC 38/5. 1954.263.13","image_urls":["http://numismatics.org/collectionimages/19501999/1954/1954.263.13.rev.width350.jpg"]},{"from":-217,"to":-215,"title":"RRC 38/5. 1906.236.668","image_urls":["http://numismatics.org/collectionimages/19001949/1906/1906.236.668.rev.width350.jpg"]},{"from":-217,"to":-215,"title":"RRC 39/4. 1954.263.6","image_urls":["http://numismatics.org/collectionimages/19501999/1954/1954.263.6.rev.width350.jpg"]},{"from":-217,"to":-215,"title":"RRC 38/6. 1978.999.23","image_urls":["http://numismatics.org/collectionimages/19501999/1978/1978.999.23.rev.width350.jpg"]},{"from":-217,"to":-215,"title":"RRC 38/7. 1969.83.218","image_urls":["http://numismatics.org/collectionimages/19501999/1969/1969.83.218.rev.width350.jpg"]},{"from":-217,"to":-215,"title":"RRC 38/7. 1954.263.21","image_urls":["http://numismatics.org/collectionimages/19501999/1954/1954.263.21.rev.width350.jpg"]},{"from":-217,"to":-215,"title":"RRC 39/1. 0000.999.24","image_urls":["http://numismatics.org/collectionimages/00001899/0000/0000.999.24.rev.width350.jpg"]},{"from":-217,"to":-215,"title":"RRC 38/5. 1954.18.16","image_urls":["http://numismatics.org/collectionimages/19501999/1954/1954.18.16.rev.width350.jpg"]},{"from":-217,"to":-215,"title":"RRC 38/4. 1954.263.71","image_urls":["http://numismatics.org/collectionimages/19501999/1954/1954.263.71.rev.width350.jpg"]},{"from":-217,"to":-215,"title":"RRC 38/5. 1969.83.200","image_urls":["http://numismatics.org/collectionimages/19501999/1969/1969.83.200.rev.width350.jpg"]},{"from":-217,"to":-215,"title":"RRC 38/6. 1944.100.117","image_urls":["http://numismatics.org/collectionimages/19001949/1944/1944.100.117.rev.width350.jpg"]},{"from":-217,"to":-215,"title":"RRC 39/5. 1969.83.101","image_urls":["http://numismatics.org/collectionimages/19501999/1969/1969.83.101.rev.width350.jpg"]},{"from":-217,"to":-215,"title":"RRC 39/3. 1969.83.95","image_urls":["http://numismatics.org/collectionimages/19501999/1969/1969.83.95.rev.width350.jpg"]},{"from":-217,"to":-215,"title":"RRC 39/4. 1954.263.5","image_urls":["http://numismatics.org/collectionimages/19501999/1954/1954.263.5.rev.width350.jpg"]},{"from":-217,"to":-215,"title":"RRC 38/5. 1954.18.13","image_urls":["http://numismatics.org/collectionimages/19501999/1954/1954.18.13.rev.width350.jpg"]},{"from":-217,"to":-215,"title":"RRC 39/5. 1906.236.663","image_urls":["http://numismatics.org/collectionimages/19001949/1906/1906.236.663.rev.width350.jpg"]},{"from":-217,"to":-215,"title":"RRC 38/8. 1969.83.246","image_urls":["http://numismatics.org/collectionimages/19501999/1969/1969.83.246.rev.width350.jpg"]},{"from":-217,"to":-215,"title":"RRC 39/5. 1957.172.9","image_urls":["http://numismatics.org/collectionimages/19501999/1957/1957.172.9.rev.width350.jpg"]},{"from":-217,"to":-215,"title":"RRC 39/2. 1969.83.91","image_urls":["http://numismatics.org/collectionimages/19501999/1969/1969.83.91.rev.width350.jpg"]},{"from":-217,"to":-215,"title":"RRC 39/1. 1954.263.1","image_urls":["http://numismatics.org/collectionimages/19501999/1954/1954.263.1.rev.width350.jpg"]},{"from":-217,"to":-215,"title":"RRC 38/7. 1969.83.228","image_urls":["http://numismatics.org/collectionimages/19501999/1969/1969.83.228.rev.width350.jpg"]},{"from":-217,"to":-215,"title":"RRC 39/1. 1969.83.88","image_urls":["http://numismatics.org/collectionimages/19501999/1969/1969.83.88.rev.width350.jpg"]},{"from":-217,"to":-215,"title":"RRC 39/5. 1940.126.1","image_urls":["http://numismatics.org/collectionimages/19001949/1940/1940.126.1.rev.width350.jpg"]},{"from":-217,"to":-215,"title":"RRC 38/7. 1944.100.121","image_urls":["http://numismatics.org/collectionimages/19001949/1944/1944.100.121.rev.width350.jpg"]},{"from":-217,"to":-215,"title":"RRC 38/6. 1941.131.29","image_urls":["http://numismatics.org/collectionimages/19001949/1941/1941.131.29.rev.width350.jpg"]},{"from":-217,"to":-215,"title":"RRC 39/3. 1969.83.94","image_urls":["http://numismatics.org/collectionimages/19501999/1969/1969.83.94.rev.width350.jpg"]},{"from":-217,"to":-215,"title":"RRC 38/6. 1906.236.669","image_urls":["http://numismatics.org/collectionimages/19001949/1906/1906.236.669.rev.width350.jpg"]},{"from":-217,"to":-215,"title":"RRC 38/7. 1969.83.237","image_urls":["http://numismatics.org/collectionimages/19501999/1969/1969.83.237.rev.width350.jpg"]},{"from":-217,"to":-215,"title":"RRC 38/7. 1969.83.229","image_urls":["http://numismatics.org/collectionimages/19501999/1969/1969.83.229.rev.width350.jpg"]},{"from":-217,"to":-215,"title":"RRC 38/5. 1969.83.198","image_urls":["http://numismatics.org/collectionimages/19501999/1969/1969.83.198.rev.width350.jpg"]},{"from":-217,"to":-215,"title":"RRC 39/4. 1944.100.56","image_urls":["http://numismatics.org/collectionimages/19001949/1944/1944.100.56.rev.width350.jpg"]},{"from":-217,"to":-215,"title":"RRC 38/7. 1995.11.13","image_urls":["http://numismatics.org/collectionimages/19501999/1995/1995.11.13.rev.width350.jpg"]},{"from":-217,"to":-215,"title":"RRC 38/8. 1944.100.131","image_urls":["http://numismatics.org/collectionimages/19001949/1944/1944.100.131.rev.width350.jpg"]},{"from":-217,"to":-215,"title":"RRC 38/7. 1969.83.238","image_urls":["http://numismatics.org/collectionimages/19501999/1969/1969.83.238.rev.width350.jpg"]},{"from":-217,"to":-215,"title":"RRC 38/5. 1957.172.11","image_urls":["http://numismatics.org/collectionimages/19501999/1957/1957.172.11.rev.width350.jpg"]},{"from":-217,"to":-215,"title":"RRC 38/6. 1969.83.205","image_urls":["http://numismatics.org/collectionimages/19501999/1969/1969.83.205.rev.width350.jpg"]},{"from":-217,"to":-215,"title":"RRC 39/1. 1944.100.53","image_urls":["http://numismatics.org/collectionimages/19001949/1944/1944.100.53.rev.width350.jpg"]},{"from":-217,"to":-215,"title":"RRC 38/7. 1944.100.122","image_urls":["http://numismatics.org/collectionimages/19001949/1944/1944.100.122.rev.width350.jpg"]},{"from":-217,"to":-215,"title":"RRC 38/5. 1978.999.21","image_urls":["http://numismatics.org/collectionimages/19501999/1978/1978.999.21.rev.width350.jpg"]},{"from":-217,"to":-215,"title":"RRC 39/5. 1941.131.17","image_urls":["http://numismatics.org/collectionimages/19001949/1941/1941.131.17.rev.width350.jpg"]},{"from":-217,"to":-215,"title":"RRC 39/5. 1944.100.59","image_urls":["http://numismatics.org/collectionimages/19001949/1944/1944.100.59.rev.width350.jpg"]},{"from":-217,"to":-215,"title":"RRC 38/5. 1954.18.15","image_urls":["http://numismatics.org/collectionimages/19501999/1954/1954.18.15.rev.width350.jpg"]},{"from":-217,"to":-215,"title":"RRC 38/7. 1969.83.217","image_urls":["http://numismatics.org/collectionimages/19501999/1969/1969.83.217.rev.width350.jpg"]},{"from":-217,"to":-215,"title":"RRC 39/3. 0000.999.26","image_urls":["http://numismatics.org/collectionimages/00001899/0000/0000.999.26.rev.width350.jpg"]},{"from":-217,"to":-215,"title":"RRC 39/5. 1969.83.106","image_urls":["http://numismatics.org/collectionimages/19501999/1969/1969.83.106.rev.width350.jpg"]},{"from":-217,"to":-215,"title":"RRC 38/5. 1954.18.12","image_urls":["http://numismatics.org/collectionimages/19501999/1954/1954.18.12.rev.width350.jpg"]},{"from":-217,"to":-215,"title":"RRC 38/6. 1944.100.116","image_urls":["http://numismatics.org/collectionimages/19001949/1944/1944.100.116.rev.width350.jpg"]},{"from":-217,"to":-215,"title":"RRC 39/4. 1969.83.100","image_urls":["http://numismatics.org/collectionimages/19501999/1969/1969.83.100.rev.width350.jpg"]},{"from":-217,"to":-215,"title":"RRC 39/3. 1954.263.4","image_urls":["http://numismatics.org/collectionimages/19501999/1954/1954.263.4.rev.width350.jpg"]},{"from":-217,"to":-215,"title":"RRC 38/5. 1969.83.203","image_urls":["http://numismatics.org/collectionimages/19501999/1969/1969.83.203.rev.width350.jpg"]},{"from":-217,"to":-215,"title":"RRC 38/7. 1944.100.126","image_urls":["http://numismatics.org/collectionimages/19001949/1944/1944.100.126.rev.width350.jpg"]},{"from":-217,"to":-215,"title":"RRC 38/7. 1969.83.224","image_urls":["http://numismatics.org/collectionimages/19501999/1969/1969.83.224.rev.width350.jpg"]},{"from":-217,"to":-215,"title":"RRC 39/2. 1944.100.54","image_urls":["http://numismatics.org/collectionimages/19001949/1944/1944.100.54.rev.width350.jpg"]},{"from":-217,"to":-215,"title":"RRC 38/5. 1954.18.10","image_urls":["http://numismatics.org/collectionimages/19501999/1954/1954.18.10.rev.width350.jpg"]},{"from":-217,"to":-215,"title":"RRC 39/2. 1954.263.2","image_urls":["http://numismatics.org/collectionimages/19501999/1954/1954.263.2.rev.width350.jpg"]},{"from":-217,"to":-215,"title":"RRC 38/5. 1954.263.14","image_urls":["http://numismatics.org/collectionimages/19501999/1954/1954.263.14.rev.width350.jpg"]},{"from":-217,"to":-215,"title":"RRC 38/4. 1944.100.742","image_urls":["http://numismatics.org/collectionimages/19001949/1944/1944.100.742.rev.width350.jpg"]},{"from":-217,"to":-215,"title":"RRC 39/1. 1932.999.2","image_urls":["http://numismatics.org/collectionimages/19001949/1932/1932.999.2.rev.width350.jpg"]},{"from":-217,"to":-215,"title":"RRC 38/6. 1954.18.18","image_urls":["http://numismatics.org/collectionimages/19501999/1954/1954.18.18.rev.width350.jpg"]},{"from":-217,"to":-215,"title":"RRC 39/5. 1969.83.105","image_urls":["http://numismatics.org/collectionimages/19501999/1969/1969.83.105.rev.width350.jpg"]},{"from":-217,"to":-215,"title":"RRC 38/6. 1969.83.210","image_urls":["http://numismatics.org/collectionimages/19501999/1969/1969.83.210.rev.width350.jpg"]},{"from":-217,"to":-215,"title":"RRC 38/6. 1969.83.204","image_urls":["http://numismatics.org/collectionimages/19501999/1969/1969.83.204.rev.width350.jpg"]},{"from":-217,"to":-215,"title":"RRC 38/7. 1954.263.22","image_urls":["http://numismatics.org/collectionimages/19501999/1954/1954.263.22.rev.width350.jpg"]},{"from":-217,"to":-215,"title":"RRC 39/3. 0000.999.25","image_urls":["http://numismatics.org/collectionimages/00001899/0000/0000.999.25.rev.width350.jpg"]},{"from":-217,"to":-215,"title":"Silver 1 scruple, Populonia, 217 BC - 215 BC. 1944.100.1976","image_urls":["http://numismatics.org/collectionimages/19001949/1944/1944.100.1976.rev.width350.jpg"]},{"from":-217,"to":-215,"title":"RRC 38/5. 1969.83.201","image_urls":["http://numismatics.org/collectionimages/19501999/1969/1969.83.201.rev.width350.jpg"]},{"from":-217,"to":-215,"title":"RRC 39/5. 1944.100.58","image_urls":["http://numismatics.org/collectionimages/19001949/1944/1944.100.58.rev.width350.jpg"]},{"from":-217,"to":-215,"title":"RRC 38/7. 1944.100.124","image_urls":["http://numismatics.org/collectionimages/19001949/1944/1944.100.124.rev.width350.jpg"]},{"from":-217,"to":-215,"title":"RRC 39/1. 1954.18.2","image_urls":["http://numismatics.org/collectionimages/19501999/1954/1954.18.2.rev.width350.jpg"]},{"from":-217,"to":-215,"title":"RRC 38/5. 1969.83.197","image_urls":["http://numismatics.org/collectionimages/19501999/1969/1969.83.197.rev.width350.jpg"]},{"from":-217,"to":-215,"title":"RRC 39/3. 1944.100.55","image_urls":["http://numismatics.org/collectionimages/19001949/1944/1944.100.55.rev.width350.jpg"]},{"from":-217,"to":-215,"title":"RRC 38/7. 1954.263.19","image_urls":["http://numismatics.org/collectionimages/19501999/1954/1954.263.19.rev.width350.jpg"]},{"from":-217,"to":-215,"title":"RRC 38/5. 1944.100.115","image_urls":["http://numismatics.org/collectionimages/19001949/1944/1944.100.115.rev.width350.jpg"]},{"from":-217,"to":-215,"title":"RRC 39/3. 1954.263.3","image_urls":["http://numismatics.org/collectionimages/19501999/1954/1954.263.3.rev.width350.jpg"]},{"from":-217,"to":-215,"title":"RRC 38/6. 1969.83.207","image_urls":["http://numismatics.org/collectionimages/19501999/1969/1969.83.207.rev.width350.jpg"]},{"from":-217,"to":-215,"title":"Silver 20 asses, Populonia, 217 BC - 215 BC. 1949.100.10","image_urls":["http://numismatics.org/collectionimages/19001949/1949/1949.100.10.rev.width350.jpg"]},{"from":-217,"to":-215,"title":"RRC 38/7. 1995.11.12","image_urls":["http://numismatics.org/collectionimages/19501999/1995/1995.11.12.rev.width350.jpg"]},{"from":-217,"to":-215,"title":"RRC 38/5. 1954.18.11","image_urls":["http://numismatics.org/collectionimages/19501999/1954/1954.18.11.rev.width350.jpg"]},{"from":-217,"to":-215,"title":"RRC 38/1. 1969.83.368","image_urls":["http://numismatics.org/collectionimages/19501999/1969/1969.83.368.rev.width350.jpg"]},{"from":-217,"to":-215,"title":"RRC 38/6. 1944.100.118","image_urls":["http://numismatics.org/collectionimages/19001949/1944/1944.100.118.rev.width350.jpg"]},{"from":-217,"to":-215,"title":"RRC 38/7. 1969.83.225","image_urls":["http://numismatics.org/collectionimages/19501999/1969/1969.83.225.rev.width350.jpg"]},{"from":-217,"to":-215,"title":"RRC 38/6. 1954.18.17","image_urls":["http://numismatics.org/collectionimages/19501999/1954/1954.18.17.rev.width350.jpg"]},{"from":-217,"to":-215,"title":"RRC 39/4. 1947.97.2","image_urls":["http://numismatics.org/collectionimages/19001949/1947/1947.97.2.rev.width350.jpg"]},{"from":-217,"to":-215,"title":"RRC 39/2. 1969.83.90","image_urls":["http://numismatics.org/collectionimages/19501999/1969/1969.83.90.rev.width350.jpg"]},{"from":-217,"to":-215,"title":"RRC 39/4. 1969.83.99","image_urls":["http://numismatics.org/collectionimages/19501999/1969/1969.83.99.rev.width350.jpg"]},{"from":-217,"to":-215,"title":"RRC 38/6. 1969.83.212","image_urls":["http://numismatics.org/collectionimages/19501999/1969/1969.83.212.rev.width350.jpg"]},{"from":-217,"to":-215,"title":"RRC 38/8. 1969.83.248","image_urls":["http://numismatics.org/collectionimages/19501999/1969/1969.83.248.rev.width350.jpg"]},{"from":-217,"to":-215,"title":"RRC 38/7. 1969.83.233","image_urls":["http://numismatics.org/collectionimages/19501999/1969/1969.83.233.rev.width350.jpg"]},{"from":-217,"to":-215,"title":"RRC 38/7. 1969.83.223","image_urls":["http://numismatics.org/collectionimages/19501999/1969/1969.83.223.rev.width350.jpg"]},{"from":-217,"to":-215,"title":"RRC 38/7. 1944.100.119","image_urls":["http://numismatics.org/collectionimages/19001949/1944/1944.100.119.rev.width350.jpg"]},{"from":-217,"to":-215,"title":"RRC 39/4. 1969.83.97","image_urls":["http://numismatics.org/collectionimages/19501999/1969/1969.83.97.rev.width350.jpg"]},{"from":-217,"to":-215,"title":"RRC 38/5. 1969.83.202","image_urls":["http://numismatics.org/collectionimages/19501999/1969/1969.83.202.rev.width350.jpg"]},{"from":-217,"to":-215,"title":"RRC 38/6. 1978.999.22","image_urls":["http://numismatics.org/collectionimages/19501999/1978/1978.999.22.rev.width350.jpg"]},{"from":-217,"to":-215,"title":"RRC 38/7. 1969.83.219","image_urls":["http://numismatics.org/collectionimages/19501999/1969/1969.83.219.rev.width350.jpg"]}]