[{"from":-220,"to":-215,"title":"Silver Drachm, Nisa Mithradatkart, 220 BC - 215 BC. 1991.65.1","image_urls":["http://numismatics.org/collectionimages/19501999/1991/1991.65.1.rev.width350.jpg"]},{"from":-220,"to":-215,"title":"Silver Drachm, Nisa Mithradatkart, 220 BC - 215 BC. 1976.72.1","image_urls":["http://numismatics.org/collectionimages/19501999/1976/1976.72.1.rev.width350.jpg"]},{"from":-220,"to":-49,"title":"Silver Drachm, Massalia, 220 BC - 49 BC. 2012.49.139","image_urls":["http://numismatics.org/collectionimages/20002049/2012/2012.49.139.rev.width350.jpg"]},{"from":-220,"to":-207,"title":"Silver 1/6 shekel, Metapontum, 220 BC - 207 BC. 2004.12.2","image_urls":["http://numismatics.org/collectionimages/20002049/2004/2004.12.2.rev.width350.jpg"]},{"from":-220,"to":-49,"title":"Silver Drachm, Massalia, 220 BC - 49 BC. 1957.172.747","image_urls":["http://numismatics.org/collectionimages/19501999/1957/1957.172.747.rev.width350.jpg"]}]