[{"from":-221,"to":-201,"title":"Coin of Ptolemy IV Philopator, Alexandria, 221 B.C.-201 B.C. 1890.","image_urls":["http://coins.lib.virginia.edu/images/coins/screen/n1890_rev.jpg"]},{"from":-221,"to":-205,"title":"Silver Tetradrachm, Alexandreia, 221 BC - 205 BC. 1980.109.96","image_urls":["http://numismatics.org/collectionimages/19501999/1980/1980.109.96.rev.width350.jpg"]},{"from":-221,"to":-205,"title":"Bronze Coin, Alexandreia, 221 BC - 205 BC. 1944.100.77242","image_urls":["http://numismatics.org/collectionimages/19001949/1944/1944.100.77242.rev.width350.jpg"]},{"from":-221,"to":-203,"title":"Bronze Coin, Tyre, 221 BC - 203 BC. 1944.100.77287","image_urls":["http://numismatics.org/collectionimages/19001949/1944/1944.100.77287.rev.width350.jpg"]},{"from":-221,"to":-205,"title":"Silver Tetradrachm, Alexandreia, 221 BC - 205 BC. 1944.100.77210","image_urls":["http://numismatics.org/collectionimages/19001949/1944/1944.100.77210.rev.width350.jpg"]},{"from":-221,"to":-205,"title":"Silver Tetradrachm, Alexandreia, 221 BC - 205 BC. 1948.19.2419","image_urls":["http://numismatics.org/collectionimages/19001949/1948/1948.19.2419.rev.width350.jpg"]},{"from":-221,"to":-205,"title":"Bronze Coin, Alexandreia, 221 BC - 205 BC. 1974.26.5585","image_urls":["http://numismatics.org/collectionimages/19501999/1974/1974.26.5585.rev.width350.jpg"]},{"from":-221,"to":-203,"title":"Bronze Coin, Tyre, 221 BC - 203 BC. 1944.100.77286","image_urls":["http://numismatics.org/collectionimages/19001949/1944/1944.100.77286.rev.width350.jpg"]},{"from":-221,"to":-205,"title":"Bronze Coin, Alexandreia, 221 BC - 205 BC. 1944.100.77222","image_urls":["http://numismatics.org/collectionimages/19001949/1944/1944.100.77222.rev.width350.jpg"]},{"from":-221,"to":-203,"title":"Silver Tetradrachm, Sidon, 221 BC - 203 BC. 1967.152.651","image_urls":["http://numismatics.org/collectionimages/19501999/1967/1967.152.651.rev.width350.jpg"]},{"from":-221,"to":-203,"title":"Silver Tetradrachm, Sidon, 221 BC - 203 BC. 1944.100.77284","image_urls":["http://numismatics.org/collectionimages/19001949/1944/1944.100.77284.rev.width350.jpg"]},{"from":-221,"to":-205,"title":"Bronze Coin, Alexandreia, 221 BC - 205 BC. 1953.171.1766","image_urls":["http://numismatics.org/collectionimages/19501999/1953/1953.171.1766.rev.width350.jpg"]},{"from":-221,"to":-205,"title":"Silver Tetradrachm, Alexandreia, 221 BC - 205 BC. 1944.100.77209","image_urls":["http://numismatics.org/collectionimages/19001949/1944/1944.100.77209.rev.width350.jpg"]},{"from":-221,"to":-205,"title":"Silver Tetradrachm, Alexandreia, 221 BC - 205 BC. 1944.100.77211","image_urls":["http://numismatics.org/collectionimages/19001949/1944/1944.100.77211.rev.width350.jpg"]},{"from":-221,"to":-205,"title":"Bronze Coin, Alexandreia, 221 BC - 205 BC. 1952.142.468","image_urls":["http://numismatics.org/collectionimages/19501999/1952/1952.142.468.rev.width350.jpg"]},{"from":-221,"to":-205,"title":"Bronze Coin, Alexandreia, 221 BC - 205 BC. 1944.100.77198","image_urls":["http://numismatics.org/collectionimages/19001949/1944/1944.100.77198.rev.width350.jpg"]},{"from":-221,"to":-205,"title":"Silver Tetradrachm, Alexandreia, 221 BC - 205 BC. 1935.117.1099","image_urls":["http://numismatics.org/collectionimages/19001949/1935/1935.117.1099.rev.width350.jpg"]},{"from":-221,"to":-205,"title":"Gold octadrachm, Alexandreia, 221 BC - 205 BC. 1980.109.97","image_urls":["http://numismatics.org/collectionimages/19501999/1980/1980.109.97.rev.width350.jpg"]},{"from":-221,"to":-205,"title":"Bronze Coin, Alexandreia, 221 BC - 205 BC. 1944.100.77256","image_urls":["http://numismatics.org/collectionimages/19001949/1944/1944.100.77256.rev.width350.jpg"]},{"from":-221,"to":-205,"title":"Bronze Coin, Alexandreia, 221 BC - 205 BC. 1944.100.77229","image_urls":["http://numismatics.org/collectionimages/19001949/1944/1944.100.77229.rev.width350.jpg"]},{"from":-221,"to":-205,"title":"Bronze Coin, Alexandreia, 221 BC - 205 BC. 1944.100.77262","image_urls":["http://numismatics.org/collectionimages/19001949/1944/1944.100.77262.rev.width350.jpg"]},{"from":-221,"to":-203,"title":"Bronze Coin, Tyre, 221 BC - 203 BC. 1934.97.6","image_urls":["http://numismatics.org/collectionimages/19001949/1934/1934.97.6.rev.width350.jpg"]},{"from":-221,"to":-205,"title":"Gold octadrachm, Alexandreia, 221 BC - 205 BC. 1944.100.57794","image_urls":["http://numismatics.org/collectionimages/19001949/1944/1944.100.57794.rev.width350.jpg"]},{"from":-221,"to":-205,"title":"Silver Tetradrachm, Alexandreia, 221 BC - 205 BC. 1977.158.825","image_urls":["http://numismatics.org/collectionimages/19501999/1977/1977.158.825.rev.width350.jpg"]},{"from":-221,"to":-205,"title":"Bronze Coin, Alexandreia, 221 BC - 205 BC. 1944.100.77235","image_urls":["http://numismatics.org/collectionimages/19001949/1944/1944.100.77235.rev.width350.jpg"]},{"from":-221,"to":-205,"title":"Bronze Coin, Alexandreia, 221 BC - 205 BC. 1944.100.77230","image_urls":["http://numismatics.org/collectionimages/19001949/1944/1944.100.77230.rev.width350.jpg"]},{"from":-221,"to":-203,"title":"Silver Tetradrachm, Alexandreia, 221 BC - 203 BC. 1974.26.5285","image_urls":["http://numismatics.org/collectionimages/19501999/1974/1974.26.5285.rev.width350.jpg"]},{"from":-221,"to":-205,"title":"Bronze Coin, Alexandreia, 221 BC - 205 BC. 1944.100.77254","image_urls":["http://numismatics.org/collectionimages/19001949/1944/1944.100.77254.rev.width350.jpg"]},{"from":-221,"to":-205,"title":"Silver Tetradrachm, Paphos, 221 BC - 205 BC. 1944.100.77212","image_urls":["http://numismatics.org/collectionimages/19001949/1944/1944.100.77212.rev.width350.jpg"]},{"from":-221,"to":-205,"title":"Bronze Coin, Alexandreia, 221 BC - 205 BC. 1944.100.77248","image_urls":["http://numismatics.org/collectionimages/19001949/1944/1944.100.77248.rev.width350.jpg"]},{"from":-221,"to":-220,"title":"Bronze Double, Seleuceia ad Tigrim, 221 BC - 220 BC. 1979.102.1","image_urls":["http://numismatics.org/collectionimages/19501999/1979/1979.102.1.rev.width350.jpg"]},{"from":-221,"to":-205,"title":"Bronze Coin, Alexandreia, 221 BC - 205 BC. 1944.100.77252","image_urls":["http://numismatics.org/collectionimages/19001949/1944/1944.100.77252.rev.width350.jpg"]},{"from":-221,"to":-205,"title":"Bronze Coin, Alexandreia, 221 BC - 205 BC. 1954.178.5","image_urls":["http://numismatics.org/collectionimages/19501999/1954/1954.178.5.rev.width350.jpg"]},{"from":-221,"to":-203,"title":"Bronze Coin, Tyre, 221 BC - 203 BC. 1944.100.77285","image_urls":["http://numismatics.org/collectionimages/19001949/1944/1944.100.77285.rev.width350.jpg"]},{"from":-221,"to":-205,"title":"Bronze Coin, Alexandreia, 221 BC - 205 BC. 1974.26.5583","image_urls":["http://numismatics.org/collectionimages/19501999/1974/1974.26.5583.rev.width350.jpg"]},{"from":-221,"to":-205,"title":"Bronze Coin, Alexandreia, 221 BC - 205 BC. 1944.100.77234","image_urls":["http://numismatics.org/collectionimages/19001949/1944/1944.100.77234.rev.width350.jpg"]},{"from":-221,"to":-205,"title":"Bronze Coin, Alexandreia, 221 BC - 205 BC. 1953.171.1770","image_urls":["http://numismatics.org/collectionimages/19501999/1953/1953.171.1770.rev.width350.jpg"]},{"from":-221,"to":-205,"title":"Bronze Coin, Alexandreia, 221 BC - 205 BC. 1944.100.77228","image_urls":["http://numismatics.org/collectionimages/19001949/1944/1944.100.77228.rev.width350.jpg"]},{"from":-221,"to":-205,"title":"Silver Tetradrachm, Tyre, 221 BC - 205 BC. 1944.100.77213","image_urls":["http://numismatics.org/collectionimages/19001949/1944/1944.100.77213.rev.width350.jpg"]},{"from":-221,"to":-205,"title":"Bronze Coin, Alexandreia, 221 BC - 205 BC. 1944.100.77240","image_urls":["http://numismatics.org/collectionimages/19001949/1944/1944.100.77240.rev.width350.jpg"]},{"from":-221,"to":-205,"title":"Bronze Coin, Alexandreia, 221 BC - 205 BC. 1944.100.77249","image_urls":["http://numismatics.org/collectionimages/19001949/1944/1944.100.77249.rev.width350.jpg"]},{"from":-221,"to":-205,"title":"Bronze Coin, Alexandreia, 221 BC - 205 BC. 1944.100.77258","image_urls":["http://numismatics.org/collectionimages/19001949/1944/1944.100.77258.rev.width350.jpg"]},{"from":-221,"to":-205,"title":"Bronze Coin, Cyrene, 221 BC - 205 BC. 1925.176.171","image_urls":["http://numismatics.org/collectionimages/19001949/1925/1925.176.171.rev.width350.jpg"]},{"from":-221,"to":-205,"title":"Bronze Coin, Alexandreia, 221 BC - 205 BC. 1944.100.77238","image_urls":["http://numismatics.org/collectionimages/19001949/1944/1944.100.77238.rev.width350.jpg"]},{"from":-221,"to":-203,"title":"Bronze Coin, Tyre, 221 BC - 203 BC. 1944.100.77290","image_urls":["http://numismatics.org/collectionimages/19001949/1944/1944.100.77290.rev.width350.jpg"]},{"from":-221,"to":-205,"title":"Bronze Coin, Alexandreia, 221 BC - 205 BC. 1944.100.77246","image_urls":["http://numismatics.org/collectionimages/19001949/1944/1944.100.77246.rev.width350.jpg"]}]