[{"from":-223,"to":-187,"title":"Silver Tetradrachm, Sardes, 223 BC - 187 BC. 1944.100.78235","image_urls":["http://numismatics.org/collectionimages/19001949/1944/1944.100.78235.rev.width350.jpg"]},{"from":-223,"to":-221,"title":"Silver Tetradrachm, Seleuceia ad Tigrim, 223 BC - 221 BC. 1944.100.71879","image_urls":["http://numismatics.org/collectionimages/19001949/1944/1944.100.71879.rev.width350.jpg"]},{"from":-223,"to":-187,"title":"Silver didrachm, Carystus, 223 BC - 187 BC. 1944.100.20280","image_urls":["http://numismatics.org/collectionimages/19001949/1944/1944.100.20280.rev.width350.jpg"]},{"from":-223,"to":-220,"title":"Gold Stater, Susa, 223 BC - 220 BC. 1967.152.579","image_urls":["http://numismatics.org/collectionimages/19501999/1967/1967.152.579.rev.width350.jpg"]},{"from":-223,"to":-213,"title":"Bronze Coin, Antioch, 223 BC - 213 BC. 1944.100.75145","image_urls":["http://numismatics.org/collectionimages/19001949/1944/1944.100.75145.rev.width350.jpg"]}]