[{"from":-225,"to":-212,"title":"RRC 28/3. 1944.100.43","image_urls":["http://numismatics.org/collectionimages/19001949/1944/1944.100.43.rev.width350.jpg"]},{"from":-225,"to":-212,"title":"RRC 28/3. 1969.83.81","image_urls":["http://numismatics.org/collectionimages/19501999/1969/1969.83.81.rev.width350.jpg"]},{"from":-225,"to":-212,"title":"RRC 28/3. 1984.88.11","image_urls":["http://numismatics.org/collectionimages/19501999/1984/1984.88.11.rev.width350.jpg"]},{"from":-225,"to":-217,"title":"RRC 35/4. 1969.83.341","image_urls":["http://numismatics.org/collectionimages/19501999/1969/1969.83.341.rev.width350.jpg"]},{"from":-225,"to":-217,"title":"RRC 35/5. 1954.263.54","image_urls":["http://numismatics.org/collectionimages/19501999/1954/1954.263.54.rev.width350.jpg"]},{"from":-225,"to":-217,"title":"RRC 35/3a. 1969.83.335","image_urls":["http://numismatics.org/collectionimages/19501999/1969/1969.83.335.rev.width350.jpg"]},{"from":-225,"to":-217,"title":"RRC 35/3a. 1969.83.329","image_urls":["http://numismatics.org/collectionimages/19501999/1969/1969.83.329.rev.width350.jpg"]},{"from":-225,"to":-212,"title":"RRC 28/3. 1944.100.42","image_urls":["http://numismatics.org/collectionimages/19001949/1944/1944.100.42.rev.width350.jpg"]},{"from":-225,"to":-217,"title":"RRC 35/4. 1954.263.48","image_urls":["http://numismatics.org/collectionimages/19501999/1954/1954.263.48.rev.width350.jpg"]},{"from":-225,"to":-217,"title":"RRC 35/2. 1969.83.320","image_urls":["http://numismatics.org/collectionimages/19501999/1969/1969.83.320.rev.width350.jpg"]},{"from":-225,"to":-217,"title":"RRC 35/5. 0000.999.553","image_urls":["http://numismatics.org/collectionimages/00001899/0000/0000.999.553.rev.width350.jpg"]},{"from":-225,"to":-217,"title":"RRC 35/1. 0000.999.547","image_urls":["http://numismatics.org/collectionimages/00001899/0000/0000.999.547.rev.width350.jpg"]},{"from":-225,"to":-217,"title":"RRC 35/5. 1969.83.350","image_urls":["http://numismatics.org/collectionimages/19501999/1969/1969.83.350.rev.width350.jpg"]},{"from":-225,"to":-217,"title":"RRC 35/2. 1944.100.729","image_urls":["http://numismatics.org/collectionimages/19001949/1944/1944.100.729.rev.width350.jpg"]},{"from":-225,"to":-217,"title":"RRC 35/6. 1954.263.57","image_urls":["http://numismatics.org/collectionimages/19501999/1954/1954.263.57.rev.width350.jpg"]},{"from":-225,"to":-212,"title":"RRC 28/3. 2002.46.16","image_urls":["http://numismatics.org/collectionimages/20002049/2002/2002.46.16.rev.width350.jpg"]},{"from":-225,"to":-200,"title":"Silver 4 obol (tetrobol), Chalcis, 225 BC - 200 BC. 1944.100.20297","image_urls":["http://numismatics.org/collectionimages/19001949/1944/1944.100.20297.rev.width350.jpg"]},{"from":-225,"to":-217,"title":"RRC 36/4. 0000.999.562","image_urls":["http://numismatics.org/collectionimages/00001899/0000/0000.999.562.rev.width350.jpg"]},{"from":-225,"to":-217,"title":"RRC 35/4. 1969.83.338","image_urls":["http://numismatics.org/collectionimages/19501999/1969/1969.83.338.rev.width350.jpg"]},{"from":-225,"to":-217,"title":"RRC 36/4. 1969.83.365","image_urls":["http://numismatics.org/collectionimages/19501999/1969/1969.83.365.rev.width350.jpg"]},{"from":-225,"to":-200,"title":"Silver 4 obol (tetrobol), Chalcis, 225 BC - 200 BC. 1944.100.20299","image_urls":["http://numismatics.org/collectionimages/19001949/1944/1944.100.20299.rev.width350.jpg"]},{"from":-225,"to":-217,"title":"RRC 35/4. 1941.131.128","image_urls":["http://numismatics.org/collectionimages/19001949/1941/1941.131.128.rev.width350.jpg"]},{"from":-225,"to":-212,"title":"RRC 28/4. 1944.100.48","image_urls":["http://numismatics.org/collectionimages/19001949/1944/1944.100.48.rev.width350.jpg"]},{"from":-225,"to":-212,"title":"RRC 28/3. 2002.46.4","image_urls":["http://numismatics.org/collectionimages/20002049/2002/2002.46.4.rev.width350.jpg"]},{"from":-225,"to":-217,"title":"RRC 35/3a. 1978.64.276","image_urls":["http://numismatics.org/collectionimages/19501999/1978/1978.64.276.rev.width350.jpg"]},{"from":-225,"to":-217,"title":"RRC 36/1. 1969.83.361","image_urls":["http://numismatics.org/collectionimages/19501999/1969/1969.83.361.rev.width350.jpg"]},{"from":-225,"to":-217,"title":"RRC 35/6. 1969.83.355","image_urls":["http://numismatics.org/collectionimages/19501999/1969/1969.83.355.rev.width350.jpg"]},{"from":-225,"to":-212,"title":"RRC 28/5. 2011.76.1","image_urls":["http://numismatics.org/collectionimages/20002049/2011/2011.76.1.rev.width350.jpg"]},{"from":-225,"to":-212,"title":"RRC 28/3. 1984.88.3","image_urls":["http://numismatics.org/collectionimages/19501999/1984/1984.88.3.rev.width350.jpg"]},{"from":-225,"to":-217,"title":"RRC 35/5. 0000.999.550","image_urls":["http://numismatics.org/collectionimages/00001899/0000/0000.999.550.rev.width350.jpg"]},{"from":-225,"to":-212,"title":"RRC 28/3. 1952.63.1","image_urls":["http://numismatics.org/collectionimages/19501999/1952/1952.63.1.rev.width350.jpg"]},{"from":-225,"to":-217,"title":"RRC 35/4. 1969.83.347","image_urls":["http://numismatics.org/collectionimages/19501999/1969/1969.83.347.rev.width350.jpg"]},{"from":-225,"to":-217,"title":"RRC 35/5. 1954.263.51","image_urls":["http://numismatics.org/collectionimages/19501999/1954/1954.263.51.rev.width350.jpg"]},{"from":-225,"to":-217,"title":"RRC 35/6. 1967.153.9","image_urls":["http://numismatics.org/collectionimages/19501999/1967/1967.153.9.rev.width350.jpg"]},{"from":-225,"to":-217,"title":"RRC 35/3a. 1969.83.332","image_urls":["http://numismatics.org/collectionimages/19501999/1969/1969.83.332.rev.width350.jpg"]},{"from":-225,"to":-217,"title":"RRC 36/1. 0000.999.555","image_urls":["http://numismatics.org/collectionimages/00001899/0000/0000.999.555.rev.width350.jpg"]},{"from":-225,"to":-212,"title":"RRC 28/3. 1952.63.6","image_urls":["http://numismatics.org/collectionimages/19501999/1952/1952.63.6.rev.width350.jpg"]},{"from":-225,"to":-217,"title":"RRC 35/1. 1954.263.41","image_urls":["http://numismatics.org/collectionimages/19501999/1954/1954.263.41.rev.width350.jpg"]},{"from":-225,"to":-212,"title":"RRC 28/3. 1969.83.83","image_urls":["http://numismatics.org/collectionimages/19501999/1969/1969.83.83.rev.width350.jpg"]},{"from":-225,"to":-217,"title":"RRC 35/6. 1969.83.356","image_urls":["http://numismatics.org/collectionimages/19501999/1969/1969.83.356.rev.width350.jpg"]},{"from":-225,"to":-212,"title":"RRC 28/3. 1906.236.689","image_urls":["http://numismatics.org/collectionimages/19001949/1906/1906.236.689.rev.width350.jpg"]},{"from":-225,"to":-212,"title":"RRC 28/3. 2002.46.13","image_urls":["http://numismatics.org/collectionimages/20002049/2002/2002.46.13.rev.width350.jpg"]},{"from":-225,"to":-212,"title":"RRC 28/3. 1995.11.9","image_urls":["http://numismatics.org/collectionimages/19501999/1995/1995.11.9.rev.width350.jpg"]},{"from":-225,"to":-217,"title":"RRC 36/2. 1969.83.362","image_urls":["http://numismatics.org/collectionimages/19501999/1969/1969.83.362.rev.width350.jpg"]},{"from":-225,"to":-212,"title":"RRC 28/3. 2002.46.8","image_urls":["http://numismatics.org/collectionimages/20002049/2002/2002.46.8.rev.width350.jpg"]},{"from":-225,"to":-212,"title":"RRC 28/3. 1952.63.4","image_urls":["http://numismatics.org/collectionimages/19501999/1952/1952.63.4.rev.width350.jpg"]},{"from":-225,"to":-217,"title":"RRC 36/1. 0000.999.556","image_urls":["http://numismatics.org/collectionimages/00001899/0000/0000.999.556.rev.width350.jpg"]},{"from":-225,"to":-212,"title":"RRC 28/3. 1984.88.9","image_urls":["http://numismatics.org/collectionimages/19501999/1984/1984.88.9.rev.width350.jpg"]},{"from":-225,"to":-200,"title":"Silver 4 obol (tetrobol), Chalcis, 225 BC - 200 BC. 1944.100.20296","image_urls":["http://numismatics.org/collectionimages/19001949/1944/1944.100.20296.rev.width350.jpg"]},{"from":-225,"to":-200,"title":"Silver 4 obol (tetrobol), Chalcis, 225 BC - 200 BC. 1944.100.20300","image_urls":["http://numismatics.org/collectionimages/19001949/1944/1944.100.20300.rev.width350.jpg"]},{"from":-225,"to":-217,"title":"RRC 35/6. 1969.83.352","image_urls":["http://numismatics.org/collectionimages/19501999/1969/1969.83.352.rev.width350.jpg"]},{"from":-225,"to":-212,"title":"RRC 28/3. 1984.88.6","image_urls":["http://numismatics.org/collectionimages/19501999/1984/1984.88.6.rev.width350.jpg"]},{"from":-225,"to":-217,"title":"RRC 35/5. 1944.100.732","image_urls":["http://numismatics.org/collectionimages/19001949/1944/1944.100.732.rev.width350.jpg"]},{"from":-225,"to":-212,"title":"RRC 28/3. 1944.100.45","image_urls":["http://numismatics.org/collectionimages/19001949/1944/1944.100.45.rev.width350.jpg"]},{"from":-225,"to":-212,"title":"RRC 28/3. 1984.88.10","image_urls":["http://numismatics.org/collectionimages/19501999/1984/1984.88.10.rev.width350.jpg"]},{"from":-225,"to":-217,"title":"RRC 35/3a. 1906.236.667","image_urls":["http://numismatics.org/collectionimages/19001949/1906/1906.236.667.rev.width350.jpg"]},{"from":-225,"to":-212,"title":"RRC 28/3. 2002.46.12","image_urls":["http://numismatics.org/collectionimages/20002049/2002/2002.46.12.rev.width350.jpg"]},{"from":-225,"to":-212,"title":"RRC 28/3. 1941.131.15","image_urls":["http://numismatics.org/collectionimages/19001949/1941/1941.131.15.rev.width350.jpg"]},{"from":-225,"to":-217,"title":"RRC 35/4. 1969.83.340","image_urls":["http://numismatics.org/collectionimages/19501999/1969/1969.83.340.rev.width350.jpg"]},{"from":-225,"to":-217,"title":"RRC 35/3a. 1969.83.334","image_urls":["http://numismatics.org/collectionimages/19501999/1969/1969.83.334.rev.width350.jpg"]},{"from":-225,"to":-212,"title":"RRC 28/3. 1952.63.3","image_urls":["http://numismatics.org/collectionimages/19501999/1952/1952.63.3.rev.width350.jpg"]},{"from":-225,"to":-217,"title":"RRC 35/5. 1969.83.349","image_urls":["http://numismatics.org/collectionimages/19501999/1969/1969.83.349.rev.width350.jpg"]},{"from":-225,"to":-217,"title":"RRC 35/2. 1906.236.688","image_urls":["http://numismatics.org/collectionimages/19001949/1906/1906.236.688.rev.width350.jpg"]},{"from":-225,"to":-217,"title":"RRC 35/5. 1954.263.53","image_urls":["http://numismatics.org/collectionimages/19501999/1954/1954.263.53.rev.width350.jpg"]},{"from":-225,"to":-212,"title":"RRC 28/3. 1969.83.80","image_urls":["http://numismatics.org/collectionimages/19501999/1969/1969.83.80.rev.width350.jpg"]},{"from":-225,"to":-212,"title":"RRC 28/3. 2002.46.7","image_urls":["http://numismatics.org/collectionimages/20002049/2002/2002.46.7.rev.width350.jpg"]},{"from":-225,"to":-217,"title":"RRC 35/6. 1969.83.351","image_urls":["http://numismatics.org/collectionimages/19501999/1969/1969.83.351.rev.width350.jpg"]},{"from":-225,"to":-217,"title":"RRC 35/4. 1943.127.4","image_urls":["http://numismatics.org/collectionimages/19001949/1943/1943.127.4.rev.width350.jpg"]},{"from":-225,"to":-212,"title":"RRC 28/3. 2002.46.3","image_urls":["http://numismatics.org/collectionimages/20002049/2002/2002.46.3.rev.width350.jpg"]},{"from":-225,"to":-217,"title":"RRC 35/5. 1969.83.345","image_urls":["http://numismatics.org/collectionimages/19501999/1969/1969.83.345.rev.width350.jpg"]},{"from":-225,"to":-217,"title":"RRC 35/3a. 1941.131.127","image_urls":["http://numismatics.org/collectionimages/19001949/1941/1941.131.127.rev.width350.jpg"]},{"from":-225,"to":-212,"title":"RRC 28/4. 1944.100.47","image_urls":["http://numismatics.org/collectionimages/19001949/1944/1944.100.47.rev.width350.jpg"]},{"from":-225,"to":-212,"title":"RRC 28/3. 1984.88.4","image_urls":["http://numismatics.org/collectionimages/19501999/1984/1984.88.4.rev.width350.jpg"]},{"from":-225,"to":-217,"title":"RRC 35/2. 1969.83.327","image_urls":["http://numismatics.org/collectionimages/19501999/1969/1969.83.327.rev.width350.jpg"]},{"from":-225,"to":-217,"title":"RRC 36/4. 1954.263.73","image_urls":["http://numismatics.org/collectionimages/19501999/1954/1954.263.73.rev.width350.jpg"]},{"from":-225,"to":-212,"title":"RRC 28/3. 1952.63.2","image_urls":["http://numismatics.org/collectionimages/19501999/1952/1952.63.2.rev.width350.jpg"]},{"from":-225,"to":-217,"title":"RRC 36/1. 1969.83.360","image_urls":["http://numismatics.org/collectionimages/19501999/1969/1969.83.360.rev.width350.jpg"]},{"from":-225,"to":-217,"title":"RRC 35/5. 1954.263.52","image_urls":["http://numismatics.org/collectionimages/19501999/1954/1954.263.52.rev.width350.jpg"]},{"from":-225,"to":-217,"title":"RRC 35/3a. 1954.263.46","image_urls":["http://numismatics.org/collectionimages/19501999/1954/1954.263.46.rev.width350.jpg"]},{"from":-225,"to":-217,"title":"RRC 35/3a. 1954.263.44","image_urls":["http://numismatics.org/collectionimages/19501999/1954/1954.263.44.rev.width350.jpg"]},{"from":-225,"to":-212,"title":"RRC 28/3. 1986.76.46","image_urls":["http://numismatics.org/collectionimages/19501999/1986/1986.76.46.rev.width350.jpg"]},{"from":-225,"to":-217,"title":"RRC 35/3a. 1969.83.331","image_urls":["http://numismatics.org/collectionimages/19501999/1969/1969.83.331.rev.width350.jpg"]},{"from":-225,"to":-217,"title":"RRC 35/2. 1969.83.325","image_urls":["http://numismatics.org/collectionimages/19501999/1969/1969.83.325.rev.width350.jpg"]},{"from":-225,"to":-217,"title":"RRC 35/4. 1954.263.50","image_urls":["http://numismatics.org/collectionimages/19501999/1954/1954.263.50.rev.width350.jpg"]},{"from":-225,"to":-212,"title":"RRC 28/3. 1984.88.2","image_urls":["http://numismatics.org/collectionimages/19501999/1984/1984.88.2.rev.width350.jpg"]},{"from":-225,"to":-212,"title":"RRC 28/3. 1937.158.569","image_urls":["http://numismatics.org/collectionimages/19001949/1937/1937.158.569.rev.width350.jpg"]},{"from":-225,"to":-217,"title":"RRC 35/3a. 1969.83.333","image_urls":["http://numismatics.org/collectionimages/19501999/1969/1969.83.333.rev.width350.jpg"]},{"from":-225,"to":-224,"title":"Silver Tetradrachm, Joppa, 225 BC - 224 BC. 1944.100.76239","image_urls":["http://numismatics.org/collectionimages/19001949/1944/1944.100.76239.rev.width350.jpg"]},{"from":-225,"to":-217,"title":"RRC 35/3a. 1944.100.730","image_urls":["http://numismatics.org/collectionimages/19001949/1944/1944.100.730.rev.width350.jpg"]},{"from":-225,"to":-212,"title":"RRC 28/3. 2002.46.6","image_urls":["http://numismatics.org/collectionimages/20002049/2002/2002.46.6.rev.width350.jpg"]},{"from":-225,"to":-217,"title":"RRC 35/6. 1969.83.354","image_urls":["http://numismatics.org/collectionimages/19501999/1969/1969.83.354.rev.width350.jpg"]},{"from":-225,"to":-217,"title":"RRC 35/5. 1969.83.348","image_urls":["http://numismatics.org/collectionimages/19501999/1969/1969.83.348.rev.width350.jpg"]},{"from":-225,"to":-217,"title":"RRC 35/4. 1969.83.342","image_urls":["http://numismatics.org/collectionimages/19501999/1969/1969.83.342.rev.width350.jpg"]},{"from":-225,"to":-217,"title":"RRC 35/6. 1969.83.357","image_urls":["http://numismatics.org/collectionimages/19501999/1969/1969.83.357.rev.width350.jpg"]},{"from":-225,"to":-212,"title":"RRC 28/3. 2002.46.11","image_urls":["http://numismatics.org/collectionimages/20002049/2002/2002.46.11.rev.width350.jpg"]},{"from":-225,"to":-217,"title":"RRC 35/5. 1969.83.343","image_urls":["http://numismatics.org/collectionimages/19501999/1969/1969.83.343.rev.width350.jpg"]},{"from":-225,"to":-217,"title":"RRC 35/4. 1969.83.337","image_urls":["http://numismatics.org/collectionimages/19501999/1969/1969.83.337.rev.width350.jpg"]},{"from":-225,"to":-217,"title":"RRC 35/6. 1954.263.56","image_urls":["http://numismatics.org/collectionimages/19501999/1954/1954.263.56.rev.width350.jpg"]},{"from":-225,"to":-217,"title":"RRC 35/5. 1969.83.346","image_urls":["http://numismatics.org/collectionimages/19501999/1969/1969.83.346.rev.width350.jpg"]},{"from":-225,"to":-212,"title":"RRC 28/3. 1978.64.288","image_urls":["http://numismatics.org/collectionimages/19501999/1978/1978.64.288.rev.width350.jpg"]},{"from":-225,"to":-212,"title":"RRC 28/3. 1944.100.44","image_urls":["http://numismatics.org/collectionimages/19001949/1944/1944.100.44.rev.width350.jpg"]},{"from":-225,"to":-217,"title":"RRC 36/2. 1969.83.363","image_urls":["http://numismatics.org/collectionimages/19501999/1969/1969.83.363.rev.width350.jpg"]},{"from":-225,"to":-212,"title":"RRC 28/3. 0000.999.23","image_urls":["http://numismatics.org/collectionimages/00001899/0000/0000.999.23.rev.width350.jpg"]},{"from":-225,"to":-212,"title":"RRC 28/3. 2002.46.14","image_urls":["http://numismatics.org/collectionimages/20002049/2002/2002.46.14.rev.width350.jpg"]},{"from":-225,"to":-220,"title":"Gold stater, Calchedon, 225 BC - 220 BC. 1944.100.82783","image_urls":["http://numismatics.org/collectionimages/19001949/1944/1944.100.82783.rev.width350.jpg"]},{"from":-225,"to":-212,"title":"RRC 28/3. 1984.88.5","image_urls":["http://numismatics.org/collectionimages/19501999/1984/1984.88.5.rev.width350.jpg"]},{"from":-225,"to":-217,"title":"RRC 35/4. 1954.263.47","image_urls":["http://numismatics.org/collectionimages/19501999/1954/1954.263.47.rev.width350.jpg"]},{"from":-225,"to":-212,"title":"RRC 28/3. 1987.79.1","image_urls":["http://numismatics.org/collectionimages/19501999/1987/1987.79.1.rev.width350.jpg"]},{"from":-225,"to":-217,"title":"RRC 35/3a. 1969.83.328","image_urls":["http://numismatics.org/collectionimages/19501999/1969/1969.83.328.rev.width350.jpg"]},{"from":-225,"to":-212,"title":"RRC 28/3. 1895.13.1","image_urls":["http://numismatics.org/collectionimages/00001899/1895/1895.13.1.rev.width350.jpg"]},{"from":-225,"to":-217,"title":"RRC 35/2. 1943.127.2","image_urls":["http://numismatics.org/collectionimages/19001949/1943/1943.127.2.rev.width350.jpg"]},{"from":-225,"to":-212,"title":"RRC 28/3. 2002.46.15","image_urls":["http://numismatics.org/collectionimages/20002049/2002/2002.46.15.rev.width350.jpg"]},{"from":-225,"to":-217,"title":"RRC 35/2. 1954.263.42","image_urls":["http://numismatics.org/collectionimages/19501999/1954/1954.263.42.rev.width350.jpg"]},{"from":-225,"to":-212,"title":"RRC 28/3. 1986.76.44","image_urls":["http://numismatics.org/collectionimages/19501999/1986/1986.76.44.rev.width350.jpg"]},{"from":-225,"to":-217,"title":"RRC 35/2. 1969.83.323","image_urls":["http://numismatics.org/collectionimages/19501999/1969/1969.83.323.rev.width350.jpg"]},{"from":-225,"to":-212,"title":"RRC 28/4. 2002.46.18","image_urls":["http://numismatics.org/collectionimages/20002049/2002/2002.46.18.rev.width350.jpg"]},{"from":-225,"to":-217,"title":"RRC 35/4. 1943.127.5","image_urls":["http://numismatics.org/collectionimages/19001949/1943/1943.127.5.rev.width350.jpg"]},{"from":-225,"to":-200,"title":"Silver 4 obol (tetrobol), Chalcis, 225 BC - 200 BC. 1944.100.20295","image_urls":["http://numismatics.org/collectionimages/19001949/1944/1944.100.20295.rev.width350.jpg"]},{"from":-225,"to":-212,"title":"RRC 28/3. 2002.46.9","image_urls":["http://numismatics.org/collectionimages/20002049/2002/2002.46.9.rev.width350.jpg"]},{"from":-225,"to":-212,"title":"RRC 28/3. 1969.83.79","image_urls":["http://numismatics.org/collectionimages/19501999/1969/1969.83.79.rev.width350.jpg"]},{"from":-225,"to":-212,"title":"RRC 28/3. 1978.64.287","image_urls":["http://numismatics.org/collectionimages/19501999/1978/1978.64.287.rev.width350.jpg"]},{"from":-225,"to":-200,"title":"Silver 4 obol (tetrobol), Chalcis, 225 BC - 200 BC. 1944.100.20298","image_urls":["http://numismatics.org/collectionimages/19001949/1944/1944.100.20298.rev.width350.jpg"]},{"from":-225,"to":-217,"title":"RRC 36/5. 1969.83.366","image_urls":["http://numismatics.org/collectionimages/19501999/1969/1969.83.366.rev.width350.jpg"]},{"from":-225,"to":-212,"title":"RRC 28/3. 2002.46.17","image_urls":["http://numismatics.org/collectionimages/20002049/2002/2002.46.17.rev.width350.jpg"]},{"from":-225,"to":-217,"title":"RRC 35/3a. 1954.263.43","image_urls":["http://numismatics.org/collectionimages/19501999/1954/1954.263.43.rev.width350.jpg"]},{"from":-225,"to":-212,"title":"RRC 28/3. 1986.76.45","image_urls":["http://numismatics.org/collectionimages/19501999/1986/1986.76.45.rev.width350.jpg"]},{"from":-225,"to":-217,"title":"RRC 35/3a. 1912.50.1","image_urls":["http://numismatics.org/collectionimages/19001949/1912/1912.50.1.rev.width350.jpg"]},{"from":-225,"to":-217,"title":"RRC 36/1. 1954.263.58","image_urls":["http://numismatics.org/collectionimages/19501999/1954/1954.263.58.rev.width350.jpg"]},{"from":-225,"to":-217,"title":"RRC 35/3a. 1969.83.330","image_urls":["http://numismatics.org/collectionimages/19501999/1969/1969.83.330.rev.width350.jpg"]},{"from":-225,"to":-217,"title":"RRC 35/4. 1969.83.339","image_urls":["http://numismatics.org/collectionimages/19501999/1969/1969.83.339.rev.width350.jpg"]},{"from":-225,"to":-217,"title":"RRC 35/3a. 1943.127.3","image_urls":["http://numismatics.org/collectionimages/19001949/1943/1943.127.3.rev.width350.jpg"]},{"from":-225,"to":-212,"title":"RRC 28/3. 1969.83.82","image_urls":["http://numismatics.org/collectionimages/19501999/1969/1969.83.82.rev.width350.jpg"]},{"from":-225,"to":-217,"title":"RRC 35/2. 1969.83.321","image_urls":["http://numismatics.org/collectionimages/19501999/1969/1969.83.321.rev.width350.jpg"]},{"from":-225,"to":-217,"title":"RRC 35/4. 1969.83.336","image_urls":["http://numismatics.org/collectionimages/19501999/1969/1969.83.336.rev.width350.jpg"]},{"from":-225,"to":-212,"title":"RRC 28/3. 1984.88.12","image_urls":["http://numismatics.org/collectionimages/19501999/1984/1984.88.12.rev.width350.jpg"]},{"from":-225,"to":-217,"title":"RRC 35/5. 1944.100.733","image_urls":["http://numismatics.org/collectionimages/19001949/1944/1944.100.733.rev.width350.jpg"]},{"from":-225,"to":-212,"title":"RRC 28/3. 1952.63.5","image_urls":["http://numismatics.org/collectionimages/19501999/1952/1952.63.5.rev.width350.jpg"]},{"from":-225,"to":-217,"title":"RRC 35/4. 1995.11.1858","image_urls":["http://numismatics.org/collectionimages/19501999/1995/1995.11.1858.rev.width350.jpg"]},{"from":-225,"to":-217,"title":"RRC 35/5. 0000.999.551","image_urls":["http://numismatics.org/collectionimages/00001899/0000/0000.999.551.rev.width350.jpg"]},{"from":-225,"to":-212,"title":"RRC 28/3. 2002.46.5","image_urls":["http://numismatics.org/collectionimages/20002049/2002/2002.46.5.rev.width350.jpg"]},{"from":-225,"to":-212,"title":"RRC 28/3. 2002.46.10","image_urls":["http://numismatics.org/collectionimages/20002049/2002/2002.46.10.rev.width350.jpg"]},{"from":-225,"to":-217,"title":"RRC 35/6. 1995.11.1901","image_urls":["http://numismatics.org/collectionimages/19501999/1995/1995.11.1901.rev.width350.jpg"]},{"from":-225,"to":-217,"title":"RRC 35/2. 1947.123.1","image_urls":["http://numismatics.org/collectionimages/19001949/1947/1947.123.1.rev.width350.jpg"]},{"from":-225,"to":-217,"title":"RRC 35/5. 1954.263.55","image_urls":["http://numismatics.org/collectionimages/19501999/1954/1954.263.55.rev.width350.jpg"]},{"from":-225,"to":-212,"title":"RRC 28/3. 1984.88.7","image_urls":["http://numismatics.org/collectionimages/19501999/1984/1984.88.7.rev.width350.jpg"]},{"from":-225,"to":-217,"title":"RRC 35/4. 1954.263.49","image_urls":["http://numismatics.org/collectionimages/19501999/1954/1954.263.49.rev.width350.jpg"]},{"from":-225,"to":-217,"title":"RRC 35/6. 1906.236.660","image_urls":["http://numismatics.org/collectionimages/19001949/1906/1906.236.660.rev.width350.jpg"]},{"from":-225,"to":-212,"title":"Gold Half stater of Anonymous, Rome, 225 BC - 212 BC. 1944.100.52","image_urls":["http://numismatics.org/collectionimages/19001949/1944/1944.100.52.rev.width350.jpg"]},{"from":-225,"to":-212,"title":"RRC 28/3. 1984.88.1","image_urls":["http://numismatics.org/collectionimages/19501999/1984/1984.88.1.rev.width350.jpg"]},{"from":-225,"to":-217,"title":"RRC 35/6. 1969.83.359","image_urls":["http://numismatics.org/collectionimages/19501999/1969/1969.83.359.rev.width350.jpg"]},{"from":-225,"to":-217,"title":"RRC 35/5. 1969.83.344","image_urls":["http://numismatics.org/collectionimages/19501999/1969/1969.83.344.rev.width350.jpg"]},{"from":-225,"to":-217,"title":"RRC 35/6. 1969.83.353","image_urls":["http://numismatics.org/collectionimages/19501999/1969/1969.83.353.rev.width350.jpg"]},{"from":-225,"to":-217,"title":"RRC 35/3a. 1954.263.45","image_urls":["http://numismatics.org/collectionimages/19501999/1954/1954.263.45.rev.width350.jpg"]},{"from":-225,"to":-217,"title":"RRC 35/2. 1969.83.326","image_urls":["http://numismatics.org/collectionimages/19501999/1969/1969.83.326.rev.width350.jpg"]},{"from":-225,"to":-217,"title":"RRC 35/3a. 1944.100.731","image_urls":["http://numismatics.org/collectionimages/19001949/1944/1944.100.731.rev.width350.jpg"]},{"from":-225,"to":-217,"title":"RRC 36/3a. 1969.83.364","image_urls":["http://numismatics.org/collectionimages/19501999/1969/1969.83.364.rev.width350.jpg"]},{"from":-225,"to":-217,"title":"RRC 36/4. 0000.999.561","image_urls":["http://numismatics.org/collectionimages/00001899/0000/0000.999.561.rev.width350.jpg"]},{"from":-225,"to":-217,"title":"RRC 35/6. 1969.83.358","image_urls":["http://numismatics.org/collectionimages/19501999/1969/1969.83.358.rev.width350.jpg"]},{"from":-225,"to":-212,"title":"RRC 28/3. 1984.88.8","image_urls":["http://numismatics.org/collectionimages/19501999/1984/1984.88.8.rev.width350.jpg"]},{"from":-225,"to":-217,"title":"RRC 35/2. 1969.83.322","image_urls":["http://numismatics.org/collectionimages/19501999/1969/1969.83.322.rev.width350.jpg"]},{"from":-225,"to":-217,"title":"RRC 35/1. 1943.127.1","image_urls":["http://numismatics.org/collectionimages/19001949/1943/1943.127.1.rev.width350.jpg"]},{"from":-225,"to":-217,"title":"RRC 35/2. 1969.83.324","image_urls":["http://numismatics.org/collectionimages/19501999/1969/1969.83.324.rev.width350.jpg"]},{"from":-225,"to":-212,"title":"RRC 28/3. 1944.100.46","image_urls":["http://numismatics.org/collectionimages/19001949/1944/1944.100.46.rev.width350.jpg"]}]