[{"from":-230,"to":-226,"title":"RRC 27/9. 1944.100.788","image_urls":["http://numismatics.org/collectionimages/19001949/1944/1944.100.788.rev.width350.jpg"]},{"from":-230,"to":-226,"title":"RRC 27/2. 1969.83.75","image_urls":["http://numismatics.org/collectionimages/19501999/1969/1969.83.75.rev.width350.jpg"]},{"from":-230,"to":-226,"title":"RRC 27/3. 1969.83.78","image_urls":["http://numismatics.org/collectionimages/19501999/1969/1969.83.78.rev.width350.jpg"]},{"from":-230,"to":-226,"title":"RRC 27/9. 1969.83.479","image_urls":["http://numismatics.org/collectionimages/19501999/1969/1969.83.479.rev.width350.jpg"]},{"from":-230,"to":-226,"title":"RRC 27/8. 1944.100.785","image_urls":["http://numismatics.org/collectionimages/19001949/1944/1944.100.785.rev.width350.jpg"]},{"from":-230,"to":-226,"title":"RRC 27/2. 1969.83.74","image_urls":["http://numismatics.org/collectionimages/19501999/1969/1969.83.74.rev.width350.jpg"]},{"from":-230,"to":-168,"title":"Bronze Coin, Byllis, 230 BC - 168 BC. 2008.2.14","image_urls":["http://numismatics.org/collectionimages/20002049/2008/2008.2.14.rev.width350.jpg"]},{"from":-230,"to":-226,"title":"RRC 27/10. 1969.83.482","image_urls":["http://numismatics.org/collectionimages/19501999/1969/1969.83.482.rev.width350.jpg"]},{"from":-230,"to":-226,"title":"RRC 27/8. 1969.83.476","image_urls":["http://numismatics.org/collectionimages/19501999/1969/1969.83.476.rev.width350.jpg"]},{"from":-230,"to":-226,"title":"RRC 27/9. 1944.100.789","image_urls":["http://numismatics.org/collectionimages/19001949/1944/1944.100.789.rev.width350.jpg"]},{"from":-230,"to":-226,"title":"RRC 27/10. 1969.83.484","image_urls":["http://numismatics.org/collectionimages/19501999/1969/1969.83.484.rev.width350.jpg"]},{"from":-230,"to":-226,"title":"RRC 27/9. 1969.83.478","image_urls":["http://numismatics.org/collectionimages/19501999/1969/1969.83.478.rev.width350.jpg"]},{"from":-230,"to":-226,"title":"RRC 27/5. 1954.263.154","image_urls":["http://numismatics.org/collectionimages/19501999/1954/1954.263.154.rev.width350.jpg"]},{"from":-230,"to":-226,"title":"RRC 27/2. 1957.172.7","image_urls":["http://numismatics.org/collectionimages/19501999/1957/1957.172.7.rev.width350.jpg"]},{"from":-230,"to":-226,"title":"RRC 27/10. 1969.83.481","image_urls":["http://numismatics.org/collectionimages/19501999/1969/1969.83.481.rev.width350.jpg"]},{"from":-230,"to":-226,"title":"RRC 27/8. 1969.83.475","image_urls":["http://numismatics.org/collectionimages/19501999/1969/1969.83.475.rev.width350.jpg"]},{"from":-230,"to":-226,"title":"RRC 27/1. 1969.83.70","image_urls":["http://numismatics.org/collectionimages/19501999/1969/1969.83.70.rev.width350.jpg"]},{"from":-230,"to":-226,"title":"RRC 27/7. 1944.100.784","image_urls":["http://numismatics.org/collectionimages/19001949/1944/1944.100.784.rev.width350.jpg"]},{"from":-230,"to":-226,"title":"RRC 27/2. 1969.83.73","image_urls":["http://numismatics.org/collectionimages/19501999/1969/1969.83.73.rev.width350.jpg"]},{"from":-230,"to":-226,"title":"RRC 27/3. 1941.131.14","image_urls":["http://numismatics.org/collectionimages/19001949/1941/1941.131.14.rev.width350.jpg"]},{"from":-230,"to":-226,"title":"RRC 27/1. 1969.83.71","image_urls":["http://numismatics.org/collectionimages/19501999/1969/1969.83.71.rev.width350.jpg"]},{"from":-230,"to":-226,"title":"RRC 27/10. 1944.100.790","image_urls":["http://numismatics.org/collectionimages/19001949/1944/1944.100.790.rev.width350.jpg"]},{"from":-230,"to":-226,"title":"RRC 27/7. 1969.83.474","image_urls":["http://numismatics.org/collectionimages/19501999/1969/1969.83.474.rev.width350.jpg"]},{"from":-230,"to":-226,"title":"RRC 27/7. 1954.263.156","image_urls":["http://numismatics.org/collectionimages/19501999/1954/1954.263.156.rev.width350.jpg"]},{"from":-230,"to":-226,"title":"RRC 27/8. 1944.100.787","image_urls":["http://numismatics.org/collectionimages/19001949/1944/1944.100.787.rev.width350.jpg"]},{"from":-230,"to":-226,"title":"RRC 27/5. 1944.100.781","image_urls":["http://numismatics.org/collectionimages/19001949/1944/1944.100.781.rev.width350.jpg"]},{"from":-230,"to":-226,"title":"RRC 27/8. 1941.131.130","image_urls":["http://numismatics.org/collectionimages/19001949/1941/1941.131.130.rev.width350.jpg"]},{"from":-230,"to":-226,"title":"RRC 27/10. 1969.83.483","image_urls":["http://numismatics.org/collectionimages/19501999/1969/1969.83.483.rev.width350.jpg"]},{"from":-230,"to":-226,"title":"RRC 27/9. 1969.83.480","image_urls":["http://numismatics.org/collectionimages/19501999/1969/1969.83.480.rev.width350.jpg"]},{"from":-230,"to":-226,"title":"RRC 27/3. 1944.100.41","image_urls":["http://numismatics.org/collectionimages/19001949/1944/1944.100.41.rev.width350.jpg"]},{"from":-230,"to":-226,"title":"RRC 27/6. 1944.100.782","image_urls":["http://numismatics.org/collectionimages/19001949/1944/1944.100.782.rev.width350.jpg"]},{"from":-230,"to":-226,"title":"RRC 27/9. 1954.263.157","image_urls":["http://numismatics.org/collectionimages/19501999/1954/1954.263.157.rev.width350.jpg"]},{"from":-230,"to":-226,"title":"RRC 27/2. 1944.100.39","image_urls":["http://numismatics.org/collectionimages/19001949/1944/1944.100.39.rev.width350.jpg"]},{"from":-230,"to":-226,"title":"RRC 27/6. 1969.83.472","image_urls":["http://numismatics.org/collectionimages/19501999/1969/1969.83.472.rev.width350.jpg"]},{"from":-230,"to":-226,"title":"RRC 27/10. 1944.100.791","image_urls":["http://numismatics.org/collectionimages/19001949/1944/1944.100.791.rev.width350.jpg"]},{"from":-230,"to":-226,"title":"RRC 27/8. 1969.83.477","image_urls":["http://numismatics.org/collectionimages/19501999/1969/1969.83.477.rev.width350.jpg"]},{"from":-230,"to":-226,"title":"RRC 27/5. 1969.83.471","image_urls":["http://numismatics.org/collectionimages/19501999/1969/1969.83.471.rev.width350.jpg"]},{"from":-230,"to":-226,"title":"RRC 27/10. 1954.263.158","image_urls":["http://numismatics.org/collectionimages/19501999/1954/1954.263.158.rev.width350.jpg"]},{"from":-230,"to":-226,"title":"RRC 27/2. 1969.83.76","image_urls":["http://numismatics.org/collectionimages/19501999/1969/1969.83.76.rev.width350.jpg"]},{"from":-230,"to":-226,"title":"RRC 27/6. 1954.263.155","image_urls":["http://numismatics.org/collectionimages/19501999/1954/1954.263.155.rev.width350.jpg"]},{"from":-230,"to":-226,"title":"RRC 27/8. 1943.127.20","image_urls":["http://numismatics.org/collectionimages/19001949/1943/1943.127.20.rev.width350.jpg"]},{"from":-230,"to":-226,"title":"RRC 27/8. 1944.100.786","image_urls":["http://numismatics.org/collectionimages/19001949/1944/1944.100.786.rev.width350.jpg"]},{"from":-230,"to":-226,"title":"RRC 27/3. 1944.100.40","image_urls":["http://numismatics.org/collectionimages/19001949/1944/1944.100.40.rev.width350.jpg"]},{"from":-230,"to":-150,"title":"Gold stater, Byzantium, 230 BC - 150 BC. 1944.100.82779","image_urls":["http://numismatics.org/collectionimages/19001949/1944/1944.100.82779.rev.width350.jpg"]},{"from":-230,"to":-226,"title":"RRC 27/7. 1969.83.473","image_urls":["http://numismatics.org/collectionimages/19501999/1969/1969.83.473.rev.width350.jpg"]},{"from":-230,"to":-226,"title":"RRC 27/2. 1969.83.72","image_urls":["http://numismatics.org/collectionimages/19501999/1969/1969.83.72.rev.width350.jpg"]},{"from":-230,"to":-226,"title":"RRC 27/3. 1969.83.77","image_urls":["http://numismatics.org/collectionimages/19501999/1969/1969.83.77.rev.width350.jpg"]},{"from":-230,"to":-226,"title":"RRC 27/1. 1944.100.38","image_urls":["http://numismatics.org/collectionimages/19001949/1944/1944.100.38.rev.width350.jpg"]},{"from":-230,"to":-226,"title":"RRC 27/1. 1969.83.69","image_urls":["http://numismatics.org/collectionimages/19501999/1969/1969.83.69.rev.width350.jpg"]},{"from":-230,"to":-226,"title":"RRC 27/7. 1944.100.783","image_urls":["http://numismatics.org/collectionimages/19001949/1944/1944.100.783.rev.width350.jpg"]}]