[{"from":-234,"to":-231,"title":"RRC 26/4. 1944.100.37","image_urls":["http://numismatics.org/collectionimages/19001949/1944/1944.100.37.rev.width350.jpg"]},{"from":-234,"to":-231,"title":"RRC 26/4. 1969.83.63","image_urls":["http://numismatics.org/collectionimages/19501999/1969/1969.83.63.rev.width350.jpg"]},{"from":-234,"to":-231,"title":"RRC 26/3. 1969.83.60","image_urls":["http://numismatics.org/collectionimages/19501999/1969/1969.83.60.rev.width350.jpg"]},{"from":-234,"to":-231,"title":"RRC 26/3. 1941.131.10","image_urls":["http://numismatics.org/collectionimages/19001949/1941/1941.131.10.rev.width350.jpg"]},{"from":-234,"to":-231,"title":"RRC 26/5. 1969.83.470","image_urls":["http://numismatics.org/collectionimages/19501999/1969/1969.83.470.rev.width350.jpg"]},{"from":-234,"to":-231,"title":"RRC 26/4. 1969.83.68","image_urls":["http://numismatics.org/collectionimages/19501999/1969/1969.83.68.rev.width350.jpg"]},{"from":-234,"to":-231,"title":"RRC 26/4. 1941.131.13","image_urls":["http://numismatics.org/collectionimages/19001949/1941/1941.131.13.rev.width350.jpg"]},{"from":-234,"to":-231,"title":"RRC 26/4. 1969.83.66","image_urls":["http://numismatics.org/collectionimages/19501999/1969/1969.83.66.rev.width350.jpg"]},{"from":-234,"to":-231,"title":"RRC 26/1. 1969.83.51","image_urls":["http://numismatics.org/collectionimages/19501999/1969/1969.83.51.rev.width350.jpg"]},{"from":-234,"to":-231,"title":"RRC 26/3. 1941.131.9","image_urls":["http://numismatics.org/collectionimages/19001949/1941/1941.131.9.rev.width350.jpg"]},{"from":-234,"to":-231,"title":"RRC 26/4. 1969.83.62","image_urls":["http://numismatics.org/collectionimages/19501999/1969/1969.83.62.rev.width350.jpg"]},{"from":-234,"to":-231,"title":"RRC 26/3. 1969.83.56","image_urls":["http://numismatics.org/collectionimages/19501999/1969/1969.83.56.rev.width350.jpg"]},{"from":-234,"to":-231,"title":"RRC 26/2. 1944.100.30","image_urls":["http://numismatics.org/collectionimages/19001949/1944/1944.100.30.rev.width350.jpg"]},{"from":-234,"to":-231,"title":"RRC 26/3. 1969.83.57","image_urls":["http://numismatics.org/collectionimages/19501999/1969/1969.83.57.rev.width350.jpg"]},{"from":-234,"to":-231,"title":"RRC 26/3. 1969.83.54","image_urls":["http://numismatics.org/collectionimages/19501999/1969/1969.83.54.rev.width350.jpg"]},{"from":-234,"to":-231,"title":"RRC 26/3. 1944.100.32","image_urls":["http://numismatics.org/collectionimages/19001949/1944/1944.100.32.rev.width350.jpg"]},{"from":-234,"to":-231,"title":"RRC 26/3. 1969.83.52","image_urls":["http://numismatics.org/collectionimages/19501999/1969/1969.83.52.rev.width350.jpg"]},{"from":-234,"to":-231,"title":"RRC 26/1. 1944.100.29","image_urls":["http://numismatics.org/collectionimages/19001949/1944/1944.100.29.rev.width350.jpg"]},{"from":-234,"to":-231,"title":"RRC 26/4. 1969.83.65","image_urls":["http://numismatics.org/collectionimages/19501999/1969/1969.83.65.rev.width350.jpg"]},{"from":-234,"to":-231,"title":"RRC 26/3. 1969.83.59","image_urls":["http://numismatics.org/collectionimages/19501999/1969/1969.83.59.rev.width350.jpg"]},{"from":-234,"to":-231,"title":"RRC 26/4. 1969.83.67","image_urls":["http://numismatics.org/collectionimages/19501999/1969/1969.83.67.rev.width350.jpg"]},{"from":-234,"to":-231,"title":"RRC 26/4. 0000.999.20","image_urls":["http://numismatics.org/collectionimages/00001899/0000/0000.999.20.rev.width350.jpg"]},{"from":-234,"to":-231,"title":"RRC 26/3. 1969.83.53","image_urls":["http://numismatics.org/collectionimages/19501999/1969/1969.83.53.rev.width350.jpg"]},{"from":-234,"to":-231,"title":"RRC 26/4. 1947.97.1","image_urls":["http://numismatics.org/collectionimages/19001949/1947/1947.97.1.rev.width350.jpg"]},{"from":-234,"to":-231,"title":"RRC 26/3. 1957.172.6","image_urls":["http://numismatics.org/collectionimages/19501999/1957/1957.172.6.rev.width350.jpg"]},{"from":-234,"to":-231,"title":"RRC 26/1. 1969.83.50","image_urls":["http://numismatics.org/collectionimages/19501999/1969/1969.83.50.rev.width350.jpg"]},{"from":-234,"to":-231,"title":"RRC 26/4. 1944.100.35","image_urls":["http://numismatics.org/collectionimages/19001949/1944/1944.100.35.rev.width350.jpg"]},{"from":-234,"to":-231,"title":"RRC 26/4. 1941.131.12","image_urls":["http://numismatics.org/collectionimages/19001949/1941/1941.131.12.rev.width350.jpg"]},{"from":-234,"to":-231,"title":"RRC 26/3. 1944.100.33","image_urls":["http://numismatics.org/collectionimages/19001949/1944/1944.100.33.rev.width350.jpg"]},{"from":-234,"to":-231,"title":"RRC 26/1. 1980.109.149","image_urls":["http://numismatics.org/collectionimages/19501999/1980/1980.109.149.rev.width350.jpg"]},{"from":-234,"to":-231,"title":"RRC 26/4. 1941.131.11","image_urls":["http://numismatics.org/collectionimages/19001949/1941/1941.131.11.rev.width350.jpg"]},{"from":-234,"to":-231,"title":"RRC 26/3. 1916.192.442","image_urls":["http://numismatics.org/collectionimages/19001949/1916/1916.192.442.rev.width350.jpg"]},{"from":-234,"to":-231,"title":"RRC 26/3. 1969.83.58","image_urls":["http://numismatics.org/collectionimages/19501999/1969/1969.83.58.rev.width350.jpg"]},{"from":-234,"to":-231,"title":"RRC 26/4. 1969.83.61","image_urls":["http://numismatics.org/collectionimages/19501999/1969/1969.83.61.rev.width350.jpg"]},{"from":-234,"to":-231,"title":"RRC 26/3. 1969.83.55","image_urls":["http://numismatics.org/collectionimages/19501999/1969/1969.83.55.rev.width350.jpg"]},{"from":-234,"to":-231,"title":"RRC 26/4. 1969.83.64","image_urls":["http://numismatics.org/collectionimages/19501999/1969/1969.83.64.rev.width350.jpg"]},{"from":-234,"to":-231,"title":"RRC 26/4. 1944.100.34","image_urls":["http://numismatics.org/collectionimages/19001949/1944/1944.100.34.rev.width350.jpg"]},{"from":-234,"to":-231,"title":"RRC 26/3. 1944.100.31","image_urls":["http://numismatics.org/collectionimages/19001949/1944/1944.100.31.rev.width350.jpg"]},{"from":-234,"to":-231,"title":"RRC 26/4. 1944.100.36","image_urls":["http://numismatics.org/collectionimages/19001949/1944/1944.100.36.rev.width350.jpg"]},{"from":-234,"to":-231,"title":"RRC 26/4. 0000.999.19","image_urls":["http://numismatics.org/collectionimages/00001899/0000/0000.999.19.rev.width350.jpg"]}]