[{"from":-238,"to":-168,"title":"Coin, Ambracia, 238 B.C.-168 B.C. 1989.12.25.","image_urls":["http://coins.lib.virginia.edu/images/coins/screen/n1989_12_25_rev.jpg"]},{"from":-238,"to":-168,"title":"Coin, Ambracia, 238 B.C.-168 B.C. 1989.12.7.","image_urls":["http://coins.lib.virginia.edu/images/coins/screen/n1989_12_7_rev.jpg"]},{"from":-238,"to":-168,"title":"Coin, Ambracia, 238 B.C.-168 B.C. 1989.12.22.","image_urls":["http://coins.lib.virginia.edu/images/coins/screen/n1989_12_22_rev.jpg"]},{"from":-238,"to":-168,"title":"Coin, Ambracia, 238 B.C.-168 B.C. 1989.12.9.","image_urls":["http://coins.lib.virginia.edu/images/coins/screen/n1989_12_9_rev.jpg"]},{"from":-238,"to":-168,"title":"Coin, Ambracia, 238 B.C.-168 B.C. 1989.12.24.","image_urls":["http://coins.lib.virginia.edu/images/coins/screen/n1989_12_24_rev.jpg"]},{"from":-238,"to":-168,"title":"Coin, Ambracia, 238 B.C.-168 B.C. 1989.12.15.","image_urls":["http://coins.lib.virginia.edu/images/coins/screen/n1989_12_15_rev.jpg"]},{"from":-238,"to":-168,"title":"Coin, Ambracia, 238 B.C.-168 B.C. 1989.12.8.","image_urls":["http://coins.lib.virginia.edu/images/coins/screen/n1989_12_8_rev.jpg"]},{"from":-238,"to":-168,"title":"Coin, Ambracia, 238 B.C.-168 B.C. 1989.12.26.","image_urls":["http://coins.lib.virginia.edu/images/coins/screen/n1989_12_26_rev.jpg"]}]