[{"from":-24,"to":-20,"title":"Cistophorus of Augustus, Ephesus, 24-20 B.C. 2001.4.1.","image_urls":["http://coins.lib.virginia.edu/images/coins/screen/n2001_4_1_rev.jpg"]},{"from":-24,"to":260,"title":"WAW-B3C8A8: A coin issued by Uncertain - 1st-mid 3rd century","image_urls":["https://finds.org.uk/images/abolton/WAW-B3C8A8.jpg"]},{"from":-24,"to":260,"title":"HESH-B920B4: A coin issued by Uncertain - 1st-mid 3rd century","image_urls":["https://finds.org.uk/images/preavill/HESH-B920B4.jpg"]},{"from":-24,"to":269,"title":"WAW-648394: A coin issued by Uncertain - 1st-mid 3rd century","image_urls":["https://finds.org.uk/images/abolton/WAW-648394.jpg"]},{"from":-24,"to":260,"title":"WAW-54A5B3: A coin issued by Uncertain - 1st-mid 3rd century","image_urls":["https://finds.org.uk/images/abolton/WAW-54A5B3.jpg"]},{"from":-24,"to":260,"title":"WAW-8AB9C8: A coin issued by Uncertain - 1st-mid 3rd century","image_urls":["https://finds.org.uk/images/abolton/WAW8AB9C8.jpg"]},{"from":-24,"to":269,"title":"WAW-585077: A coin issued by Uncertain - 1st-mid 3rd century","image_urls":["https://finds.org.uk/images/abolton/WAW-585077.jpg"]},{"from":-24,"to":-24,"title":"SOM-6D2A24: A coin issued by Augustus","image_urls":["https://finds.org.uk/images/annab/SOM-6D2A24.jpg"]},{"from":-24,"to":275,"title":"SWYOR-2E6B64: A coin with an unrecorded/uncertain issuer.","image_urls":["https://finds.org.uk/images/wakefield/SWYOR-2E6B64.jpg"]},{"from":-24,"to":269,"title":"WAW-5EF7D4: A coin issued by Uncertain - 1st-mid 3rd century","image_urls":["https://finds.org.uk/images/abolton/WAW-5EF7D4.jpg"]},{"from":-24,"to":269,"title":"WAW-CCCB4C: A coin issued by Uncertain - 1st-mid 3rd century","image_urls":["https://finds.org.uk/images/abolton/WAW-CCCB4C.jpg"]},{"from":-24,"to":269,"title":"WAW-F18641: A coin issued by Uncertain - 1st-mid 3rd century","image_urls":["https://finds.org.uk/images/eloisemarkwick/WAW-F18641.jpg"]},{"from":-24,"to":269,"title":"WAW-C2F634: A coin issued by Uncertain - 1st-mid 3rd century","image_urls":["https://finds.org.uk/images/abolton/WAW-C2F634.jpg"]},{"from":-24,"to":260,"title":"WAW-8AD4EB: A coin issued by Uncertain - 1st-mid 3rd century","image_urls":["https://finds.org.uk/images/abolton/WAW8AD4EB.jpg"]},{"from":-24,"to":260,"title":"WAW-97A976: A coin issued by Uncertain - 1st-mid 3rd century","image_urls":["https://finds.org.uk/images/abolton/WAW-97A976.jpg"]},{"from":-24,"to":260,"title":"HESH-B93AA7: A coin issued by Uncertain - 1st-mid 3rd century","image_urls":["https://finds.org.uk/images/preavill/HESH-B93AA7.jpg"]},{"from":-24,"to":269,"title":"WAW-5B8A37: A coin issued by Uncertain - 1st-mid 3rd century","image_urls":["https://finds.org.uk/images/abolton/WAW-5B8A37%20rename.jpg"]},{"from":-24,"to":250,"title":"WAW-B09632: A coin issued by Uncertain - 1st-mid 3rd century","image_urls":["https://finds.org.uk/images/abolton/WAW-B09632.jpg"]},{"from":-24,"to":369,"title":"HESH-B8A665: A coin issued by Uncertain - 1st-mid 3rd century","image_urls":["https://finds.org.uk/images/preavill/HESH-B8A665.jpg"]},{"from":-24,"to":250,"title":"WAW-1C8B42: A coin issued by Uncertain - 1st-mid 3rd century","image_urls":["https://finds.org.uk/images/abolton/WAW1C8B42.jpg"]},{"from":-24,"to":260,"title":"WAW-C2D4A7: A coin issued by Uncertain - 1st-mid 3rd century","image_urls":["https://finds.org.uk/images/abolton/WAW-C2D4A7.jpg"]},{"from":-24,"to":260,"title":"WAW-E3AA14: A coin issued by Uncertain - 1st-mid 3rd century","image_urls":["https://finds.org.uk/images/abolton/WAW-E3AA14.jpg"]},{"from":-24,"to":260,"title":"WAW-293C93: A coin issued by Uncertain - 1st-mid 3rd century","image_urls":["https://finds.org.uk/images/abolton/WAW-293C93.jpg"]},{"from":-24,"to":269,"title":"SWYOR-B44AFB: A coin issued by Uncertain - 1st-mid 3rd century","image_urls":["https://finds.org.uk/images/acooper/PAS_2444_Roman.jpg"]},{"from":-24,"to":260,"title":"WAW-E972E1: A coin issued by Uncertain - 1st-mid 3rd century","image_urls":["https://finds.org.uk/images/abolton/WAW-E972E1.jpg"]},{"from":-24,"to":260,"title":"WAW-295964: A coin issued by Uncertain - 1st-mid 3rd century","image_urls":["https://finds.org.uk/images/abolton/WAW-295964.jpg"]},{"from":-24,"to":260,"title":"HESH-B960A0: A coin issued by Uncertain - 1st-mid 3rd century","image_urls":["https://finds.org.uk/images/preavill/HESH-B960AD.jpg"]},{"from":-24,"to":269,"title":"WAW-68AC83: A coin issued by Uncertain - 1st-mid 3rd century","image_urls":["https://finds.org.uk/images/abolton/WAW-68AC83.jpg"]},{"from":-24,"to":260,"title":"WAW-D01B12: A coin issued by Uncertain - 1st-mid 3rd century","image_urls":["https://finds.org.uk/images/abolton/WAW-D01B12.jpg"]},{"from":-24,"to":250,"title":"WAW-6075E1: A coin issued by Uncertain - 1st-mid 3rd century","image_urls":["https://finds.org.uk/images/abolton/WAW-6075E1.jpg"]},{"from":-24,"to":269,"title":"SWYOR-BCE914: A coin issued by Uncertain - 1st-mid 3rd century","image_urls":["https://finds.org.uk/images/dcrowther/PAS_1124_E914.jpg"]},{"from":-24,"to":260,"title":"WAW-2389D7: A coin issued by Uncertain - 1st-mid 3rd century","image_urls":["https://finds.org.uk/images/abolton/WAW-2389D7.jpg"]},{"from":-24,"to":200,"title":"WAW-F68CD1: A coin issued by Uncertain - 1st-mid 3rd century","image_urls":["https://finds.org.uk/images/abolton/WAW-F68CD1.jpg"]},{"from":-24,"to":260,"title":"WAW-BE1FA6: A coin issued by Uncertain - 1st-mid 3rd century","image_urls":["https://finds.org.uk/images/abolton/WAW-BE1FA6.jpg"]},{"from":-24,"to":269,"title":"WAW-5BD691: A coin issued by Uncertain - 1st-mid 3rd century","image_urls":["https://finds.org.uk/images/abolton/WAW-5BD691.jpg"]},{"from":-24,"to":269,"title":"SWYOR-5C1710: A coin issued by Antoninus Pius","image_urls":["https://finds.org.uk/images/acooper/PAS_645_pos_autoninus_01.jpg"]},{"from":-24,"to":260,"title":"WAW-173598: A coin issued by Uncertain - 1st-mid 3rd century","image_urls":["https://finds.org.uk/images/abolton/WAW-173598.jpg"]},{"from":-24,"to":250,"title":"WAW-44C912: A coin issued by Uncertain - 1st-mid 3rd century","image_urls":["https://finds.org.uk/images/abolton/WAW-44C912.jpg"]},{"from":-24,"to":260,"title":"HESH-B94DE5: A coin issued by Uncertain - 1st-mid 3rd century","image_urls":["https://finds.org.uk/images/preavill/HESH-B94DE5.jpg"]},{"from":-24,"to":260,"title":"WAW-6D45F8: A coin issued by Uncertain - 1st-mid 3rd century","image_urls":["https://finds.org.uk/images/abolton/WAW6D45F8.jpg"]},{"from":-24,"to":269,"title":"WAW-5F3472: A coin issued by Uncertain - 1st-mid 3rd century","image_urls":["https://finds.org.uk/images/abolton/WAW-5F3472.jpg"]},{"from":-24,"to":-23,"title":"Silver Tetradrachm, Seleuceia ad Tigrim, 24 BC - 23 BC. 1944.100.82836","image_urls":["http://numismatics.org/collectionimages/19001949/1944/1944.100.82836.rev.width350.jpg"]},{"from":-24,"to":-23,"title":"Silver Tetradrachm, Seleuceia ad Tigrim, 24 BC - 23 BC. 1944.100.82837","image_urls":["http://numismatics.org/collectionimages/19001949/1944/1944.100.82837.rev.width350.jpg"]},{"from":-24,"to":-23,"title":"Silver Tetradrachm, Seleuceia ad Tigrim, 24 BC - 23 BC. 1944.100.82835","image_urls":["http://numismatics.org/collectionimages/19001949/1944/1944.100.82835.rev.width350.jpg"]},{"from":-24,"to":-23,"title":"Silver Tetradrachm, Seleuceia ad Tigrim, 24 BC - 23 BC. 1944.100.82831","image_urls":["http://numismatics.org/collectionimages/19001949/1944/1944.100.82831.rev.width350.jpg"]}]