[{"from":-240,"to":-237,"title":"Bronze Coin, Aradus, 240 BC - 237 BC. 1940.169.8","image_urls":["http://numismatics.org/collectionimages/19001949/1940/1940.169.8.rev.width350.jpg"]},{"from":-240,"to":-230,"title":"Silver Tetradrachm, Seleuceia ad Tigrim, 240 BC - 230 BC. 1944.100.71870","image_urls":["http://numismatics.org/collectionimages/19001949/1944/1944.100.71870.rev.width350.jpg"]},{"from":-240,"to":-230,"title":"Bronze Coin, Olbia, 240 BC - 230 BC. 1944.100.14540","image_urls":["http://numismatics.org/collectionimages/19001949/1944/1944.100.14540.rev.width350.jpg"]}]