[{"from":-241,"to":-235,"title":"RRC 25/1. 1944.100.22","image_urls":["http://numismatics.org/collectionimages/19001949/1944/1944.100.22.rev.width350.jpg"]},{"from":-241,"to":-235,"title":"RRC 25/3. 1957.172.5","image_urls":["http://numismatics.org/collectionimages/19501999/1957/1957.172.5.rev.width350.jpg"]},{"from":-241,"to":-235,"title":"RRC 25/5. 1954.263.148","image_urls":["http://numismatics.org/collectionimages/19501999/1954/1954.263.148.rev.width350.jpg"]},{"from":-241,"to":-235,"title":"RRC 25/3. 1906.236.662","image_urls":["http://numismatics.org/collectionimages/19001949/1906/1906.236.662.rev.width350.jpg"]},{"from":-241,"to":-235,"title":"RRC 25/1. 1931.999.2","image_urls":["http://numismatics.org/collectionimages/19001949/1931/1931.999.2.rev.width350.jpg"]},{"from":-241,"to":-235,"title":"RRC 25/6. 1969.83.464","image_urls":["http://numismatics.org/collectionimages/19501999/1969/1969.83.464.rev.width350.jpg"]},{"from":-241,"to":-235,"title":"RRC 25/8. 1944.100.779","image_urls":["http://numismatics.org/collectionimages/19001949/1944/1944.100.779.rev.width350.jpg"]},{"from":-241,"to":-235,"title":"RRC 25/5. 1967.153.17","image_urls":["http://numismatics.org/collectionimages/19501999/1967/1967.153.17.rev.width350.jpg"]},{"from":-241,"to":-235,"title":"RRC 25/3. 1969.83.45","image_urls":["http://numismatics.org/collectionimages/19501999/1969/1969.83.45.rev.width350.jpg"]},{"from":-241,"to":-235,"title":"RRC 25/7. 1954.263.151","image_urls":["http://numismatics.org/collectionimages/19501999/1954/1954.263.151.rev.width350.jpg"]},{"from":-241,"to":-197,"title":"Silver Tetradrachm, Pergamum, 241 BC - 197 BC. 1944.100.43185","image_urls":["http://numismatics.org/collectionimages/19001949/1944/1944.100.43185.rev.width350.jpg"]},{"from":-241,"to":-235,"title":"RRC 25/6. 1969.83.463","image_urls":["http://numismatics.org/collectionimages/19501999/1969/1969.83.463.rev.width350.jpg"]},{"from":-241,"to":-235,"title":"RRC 25/9. 1944.100.780","image_urls":["http://numismatics.org/collectionimages/19001949/1944/1944.100.780.rev.width350.jpg"]},{"from":-241,"to":-235,"title":"RRC 25/5. 1969.83.461","image_urls":["http://numismatics.org/collectionimages/19501999/1969/1969.83.461.rev.width350.jpg"]},{"from":-241,"to":-197,"title":"Silver Tetradrachm, Pergamum, 241 BC - 197 BC. 1967.152.414","image_urls":["http://numismatics.org/collectionimages/19501999/1967/1967.152.414.rev.width350.jpg"]},{"from":-241,"to":-235,"title":"RRC 25/1. 1954.203.2","image_urls":["http://numismatics.org/collectionimages/19501999/1954/1954.203.2.rev.width350.jpg"]},{"from":-241,"to":-235,"title":"RRC 25/1. 1969.83.39","image_urls":["http://numismatics.org/collectionimages/19501999/1969/1969.83.39.rev.width350.jpg"]},{"from":-241,"to":-235,"title":"RRC 25/3. 1941.131.8","image_urls":["http://numismatics.org/collectionimages/19001949/1941/1941.131.8.rev.width350.jpg"]},{"from":-241,"to":-235,"title":"RRC 25/1. 1944.100.21","image_urls":["http://numismatics.org/collectionimages/19001949/1944/1944.100.21.rev.width350.jpg"]},{"from":-241,"to":-197,"title":"Silver Tetradrachm, Pergamum, 241 BC - 197 BC. 1975.218.15","image_urls":["http://numismatics.org/collectionimages/19501999/1975/1975.218.15.rev.width350.jpg"]},{"from":-241,"to":-235,"title":"RRC 25/5. 1969.83.460","image_urls":["http://numismatics.org/collectionimages/19501999/1969/1969.83.460.rev.width350.jpg"]},{"from":-241,"to":-235,"title":"RRC 25/9. 1969.83.469","image_urls":["http://numismatics.org/collectionimages/19501999/1969/1969.83.469.rev.width350.jpg"]},{"from":-241,"to":-235,"title":"RRC 25/7. 1969.83.465","image_urls":["http://numismatics.org/collectionimages/19501999/1969/1969.83.465.rev.width350.jpg"]},{"from":-241,"to":-235,"title":"RRC 25/4. 1969.83.459","image_urls":["http://numismatics.org/collectionimages/19501999/1969/1969.83.459.rev.width350.jpg"]},{"from":-241,"to":-235,"title":"RRC 25/7. 0000.999.600","image_urls":["http://numismatics.org/collectionimages/00001899/0000/0000.999.600.rev.width350.jpg"]},{"from":-241,"to":-235,"title":"RRC 25/3. 1941.131.7","image_urls":["http://numismatics.org/collectionimages/19001949/1941/1941.131.7.rev.width350.jpg"]},{"from":-241,"to":-235,"title":"RRC 25/7. 1944.100.778","image_urls":["http://numismatics.org/collectionimages/19001949/1944/1944.100.778.rev.width350.jpg"]},{"from":-241,"to":-235,"title":"RRC 25/3. 1944.100.26","image_urls":["http://numismatics.org/collectionimages/19001949/1944/1944.100.26.rev.width350.jpg"]},{"from":-241,"to":-235,"title":"RRC 25/3. 1969.83.44","image_urls":["http://numismatics.org/collectionimages/19501999/1969/1969.83.44.rev.width350.jpg"]},{"from":-241,"to":-235,"title":"RRC 25/6. 1954.263.150","image_urls":["http://numismatics.org/collectionimages/19501999/1954/1954.263.150.rev.width350.jpg"]},{"from":-241,"to":-235,"title":"RRC 25/8. 1969.83.468","image_urls":["http://numismatics.org/collectionimages/19501999/1969/1969.83.468.rev.width350.jpg"]},{"from":-241,"to":-235,"title":"RRC 25/1. 1957.172.3","image_urls":["http://numismatics.org/collectionimages/19501999/1957/1957.172.3.rev.width350.jpg"]},{"from":-241,"to":-235,"title":"RRC 25/7. 1954.263.152","image_urls":["http://numismatics.org/collectionimages/19501999/1954/1954.263.152.rev.width350.jpg"]},{"from":-241,"to":-197,"title":"Silver Tetradrachm, Pergamum, 241 BC - 197 BC. 1975.218.17","image_urls":["http://numismatics.org/collectionimages/19501999/1975/1975.218.17.rev.width350.jpg"]},{"from":-241,"to":-235,"title":"RRC 25/8. 1954.263.153","image_urls":["http://numismatics.org/collectionimages/19501999/1954/1954.263.153.rev.width350.jpg"]},{"from":-241,"to":-235,"title":"RRC 25/1. 1969.83.38","image_urls":["http://numismatics.org/collectionimages/19501999/1969/1969.83.38.rev.width350.jpg"]},{"from":-241,"to":-235,"title":"RRC 25/5. 1969.83.462","image_urls":["http://numismatics.org/collectionimages/19501999/1969/1969.83.462.rev.width350.jpg"]},{"from":-241,"to":-235,"title":"RRC 25/2. 1969.83.41","image_urls":["http://numismatics.org/collectionimages/19501999/1969/1969.83.41.rev.width350.jpg"]},{"from":-241,"to":-235,"title":"RRC 25/3. 1969.83.47","image_urls":["http://numismatics.org/collectionimages/19501999/1969/1969.83.47.rev.width350.jpg"]},{"from":-241,"to":-235,"title":"RRC 25/5. 1949.100.26","image_urls":["http://numismatics.org/collectionimages/19001949/1949/1949.100.26.rev.width350.jpg"]},{"from":-241,"to":-235,"title":"RRC 25/2. 1969.83.42","image_urls":["http://numismatics.org/collectionimages/19501999/1969/1969.83.42.rev.width350.jpg"]},{"from":-241,"to":-235,"title":"RRC 25/2. 1944.100.24","image_urls":["http://numismatics.org/collectionimages/19001949/1944/1944.100.24.rev.width350.jpg"]},{"from":-241,"to":-235,"title":"RRC 25/7. 1995.11.1677","image_urls":["http://numismatics.org/collectionimages/19501999/1995/1995.11.1677.rev.width350.jpg"]},{"from":-241,"to":-235,"title":"RRC 25/8. 1969.83.466","image_urls":["http://numismatics.org/collectionimages/19501999/1969/1969.83.466.rev.width350.jpg"]},{"from":-241,"to":-235,"title":"RRC 25/3. 1944.100.27","image_urls":["http://numismatics.org/collectionimages/19001949/1944/1944.100.27.rev.width350.jpg"]},{"from":-241,"to":-235,"title":"RRC 25/6. 1954.263.164","image_urls":["http://numismatics.org/collectionimages/19501999/1954/1954.263.164.rev.width350.jpg"]},{"from":-241,"to":-235,"title":"RRC 25/3. 1969.83.43","image_urls":["http://numismatics.org/collectionimages/19501999/1969/1969.83.43.rev.width350.jpg"]},{"from":-241,"to":-235,"title":"RRC 25/6. 1954.263.149","image_urls":["http://numismatics.org/collectionimages/19501999/1954/1954.263.149.rev.width350.jpg"]},{"from":-241,"to":-235,"title":"RRC 25/3. 1969.83.49","image_urls":["http://numismatics.org/collectionimages/19501999/1969/1969.83.49.rev.width350.jpg"]},{"from":-241,"to":-235,"title":"RRC 25/3. 1969.83.46","image_urls":["http://numismatics.org/collectionimages/19501999/1969/1969.83.46.rev.width350.jpg"]},{"from":-241,"to":-235,"title":"RRC 25/3. 1944.100.28","image_urls":["http://numismatics.org/collectionimages/19001949/1944/1944.100.28.rev.width350.jpg"]},{"from":-241,"to":-235,"title":"RRC 25/8. 1969.83.467","image_urls":["http://numismatics.org/collectionimages/19501999/1969/1969.83.467.rev.width350.jpg"]},{"from":-241,"to":-235,"title":"RRC 25/2. 1969.83.40","image_urls":["http://numismatics.org/collectionimages/19501999/1969/1969.83.40.rev.width350.jpg"]},{"from":-241,"to":-235,"title":"RRC 25/1. 1969.83.37","image_urls":["http://numismatics.org/collectionimages/19501999/1969/1969.83.37.rev.width350.jpg"]},{"from":-241,"to":-235,"title":"RRC 25/3. 1969.83.48","image_urls":["http://numismatics.org/collectionimages/19501999/1969/1969.83.48.rev.width350.jpg"]},{"from":-241,"to":-235,"title":"RRC 25/6. 1944.100.777","image_urls":["http://numismatics.org/collectionimages/19001949/1944/1944.100.777.rev.width350.jpg"]}]