[{"from":-244,"to":-243,"title":"Silver Tetradrachm, Tyre, 244 BC - 243 BC. 1986.78.1048","image_urls":["http://numismatics.org/collectionimages/19501999/1986/1986.78.1048.rev.width350.jpg"]},{"from":-244,"to":-243,"title":"Silver Tetradrachm, Sidon, 244 BC - 243 BC. 1986.78.1047","image_urls":["http://numismatics.org/collectionimages/19501999/1986/1986.78.1047.rev.width350.jpg"]},{"from":-244,"to":-243,"title":"Silver Tetradrachm, Sidon, 244 BC - 243 BC. 1944.100.76360","image_urls":["http://numismatics.org/collectionimages/19001949/1944/1944.100.76360.rev.width350.jpg"]}]