[{"from":-245,"to":-244,"title":"Bronze Coin, Tyre, 245 BC - 244 BC. 1944.100.76358","image_urls":["http://numismatics.org/collectionimages/19001949/1944/1944.100.76358.rev.width350.jpg"]},{"from":-245,"to":-244,"title":"Silver Tetradrachm, Sidon, 245 BC - 244 BC. 1944.100.76359","image_urls":["http://numismatics.org/collectionimages/19001949/1944/1944.100.76359.rev.width350.jpg"]},{"from":-245,"to":-244,"title":"Silver Tetradrachm, Tyre, 245 BC - 244 BC. 1944.100.76357","image_urls":["http://numismatics.org/collectionimages/19001949/1944/1944.100.76357.rev.width350.jpg"]}]