[{"from":-246,"to":-205,"title":"Bronze Coin, Alexandreia, 246 BC - 205 BC. 1974.26.5547","image_urls":["http://numismatics.org/collectionimages/19501999/1974/1974.26.5547.rev.width350.jpg"]},{"from":-246,"to":-221,"title":"Silver 4 drachm (tetradrachm), Aradus, 246 BC - 221 BC. 1986.78.1049","image_urls":["http://numismatics.org/collectionimages/19501999/1986/1986.78.1049.rev.width350.jpg"]},{"from":-246,"to":-245,"title":"Gold Octadrachm, Tyre, 246 BC - 245 BC. 0000.999.43056","image_urls":["http://numismatics.org/collectionimages/00001899/0000/0000.999.43056.rev.width350.jpg"]},{"from":-246,"to":-221,"title":"Silver Tetradrachm, Aradus, 246 BC - 221 BC. 1944.100.76274","image_urls":["http://numismatics.org/collectionimages/19001949/1944/1944.100.76274.rev.width350.jpg"]},{"from":-246,"to":-221,"title":"Silver Two and a half drachm, Alexandreia, 246 BC - 221 BC. 1944.100.76256","image_urls":["http://numismatics.org/collectionimages/19001949/1944/1944.100.76256.rev.width350.jpg"]},{"from":-246,"to":-221,"title":"Silver Tetradrachm, Aradus, 246 BC - 221 BC. 1948.19.2365","image_urls":["http://numismatics.org/collectionimages/19001949/1948/1948.19.2365.rev.width350.jpg"]},{"from":-246,"to":-221,"title":"Silver Tetradrachm, Joppa, 246 BC - 221 BC. 1944.100.76349","image_urls":["http://numismatics.org/collectionimages/19001949/1944/1944.100.76349.rev.width350.jpg"]},{"from":-246,"to":-221,"title":"Bronze Coin, Sidon, 246 BC - 221 BC. 1953.171.1710","image_urls":["http://numismatics.org/collectionimages/19501999/1953/1953.171.1710.rev.width350.jpg"]},{"from":-246,"to":-221,"title":"Bronze Coin, Alexandreia, 246 BC - 221 BC. 1944.100.76331","image_urls":["http://numismatics.org/collectionimages/19001949/1944/1944.100.76331.rev.width350.jpg"]},{"from":-246,"to":-221,"title":"Bronze Coin, Berytus, 246 BC - 221 BC. 1944.100.76355","image_urls":["http://numismatics.org/collectionimages/19001949/1944/1944.100.76355.rev.width350.jpg"]},{"from":-246,"to":-221,"title":"Silver Decadrachm, Alexandreia, 246 BC - 221 BC. 1944.100.76262","image_urls":["http://numismatics.org/collectionimages/19001949/1944/1944.100.76262.rev.width350.jpg"]},{"from":-246,"to":-221,"title":"Silver Tetradrachm, Aradus, 246 BC - 221 BC. 1944.100.76277","image_urls":["http://numismatics.org/collectionimages/19001949/1944/1944.100.76277.rev.width350.jpg"]},{"from":-246,"to":-221,"title":"Silver Tetradrachm, Alexandreia, 246 BC - 221 BC. 1944.100.76270","image_urls":["http://numismatics.org/collectionimages/19001949/1944/1944.100.76270.rev.width350.jpg"]},{"from":-246,"to":-227,"title":"Silver Tetradrachm, Parium, 246 BC - 227 BC. 1944.100.78246","image_urls":["http://numismatics.org/collectionimages/19001949/1944/1944.100.78246.rev.width350.jpg"]},{"from":-246,"to":-227,"title":"Silver Tetradrachm, Parium, 246 BC - 227 BC. 1977.158.652","image_urls":["http://numismatics.org/collectionimages/19501999/1977/1977.158.652.rev.width350.jpg"]},{"from":-246,"to":-221,"title":"Bronze Coin, Alexandreia, 246 BC - 221 BC. 1944.100.76316","image_urls":["http://numismatics.org/collectionimages/19001949/1944/1944.100.76316.rev.width350.jpg"]},{"from":-246,"to":-227,"title":"Silver Tetradrachm, Parium, 246 BC - 227 BC. 1944.100.78244","image_urls":["http://numismatics.org/collectionimages/19001949/1944/1944.100.78244.rev.width350.jpg"]},{"from":-246,"to":-226,"title":"Silver Tetradrachm, Sardes, 246 BC - 226 BC. 1944.100.78202","image_urls":["http://numismatics.org/collectionimages/19001949/1944/1944.100.78202.rev.width350.jpg"]},{"from":-246,"to":-221,"title":"Bronze Coin, Gaza, 246 BC - 221 BC. 1944.100.77203","image_urls":["http://numismatics.org/collectionimages/19001949/1944/1944.100.77203.rev.width350.jpg"]},{"from":-246,"to":-221,"title":"Silver Tetradrachm, Joppa, 246 BC - 221 BC. 1944.100.76348","image_urls":["http://numismatics.org/collectionimages/19001949/1944/1944.100.76348.rev.width350.jpg"]},{"from":-246,"to":-221,"title":"Silver 10-drachm (decadrach), Alexandreia, 246 BC - 221 BC. 1944.100.43632","image_urls":["http://numismatics.org/collectionimages/19001949/1944/1944.100.43632.rev.width350.jpg"]},{"from":-246,"to":-221,"title":"Gold Quarter drachm, Alexandreia, 246 BC - 221 BC. 1944.100.76255","image_urls":["http://numismatics.org/collectionimages/19001949/1944/1944.100.76255.rev.width350.jpg"]},{"from":-246,"to":-205,"title":"Bronze Coin, Alexandreia, 246 BC - 205 BC. 1935.117.1094","image_urls":["http://numismatics.org/collectionimages/19001949/1935/1935.117.1094.rev.width350.jpg"]},{"from":-246,"to":-221,"title":"Silver Pentadrachm, Alexandreia, 246 BC - 221 BC. 1967.152.626","image_urls":["http://numismatics.org/collectionimages/19501999/1967/1967.152.626.rev.width350.jpg"]},{"from":-246,"to":-221,"title":"Silver Decadrachm, Alexandreia, 246 BC - 221 BC. 1944.100.76261","image_urls":["http://numismatics.org/collectionimages/19001949/1944/1944.100.76261.rev.width350.jpg"]},{"from":-246,"to":-221,"title":"Silver Decadrachm, Alexandreia, 246 BC - 221 BC. 1974.26.5532","image_urls":["http://numismatics.org/collectionimages/19501999/1974/1974.26.5532.rev.width350.jpg"]},{"from":-246,"to":-221,"title":"Gold Octadrachm, Joppa, 246 BC - 221 BC. 1944.100.76346","image_urls":["http://numismatics.org/collectionimages/19001949/1944/1944.100.76346.rev.width350.jpg"]},{"from":-246,"to":-221,"title":"Silver Tetradrachm, Alexandreia, 246 BC - 221 BC. 1944.100.76268","image_urls":["http://numismatics.org/collectionimages/19001949/1944/1944.100.76268.rev.width350.jpg"]},{"from":-246,"to":-227,"title":"Silver Tetradrachm, Parium, 246 BC - 227 BC. 1944.100.78247","image_urls":["http://numismatics.org/collectionimages/19001949/1944/1944.100.78247.rev.width350.jpg"]},{"from":-246,"to":-221,"title":"Silver Tetradrachm, Lebedus, 246 BC - 221 BC. 1944.100.77201","image_urls":["http://numismatics.org/collectionimages/19001949/1944/1944.100.77201.rev.width350.jpg"]},{"from":-246,"to":-221,"title":"Silver Decadrachm, Alexandreia, 246 BC - 221 BC. 1944.100.43633","image_urls":["http://numismatics.org/collectionimages/19001949/1944/1944.100.43633.rev.width350.jpg"]},{"from":-246,"to":-221,"title":"Silver Tetradrachm, Alexandreia, 246 BC - 221 BC. 1944.100.75443","image_urls":["http://numismatics.org/collectionimages/19001949/1944/1944.100.75443.rev.width350.jpg"]},{"from":-246,"to":-221,"title":"Silver Decadrachm, Alexandreia, 246 BC - 221 BC. 1967.152.627","image_urls":["http://numismatics.org/collectionimages/19501999/1967/1967.152.627.rev.width350.jpg"]},{"from":-246,"to":-205,"title":"Bronze Coin, Alexandreia, 246 BC - 205 BC. 1944.100.76307","image_urls":["http://numismatics.org/collectionimages/19001949/1944/1944.100.76307.rev.width350.jpg"]},{"from":-246,"to":-221,"title":"Silver Tetradrachm, Alexandreia, 246 BC - 221 BC. 1944.100.76276","image_urls":["http://numismatics.org/collectionimages/19001949/1944/1944.100.76276.rev.width350.jpg"]},{"from":-246,"to":-221,"title":"Gold Pentadrachm, Alexandreia, 246 BC - 221 BC. 1964.79.60","image_urls":["http://numismatics.org/collectionimages/19501999/1964/1964.79.60.rev.width350.jpg"]},{"from":-246,"to":-221,"title":"Silver Tetradrachm, Aradus, 246 BC - 221 BC. 1944.100.76273","image_urls":["http://numismatics.org/collectionimages/19001949/1944/1944.100.76273.rev.width350.jpg"]},{"from":-246,"to":-221,"title":"Silver Decadrachm, Alexandreia, 246 BC - 221 BC. 1944.100.76263","image_urls":["http://numismatics.org/collectionimages/19001949/1944/1944.100.76263.rev.width350.jpg"]},{"from":-246,"to":-221,"title":"Gold Octadrachm, Berytus, 246 BC - 221 BC. 1944.100.76257","image_urls":["http://numismatics.org/collectionimages/19001949/1944/1944.100.76257.rev.width350.jpg"]},{"from":-246,"to":-205,"title":"Bronze Coin, Alexandreia, 246 BC - 205 BC. 1941.15.126","image_urls":["http://numismatics.org/collectionimages/19001949/1941/1941.15.126.rev.width350.jpg"]},{"from":-246,"to":-221,"title":"Silver Tetradrachm, Aradus, 246 BC - 221 BC. 1944.100.76278","image_urls":["http://numismatics.org/collectionimages/19001949/1944/1944.100.76278.rev.width350.jpg"]},{"from":-246,"to":-245,"title":"Silver Tetradrachm, Tyre, 246 BC - 245 BC. 1944.100.76356","image_urls":["http://numismatics.org/collectionimages/19001949/1944/1944.100.76356.rev.width350.jpg"]},{"from":-246,"to":-221,"title":"Silver Tetradrachm, Joppa, 246 BC - 221 BC. 1944.100.76350","image_urls":["http://numismatics.org/collectionimages/19001949/1944/1944.100.76350.rev.width350.jpg"]},{"from":-246,"to":-205,"title":"Bronze Coin, Alexandreia, 246 BC - 205 BC. 1974.26.5539","image_urls":["http://numismatics.org/collectionimages/19501999/1974/1974.26.5539.rev.width350.jpg"]},{"from":-246,"to":-221,"title":"Bronze Coin, Marathus, 246 BC - 221 BC. 1985.68.5","image_urls":["http://numismatics.org/collectionimages/19501999/1985/1985.68.5.rev.width350.jpg"]},{"from":-246,"to":-221,"title":"Silver Tetradrachm, Alexandreia, 246 BC - 221 BC. 1944.100.76272","image_urls":["http://numismatics.org/collectionimages/19001949/1944/1944.100.76272.rev.width350.jpg"]},{"from":-246,"to":-205,"title":"Bronze Coin, Alexandreia, 246 BC - 205 BC. 1944.100.76309","image_urls":["http://numismatics.org/collectionimages/19001949/1944/1944.100.76309.rev.width350.jpg"]},{"from":-246,"to":-221,"title":"Bronze Coin, Alexandreia, 246 BC - 221 BC. 1944.100.76321","image_urls":["http://numismatics.org/collectionimages/19001949/1944/1944.100.76321.rev.width350.jpg"]},{"from":-246,"to":-227,"title":"Silver Tetradrachm, Parium, 246 BC - 227 BC. 1944.100.78245","image_urls":["http://numismatics.org/collectionimages/19001949/1944/1944.100.78245.rev.width350.jpg"]},{"from":-246,"to":-221,"title":"Silver Tetradrachm, Ephesus, 246 BC - 221 BC. 1992.35.1","image_urls":["http://numismatics.org/collectionimages/19501999/1992/1992.35.1.rev.width350.jpg"]},{"from":-246,"to":-221,"title":"Bronze Coin, Tyre, 246 BC - 221 BC. 1958.42.11","image_urls":["http://numismatics.org/collectionimages/19501999/1958/1958.42.11.rev.width350.jpg"]},{"from":-246,"to":-205,"title":"Bronze Coin, Alexandreia, 246 BC - 205 BC. 1974.26.5551","image_urls":["http://numismatics.org/collectionimages/19501999/1974/1974.26.5551.rev.width350.jpg"]},{"from":-246,"to":-221,"title":"Bronze Coin, Gaza, 246 BC - 221 BC. 1944.100.76354","image_urls":["http://numismatics.org/collectionimages/19001949/1944/1944.100.76354.rev.width350.jpg"]},{"from":-246,"to":-221,"title":"Bronze Coin, Alexandreia, 246 BC - 221 BC. 1944.100.77187","image_urls":["http://numismatics.org/collectionimages/19001949/1944/1944.100.77187.rev.width350.jpg"]},{"from":-246,"to":-205,"title":"Bronze Coin, Alexandreia, 246 BC - 205 BC. 1944.100.76306","image_urls":["http://numismatics.org/collectionimages/19001949/1944/1944.100.76306.rev.width350.jpg"]},{"from":-246,"to":-205,"title":"Bronze Coin, Alexandreia, 246 BC - 205 BC. 1944.100.76296","image_urls":["http://numismatics.org/collectionimages/19001949/1944/1944.100.76296.rev.width350.jpg"]},{"from":-246,"to":-221,"title":"Bronze Coin, Alexandreia, 246 BC - 221 BC. 1944.100.76336","image_urls":["http://numismatics.org/collectionimages/19001949/1944/1944.100.76336.rev.width350.jpg"]},{"from":-246,"to":-205,"title":"Bronze Coin, Alexandreia, 246 BC - 205 BC. 1944.100.76303","image_urls":["http://numismatics.org/collectionimages/19001949/1944/1944.100.76303.rev.width350.jpg"]},{"from":-246,"to":-221,"title":"Bronze Coin, Alexandreia, 246 BC - 221 BC. 1978.64.244","image_urls":["http://numismatics.org/collectionimages/19501999/1978/1978.64.244.rev.width350.jpg"]},{"from":-246,"to":-221,"title":"Silver Decadrachm, Alexandreia, 246 BC - 221 BC. 1944.100.76258","image_urls":["http://numismatics.org/collectionimages/19001949/1944/1944.100.76258.rev.width350.jpg"]},{"from":-246,"to":-221,"title":"Silver Tetradrachm, Alexandreia, 246 BC - 221 BC. 1944.100.76264","image_urls":["http://numismatics.org/collectionimages/19001949/1944/1944.100.76264.rev.width350.jpg"]},{"from":-246,"to":-221,"title":"Silver Tetradrachm, Alexandreia, 246 BC - 221 BC. 1944.100.76275","image_urls":["http://numismatics.org/collectionimages/19001949/1944/1944.100.76275.rev.width350.jpg"]},{"from":-246,"to":-221,"title":"Silver Decadrachm, Alexandreia, 246 BC - 221 BC. 1944.100.43634","image_urls":["http://numismatics.org/collectionimages/19001949/1944/1944.100.43634.rev.width350.jpg"]},{"from":-246,"to":-205,"title":"Bronze Coin, Alexandreia, 246 BC - 205 BC. 1944.100.76298","image_urls":["http://numismatics.org/collectionimages/19001949/1944/1944.100.76298.rev.width350.jpg"]},{"from":-246,"to":-205,"title":"Bronze Coin, Alexandreia, 246 BC - 205 BC. 1944.100.76308","image_urls":["http://numismatics.org/collectionimages/19001949/1944/1944.100.76308.rev.width350.jpg"]},{"from":-246,"to":-221,"title":"Bronze Coin, Alexandreia, 246 BC - 221 BC. 1944.100.76332","image_urls":["http://numismatics.org/collectionimages/19001949/1944/1944.100.76332.rev.width350.jpg"]},{"from":-246,"to":-221,"title":"Bronze Coin, Gaza, 246 BC - 221 BC. 1944.100.76353","image_urls":["http://numismatics.org/collectionimages/19001949/1944/1944.100.76353.rev.width350.jpg"]},{"from":-246,"to":-221,"title":"Bronze Coin, Alexandreia, 246 BC - 221 BC. 1974.26.5556","image_urls":["http://numismatics.org/collectionimages/19501999/1974/1974.26.5556.rev.width350.jpg"]},{"from":-246,"to":-221,"title":"Bronze Coin, Alexandreia, 246 BC - 221 BC. 1944.100.76335","image_urls":["http://numismatics.org/collectionimages/19001949/1944/1944.100.76335.rev.width350.jpg"]},{"from":-246,"to":-221,"title":"Bronze Coin, Alexandreia, 246 BC - 221 BC. 1944.100.77189","image_urls":["http://numismatics.org/collectionimages/19001949/1944/1944.100.77189.rev.width350.jpg"]},{"from":-246,"to":-205,"title":"Bronze Coin, Alexandreia, 246 BC - 205 BC. 1944.100.76302","image_urls":["http://numismatics.org/collectionimages/19001949/1944/1944.100.76302.rev.width350.jpg"]},{"from":-246,"to":-221,"title":"Silver Tetradrachm, Ephesus, 246 BC - 221 BC. 1960.170.413","image_urls":["http://numismatics.org/collectionimages/19501999/1960/1960.170.413.rev.width350.jpg"]},{"from":-246,"to":-221,"title":"Silver Tetradrachm, Alexandreia, 246 BC - 221 BC. 1944.100.76271","image_urls":["http://numismatics.org/collectionimages/19001949/1944/1944.100.76271.rev.width350.jpg"]},{"from":-246,"to":-205,"title":"Bronze Coin, Alexandreia, 246 BC - 205 BC. 1944.100.76292","image_urls":["http://numismatics.org/collectionimages/19001949/1944/1944.100.76292.rev.width350.jpg"]},{"from":-246,"to":-221,"title":"Bronze Coin, Alexandreia, 246 BC - 221 BC. 1944.100.76317","image_urls":["http://numismatics.org/collectionimages/19001949/1944/1944.100.76317.rev.width350.jpg"]},{"from":-246,"to":-227,"title":"Silver Tetradrachm, Alexandreia Troas, 246 BC - 227 BC. 1944.100.78286","image_urls":["http://numismatics.org/collectionimages/19001949/1944/1944.100.78286.rev.width350.jpg"]},{"from":-246,"to":-221,"title":"Silver Tetradrachm, Aradus, 246 BC - 221 BC. 1957.172.2024","image_urls":["http://numismatics.org/collectionimages/19501999/1957/1957.172.2024.rev.width350.jpg"]},{"from":-246,"to":-221,"title":"Bronze Coin, Alexandreia, 246 BC - 221 BC. 1944.100.76328","image_urls":["http://numismatics.org/collectionimages/19001949/1944/1944.100.76328.rev.width350.jpg"]},{"from":-246,"to":-221,"title":"Bronze Coin, Alexandreia, 246 BC - 221 BC. 1944.100.77188","image_urls":["http://numismatics.org/collectionimages/19001949/1944/1944.100.77188.rev.width350.jpg"]},{"from":-246,"to":-221,"title":"Silver Decadrachm, Alexandreia, 246 BC - 221 BC. 1944.100.76259","image_urls":["http://numismatics.org/collectionimages/19001949/1944/1944.100.76259.rev.width350.jpg"]},{"from":-246,"to":-221,"title":"Bronze Coin, Alexandreia, 246 BC - 221 BC. 1944.100.76337","image_urls":["http://numismatics.org/collectionimages/19001949/1944/1944.100.76337.rev.width350.jpg"]},{"from":-246,"to":-221,"title":"Bronze Coin, Alexandreia, 246 BC - 221 BC. 1944.100.76330","image_urls":["http://numismatics.org/collectionimages/19001949/1944/1944.100.76330.rev.width350.jpg"]},{"from":-246,"to":-221,"title":"Silver Tetradrachm, Aenus, 246 BC - 221 BC. 1944.100.77199","image_urls":["http://numismatics.org/collectionimages/19001949/1944/1944.100.77199.rev.width350.jpg"]},{"from":-246,"to":-221,"title":"Silver Tetradrachm of Ptolemy II, Tarsus, 246 BC - 221 BC. 1944.100.77202","image_urls":["http://numismatics.org/collectionimages/19001949/1944/1944.100.77202.rev.width350.jpg"]},{"from":-246,"to":-221,"title":"Silver Decadrachm, Alexandreia, 246 BC - 221 BC. 1944.100.76260","image_urls":["http://numismatics.org/collectionimages/19001949/1944/1944.100.76260.rev.width350.jpg"]},{"from":-246,"to":-221,"title":"Silver Tetradrachm, Alexandreia, 246 BC - 221 BC. 1935.117.1092","image_urls":["http://numismatics.org/collectionimages/19001949/1935/1935.117.1092.rev.width350.jpg"]},{"from":-246,"to":-221,"title":"Bronze Coin, Alexandreia, 246 BC - 221 BC. 1944.100.76325","image_urls":["http://numismatics.org/collectionimages/19001949/1944/1944.100.76325.rev.width350.jpg"]}]