[{"from":-247,"to":-246,"title":"Bronze Coin of Ptolemy II, Sidon, 247 BC - 246 BC. 1944.100.76196","image_urls":["http://numismatics.org/collectionimages/19001949/1944/1944.100.76196.rev.width350.jpg"]},{"from":-247,"to":-246,"title":"Silver Tetradrachm of Ptolemy II, Sidon, 247 BC - 246 BC. 1944.100.76193","image_urls":["http://numismatics.org/collectionimages/19001949/1944/1944.100.76193.rev.width350.jpg"]},{"from":-247,"to":-246,"title":"Silver Tetradrachm of Ptolemy II, Joppa, 247 BC - 246 BC. 1944.100.76238","image_urls":["http://numismatics.org/collectionimages/19001949/1944/1944.100.76238.rev.width350.jpg"]}]