[{"from":-248,"to":-191,"title":"Silver Drachm, Seleuceia ad Tigrim, 248 BC - 191 BC. 1954.203.346","image_urls":["http://numismatics.org/collectionimages/19501999/1954/1954.203.346.rev.width350.jpg"]},{"from":-248,"to":-247,"title":"Silver Tetradrachm of Ptolemy II, Sidon, 248 BC - 247 BC. 1944.100.76192","image_urls":["http://numismatics.org/collectionimages/19001949/1944/1944.100.76192.rev.width350.jpg"]},{"from":-248,"to":-247,"title":"Silver Tetradrachm of Ptolemy II, Tyre, 248 BC - 247 BC. 1944.100.76143","image_urls":["http://numismatics.org/collectionimages/19001949/1944/1944.100.76143.rev.width350.jpg"]},{"from":-248,"to":-247,"title":"Silver Tetradrachm of Ptolemy II, Joppa, 248 BC - 247 BC. 1944.100.76237","image_urls":["http://numismatics.org/collectionimages/19001949/1944/1944.100.76237.rev.width350.jpg"]},{"from":-248,"to":-247,"title":"Silver Tetradrachm of Ptolemy II, Sidon, 248 BC - 247 BC. 1944.100.76191","image_urls":["http://numismatics.org/collectionimages/19001949/1944/1944.100.76191.rev.width350.jpg"]}]