[{"from":-249,"to":-248,"title":"Silver Tetradrachm of Ptolemy II, Sidon, 249 BC - 248 BC. 1944.100.76189","image_urls":["http://numismatics.org/collectionimages/19001949/1944/1944.100.76189.rev.width350.jpg"]},{"from":-249,"to":-247,"title":"Silver Tetradrachm of Ptolemy II, Alexandreia, 249 BC - 247 BC. 1994.157.18","image_urls":["http://numismatics.org/collectionimages/19501999/1994/1994.157.18.rev.width350.jpg"]},{"from":-249,"to":-248,"title":"Silver Tetradrachm of Ptolemy II, Tyre, 249 BC - 248 BC. 1994.157.14","image_urls":["http://numismatics.org/collectionimages/19501999/1994/1994.157.14.rev.width350.jpg"]},{"from":-249,"to":-248,"title":"Silver Tetradrachm of Ptolemy II, Joppa, 249 BC - 248 BC. 1986.78.1044","image_urls":["http://numismatics.org/collectionimages/19501999/1986/1986.78.1044.rev.width350.jpg"]},{"from":-249,"to":-248,"title":"Silver Tetradrachm of Ptolemy II, Gaza, 249 BC - 248 BC. 1994.157.4","image_urls":["http://numismatics.org/collectionimages/19501999/1994/1994.157.4.rev.width350.jpg"]},{"from":-249,"to":-248,"title":"Silver Tetradrachm of Ptolemy II, Sidon, 249 BC - 248 BC. 1944.100.76190","image_urls":["http://numismatics.org/collectionimages/19001949/1944/1944.100.76190.rev.width350.jpg"]},{"from":-249,"to":-248,"title":"Silver Tetradrachm of Ptolemy II, Joppa, 249 BC - 248 BC. 1944.100.76236","image_urls":["http://numismatics.org/collectionimages/19001949/1944/1944.100.76236.rev.width350.jpg"]},{"from":-249,"to":-248,"title":"Silver Tetradrachm of Ptolemy II, Joppa, 249 BC - 248 BC. 1944.100.76235","image_urls":["http://numismatics.org/collectionimages/19001949/1944/1944.100.76235.rev.width350.jpg"]}]