[{"from":-25,"to":-23,"title":"RIC I (second edition) Augustus 7A. 1985.140.14","image_urls":["http://numismatics.org/collectionimages/19501999/1985/1985.140.14.rev.width350.jpg"]},{"from":-25,"to":-15,"title":"RIC I (second edition) Augustus 502. 1947.97.328","image_urls":["http://numismatics.org/collectionimages/19001949/1947/1947.97.328.rev.width350.jpg"]},{"from":-25,"to":-23,"title":"RIC I (second edition) Augustus 4A. 1948.19.1028","image_urls":["http://numismatics.org/collectionimages/19001949/1948/1948.19.1028.rev.width350.jpg"]},{"from":-25,"to":-23,"title":"RIC I (second edition) Augustus 7A. 1969.222.1268","image_urls":["http://numismatics.org/collectionimages/19501999/1969/1969.222.1268.rev.width350.jpg"]},{"from":-25,"to":-15,"title":"RIC I (second edition) Augustus 501. 1947.97.327","image_urls":["http://numismatics.org/collectionimages/19001949/1947/1947.97.327.rev.width350.jpg"]},{"from":-25,"to":-24,"title":"Silver Tetradrachm, Seleuceia ad Tigrim, 25 BC - 24 BC. 1944.100.82833","image_urls":["http://numismatics.org/collectionimages/19001949/1944/1944.100.82833.rev.width350.jpg"]},{"from":-25,"to":-23,"title":"RIC I (second edition) Augustus 4A. 1969.222.1270","image_urls":["http://numismatics.org/collectionimages/19501999/1969/1969.222.1270.rev.width350.jpg"]},{"from":-25,"to":-23,"title":"RIC I (second edition) Augustus 9B. 1969.222.1273","image_urls":["http://numismatics.org/collectionimages/19501999/1969/1969.222.1273.rev.width350.jpg"]},{"from":-25,"to":-23,"title":"RIC I (second edition) Augustus 2A. 1969.222.1267","image_urls":["http://numismatics.org/collectionimages/19501999/1969/1969.222.1267.rev.width350.jpg"]},{"from":-25,"to":-24,"title":"Silver Tetradrachm, Seleuceia ad Tigrim, 25 BC - 24 BC. 1944.100.82809","image_urls":["http://numismatics.org/collectionimages/19001949/1944/1944.100.82809.rev.width350.jpg"]},{"from":-25,"to":-23,"title":"RIC I (second edition) Augustus 11A. 2015.12.1","image_urls":["http://numismatics.org/collectionimages/20002049/2015/2015.12.1.rev.width350.jpg"]},{"from":-25,"to":-24,"title":"Silver Tetradrachm, Seleuceia ad Tigrim, 25 BC - 24 BC. 1986.78.976","image_urls":["http://numismatics.org/collectionimages/19501999/1986/1986.78.976.rev.width350.jpg"]},{"from":-25,"to":-24,"title":"Silver Tetradrachm, Seleuceia ad Tigrim, 25 BC - 24 BC. 1944.100.82832","image_urls":["http://numismatics.org/collectionimages/19001949/1944/1944.100.82832.rev.width350.jpg"]},{"from":-25,"to":-23,"title":"RIC I (second edition) Augustus 15A. 1944.100.39080","image_urls":["http://numismatics.org/collectionimages/19001949/1944/1944.100.39080.rev.width350.jpg"]},{"from":-25,"to":-23,"title":"RIC I (second edition) Augustus 13. 1969.222.1280","image_urls":["http://numismatics.org/collectionimages/19501999/1969/1969.222.1280.rev.width350.jpg"]},{"from":-25,"to":-23,"title":"RIC I (second edition) Augustus 11A. 1944.100.39089","image_urls":["http://numismatics.org/collectionimages/19001949/1944/1944.100.39089.rev.width350.jpg"]},{"from":-25,"to":-23,"title":"RIC I (second edition) Augustus 7B. 1954.18.154","image_urls":["http://numismatics.org/collectionimages/19501999/1954/1954.18.154.rev.width350.jpg"]},{"from":-25,"to":-24,"title":"Silver Tetradrachm, Seleuceia ad Tigrim, 25 BC - 24 BC. 1979.189.17","image_urls":["http://numismatics.org/collectionimages/19501999/1979/1979.189.17.rev.width350.jpg"]},{"from":-25,"to":-23,"title":"RIC I (second edition) Augustus 1B. 1969.222.1276","image_urls":["http://numismatics.org/collectionimages/19501999/1969/1969.222.1276.rev.width350.jpg"]},{"from":-25,"to":-23,"title":"RIC I (second edition) Augustus 9A. 1944.100.39023","image_urls":["http://numismatics.org/collectionimages/19001949/1944/1944.100.39023.rev.width350.jpg"]},{"from":-25,"to":-23,"title":"Silver Tetradrachm, Seleuceia ad Tigrim, 25 BC - 23 BC. 1944.100.82838","image_urls":["http://numismatics.org/collectionimages/19001949/1944/1944.100.82838.rev.width350.jpg"]},{"from":-25,"to":-23,"title":"RIC I (second edition) Augustus 16. 0000.999.16776","image_urls":["http://numismatics.org/collectionimages/00001899/0000/0000.999.16776.rev.width350.jpg"]},{"from":-25,"to":-23,"title":"RIC I (second edition) Augustus 1B. 1985.140.12","image_urls":["http://numismatics.org/collectionimages/19501999/1985/1985.140.12.rev.width350.jpg"]},{"from":-25,"to":-23,"title":"RIC I (second edition) Augustus 23. 1944.100.39087","image_urls":["http://numismatics.org/collectionimages/19001949/1944/1944.100.39087.rev.width350.jpg"]},{"from":-25,"to":-23,"title":"RIC I (second edition) Augustus 9B. 1969.222.1272","image_urls":["http://numismatics.org/collectionimages/19501999/1969/1969.222.1272.rev.width350.jpg"]},{"from":-25,"to":-23,"title":"RIC I (second edition) Augustus 1A. 1944.100.39025","image_urls":["http://numismatics.org/collectionimages/19001949/1944/1944.100.39025.rev.width350.jpg"]},{"from":-25,"to":-15,"title":"RIC I (second edition) Augustus 501. 1995.11.1635","image_urls":["http://numismatics.org/collectionimages/19501999/1995/1995.11.1635.rev.width350.jpg"]},{"from":-25,"to":-23,"title":"RIC I (second edition) Augustus 10. 1944.100.39022","image_urls":["http://numismatics.org/collectionimages/19001949/1944/1944.100.39022.rev.width350.jpg"]},{"from":-25,"to":-24,"title":"Silver Tetradrachm, Seleuceia ad Tigrim, 25 BC - 24 BC. 1995.51.339","image_urls":["http://numismatics.org/collectionimages/19501999/1995/1995.51.339.rev.width350.jpg"]},{"from":-25,"to":-23,"title":"RIC I (second edition) Augustus 2A. 1944.100.39019","image_urls":["http://numismatics.org/collectionimages/19001949/1944/1944.100.39019.rev.width350.jpg"]},{"from":-25,"to":-23,"title":"RIC I (second edition) Augustus 1B. 1944.100.39028","image_urls":["http://numismatics.org/collectionimages/19001949/1944/1944.100.39028.rev.width350.jpg"]},{"from":-25,"to":-23,"title":"RIC I (second edition) Augustus 7B. 1944.100.39020","image_urls":["http://numismatics.org/collectionimages/19001949/1944/1944.100.39020.rev.width350.jpg"]},{"from":-25,"to":-23,"title":"RIC I (second edition) Augustus 9B. 1937.158.398","image_urls":["http://numismatics.org/collectionimages/19001949/1937/1937.158.398.rev.width350.jpg"]},{"from":-25,"to":-23,"title":"RIC I (second edition) Augustus 21. 1944.100.39085","image_urls":["http://numismatics.org/collectionimages/19001949/1944/1944.100.39085.rev.width350.jpg"]},{"from":-25,"to":-23,"title":"RIC I (second edition) Augustus 4B. 1948.19.1029","image_urls":["http://numismatics.org/collectionimages/19001949/1948/1948.19.1029.rev.width350.jpg"]},{"from":-25,"to":-15,"title":"RIC I (second edition) Augustus 495. 1944.100.39195","image_urls":["http://numismatics.org/collectionimages/19001949/1944/1944.100.39195.rev.width350.jpg"]},{"from":-25,"to":-23,"title":"RIC I (second edition) Augustus 18. 1944.100.39084","image_urls":["http://numismatics.org/collectionimages/19001949/1944/1944.100.39084.rev.width350.jpg"]},{"from":-25,"to":-23,"title":"RIC I (second edition) Augustus 15A. 0000.999.16775","image_urls":["http://numismatics.org/collectionimages/00001899/0000/0000.999.16775.rev.width350.jpg"]},{"from":-25,"to":-23,"title":"RIC I (second edition) Augustus 4A. 1944.100.39021","image_urls":["http://numismatics.org/collectionimages/19001949/1944/1944.100.39021.rev.width350.jpg"]},{"from":-25,"to":-15,"title":"RIC I (second edition) Augustus 502. 0000.999.16784","image_urls":["http://numismatics.org/collectionimages/00001899/0000/0000.999.16784.rev.width350.jpg"]},{"from":-25,"to":-23,"title":"RIC I (second edition) Augustus 9B. 1944.100.39024","image_urls":["http://numismatics.org/collectionimages/19001949/1944/1944.100.39024.rev.width350.jpg"]},{"from":-25,"to":-23,"title":"RIC I (second edition) Augustus 10. 1969.222.1271","image_urls":["http://numismatics.org/collectionimages/19501999/1969/1969.222.1271.rev.width350.jpg"]},{"from":-25,"to":-15,"title":"RIC I (second edition) Augustus 502. 1944.100.39191","image_urls":["http://numismatics.org/collectionimages/19001949/1944/1944.100.39191.rev.width350.jpg"]},{"from":-25,"to":-15,"title":"RIC I (second edition) Augustus 501. 1944.100.39189","image_urls":["http://numismatics.org/collectionimages/19001949/1944/1944.100.39189.rev.width350.jpg"]},{"from":-25,"to":-23,"title":"RIC I (second edition) Augustus 19. 2015.12.2","image_urls":["http://numismatics.org/collectionimages/20002049/2015/2015.12.2.rev.width350.jpg"]},{"from":-25,"to":-23,"title":"RIC I (second edition) Augustus 7B. 1969.222.1269","image_urls":["http://numismatics.org/collectionimages/19501999/1969/1969.222.1269.rev.width350.jpg"]},{"from":-25,"to":-23,"title":"RIC I (second edition) Augustus 1A. 1944.100.39026","image_urls":["http://numismatics.org/collectionimages/19001949/1944/1944.100.39026.rev.width350.jpg"]}]