[{"from":-250,"to":-146,"title":"Silver triobol, Sicyon, 250 BC - 146 BC. 1944.100.38706","image_urls":["http://numismatics.org/collectionimages/19001949/1944/1944.100.38706.rev.width350.jpg"]},{"from":-250,"to":-249,"title":"Silver Tetradrachm of Ptolemy II, Tyre, 250 BC - 249 BC. 1944.100.76139","image_urls":["http://numismatics.org/collectionimages/19001949/1944/1944.100.76139.rev.width350.jpg"]},{"from":-250,"to":-146,"title":"Silver triobol, Sicyon, 250 BC - 146 BC. 1963.31.704","image_urls":["http://numismatics.org/collectionimages/19501999/1963/1963.31.704.rev.width350.jpg"]},{"from":-250,"to":-146,"title":"Silver triobol, Sicyon, 250 BC - 146 BC. 1963.31.713","image_urls":["http://numismatics.org/collectionimages/19501999/1963/1963.31.713.rev.width350.jpg"]},{"from":-250,"to":-146,"title":"Silver triobol, Sicyon, 250 BC - 146 BC. 1944.100.38703","image_urls":["http://numismatics.org/collectionimages/19001949/1944/1944.100.38703.rev.width350.jpg"]},{"from":-250,"to":-146,"title":"Silver triobol, Sicyon, 250 BC - 146 BC. 1963.31.697","image_urls":["http://numismatics.org/collectionimages/19501999/1963/1963.31.697.rev.width350.jpg"]},{"from":-250,"to":-249,"title":"Silver Tetradrachm of Ptolemy II, Joppa, 250 BC - 249 BC. 1944.100.76232","image_urls":["http://numismatics.org/collectionimages/19001949/1944/1944.100.76232.rev.width350.jpg"]},{"from":-250,"to":-146,"title":"Silver triobol, Sicyon, 250 BC - 146 BC. 1944.100.38712","image_urls":["http://numismatics.org/collectionimages/19001949/1944/1944.100.38712.rev.width350.jpg"]},{"from":-250,"to":-100,"title":"Bronze uncertain, Paros, 250 BC - 100 BC. 1953.171.275","image_urls":["http://numismatics.org/collectionimages/19501999/1953/1953.171.275.rev.width350.jpg"]},{"from":-250,"to":-146,"title":"Bronze Coin, Sicyon, 250 BC - 146 BC. 1944.100.38649","image_urls":["http://numismatics.org/collectionimages/19001949/1944/1944.100.38649.rev.width350.jpg"]},{"from":-250,"to":-146,"title":"Silver triobol, Sicyon, 250 BC - 146 BC. 1963.31.694","image_urls":["http://numismatics.org/collectionimages/19501999/1963/1963.31.694.rev.width350.jpg"]},{"from":-250,"to":-146,"title":"Bronze Coin of Magistrates name, Sicyon, 250 BC - 146 BC. 1944.100.38702","image_urls":["http://numismatics.org/collectionimages/19001949/1944/1944.100.38702.rev.width350.jpg"]},{"from":-250,"to":-146,"title":"Bronze Coin of Magistrates name, Sicyon, 250 BC - 146 BC. 1944.100.38700","image_urls":["http://numismatics.org/collectionimages/19001949/1944/1944.100.38700.rev.width350.jpg"]},{"from":-250,"to":-146,"title":"Bronze Coin of Magistrates name, Sicyon, 250 BC - 146 BC. 1944.100.38690","image_urls":["http://numismatics.org/collectionimages/19001949/1944/1944.100.38690.rev.width350.jpg"]},{"from":-250,"to":-146,"title":"Bronze Coin of Magistrates name, Sicyon, 250 BC - 146 BC. 1944.100.38699","image_urls":["http://numismatics.org/collectionimages/19001949/1944/1944.100.38699.rev.width350.jpg"]},{"from":-250,"to":-230,"title":"Silver Tetradrachm, Bactria, 250 BC - 230 BC. 1944.100.74364","image_urls":["http://numismatics.org/collectionimages/19001949/1944/1944.100.74364.rev.width350.jpg"]},{"from":-250,"to":-146,"title":"Silver triobol, Sicyon, 250 BC - 146 BC. 1944.100.38709","image_urls":["http://numismatics.org/collectionimages/19001949/1944/1944.100.38709.rev.width350.jpg"]},{"from":-250,"to":-146,"title":"Bronze Coin of Magistrates name, Sicyon, 250 BC - 146 BC. 1944.100.38684","image_urls":["http://numismatics.org/collectionimages/19001949/1944/1944.100.38684.rev.width350.jpg"]},{"from":-250,"to":-146,"title":"Silver triobol of Alexi...on, Sicyon, 250 BC - 146 BC. 1895.32.1","image_urls":["http://numismatics.org/collectionimages/00001899/1895/1895.32.1.rev.width350.jpg"]},{"from":-250,"to":-146,"title":"Silver triobol, Sicyon, 250 BC - 146 BC. 1944.100.38711","image_urls":["http://numismatics.org/collectionimages/19001949/1944/1944.100.38711.rev.width350.jpg"]},{"from":-250,"to":-146,"title":"Silver triobol, Sicyon, 250 BC - 146 BC. 1944.100.38705","image_urls":["http://numismatics.org/collectionimages/19001949/1944/1944.100.38705.rev.width350.jpg"]},{"from":-250,"to":-146,"title":"Bronze Coin of Magistrates name, Sicyon, 250 BC - 146 BC. 1944.100.38695","image_urls":["http://numismatics.org/collectionimages/19001949/1944/1944.100.38695.rev.width350.jpg"]},{"from":-250,"to":-146,"title":"Silver triobol, Sicyon, 250 BC - 146 BC. 1963.31.721","image_urls":["http://numismatics.org/collectionimages/19501999/1963/1963.31.721.rev.width350.jpg"]},{"from":-250,"to":-146,"title":"Silver triobol of Magistrates name, Sicyon, 250 BC - 146 BC. 1944.100.38667","image_urls":["http://numismatics.org/collectionimages/19001949/1944/1944.100.38667.rev.width350.jpg"]},{"from":-250,"to":-100,"title":"Bronze uncertain, Paros, 250 BC - 100 BC. 1974.26.433","image_urls":["http://numismatics.org/collectionimages/19501999/1974/1974.26.433.rev.width350.jpg"]},{"from":-250,"to":-146,"title":"Bronze Coin, Sicyon, 250 BC - 146 BC. 1944.100.38652","image_urls":["http://numismatics.org/collectionimages/19001949/1944/1944.100.38652.rev.width350.jpg"]},{"from":-250,"to":-100,"title":"Bronze uncertain, Paros, 250 BC - 100 BC. 1947.97.214","image_urls":["http://numismatics.org/collectionimages/19001949/1947/1947.97.214.rev.width350.jpg"]},{"from":-250,"to":-146,"title":"Bronze Coin, Sicyon, 250 BC - 146 BC. 1944.100.38646","image_urls":["http://numismatics.org/collectionimages/19001949/1944/1944.100.38646.rev.width350.jpg"]},{"from":-250,"to":-146,"title":"Bronze Coin of Magistrates name, Sicyon, 250 BC - 146 BC. 1941.131.662","image_urls":["http://numismatics.org/collectionimages/19001949/1941/1941.131.662.rev.width350.jpg"]},{"from":-250,"to":-100,"title":"Bronze uncertain, Paros, 250 BC - 100 BC. 1944.100.27946","image_urls":["http://numismatics.org/collectionimages/19001949/1944/1944.100.27946.rev.width350.jpg"]},{"from":-250,"to":-146,"title":"Bronze Coin of Magistrates name, Sicyon, 250 BC - 146 BC. 1944.100.38696","image_urls":["http://numismatics.org/collectionimages/19001949/1944/1944.100.38696.rev.width350.jpg"]},{"from":-250,"to":-100,"title":"Bronze uncertain, Paros, 250 BC - 100 BC. 1954.94.8","image_urls":["http://numismatics.org/collectionimages/19501999/1954/1954.94.8.rev.width350.jpg"]},{"from":-250,"to":-146,"title":"Bronze Coin of Magistrates name, Sicyon, 250 BC - 146 BC. 1944.100.38693","image_urls":["http://numismatics.org/collectionimages/19001949/1944/1944.100.38693.rev.width350.jpg"]},{"from":-250,"to":-146,"title":"Silver triobol of Magistrates name, Sicyon, 250 BC - 146 BC. 1944.100.38666","image_urls":["http://numismatics.org/collectionimages/19001949/1944/1944.100.38666.rev.width350.jpg"]},{"from":-250,"to":-146,"title":"Bronze Coin of Magistrates name, Sicyon, 250 BC - 146 BC. 1944.100.38687","image_urls":["http://numismatics.org/collectionimages/19001949/1944/1944.100.38687.rev.width350.jpg"]},{"from":-250,"to":-146,"title":"Silver triobol, Sicyon, 250 BC - 146 BC. 1963.31.707","image_urls":["http://numismatics.org/collectionimages/19501999/1963/1963.31.707.rev.width350.jpg"]},{"from":-250,"to":-200,"title":"Silver 4 drachm (tetradrachm), Athens, 250 BC - 200 BC. 1944.100.24423","image_urls":["http://numismatics.org/collectionimages/19001949/1944/1944.100.24423.rev.width350.jpg"]},{"from":-250,"to":-100,"title":"Bronze uncertain, Paros, 250 BC - 100 BC. 1944.100.27943","image_urls":["http://numismatics.org/collectionimages/19001949/1944/1944.100.27943.rev.width350.jpg"]},{"from":-250,"to":-146,"title":"Silver triobol, Sicyon, 250 BC - 146 BC. 1963.31.701","image_urls":["http://numismatics.org/collectionimages/19501999/1963/1963.31.701.rev.width350.jpg"]},{"from":-250,"to":-146,"title":"Bronze Coin, Sicyon, 250 BC - 146 BC. 1944.100.38654","image_urls":["http://numismatics.org/collectionimages/19001949/1944/1944.100.38654.rev.width350.jpg"]},{"from":-250,"to":-146,"title":"Bronze Coin, Sicyon, 250 BC - 146 BC. 1944.100.38648","image_urls":["http://numismatics.org/collectionimages/19001949/1944/1944.100.38648.rev.width350.jpg"]},{"from":-250,"to":-146,"title":"Silver triobol, Sicyon, 250 BC - 146 BC. 1963.31.727","image_urls":["http://numismatics.org/collectionimages/19501999/1963/1963.31.727.rev.width350.jpg"]},{"from":-250,"to":-100,"title":"Bronze uncertain, Paros, 250 BC - 100 BC. 1974.26.432","image_urls":["http://numismatics.org/collectionimages/19501999/1974/1974.26.432.rev.width350.jpg"]},{"from":-250,"to":-146,"title":"Bronze Coin, Sicyon, 250 BC - 146 BC. 1944.100.38639","image_urls":["http://numismatics.org/collectionimages/19001949/1944/1944.100.38639.rev.width350.jpg"]},{"from":-250,"to":-146,"title":"Bronze Coin, Sicyon, 250 BC - 146 BC. 1944.100.38651","image_urls":["http://numismatics.org/collectionimages/19001949/1944/1944.100.38651.rev.width350.jpg"]},{"from":-250,"to":-146,"title":"Bronze Coin of Magistrates name, Sicyon, 250 BC - 146 BC. 1970.142.167","image_urls":["http://numismatics.org/collectionimages/19501999/1970/1970.142.167.rev.width350.jpg"]},{"from":-250,"to":-146,"title":"Bronze Coin of Andpotimoe, Sicyon, 250 BC - 146 BC. 1944.100.38662","image_urls":["http://numismatics.org/collectionimages/19001949/1944/1944.100.38662.rev.width350.jpg"]},{"from":-250,"to":-146,"title":"Silver triobol of Alexi...on, Sicyon, 250 BC - 146 BC. 1944.100.38656","image_urls":["http://numismatics.org/collectionimages/19001949/1944/1944.100.38656.rev.width350.jpg"]},{"from":-250,"to":-146,"title":"Bronze Coin, Sicyon, 250 BC - 146 BC. 1944.100.38641","image_urls":["http://numismatics.org/collectionimages/19001949/1944/1944.100.38641.rev.width350.jpg"]},{"from":-250,"to":-146,"title":"Silver triobol of Magistrates name, Sicyon, 250 BC - 146 BC. 1955.63.1","image_urls":["http://numismatics.org/collectionimages/19501999/1955/1955.63.1.rev.width350.jpg"]},{"from":-250,"to":-146,"title":"Bronze Coin of Magistrates name, Sicyon, 250 BC - 146 BC. 1944.100.38691","image_urls":["http://numismatics.org/collectionimages/19001949/1944/1944.100.38691.rev.width350.jpg"]},{"from":-250,"to":-146,"title":"Bronze Coin, Sicyon, 250 BC - 146 BC. 1944.100.38638","image_urls":["http://numismatics.org/collectionimages/19001949/1944/1944.100.38638.rev.width350.jpg"]},{"from":-250,"to":-146,"title":"Bronze Coin of Magistrates name, Sicyon, 250 BC - 146 BC. 1944.100.38701","image_urls":["http://numismatics.org/collectionimages/19001949/1944/1944.100.38701.rev.width350.jpg"]},{"from":-250,"to":-100,"title":"Bronze Coin, Seriphos, 250 BC - 100 BC. 1944.100.27954","image_urls":["http://numismatics.org/collectionimages/19001949/1944/1944.100.27954.rev.width350.jpg"]},{"from":-250,"to":-200,"title":"Gold stater, Calchedon, 250 BC - 200 BC. 1944.100.82777","image_urls":["http://numismatics.org/collectionimages/19001949/1944/1944.100.82777.rev.width350.jpg"]},{"from":-250,"to":-146,"title":"Silver triobol, Sicyon, 250 BC - 146 BC. 1963.31.724","image_urls":["http://numismatics.org/collectionimages/19501999/1963/1963.31.724.rev.width350.jpg"]},{"from":-250,"to":-146,"title":"Silver triobol of Magistrates name, Sicyon, 250 BC - 146 BC. 1944.100.38677","image_urls":["http://numismatics.org/collectionimages/19001949/1944/1944.100.38677.rev.width350.jpg"]},{"from":-250,"to":-100,"title":"Bronze uncertain, Paros, 250 BC - 100 BC. 1944.100.27948","image_urls":["http://numismatics.org/collectionimages/19001949/1944/1944.100.27948.rev.width350.jpg"]},{"from":-250,"to":-150,"title":"Bronze uncertain, Paros, 250 BC - 150 BC. 1944.100.27933","image_urls":["http://numismatics.org/collectionimages/19001949/1944/1944.100.27933.rev.width350.jpg"]},{"from":-250,"to":-146,"title":"Silver triobol, Sicyon, 250 BC - 146 BC. 1944.100.38708","image_urls":["http://numismatics.org/collectionimages/19001949/1944/1944.100.38708.rev.width350.jpg"]},{"from":-250,"to":-146,"title":"Bronze Coin of Magistrates name, Sicyon, 250 BC - 146 BC. 1944.100.38698","image_urls":["http://numismatics.org/collectionimages/19001949/1944/1944.100.38698.rev.width350.jpg"]},{"from":-250,"to":-146,"title":"Bronze Coin, Patrae, 250 BC - 146 BC. 1944.100.39441","image_urls":["http://numismatics.org/collectionimages/19001949/1944/1944.100.39441.rev.width350.jpg"]},{"from":-250,"to":-146,"title":"Silver triobol, Sicyon, 250 BC - 146 BC. 1963.31.726","image_urls":["http://numismatics.org/collectionimages/19501999/1963/1963.31.726.rev.width350.jpg"]},{"from":-250,"to":-146,"title":"Bronze Coin, Sicyon, 250 BC - 146 BC. 1944.100.38644","image_urls":["http://numismatics.org/collectionimages/19001949/1944/1944.100.38644.rev.width350.jpg"]},{"from":-250,"to":-146,"title":"Silver triobol, Sicyon, 250 BC - 146 BC. 1963.31.711","image_urls":["http://numismatics.org/collectionimages/19501999/1963/1963.31.711.rev.width350.jpg"]},{"from":-250,"to":-146,"title":"Silver triobol, Sicyon, 250 BC - 146 BC. 1963.31.698","image_urls":["http://numismatics.org/collectionimages/19501999/1963/1963.31.698.rev.width350.jpg"]},{"from":-250,"to":-146,"title":"Silver triobol, Sicyon, 250 BC - 146 BC. 1963.31.712","image_urls":["http://numismatics.org/collectionimages/19501999/1963/1963.31.712.rev.width350.jpg"]},{"from":-250,"to":-150,"title":"Bronze uncertain, Paros, 250 BC - 150 BC. 1944.100.27936","image_urls":["http://numismatics.org/collectionimages/19001949/1944/1944.100.27936.rev.width350.jpg"]},{"from":-250,"to":-146,"title":"Silver triobol, Sicyon, 250 BC - 146 BC. 1963.31.706","image_urls":["http://numismatics.org/collectionimages/19501999/1963/1963.31.706.rev.width350.jpg"]},{"from":-250,"to":-146,"title":"Silver triobol, Sicyon, 250 BC - 146 BC. 1963.31.696","image_urls":["http://numismatics.org/collectionimages/19501999/1963/1963.31.696.rev.width350.jpg"]},{"from":-250,"to":-146,"title":"Bronze Coin of Magistrates name, Sicyon, 250 BC - 146 BC. 1944.100.38686","image_urls":["http://numismatics.org/collectionimages/19001949/1944/1944.100.38686.rev.width350.jpg"]},{"from":-250,"to":-249,"title":"Silver Tetradrachm of Ptolemy II, Sidon, 250 BC - 249 BC. 1944.100.76188","image_urls":["http://numismatics.org/collectionimages/19001949/1944/1944.100.76188.rev.width350.jpg"]},{"from":-250,"to":-146,"title":"Bronze Coin of Magistrates name, Sicyon, 250 BC - 146 BC. 1944.100.38671","image_urls":["http://numismatics.org/collectionimages/19001949/1944/1944.100.38671.rev.width350.jpg"]},{"from":-250,"to":-249,"title":"Silver Tetradrachm of Ptolemy II, Tyre, 250 BC - 249 BC. 1944.100.76141","image_urls":["http://numismatics.org/collectionimages/19001949/1944/1944.100.76141.rev.width350.jpg"]},{"from":-250,"to":-146,"title":"Silver triobol, Sicyon, 250 BC - 146 BC. 1963.31.715","image_urls":["http://numismatics.org/collectionimages/19501999/1963/1963.31.715.rev.width350.jpg"]},{"from":-250,"to":-100,"title":"Bronze uncertain, Seriphos, 250 BC - 100 BC. 1941.131.608","image_urls":["http://numismatics.org/collectionimages/19001949/1941/1941.131.608.rev.width350.jpg"]},{"from":-250,"to":-146,"title":"Silver triobol, Sicyon, 250 BC - 146 BC. 1963.31.700","image_urls":["http://numismatics.org/collectionimages/19501999/1963/1963.31.700.rev.width350.jpg"]},{"from":-250,"to":-200,"title":"Silver 4 drachm (tetradrachm), Athens, 250 BC - 200 BC. 1968.250.2","image_urls":["http://numismatics.org/collectionimages/19501999/1968/1968.250.2.rev.width350.jpg"]},{"from":-250,"to":-146,"title":"Silver triobol, Sicyon, 250 BC - 146 BC. 1963.31.709","image_urls":["http://numismatics.org/collectionimages/19501999/1963/1963.31.709.rev.width350.jpg"]},{"from":-250,"to":-146,"title":"Silver triobol, Sicyon, 250 BC - 146 BC. 1963.31.718","image_urls":["http://numismatics.org/collectionimages/19501999/1963/1963.31.718.rev.width350.jpg"]},{"from":-250,"to":-146,"title":"Silver triobol, Sicyon, 250 BC - 146 BC. 1963.31.693","image_urls":["http://numismatics.org/collectionimages/19501999/1963/1963.31.693.rev.width350.jpg"]},{"from":-250,"to":-146,"title":"Silver triobol, Sicyon, 250 BC - 146 BC. 1963.31.703","image_urls":["http://numismatics.org/collectionimages/19501999/1963/1963.31.703.rev.width350.jpg"]},{"from":-250,"to":-146,"title":"Silver triobol of Magistrates name, Sicyon, 250 BC - 146 BC. 1974.26.599","image_urls":["http://numismatics.org/collectionimages/19501999/1974/1974.26.599.rev.width350.jpg"]},{"from":-250,"to":-146,"title":"Silver triobol, Sicyon, 250 BC - 146 BC. 1963.31.690","image_urls":["http://numismatics.org/collectionimages/19501999/1963/1963.31.690.rev.width350.jpg"]},{"from":-250,"to":-146,"title":"Bronze Coin of Magistrates name, Sicyon, 250 BC - 146 BC. 1944.100.38668","image_urls":["http://numismatics.org/collectionimages/19001949/1944/1944.100.38668.rev.width350.jpg"]},{"from":-250,"to":-146,"title":"Bronze Coin, Sicyon, 250 BC - 146 BC. 1944.100.38653","image_urls":["http://numismatics.org/collectionimages/19001949/1944/1944.100.38653.rev.width350.jpg"]},{"from":-250,"to":-146,"title":"Silver triobol of Magistrates name, Sicyon, 250 BC - 146 BC. 1944.100.38674","image_urls":["http://numismatics.org/collectionimages/19001949/1944/1944.100.38674.rev.width350.jpg"]},{"from":-250,"to":-146,"title":"Bronze Coin of Magistrates name, Sicyon, 250 BC - 146 BC. 1944.100.38683","image_urls":["http://numismatics.org/collectionimages/19001949/1944/1944.100.38683.rev.width350.jpg"]},{"from":-250,"to":-146,"title":"Silver triobol of Magistrates name, Sicyon, 250 BC - 146 BC. 1944.100.38665","image_urls":["http://numismatics.org/collectionimages/19001949/1944/1944.100.38665.rev.width350.jpg"]},{"from":-250,"to":-146,"title":"Bronze Coin of Alexi...on, Sicyon, 250 BC - 146 BC. 1944.100.38659","image_urls":["http://numismatics.org/collectionimages/19001949/1944/1944.100.38659.rev.width350.jpg"]},{"from":-250,"to":-146,"title":"Bronze Coin of Magistrates name, Sicyon, 250 BC - 146 BC. 1944.100.38692","image_urls":["http://numismatics.org/collectionimages/19001949/1944/1944.100.38692.rev.width350.jpg"]},{"from":-250,"to":-150,"title":"Bronze uncertain, Naxos, 250 BC - 150 BC. 1970.142.155","image_urls":["http://numismatics.org/collectionimages/19501999/1970/1970.142.155.rev.width350.jpg"]},{"from":-250,"to":-146,"title":"Bronze Coin, Sicyon, 250 BC - 146 BC. 1944.100.38650","image_urls":["http://numismatics.org/collectionimages/19001949/1944/1944.100.38650.rev.width350.jpg"]},{"from":-250,"to":-146,"title":"Bronze Coin of Magistrates name, Sicyon, 250 BC - 146 BC. 1944.100.38681","image_urls":["http://numismatics.org/collectionimages/19001949/1944/1944.100.38681.rev.width350.jpg"]},{"from":-250,"to":-146,"title":"Silver triobol of Magistrates name, Sicyon, 250 BC - 146 BC. 1944.100.38675","image_urls":["http://numismatics.org/collectionimages/19001949/1944/1944.100.38675.rev.width350.jpg"]},{"from":-250,"to":-146,"title":"Bronze Coin of Magistrates name, Sicyon, 250 BC - 146 BC. 1944.100.38669","image_urls":["http://numismatics.org/collectionimages/19001949/1944/1944.100.38669.rev.width350.jpg"]},{"from":-250,"to":-146,"title":"Silver triobol of Ameinias, Sicyon, 250 BC - 146 BC. 1944.100.38660","image_urls":["http://numismatics.org/collectionimages/19001949/1944/1944.100.38660.rev.width350.jpg"]},{"from":-250,"to":-146,"title":"Silver triobol, Sicyon, 250 BC - 146 BC. 1963.31.691","image_urls":["http://numismatics.org/collectionimages/19501999/1963/1963.31.691.rev.width350.jpg"]},{"from":-250,"to":-146,"title":"Silver triobol of Magistrates name, Sicyon, 250 BC - 146 BC. 1944.100.38663","image_urls":["http://numismatics.org/collectionimages/19001949/1944/1944.100.38663.rev.width350.jpg"]},{"from":-250,"to":-150,"title":"Bronze uncertain, Paros, 250 BC - 150 BC. 1944.100.27934","image_urls":["http://numismatics.org/collectionimages/19001949/1944/1944.100.27934.rev.width350.jpg"]},{"from":-250,"to":-146,"title":"Bronze Coin of Alexi...on, Sicyon, 250 BC - 146 BC. 1944.100.38657","image_urls":["http://numismatics.org/collectionimages/19001949/1944/1944.100.38657.rev.width350.jpg"]},{"from":-250,"to":-146,"title":"Silver triobol of Magistrates name, Sicyon, 250 BC - 146 BC. 1944.100.38678","image_urls":["http://numismatics.org/collectionimages/19001949/1944/1944.100.38678.rev.width350.jpg"]},{"from":-250,"to":-100,"title":"Bronze uncertain, Paros, 250 BC - 100 BC. 1944.100.27949","image_urls":["http://numismatics.org/collectionimages/19001949/1944/1944.100.27949.rev.width350.jpg"]},{"from":-250,"to":-146,"title":"Bronze Coin, Sicyon, 250 BC - 146 BC. 1944.100.38642","image_urls":["http://numismatics.org/collectionimages/19001949/1944/1944.100.38642.rev.width350.jpg"]},{"from":-250,"to":-146,"title":"Silver drachm, Sicyon, 250 BC - 146 BC. 1944.100.38636","image_urls":["http://numismatics.org/collectionimages/19001949/1944/1944.100.38636.rev.width350.jpg"]},{"from":-250,"to":-146,"title":"Bronze Coin of Magistrates name, Sicyon, 250 BC - 146 BC. 1970.142.168","image_urls":["http://numismatics.org/collectionimages/19501999/1970/1970.142.168.rev.width350.jpg"]},{"from":-250,"to":-146,"title":"Bronze Coin of Magistrates name, Sicyon, 250 BC - 146 BC. 1941.131.661","image_urls":["http://numismatics.org/collectionimages/19001949/1941/1941.131.661.rev.width350.jpg"]},{"from":-250,"to":-146,"title":"Bronze Coin of Magistrates name, Sicyon, 250 BC - 146 BC. 1944.100.38680","image_urls":["http://numismatics.org/collectionimages/19001949/1944/1944.100.38680.rev.width350.jpg"]},{"from":-250,"to":-100,"title":"Bronze uncertain, Paros, 250 BC - 100 BC. 1944.100.27945","image_urls":["http://numismatics.org/collectionimages/19001949/1944/1944.100.27945.rev.width350.jpg"]},{"from":-250,"to":-146,"title":"Bronze Coin, Sicyon, 250 BC - 146 BC. 1944.100.38713","image_urls":["http://numismatics.org/collectionimages/19001949/1944/1944.100.38713.rev.width350.jpg"]},{"from":-250,"to":-146,"title":"Silver triobol, Sicyon, 250 BC - 146 BC. 1963.31.717","image_urls":["http://numismatics.org/collectionimages/19501999/1963/1963.31.717.rev.width350.jpg"]},{"from":-250,"to":-146,"title":"Bronze Coin of Andpotimoe, Sicyon, 250 BC - 146 BC. 1944.100.38661","image_urls":["http://numismatics.org/collectionimages/19001949/1944/1944.100.38661.rev.width350.jpg"]},{"from":-250,"to":-146,"title":"Silver triobol, Sicyon, 250 BC - 146 BC. 1963.31.702","image_urls":["http://numismatics.org/collectionimages/19501999/1963/1963.31.702.rev.width350.jpg"]},{"from":-250,"to":-146,"title":"Bronze Coin of Magistrates name, Sicyon, 250 BC - 146 BC. 1944.100.38682","image_urls":["http://numismatics.org/collectionimages/19001949/1944/1944.100.38682.rev.width350.jpg"]},{"from":-250,"to":-100,"title":"Bronze uncertain, Seriphos, 250 BC - 100 BC. 1944.100.27953","image_urls":["http://numismatics.org/collectionimages/19001949/1944/1944.100.27953.rev.width350.jpg"]},{"from":-250,"to":-146,"title":"Silver triobol, Sicyon, 250 BC - 146 BC. 1944.100.38704","image_urls":["http://numismatics.org/collectionimages/19001949/1944/1944.100.38704.rev.width350.jpg"]},{"from":-250,"to":-146,"title":"Silver triobol, Sicyon, 250 BC - 146 BC. 1963.31.720","image_urls":["http://numismatics.org/collectionimages/19501999/1963/1963.31.720.rev.width350.jpg"]},{"from":-250,"to":-146,"title":"Silver triobol, Sicyon, 250 BC - 146 BC. 1963.31.714","image_urls":["http://numismatics.org/collectionimages/19501999/1963/1963.31.714.rev.width350.jpg"]},{"from":-250,"to":-100,"title":"Bronze uncertain, Paros, 250 BC - 100 BC. 1944.100.27950","image_urls":["http://numismatics.org/collectionimages/19001949/1944/1944.100.27950.rev.width350.jpg"]},{"from":-250,"to":-146,"title":"Bronze Coin of Magistrates name, Sicyon, 250 BC - 146 BC. 1944.100.38694","image_urls":["http://numismatics.org/collectionimages/19001949/1944/1944.100.38694.rev.width350.jpg"]},{"from":-250,"to":-146,"title":"Bronze Coin of Magistrates name, Sicyon, 250 BC - 146 BC. 1944.100.38688","image_urls":["http://numismatics.org/collectionimages/19001949/1944/1944.100.38688.rev.width350.jpg"]},{"from":-250,"to":-146,"title":"Silver triobol, Sicyon, 250 BC - 146 BC. 1944.100.38710","image_urls":["http://numismatics.org/collectionimages/19001949/1944/1944.100.38710.rev.width350.jpg"]},{"from":-250,"to":-146,"title":"Silver triobol, Sicyon, 250 BC - 146 BC. 1944.100.38707","image_urls":["http://numismatics.org/collectionimages/19001949/1944/1944.100.38707.rev.width350.jpg"]},{"from":-250,"to":-146,"title":"Silver triobol of Magistrates name, Sicyon, 250 BC - 146 BC. 1944.100.38676","image_urls":["http://numismatics.org/collectionimages/19001949/1944/1944.100.38676.rev.width350.jpg"]},{"from":-250,"to":-100,"title":"Bronze uncertain, Paros, 250 BC - 100 BC. 1944.100.27947","image_urls":["http://numismatics.org/collectionimages/19001949/1944/1944.100.27947.rev.width350.jpg"]},{"from":-250,"to":-146,"title":"Silver triobol, Sicyon, 250 BC - 146 BC. 1963.31.695","image_urls":["http://numismatics.org/collectionimages/19501999/1963/1963.31.695.rev.width350.jpg"]},{"from":-250,"to":-146,"title":"Bronze Coin, Sicyon, 250 BC - 146 BC. 1944.100.38643","image_urls":["http://numismatics.org/collectionimages/19001949/1944/1944.100.38643.rev.width350.jpg"]},{"from":-250,"to":-146,"title":"Bronze Coin of Alexi...on, Sicyon, 250 BC - 146 BC. 1944.100.38658","image_urls":["http://numismatics.org/collectionimages/19001949/1944/1944.100.38658.rev.width350.jpg"]},{"from":-250,"to":-146,"title":"Silver drachm, Sicyon, 250 BC - 146 BC. 1934.74.8","image_urls":["http://numismatics.org/collectionimages/19001949/1934/1934.74.8.rev.width350.jpg"]},{"from":-250,"to":-146,"title":"Bronze Coin of Magistrates name, Sicyon, 250 BC - 146 BC. 1944.100.38670","image_urls":["http://numismatics.org/collectionimages/19001949/1944/1944.100.38670.rev.width350.jpg"]},{"from":-250,"to":-146,"title":"Silver triobol of Magistrates name, Sicyon, 250 BC - 146 BC. 1944.100.38664","image_urls":["http://numismatics.org/collectionimages/19001949/1944/1944.100.38664.rev.width350.jpg"]},{"from":-250,"to":-146,"title":"Bronze Coin of Magistrates name, Sicyon, 250 BC - 146 BC. 1944.100.38679","image_urls":["http://numismatics.org/collectionimages/19001949/1944/1944.100.38679.rev.width350.jpg"]},{"from":-250,"to":-146,"title":"Silver drachm, Sicyon, 250 BC - 146 BC. 1944.100.38637","image_urls":["http://numismatics.org/collectionimages/19001949/1944/1944.100.38637.rev.width350.jpg"]},{"from":-250,"to":-146,"title":"Bronze Coin, Sicyon, 250 BC - 146 BC. 1960.170.199","image_urls":["http://numismatics.org/collectionimages/19501999/1960/1960.170.199.rev.width350.jpg"]},{"from":-250,"to":-146,"title":"Silver triobol, Sicyon, 250 BC - 146 BC. 1963.31.689","image_urls":["http://numismatics.org/collectionimages/19501999/1963/1963.31.689.rev.width350.jpg"]},{"from":-250,"to":-249,"title":"Silver Tetradrachm of Ptolemy II, Sidon, 250 BC - 249 BC. 1944.100.76187","image_urls":["http://numismatics.org/collectionimages/19001949/1944/1944.100.76187.rev.width350.jpg"]},{"from":-250,"to":-146,"title":"Silver triobol, Sicyon, 250 BC - 146 BC. 1963.31.705","image_urls":["http://numismatics.org/collectionimages/19501999/1963/1963.31.705.rev.width350.jpg"]},{"from":-250,"to":-146,"title":"Bronze Coin of Magistrates name, Sicyon, 250 BC - 146 BC. 1944.100.38685","image_urls":["http://numismatics.org/collectionimages/19001949/1944/1944.100.38685.rev.width350.jpg"]},{"from":-250,"to":-200,"title":"Chalkous, Psophis, 250 BC - 200 BC. 2006.31.11","image_urls":["http://numismatics.org/collectionimages/20002049/2006/2006.31.11.rev.width350.jpg"]},{"from":-250,"to":-100,"title":"Bronze uncertain, Paros, 250 BC - 100 BC. 1944.100.27944","image_urls":["http://numismatics.org/collectionimages/19001949/1944/1944.100.27944.rev.width350.jpg"]},{"from":-250,"to":-249,"title":"Silver Tetradrachm of Ptolemy II, Tyre, 250 BC - 249 BC. 1944.100.76140","image_urls":["http://numismatics.org/collectionimages/19001949/1944/1944.100.76140.rev.width350.jpg"]},{"from":-250,"to":-146,"title":"Silver triobol, Sicyon, 250 BC - 146 BC. 1963.31.708","image_urls":["http://numismatics.org/collectionimages/19501999/1963/1963.31.708.rev.width350.jpg"]},{"from":-250,"to":-249,"title":"Silver Tetradrachm of Ptolemy II, Joppa, 250 BC - 249 BC. 1944.100.76233","image_urls":["http://numismatics.org/collectionimages/19001949/1944/1944.100.76233.rev.width350.jpg"]},{"from":-250,"to":-146,"title":"Bronze Coin of Magistrates name, Sicyon, 250 BC - 146 BC. 1944.100.38697","image_urls":["http://numismatics.org/collectionimages/19001949/1944/1944.100.38697.rev.width350.jpg"]},{"from":-250,"to":-146,"title":"Silver triobol, Sicyon, 250 BC - 146 BC. 1963.31.722","image_urls":["http://numismatics.org/collectionimages/19501999/1963/1963.31.722.rev.width350.jpg"]},{"from":-250,"to":-146,"title":"Bronze Coin, Sicyon, 250 BC - 146 BC. 1944.100.38640","image_urls":["http://numismatics.org/collectionimages/19001949/1944/1944.100.38640.rev.width350.jpg"]},{"from":-250,"to":-146,"title":"Silver triobol, Sicyon, 250 BC - 146 BC. 1963.31.716","image_urls":["http://numismatics.org/collectionimages/19501999/1963/1963.31.716.rev.width350.jpg"]},{"from":-250,"to":-200,"title":"Silver 4 drachm (tetradrachm), Athens, 250 BC - 200 BC. 1972.53.1","image_urls":["http://numismatics.org/collectionimages/19501999/1972/1972.53.1.rev.width350.jpg"]},{"from":-250,"to":-100,"title":"Bronze uncertain, Seriphos, 250 BC - 100 BC. 1944.100.27955","image_urls":["http://numismatics.org/collectionimages/19001949/1944/1944.100.27955.rev.width350.jpg"]},{"from":-250,"to":-146,"title":"Silver triobol, Sicyon, 250 BC - 146 BC. 1963.31.710","image_urls":["http://numismatics.org/collectionimages/19501999/1963/1963.31.710.rev.width350.jpg"]},{"from":-250,"to":-146,"title":"Silver triobol, Sicyon, 250 BC - 146 BC. 1963.31.725","image_urls":["http://numismatics.org/collectionimages/19501999/1963/1963.31.725.rev.width350.jpg"]},{"from":-250,"to":-146,"title":"Silver triobol, Sicyon, 250 BC - 146 BC. 1963.31.719","image_urls":["http://numismatics.org/collectionimages/19501999/1963/1963.31.719.rev.width350.jpg"]},{"from":-250,"to":-146,"title":"Bronze Coin, Sicyon, 250 BC - 146 BC. 1944.100.38645","image_urls":["http://numismatics.org/collectionimages/19001949/1944/1944.100.38645.rev.width350.jpg"]},{"from":-250,"to":-249,"title":"Silver Tetradrachm of Ptolemy II, Joppa, 250 BC - 249 BC. 1944.100.76234","image_urls":["http://numismatics.org/collectionimages/19001949/1944/1944.100.76234.rev.width350.jpg"]},{"from":-250,"to":-100,"title":"Bronze uncertain, Parium, 250 BC - 100 BC. 1944.100.27951","image_urls":["http://numismatics.org/collectionimages/19001949/1944/1944.100.27951.rev.width350.jpg"]},{"from":-250,"to":-146,"title":"Bronze Coin of Magistrates name, Sicyon, 250 BC - 146 BC. 1944.100.38689","image_urls":["http://numismatics.org/collectionimages/19001949/1944/1944.100.38689.rev.width350.jpg"]},{"from":-250,"to":-146,"title":"Bronze Coin, Sicyon, 250 BC - 146 BC. 1944.100.38647","image_urls":["http://numismatics.org/collectionimages/19001949/1944/1944.100.38647.rev.width350.jpg"]},{"from":-250,"to":-146,"title":"Silver triobol of Magistrates name, Sicyon, 250 BC - 146 BC. 1944.100.38672","image_urls":["http://numismatics.org/collectionimages/19001949/1944/1944.100.38672.rev.width350.jpg"]},{"from":-250,"to":-100,"title":"Bronze uncertain, Paros, 250 BC - 100 BC. 1926.203.1","image_urls":["http://numismatics.org/collectionimages/19001949/1926/1926.203.1.rev.width350.jpg"]},{"from":-250,"to":-146,"title":"Silver triobol, Sicyon, 250 BC - 146 BC. 1963.31.723","image_urls":["http://numismatics.org/collectionimages/19501999/1963/1963.31.723.rev.width350.jpg"]},{"from":-250,"to":-146,"title":"Silver triobol, Sicyon, 250 BC - 146 BC. 1963.31.692","image_urls":["http://numismatics.org/collectionimages/19501999/1963/1963.31.692.rev.width350.jpg"]},{"from":-250,"to":-146,"title":"Bronze Coin, Sicyon, 250 BC - 146 BC. 1944.100.38655","image_urls":["http://numismatics.org/collectionimages/19001949/1944/1944.100.38655.rev.width350.jpg"]}]