[{"from":-251,"to":-250,"title":"Silver Tetradrachm of Ptolemy II, Joppa, 251 BC - 250 BC. 1944.100.76231","image_urls":["http://numismatics.org/collectionimages/19001949/1944/1944.100.76231.rev.width350.jpg"]},{"from":-251,"to":-250,"title":"Silver Tetradrachm of Ptolemy II, Tyre, 251 BC - 250 BC. 1944.100.76138","image_urls":["http://numismatics.org/collectionimages/19001949/1944/1944.100.76138.rev.width350.jpg"]},{"from":-251,"to":-250,"title":"Gold octadrachm of Ptolemy II, Tyre, 251 BC - 250 BC. 1967.152.419","image_urls":["http://numismatics.org/collectionimages/19501999/1967/1967.152.419.rev.width350.jpg"]},{"from":-251,"to":-250,"title":"Silver Tetradrachm of Ptolemy II, Tyre, 251 BC - 250 BC. 1944.100.76137","image_urls":["http://numismatics.org/collectionimages/19001949/1944/1944.100.76137.rev.width350.jpg"]}]