[{"from":-252,"to":-251,"title":"Silver Tetradrachm of Ptolemy II, Tyre, 252 BC - 251 BC. 1944.100.76136","image_urls":["http://numismatics.org/collectionimages/19001949/1944/1944.100.76136.rev.width350.jpg"]},{"from":-252,"to":-251,"title":"Silver Tetradrachm of Ptolemy II, Sidon, 252 BC - 251 BC. 1944.100.76186","image_urls":["http://numismatics.org/collectionimages/19001949/1944/1944.100.76186.rev.width350.jpg"]},{"from":-252,"to":-251,"title":"Silver Tetradrachm of Ptolemy II, Sidon, 252 BC - 251 BC. 1944.100.76185","image_urls":["http://numismatics.org/collectionimages/19001949/1944/1944.100.76185.rev.width350.jpg"]},{"from":-252,"to":-251,"title":"Silver Tetradrachm of Ptolemy II, Joppa, 252 BC - 251 BC. 1944.100.76230","image_urls":["http://numismatics.org/collectionimages/19001949/1944/1944.100.76230.rev.width350.jpg"]},{"from":-252,"to":-251,"title":"Silver Tetradrachm of Ptolemy II, Tyre, 252 BC - 251 BC. 1944.100.76135","image_urls":["http://numismatics.org/collectionimages/19001949/1944/1944.100.76135.rev.width350.jpg"]}]