[{"from":-253,"to":-252,"title":"Silver Tetradrachm of Ptolemy II, Tyre, 253 BC - 252 BC. 1944.100.76133","image_urls":["http://numismatics.org/collectionimages/19001949/1944/1944.100.76133.rev.width350.jpg"]},{"from":-253,"to":-252,"title":"Silver Tetradrachm of Ptolemy II, Sidon, 253 BC - 252 BC. 1974.26.5520","image_urls":["http://numismatics.org/collectionimages/19501999/1974/1974.26.5520.rev.width350.jpg"]},{"from":-253,"to":-252,"title":"Silver Tetradrachm of Ptolemy II, Sidon, 253 BC - 252 BC. 1944.100.76184","image_urls":["http://numismatics.org/collectionimages/19001949/1944/1944.100.76184.rev.width350.jpg"]},{"from":-253,"to":-252,"title":"Silver Tetradrachm of Ptolemy II, Joppa, 253 BC - 252 BC. 1944.100.76228","image_urls":["http://numismatics.org/collectionimages/19001949/1944/1944.100.76228.rev.width350.jpg"]},{"from":-253,"to":-252,"title":"Silver Tetradrachm of Ptolemy II, Tyre, 253 BC - 252 BC. 1944.100.76131","image_urls":["http://numismatics.org/collectionimages/19001949/1944/1944.100.76131.rev.width350.jpg"]},{"from":-253,"to":-252,"title":"Silver Tetradrachm of Ptolemy II, Tyre, 253 BC - 252 BC. 1944.100.76134","image_urls":["http://numismatics.org/collectionimages/19001949/1944/1944.100.76134.rev.width350.jpg"]}]