[{"from":-254,"to":-253,"title":"Silver Tetradrachm of Ptolemy II, Tyre, 254 BC - 253 BC. 1986.78.1043","image_urls":["http://numismatics.org/collectionimages/19501999/1986/1986.78.1043.rev.width350.jpg"]},{"from":-254,"to":-253,"title":"Silver Tetradrachm of Ptolemy II, Tyre, 254 BC - 253 BC. 1944.100.76127","image_urls":["http://numismatics.org/collectionimages/19001949/1944/1944.100.76127.rev.width350.jpg"]},{"from":-254,"to":-253,"title":"Silver Tetradrachm of Ptolemy II, Tyre, 254 BC - 253 BC. 1944.100.76130","image_urls":["http://numismatics.org/collectionimages/19001949/1944/1944.100.76130.rev.width350.jpg"]},{"from":-254,"to":-253,"title":"Silver Tetradrachm of Ptolemy II, Gaza, 254 BC - 253 BC. 1944.100.76246","image_urls":["http://numismatics.org/collectionimages/19001949/1944/1944.100.76246.rev.width350.jpg"]},{"from":-254,"to":-253,"title":"Silver Tetradrachm of Ptolemy II, Sidon, 254 BC - 253 BC. 1994.157.20","image_urls":["http://numismatics.org/collectionimages/19501999/1994/1994.157.20.rev.width350.jpg"]},{"from":-254,"to":-253,"title":"Silver Tetradrachm of Ptolemy II, Tyre, 254 BC - 253 BC. 1944.100.76126","image_urls":["http://numismatics.org/collectionimages/19001949/1944/1944.100.76126.rev.width350.jpg"]},{"from":-254,"to":-253,"title":"Silver Tetradrachm of Ptolemy II, Sidon, 254 BC - 253 BC. 1944.100.76182","image_urls":["http://numismatics.org/collectionimages/19001949/1944/1944.100.76182.rev.width350.jpg"]},{"from":-254,"to":-253,"title":"Silver Tetradrachm of Ptolemy II, Joppa, 254 BC - 253 BC. 1944.100.76227","image_urls":["http://numismatics.org/collectionimages/19001949/1944/1944.100.76227.rev.width350.jpg"]},{"from":-254,"to":-253,"title":"Silver Tetradrachm of Ptolemy II, Gaza, 254 BC - 253 BC. 1944.100.76248","image_urls":["http://numismatics.org/collectionimages/19001949/1944/1944.100.76248.rev.width350.jpg"]},{"from":-254,"to":-253,"title":"Silver Tetradrachm of Ptolemy II, Tyre, 254 BC - 253 BC. 1944.100.76128","image_urls":["http://numismatics.org/collectionimages/19001949/1944/1944.100.76128.rev.width350.jpg"]}]