[{"from":-255,"to":-254,"title":"Silver Tetradrachm of Ptolemy II, Gaza, 255 BC - 254 BC. 1944.100.76244","image_urls":["http://numismatics.org/collectionimages/19001949/1944/1944.100.76244.rev.width350.jpg"]},{"from":-255,"to":-254,"title":"Silver Tetradrachm of Ptolemy II, Joppa, 255 BC - 254 BC. 1944.100.76226","image_urls":["http://numismatics.org/collectionimages/19001949/1944/1944.100.76226.rev.width350.jpg"]},{"from":-255,"to":-254,"title":"Silver Tetradrachm of Ptolemy II, Joppa, 255 BC - 254 BC. 1986.78.1046","image_urls":["http://numismatics.org/collectionimages/19501999/1986/1986.78.1046.rev.width350.jpg"]},{"from":-255,"to":-254,"title":"Silver Tetradrachm of Ptolemy II, Tyre, 255 BC - 254 BC. 1944.100.76125","image_urls":["http://numismatics.org/collectionimages/19001949/1944/1944.100.76125.rev.width350.jpg"]},{"from":-255,"to":-254,"title":"Silver Tetradrachm of Ptolemy II, Sidon, 255 BC - 254 BC. 1944.100.76177","image_urls":["http://numismatics.org/collectionimages/19001949/1944/1944.100.76177.rev.width350.jpg"]},{"from":-255,"to":-254,"title":"Silver Tetradrachm of Ptolemy II, Sidon, 255 BC - 254 BC. 1944.100.76179","image_urls":["http://numismatics.org/collectionimages/19001949/1944/1944.100.76179.rev.width350.jpg"]},{"from":-255,"to":-254,"title":"Silver Tetradrachm of Ptolemy II, Tyre, 255 BC - 254 BC. 1944.100.76124","image_urls":["http://numismatics.org/collectionimages/19001949/1944/1944.100.76124.rev.width350.jpg"]}]