[{"from":-256,"to":-255,"title":"Silver Tetradrachm of Ptolemy II, Tyre, 256 BC - 255 BC. 1974.26.5508","image_urls":["http://numismatics.org/collectionimages/19501999/1974/1974.26.5508.rev.width350.jpg"]},{"from":-256,"to":-255,"title":"Silver Tetradrachm of Ptolemy II, Tyre, 256 BC - 255 BC. 1944.100.76121","image_urls":["http://numismatics.org/collectionimages/19001949/1944/1944.100.76121.rev.width350.jpg"]},{"from":-256,"to":-255,"title":"Silver Tetradrachm of Ptolemy II, Sidon, 256 BC - 255 BC. 1944.100.76174","image_urls":["http://numismatics.org/collectionimages/19001949/1944/1944.100.76174.rev.width350.jpg"]},{"from":-256,"to":-255,"title":"Silver Tetradrachm of Ptolemy II, Gaza, 256 BC - 255 BC. 1944.100.76243","image_urls":["http://numismatics.org/collectionimages/19001949/1944/1944.100.76243.rev.width350.jpg"]},{"from":-256,"to":-255,"title":"Silver Tetradrachm of Ptolemy II, Tyre, 256 BC - 255 BC. 1944.100.76123","image_urls":["http://numismatics.org/collectionimages/19001949/1944/1944.100.76123.rev.width350.jpg"]},{"from":-256,"to":-255,"title":"Silver Tetradrachm of Ptolemy II, Sidon, 256 BC - 255 BC. 1944.100.76176","image_urls":["http://numismatics.org/collectionimages/19001949/1944/1944.100.76176.rev.width350.jpg"]},{"from":-256,"to":-255,"title":"Silver Tetradrachm of Ptolemy II, Tyre, 256 BC - 255 BC. 1944.100.76119","image_urls":["http://numismatics.org/collectionimages/19001949/1944/1944.100.76119.rev.width350.jpg"]},{"from":-256,"to":-246,"title":"Gold Stater, Antioch, 256 BC - 246 BC. 1967.152.601","image_urls":["http://numismatics.org/collectionimages/19501999/1967/1967.152.601.rev.width350.jpg"]}]