[{"from":-26,"to":25,"title":"WMID-731F04: A coin issued by Cunobelin","image_urls":["https://finds.org.uk/images/tbrindle/WMID-731F04.jpg"]},{"from":-26,"to":25,"title":"NARC-14D224: A coin issued by Tasciovanus","image_urls":["https://finds.org.uk/images/tbrindle/NARC-14D224quarterstater.jpg"]},{"from":-26,"to":10,"title":"BERK-8FDD53: A coin issued by Tasciovanus","image_urls":["https://finds.org.uk/images/abyard/2012107.jpg"]},{"from":-26,"to":10,"title":"BERK-8E9197: A coin issued by Tasciovanus","image_urls":["https://finds.org.uk/images/maritime/226.%20Iron%20Age%20quarter%20stater%20Y226.jpg"]},{"from":-26,"to":10,"title":"BERK-10ECD5: A coin issued by Tasciovanus","image_urls":["https://finds.org.uk/images/abyard/2013789.jpg"]},{"from":-26,"to":-21,"title":"BH-50B028: A coin issued by Tasciovanus","image_urls":["https://finds.org.uk/images/jwatters/IA%20coin%2007%2038%20-%2036.jpg"]},{"from":-26,"to":25,"title":"WMID-753AB4: A coin issued by Cunobelin","image_urls":["https://finds.org.uk/images/tbrindle/WMID-753AB4.jpg"]},{"from":-26,"to":10,"title":"PUBLIC-8ED912: A coin issued by Tasciovanus","image_urls":["https://finds.org.uk/images/strebor/PUBLIC-8ED912%20Iron%20Age%20Tasciovanus%20silver%20unit%20Boar.jpg"]},{"from":-26,"to":-21,"title":"BH-8925D1: A coin issued by Tasciovanus","image_urls":["https://finds.org.uk/images/jwatters/IA%20coin%2007%20112%20-%2041.jpg"]},{"from":-26,"to":10,"title":"HAMP-DE0DEA: A coin issued by Eppillus","image_urls":["https://finds.org.uk/images/khindshamp/HAMP-DE0DEA.jpg"]},{"from":-26,"to":10,"title":"HAMP-A8011B: A coin issued by Tincomarus","image_urls":["https://finds.org.uk/images/khindshamp/HAMP-A8011B.jpg"]},{"from":-26,"to":-21,"title":"BH-FADE60: A coin issued by Tasciovanus","image_urls":["https://finds.org.uk/images/jwatters/IA%20coin%2008%2092%20-%202.jpg"]},{"from":-26,"to":10,"title":"BH-9D6A51: A coin issued by Tasciovanus","image_urls":["https://finds.org.uk/images/jwatters/Iron%20Age%20coin%2004%20193%20-%204%20all.jpg"]},{"from":-26,"to":-21,"title":"BH-9B42B5: A coin issued by Tasciovanus","image_urls":["https://finds.org.uk/images/jwatters/IA%20coin%2009%20123%20-%204.jpg"]},{"from":-26,"to":10,"title":"PAS-0B0BFB: A coin issued by Tasciovanus","image_urls":["https://finds.org.uk/images/rwebley2/PAS0B0BFB.jpg"]},{"from":-26,"to":10,"title":"NARC-113E13: A coin with an unrecorded/uncertain issuer.","image_urls":["https://finds.org.uk/images/jcassidy/NARC-113E13b.jpg"]},{"from":-26,"to":40,"title":"SF6865: A coin issued by Cunobelin","image_urls":["https://finds.org.uk/images/jplouviez/WFL015sf843sf6865.jpg"]},{"from":-26,"to":-25,"title":"Silver Tetradrachm of Augustus, Antioch, 26 BC - 25 BC. 1944.100.26807","image_urls":["http://numismatics.org/collectionimages/19001949/1944/1944.100.26807.rev.width350.jpg"]},{"from":-26,"to":-25,"title":"Silver Tetradrachm, Seleuceia ad Tigrim, 26 BC - 25 BC. 1944.100.82827","image_urls":["http://numismatics.org/collectionimages/19001949/1944/1944.100.82827.rev.width350.jpg"]},{"from":-26,"to":-25,"title":"Silver Tetradrachm, Seleuceia ad Tigrim, 26 BC - 25 BC. 1944.100.82821","image_urls":["http://numismatics.org/collectionimages/19001949/1944/1944.100.82821.rev.width350.jpg"]},{"from":-26,"to":-25,"title":"Silver Tetradrachm, Seleuceia ad Tigrim, 26 BC - 25 BC. 1944.100.82826","image_urls":["http://numismatics.org/collectionimages/19001949/1944/1944.100.82826.rev.width350.jpg"]},{"from":-26,"to":-25,"title":"Silver Tetradrachm, Seleuceia ad Tigrim, 26 BC - 25 BC. 1941.131.1119","image_urls":["http://numismatics.org/collectionimages/19001949/1941/1941.131.1119.rev.width350.jpg"]},{"from":-26,"to":-25,"title":"Silver Tetradrachm, Seleuceia ad Tigrim, 26 BC - 25 BC. 1944.100.82830","image_urls":["http://numismatics.org/collectionimages/19001949/1944/1944.100.82830.rev.width350.jpg"]},{"from":-26,"to":-25,"title":"Silver Tetradrachm, Seleuceia ad Tigrim, 26 BC - 25 BC. 1944.100.82824","image_urls":["http://numismatics.org/collectionimages/19001949/1944/1944.100.82824.rev.width350.jpg"]},{"from":-26,"to":-25,"title":"Silver Tetradrachm, Seleuceia ad Tigrim, 26 BC - 25 BC. 1979.189.16","image_urls":["http://numismatics.org/collectionimages/19501999/1979/1979.189.16.rev.width350.jpg"]},{"from":-26,"to":-25,"title":"Silver Tetradrachm, Seleuceia ad Tigrim, 26 BC - 25 BC. 1944.100.82823","image_urls":["http://numismatics.org/collectionimages/19001949/1944/1944.100.82823.rev.width350.jpg"]},{"from":-26,"to":-25,"title":"Silver Tetradrachm, Seleuceia ad Tigrim, 26 BC - 25 BC. 1944.100.82822","image_urls":["http://numismatics.org/collectionimages/19001949/1944/1944.100.82822.rev.width350.jpg"]},{"from":-26,"to":-25,"title":"Silver Tetradrachm, Seleuceia ad Tigrim, 26 BC - 25 BC. 1944.100.82820","image_urls":["http://numismatics.org/collectionimages/19001949/1944/1944.100.82820.rev.width350.jpg"]},{"from":-26,"to":-25,"title":"Silver Tetradrachm, Seleuceia ad Tigrim, 26 BC - 25 BC. 1944.100.82829","image_urls":["http://numismatics.org/collectionimages/19001949/1944/1944.100.82829.rev.width350.jpg"]},{"from":-26,"to":-25,"title":"Silver Tetradrachm, Seleuceia ad Tigrim, 26 BC - 25 BC. 1944.100.82828","image_urls":["http://numismatics.org/collectionimages/19001949/1944/1944.100.82828.rev.width350.jpg"]},{"from":-26,"to":-25,"title":"Silver Tetradrachm, Seleuceia ad Tigrim, 26 BC - 25 BC. 1944.100.82825","image_urls":["http://numismatics.org/collectionimages/19001949/1944/1944.100.82825.rev.width350.jpg"]},{"from":-26,"to":-25,"title":"Silver Tetradrachm, Seleuceia ad Tigrim, 26 BC - 25 BC. 1973.56.1626","image_urls":["http://numismatics.org/collectionimages/19501999/1973/1973.56.1626.rev.width350.jpg"]}]