[{"from":-260,"to":-190,"title":"Gold Stater, Callatis, 260 BC - 190 BC. 1944.100.81601","image_urls":["http://numismatics.org/collectionimages/19001949/1944/1944.100.81601.rev.width350.jpg"]},{"from":-260,"to":-190,"title":"Silver Tetradrachm, Calchedon, 260 BC - 190 BC. 1944.100.81567","image_urls":["http://numismatics.org/collectionimages/19001949/1944/1944.100.81567.rev.width350.jpg"]},{"from":-260,"to":-190,"title":"Silver Tetradrachm, Calchedon, 260 BC - 190 BC. 1944.100.81564","image_urls":["http://numismatics.org/collectionimages/19001949/1944/1944.100.81564.rev.width350.jpg"]},{"from":-260,"to":-190,"title":"Gold Stater, Callatis, 260 BC - 190 BC. 1967.46.106","image_urls":["http://numismatics.org/collectionimages/19501999/1967/1967.46.106.rev.width350.jpg"]},{"from":-260,"to":-190,"title":"Silver Tetradrachm, Byzantium, 260 BC - 190 BC. 1944.100.81480","image_urls":["http://numismatics.org/collectionimages/19001949/1944/1944.100.81480.rev.width350.jpg"]},{"from":-260,"to":-190,"title":"Silver Tetradrachm, Calchedon, 260 BC - 190 BC. 1966.75.128","image_urls":["http://numismatics.org/collectionimages/19501999/1966/1966.75.128.rev.width350.jpg"]},{"from":-260,"to":-190,"title":"Silver Tetradrachm, Calchedon, 260 BC - 190 BC. 1957.52.404","image_urls":["http://numismatics.org/collectionimages/19501999/1957/1957.52.404.rev.width350.jpg"]},{"from":-260,"to":-190,"title":"Silver Tetradrachm, Byzantium, 260 BC - 190 BC. 1944.100.81513","image_urls":["http://numismatics.org/collectionimages/19001949/1944/1944.100.81513.rev.width350.jpg"]},{"from":-260,"to":-190,"title":"Gold Stater, Callatis, 260 BC - 190 BC. 1944.100.81600","image_urls":["http://numismatics.org/collectionimages/19001949/1944/1944.100.81600.rev.width350.jpg"]},{"from":-260,"to":-190,"title":"Silver Tetradrachm, Calchedon, 260 BC - 190 BC. 1944.100.81576","image_urls":["http://numismatics.org/collectionimages/19001949/1944/1944.100.81576.rev.width350.jpg"]},{"from":-260,"to":-190,"title":"Silver Tetradrachm, Byzantium, 260 BC - 190 BC. 1944.100.81456","image_urls":["http://numismatics.org/collectionimages/19001949/1944/1944.100.81456.rev.width350.jpg"]},{"from":-260,"to":-190,"title":"Silver Tetradrachm, Calchedon, 260 BC - 190 BC. 1944.100.81572","image_urls":["http://numismatics.org/collectionimages/19001949/1944/1944.100.81572.rev.width350.jpg"]},{"from":-260,"to":-190,"title":"Gold Stater, Calchedon, 260 BC - 190 BC. 1977.158.106","image_urls":["http://numismatics.org/collectionimages/19501999/1977/1977.158.106.rev.width350.jpg"]},{"from":-260,"to":-240,"title":"Gold octadrachm of Ptolemy II, Alexandreia, 260 BC - 240 BC. 1977.158.112","image_urls":["http://numismatics.org/collectionimages/19501999/1977/1977.158.112.rev.width350.jpg"]},{"from":-260,"to":-190,"title":"Silver Tetradrachm, Byzantium, 260 BC - 190 BC. 1944.100.81486","image_urls":["http://numismatics.org/collectionimages/19001949/1944/1944.100.81486.rev.width350.jpg"]},{"from":-260,"to":-190,"title":"Silver Tetradrachm, Calchedon, 260 BC - 190 BC. 1951.140.8","image_urls":["http://numismatics.org/collectionimages/19501999/1951/1951.140.8.rev.width350.jpg"]},{"from":-260,"to":-190,"title":"Gold Stater, Byzantium, 260 BC - 190 BC. 1967.46.103","image_urls":["http://numismatics.org/collectionimages/19501999/1967/1967.46.103.rev.width350.jpg"]},{"from":-260,"to":-245,"title":"Gold stater, Calchedon, 260 BC - 245 BC. 1966.75.143","image_urls":["http://numismatics.org/collectionimages/19501999/1966/1966.75.143.rev.width350.jpg"]},{"from":-260,"to":-242,"title":"RRC 11/1. 0000.999.568","image_urls":["http://numismatics.org/collectionimages/00001899/0000/0000.999.568.rev.width350.jpg"]},{"from":-260,"to":-190,"title":"Gold Stater, Byzantium, 260 BC - 190 BC. 1944.100.81450","image_urls":["http://numismatics.org/collectionimages/19001949/1944/1944.100.81450.rev.width350.jpg"]},{"from":-260,"to":-190,"title":"Silver Tetradrachm, Byzantium, 260 BC - 190 BC. 1965.275.32","image_urls":["http://numismatics.org/collectionimages/19501999/1965/1965.275.32.rev.width350.jpg"]},{"from":-260,"to":-190,"title":"Gold Stater, Byzantium, 260 BC - 190 BC. 1944.100.81447","image_urls":["http://numismatics.org/collectionimages/19001949/1944/1944.100.81447.rev.width350.jpg"]},{"from":-260,"to":-190,"title":"Silver Tetradrachm, Byzantium, 260 BC - 190 BC. 1944.100.81501","image_urls":["http://numismatics.org/collectionimages/19001949/1944/1944.100.81501.rev.width350.jpg"]},{"from":-260,"to":-190,"title":"Silver Tetradrachm, Byzantium, 260 BC - 190 BC. 1944.100.81485","image_urls":["http://numismatics.org/collectionimages/19001949/1944/1944.100.81485.rev.width350.jpg"]},{"from":-260,"to":-190,"title":"Gold Stater, Callatis, 260 BC - 190 BC. 1944.100.81599","image_urls":["http://numismatics.org/collectionimages/19001949/1944/1944.100.81599.rev.width350.jpg"]},{"from":-260,"to":-190,"title":"Silver Tetradrachm, Byzantium, 260 BC - 190 BC. 1944.100.81481","image_urls":["http://numismatics.org/collectionimages/19001949/1944/1944.100.81481.rev.width350.jpg"]},{"from":-260,"to":-190,"title":"Silver Tetradrachm, Byzantium, 260 BC - 190 BC. 1944.100.81496","image_urls":["http://numismatics.org/collectionimages/19001949/1944/1944.100.81496.rev.width350.jpg"]},{"from":-260,"to":-190,"title":"Silver Tetradrachm, Calchedon, 260 BC - 190 BC. 1944.100.81562","image_urls":["http://numismatics.org/collectionimages/19001949/1944/1944.100.81562.rev.width350.jpg"]},{"from":-260,"to":-190,"title":"Silver Tetradrachm, Calchedon, 260 BC - 190 BC. 1944.100.81577","image_urls":["http://numismatics.org/collectionimages/19001949/1944/1944.100.81577.rev.width350.jpg"]},{"from":-260,"to":-190,"title":"Silver Tetradrachm, Byzantium, 260 BC - 190 BC. 1944.100.81455","image_urls":["http://numismatics.org/collectionimages/19001949/1944/1944.100.81455.rev.width350.jpg"]},{"from":-260,"to":-190,"title":"Gold Stater, Byzantium, 260 BC - 190 BC. 1944.100.81449","image_urls":["http://numismatics.org/collectionimages/19001949/1944/1944.100.81449.rev.width350.jpg"]},{"from":-260,"to":-190,"title":"Silver Tetradrachm, Calchedon, 260 BC - 190 BC. 1944.100.81575","image_urls":["http://numismatics.org/collectionimages/19001949/1944/1944.100.81575.rev.width350.jpg"]},{"from":-260,"to":-190,"title":"Silver Tetradrachm, Byzantium, 260 BC - 190 BC. 1953.4.7","image_urls":["http://numismatics.org/collectionimages/19501999/1953/1953.4.7.rev.width350.jpg"]},{"from":-260,"to":-190,"title":"Gold Stater, Mesembria, 260 BC - 190 BC. 1944.100.81608","image_urls":["http://numismatics.org/collectionimages/19001949/1944/1944.100.81608.rev.width350.jpg"]},{"from":-260,"to":-230,"title":"Gold stater, Calchedon, 260 BC - 230 BC. 1944.100.82786","image_urls":["http://numismatics.org/collectionimages/19001949/1944/1944.100.82786.rev.width350.jpg"]},{"from":-260,"to":-190,"title":"Silver Tetradrachm, Byzantium, 260 BC - 190 BC. 1944.100.81515","image_urls":["http://numismatics.org/collectionimages/19001949/1944/1944.100.81515.rev.width350.jpg"]},{"from":-260,"to":-190,"title":"Silver Tetradrachm, Byzantium, 260 BC - 190 BC. 1965.275.31","image_urls":["http://numismatics.org/collectionimages/19501999/1965/1965.275.31.rev.width350.jpg"]},{"from":-260,"to":-190,"title":"Silver Tetradrachm, Byzantium, 260 BC - 190 BC. 1944.100.81494","image_urls":["http://numismatics.org/collectionimages/19001949/1944/1944.100.81494.rev.width350.jpg"]},{"from":-260,"to":-190,"title":"Silver Tetradrachm, Calchedon, 260 BC - 190 BC. 1944.100.81566","image_urls":["http://numismatics.org/collectionimages/19001949/1944/1944.100.81566.rev.width350.jpg"]},{"from":-260,"to":-190,"title":"Gold Stater, Tomis, 260 BC - 190 BC. 1944.100.81593","image_urls":["http://numismatics.org/collectionimages/19001949/1944/1944.100.81593.rev.width350.jpg"]},{"from":-260,"to":-190,"title":"Silver Tetradrachm, Byzantium, 260 BC - 190 BC. 1944.100.81488","image_urls":["http://numismatics.org/collectionimages/19001949/1944/1944.100.81488.rev.width350.jpg"]},{"from":-260,"to":-190,"title":"Silver Tetradrachm, Calchedon, 260 BC - 190 BC. 1944.100.81569","image_urls":["http://numismatics.org/collectionimages/19001949/1944/1944.100.81569.rev.width350.jpg"]},{"from":-260,"to":-190,"title":"Silver Tetradrachm, Byzantium, 260 BC - 190 BC. 1944.100.81482","image_urls":["http://numismatics.org/collectionimages/19001949/1944/1944.100.81482.rev.width350.jpg"]},{"from":-260,"to":-190,"title":"Silver Tetradrachm, Calchedon, 260 BC - 190 BC. 1944.100.81560","image_urls":["http://numismatics.org/collectionimages/19001949/1944/1944.100.81560.rev.width350.jpg"]},{"from":-260,"to":-190,"title":"Silver Tetradrachm, Calchedon, 260 BC - 190 BC. 1957.52.406","image_urls":["http://numismatics.org/collectionimages/19501999/1957/1957.52.406.rev.width350.jpg"]},{"from":-260,"to":-190,"title":"Silver Tetradrachm, Byzantium, 260 BC - 190 BC. 1944.100.81539","image_urls":["http://numismatics.org/collectionimages/19001949/1944/1944.100.81539.rev.width350.jpg"]},{"from":-260,"to":-190,"title":"Silver Tetradrachm, Byzantium, 260 BC - 190 BC. 1948.19.2483","image_urls":["http://numismatics.org/collectionimages/19001949/1948/1948.19.2483.rev.width350.jpg"]},{"from":-260,"to":-190,"title":"Silver Tetradrachm, Calchedon, 260 BC - 190 BC. 1966.75.130","image_urls":["http://numismatics.org/collectionimages/19501999/1966/1966.75.130.rev.width350.jpg"]},{"from":-260,"to":-190,"title":"Silver Tetradrachm, Byzantium, 260 BC - 190 BC. 1944.100.81461","image_urls":["http://numismatics.org/collectionimages/19001949/1944/1944.100.81461.rev.width350.jpg"]},{"from":-260,"to":-190,"title":"Silver Tetradrachm, Calchedon, 260 BC - 190 BC. 1944.100.81563","image_urls":["http://numismatics.org/collectionimages/19001949/1944/1944.100.81563.rev.width350.jpg"]},{"from":-260,"to":-190,"title":"Silver Tetradrachm, Byzantium, 260 BC - 190 BC. 1944.100.81510","image_urls":["http://numismatics.org/collectionimages/19001949/1944/1944.100.81510.rev.width350.jpg"]},{"from":-260,"to":-190,"title":"Silver Tetradrachm, Byzantium, 260 BC - 190 BC. 1966.75.125","image_urls":["http://numismatics.org/collectionimages/19501999/1966/1966.75.125.rev.width350.jpg"]},{"from":-260,"to":-190,"title":"Silver Tetradrachm, Byzantium, 260 BC - 190 BC. 1948.19.2484","image_urls":["http://numismatics.org/collectionimages/19001949/1948/1948.19.2484.rev.width350.jpg"]},{"from":-260,"to":-245,"title":"Gold stater, Byzantium, 260 BC - 245 BC. 1944.100.82781","image_urls":["http://numismatics.org/collectionimages/19001949/1944/1944.100.82781.rev.width350.jpg"]},{"from":-260,"to":-190,"title":"Silver Tetradrachm, Byzantium, 260 BC - 190 BC. 1944.100.81497","image_urls":["http://numismatics.org/collectionimages/19001949/1944/1944.100.81497.rev.width350.jpg"]},{"from":-260,"to":-230,"title":"Gold stater, Calchedon, 260 BC - 230 BC. 1944.100.82784","image_urls":["http://numismatics.org/collectionimages/19001949/1944/1944.100.82784.rev.width350.jpg"]},{"from":-260,"to":-245,"title":"Gold stater, Byzantium, 260 BC - 245 BC. 1944.100.82780","image_urls":["http://numismatics.org/collectionimages/19001949/1944/1944.100.82780.rev.width350.jpg"]},{"from":-260,"to":-190,"title":"Gold Stater, Byzantium, 260 BC - 190 BC. 1944.100.81446","image_urls":["http://numismatics.org/collectionimages/19001949/1944/1944.100.81446.rev.width350.jpg"]},{"from":-260,"to":-190,"title":"Silver Tetradrachm, Byzantium, 260 BC - 190 BC. 1966.75.124","image_urls":["http://numismatics.org/collectionimages/19501999/1966/1966.75.124.rev.width350.jpg"]},{"from":-260,"to":-190,"title":"Silver Tetradrachm, Byzantium, 260 BC - 190 BC. 1944.100.81469","image_urls":["http://numismatics.org/collectionimages/19001949/1944/1944.100.81469.rev.width350.jpg"]},{"from":-260,"to":-190,"title":"Silver Tetradrachm, Byzantium, 260 BC - 190 BC. 1944.100.81466","image_urls":["http://numismatics.org/collectionimages/19001949/1944/1944.100.81466.rev.width350.jpg"]},{"from":-260,"to":-190,"title":"Silver Tetradrachm, Byzantium, 260 BC - 190 BC. 1944.100.81487","image_urls":["http://numismatics.org/collectionimages/19001949/1944/1944.100.81487.rev.width350.jpg"]},{"from":-260,"to":-190,"title":"Silver Tetradrachm, Calchedon, 260 BC - 190 BC. 1944.100.81565","image_urls":["http://numismatics.org/collectionimages/19001949/1944/1944.100.81565.rev.width350.jpg"]},{"from":-260,"to":-190,"title":"Gold Stater, Byzantium, 260 BC - 190 BC. 1944.100.81451","image_urls":["http://numismatics.org/collectionimages/19001949/1944/1944.100.81451.rev.width350.jpg"]},{"from":-260,"to":-190,"title":"Silver Tetradrachm, Calchedon, 260 BC - 190 BC. 1944.100.81559","image_urls":["http://numismatics.org/collectionimages/19001949/1944/1944.100.81559.rev.width350.jpg"]},{"from":-260,"to":-190,"title":"Silver Tetradrachm, Byzantium, 260 BC - 190 BC. 1944.100.81493","image_urls":["http://numismatics.org/collectionimages/19001949/1944/1944.100.81493.rev.width350.jpg"]},{"from":-260,"to":-230,"title":"Gold stater, Calchedon, 260 BC - 230 BC. 1944.100.82785","image_urls":["http://numismatics.org/collectionimages/19001949/1944/1944.100.82785.rev.width350.jpg"]},{"from":-260,"to":-190,"title":"Silver Tetradrachm, Calchedon, 260 BC - 190 BC. 1966.75.129","image_urls":["http://numismatics.org/collectionimages/19501999/1966/1966.75.129.rev.width350.jpg"]},{"from":-260,"to":-190,"title":"Silver Tetradrachm, Calchedon, 260 BC - 190 BC. 1957.52.405","image_urls":["http://numismatics.org/collectionimages/19501999/1957/1957.52.405.rev.width350.jpg"]},{"from":-260,"to":-190,"title":"Silver Tetradrachm, Byzantium, 260 BC - 190 BC. 1944.100.81514","image_urls":["http://numismatics.org/collectionimages/19001949/1944/1944.100.81514.rev.width350.jpg"]},{"from":-260,"to":-190,"title":"Silver Tetradrachm, Calchedon, 260 BC - 190 BC. 1944.100.81571","image_urls":["http://numismatics.org/collectionimages/19001949/1944/1944.100.81571.rev.width350.jpg"]},{"from":-260,"to":-190,"title":"Gold Stater, Byzantium, 260 BC - 190 BC. 1967.46.104","image_urls":["http://numismatics.org/collectionimages/19501999/1967/1967.46.104.rev.width350.jpg"]},{"from":-260,"to":-190,"title":"Silver Tetradrachm, Calchedon, 260 BC - 190 BC. 1944.100.81568","image_urls":["http://numismatics.org/collectionimages/19001949/1944/1944.100.81568.rev.width350.jpg"]},{"from":-260,"to":-190,"title":"Gold Stater, Byzantium, 260 BC - 190 BC. 1944.100.81448","image_urls":["http://numismatics.org/collectionimages/19001949/1944/1944.100.81448.rev.width350.jpg"]},{"from":-260,"to":-190,"title":"Gold Stater, Byzantium, 260 BC - 190 BC. 1977.158.107","image_urls":["http://numismatics.org/collectionimages/19501999/1977/1977.158.107.rev.width350.jpg"]},{"from":-260,"to":-190,"title":"Silver Tetradrachm, Byzantium, 260 BC - 190 BC. 1944.100.81468","image_urls":["http://numismatics.org/collectionimages/19001949/1944/1944.100.81468.rev.width350.jpg"]},{"from":-260,"to":-190,"title":"Silver Tetradrachm, Calchedon, 260 BC - 190 BC. 1944.100.81561","image_urls":["http://numismatics.org/collectionimages/19001949/1944/1944.100.81561.rev.width350.jpg"]},{"from":-260,"to":-190,"title":"Silver Tetradrachm, Byzantium, 260 BC - 190 BC. 1944.100.81479","image_urls":["http://numismatics.org/collectionimages/19001949/1944/1944.100.81479.rev.width350.jpg"]},{"from":-260,"to":-190,"title":"Silver Tetradrachm, Calchedon, 260 BC - 190 BC. 1944.100.81570","image_urls":["http://numismatics.org/collectionimages/19001949/1944/1944.100.81570.rev.width350.jpg"]},{"from":-260,"to":-190,"title":"Silver Tetradrachm, Byzantium, 260 BC - 190 BC. 1944.100.81465","image_urls":["http://numismatics.org/collectionimages/19001949/1944/1944.100.81465.rev.width350.jpg"]},{"from":-260,"to":-190,"title":"Silver Tetradrachm, Byzantium, 260 BC - 190 BC. 1944.100.81459","image_urls":["http://numismatics.org/collectionimages/19001949/1944/1944.100.81459.rev.width350.jpg"]},{"from":-260,"to":-190,"title":"Silver Tetradrachm, Byzantium, 260 BC - 190 BC. 1944.100.81475","image_urls":["http://numismatics.org/collectionimages/19001949/1944/1944.100.81475.rev.width350.jpg"]},{"from":-260,"to":-190,"title":"Silver Tetradrachm, Byzantium, 260 BC - 190 BC. 1966.75.126","image_urls":["http://numismatics.org/collectionimages/19501999/1966/1966.75.126.rev.width350.jpg"]}]