[{"from":-261,"to":-260,"title":"Silver Tetradrachm of Ptolemy II, Sidon, 261 BC - 260 BC. 1944.100.76166","image_urls":["http://numismatics.org/collectionimages/19001949/1944/1944.100.76166.rev.width350.jpg"]},{"from":-261,"to":-246,"title":"Silver Tetradrachm, Sardes, 261 BC - 246 BC. 1944.100.78168","image_urls":["http://numismatics.org/collectionimages/19001949/1944/1944.100.78168.rev.width350.jpg"]},{"from":-261,"to":-258,"title":"Gold stater, Bactria, 261 BC - 258 BC. 1995.51.52","image_urls":["http://numismatics.org/collectionimages/19501999/1995/1995.51.52.rev.width350.jpg"]},{"from":-261,"to":-260,"title":"Silver Tetradrachm of Ptolemy II, Sidon, 261 BC - 260 BC. 1944.100.76165","image_urls":["http://numismatics.org/collectionimages/19001949/1944/1944.100.76165.rev.width350.jpg"]},{"from":-261,"to":-256,"title":"Silver Tetradrachm, Seleuceia ad Tigrim, 261 BC - 256 BC. 1944.100.71545","image_urls":["http://numismatics.org/collectionimages/19001949/1944/1944.100.71545.rev.width350.jpg"]},{"from":-261,"to":-260,"title":"Silver Tetradrachm of Ptolemy II, Tyre, 261 BC - 260 BC. 1944.100.76116","image_urls":["http://numismatics.org/collectionimages/19001949/1944/1944.100.76116.rev.width350.jpg"]}]