[{"from":-262,"to":-261,"title":"Silver Tetradrachm of Ptolemy II, Tyre, 262 BC - 261 BC. 1986.78.1040","image_urls":["http://numismatics.org/collectionimages/19501999/1986/1986.78.1040.rev.width350.jpg"]},{"from":-262,"to":-261,"title":"Silver Tetradrachm of Ptolemy II, Sidon, 262 BC - 261 BC. 1986.78.1045","image_urls":["http://numismatics.org/collectionimages/19501999/1986/1986.78.1045.rev.width350.jpg"]},{"from":-262,"to":-261,"title":"Silver Tetradrachm of Ptolemy II, Tyre, 262 BC - 261 BC. 1944.100.76114","image_urls":["http://numismatics.org/collectionimages/19001949/1944/1944.100.76114.rev.width350.jpg"]}]