[{"from":-263,"to":-241,"title":"Silver Tetradrachm, Pergamum, 263 BC - 241 BC. 1944.100.43174","image_urls":["http://numismatics.org/collectionimages/19001949/1944/1944.100.43174.rev.width350.jpg"]},{"from":-263,"to":-218,"title":"Bronze Tetras, Syracuse, 263 BC - 218 BC. 1997.9.105","image_urls":["http://numismatics.org/collectionimages/19501999/1997/1997.9.105.rev.width350.jpg"]},{"from":-263,"to":-262,"title":"Silver Tetradrachm of Ptolemy II, Tyre, 263 BC - 262 BC. 1944.100.76113","image_urls":["http://numismatics.org/collectionimages/19001949/1944/1944.100.76113.rev.width350.jpg"]},{"from":-263,"to":-261,"title":"Silver Tetradrachm, Seleuceia ad Tigrim, 263 BC - 261 BC. 1944.100.71544","image_urls":["http://numismatics.org/collectionimages/19001949/1944/1944.100.71544.rev.width350.jpg"]},{"from":-263,"to":-241,"title":"Silver Tetradrachm, Pergamum, 263 BC - 241 BC. 1946.89.35","image_urls":["http://numismatics.org/collectionimages/19001949/1946/1946.89.35.rev.width350.jpg"]},{"from":-263,"to":-241,"title":"Silver Tetradrachm, Pergamum, 263 BC - 241 BC. 1975.218.13","image_urls":["http://numismatics.org/collectionimages/19501999/1975/1975.218.13.rev.width350.jpg"]},{"from":-263,"to":-241,"title":"Silver Tetradrachm, Pergamum, 263 BC - 241 BC. 1944.100.43182","image_urls":["http://numismatics.org/collectionimages/19001949/1944/1944.100.43182.rev.width350.jpg"]}]