[{"from":-264,"to":-263,"title":"Silver Tetradrachm of Ptolemy II, Tyre, 264 BC - 263 BC. 1986.78.1039","image_urls":["http://numismatics.org/collectionimages/19501999/1986/1986.78.1039.rev.width350.jpg"]},{"from":-264,"to":-260,"title":"Gold Tridrachm, Carthage, 264 BC - 260 BC. 1997.9.134","image_urls":["http://numismatics.org/collectionimages/19501999/1997/1997.9.134.rev.width350.jpg"]},{"from":-264,"to":-263,"title":"Silver Tetradrachm of Ptolemy II, Tyre, 264 BC - 263 BC. 1944.100.76110","image_urls":["http://numismatics.org/collectionimages/19001949/1944/1944.100.76110.rev.width350.jpg"]}]