[{"from":-265,"to":-242,"title":"WMID-5A3B3C: A coin with an unrecorded/uncertain issuer.","image_urls":["https://finds.org.uk/images/tgilmore/WMID-5A3B3C.jpg"]},{"from":-265,"to":-242,"title":"RRC 24/6a. 1921.100.1","image_urls":["http://numismatics.org/collectionimages/19001949/1921/1921.100.1.rev.width350.jpg"]},{"from":-265,"to":-242,"title":"RRC 24/7. 1969.83.443","image_urls":["http://numismatics.org/collectionimages/19501999/1969/1969.83.443.rev.width350.jpg"]},{"from":-265,"to":-242,"title":"RRC 24/6a. 1969.83.440","image_urls":["http://numismatics.org/collectionimages/19501999/1969/1969.83.440.rev.width350.jpg"]},{"from":-265,"to":-242,"title":"RRC 24/4. 1954.263.133","image_urls":["http://numismatics.org/collectionimages/19501999/1954/1954.263.133.rev.width350.jpg"]},{"from":-265,"to":-264,"title":"Silver Tetradrachm of Ptolemy II, Tyre, 265 BC - 264 BC. 1986.78.1037","image_urls":["http://numismatics.org/collectionimages/19501999/1986/1986.78.1037.rev.width350.jpg"]},{"from":-265,"to":-242,"title":"RRC 24/5. 1969.83.437","image_urls":["http://numismatics.org/collectionimages/19501999/1969/1969.83.437.rev.width350.jpg"]},{"from":-265,"to":-242,"title":"RRC 22/1. 2002.46.2","image_urls":["http://numismatics.org/collectionimages/20002049/2002/2002.46.2.rev.width350.jpg"]},{"from":-265,"to":-242,"title":"RRC 24/3. 1954.263.130","image_urls":["http://numismatics.org/collectionimages/19501999/1954/1954.263.130.rev.width350.jpg"]},{"from":-265,"to":-242,"title":"RRC 24/7. 1954.263.139","image_urls":["http://numismatics.org/collectionimages/19501999/1954/1954.263.139.rev.width350.jpg"]},{"from":-265,"to":-242,"title":"RRC 22/1. 1944.100.18","image_urls":["http://numismatics.org/collectionimages/19001949/1944/1944.100.18.rev.width350.jpg"]},{"from":-265,"to":-242,"title":"RRC 24/7. 1944.100.768","image_urls":["http://numismatics.org/collectionimages/19001949/1944/1944.100.768.rev.width350.jpg"]},{"from":-265,"to":-242,"title":"RRC 22/1. 2002.46.1","image_urls":["http://numismatics.org/collectionimages/20002049/2002/2002.46.1.rev.width350.jpg"]},{"from":-265,"to":-242,"title":"RRC 24/6a. 1954.263.136","image_urls":["http://numismatics.org/collectionimages/19501999/1954/1954.263.136.rev.width350.jpg"]},{"from":-265,"to":-242,"title":"RRC 24/3. 1969.83.434","image_urls":["http://numismatics.org/collectionimages/19501999/1969/1969.83.434.rev.width350.jpg"]},{"from":-265,"to":-242,"title":"RRC 24/6a. 1957.172.18","image_urls":["http://numismatics.org/collectionimages/19501999/1957/1957.172.18.rev.width350.jpg"]},{"from":-265,"to":-242,"title":"RRC 24/7. 1944.100.767","image_urls":["http://numismatics.org/collectionimages/19001949/1944/1944.100.767.rev.width350.jpg"]},{"from":-265,"to":-242,"title":"RRC 24/7. 1969.83.444","image_urls":["http://numismatics.org/collectionimages/19501999/1969/1969.83.444.rev.width350.jpg"]},{"from":-265,"to":-242,"title":"RRC 24/7. 1933.78.1","image_urls":["http://numismatics.org/collectionimages/19001949/1933/1933.78.1.rev.width350.jpg"]},{"from":-265,"to":-242,"title":"RRC 24/3. 1944.100.763","image_urls":["http://numismatics.org/collectionimages/19001949/1944/1944.100.763.rev.width350.jpg"]},{"from":-265,"to":-242,"title":"RRC 24/6a. 1944.100.766","image_urls":["http://numismatics.org/collectionimages/19001949/1944/1944.100.766.rev.width350.jpg"]},{"from":-265,"to":-242,"title":"RRC 22/1. 1944.100.20","image_urls":["http://numismatics.org/collectionimages/19001949/1944/1944.100.20.rev.width350.jpg"]},{"from":-265,"to":-242,"title":"RRC 24/6a. 1969.83.439","image_urls":["http://numismatics.org/collectionimages/19501999/1969/1969.83.439.rev.width350.jpg"]},{"from":-265,"to":-242,"title":"RRC 24/7. 1954.18.30","image_urls":["http://numismatics.org/collectionimages/19501999/1954/1954.18.30.rev.width350.jpg"]},{"from":-265,"to":-242,"title":"RRC 24/6a. 1943.127.15","image_urls":["http://numismatics.org/collectionimages/19001949/1943/1943.127.15.rev.width350.jpg"]},{"from":-265,"to":-242,"title":"RRC 24/3. 1954.263.132","image_urls":["http://numismatics.org/collectionimages/19501999/1954/1954.263.132.rev.width350.jpg"]},{"from":-265,"to":-242,"title":"RRC 24/7. 1969.83.442","image_urls":["http://numismatics.org/collectionimages/19501999/1969/1969.83.442.rev.width350.jpg"]},{"from":-265,"to":-242,"title":"RRC 22/1. 1969.83.35","image_urls":["http://numismatics.org/collectionimages/19501999/1969/1969.83.35.rev.width350.jpg"]},{"from":-265,"to":-242,"title":"RRC 24/7. 1954.263.138","image_urls":["http://numismatics.org/collectionimages/19501999/1954/1954.263.138.rev.width350.jpg"]},{"from":-265,"to":-242,"title":"RRC 22/1. 1969.83.36","image_urls":["http://numismatics.org/collectionimages/19501999/1969/1969.83.36.rev.width350.jpg"]},{"from":-265,"to":-242,"title":"RRC 24/3. 1943.127.13","image_urls":["http://numismatics.org/collectionimages/19001949/1943/1943.127.13.rev.width350.jpg"]},{"from":-265,"to":-264,"title":"Silver Tetradrachm of Ptolemy II, Tyre, 265 BC - 264 BC. 1944.100.76109","image_urls":["http://numismatics.org/collectionimages/19001949/1944/1944.100.76109.rev.width350.jpg"]},{"from":-265,"to":-242,"title":"RRC 24/4. 1944.100.764","image_urls":["http://numismatics.org/collectionimages/19001949/1944/1944.100.764.rev.width350.jpg"]},{"from":-265,"to":-242,"title":"RRC 24/6a. 1954.263.135","image_urls":["http://numismatics.org/collectionimages/19501999/1954/1954.263.135.rev.width350.jpg"]},{"from":-265,"to":-242,"title":"RRC 24/3. 1943.127.14","image_urls":["http://numismatics.org/collectionimages/19001949/1943/1943.127.14.rev.width350.jpg"]},{"from":-265,"to":-242,"title":"RRC 24/5. 1969.83.438","image_urls":["http://numismatics.org/collectionimages/19501999/1969/1969.83.438.rev.width350.jpg"]},{"from":-265,"to":-242,"title":"RRC 24/6a. 1954.263.137","image_urls":["http://numismatics.org/collectionimages/19501999/1954/1954.263.137.rev.width350.jpg"]},{"from":-265,"to":-242,"title":"RRC 22/1. 1969.83.34","image_urls":["http://numismatics.org/collectionimages/19501999/1969/1969.83.34.rev.width350.jpg"]},{"from":-265,"to":-242,"title":"RRC 24/7. 1969.83.441","image_urls":["http://numismatics.org/collectionimages/19501999/1969/1969.83.441.rev.width350.jpg"]},{"from":-265,"to":-242,"title":"RRC 24/5. 1967.153.12","image_urls":["http://numismatics.org/collectionimages/19501999/1967/1967.153.12.rev.width350.jpg"]},{"from":-265,"to":-242,"title":"RRC 24/3. 1954.263.131","image_urls":["http://numismatics.org/collectionimages/19501999/1954/1954.263.131.rev.width350.jpg"]},{"from":-265,"to":-242,"title":"RRC 24/6a. 1944.100.765","image_urls":["http://numismatics.org/collectionimages/19001949/1944/1944.100.765.rev.width350.jpg"]},{"from":-265,"to":-242,"title":"RRC 24/4. 1969.83.435","image_urls":["http://numismatics.org/collectionimages/19501999/1969/1969.83.435.rev.width350.jpg"]},{"from":-265,"to":-242,"title":"RRC 24/5. 1954.263.134","image_urls":["http://numismatics.org/collectionimages/19501999/1954/1954.263.134.rev.width350.jpg"]},{"from":-265,"to":-242,"title":"RRC 22/1. 1941.131.6","image_urls":["http://numismatics.org/collectionimages/19001949/1941/1941.131.6.rev.width350.jpg"]},{"from":-265,"to":-242,"title":"RRC 22/1. 1944.100.19","image_urls":["http://numismatics.org/collectionimages/19001949/1944/1944.100.19.rev.width350.jpg"]},{"from":-265,"to":-242,"title":"RRC 24/3. 1949.100.30","image_urls":["http://numismatics.org/collectionimages/19001949/1949/1949.100.30.rev.width350.jpg"]},{"from":-265,"to":-242,"title":"RRC 22/1. 1967.153.2","image_urls":["http://numismatics.org/collectionimages/19501999/1967/1967.153.2.rev.width350.jpg"]},{"from":-265,"to":-242,"title":"RRC 24/4. 1969.83.436","image_urls":["http://numismatics.org/collectionimages/19501999/1969/1969.83.436.rev.width350.jpg"]},{"from":-265,"to":-242,"title":"RRC 24/7. 1944.100.769","image_urls":["http://numismatics.org/collectionimages/19001949/1944/1944.100.769.rev.width350.jpg"]}]