[{"from":-269,"to":-266,"title":"RRC 21/5. 1944.100.774","image_urls":["http://numismatics.org/collectionimages/19001949/1944/1944.100.774.rev.width350.jpg"]},{"from":-269,"to":-266,"title":"RRC 20/1. 1980.109.148","image_urls":["http://numismatics.org/collectionimages/19501999/1980/1980.109.148.rev.width350.jpg"]},{"from":-269,"to":-266,"title":"RRC 21/4. 1967.153.14","image_urls":["http://numismatics.org/collectionimages/19501999/1967/1967.153.14.rev.width350.jpg"]},{"from":-269,"to":-266,"title":"RRC 21/2. 1969.83.446","image_urls":["http://numismatics.org/collectionimages/19501999/1969/1969.83.446.rev.width350.jpg"]},{"from":-269,"to":-266,"title":"RRC 21/6. 1954.263.145","image_urls":["http://numismatics.org/collectionimages/19501999/1954/1954.263.145.rev.width350.jpg"]},{"from":-269,"to":-266,"title":"RRC 20/1. 1969.83.33","image_urls":["http://numismatics.org/collectionimages/19501999/1969/1969.83.33.rev.width350.jpg"]},{"from":-269,"to":-266,"title":"RRC 21/6. 1943.127.19","image_urls":["http://numismatics.org/collectionimages/19001949/1943/1943.127.19.rev.width350.jpg"]},{"from":-269,"to":-266,"title":"RRC 21/7. 1969.83.458","image_urls":["http://numismatics.org/collectionimages/19501999/1969/1969.83.458.rev.width350.jpg"]},{"from":-269,"to":-266,"title":"RRC 21/6. 0000.999.598","image_urls":["http://numismatics.org/collectionimages/00001899/0000/0000.999.598.rev.width350.jpg"]},{"from":-269,"to":-266,"title":"RRC 21/1. 1944.100.770","image_urls":["http://numismatics.org/collectionimages/19001949/1944/1944.100.770.rev.width350.jpg"]},{"from":-269,"to":-266,"title":"RRC 21/4. 1969.83.448","image_urls":["http://numismatics.org/collectionimages/19501999/1969/1969.83.448.rev.width350.jpg"]},{"from":-269,"to":-266,"title":"RRC 20/1. 1944.100.15","image_urls":["http://numismatics.org/collectionimages/19001949/1944/1944.100.15.rev.width350.jpg"]},{"from":-269,"to":-266,"title":"RRC 21/3. 1967.153.13","image_urls":["http://numismatics.org/collectionimages/19501999/1967/1967.153.13.rev.width350.jpg"]},{"from":-269,"to":-266,"title":"RRC 21/7. 1969.83.457","image_urls":["http://numismatics.org/collectionimages/19501999/1969/1969.83.457.rev.width350.jpg"]},{"from":-269,"to":-266,"title":"RRC 20/1. 1944.100.16","image_urls":["http://numismatics.org/collectionimages/19001949/1944/1944.100.16.rev.width350.jpg"]},{"from":-269,"to":-266,"title":"RRC 21/2. 1969.83.449","image_urls":["http://numismatics.org/collectionimages/19501999/1969/1969.83.449.rev.width350.jpg"]},{"from":-269,"to":-266,"title":"RRC 21/6. 1969.83.455","image_urls":["http://numismatics.org/collectionimages/19501999/1969/1969.83.455.rev.width350.jpg"]},{"from":-269,"to":-266,"title":"RRC 21/6. 1967.153.16","image_urls":["http://numismatics.org/collectionimages/19501999/1967/1967.153.16.rev.width350.jpg"]},{"from":-269,"to":-266,"title":"RRC 21/6. 1969.83.454","image_urls":["http://numismatics.org/collectionimages/19501999/1969/1969.83.454.rev.width350.jpg"]},{"from":-269,"to":-266,"title":"RRC 21/4. 1944.100.773","image_urls":["http://numismatics.org/collectionimages/19001949/1944/1944.100.773.rev.width350.jpg"]},{"from":-269,"to":-266,"title":"RRC 21/5. 1969.83.450","image_urls":["http://numismatics.org/collectionimages/19501999/1969/1969.83.450.rev.width350.jpg"]},{"from":-269,"to":-266,"title":"RRC 20/1. 1954.203.1","image_urls":["http://numismatics.org/collectionimages/19501999/1954/1954.203.1.rev.width350.jpg"]},{"from":-269,"to":-266,"title":"RRC 21/5. 1967.153.15","image_urls":["http://numismatics.org/collectionimages/19501999/1967/1967.153.15.rev.width350.jpg"]},{"from":-269,"to":-266,"title":"RRC 21/1. 1949.100.25","image_urls":["http://numismatics.org/collectionimages/19001949/1949/1949.100.25.rev.width350.jpg"]},{"from":-269,"to":-266,"title":"RRC 21/5. 1954.263.144","image_urls":["http://numismatics.org/collectionimages/19501999/1954/1954.263.144.rev.width350.jpg"]},{"from":-269,"to":-266,"title":"RRC 21/5. 1906.236.666","image_urls":["http://numismatics.org/collectionimages/19001949/1906/1906.236.666.rev.width350.jpg"]},{"from":-269,"to":-266,"title":"RRC 21/6. 1969.83.453","image_urls":["http://numismatics.org/collectionimages/19501999/1969/1969.83.453.rev.width350.jpg"]},{"from":-269,"to":-266,"title":"RRC 21/3. 1969.83.447","image_urls":["http://numismatics.org/collectionimages/19501999/1969/1969.83.447.rev.width350.jpg"]},{"from":-269,"to":-266,"title":"RRC 21/7. 1954.263.147","image_urls":["http://numismatics.org/collectionimages/19501999/1954/1954.263.147.rev.width350.jpg"]},{"from":-269,"to":-266,"title":"RRC 20/1. 1941.131.5","image_urls":["http://numismatics.org/collectionimages/19001949/1941/1941.131.5.rev.width350.jpg"]},{"from":-269,"to":-266,"title":"RRC 21/2. 1969.83.445","image_urls":["http://numismatics.org/collectionimages/19501999/1969/1969.83.445.rev.width350.jpg"]},{"from":-269,"to":-266,"title":"RRC 20/1. 1969.83.32","image_urls":["http://numismatics.org/collectionimages/19501999/1969/1969.83.32.rev.width350.jpg"]},{"from":-269,"to":-266,"title":"RRC 21/5. 1943.127.18","image_urls":["http://numismatics.org/collectionimages/19001949/1943/1943.127.18.rev.width350.jpg"]},{"from":-269,"to":-266,"title":"RRC 21/4. 1954.263.142","image_urls":["http://numismatics.org/collectionimages/19501999/1954/1954.263.142.rev.width350.jpg"]},{"from":-269,"to":-266,"title":"RRC 21/6. 1995.11.1683","image_urls":["http://numismatics.org/collectionimages/19501999/1995/1995.11.1683.rev.width350.jpg"]},{"from":-269,"to":-266,"title":"RRC 21/7. 1944.100.776","image_urls":["http://numismatics.org/collectionimages/19001949/1944/1944.100.776.rev.width350.jpg"]},{"from":-269,"to":-266,"title":"RRC 21/6. 1933.78.2","image_urls":["http://numismatics.org/collectionimages/19001949/1933/1933.78.2.rev.width350.jpg"]},{"from":-269,"to":-266,"title":"RRC 21/1. 0000.999.591","image_urls":["http://numismatics.org/collectionimages/00001899/0000/0000.999.591.rev.width350.jpg"]},{"from":-269,"to":-266,"title":"RRC 21/5. 1969.83.451","image_urls":["http://numismatics.org/collectionimages/19501999/1969/1969.83.451.rev.width350.jpg"]},{"from":-269,"to":-266,"title":"RRC 20/1. 1944.100.17","image_urls":["http://numismatics.org/collectionimages/19001949/1944/1944.100.17.rev.width350.jpg"]},{"from":-269,"to":-266,"title":"RRC 21/4. 1954.263.141","image_urls":["http://numismatics.org/collectionimages/19501999/1954/1954.263.141.rev.width350.jpg"]},{"from":-269,"to":-266,"title":"RRC 20/1. 1937.158.568","image_urls":["http://numismatics.org/collectionimages/19001949/1937/1937.158.568.rev.width350.jpg"]},{"from":-269,"to":-266,"title":"RRC 21/6. 1969.83.456","image_urls":["http://numismatics.org/collectionimages/19501999/1969/1969.83.456.rev.width350.jpg"]},{"from":-269,"to":-266,"title":"RRC 21/3. 1954.263.140","image_urls":["http://numismatics.org/collectionimages/19501999/1954/1954.263.140.rev.width350.jpg"]},{"from":-269,"to":-266,"title":"RRC 20/1. 1957.172.2","image_urls":["http://numismatics.org/collectionimages/19501999/1957/1957.172.2.rev.width350.jpg"]},{"from":-269,"to":-266,"title":"RRC 20/1. 1969.83.31","image_urls":["http://numismatics.org/collectionimages/19501999/1969/1969.83.31.rev.width350.jpg"]},{"from":-269,"to":-266,"title":"RRC 21/2. 1943.127.17","image_urls":["http://numismatics.org/collectionimages/19001949/1943/1943.127.17.rev.width350.jpg"]},{"from":-269,"to":-266,"title":"RRC 21/2. 1944.100.771","image_urls":["http://numismatics.org/collectionimages/19001949/1944/1944.100.771.rev.width350.jpg"]},{"from":-269,"to":-266,"title":"RRC 21/6. 1954.263.146","image_urls":["http://numismatics.org/collectionimages/19501999/1954/1954.263.146.rev.width350.jpg"]},{"from":-269,"to":-266,"title":"RRC 21/6. 1969.83.452","image_urls":["http://numismatics.org/collectionimages/19501999/1969/1969.83.452.rev.width350.jpg"]},{"from":-269,"to":-266,"title":"RRC 21/6. 1944.100.775","image_urls":["http://numismatics.org/collectionimages/19001949/1944/1944.100.775.rev.width350.jpg"]},{"from":-269,"to":-266,"title":"RRC 20/1. 1905.57.1","image_urls":["http://numismatics.org/collectionimages/19001949/1905/1905.57.1.rev.width350.jpg"]},{"from":-269,"to":-266,"title":"RRC 21/4. 1954.263.143","image_urls":["http://numismatics.org/collectionimages/19501999/1954/1954.263.143.rev.width350.jpg"]}]