[{"from":-27,"to":240,"title":"YORYM-1005A1: A coin issued by Caracalla","image_urls":["https://finds.org.uk/images/yorkvol/BMR0249.jpg"]},{"from":-27,"to":14,"title":"Bronze As of Augustus, Rome, 27 BC - AD 14. 1953.171.995","image_urls":["http://numismatics.org/collectionimages/19501999/1953/1953.171.995.rev.width350.jpg"]},{"from":-27,"to":14,"title":"Bronze Coin of Augustus, Lugdunum, 27 BC - AD 14. 1953.171.1065","image_urls":["http://numismatics.org/collectionimages/19501999/1953/1953.171.1065.rev.width350.jpg"]},{"from":-27,"to":14,"title":"Bronze Dupondius of Augustus, Rome, 27 BC - AD 14. 1953.171.980","image_urls":["http://numismatics.org/collectionimages/19501999/1953/1953.171.980.rev.width350.jpg"]},{"from":-27,"to":14,"title":"Bronze Dupondius of Augustus, Rome, 27 BC - AD 14. 1944.100.53364","image_urls":["http://numismatics.org/collectionimages/19001949/1944/1944.100.53364.rev.width350.jpg"]},{"from":-27,"to":14,"title":"Bronze As of Augustus, Rome, 27 BC - AD 14. 1944.100.53367","image_urls":["http://numismatics.org/collectionimages/19001949/1944/1944.100.53367.rev.width350.jpg"]},{"from":-27,"to":14,"title":"Bronze As of Augustus, Rome, 27 BC - AD 14. 1953.171.985","image_urls":["http://numismatics.org/collectionimages/19501999/1953/1953.171.985.rev.width350.jpg"]},{"from":-27,"to":-26,"title":"Silver Tetradrachm, Seleuceia ad Tigrim, 27 BC - 26 BC. 1944.100.82961","image_urls":["http://numismatics.org/collectionimages/19001949/1944/1944.100.82961.rev.width350.jpg"]},{"from":-27,"to":14,"title":"Bronze As of Augustus, Rome, 27 BC - AD 14. 1944.100.53369","image_urls":["http://numismatics.org/collectionimages/19001949/1944/1944.100.53369.rev.width350.jpg"]},{"from":-27,"to":14,"title":"Bronze Coin, Antioch, 27 BC - AD 14. 1944.100.65544","image_urls":["http://numismatics.org/collectionimages/19001949/1944/1944.100.65544.rev.width350.jpg"]},{"from":-27,"to":14,"title":"Bronze Sestertius of Augustus, Rome, 27 BC - AD 14. 1953.171.988","image_urls":["http://numismatics.org/collectionimages/19501999/1953/1953.171.988.rev.width350.jpg"]},{"from":-27,"to":-26,"title":"RIC I (second edition) Augustus 488. 1937.158.456","image_urls":["http://numismatics.org/collectionimages/19001949/1937/1937.158.456.rev.width350.jpg"]},{"from":-27,"to":50,"title":"Silver drachm, Tabae, 27 BC - AD 50. 1944.100.48376","image_urls":["http://numismatics.org/collectionimages/19001949/1944/1944.100.48376.rev.width350.jpg"]},{"from":-27,"to":14,"title":"Bronze As of Augustus, Lugdunum, 27 BC - AD 14. 1953.171.1014","image_urls":["http://numismatics.org/collectionimages/19501999/1953/1953.171.1014.rev.width350.jpg"]},{"from":-27,"to":14,"title":"Bronze As of Augustus, Rome, 27 BC - AD 14. 1953.171.982","image_urls":["http://numismatics.org/collectionimages/19501999/1953/1953.171.982.rev.width350.jpg"]},{"from":-27,"to":14,"title":"Bronze As of Augustus, Rome, 27 BC - AD 14. 1944.100.53366","image_urls":["http://numismatics.org/collectionimages/19001949/1944/1944.100.53366.rev.width350.jpg"]},{"from":-27,"to":37,"title":"Bronze dupondius, Thaena, 27 BC - AD 37. 2008.24.11","image_urls":["http://numismatics.org/collectionimages/20002049/2008/2008.24.11.rev.width350.jpg"]},{"from":-27,"to":14,"title":"Bronze Coin, Tralles, 27 BC - AD 14. 2008.24.6","image_urls":["http://numismatics.org/collectionimages/20002049/2008/2008.24.6.rev.width350.jpg"]},{"from":-27,"to":14,"title":"Bronze As of Augustus, Lugdunum, 27 BC - AD 14. 1953.171.1019","image_urls":["http://numismatics.org/collectionimages/19501999/1953/1953.171.1019.rev.width350.jpg"]},{"from":-27,"to":14,"title":"Bronze As of Augustus, Rome, 27 BC - AD 14. 1944.100.53370","image_urls":["http://numismatics.org/collectionimages/19001949/1944/1944.100.53370.rev.width350.jpg"]},{"from":-27,"to":14,"title":"Bronze As of Augustus, Lugdunum, 27 BC - AD 14. 1953.171.1017","image_urls":["http://numismatics.org/collectionimages/19501999/1953/1953.171.1017.rev.width350.jpg"]},{"from":-27,"to":14,"title":"Bronze As of Augustus, Lugdunum, 27 BC - AD 14. 1944.100.53372","image_urls":["http://numismatics.org/collectionimages/19001949/1944/1944.100.53372.rev.width350.jpg"]},{"from":-27,"to":14,"title":"Bronze As of Augustus, Lugdunum, 27 BC - AD 14. 1953.171.1011","image_urls":["http://numismatics.org/collectionimages/19501999/1953/1953.171.1011.rev.width350.jpg"]},{"from":-27,"to":-8,"title":"Bronze Drachm of Augustus, Alexandreia, 27 BC - 8 BC. 1974.26.5119","image_urls":["http://numismatics.org/collectionimages/19501999/1974/1974.26.5119.rev.width350.jpg"]},{"from":-27,"to":14,"title":"Bronze As of Augustus, Rome, 27 BC - AD 14. 1953.171.999","image_urls":["http://numismatics.org/collectionimages/19501999/1953/1953.171.999.rev.width350.jpg"]},{"from":-27,"to":14,"title":"Silver Tetradrachm of Augustus, Antioch, 27 BC - AD 14. 1944.100.65516","image_urls":["http://numismatics.org/collectionimages/19001949/1944/1944.100.65516.rev.width350.jpg"]},{"from":-27,"to":14,"title":"Bronze As of Augustus, Rome, 27 BC - AD 14. 1953.171.987","image_urls":["http://numismatics.org/collectionimages/19501999/1953/1953.171.987.rev.width350.jpg"]},{"from":-27,"to":-8,"title":"Bronze Drachm of Augustus, Alexandreia, 27 BC - 8 BC. 1944.100.69675","image_urls":["http://numismatics.org/collectionimages/19001949/1944/1944.100.69675.rev.width350.jpg"]},{"from":-27,"to":14,"title":"Bronze As of Augustus, Lugdunum, 27 BC - AD 14. 1953.171.1007","image_urls":["http://numismatics.org/collectionimages/19501999/1953/1953.171.1007.rev.width350.jpg"]},{"from":-27,"to":14,"title":"Bronze As of Augustus, Rome, 27 BC - AD 14. 1953.171.1001","image_urls":["http://numismatics.org/collectionimages/19501999/1953/1953.171.1001.rev.width350.jpg"]},{"from":-27,"to":14,"title":"Bronze As of Augustus, Rome, 27 BC - AD 14. 1953.171.993","image_urls":["http://numismatics.org/collectionimages/19501999/1953/1953.171.993.rev.width350.jpg"]},{"from":-27,"to":14,"title":"Bronze As of Augustus, Lugdunum, 27 BC - AD 14. 1953.171.1016","image_urls":["http://numismatics.org/collectionimages/19501999/1953/1953.171.1016.rev.width350.jpg"]},{"from":-27,"to":14,"title":"Bronze Coin, Antioch, 27 BC - AD 14. 1953.171.715","image_urls":["http://numismatics.org/collectionimages/19501999/1953/1953.171.715.rev.width350.jpg"]},{"from":-27,"to":14,"title":"Bronze As of Augustus, Lugdunum, 27 BC - AD 14. 1953.171.1004","image_urls":["http://numismatics.org/collectionimages/19501999/1953/1953.171.1004.rev.width350.jpg"]},{"from":-27,"to":14,"title":"Bronze As of Augustus, Lugdunum, 27 BC - AD 14. 1953.171.1010","image_urls":["http://numismatics.org/collectionimages/19501999/1953/1953.171.1010.rev.width350.jpg"]},{"from":-27,"to":14,"title":"Bronze As of Augustus, Rome, 27 BC - AD 14. 1944.100.53365","image_urls":["http://numismatics.org/collectionimages/19001949/1944/1944.100.53365.rev.width350.jpg"]},{"from":-27,"to":14,"title":"Bronze As of Augustus, Lugdunum, 27 BC - AD 14. 1953.171.1005","image_urls":["http://numismatics.org/collectionimages/19501999/1953/1953.171.1005.rev.width350.jpg"]},{"from":-27,"to":14,"title":"Bronze As of Augustus, Rome, 27 BC - AD 14. 1953.171.997","image_urls":["http://numismatics.org/collectionimages/19501999/1953/1953.171.997.rev.width350.jpg"]},{"from":-27,"to":14,"title":"Bronze As of Augustus, Lugdunum, 27 BC - AD 14. 1953.171.1008","image_urls":["http://numismatics.org/collectionimages/19501999/1953/1953.171.1008.rev.width350.jpg"]},{"from":-27,"to":14,"title":"Bronze As of Augustus, Rome, 27 BC - AD 14. 1953.171.981","image_urls":["http://numismatics.org/collectionimages/19501999/1953/1953.171.981.rev.width350.jpg"]},{"from":-27,"to":14,"title":"Bronze As of Augustus, Rome, 27 BC - AD 14. 1953.171.996","image_urls":["http://numismatics.org/collectionimages/19501999/1953/1953.171.996.rev.width350.jpg"]},{"from":-27,"to":14,"title":"Bronze As of Augustus, Rome, 27 BC - AD 14. 1944.100.53371","image_urls":["http://numismatics.org/collectionimages/19001949/1944/1944.100.53371.rev.width350.jpg"]},{"from":-27,"to":14,"title":"Bronze Coin of Augustus, Lugdunum, 27 BC - AD 14. 1953.171.1066","image_urls":["http://numismatics.org/collectionimages/19501999/1953/1953.171.1066.rev.width350.jpg"]},{"from":-27,"to":14,"title":"Bronze As of Augustus, Rome, 27 BC - AD 14. 1953.171.990","image_urls":["http://numismatics.org/collectionimages/19501999/1953/1953.171.990.rev.width350.jpg"]},{"from":-27,"to":-26,"title":"Silver Tetradrachm, Seleuceia ad Tigrim, 27 BC - 26 BC. 1944.100.82960","image_urls":["http://numismatics.org/collectionimages/19001949/1944/1944.100.82960.rev.width350.jpg"]},{"from":-27,"to":14,"title":"Bronze Sestertius of Augustus, Rome, 27 BC - AD 14. 1953.171.984","image_urls":["http://numismatics.org/collectionimages/19501999/1953/1953.171.984.rev.width350.jpg"]},{"from":-27,"to":14,"title":"Bronze As of Augustus, Rome, 27 BC - AD 14. 1944.100.53368","image_urls":["http://numismatics.org/collectionimages/19001949/1944/1944.100.53368.rev.width350.jpg"]},{"from":-27,"to":-26,"title":"RIC I (second edition) Augustus 487. 1955.21.3","image_urls":["http://numismatics.org/collectionimages/19501999/1955/1955.21.3.rev.width350.jpg"]},{"from":-27,"to":14,"title":"Bronze As of Augustus, Lugdunum, 27 BC - AD 14. 1953.171.1006","image_urls":["http://numismatics.org/collectionimages/19501999/1953/1953.171.1006.rev.width350.jpg"]},{"from":-27,"to":14,"title":"Bronze As of Augustus, Rome, 27 BC - AD 14. 0000.999.23706","image_urls":["http://numismatics.org/collectionimages/00001899/0000/0000.999.23706.rev.width350.jpg"]},{"from":-27,"to":14,"title":"Bronze Coin, Antioch, 27 BC - AD 14. 1953.171.717","image_urls":["http://numismatics.org/collectionimages/19501999/1953/1953.171.717.rev.width350.jpg"]},{"from":-27,"to":14,"title":"Bronze As of Augustus, Lugdunum, 27 BC - AD 14. 1953.171.1012","image_urls":["http://numismatics.org/collectionimages/19501999/1953/1953.171.1012.rev.width350.jpg"]},{"from":-27,"to":14,"title":"Bronze As of Augustus, Lugdunum, 27 BC - AD 14. 1953.171.1018","image_urls":["http://numismatics.org/collectionimages/19501999/1953/1953.171.1018.rev.width350.jpg"]},{"from":-27,"to":14,"title":"Bronze As of Augustus, Lugdunum, 27 BC - AD 14. 1953.171.1003","image_urls":["http://numismatics.org/collectionimages/19501999/1953/1953.171.1003.rev.width350.jpg"]},{"from":-27,"to":14,"title":"Bronze As of Augustus, Rome, 27 BC - AD 14. 1953.171.1000","image_urls":["http://numismatics.org/collectionimages/19501999/1953/1953.171.1000.rev.width350.jpg"]},{"from":-27,"to":14,"title":"Bronze As of Augustus, Lugdunum, 27 BC - AD 14. 1953.171.1009","image_urls":["http://numismatics.org/collectionimages/19501999/1953/1953.171.1009.rev.width350.jpg"]},{"from":-27,"to":14,"title":"Bronze As of Augustus, Rome, 27 BC - AD 14. 1953.171.986","image_urls":["http://numismatics.org/collectionimages/19501999/1953/1953.171.986.rev.width350.jpg"]},{"from":-27,"to":14,"title":"Bronze As of Augustus, Rome, 27 BC - AD 14. 1953.171.992","image_urls":["http://numismatics.org/collectionimages/19501999/1953/1953.171.992.rev.width350.jpg"]},{"from":-27,"to":-26,"title":"Silver Tetradrachm, Seleuceia ad Tigrim, 27 BC - 26 BC. 1944.100.82819","image_urls":["http://numismatics.org/collectionimages/19001949/1944/1944.100.82819.rev.width350.jpg"]},{"from":-27,"to":14,"title":"Bronze As of Augustus, Lugdunum, 27 BC - AD 14. 1944.100.53373","image_urls":["http://numismatics.org/collectionimages/19001949/1944/1944.100.53373.rev.width350.jpg"]},{"from":-27,"to":14,"title":"Bronze As of Augustus, Rome, 27 BC - AD 14. 1953.171.994","image_urls":["http://numismatics.org/collectionimages/19501999/1953/1953.171.994.rev.width350.jpg"]},{"from":-27,"to":14,"title":"Bronze As of Augustus, Rome, 27 BC - AD 14. 1953.171.1002","image_urls":["http://numismatics.org/collectionimages/19501999/1953/1953.171.1002.rev.width350.jpg"]}]