[{"from":-270,"to":-267,"title":"Silver Tetradrachm of `, Seleuceia ad Tigrim, 270 BC - 267 BC. 1980.109.81","image_urls":["http://numismatics.org/collectionimages/19501999/1980/1980.109.81.rev.width350.jpg"]},{"from":-270,"to":-260,"title":"Silver Tetradrachm, Carthage, 270 BC - 260 BC. 1944.100.79983","image_urls":["http://numismatics.org/collectionimages/19001949/1944/1944.100.79983.rev.width350.jpg"]},{"from":-270,"to":-240,"title":"Gold octadrachm of Ptolemy II, Alexandreia, 270 BC - 240 BC. 1967.152.624","image_urls":["http://numismatics.org/collectionimages/19501999/1967/1967.152.624.rev.width350.jpg"]},{"from":-270,"to":-240,"title":"Silver Decadrachm of Ptolemy II, Alexandreia, 270 BC - 240 BC. 1944.100.75929","image_urls":["http://numismatics.org/collectionimages/19001949/1944/1944.100.75929.rev.width350.jpg"]},{"from":-270,"to":-240,"title":"Silver Decadrachm of Ptolemy II, Alexandreia, 270 BC - 240 BC. 1974.26.801","image_urls":["http://numismatics.org/collectionimages/19501999/1974/1974.26.801.rev.width350.jpg"]},{"from":-270,"to":-260,"title":"Silver Tetradrachm of Ptolemy II, Alexandreia, 270 BC - 260 BC. 1944.100.75917","image_urls":["http://numismatics.org/collectionimages/19001949/1944/1944.100.75917.rev.width350.jpg"]},{"from":-270,"to":-240,"title":"Gold octadrachm of Ptolemy II, Alexandreia, 270 BC - 240 BC. 1957.191.39","image_urls":["http://numismatics.org/collectionimages/19501999/1957/1957.191.39.rev.width350.jpg"]},{"from":-270,"to":-246,"title":"Bronze Coin of Ptolemy II, Alexandreia, 270 BC - 246 BC. 1944.100.76312","image_urls":["http://numismatics.org/collectionimages/19001949/1944/1944.100.76312.rev.width350.jpg"]},{"from":-270,"to":-240,"title":"Silver Decadrachm of Ptolemy II, Alexandreia, 270 BC - 240 BC. 1974.26.802","image_urls":["http://numismatics.org/collectionimages/19501999/1974/1974.26.802.rev.width350.jpg"]},{"from":-270,"to":-240,"title":"Silver Decadrachm of Ptolemy II, Alexandreia, 270 BC - 240 BC. 1944.100.75930","image_urls":["http://numismatics.org/collectionimages/19001949/1944/1944.100.75930.rev.width350.jpg"]},{"from":-270,"to":-130,"title":"Silver 2 drachm (didrachm), Naxos, 270 BC - 130 BC. 1967.152.282","image_urls":["http://numismatics.org/collectionimages/19501999/1967/1967.152.282.rev.width350.jpg"]},{"from":-270,"to":-130,"title":"Silver 2 drachm (didrachm), Naxos, 270 BC - 130 BC. 1944.100.27913","image_urls":["http://numismatics.org/collectionimages/19001949/1944/1944.100.27913.rev.width350.jpg"]},{"from":-270,"to":-240,"title":"Gold octadrachm of Ptolemy II, Alexandreia, 270 BC - 240 BC. 1954.237.470","image_urls":["http://numismatics.org/collectionimages/19501999/1954/1954.237.470.rev.width350.jpg"]},{"from":-270,"to":-240,"title":"Gold Tetradrachm of Ptolemy II, Alexandreia, 270 BC - 240 BC. 1966.54.2","image_urls":["http://numismatics.org/collectionimages/19501999/1966/1966.54.2.rev.width350.jpg"]},{"from":-270,"to":-240,"title":"Silver Decadrachm of Ptolemy II, Alexandreia, 270 BC - 240 BC. 1964.79.59","image_urls":["http://numismatics.org/collectionimages/19501999/1964/1964.79.59.rev.width350.jpg"]},{"from":-270,"to":-260,"title":"Silver Tetradrachm of Ptolemy II, Alexandreia, 270 BC - 260 BC. 1944.100.75913","image_urls":["http://numismatics.org/collectionimages/19001949/1944/1944.100.75913.rev.width350.jpg"]},{"from":-270,"to":-240,"title":"Silver Decadrachm of Ptolemy II, Alexandreia, 270 BC - 240 BC. 1944.100.75928","image_urls":["http://numismatics.org/collectionimages/19001949/1944/1944.100.75928.rev.width350.jpg"]},{"from":-270,"to":-240,"title":"Gold octadrachm of Ptolemy II, Alexandreia, 270 BC - 240 BC. 1956.183.28","image_urls":["http://numismatics.org/collectionimages/19501999/1956/1956.183.28.rev.width350.jpg"]},{"from":-270,"to":-130,"title":"Silver 2 drachm (didrachm), Naxos, 270 BC - 130 BC. 1972.82.1","image_urls":["http://numismatics.org/collectionimages/19501999/1972/1972.82.1.rev.width350.jpg"]},{"from":-270,"to":-260,"title":"Silver Tetradrachm of Ptolemy II, Alexandreia, 270 BC - 260 BC. 1944.100.75916","image_urls":["http://numismatics.org/collectionimages/19001949/1944/1944.100.75916.rev.width350.jpg"]},{"from":-270,"to":-240,"title":"Gold octadrachm of Ptolemy II, Alexandreia, 270 BC - 240 BC. 1967.152.620","image_urls":["http://numismatics.org/collectionimages/19501999/1967/1967.152.620.rev.width350.jpg"]},{"from":-270,"to":-240,"title":"Gold Tetradrachm of Ptolemy II, Alexandreia, 270 BC - 240 BC. 1944.100.75919","image_urls":["http://numismatics.org/collectionimages/19001949/1944/1944.100.75919.rev.width350.jpg"]},{"from":-270,"to":-240,"title":"Silver Tetradrachm of Ptolemy II, Alexandreia, 270 BC - 240 BC. 1944.100.43635","image_urls":["http://numismatics.org/collectionimages/19001949/1944/1944.100.43635.rev.width350.jpg"]},{"from":-270,"to":-240,"title":"Gold octadrachm of Ptolemy II, Alexandreia, 270 BC - 240 BC. 1935.117.1085","image_urls":["http://numismatics.org/collectionimages/19001949/1935/1935.117.1085.rev.width350.jpg"]},{"from":-270,"to":-267,"title":"Silver Tetradrachm, Seleuceia ad Tigrim, 270 BC - 267 BC. 1944.100.71827","image_urls":["http://numismatics.org/collectionimages/19001949/1944/1944.100.71827.rev.width350.jpg"]},{"from":-270,"to":-267,"title":"Silver Tetradrachm, Seleuceia ad Tigrim, 270 BC - 267 BC. 1944.100.45794","image_urls":["http://numismatics.org/collectionimages/19001949/1944/1944.100.45794.rev.width350.jpg"]},{"from":-270,"to":-240,"title":"Silver Decadrachm of Ptolemy II, Alexandreia, 270 BC - 240 BC. 1960.170.412","image_urls":["http://numismatics.org/collectionimages/19501999/1960/1960.170.412.rev.width350.jpg"]},{"from":-270,"to":-260,"title":"Silver Tetradrachm of Ptolemy II, Alexandreia, 270 BC - 260 BC. 1944.100.75914","image_urls":["http://numismatics.org/collectionimages/19001949/1944/1944.100.75914.rev.width350.jpg"]},{"from":-270,"to":-240,"title":"Gold octadrachm of Ptolemy II, Alexandreia, 270 BC - 240 BC. 1980.109.94","image_urls":["http://numismatics.org/collectionimages/19501999/1980/1980.109.94.rev.width350.jpg"]},{"from":-270,"to":-240,"title":"Silver Decadrachm of Ptolemy II, Alexandreia, 270 BC - 240 BC. 1944.100.75927","image_urls":["http://numismatics.org/collectionimages/19001949/1944/1944.100.75927.rev.width350.jpg"]},{"from":-270,"to":-240,"title":"Silver Decadrachm of Ptolemy II, Alexandreia, 270 BC - 240 BC. 1967.152.418","image_urls":["http://numismatics.org/collectionimages/19501999/1967/1967.152.418.rev.width350.jpg"]},{"from":-270,"to":-260,"title":"Silver Tetradrachm of Ptolemy II, Alexandreia, 270 BC - 260 BC. 1944.100.75915","image_urls":["http://numismatics.org/collectionimages/19001949/1944/1944.100.75915.rev.width350.jpg"]},{"from":-270,"to":-240,"title":"Silver Decadrachm of Ptolemy II, Alexandreia, 270 BC - 240 BC. 1944.100.75933","image_urls":["http://numismatics.org/collectionimages/19001949/1944/1944.100.75933.rev.width350.jpg"]},{"from":-270,"to":-240,"title":"Silver Tetradrachm of Ptolemy II, Alexandreia, 270 BC - 240 BC. 1944.100.43636","image_urls":["http://numismatics.org/collectionimages/19001949/1944/1944.100.43636.rev.width350.jpg"]},{"from":-270,"to":-260,"title":"Silver Tetradrachm of Ptolemy II, Alexandreia, 270 BC - 260 BC. 1974.26.5455","image_urls":["http://numismatics.org/collectionimages/19501999/1974/1974.26.5455.rev.width350.jpg"]},{"from":-270,"to":-240,"title":"Silver Tetradrachm of Ptolemy II, Alexandreia, 270 BC - 240 BC. 1935.117.1086","image_urls":["http://numismatics.org/collectionimages/19001949/1935/1935.117.1086.rev.width350.jpg"]}]