[{"from":-271,"to":-246,"title":"Bronze Coin of Ptolemy II, Tyre, 271 BC - 246 BC. 1948.19.2362","image_urls":["http://numismatics.org/collectionimages/19001949/1948/1948.19.2362.rev.width350.jpg"]},{"from":-271,"to":-246,"title":"Bronze Coin of Ptolemy II, Tyre, 271 BC - 246 BC. 1944.100.76145","image_urls":["http://numismatics.org/collectionimages/19001949/1944/1944.100.76145.rev.width350.jpg"]},{"from":-271,"to":-246,"title":"Bronze Coin of Ptolemy II, Sidon, 271 BC - 246 BC. 1948.19.2364","image_urls":["http://numismatics.org/collectionimages/19001949/1948/1948.19.2364.rev.width350.jpg"]},{"from":-271,"to":-246,"title":"Bronze Coin of Ptolemy II, Sidon, 271 BC - 246 BC. 1944.100.76198","image_urls":["http://numismatics.org/collectionimages/19001949/1944/1944.100.76198.rev.width350.jpg"]},{"from":-271,"to":-246,"title":"Bronze Coin of Ptolemy II, Sidon, 271 BC - 246 BC. 1920.172.4","image_urls":["http://numismatics.org/collectionimages/19001949/1920/1920.172.4.rev.width350.jpg"]},{"from":-271,"to":-246,"title":"Bronze Coin of Ptolemy II, Tyre, 271 BC - 246 BC. 1944.100.76144","image_urls":["http://numismatics.org/collectionimages/19001949/1944/1944.100.76144.rev.width350.jpg"]},{"from":-271,"to":-246,"title":"Bronze Coin of Ptolemy II, Tyre, 271 BC - 246 BC. 1944.100.76152","image_urls":["http://numismatics.org/collectionimages/19001949/1944/1944.100.76152.rev.width350.jpg"]},{"from":-271,"to":-267,"title":"Silver Tetradrachm of Ptolemy II, Tyre, 271 BC - 267 BC. 1944.100.76072","image_urls":["http://numismatics.org/collectionimages/19001949/1944/1944.100.76072.rev.width350.jpg"]},{"from":-271,"to":-246,"title":"Bronze Coin of Ptolemy II, Tyre, 271 BC - 246 BC. 1944.100.76148","image_urls":["http://numismatics.org/collectionimages/19001949/1944/1944.100.76148.rev.width350.jpg"]}]