[{"from":-274,"to":-270,"title":"Tetradrachm of Antiochus I, Seleuceia ad Tigrim, 274 B.C.-270 B.C. 1990.18.8.","image_urls":["http://coins.lib.virginia.edu/images/coins/screen/n1990_18_8_rev.jpg"]},{"from":-274,"to":-216,"title":"Bronze Coin, Syracuse, 274 BC - 216 BC. 1944.100.57134","image_urls":["http://numismatics.org/collectionimages/19001949/1944/1944.100.57134.rev.width350.jpg"]},{"from":-274,"to":-216,"title":"Silver 16 litra, Syracuse, 274 BC - 216 BC. 1964.79.53","image_urls":["http://numismatics.org/collectionimages/19501999/1964/1964.79.53.rev.width350.jpg"]},{"from":-274,"to":-216,"title":"Bronze Coin, Syracuse, 274 BC - 216 BC. 1944.100.57135","image_urls":["http://numismatics.org/collectionimages/19001949/1944/1944.100.57135.rev.width350.jpg"]},{"from":-274,"to":-271,"title":"Silver Tetradrachm of Ptolemy II, Sidon, 274 BC - 271 BC. 1994.157.17","image_urls":["http://numismatics.org/collectionimages/19501999/1994/1994.157.17.rev.width350.jpg"]},{"from":-274,"to":-271,"title":"Silver Tetradrachm of Ptolemy II, Tyre, 274 BC - 271 BC. 1944.100.75846","image_urls":["http://numismatics.org/collectionimages/19001949/1944/1944.100.75846.rev.width350.jpg"]},{"from":-274,"to":-216,"title":"Silver 8 litra of Hieron II, Syracuse, 274 BC - 216 BC. 1944.100.57117","image_urls":["http://numismatics.org/collectionimages/19001949/1944/1944.100.57117.rev.width350.jpg"]}]