[{"from":-275,"to":-263,"title":"Gold 10 drachm (decadrachm), Syracuse, 275 BC - 263 BC. 1997.9.103","image_urls":["http://numismatics.org/collectionimages/19501999/1997/1997.9.103.rev.width350.jpg"]},{"from":-275,"to":-270,"title":"RRC 18/5. 1995.11.1680","image_urls":["http://numismatics.org/collectionimages/19501999/1995/1995.11.1680.rev.width350.jpg"]},{"from":-275,"to":-270,"title":"RRC 18/3. 1969.83.419","image_urls":["http://numismatics.org/collectionimages/19501999/1969/1969.83.419.rev.width350.jpg"]},{"from":-275,"to":-270,"title":"RRC 18/1. 1944.100.755","image_urls":["http://numismatics.org/collectionimages/19001949/1944/1944.100.755.rev.width350.jpg"]},{"from":-275,"to":-270,"title":"RRC 18/2. 1969.83.415","image_urls":["http://numismatics.org/collectionimages/19501999/1969/1969.83.415.rev.width350.jpg"]},{"from":-275,"to":-270,"title":"RRC 18/5. 1947.2.54","image_urls":["http://numismatics.org/collectionimages/19001949/1947/1947.2.54.rev.width350.jpg"]},{"from":-275,"to":-270,"title":"RRC 18/4. 1969.83.421","image_urls":["http://numismatics.org/collectionimages/19501999/1969/1969.83.421.rev.width350.jpg"]},{"from":-275,"to":-270,"title":"RRC 18/1. 1943.127.9","image_urls":["http://numismatics.org/collectionimages/19001949/1943/1943.127.9.rev.width350.jpg"]},{"from":-275,"to":-270,"title":"RRC 18/5. 1967.153.11","image_urls":["http://numismatics.org/collectionimages/19501999/1967/1967.153.11.rev.width350.jpg"]},{"from":-275,"to":-270,"title":"RRC 18/2. 1954.263.113","image_urls":["http://numismatics.org/collectionimages/19501999/1954/1954.263.113.rev.width350.jpg"]},{"from":-275,"to":-269,"title":"Silver Tetradrachm of Ptolemy II, Alexandreia, 275 BC - 269 BC. 1974.26.5454","image_urls":["http://numismatics.org/collectionimages/19501999/1974/1974.26.5454.rev.width350.jpg"]},{"from":-275,"to":-270,"title":"RRC 18/2. 1943.127.11","image_urls":["http://numismatics.org/collectionimages/19001949/1943/1943.127.11.rev.width350.jpg"]},{"from":-275,"to":-270,"title":"RRC 18/6. 1954.263.128","image_urls":["http://numismatics.org/collectionimages/19501999/1954/1954.263.128.rev.width350.jpg"]},{"from":-275,"to":-270,"title":"RRC 18/4. 1969.83.422","image_urls":["http://numismatics.org/collectionimages/19501999/1969/1969.83.422.rev.width350.jpg"]},{"from":-275,"to":-270,"title":"RRC 18/5. 1954.263.121","image_urls":["http://numismatics.org/collectionimages/19501999/1954/1954.263.121.rev.width350.jpg"]},{"from":-275,"to":-270,"title":"RRC 19/2. 1944.100.761","image_urls":["http://numismatics.org/collectionimages/19001949/1944/1944.100.761.rev.width350.jpg"]},{"from":-275,"to":-270,"title":"RRC 18/3. 1969.83.416","image_urls":["http://numismatics.org/collectionimages/19501999/1969/1969.83.416.rev.width350.jpg"]},{"from":-275,"to":-266,"title":"Silver Tetradrachm of Ptolemy II, Salamis, 275 BC - 266 BC. 1994.157.8","image_urls":["http://numismatics.org/collectionimages/19501999/1994/1994.157.8.rev.width350.jpg"]},{"from":-275,"to":-270,"title":"RRC 18/1. 1954.263.112","image_urls":["http://numismatics.org/collectionimages/19501999/1954/1954.263.112.rev.width350.jpg"]},{"from":-275,"to":-263,"title":"Gold 10 drachm (decadrachm), Syracuse, 275 BC - 263 BC. 1997.9.102","image_urls":["http://numismatics.org/collectionimages/19501999/1997/1997.9.102.rev.width350.jpg"]},{"from":-275,"to":-270,"title":"RRC 18/5. 1954.263.123","image_urls":["http://numismatics.org/collectionimages/19501999/1954/1954.263.123.rev.width350.jpg"]},{"from":-275,"to":-270,"title":"RRC 18/6. 1969.83.432","image_urls":["http://numismatics.org/collectionimages/19501999/1969/1969.83.432.rev.width350.jpg"]},{"from":-275,"to":-270,"title":"RRC 18/4. 0000.999.587","image_urls":["http://numismatics.org/collectionimages/00001899/0000/0000.999.587.rev.width350.jpg"]},{"from":-275,"to":-270,"title":"RRC 18/3. 1969.83.418","image_urls":["http://numismatics.org/collectionimages/19501999/1969/1969.83.418.rev.width350.jpg"]},{"from":-275,"to":-270,"title":"RRC 18/6. 1969.83.430","image_urls":["http://numismatics.org/collectionimages/19501999/1969/1969.83.430.rev.width350.jpg"]},{"from":-275,"to":-270,"title":"RRC 18/4. 1969.83.424","image_urls":["http://numismatics.org/collectionimages/19501999/1969/1969.83.424.rev.width350.jpg"]},{"from":-275,"to":-270,"title":"RRC 18/3. 0000.999.585","image_urls":["http://numismatics.org/collectionimages/00001899/0000/0000.999.585.rev.width350.jpg"]},{"from":-275,"to":-270,"title":"RRC 18/5. 1969.83.426","image_urls":["http://numismatics.org/collectionimages/19501999/1969/1969.83.426.rev.width350.jpg"]},{"from":-275,"to":-270,"title":"RRC 18/2. 1969.83.412","image_urls":["http://numismatics.org/collectionimages/19501999/1969/1969.83.412.rev.width350.jpg"]},{"from":-275,"to":-270,"title":"RRC 18/1. 1954.263.111","image_urls":["http://numismatics.org/collectionimages/19501999/1954/1954.263.111.rev.width350.jpg"]},{"from":-275,"to":-270,"title":"RRC 18/5. 1969.83.427","image_urls":["http://numismatics.org/collectionimages/19501999/1969/1969.83.427.rev.width350.jpg"]},{"from":-275,"to":-270,"title":"RRC 18/6. 1954.263.126","image_urls":["http://numismatics.org/collectionimages/19501999/1954/1954.263.126.rev.width350.jpg"]},{"from":-275,"to":-270,"title":"RRC 18/4. 1995.11.1676","image_urls":["http://numismatics.org/collectionimages/19501999/1995/1995.11.1676.rev.width350.jpg"]},{"from":-275,"to":-266,"title":"Silver Tetradrachm of Ptolemy II, Citium, 275 BC - 266 BC. 1994.157.11","image_urls":["http://numismatics.org/collectionimages/19501999/1994/1994.157.11.rev.width350.jpg"]},{"from":-275,"to":-270,"title":"RRC 18/3. 1943.127.12","image_urls":["http://numismatics.org/collectionimages/19001949/1943/1943.127.12.rev.width350.jpg"]},{"from":-275,"to":-270,"title":"RRC 18/3. 1954.263.115","image_urls":["http://numismatics.org/collectionimages/19501999/1954/1954.263.115.rev.width350.jpg"]},{"from":-275,"to":-270,"title":"RRC 18/2. 1944.100.84973","image_urls":["http://numismatics.org/collectionimages/19001949/1944/1944.100.84973.rev.width350.jpg"]},{"from":-275,"to":-270,"title":"RRC 18/4. 1954.263.118","image_urls":["http://numismatics.org/collectionimages/19501999/1954/1954.263.118.rev.width350.jpg"]},{"from":-275,"to":-270,"title":"RRC 18/5. 1954.263.124","image_urls":["http://numismatics.org/collectionimages/19501999/1954/1954.263.124.rev.width350.jpg"]},{"from":-275,"to":-270,"title":"RRC 18/4. 1954.263.120","image_urls":["http://numismatics.org/collectionimages/19501999/1954/1954.263.120.rev.width350.jpg"]},{"from":-275,"to":-270,"title":"RRC 18/2. 1954.263.114","image_urls":["http://numismatics.org/collectionimages/19501999/1954/1954.263.114.rev.width350.jpg"]},{"from":-275,"to":-270,"title":"RRC 18/4. 1954.263.117","image_urls":["http://numismatics.org/collectionimages/19501999/1954/1954.263.117.rev.width350.jpg"]},{"from":-275,"to":-270,"title":"RRC 18/4. 1944.100.757","image_urls":["http://numismatics.org/collectionimages/19001949/1944/1944.100.757.rev.width350.jpg"]},{"from":-275,"to":-270,"title":"RRC 18/4. 1969.83.423","image_urls":["http://numismatics.org/collectionimages/19501999/1969/1969.83.423.rev.width350.jpg"]},{"from":-275,"to":-270,"title":"RRC 18/5. 1954.263.122","image_urls":["http://numismatics.org/collectionimages/19501999/1954/1954.263.122.rev.width350.jpg"]},{"from":-275,"to":-270,"title":"RRC 18/3. 1969.83.417","image_urls":["http://numismatics.org/collectionimages/19501999/1969/1969.83.417.rev.width350.jpg"]},{"from":-275,"to":-270,"title":"RRC 18/3. 1954.263.116","image_urls":["http://numismatics.org/collectionimages/19501999/1954/1954.263.116.rev.width350.jpg"]},{"from":-275,"to":-270,"title":"RRC 18/3. 1995.11.1678","image_urls":["http://numismatics.org/collectionimages/19501999/1995/1995.11.1678.rev.width350.jpg"]},{"from":-275,"to":-270,"title":"RRC 18/2. 1969.83.414","image_urls":["http://numismatics.org/collectionimages/19501999/1969/1969.83.414.rev.width350.jpg"]},{"from":-275,"to":-270,"title":"RRC 18/5. 1969.83.429","image_urls":["http://numismatics.org/collectionimages/19501999/1969/1969.83.429.rev.width350.jpg"]},{"from":-275,"to":-270,"title":"RRC 18/1. 1969.83.411","image_urls":["http://numismatics.org/collectionimages/19501999/1969/1969.83.411.rev.width350.jpg"]},{"from":-275,"to":-260,"title":"Bronze Coin of Ptolemy II, Alexandreia, 275 BC - 260 BC. 1978.64.248","image_urls":["http://numismatics.org/collectionimages/19501999/1978/1978.64.248.rev.width350.jpg"]},{"from":-275,"to":-270,"title":"RRC 18/4. 1954.263.119","image_urls":["http://numismatics.org/collectionimages/19501999/1954/1954.263.119.rev.width350.jpg"]},{"from":-275,"to":-270,"title":"RRC 18/6. 1944.100.759","image_urls":["http://numismatics.org/collectionimages/19001949/1944/1944.100.759.rev.width350.jpg"]},{"from":-275,"to":-270,"title":"RRC 18/6. 1954.263.125","image_urls":["http://numismatics.org/collectionimages/19501999/1954/1954.263.125.rev.width350.jpg"]},{"from":-275,"to":-270,"title":"RRC 18/4. 1969.83.420","image_urls":["http://numismatics.org/collectionimages/19501999/1969/1969.83.420.rev.width350.jpg"]},{"from":-275,"to":-270,"title":"RRC 18/6. 1969.83.431","image_urls":["http://numismatics.org/collectionimages/19501999/1969/1969.83.431.rev.width350.jpg"]},{"from":-275,"to":-270,"title":"RRC 18/4. 1969.83.425","image_urls":["http://numismatics.org/collectionimages/19501999/1969/1969.83.425.rev.width350.jpg"]},{"from":-275,"to":-270,"title":"RRC 18/3. 1967.153.10","image_urls":["http://numismatics.org/collectionimages/19501999/1967/1967.153.10.rev.width350.jpg"]},{"from":-275,"to":-270,"title":"RRC 18/6. 1944.100.760","image_urls":["http://numismatics.org/collectionimages/19001949/1944/1944.100.760.rev.width350.jpg"]},{"from":-275,"to":-270,"title":"RRC 18/2. 1969.83.413","image_urls":["http://numismatics.org/collectionimages/19501999/1969/1969.83.413.rev.width350.jpg"]},{"from":-275,"to":-270,"title":"RRC 18/1. 1943.127.10","image_urls":["http://numismatics.org/collectionimages/19001949/1943/1943.127.10.rev.width350.jpg"]},{"from":-275,"to":-270,"title":"RRC 18/2. 1949.100.33","image_urls":["http://numismatics.org/collectionimages/19001949/1949/1949.100.33.rev.width350.jpg"]},{"from":-275,"to":-270,"title":"RRC 18/5. 1969.83.428","image_urls":["http://numismatics.org/collectionimages/19501999/1969/1969.83.428.rev.width350.jpg"]},{"from":-275,"to":-270,"title":"RRC 18/6. 1954.263.127","image_urls":["http://numismatics.org/collectionimages/19501999/1954/1954.263.127.rev.width350.jpg"]}]