[{"from":-276,"to":-267,"title":"Bronze Coin, Tyre, 276 BC - 267 BC. 1944.100.76106","image_urls":["http://numismatics.org/collectionimages/19001949/1944/1944.100.76106.rev.width350.jpg"]},{"from":-276,"to":-267,"title":"Gold Pentadrachm of Ptolemy II, Tyre, 276 BC - 267 BC. 1944.100.76100","image_urls":["http://numismatics.org/collectionimages/19001949/1944/1944.100.76100.rev.width350.jpg"]},{"from":-276,"to":-267,"title":"Bronze Coin of Ptolemy II, Tyre, 276 BC - 267 BC. 1944.100.76099","image_urls":["http://numismatics.org/collectionimages/19001949/1944/1944.100.76099.rev.width350.jpg"]},{"from":-276,"to":-267,"title":"Silver Tetradrachm of Ptolemy II, Tyre, 276 BC - 267 BC. 1944.100.76098","image_urls":["http://numismatics.org/collectionimages/19001949/1944/1944.100.76098.rev.width350.jpg"]},{"from":-276,"to":-267,"title":"Silver Tetradrachm of Ptolemy II, Tyre, 276 BC - 267 BC. 1944.100.76101","image_urls":["http://numismatics.org/collectionimages/19001949/1944/1944.100.76101.rev.width350.jpg"]},{"from":-276,"to":-267,"title":"Gold Pentadrachm of Ptolemy II, Tyre, 276 BC - 267 BC. 1944.100.76073","image_urls":["http://numismatics.org/collectionimages/19001949/1944/1944.100.76073.rev.width350.jpg"]},{"from":-276,"to":-267,"title":"Bronze Coin of Ptolemy II, Tyre, 276 BC - 267 BC. 1944.100.76104","image_urls":["http://numismatics.org/collectionimages/19001949/1944/1944.100.76104.rev.width350.jpg"]}]