[{"from":-28,"to":260,"title":"YORYM-439360: A coin issued by Uncertain - 1st-mid 3rd century","image_urls":["https://finds.org.uk/images/bmorris/CR0104.jpg"]},{"from":-28,"to":260,"title":"YORYM-7715A1: A coin issued by Uncertain - 1st-mid 3rd century","image_urls":["https://finds.org.uk/images/bmorris/CR0073.jpg"]},{"from":-28,"to":240,"title":"YORYM-E955C6: A coin issued by Uncertain - 1st-mid 3rd century","image_urls":["https://finds.org.uk/images/bmorris/KSB0293.jpg"]},{"from":-28,"to":260,"title":"YORYM-1D8357: A coin issued by Uncertain - 1st-mid 3rd century","image_urls":["https://finds.org.uk/images/bmorris/WSB0006.jpg"]},{"from":-28,"to":269,"title":"YORYM-10A768: A coin issued by Uncertain - 1st-mid 3rd century","image_urls":["https://finds.org.uk/images/bmorris/MW0102.jpg"]},{"from":-28,"to":269,"title":"YORYM-1CB7F1: A coin issued by Uncertain - 1st-mid 3rd century","image_urls":["https://finds.org.uk/images/bmorris/SW0005.jpg"]},{"from":-28,"to":260,"title":"YORYM-437D90: A coin issued by Uncertain - 1st-mid 3rd century","image_urls":["https://finds.org.uk/images/bmorris/CR0103.jpg"]},{"from":-28,"to":96,"title":"SUSS-5FD9D5: A coin issued by Augustus","image_urls":["https://finds.org.uk/images/tclifford/A-238.jpg"]},{"from":-28,"to":240,"title":"WAW-E936B6: A coin issued by Uncertain - 1st-mid 3rd century","image_urls":["https://finds.org.uk/images/abolton/WAW-E936B6.jpg"]},{"from":-28,"to":260,"title":"YORYM-B883A6: A coin issued by Uncertain - 1st-mid 3rd century","image_urls":["https://finds.org.uk/images/bmorris/AC0016a.jpg"]},{"from":-28,"to":54,"title":"KENT-D065C0: A coin issued by Augustus","image_urls":["https://finds.org.uk/images/gburr/DSCN5895.JPG"]},{"from":-28,"to":260,"title":"YORYM-CBD7F5: A coin issued by Uncertain - 1st-mid 3rd century","image_urls":["https://finds.org.uk/images/bmorris/AC0032.jpg"]},{"from":-28,"to":14,"title":"SUR-9B28B1: A coin issued by Augustus","image_urls":["https://finds.org.uk/images/dwilliams/07.03.JPG"]},{"from":-28,"to":269,"title":"YORYM-7D1731: A coin issued by Uncertain - 1st-mid 3rd century","image_urls":["https://finds.org.uk/images/bmorris/TMY0018.jpg"]},{"from":-28,"to":240,"title":"LVPL-5E9837: A coin issued by Trajan","image_urls":["https://finds.org.uk/images/nherepath/589837.jpg"]},{"from":-28,"to":260,"title":"YORYM-CBF576: A coin issued by Uncertain - 1st-mid 3rd century","image_urls":["https://finds.org.uk/images/bmorris/DB0175.jpg"]},{"from":-28,"to":14,"title":"SUR-B33787: A coin issued by Augustus","image_urls":["https://finds.org.uk/images/margaretb/13-1160.JPG"]},{"from":-28,"to":260,"title":"YORYM-CBEE38: A coin issued by Uncertain - 1st-mid 3rd century","image_urls":["https://finds.org.uk/images/bmorris/AC0033.jpg"]},{"from":-28,"to":260,"title":"YORYM-2FFA98: A coin issued by Uncertain - 1st-mid 3rd century","image_urls":["https://finds.org.uk/images/bmorris/RJ0014.jpg"]},{"from":-28,"to":269,"title":"WAW-11DD83: A coin issued by Uncertain - 1st-mid 3rd century","image_urls":["https://finds.org.uk/images/abolton/WAW-11DD83.jpg"]},{"from":-28,"to":260,"title":"YORYM-22EAD7: A coin issued by Uncertain - 1st-mid 3rd century","image_urls":["https://finds.org.uk/images/bmorris/DE0113.jpg"]},{"from":-28,"to":-27,"title":"Silver Tetradrachm, Seleuceia ad Tigrim, 28 BC - 27 BC. 1944.100.82818","image_urls":["http://numismatics.org/collectionimages/19001949/1944/1944.100.82818.rev.width350.jpg"]},{"from":-28,"to":-27,"title":"Silver Tetradrachm, Seleuceia ad Tigrim, 28 BC - 27 BC. 1944.100.82817","image_urls":["http://numismatics.org/collectionimages/19001949/1944/1944.100.82817.rev.width350.jpg"]},{"from":-28,"to":-20,"title":"RIC I (second edition) Augustus 476. 1937.158.453","image_urls":["http://numismatics.org/collectionimages/19001949/1937/1937.158.453.rev.width350.jpg"]},{"from":-28,"to":-27,"title":"Silver Tetradrachm, Seleuceia ad Tigrim, 28 BC - 27 BC. 1944.100.82816","image_urls":["http://numismatics.org/collectionimages/19001949/1944/1944.100.82816.rev.width350.jpg"]},{"from":-28,"to":-27,"title":"Bronze Coin, Berytus, 28 BC - 27 BC. 1944.100.70138","image_urls":["http://numismatics.org/collectionimages/19001949/1944/1944.100.70138.rev.width350.jpg"]},{"from":-28,"to":-27,"title":"Silver Tetradrachm, Seleuceia ad Tigrim, 28 BC - 27 BC. 1979.189.15","image_urls":["http://numismatics.org/collectionimages/19501999/1979/1979.189.15.rev.width350.jpg"]},{"from":-28,"to":-20,"title":"RIC I (second edition) Augustus 476. 1944.100.39180","image_urls":["http://numismatics.org/collectionimages/19001949/1944/1944.100.39180.rev.width350.jpg"]},{"from":-28,"to":-27,"title":"Silver Tetradrachm, Seleuceia ad Tigrim, 28 BC - 27 BC. 1977.158.790","image_urls":["http://numismatics.org/collectionimages/19501999/1977/1977.158.790.rev.width350.jpg"]}]