[{"from":-280,"to":-146,"title":"Silver triobol, Messene, 280 BC - 146 BC. 1944.100.38844","image_urls":["http://numismatics.org/collectionimages/19001949/1944/1944.100.38844.rev.width350.jpg"]},{"from":-280,"to":-146,"title":"Silver triobol, Messene, 280 BC - 146 BC. 1944.100.38838","image_urls":["http://numismatics.org/collectionimages/19001949/1944/1944.100.38838.rev.width350.jpg"]},{"from":-280,"to":-276,"title":"RRC 14/3. 1995.11.1675","image_urls":["http://numismatics.org/collectionimages/19501999/1995/1995.11.1675.rev.width350.jpg"]},{"from":-280,"to":-270,"title":"Silver 4 drachm (tetradrachm) of Alexander III, Amphipolis, 280 BC - 270 BC. 1944.100.29496","image_urls":["http://numismatics.org/collectionimages/19001949/1944/1944.100.29496.rev.width350.jpg"]},{"from":-280,"to":-276,"title":"RRC 14/4. 1969.83.398","image_urls":["http://numismatics.org/collectionimages/19501999/1969/1969.83.398.rev.width350.jpg"]},{"from":-280,"to":-146,"title":"Silver triobol, Messene, 280 BC - 146 BC. 1963.31.743","image_urls":["http://numismatics.org/collectionimages/19501999/1963/1963.31.743.rev.width350.jpg"]},{"from":-280,"to":-146,"title":"Silver triobol, Messene, 280 BC - 146 BC. 1944.100.38832","image_urls":["http://numismatics.org/collectionimages/19001949/1944/1944.100.38832.rev.width350.jpg"]},{"from":-280,"to":-276,"title":"RRC 14/5. 1954.263.101","image_urls":["http://numismatics.org/collectionimages/19501999/1954/1954.263.101.rev.width350.jpg"]},{"from":-280,"to":-276,"title":"RRC 14/1. 1954.263.78","image_urls":["http://numismatics.org/collectionimages/19501999/1954/1954.263.78.rev.width350.jpg"]},{"from":-280,"to":-146,"title":"Silver triobol, Messene, 280 BC - 146 BC. 1963.31.731","image_urls":["http://numismatics.org/collectionimages/19501999/1963/1963.31.731.rev.width350.jpg"]},{"from":-280,"to":-146,"title":"Silver triobol, Messene, 280 BC - 146 BC. 1963.31.746","image_urls":["http://numismatics.org/collectionimages/19501999/1963/1963.31.746.rev.width350.jpg"]},{"from":-280,"to":-275,"title":"Silver 4 drachm (tetradrachm) of Alexander III, Amphipolis, 280 BC - 275 BC. 1944.100.29493","image_urls":["http://numismatics.org/collectionimages/19001949/1944/1944.100.29493.rev.width350.jpg"]},{"from":-280,"to":-276,"title":"RRC 14/4. 1969.83.397","image_urls":["http://numismatics.org/collectionimages/19501999/1969/1969.83.397.rev.width350.jpg"]},{"from":-280,"to":-261,"title":"Bronze Coin, Magnesia ad Sipylum, 280 BC - 261 BC. 1944.100.78241","image_urls":["http://numismatics.org/collectionimages/19001949/1944/1944.100.78241.rev.width350.jpg"]},{"from":-280,"to":-146,"title":"Silver triobol, Messene, 280 BC - 146 BC. 1963.31.758","image_urls":["http://numismatics.org/collectionimages/19501999/1963/1963.31.758.rev.width350.jpg"]},{"from":-280,"to":-276,"title":"RRC 14/3. 1954.263.90","image_urls":["http://numismatics.org/collectionimages/19501999/1954/1954.263.90.rev.width350.jpg"]},{"from":-280,"to":-276,"title":"RRC 14/4. 1954.263.99","image_urls":["http://numismatics.org/collectionimages/19501999/1954/1954.263.99.rev.width350.jpg"]},{"from":-280,"to":-276,"title":"RRC 14/2. 1954.263.84","image_urls":["http://numismatics.org/collectionimages/19501999/1954/1954.263.84.rev.width350.jpg"]},{"from":-280,"to":-146,"title":"Silver triobol, Messene, 280 BC - 146 BC. 1963.31.737","image_urls":["http://numismatics.org/collectionimages/19501999/1963/1963.31.737.rev.width350.jpg"]},{"from":-280,"to":-275,"title":"Silver 4 drachm (tetradrachm) of Alexander III, Amphipolis, 280 BC - 275 BC. 1944.100.29484","image_urls":["http://numismatics.org/collectionimages/19001949/1944/1944.100.29484.rev.width350.jpg"]},{"from":-280,"to":-276,"title":"RRC 13/1. 1969.83.1","image_urls":["http://numismatics.org/collectionimages/19501999/1969/1969.83.1.rev.width350.jpg"]},{"from":-280,"to":-146,"title":"Silver triobol, Messene, 280 BC - 146 BC. 1963.31.764","image_urls":["http://numismatics.org/collectionimages/19501999/1963/1963.31.764.rev.width350.jpg"]},{"from":-280,"to":-276,"title":"RRC 14/3. 1954.263.92","image_urls":["http://numismatics.org/collectionimages/19501999/1954/1954.263.92.rev.width350.jpg"]},{"from":-280,"to":-276,"title":"RRC 14/5. 1969.83.404","image_urls":["http://numismatics.org/collectionimages/19501999/1969/1969.83.404.rev.width350.jpg"]},{"from":-280,"to":-276,"title":"RRC 14/5. 1954.263.103","image_urls":["http://numismatics.org/collectionimages/19501999/1954/1954.263.103.rev.width350.jpg"]},{"from":-280,"to":-276,"title":"RRC 14/3. 1969.83.394","image_urls":["http://numismatics.org/collectionimages/19501999/1969/1969.83.394.rev.width350.jpg"]},{"from":-280,"to":-146,"title":"Silver triobol, Messene, 280 BC - 146 BC. 1983.196.54","image_urls":["http://numismatics.org/collectionimages/19501999/1983/1983.196.54.rev.width350.jpg"]},{"from":-280,"to":-146,"title":"Silver triobol, Messene, 280 BC - 146 BC. 1963.31.772","image_urls":["http://numismatics.org/collectionimages/19501999/1963/1963.31.772.rev.width350.jpg"]},{"from":-280,"to":-146,"title":"Silver triobol, Messene, 280 BC - 146 BC. 1944.100.38843","image_urls":["http://numismatics.org/collectionimages/19001949/1944/1944.100.38843.rev.width350.jpg"]},{"from":-280,"to":-276,"title":"RRC 14/1. 1954.263.80","image_urls":["http://numismatics.org/collectionimages/19501999/1954/1954.263.80.rev.width350.jpg"]},{"from":-280,"to":-276,"title":"RRC 14/6. 1954.263.106","image_urls":["http://numismatics.org/collectionimages/19501999/1954/1954.263.106.rev.width350.jpg"]},{"from":-280,"to":-276,"title":"RRC 14/2. 1944.100.746","image_urls":["http://numismatics.org/collectionimages/19001949/1944/1944.100.746.rev.width350.jpg"]},{"from":-280,"to":-276,"title":"RRC 14/3. 1954.263.89","image_urls":["http://numismatics.org/collectionimages/19501999/1954/1954.263.89.rev.width350.jpg"]},{"from":-280,"to":-146,"title":"Silver triobol, Messene, 280 BC - 146 BC. 1963.31.760","image_urls":["http://numismatics.org/collectionimages/19501999/1963/1963.31.760.rev.width350.jpg"]},{"from":-280,"to":-146,"title":"Silver triobol, Messene, 280 BC - 146 BC. 1944.100.38837","image_urls":["http://numismatics.org/collectionimages/19001949/1944/1944.100.38837.rev.width350.jpg"]},{"from":-280,"to":-146,"title":"Silver triobol, Messene, 280 BC - 146 BC. 1963.31.754","image_urls":["http://numismatics.org/collectionimages/19501999/1963/1963.31.754.rev.width350.jpg"]},{"from":-280,"to":-146,"title":"Silver triobol, Messene, 280 BC - 146 BC. 1963.31.769","image_urls":["http://numismatics.org/collectionimages/19501999/1963/1963.31.769.rev.width350.jpg"]},{"from":-280,"to":-275,"title":"Silver 4 drachm (tetradrachm) of Alexander III, Amphipolis, 280 BC - 275 BC. 1948.19.890","image_urls":["http://numismatics.org/collectionimages/19001949/1948/1948.19.890.rev.width350.jpg"]},{"from":-280,"to":-270,"title":"Silver 4 drachm (tetradrachm) of Alexander III, Amphipolis, 280 BC - 270 BC. 1953.119.7","image_urls":["http://numismatics.org/collectionimages/19501999/1953/1953.119.7.rev.width350.jpg"]},{"from":-280,"to":-276,"title":"RRC 14/7. 1969.83.410","image_urls":["http://numismatics.org/collectionimages/19501999/1969/1969.83.410.rev.width350.jpg"]},{"from":-280,"to":-270,"title":"Silver 4 drachm (tetradrachm) of Alexander III, Amphipolis, 280 BC - 270 BC. 1965.77.30","image_urls":["http://numismatics.org/collectionimages/19501999/1965/1965.77.30.rev.width350.jpg"]},{"from":-280,"to":-146,"title":"Silver triobol, Messene, 280 BC - 146 BC. 1963.31.736","image_urls":["http://numismatics.org/collectionimages/19501999/1963/1963.31.736.rev.width350.jpg"]},{"from":-280,"to":-276,"title":"RRC 14/4. 1944.100.749","image_urls":["http://numismatics.org/collectionimages/19001949/1944/1944.100.749.rev.width350.jpg"]},{"from":-280,"to":-146,"title":"Silver triobol, Messene, 280 BC - 146 BC. 1944.100.38831","image_urls":["http://numismatics.org/collectionimages/19001949/1944/1944.100.38831.rev.width350.jpg"]},{"from":-280,"to":-261,"title":"Bronze Coin, Magnesia ad Sipylum, 280 BC - 261 BC. 1944.100.78240","image_urls":["http://numismatics.org/collectionimages/19001949/1944/1944.100.78240.rev.width350.jpg"]},{"from":-280,"to":-261,"title":"Silver Tetradrachm, Sardes, 280 BC - 261 BC. 1944.100.78162","image_urls":["http://numismatics.org/collectionimages/19001949/1944/1944.100.78162.rev.width350.jpg"]},{"from":-280,"to":-146,"title":"Silver triobol, Messene, 280 BC - 146 BC. 1963.31.757","image_urls":["http://numismatics.org/collectionimages/19501999/1963/1963.31.757.rev.width350.jpg"]},{"from":-280,"to":-275,"title":"Silver 4 drachm (tetradrachm) of Alexander III, Amphipolis, 280 BC - 275 BC. 1944.100.29483","image_urls":["http://numismatics.org/collectionimages/19001949/1944/1944.100.29483.rev.width350.jpg"]},{"from":-280,"to":-146,"title":"Silver triobol, Messene, 280 BC - 146 BC. 1963.31.755","image_urls":["http://numismatics.org/collectionimages/19501999/1963/1963.31.755.rev.width350.jpg"]},{"from":-280,"to":-146,"title":"Silver triobol, Messene, 280 BC - 146 BC. 1963.31.749","image_urls":["http://numismatics.org/collectionimages/19501999/1963/1963.31.749.rev.width350.jpg"]},{"from":-280,"to":-276,"title":"RRC 14/6. 1944.100.753","image_urls":["http://numismatics.org/collectionimages/19001949/1944/1944.100.753.rev.width350.jpg"]},{"from":-280,"to":-275,"title":"Silver 4 drachm (tetradrachm) of Alexander III, Cyzicus, 280 BC - 275 BC. 1944.100.29512","image_urls":["http://numismatics.org/collectionimages/19001949/1944/1944.100.29512.rev.width350.jpg"]},{"from":-280,"to":-146,"title":"Silver triobol, Messene, 280 BC - 146 BC. 1963.31.740","image_urls":["http://numismatics.org/collectionimages/19501999/1963/1963.31.740.rev.width350.jpg"]},{"from":-280,"to":-276,"title":"RRC 14/1. 1954.263.81","image_urls":["http://numismatics.org/collectionimages/19501999/1954/1954.263.81.rev.width350.jpg"]},{"from":-280,"to":-276,"title":"RRC 14/6. 1954.263.107","image_urls":["http://numismatics.org/collectionimages/19501999/1954/1954.263.107.rev.width350.jpg"]},{"from":-280,"to":-146,"title":"Silver triobol, Messene, 280 BC - 146 BC. 1963.31.734","image_urls":["http://numismatics.org/collectionimages/19501999/1963/1963.31.734.rev.width350.jpg"]},{"from":-280,"to":-146,"title":"Silver triobol, Messene, 280 BC - 146 BC. 1963.31.761","image_urls":["http://numismatics.org/collectionimages/19501999/1963/1963.31.761.rev.width350.jpg"]},{"from":-280,"to":-276,"title":"RRC 14/4. 1954.263.96","image_urls":["http://numismatics.org/collectionimages/19501999/1954/1954.263.96.rev.width350.jpg"]},{"from":-280,"to":-146,"title":"Silver triobol, Messene, 280 BC - 146 BC. 1963.31.763","image_urls":["http://numismatics.org/collectionimages/19501999/1963/1963.31.763.rev.width350.jpg"]},{"from":-280,"to":-276,"title":"RRC 14/5. 1954.263.100","image_urls":["http://numismatics.org/collectionimages/19501999/1954/1954.263.100.rev.width350.jpg"]},{"from":-280,"to":-276,"title":"RRC 14/4. 1954.263.98","image_urls":["http://numismatics.org/collectionimages/19501999/1954/1954.263.98.rev.width350.jpg"]},{"from":-280,"to":-276,"title":"RRC 14/1. 1969.83.385","image_urls":["http://numismatics.org/collectionimages/19501999/1969/1969.83.385.rev.width350.jpg"]},{"from":-280,"to":-146,"title":"Silver triobol, Messene, 280 BC - 146 BC. 1944.100.38834","image_urls":["http://numismatics.org/collectionimages/19001949/1944/1944.100.38834.rev.width350.jpg"]},{"from":-280,"to":-276,"title":"RRC 14/2. 1969.83.388","image_urls":["http://numismatics.org/collectionimages/19501999/1969/1969.83.388.rev.width350.jpg"]},{"from":-280,"to":-276,"title":"RRC 14/3. 1943.127.8","image_urls":["http://numismatics.org/collectionimages/19001949/1943/1943.127.8.rev.width350.jpg"]},{"from":-280,"to":-275,"title":"Gold Stater of Alexander III, Lampsacus, 280 BC - 275 BC. 1944.100.29745","image_urls":["http://numismatics.org/collectionimages/19001949/1944/1944.100.29745.rev.width350.jpg"]},{"from":-280,"to":-276,"title":"RRC 14/6. 1969.83.407","image_urls":["http://numismatics.org/collectionimages/19501999/1969/1969.83.407.rev.width350.jpg"]},{"from":-280,"to":-275,"title":"Silver 4 drachm (tetradrachm) of Alexander III, Amphipolis, 280 BC - 275 BC. 1959.254.24","image_urls":["http://numismatics.org/collectionimages/19501999/1959/1959.254.24.rev.width350.jpg"]},{"from":-280,"to":-276,"title":"RRC 14/5. 1969.83.401","image_urls":["http://numismatics.org/collectionimages/19501999/1969/1969.83.401.rev.width350.jpg"]},{"from":-280,"to":-276,"title":"RRC 14/7. 1954.263.109","image_urls":["http://numismatics.org/collectionimages/19501999/1954/1954.263.109.rev.width350.jpg"]},{"from":-280,"to":-276,"title":"RRC 14/4. 1954.263.95","image_urls":["http://numismatics.org/collectionimages/19501999/1954/1954.263.95.rev.width350.jpg"]},{"from":-280,"to":-180,"title":"Bronze uncertain, Tenos, 280 BC - 180 BC. 1944.100.27978","image_urls":["http://numismatics.org/collectionimages/19001949/1944/1944.100.27978.rev.width350.jpg"]},{"from":-280,"to":-146,"title":"Silver triobol, Messene, 280 BC - 146 BC. 1963.31.748","image_urls":["http://numismatics.org/collectionimages/19501999/1963/1963.31.748.rev.width350.jpg"]},{"from":-280,"to":-146,"title":"Silver triobol, Messene, 280 BC - 146 BC. 1963.31.733","image_urls":["http://numismatics.org/collectionimages/19501999/1963/1963.31.733.rev.width350.jpg"]},{"from":-280,"to":-276,"title":"RRC 14/1. 1954.263.79","image_urls":["http://numismatics.org/collectionimages/19501999/1954/1954.263.79.rev.width350.jpg"]},{"from":-280,"to":-276,"title":"RRC 13/1. 1969.83.2","image_urls":["http://numismatics.org/collectionimages/19501999/1969/1969.83.2.rev.width350.jpg"]},{"from":-280,"to":-276,"title":"RRC 14/1. 1969.83.387","image_urls":["http://numismatics.org/collectionimages/19501999/1969/1969.83.387.rev.width350.jpg"]},{"from":-280,"to":-275,"title":"Silver 4 drachm (tetradrachm) of Alexander III, Parium, 280 BC - 275 BC. 1944.100.84663","image_urls":["http://numismatics.org/collectionimages/19001949/1944/1944.100.84663.rev.width350.jpg"]},{"from":-280,"to":-146,"title":"Silver triobol, Messene, 280 BC - 146 BC. 1963.31.750","image_urls":["http://numismatics.org/collectionimages/19501999/1963/1963.31.750.rev.width350.jpg"]},{"from":-280,"to":-261,"title":"Bronze Coin, Magnesia ad Sipylum, 280 BC - 261 BC. 1944.100.78242","image_urls":["http://numismatics.org/collectionimages/19001949/1944/1944.100.78242.rev.width350.jpg"]},{"from":-280,"to":-146,"title":"Silver triobol, Messene, 280 BC - 146 BC. 1963.31.759","image_urls":["http://numismatics.org/collectionimages/19501999/1963/1963.31.759.rev.width350.jpg"]},{"from":-280,"to":-270,"title":"Gold Stater of Alexander III, Amphipolis, 280 BC - 270 BC. 1947.84.2","image_urls":["http://numismatics.org/collectionimages/19001949/1947/1947.84.2.rev.width350.jpg"]},{"from":-280,"to":-275,"title":"Silver 4 drachm (tetradrachm) of Alexander III, Cyzicus, 280 BC - 275 BC. 1962.140.1","image_urls":["http://numismatics.org/collectionimages/19501999/1962/1962.140.1.rev.width350.jpg"]},{"from":-280,"to":-146,"title":"Silver triobol, Messene, 280 BC - 146 BC. 1963.31.738","image_urls":["http://numismatics.org/collectionimages/19501999/1963/1963.31.738.rev.width350.jpg"]},{"from":-280,"to":-276,"title":"RRC 14/4. 1995.11.1679","image_urls":["http://numismatics.org/collectionimages/19501999/1995/1995.11.1679.rev.width350.jpg"]},{"from":-280,"to":-276,"title":"RRC 14/3. 1954.263.91","image_urls":["http://numismatics.org/collectionimages/19501999/1954/1954.263.91.rev.width350.jpg"]},{"from":-280,"to":-146,"title":"Silver triobol, Messene, 280 BC - 146 BC. 1944.100.38836","image_urls":["http://numismatics.org/collectionimages/19001949/1944/1944.100.38836.rev.width350.jpg"]},{"from":-280,"to":-270,"title":"Silver 4 drachm (tetradrachm) of Alexander III, Amphipolis, 280 BC - 270 BC. 1944.100.29494","image_urls":["http://numismatics.org/collectionimages/19001949/1944/1944.100.29494.rev.width350.jpg"]},{"from":-280,"to":-146,"title":"Silver triobol, Messene, 280 BC - 146 BC. 1963.31.753","image_urls":["http://numismatics.org/collectionimages/19501999/1963/1963.31.753.rev.width350.jpg"]},{"from":-280,"to":-261,"title":"Silver Tetradrachm, Magnesia ad Sipylum, 280 BC - 261 BC. 1944.100.78239","image_urls":["http://numismatics.org/collectionimages/19001949/1944/1944.100.78239.rev.width350.jpg"]},{"from":-280,"to":-276,"title":"RRC 14/5. 1944.100.751","image_urls":["http://numismatics.org/collectionimages/19001949/1944/1944.100.751.rev.width350.jpg"]},{"from":-280,"to":-276,"title":"RRC 14/4. 1954.263.94","image_urls":["http://numismatics.org/collectionimages/19501999/1954/1954.263.94.rev.width350.jpg"]},{"from":-280,"to":-276,"title":"RRC 14/3. 1954.263.88","image_urls":["http://numismatics.org/collectionimages/19501999/1954/1954.263.88.rev.width350.jpg"]},{"from":-280,"to":-146,"title":"Silver triobol, Messene, 280 BC - 146 BC. 1944.100.38842","image_urls":["http://numismatics.org/collectionimages/19001949/1944/1944.100.38842.rev.width350.jpg"]},{"from":-280,"to":-275,"title":"Silver 4 drachm (tetradrachm) of Alexander III, Amphipolis, 280 BC - 275 BC. 1944.100.29486","image_urls":["http://numismatics.org/collectionimages/19001949/1944/1944.100.29486.rev.width350.jpg"]},{"from":-280,"to":-261,"title":"Bronze Coin, Magnesia ad Sipylum, 280 BC - 261 BC. 1944.100.78243","image_urls":["http://numismatics.org/collectionimages/19001949/1944/1944.100.78243.rev.width350.jpg"]},{"from":-280,"to":-146,"title":"Silver triobol, Messene, 280 BC - 146 BC. 1983.196.56","image_urls":["http://numismatics.org/collectionimages/19501999/1983/1983.196.56.rev.width350.jpg"]},{"from":-280,"to":-276,"title":"RRC 14/5. 1954.263.105","image_urls":["http://numismatics.org/collectionimages/19501999/1954/1954.263.105.rev.width350.jpg"]},{"from":-280,"to":-268,"title":"Silver Tetradrachm, Bactria, 280 BC - 268 BC. 1948.27.2","image_urls":["http://numismatics.org/collectionimages/19001949/1948/1948.27.2.rev.width350.jpg"]},{"from":-280,"to":-146,"title":"Silver triobol, Messene, 280 BC - 146 BC. 1963.31.732","image_urls":["http://numismatics.org/collectionimages/19501999/1963/1963.31.732.rev.width350.jpg"]},{"from":-280,"to":-275,"title":"Silver 4 drachm (tetradrachm) of Alexander III, Parium, 280 BC - 275 BC. 1958.29.8","image_urls":["http://numismatics.org/collectionimages/19501999/1958/1958.29.8.rev.width350.jpg"]},{"from":-280,"to":-275,"title":"Silver 4 drachm (tetradrachm) of Alexander III, Amphipolis, 280 BC - 275 BC. 1944.100.29488","image_urls":["http://numismatics.org/collectionimages/19001949/1944/1944.100.29488.rev.width350.jpg"]},{"from":-280,"to":-276,"title":"RRC 14/5. 1981.999.2","image_urls":["http://numismatics.org/collectionimages/19501999/1981/1981.999.2.rev.width350.jpg"]},{"from":-280,"to":-146,"title":"Silver triobol, Messene, 280 BC - 146 BC. 1963.31.747","image_urls":["http://numismatics.org/collectionimages/19501999/1963/1963.31.747.rev.width350.jpg"]},{"from":-280,"to":-275,"title":"Silver 4 drachm (tetradrachm) of Alexander III, Cyzicus, 280 BC - 275 BC. 1944.100.29510","image_urls":["http://numismatics.org/collectionimages/19001949/1944/1944.100.29510.rev.width350.jpg"]},{"from":-280,"to":-276,"title":"RRC 13/1. 1967.153.1","image_urls":["http://numismatics.org/collectionimages/19501999/1967/1967.153.1.rev.width350.jpg"]},{"from":-280,"to":-276,"title":"RRC 14/1. 1944.100.745","image_urls":["http://numismatics.org/collectionimages/19001949/1944/1944.100.745.rev.width350.jpg"]},{"from":-280,"to":-146,"title":"Silver triobol, Messene, 280 BC - 146 BC. 1963.31.729","image_urls":["http://numismatics.org/collectionimages/19501999/1963/1963.31.729.rev.width350.jpg"]},{"from":-280,"to":-276,"title":"RRC 14/2. 1943.127.7","image_urls":["http://numismatics.org/collectionimages/19001949/1943/1943.127.7.rev.width350.jpg"]},{"from":-280,"to":-146,"title":"Silver triobol, Messene, 280 BC - 146 BC. 1963.31.774","image_urls":["http://numismatics.org/collectionimages/19501999/1963/1963.31.774.rev.width350.jpg"]},{"from":-280,"to":-146,"title":"Silver triobol, Messene, 280 BC - 146 BC. 1963.31.768","image_urls":["http://numismatics.org/collectionimages/19501999/1963/1963.31.768.rev.width350.jpg"]},{"from":-280,"to":-276,"title":"RRC 14/4. 1969.83.396","image_urls":["http://numismatics.org/collectionimages/19501999/1969/1969.83.396.rev.width350.jpg"]},{"from":-280,"to":-146,"title":"Silver triobol, Messene, 280 BC - 146 BC. 1963.31.742","image_urls":["http://numismatics.org/collectionimages/19501999/1963/1963.31.742.rev.width350.jpg"]},{"from":-280,"to":-146,"title":"Silver triobol of ACHAEAN LEAGUE, Messene, 280 BC - 146 BC. 1963.31.739","image_urls":["http://numismatics.org/collectionimages/19501999/1963/1963.31.739.rev.width350.jpg"]},{"from":-280,"to":-276,"title":"RRC 14/5. 1969.83.403","image_urls":["http://numismatics.org/collectionimages/19501999/1969/1969.83.403.rev.width350.jpg"]},{"from":-280,"to":-146,"title":"Silver triobol, Messene, 280 BC - 146 BC. 1944.100.38839","image_urls":["http://numismatics.org/collectionimages/19001949/1944/1944.100.38839.rev.width350.jpg"]},{"from":-280,"to":-276,"title":"RRC 14/2. 1969.83.390","image_urls":["http://numismatics.org/collectionimages/19501999/1969/1969.83.390.rev.width350.jpg"]},{"from":-280,"to":-146,"title":"Silver triobol, Messene, 280 BC - 146 BC. 1963.31.756","image_urls":["http://numismatics.org/collectionimages/19501999/1963/1963.31.756.rev.width350.jpg"]},{"from":-280,"to":-275,"title":"Silver 4 drachm (tetradrachm) of Alexander III, Cyzicus, 280 BC - 275 BC. 1944.100.29513","image_urls":["http://numismatics.org/collectionimages/19001949/1944/1944.100.29513.rev.width350.jpg"]},{"from":-280,"to":-276,"title":"RRC 14/7. 1944.100.754","image_urls":["http://numismatics.org/collectionimages/19001949/1944/1944.100.754.rev.width350.jpg"]},{"from":-280,"to":-146,"title":"Silver triobol, Messene, 280 BC - 146 BC. 1944.100.38830","image_urls":["http://numismatics.org/collectionimages/19001949/1944/1944.100.38830.rev.width350.jpg"]},{"from":-280,"to":-146,"title":"Silver triobol, Messene, 280 BC - 146 BC. 1963.31.762","image_urls":["http://numismatics.org/collectionimages/19501999/1963/1963.31.762.rev.width350.jpg"]},{"from":-280,"to":-146,"title":"Silver triobol, Messene, 280 BC - 146 BC. 1963.31.730","image_urls":["http://numismatics.org/collectionimages/19501999/1963/1963.31.730.rev.width350.jpg"]},{"from":-280,"to":-261,"title":"Silver Tetradrachm, Magnesia ad Sipylum, 280 BC - 261 BC. 1977.158.639","image_urls":["http://numismatics.org/collectionimages/19501999/1977/1977.158.639.rev.width350.jpg"]},{"from":-280,"to":-276,"title":"RRC 14/5. 1969.83.406","image_urls":["http://numismatics.org/collectionimages/19501999/1969/1969.83.406.rev.width350.jpg"]},{"from":-280,"to":-275,"title":"Gold Stater of Alexander III, Lampsacus, 280 BC - 275 BC. 1944.100.29744","image_urls":["http://numismatics.org/collectionimages/19001949/1944/1944.100.29744.rev.width350.jpg"]},{"from":-280,"to":-276,"title":"RRC 14/3. 1969.83.391","image_urls":["http://numismatics.org/collectionimages/19501999/1969/1969.83.391.rev.width350.jpg"]},{"from":-280,"to":-275,"title":"Silver 4 drachm (tetradrachm) of Alexander III, Parium, 280 BC - 275 BC. 1944.100.84664","image_urls":["http://numismatics.org/collectionimages/19001949/1944/1944.100.84664.rev.width350.jpg"]},{"from":-280,"to":-146,"title":"Silver triobol, Messene, 280 BC - 146 BC. 1963.31.751","image_urls":["http://numismatics.org/collectionimages/19501999/1963/1963.31.751.rev.width350.jpg"]},{"from":-280,"to":-146,"title":"Silver triobol, Messene, 280 BC - 146 BC. 1963.31.745","image_urls":["http://numismatics.org/collectionimages/19501999/1963/1963.31.745.rev.width350.jpg"]},{"from":-280,"to":-276,"title":"RRC 14/2. 1954.263.86","image_urls":["http://numismatics.org/collectionimages/19501999/1954/1954.263.86.rev.width350.jpg"]},{"from":-280,"to":-146,"title":"Silver triobol, Messene, 280 BC - 146 BC. 1963.31.766","image_urls":["http://numismatics.org/collectionimages/19501999/1963/1963.31.766.rev.width350.jpg"]},{"from":-280,"to":-146,"title":"Silver triobol, Messene, 280 BC - 146 BC. 1944.100.38840","image_urls":["http://numismatics.org/collectionimages/19001949/1944/1944.100.38840.rev.width350.jpg"]},{"from":-280,"to":-276,"title":"RRC 14/4. 1954.263.97","image_urls":["http://numismatics.org/collectionimages/19501999/1954/1954.263.97.rev.width350.jpg"]},{"from":-280,"to":-270,"title":"Gold Stater of Alexander III, Amphipolis, 280 BC - 270 BC. 1959.62.1","image_urls":["http://numismatics.org/collectionimages/19501999/1959/1959.62.1.rev.width350.jpg"]},{"from":-280,"to":-276,"title":"RRC 14/4. 1969.83.400","image_urls":["http://numismatics.org/collectionimages/19501999/1969/1969.83.400.rev.width350.jpg"]},{"from":-280,"to":-276,"title":"RRC 14/6. 1969.83.409","image_urls":["http://numismatics.org/collectionimages/19501999/1969/1969.83.409.rev.width350.jpg"]},{"from":-280,"to":-276,"title":"RRC 14/6. 1954.263.108","image_urls":["http://numismatics.org/collectionimages/19501999/1954/1954.263.108.rev.width350.jpg"]},{"from":-280,"to":-276,"title":"RRC 14/4. 1969.83.399","image_urls":["http://numismatics.org/collectionimages/19501999/1969/1969.83.399.rev.width350.jpg"]},{"from":-280,"to":-276,"title":"Bronze As of Anonymous, Rome, 280 BC - 276 BC. 1954.263.82","image_urls":["http://numismatics.org/collectionimages/19501999/1954/1954.263.82.rev.width350.jpg"]},{"from":-280,"to":-146,"title":"Silver triobol, Messene, 280 BC - 146 BC. 1963.31.744","image_urls":["http://numismatics.org/collectionimages/19501999/1963/1963.31.744.rev.width350.jpg"]},{"from":-280,"to":-276,"title":"RRC 14/2. 1954.263.85","image_urls":["http://numismatics.org/collectionimages/19501999/1954/1954.263.85.rev.width350.jpg"]},{"from":-280,"to":-146,"title":"Silver triobol, Messene, 280 BC - 146 BC. 1963.31.771","image_urls":["http://numismatics.org/collectionimages/19501999/1963/1963.31.771.rev.width350.jpg"]},{"from":-280,"to":-146,"title":"Silver triobol, Messene, 280 BC - 146 BC. 1944.100.38833","image_urls":["http://numismatics.org/collectionimages/19001949/1944/1944.100.38833.rev.width350.jpg"]},{"from":-280,"to":-146,"title":"Silver triobol, Messene, 280 BC - 146 BC. 1963.31.765","image_urls":["http://numismatics.org/collectionimages/19501999/1963/1963.31.765.rev.width350.jpg"]},{"from":-280,"to":-276,"title":"RRC 14/5. 1954.263.102","image_urls":["http://numismatics.org/collectionimages/19501999/1954/1954.263.102.rev.width350.jpg"]},{"from":-280,"to":-276,"title":"RRC 14/3. 1969.83.393","image_urls":["http://numismatics.org/collectionimages/19501999/1969/1969.83.393.rev.width350.jpg"]},{"from":-280,"to":-276,"title":"RRC 14/3. 1969.83.392","image_urls":["http://numismatics.org/collectionimages/19501999/1969/1969.83.392.rev.width350.jpg"]},{"from":-280,"to":-146,"title":"Silver triobol, Messene, 280 BC - 146 BC. 1963.31.770","image_urls":["http://numismatics.org/collectionimages/19501999/1963/1963.31.770.rev.width350.jpg"]},{"from":-280,"to":-276,"title":"RRC 14/5. 1969.83.402","image_urls":["http://numismatics.org/collectionimages/19501999/1969/1969.83.402.rev.width350.jpg"]},{"from":-280,"to":-276,"title":"RRC 14/1. 1969.83.386","image_urls":["http://numismatics.org/collectionimages/19501999/1969/1969.83.386.rev.width350.jpg"]},{"from":-280,"to":-276,"title":"RRC 14/6. 1969.83.408","image_urls":["http://numismatics.org/collectionimages/19501999/1969/1969.83.408.rev.width350.jpg"]},{"from":-280,"to":-275,"title":"Silver 4 drachm (tetradrachm) of Alexander III, Priene, 280 BC - 275 BC. 1959.254.31","image_urls":["http://numismatics.org/collectionimages/19501999/1959/1959.254.31.rev.width350.jpg"]},{"from":-280,"to":-276,"title":"RRC 14/5. 1969.83.405","image_urls":["http://numismatics.org/collectionimages/19501999/1969/1969.83.405.rev.width350.jpg"]},{"from":-280,"to":-276,"title":"RRC 14/5. 1954.263.104","image_urls":["http://numismatics.org/collectionimages/19501999/1954/1954.263.104.rev.width350.jpg"]},{"from":-280,"to":-276,"title":"RRC 14/3. 1969.83.395","image_urls":["http://numismatics.org/collectionimages/19501999/1969/1969.83.395.rev.width350.jpg"]},{"from":-280,"to":-146,"title":"Silver triobol, Messene, 280 BC - 146 BC. 1963.31.752","image_urls":["http://numismatics.org/collectionimages/19501999/1963/1963.31.752.rev.width350.jpg"]},{"from":-280,"to":-146,"title":"Silver triobol, Messene, 280 BC - 146 BC. 1969.30.61","image_urls":["http://numismatics.org/collectionimages/19501999/1969/1969.30.61.rev.width350.jpg"]},{"from":-280,"to":-146,"title":"Silver triobol, Messene, 280 BC - 146 BC. 1944.100.38841","image_urls":["http://numismatics.org/collectionimages/19001949/1944/1944.100.38841.rev.width350.jpg"]},{"from":-280,"to":-146,"title":"Silver triobol, Messene, 280 BC - 146 BC. 1944.100.38835","image_urls":["http://numismatics.org/collectionimages/19001949/1944/1944.100.38835.rev.width350.jpg"]},{"from":-280,"to":-276,"title":"RRC 14/3. 1954.263.87","image_urls":["http://numismatics.org/collectionimages/19501999/1954/1954.263.87.rev.width350.jpg"]},{"from":-280,"to":-275,"title":"Gold Stater of Alexander III, Lampsacus, 280 BC - 275 BC. 1944.100.29743","image_urls":["http://numismatics.org/collectionimages/19001949/1944/1944.100.29743.rev.width350.jpg"]},{"from":-280,"to":-276,"title":"RRC 14/2. 1969.83.389","image_urls":["http://numismatics.org/collectionimages/19501999/1969/1969.83.389.rev.width350.jpg"]},{"from":-280,"to":-146,"title":"Silver triobol, Messene, 280 BC - 146 BC. 1963.31.767","image_urls":["http://numismatics.org/collectionimages/19501999/1963/1963.31.767.rev.width350.jpg"]},{"from":-280,"to":-276,"title":"RRC 14/3. 1954.263.93","image_urls":["http://numismatics.org/collectionimages/19501999/1954/1954.263.93.rev.width350.jpg"]},{"from":-280,"to":-146,"title":"Silver triobol, Messene, 280 BC - 146 BC. 1963.31.773","image_urls":["http://numismatics.org/collectionimages/19501999/1963/1963.31.773.rev.width350.jpg"]},{"from":-280,"to":-276,"title":"RRC 14/7. 1954.263.110","image_urls":["http://numismatics.org/collectionimages/19501999/1954/1954.263.110.rev.width350.jpg"]},{"from":-280,"to":-146,"title":"Silver triobol, Messene, 280 BC - 146 BC. 1963.31.741","image_urls":["http://numismatics.org/collectionimages/19501999/1963/1963.31.741.rev.width350.jpg"]},{"from":-280,"to":-275,"title":"Silver 4 drachm (tetradrachm) of Alexander III, Amphipolis, 280 BC - 275 BC. 1944.100.29497","image_urls":["http://numismatics.org/collectionimages/19001949/1944/1944.100.29497.rev.width350.jpg"]},{"from":-280,"to":-146,"title":"Silver triobol, Messene, 280 BC - 146 BC. 1963.31.735","image_urls":["http://numismatics.org/collectionimages/19501999/1963/1963.31.735.rev.width350.jpg"]},{"from":-280,"to":-276,"title":"RRC 14/4. 1944.100.750","image_urls":["http://numismatics.org/collectionimages/19001949/1944/1944.100.750.rev.width350.jpg"]},{"from":-280,"to":-275,"title":"Silver 4 drachm (tetradrachm) of Alexander III, Cyzicus, 280 BC - 275 BC. 1944.100.29511","image_urls":["http://numismatics.org/collectionimages/19001949/1944/1944.100.29511.rev.width350.jpg"]},{"from":-280,"to":-261,"title":"Silver Tetradrachm, Sardes, 280 BC - 261 BC. 1967.152.671","image_urls":["http://numismatics.org/collectionimages/19501999/1967/1967.152.671.rev.width350.jpg"]},{"from":-280,"to":-200,"title":"Bronze Coin, Aenus, 280 BC - 200 BC. 2008.1.1","image_urls":["http://numismatics.org/collectionimages/20002049/2008/2008.1.1.rev.width350.jpg"]},{"from":-280,"to":-275,"title":"Silver 4 drachm (tetradrachm) of Alexander III, Cyzicus, 280 BC - 275 BC. 1947.98.98","image_urls":["http://numismatics.org/collectionimages/19001949/1947/1947.98.98.rev.width350.jpg"]},{"from":-280,"to":-276,"title":"RRC 14/1. 1949.100.27","image_urls":["http://numismatics.org/collectionimages/19001949/1949/1949.100.27.rev.width350.jpg"]},{"from":-280,"to":-261,"title":"Silver Tetradrachm, Magnesia ad Sipylum, 280 BC - 261 BC. 1950.112.2","image_urls":["http://numismatics.org/collectionimages/19501999/1950/1950.112.2.rev.width350.jpg"]}]