[{"from":-284,"to":-263,"title":"Silver Tetradrachm, Pergamum, 284 BC - 263 BC. 1943.69.5","image_urls":["http://numismatics.org/collectionimages/19001949/1943/1943.69.5.rev.width350.jpg"]},{"from":-284,"to":-263,"title":"Silver Tetradrachm, Pergamum, 284 BC - 263 BC. 1944.100.43170","image_urls":["http://numismatics.org/collectionimages/19001949/1944/1944.100.43170.rev.width350.jpg"]},{"from":-284,"to":-247,"title":"Bronze Coin of Ptolemy II, Alexandreia, 284 BC - 247 BC. 1992.50.1","image_urls":["http://numismatics.org/collectionimages/19501999/1992/1992.50.1.rev.width350.jpg"]}]