[{"from":-285,"to":-246,"title":"Bronze Coin of Ptolemy II, Alexandreia, 285 BC - 246 BC. 1952.142.441","image_urls":["http://numismatics.org/collectionimages/19501999/1952/1952.142.441.rev.width350.jpg"]},{"from":-285,"to":-246,"title":"Bronze Coin of Ptolemy II, Alexandreia, 285 BC - 246 BC. 1974.26.5475","image_urls":["http://numismatics.org/collectionimages/19501999/1974/1974.26.5475.rev.width350.jpg"]},{"from":-285,"to":-246,"title":"Silver Tetradrachm of Ptolemy II, Ephesus, 285 BC - 246 BC. 1944.100.76253","image_urls":["http://numismatics.org/collectionimages/19001949/1944/1944.100.76253.rev.width350.jpg"]},{"from":-285,"to":-246,"title":"Silver Tetradrachm of Ptolemy II, Alexandreia, 285 BC - 246 BC. 1974.26.5433","image_urls":["http://numismatics.org/collectionimages/19501999/1974/1974.26.5433.rev.width350.jpg"]},{"from":-285,"to":-246,"title":"Silver Tetradrachm of Ptolemy II, Alexandreia, 285 BC - 246 BC. 1974.26.5427","image_urls":["http://numismatics.org/collectionimages/19501999/1974/1974.26.5427.rev.width350.jpg"]},{"from":-285,"to":-246,"title":"Bronze Coin of Ptolemy II, Alexandreia, 285 BC - 246 BC. 0000.999.42910","image_urls":["http://numismatics.org/collectionimages/00001899/0000/0000.999.42910.rev.width350.jpg"]},{"from":-285,"to":-246,"title":"Silver Tetradrachm of Ptolemy II, Alexandreia, 285 BC - 246 BC. 1944.100.75896","image_urls":["http://numismatics.org/collectionimages/19001949/1944/1944.100.75896.rev.width350.jpg"]},{"from":-285,"to":-246,"title":"Silver Tetradrachm of Ptolemy II, Sidon, 285 BC - 246 BC. 1944.100.76163","image_urls":["http://numismatics.org/collectionimages/19001949/1944/1944.100.76163.rev.width350.jpg"]},{"from":-285,"to":-246,"title":"Silver Tetradrachm of Ptolemy II, Alexandreia, 285 BC - 246 BC. 1944.100.75863","image_urls":["http://numismatics.org/collectionimages/19001949/1944/1944.100.75863.rev.width350.jpg"]},{"from":-285,"to":-246,"title":"Bronze Coin of Ptolemy II, Alexandreia, 285 BC - 246 BC. 1944.100.75962","image_urls":["http://numismatics.org/collectionimages/19001949/1944/1944.100.75962.rev.width350.jpg"]},{"from":-285,"to":-246,"title":"Gold Pentadrachm of Ptolemy II, Alexandreia, 285 BC - 246 BC. 1944.100.76025","image_urls":["http://numismatics.org/collectionimages/19001949/1944/1944.100.76025.rev.width350.jpg"]},{"from":-285,"to":-246,"title":"Silver Tetradrachm of Ptolemy II, Alexandreia, 285 BC - 246 BC. 1944.100.75857","image_urls":["http://numismatics.org/collectionimages/19001949/1944/1944.100.75857.rev.width350.jpg"]},{"from":-285,"to":-246,"title":"Bronze Coin of Ptolemy II, Alexandreia, 285 BC - 246 BC. 1944.100.76034","image_urls":["http://numismatics.org/collectionimages/19001949/1944/1944.100.76034.rev.width350.jpg"]},{"from":-285,"to":-246,"title":"Silver Tetradrachm of Ptolemy II, Alexandreia, 285 BC - 246 BC. 1944.100.75866","image_urls":["http://numismatics.org/collectionimages/19001949/1944/1944.100.75866.rev.width350.jpg"]},{"from":-285,"to":-246,"title":"Silver Tetradrachm of Ptolemy II, Alexandreia, 285 BC - 246 BC. 1951.116.440","image_urls":["http://numismatics.org/collectionimages/19501999/1951/1951.116.440.rev.width350.jpg"]},{"from":-285,"to":-246,"title":"Bronze Coin of Ptolemy II, Alexandreia, 285 BC - 246 BC. 1944.100.75944","image_urls":["http://numismatics.org/collectionimages/19001949/1944/1944.100.75944.rev.width350.jpg"]},{"from":-285,"to":-246,"title":"Bronze Coin of Ptolemy II, Alexandreia, 285 BC - 246 BC. 1944.100.76007","image_urls":["http://numismatics.org/collectionimages/19001949/1944/1944.100.76007.rev.width350.jpg"]},{"from":-285,"to":-246,"title":"Bronze Coin of Ptolemy II, Alexandreia, 285 BC - 246 BC. 1944.100.75851","image_urls":["http://numismatics.org/collectionimages/19001949/1944/1944.100.75851.rev.width350.jpg"]},{"from":-285,"to":-246,"title":"Bronze Coin of Ptolemy II, Tyre, 285 BC - 246 BC. 1944.100.76070","image_urls":["http://numismatics.org/collectionimages/19001949/1944/1944.100.76070.rev.width350.jpg"]},{"from":-285,"to":-246,"title":"Silver Tetradrachm of Ptolemy II, Alexandreia, 285 BC - 246 BC. 1944.100.75912","image_urls":["http://numismatics.org/collectionimages/19001949/1944/1944.100.75912.rev.width350.jpg"]},{"from":-285,"to":-246,"title":"Silver Tetradrachm of Ptolemy II, Alexandreia, 285 BC - 246 BC. 1944.100.75906","image_urls":["http://numismatics.org/collectionimages/19001949/1944/1944.100.75906.rev.width350.jpg"]},{"from":-285,"to":-246,"title":"Silver Tetradrachm of Ptolemy II, Alexandreia, 285 BC - 246 BC. 1944.100.75881","image_urls":["http://numismatics.org/collectionimages/19001949/1944/1944.100.75881.rev.width350.jpg"]},{"from":-285,"to":-246,"title":"Bronze Coin of Ptolemy II, Alexandreia, 285 BC - 246 BC. 1944.100.77194","image_urls":["http://numismatics.org/collectionimages/19001949/1944/1944.100.77194.rev.width350.jpg"]},{"from":-285,"to":-246,"title":"Silver Tetradrachm of Ptolemy II, Alexandreia, 285 BC - 246 BC. 1944.100.75875","image_urls":["http://numismatics.org/collectionimages/19001949/1944/1944.100.75875.rev.width350.jpg"]},{"from":-285,"to":-246,"title":"Bronze Coin of Ptolemy II, Alexandreia, 285 BC - 246 BC. 0000.999.42882","image_urls":["http://numismatics.org/collectionimages/00001899/0000/0000.999.42882.rev.width350.jpg"]},{"from":-285,"to":-246,"title":"Bronze Coin of Ptolemy II, Alexandreia, 285 BC - 246 BC. 1944.100.75995","image_urls":["http://numismatics.org/collectionimages/19001949/1944/1944.100.75995.rev.width350.jpg"]},{"from":-285,"to":-246,"title":"Bronze Coin of Ptolemy II, Alexandreia, 285 BC - 246 BC. 1944.100.76064","image_urls":["http://numismatics.org/collectionimages/19001949/1944/1944.100.76064.rev.width350.jpg"]},{"from":-285,"to":-246,"title":"Bronze Coin of Ptolemy II, Alexandreia, 285 BC - 246 BC. 1944.100.76058","image_urls":["http://numismatics.org/collectionimages/19001949/1944/1944.100.76058.rev.width350.jpg"]},{"from":-285,"to":-246,"title":"Silver Tetradrachm of Ptolemy II, Alexandreia, 285 BC - 246 BC. 1974.26.5421","image_urls":["http://numismatics.org/collectionimages/19501999/1974/1974.26.5421.rev.width350.jpg"]},{"from":-285,"to":-246,"title":"Silver Tetradrachm of Ptolemy II, Alexandreia, 285 BC - 246 BC. 1974.26.5438","image_urls":["http://numismatics.org/collectionimages/19501999/1974/1974.26.5438.rev.width350.jpg"]},{"from":-285,"to":-246,"title":"Bronze Coin of Ptolemy II, Alexandreia, 285 BC - 246 BC. 1944.100.76066","image_urls":["http://numismatics.org/collectionimages/19001949/1944/1944.100.76066.rev.width350.jpg"]},{"from":-285,"to":-246,"title":"Silver Tetradrachm of Ptolemy II, Alexandreia, 285 BC - 246 BC. 1944.100.75898","image_urls":["http://numismatics.org/collectionimages/19001949/1944/1944.100.75898.rev.width350.jpg"]},{"from":-285,"to":-246,"title":"Bronze Coin of Ptolemy II, Alexandreia, 285 BC - 246 BC. 1951.116.472","image_urls":["http://numismatics.org/collectionimages/19501999/1951/1951.116.472.rev.width350.jpg"]},{"from":-285,"to":-246,"title":"Bronze Coin of Ptolemy II, Alexandreia, 285 BC - 246 BC. 1944.100.76060","image_urls":["http://numismatics.org/collectionimages/19001949/1944/1944.100.76060.rev.width350.jpg"]},{"from":-285,"to":-246,"title":"Silver Tetradrachm of Ptolemy II, Alexandreia, 285 BC - 246 BC. 1944.100.75892","image_urls":["http://numismatics.org/collectionimages/19001949/1944/1944.100.75892.rev.width350.jpg"]},{"from":-285,"to":-246,"title":"Bronze Coin of Ptolemy II, Alexandreia, 285 BC - 246 BC. 1944.100.76054","image_urls":["http://numismatics.org/collectionimages/19001949/1944/1944.100.76054.rev.width350.jpg"]},{"from":-285,"to":-246,"title":"Silver Tetradrachm of Ptolemy II, Alexandreia, 285 BC - 246 BC. 1944.100.75886","image_urls":["http://numismatics.org/collectionimages/19001949/1944/1944.100.75886.rev.width350.jpg"]},{"from":-285,"to":-246,"title":"Bronze Coin of Ptolemy II, Berytus, 285 BC - 246 BC. 1944.100.76250","image_urls":["http://numismatics.org/collectionimages/19001949/1944/1944.100.76250.rev.width350.jpg"]},{"from":-285,"to":-246,"title":"Silver Tetradrachm of Ptolemy II, Alexandreia, 285 BC - 246 BC. 1944.100.75890","image_urls":["http://numismatics.org/collectionimages/19001949/1944/1944.100.75890.rev.width350.jpg"]},{"from":-285,"to":-246,"title":"Bronze Coin of Ptolemy II, Alexandreia, 285 BC - 246 BC. 0000.999.42885","image_urls":["http://numismatics.org/collectionimages/00001899/0000/0000.999.42885.rev.width350.jpg"]},{"from":-285,"to":-246,"title":"Silver Tetradrachm of Ptolemy II, Alexandreia, 285 BC - 246 BC. 1944.100.75899","image_urls":["http://numismatics.org/collectionimages/19001949/1944/1944.100.75899.rev.width350.jpg"]},{"from":-285,"to":-246,"title":"Bronze Coin of Ptolemy II, Alexandreia, 285 BC - 246 BC. 1974.26.5492","image_urls":["http://numismatics.org/collectionimages/19501999/1974/1974.26.5492.rev.width350.jpg"]},{"from":-285,"to":-246,"title":"Bronze Coin of Ptolemy II, Alexandreia, 285 BC - 246 BC. 1944.100.76052","image_urls":["http://numismatics.org/collectionimages/19001949/1944/1944.100.76052.rev.width350.jpg"]},{"from":-285,"to":-246,"title":"Bronze Coin of Ptolemy II, Alexandreia, 285 BC - 246 BC. 1944.100.75998","image_urls":["http://numismatics.org/collectionimages/19001949/1944/1944.100.75998.rev.width350.jpg"]},{"from":-285,"to":-246,"title":"Silver Tetradrachm of Ptolemy II, Alexandreia, 285 BC - 246 BC. 1974.26.5424","image_urls":["http://numismatics.org/collectionimages/19501999/1974/1974.26.5424.rev.width350.jpg"]},{"from":-285,"to":-246,"title":"Bronze Coin of Ptolemy II, Alexandreia, 285 BC - 246 BC. 1944.100.75983","image_urls":["http://numismatics.org/collectionimages/19001949/1944/1944.100.75983.rev.width350.jpg"]},{"from":-285,"to":-246,"title":"Silver Tetradrachm of Ptolemy II, Alexandreia, 285 BC - 246 BC. 1974.26.5439","image_urls":["http://numismatics.org/collectionimages/19501999/1974/1974.26.5439.rev.width350.jpg"]},{"from":-285,"to":-246,"title":"Silver Tetradrachm of Ptolemy II, Alexandreia, 285 BC - 246 BC. 1944.100.75905","image_urls":["http://numismatics.org/collectionimages/19001949/1944/1944.100.75905.rev.width350.jpg"]},{"from":-285,"to":-246,"title":"Silver Tetradrachm of Ptolemy II, Alexandreia, 285 BC - 246 BC. 1944.100.75895","image_urls":["http://numismatics.org/collectionimages/19001949/1944/1944.100.75895.rev.width350.jpg"]},{"from":-285,"to":-246,"title":"Bronze Coin of Ptolemy II, Alexandreia, 285 BC - 246 BC. 1944.100.76057","image_urls":["http://numismatics.org/collectionimages/19001949/1944/1944.100.76057.rev.width350.jpg"]},{"from":-285,"to":-246,"title":"Silver Tetradrachm of Ptolemy II, Alexandreia, 285 BC - 246 BC. 1944.100.75868","image_urls":["http://numismatics.org/collectionimages/19001949/1944/1944.100.75868.rev.width350.jpg"]},{"from":-285,"to":-246,"title":"Silver Tetradrachm of Ptolemy II, Alexandreia, 285 BC - 246 BC. 1974.26.5429","image_urls":["http://numismatics.org/collectionimages/19501999/1974/1974.26.5429.rev.width350.jpg"]},{"from":-285,"to":-246,"title":"Silver Tetradrachm of Ptolemy II, Tyre, 285 BC - 246 BC. 1986.78.1036","image_urls":["http://numismatics.org/collectionimages/19501999/1986/1986.78.1036.rev.width350.jpg"]},{"from":-285,"to":-246,"title":"Bronze Coin of Ptolemy II, Alexandreia, 285 BC - 246 BC. 1944.100.76042","image_urls":["http://numismatics.org/collectionimages/19001949/1944/1944.100.76042.rev.width350.jpg"]},{"from":-285,"to":-246,"title":"Bronze Coin of Ptolemy II, Alexandreia, 285 BC - 246 BC. 1944.100.75994","image_urls":["http://numismatics.org/collectionimages/19001949/1944/1944.100.75994.rev.width350.jpg"]},{"from":-285,"to":-246,"title":"Silver Tetradrachm of Ptolemy II, Alexandreia, 285 BC - 246 BC. 1944.100.75874","image_urls":["http://numismatics.org/collectionimages/19001949/1944/1944.100.75874.rev.width350.jpg"]},{"from":-285,"to":-246,"title":"Silver Tetradrachm of Ptolemy II, Alexandreia, 285 BC - 246 BC. 1944.100.75889","image_urls":["http://numismatics.org/collectionimages/19001949/1944/1944.100.75889.rev.width350.jpg"]},{"from":-285,"to":-246,"title":"Silver Tetradrachm of Ptolemy II, Alexandreia, 285 BC - 246 BC. 1944.100.75918","image_urls":["http://numismatics.org/collectionimages/19001949/1944/1944.100.75918.rev.width350.jpg"]},{"from":-285,"to":-246,"title":"Bronze Coin of Ptolemy II, Alexandreia, 285 BC - 246 BC. 1925.176.135","image_urls":["http://numismatics.org/collectionimages/19001949/1925/1925.176.135.rev.width350.jpg"]},{"from":-285,"to":-246,"title":"Bronze Coin of Ptolemy II, Alexandreia, 285 BC - 246 BC. 1944.100.76280","image_urls":["http://numismatics.org/collectionimages/19001949/1944/1944.100.76280.rev.width350.jpg"]},{"from":-285,"to":-246,"title":"Bronze Coin of Ptolemy II, Alexandreia, 285 BC - 246 BC. 1944.135.20","image_urls":["http://numismatics.org/collectionimages/19001949/1944/1944.135.20.rev.width350.jpg"]},{"from":-285,"to":-275,"title":"Silver Tetradrachm of Ptolemy II, Salamis, 285 BC - 275 BC. 1994.157.10","image_urls":["http://numismatics.org/collectionimages/19501999/1994/1994.157.10.rev.width350.jpg"]},{"from":-285,"to":-246,"title":"Bronze Coin of Ptolemy II, Alexandreia, 285 BC - 246 BC. 1944.100.76061","image_urls":["http://numismatics.org/collectionimages/19001949/1944/1944.100.76061.rev.width350.jpg"]},{"from":-285,"to":-246,"title":"Silver Tetradrachm of Ptolemy II, Alexandreia, 285 BC - 246 BC. 1944.100.75903","image_urls":["http://numismatics.org/collectionimages/19001949/1944/1944.100.75903.rev.width350.jpg"]},{"from":-285,"to":-246,"title":"Silver Tetradrachm of Ptolemy II, Alexandreia, 285 BC - 246 BC. 1944.100.75893","image_urls":["http://numismatics.org/collectionimages/19001949/1944/1944.100.75893.rev.width350.jpg"]},{"from":-285,"to":-246,"title":"Bronze Coin of Ptolemy II, Alexandreia, 285 BC - 246 BC. 1944.100.76055","image_urls":["http://numismatics.org/collectionimages/19001949/1944/1944.100.76055.rev.width350.jpg"]},{"from":-285,"to":-246,"title":"Silver Tetradrachm of Ptolemy II, Alexandreia, 285 BC - 246 BC. 1974.26.5448","image_urls":["http://numismatics.org/collectionimages/19501999/1974/1974.26.5448.rev.width350.jpg"]},{"from":-285,"to":-246,"title":"Silver Tetradrachm of Ptolemy II, Tyre, 285 BC - 246 BC. 1908.89.30","image_urls":["http://numismatics.org/collectionimages/19001949/1908/1908.89.30.rev.width350.jpg"]},{"from":-285,"to":-246,"title":"Bronze Coin of Ptolemy II, Alexandreia, 285 BC - 246 BC. 1951.116.385","image_urls":["http://numismatics.org/collectionimages/19501999/1951/1951.116.385.rev.width350.jpg"]},{"from":-285,"to":-246,"title":"Silver Tetradrachm of Ptolemy II, Alexandreia, 285 BC - 246 BC. 1952.142.443","image_urls":["http://numismatics.org/collectionimages/19501999/1952/1952.142.443.rev.width350.jpg"]},{"from":-285,"to":-246,"title":"Bronze Coin of Ptolemy II, Alexandreia, 285 BC - 246 BC. 1974.26.5477","image_urls":["http://numismatics.org/collectionimages/19501999/1974/1974.26.5477.rev.width350.jpg"]},{"from":-285,"to":-246,"title":"Silver Tetradrachm of Ptolemy II, Alexandreia, 285 BC - 246 BC. 1944.100.75911","image_urls":["http://numismatics.org/collectionimages/19001949/1944/1944.100.75911.rev.width350.jpg"]},{"from":-285,"to":-246,"title":"Silver Tetradrachm of Ptolemy II, Ephesus, 285 BC - 246 BC. 1928.108.1","image_urls":["http://numismatics.org/collectionimages/19001949/1928/1928.108.1.rev.width350.jpg"]},{"from":-285,"to":-246,"title":"Gold Pentadrachm of Ptolemy II, Alexandreia, 285 BC - 246 BC. 1957.191.44","image_urls":["http://numismatics.org/collectionimages/19501999/1957/1957.191.44.rev.width350.jpg"]},{"from":-285,"to":-246,"title":"Bronze Coin of Ptolemy II, Alexandreia, 285 BC - 246 BC. 1944.100.75997","image_urls":["http://numismatics.org/collectionimages/19001949/1944/1944.100.75997.rev.width350.jpg"]},{"from":-285,"to":-246,"title":"Bronze Coin of Ptolemy II, Alexandreia, 285 BC - 246 BC. 1944.100.76004","image_urls":["http://numismatics.org/collectionimages/19001949/1944/1944.100.76004.rev.width350.jpg"]},{"from":-285,"to":-246,"title":"Silver Tetradrachm of Ptolemy II, Alexandreia, 285 BC - 246 BC. 1974.26.5444","image_urls":["http://numismatics.org/collectionimages/19501999/1974/1974.26.5444.rev.width350.jpg"]},{"from":-285,"to":-246,"title":"Bronze Coin of Ptolemy II, Alexandreia, 285 BC - 246 BC. 1952.142.446","image_urls":["http://numismatics.org/collectionimages/19501999/1952/1952.142.446.rev.width350.jpg"]},{"from":-285,"to":-246,"title":"Bronze Coin of Ptolemy II, Alexandreia, 285 BC - 246 BC. 1952.142.440","image_urls":["http://numismatics.org/collectionimages/19501999/1952/1952.142.440.rev.width350.jpg"]},{"from":-285,"to":-246,"title":"Silver Tetradrachm of Ptolemy II, Alexandreia, 285 BC - 246 BC. 1944.100.75887","image_urls":["http://numismatics.org/collectionimages/19001949/1944/1944.100.75887.rev.width350.jpg"]},{"from":-285,"to":-246,"title":"Silver Tetradrachm of Ptolemy II, Alexandreia, 285 BC - 246 BC. 1944.100.75455","image_urls":["http://numismatics.org/collectionimages/19001949/1944/1944.100.75455.rev.width350.jpg"]},{"from":-285,"to":-246,"title":"Bronze Coin of Ptolemy II, Alexandreia, 285 BC - 246 BC. 1944.100.76049","image_urls":["http://numismatics.org/collectionimages/19001949/1944/1944.100.76049.rev.width350.jpg"]},{"from":-285,"to":-246,"title":"Silver Tetradrachm of Ptolemy II, Alexandreia, 285 BC - 246 BC. 1944.100.75872","image_urls":["http://numismatics.org/collectionimages/19001949/1944/1944.100.75872.rev.width350.jpg"]},{"from":-285,"to":-246,"title":"Bronze Coin of Ptolemy II, Alexandreia, 285 BC - 246 BC. 1944.100.75971","image_urls":["http://numismatics.org/collectionimages/19001949/1944/1944.100.75971.rev.width350.jpg"]},{"from":-285,"to":-246,"title":"Silver Tetradrachm of Ptolemy II, Alexandreia, 285 BC - 246 BC. 1944.100.75854","image_urls":["http://numismatics.org/collectionimages/19001949/1944/1944.100.75854.rev.width350.jpg"]},{"from":-285,"to":-246,"title":"Silver Tetradrachm of Ptolemy II, Alexandreia, 285 BC - 246 BC. 1909.43.10","image_urls":["http://numismatics.org/collectionimages/19001949/1909/1909.43.10.rev.width350.jpg"]},{"from":-285,"to":-246,"title":"Bronze Coin of Ptolemy II, Alexandreia, 285 BC - 246 BC. 1944.100.75991","image_urls":["http://numismatics.org/collectionimages/19001949/1944/1944.100.75991.rev.width350.jpg"]},{"from":-285,"to":-246,"title":"Silver Tetradrachm of Ptolemy II, Ephesus, 285 BC - 246 BC. 1944.100.76252","image_urls":["http://numismatics.org/collectionimages/19001949/1944/1944.100.76252.rev.width350.jpg"]},{"from":-285,"to":-246,"title":"Silver Tetradrachm of Ptolemy II, Alexandreia, 285 BC - 246 BC. 1974.26.5453","image_urls":["http://numismatics.org/collectionimages/19501999/1974/1974.26.5453.rev.width350.jpg"]},{"from":-285,"to":-246,"title":"Silver Tetradrachm of Ptolemy II, Alexandreia, 285 BC - 246 BC. 1974.26.5426","image_urls":["http://numismatics.org/collectionimages/19501999/1974/1974.26.5426.rev.width350.jpg"]},{"from":-285,"to":-246,"title":"Silver Tetradrachm of Ptolemy II, Sidon, 285 BC - 246 BC. 1944.100.76164","image_urls":["http://numismatics.org/collectionimages/19001949/1944/1944.100.76164.rev.width350.jpg"]},{"from":-285,"to":-246,"title":"Silver Tetradrachm of Ptolemy II, Alexandreia, 285 BC - 246 BC. 1974.26.5443","image_urls":["http://numismatics.org/collectionimages/19501999/1974/1974.26.5443.rev.width350.jpg"]},{"from":-285,"to":-246,"title":"Bronze Coin of Ptolemy II, Alexandreia, 285 BC - 246 BC. 1944.100.76059","image_urls":["http://numismatics.org/collectionimages/19001949/1944/1944.100.76059.rev.width350.jpg"]},{"from":-285,"to":-246,"title":"Gold Pentadrachm of Ptolemy II, Alexandreia, 285 BC - 246 BC. 1957.191.43","image_urls":["http://numismatics.org/collectionimages/19501999/1957/1957.191.43.rev.width350.jpg"]},{"from":-285,"to":-246,"title":"Bronze Coin of Ptolemy II, Alexandreia, 285 BC - 246 BC. 0000.999.42908","image_urls":["http://numismatics.org/collectionimages/00001899/0000/0000.999.42908.rev.width350.jpg"]},{"from":-285,"to":-246,"title":"Bronze Coin of Ptolemy II, Alexandreia, 285 BC - 246 BC. 1974.26.5464","image_urls":["http://numismatics.org/collectionimages/19501999/1974/1974.26.5464.rev.width350.jpg"]},{"from":-285,"to":-246,"title":"Bronze Coin of Ptolemy II, Alexandreia, 285 BC - 246 BC. 1953.171.1684","image_urls":["http://numismatics.org/collectionimages/19501999/1953/1953.171.1684.rev.width350.jpg"]},{"from":-285,"to":-246,"title":"Silver Tetradrachm of Ptolemy II, Alexandreia, 285 BC - 246 BC. 1974.26.5422","image_urls":["http://numismatics.org/collectionimages/19501999/1974/1974.26.5422.rev.width350.jpg"]},{"from":-285,"to":-246,"title":"Silver Tetradrachm of Ptolemy II, Alexandreia, 285 BC - 246 BC. 1974.26.5437","image_urls":["http://numismatics.org/collectionimages/19501999/1974/1974.26.5437.rev.width350.jpg"]},{"from":-285,"to":-246,"title":"Bronze Coin of Ptolemy II, Alexandreia, 285 BC - 246 BC. 0000.999.42883","image_urls":["http://numismatics.org/collectionimages/00001899/0000/0000.999.42883.rev.width350.jpg"]},{"from":-285,"to":-246,"title":"Silver Tetradrachm of Ptolemy II, Tyre, 285 BC - 246 BC. 1986.78.1038","image_urls":["http://numismatics.org/collectionimages/19501999/1986/1986.78.1038.rev.width350.jpg"]},{"from":-285,"to":-246,"title":"Silver Tetradrachm of Ptolemy II, Alexandreia, 285 BC - 246 BC. 1944.100.75885","image_urls":["http://numismatics.org/collectionimages/19001949/1944/1944.100.75885.rev.width350.jpg"]},{"from":-285,"to":-246,"title":"Bronze Coin of Ptolemy II, Alexandreia, 285 BC - 246 BC. 0000.999.42886","image_urls":["http://numismatics.org/collectionimages/00001899/0000/0000.999.42886.rev.width350.jpg"]},{"from":-285,"to":-246,"title":"Silver Decadrachm, Alexandreia, 285 BC - 246 BC. 1957.172.1617","image_urls":["http://numismatics.org/collectionimages/19501999/1957/1957.172.1617.rev.width350.jpg"]},{"from":-285,"to":-246,"title":"Silver Tetradrachm of Ptolemy II, Alexandreia, 285 BC - 246 BC. 1974.26.5446","image_urls":["http://numismatics.org/collectionimages/19501999/1974/1974.26.5446.rev.width350.jpg"]},{"from":-285,"to":-246,"title":"Silver Tetradrachm of Ptolemy II, Alexandreia, 285 BC - 246 BC. 1944.100.75901","image_urls":["http://numismatics.org/collectionimages/19001949/1944/1944.100.75901.rev.width350.jpg"]},{"from":-285,"to":-246,"title":"Silver Tetradrachm of Ptolemy II, Alexandreia, 285 BC - 246 BC. 1944.100.75864","image_urls":["http://numismatics.org/collectionimages/19001949/1944/1944.100.75864.rev.width350.jpg"]},{"from":-285,"to":-246,"title":"Silver Drachm of Ptolemy II, Alexandreia, 285 BC - 246 BC. 1944.100.76018","image_urls":["http://numismatics.org/collectionimages/19001949/1944/1944.100.76018.rev.width350.jpg"]},{"from":-285,"to":-246,"title":"Silver Tetradrachm of Ptolemy II, Alexandreia, 285 BC - 246 BC. 1944.100.75862","image_urls":["http://numismatics.org/collectionimages/19001949/1944/1944.100.75862.rev.width350.jpg"]},{"from":-285,"to":-246,"title":"Bronze Coin of Ptolemy II, Alexandreia, 285 BC - 246 BC. 1936.77.4","image_urls":["http://numismatics.org/collectionimages/19001949/1936/1936.77.4.rev.width350.jpg"]},{"from":-285,"to":-246,"title":"Bronze Coin of Ptolemy II, Alexandreia, 285 BC - 246 BC. 1944.100.75961","image_urls":["http://numismatics.org/collectionimages/19001949/1944/1944.100.75961.rev.width350.jpg"]},{"from":-285,"to":-246,"title":"Silver Tetradrachm of Ptolemy II, Alexandreia, 285 BC - 246 BC. 1944.100.76024","image_urls":["http://numismatics.org/collectionimages/19001949/1944/1944.100.76024.rev.width350.jpg"]},{"from":-285,"to":-246,"title":"Bronze Coin of Ptolemy II, Alexandreia, 285 BC - 246 BC. 1957.172.2022","image_urls":["http://numismatics.org/collectionimages/19501999/1957/1957.172.2022.rev.width350.jpg"]},{"from":-285,"to":-246,"title":"Silver Tetradrachm of Ptolemy II, Alexandreia, 285 BC - 246 BC. 1944.100.75856","image_urls":["http://numismatics.org/collectionimages/19001949/1944/1944.100.75856.rev.width350.jpg"]},{"from":-285,"to":-246,"title":"Silver Tetradrachm of Ptolemy II, Alexandreia, 285 BC - 246 BC. 1944.100.75891","image_urls":["http://numismatics.org/collectionimages/19001949/1944/1944.100.75891.rev.width350.jpg"]},{"from":-285,"to":-246,"title":"Silver Tetradrachm of Ptolemy II, Alexandreia, 285 BC - 246 BC. 1944.100.76026","image_urls":["http://numismatics.org/collectionimages/19001949/1944/1944.100.76026.rev.width350.jpg"]},{"from":-285,"to":-246,"title":"Bronze Coin of Ptolemy II, Alexandreia, 285 BC - 246 BC. 1974.26.5493","image_urls":["http://numismatics.org/collectionimages/19501999/1974/1974.26.5493.rev.width350.jpg"]},{"from":-285,"to":-246,"title":"Bronze Coin of Ptolemy II, Alexandreia, 285 BC - 246 BC. 1944.100.76053","image_urls":["http://numismatics.org/collectionimages/19001949/1944/1944.100.76053.rev.width350.jpg"]},{"from":-285,"to":-246,"title":"Bronze Coin of Ptolemy II, Berytus, 285 BC - 246 BC. 1944.100.76251","image_urls":["http://numismatics.org/collectionimages/19001949/1944/1944.100.76251.rev.width350.jpg"]},{"from":-285,"to":-246,"title":"Silver Drachm of Ptolemy II, Alexandreia, 285 BC - 246 BC. 1944.100.75870","image_urls":["http://numismatics.org/collectionimages/19001949/1944/1944.100.75870.rev.width350.jpg"]},{"from":-285,"to":-246,"title":"Silver Tetradrachm of Ptolemy II, Alexandreia, 285 BC - 246 BC. 1974.26.5431","image_urls":["http://numismatics.org/collectionimages/19501999/1974/1974.26.5431.rev.width350.jpg"]},{"from":-285,"to":-246,"title":"Silver Tetradrachm of Ptolemy II, Alexandreia, 285 BC - 246 BC. 1974.26.5425","image_urls":["http://numismatics.org/collectionimages/19501999/1974/1974.26.5425.rev.width350.jpg"]},{"from":-285,"to":-246,"title":"Silver Tetradrachm of Ptolemy II, Alexandreia, 285 BC - 246 BC. 1944.100.75865","image_urls":["http://numismatics.org/collectionimages/19001949/1944/1944.100.75865.rev.width350.jpg"]},{"from":-285,"to":-246,"title":"Gold Pentadrachm of Ptolemy II, Alexandreia, 285 BC - 246 BC. 1944.100.75454","image_urls":["http://numismatics.org/collectionimages/19001949/1944/1944.100.75454.rev.width350.jpg"]},{"from":-285,"to":-246,"title":"Silver Tetradrachm of Ptolemy II, Alexandreia, 285 BC - 246 BC. 1944.100.75871","image_urls":["http://numismatics.org/collectionimages/19001949/1944/1944.100.75871.rev.width350.jpg"]},{"from":-285,"to":-246,"title":"Silver Tetradrachm of Ptolemy II, Sidon, 285 BC - 246 BC. 1944.100.76156","image_urls":["http://numismatics.org/collectionimages/19001949/1944/1944.100.76156.rev.width350.jpg"]},{"from":-285,"to":-246,"title":"Bronze Coin of Ptolemy II, Alexandreia, 285 BC - 246 BC. 1944.100.76036","image_urls":["http://numismatics.org/collectionimages/19001949/1944/1944.100.76036.rev.width350.jpg"]},{"from":-285,"to":-246,"title":"Silver Tetradrachm of Ptolemy II, Alexandreia, 285 BC - 246 BC. 1974.26.5435","image_urls":["http://numismatics.org/collectionimages/19501999/1974/1974.26.5435.rev.width350.jpg"]},{"from":-285,"to":-246,"title":"Bronze Coin of Ptolemy II, Alexandreia, 285 BC - 246 BC. 1944.100.76063","image_urls":["http://numismatics.org/collectionimages/19001949/1944/1944.100.76063.rev.width350.jpg"]},{"from":-285,"to":-246,"title":"Silver Tetradrachm of Ptolemy II, Alexandreia, 285 BC - 246 BC. 1944.100.76021","image_urls":["http://numismatics.org/collectionimages/19001949/1944/1944.100.76021.rev.width350.jpg"]},{"from":-285,"to":-246,"title":"Bronze Coin of Ptolemy II, Alexandreia, 285 BC - 246 BC. 1944.100.75967","image_urls":["http://numismatics.org/collectionimages/19001949/1944/1944.100.75967.rev.width350.jpg"]},{"from":-285,"to":-246,"title":"Bronze Coin of Ptolemy II, Alexandreia, 285 BC - 246 BC. 1953.171.1700","image_urls":["http://numismatics.org/collectionimages/19501999/1953/1953.171.1700.rev.width350.jpg"]},{"from":-285,"to":-246,"title":"Bronze Coin of Ptolemy II, Alexandreia, 285 BC - 246 BC. 1944.100.76003","image_urls":["http://numismatics.org/collectionimages/19001949/1944/1944.100.76003.rev.width350.jpg"]},{"from":-285,"to":-246,"title":"Bronze Coin of Ptolemy II, Alexandreia, 285 BC - 246 BC. 1944.100.76324","image_urls":["http://numismatics.org/collectionimages/19001949/1944/1944.100.76324.rev.width350.jpg"]},{"from":-285,"to":-246,"title":"Gold pentadrachm of Ptolemy II, Salamis, 285 BC - 246 BC. 1967.152.623","image_urls":["http://numismatics.org/collectionimages/19501999/1967/1967.152.623.rev.width350.jpg"]},{"from":-285,"to":-246,"title":"Gold Pentadrachm of Ptolemy II, Alexandreia, 285 BC - 246 BC. 1974.26.5482","image_urls":["http://numismatics.org/collectionimages/19501999/1974/1974.26.5482.rev.width350.jpg"]},{"from":-285,"to":-246,"title":"Bronze Coin of Ptolemy II, Alexandreia, 285 BC - 246 BC. 1948.19.2357","image_urls":["http://numismatics.org/collectionimages/19001949/1948/1948.19.2357.rev.width350.jpg"]},{"from":-285,"to":-246,"title":"Silver Tetradrachm of Ptolemy II, Alexandreia, 285 BC - 246 BC. 1974.26.5440","image_urls":["http://numismatics.org/collectionimages/19501999/1974/1974.26.5440.rev.width350.jpg"]},{"from":-285,"to":-246,"title":"Bronze Coin of Ptolemy II, Alexandreia, 285 BC - 246 BC. 0000.999.42911","image_urls":["http://numismatics.org/collectionimages/00001899/0000/0000.999.42911.rev.width350.jpg"]},{"from":-285,"to":-246,"title":"Silver Tetradrachm of Ptolemy II, Alexandreia, 285 BC - 246 BC. 1974.26.5449","image_urls":["http://numismatics.org/collectionimages/19501999/1974/1974.26.5449.rev.width350.jpg"]},{"from":-285,"to":-246,"title":"Silver Tetradrachm of Ptolemy II, Alexandreia, 285 BC - 246 BC. 1944.100.75853","image_urls":["http://numismatics.org/collectionimages/19001949/1944/1944.100.75853.rev.width350.jpg"]},{"from":-285,"to":-246,"title":"Bronze Coin of Ptolemy II, Alexandreia, 285 BC - 246 BC. 1925.176.136","image_urls":["http://numismatics.org/collectionimages/19001949/1925/1925.176.136.rev.width350.jpg"]},{"from":-285,"to":-246,"title":"Bronze Coin of Ptolemy II, Alexandreia, 285 BC - 246 BC. 1944.100.76281","image_urls":["http://numismatics.org/collectionimages/19001949/1944/1944.100.76281.rev.width350.jpg"]},{"from":-285,"to":-246,"title":"Silver Tetradrachm of Ptolemy II, Alexandreia, 285 BC - 246 BC. 1974.26.5434","image_urls":["http://numismatics.org/collectionimages/19501999/1974/1974.26.5434.rev.width350.jpg"]},{"from":-285,"to":-246,"title":"Silver Tetradrachm of Ptolemy II, Alexandreia, 285 BC - 246 BC. 1944.100.76015","image_urls":["http://numismatics.org/collectionimages/19001949/1944/1944.100.76015.rev.width350.jpg"]},{"from":-285,"to":-246,"title":"Bronze Coin of Ptolemy II, Alexandreia, 285 BC - 246 BC. 1974.26.5491","image_urls":["http://numismatics.org/collectionimages/19501999/1974/1974.26.5491.rev.width350.jpg"]},{"from":-285,"to":-246,"title":"Bronze Coin of Ptolemy II, Alexandreia, 285 BC - 246 BC. 1944.100.76051","image_urls":["http://numismatics.org/collectionimages/19001949/1944/1944.100.76051.rev.width350.jpg"]},{"from":-285,"to":-246,"title":"Silver Tetradrachm of Ptolemy II, Alexandreia, 285 BC - 246 BC. 1944.100.75883","image_urls":["http://numismatics.org/collectionimages/19001949/1944/1944.100.75883.rev.width350.jpg"]},{"from":-285,"to":-246,"title":"Bronze Coin of Ptolemy II, Alexandreia, 285 BC - 246 BC. 1944.100.75970","image_urls":["http://numismatics.org/collectionimages/19001949/1944/1944.100.75970.rev.width350.jpg"]},{"from":-285,"to":-246,"title":"Bronze Coin of Ptolemy II, Alexandreia, 285 BC - 246 BC. 1944.100.75859","image_urls":["http://numismatics.org/collectionimages/19001949/1944/1944.100.75859.rev.width350.jpg"]},{"from":-285,"to":-246,"title":"Bronze Coin of Ptolemy II, Alexandreia, 285 BC - 246 BC. 1944.100.75958","image_urls":["http://numismatics.org/collectionimages/19001949/1944/1944.100.75958.rev.width350.jpg"]},{"from":-285,"to":-246,"title":"Silver Tetradrachm of Ptolemy II, Alexandreia, 285 BC - 246 BC. 1944.100.75850","image_urls":["http://numismatics.org/collectionimages/19001949/1944/1944.100.75850.rev.width350.jpg"]},{"from":-285,"to":-246,"title":"Silver Tetradrachm of Ptolemy II, Alexandreia, 285 BC - 246 BC. 1974.26.5452","image_urls":["http://numismatics.org/collectionimages/19501999/1974/1974.26.5452.rev.width350.jpg"]},{"from":-285,"to":-246,"title":"Silver Tetradrachm of Ptolemy II, Alexandreia, 285 BC - 246 BC. 1944.100.76012","image_urls":["http://numismatics.org/collectionimages/19001949/1944/1944.100.76012.rev.width350.jpg"]},{"from":-285,"to":-246,"title":"Bronze Coin of Ptolemy II, Alexandreia, 285 BC - 246 BC. 1944.100.76006","image_urls":["http://numismatics.org/collectionimages/19001949/1944/1944.100.76006.rev.width350.jpg"]},{"from":-285,"to":-246,"title":"Silver Tetradrachm of Ptolemy II, Alexandreia, 285 BC - 246 BC. 1944.100.75869","image_urls":["http://numismatics.org/collectionimages/19001949/1944/1944.100.75869.rev.width350.jpg"]},{"from":-285,"to":-246,"title":"Silver Tetradrachm of Ptolemy II, Alexandreia, 285 BC - 246 BC. 1974.26.5441","image_urls":["http://numismatics.org/collectionimages/19501999/1974/1974.26.5441.rev.width350.jpg"]},{"from":-285,"to":-246,"title":"Bronze Coin of Ptolemy II, Alexandreia, 285 BC - 246 BC. 1944.100.75860","image_urls":["http://numismatics.org/collectionimages/19001949/1944/1944.100.75860.rev.width350.jpg"]},{"from":-285,"to":-246,"title":"Bronze Coin of Ptolemy II, Alexandreia, 285 BC - 246 BC. 1944.100.75968","image_urls":["http://numismatics.org/collectionimages/19001949/1944/1944.100.75968.rev.width350.jpg"]},{"from":-285,"to":-246,"title":"Silver Tetradrachm of Ptolemy II, Alexandreia, 285 BC - 246 BC. 1944.100.75848","image_urls":["http://numismatics.org/collectionimages/19001949/1944/1944.100.75848.rev.width350.jpg"]},{"from":-285,"to":-246,"title":"Silver Tetradrachm of Ptolemy II, Alexandreia, 285 BC - 246 BC. 1944.100.75908","image_urls":["http://numismatics.org/collectionimages/19001949/1944/1944.100.75908.rev.width350.jpg"]},{"from":-285,"to":-246,"title":"Bronze Coin of Ptolemy II, Alexandreia, 285 BC - 246 BC. 1974.26.5465","image_urls":["http://numismatics.org/collectionimages/19501999/1974/1974.26.5465.rev.width350.jpg"]},{"from":-285,"to":-246,"title":"Silver Tetradrachm of Ptolemy II, Alexandreia, 285 BC - 246 BC. 1974.26.5423","image_urls":["http://numismatics.org/collectionimages/19501999/1974/1974.26.5423.rev.width350.jpg"]},{"from":-285,"to":-246,"title":"Gold Pentadrachm of Ptolemy II, Alexandreia, 285 BC - 246 BC. 1944.100.75737","image_urls":["http://numismatics.org/collectionimages/19001949/1944/1944.100.75737.rev.width350.jpg"]},{"from":-285,"to":-246,"title":"Silver Tetradrachm of Ptolemy II, Alexandreia, 285 BC - 246 BC. 1974.26.5450","image_urls":["http://numismatics.org/collectionimages/19501999/1974/1974.26.5450.rev.width350.jpg"]},{"from":-285,"to":-246,"title":"Bronze Coin of Ptolemy II, Alexandreia, 285 BC - 246 BC. 1944.100.76062","image_urls":["http://numismatics.org/collectionimages/19001949/1944/1944.100.76062.rev.width350.jpg"]},{"from":-285,"to":-246,"title":"Silver Tetradrachm of Ptolemy II, Alexandreia, 285 BC - 246 BC. 1944.100.75904","image_urls":["http://numismatics.org/collectionimages/19001949/1944/1944.100.75904.rev.width350.jpg"]},{"from":-285,"to":-246,"title":"Silver Tetradrachm of Ptolemy II, Alexandreia, 285 BC - 246 BC. 1952.142.439","image_urls":["http://numismatics.org/collectionimages/19501999/1952/1952.142.439.rev.width350.jpg"]},{"from":-285,"to":-246,"title":"Bronze Coin of Ptolemy II, Alexandreia, 285 BC - 246 BC. 1944.100.76065","image_urls":["http://numismatics.org/collectionimages/19001949/1944/1944.100.76065.rev.width350.jpg"]},{"from":-285,"to":-246,"title":"Silver Tetradrachm of Ptolemy II, Alexandreia, 285 BC - 246 BC. 1944.100.75907","image_urls":["http://numismatics.org/collectionimages/19001949/1944/1944.100.75907.rev.width350.jpg"]},{"from":-285,"to":-246,"title":"Bronze Coin of Ptolemy II, Alexandreia, 285 BC - 246 BC. 1944.100.76284","image_urls":["http://numismatics.org/collectionimages/19001949/1944/1944.100.76284.rev.width350.jpg"]},{"from":-285,"to":-246,"title":"Bronze Coin of Ptolemy II, Joppa, 285 BC - 246 BC. 1944.100.76242","image_urls":["http://numismatics.org/collectionimages/19001949/1944/1944.100.76242.rev.width350.jpg"]},{"from":-285,"to":-246,"title":"Silver Tetradrachm of Ptolemy II, Alexandreia, 285 BC - 246 BC. 1944.100.75882","image_urls":["http://numismatics.org/collectionimages/19001949/1944/1944.100.75882.rev.width350.jpg"]},{"from":-285,"to":-246,"title":"Silver Tetradrachm of Ptolemy II, Alexandreia, 285 BC - 246 BC. 1944.100.75897","image_urls":["http://numismatics.org/collectionimages/19001949/1944/1944.100.75897.rev.width350.jpg"]},{"from":-285,"to":-246,"title":"Bronze Coin of Ptolemy II, Alexandreia, 285 BC - 246 BC. 1944.100.76002","image_urls":["http://numismatics.org/collectionimages/19001949/1944/1944.100.76002.rev.width350.jpg"]},{"from":-285,"to":-246,"title":"Bronze Coin of Ptolemy II, Alexandreia, 285 BC - 246 BC. 1944.100.75948","image_urls":["http://numismatics.org/collectionimages/19001949/1944/1944.100.75948.rev.width350.jpg"]},{"from":-285,"to":-246,"title":"Gold Pentadrachm of Ptolemy II, Alexandreia, 285 BC - 246 BC. 1944.100.76023","image_urls":["http://numismatics.org/collectionimages/19001949/1944/1944.100.76023.rev.width350.jpg"]},{"from":-285,"to":-246,"title":"Silver Tetradrachm of Ptolemy II, Alexandreia, 285 BC - 246 BC. 1944.100.75849","image_urls":["http://numismatics.org/collectionimages/19001949/1944/1944.100.75849.rev.width350.jpg"]},{"from":-285,"to":-246,"title":"Bronze Coin of Ptolemy II, Alexandreia, 285 BC - 246 BC. 1944.100.75945","image_urls":["http://numismatics.org/collectionimages/19001949/1944/1944.100.75945.rev.width350.jpg"]},{"from":-285,"to":-246,"title":"Gold Octadrachm of Ptolemy II, Paphos, 285 BC - 246 BC. 1944.100.76008","image_urls":["http://numismatics.org/collectionimages/19001949/1944/1944.100.76008.rev.width350.jpg"]},{"from":-285,"to":-246,"title":"Gold Pentadrachm of Ptolemy II, Alexandreia, 285 BC - 246 BC. 1967.152.625","image_urls":["http://numismatics.org/collectionimages/19501999/1967/1967.152.625.rev.width350.jpg"]},{"from":-285,"to":-246,"title":"Silver Tetradrachm of Ptolemy II, Alexandreia, 285 BC - 246 BC. 1974.26.5428","image_urls":["http://numismatics.org/collectionimages/19501999/1974/1974.26.5428.rev.width350.jpg"]},{"from":-285,"to":-246,"title":"Bronze Coin of Ptolemy II, Alexandreia, 285 BC - 246 BC. 0000.999.42880","image_urls":["http://numismatics.org/collectionimages/00001899/0000/0000.999.42880.rev.width350.jpg"]},{"from":-285,"to":-246,"title":"Silver Tetradrachm of Ptolemy II, Alexandreia, 285 BC - 246 BC. 1944.100.75894","image_urls":["http://numismatics.org/collectionimages/19001949/1944/1944.100.75894.rev.width350.jpg"]},{"from":-285,"to":-246,"title":"Silver Tetradrachm of Ptolemy II, Alexandreia, 285 BC - 246 BC. 1986.78.1035","image_urls":["http://numismatics.org/collectionimages/19501999/1986/1986.78.1035.rev.width350.jpg"]},{"from":-285,"to":-246,"title":"Silver Tetradrachm of Ptolemy II, Alexandreia, 285 BC - 246 BC. 1944.100.75876","image_urls":["http://numismatics.org/collectionimages/19001949/1944/1944.100.75876.rev.width350.jpg"]},{"from":-285,"to":-246,"title":"Silver Tetradrachm of Ptolemy II, Alexandreia, 285 BC - 246 BC. 1974.26.5445","image_urls":["http://numismatics.org/collectionimages/19501999/1974/1974.26.5445.rev.width350.jpg"]},{"from":-285,"to":-246,"title":"Bronze Coin of Ptolemy II, Alexandreia, 285 BC - 246 BC. 1944.100.76005","image_urls":["http://numismatics.org/collectionimages/19001949/1944/1944.100.76005.rev.width350.jpg"]},{"from":-285,"to":-246,"title":"Bronze Coin of Ptolemy II, Alexandreia, 285 BC - 246 BC. 1974.26.5472","image_urls":["http://numismatics.org/collectionimages/19501999/1974/1974.26.5472.rev.width350.jpg"]},{"from":-285,"to":-246,"title":"Bronze Coin of Ptolemy II, Alexandreia, 285 BC - 246 BC. 1974.26.5466","image_urls":["http://numismatics.org/collectionimages/19501999/1974/1974.26.5466.rev.width350.jpg"]},{"from":-285,"to":-246,"title":"Silver Tetradrachm of Ptolemy II, Alexandreia, 285 BC - 246 BC. 1944.100.75900","image_urls":["http://numismatics.org/collectionimages/19001949/1944/1944.100.75900.rev.width350.jpg"]},{"from":-285,"to":-246,"title":"Silver Tetradrachm of Ptolemy II, Alexandreia, 285 BC - 246 BC. 1944.100.75858","image_urls":["http://numismatics.org/collectionimages/19001949/1944/1944.100.75858.rev.width350.jpg"]},{"from":-285,"to":-246,"title":"Silver Tetradrachm of Ptolemy II, Alexandreia, 285 BC - 246 BC. 1974.26.5451","image_urls":["http://numismatics.org/collectionimages/19501999/1974/1974.26.5451.rev.width350.jpg"]},{"from":-285,"to":-246,"title":"Silver Tetradrachm of Ptolemy II, Alexandreia, 285 BC - 246 BC. 1944.100.75909","image_urls":["http://numismatics.org/collectionimages/19001949/1944/1944.100.75909.rev.width350.jpg"]},{"from":-285,"to":-246,"title":"Silver Tetradrachm of Ptolemy II, Alexandreia, 285 BC - 246 BC. 1944.100.75873","image_urls":["http://numismatics.org/collectionimages/19001949/1944/1944.100.75873.rev.width350.jpg"]},{"from":-285,"to":-246,"title":"Silver Tetradrachm of Ptolemy II, Alexandreia, 285 BC - 246 BC. 1944.100.75867","image_urls":["http://numismatics.org/collectionimages/19001949/1944/1944.100.75867.rev.width350.jpg"]},{"from":-285,"to":-246,"title":"Bronze Coin of Ptolemy II, Alexandreia, 285 BC - 246 BC. 1944.100.75966","image_urls":["http://numismatics.org/collectionimages/19001949/1944/1944.100.75966.rev.width350.jpg"]},{"from":-285,"to":-246,"title":"Silver Tetradrachm of Ptolemy II, Alexandreia, 285 BC - 246 BC. 1944.100.76029","image_urls":["http://numismatics.org/collectionimages/19001949/1944/1944.100.76029.rev.width350.jpg"]},{"from":-285,"to":-246,"title":"Bronze Coin of Ptolemy II, Alexandreia, 285 BC - 246 BC. 1944.100.75993","image_urls":["http://numismatics.org/collectionimages/19001949/1944/1944.100.75993.rev.width350.jpg"]},{"from":-285,"to":-246,"title":"Bronze Coin of Ptolemy II, Alexandreia, 285 BC - 246 BC. 1944.100.76056","image_urls":["http://numismatics.org/collectionimages/19001949/1944/1944.100.76056.rev.width350.jpg"]},{"from":-285,"to":-246,"title":"Silver Tetradrachm of Ptolemy II, Alexandreia, 285 BC - 246 BC. 1944.100.75888","image_urls":["http://numismatics.org/collectionimages/19001949/1944/1944.100.75888.rev.width350.jpg"]},{"from":-285,"to":-246,"title":"Silver Tetradrachm of Ptolemy II, Alexandreia, 285 BC - 246 BC. 1944.100.76020","image_urls":["http://numismatics.org/collectionimages/19001949/1944/1944.100.76020.rev.width350.jpg"]},{"from":-285,"to":-246,"title":"Bronze Coin of Ptolemy II, Alexandreia, 285 BC - 246 BC. 1944.100.76041","image_urls":["http://numismatics.org/collectionimages/19001949/1944/1944.100.76041.rev.width350.jpg"]},{"from":-285,"to":-246,"title":"Bronze Coin of Ptolemy II, Alexandreia, 285 BC - 246 BC. 1944.100.75852","image_urls":["http://numismatics.org/collectionimages/19001949/1944/1944.100.75852.rev.width350.jpg"]},{"from":-285,"to":-246,"title":"Bronze Coin of Ptolemy II, Alexandreia, 285 BC - 246 BC. 1944.100.75975","image_urls":["http://numismatics.org/collectionimages/19001949/1944/1944.100.75975.rev.width350.jpg"]},{"from":-285,"to":-246,"title":"Bronze Coin of Ptolemy II, Alexandreia, 285 BC - 246 BC. 1944.100.75861","image_urls":["http://numismatics.org/collectionimages/19001949/1944/1944.100.75861.rev.width350.jpg"]},{"from":-285,"to":-246,"title":"Bronze Coin of Ptolemy II, Alexandreia, 285 BC - 246 BC. 1944.100.76038","image_urls":["http://numismatics.org/collectionimages/19001949/1944/1944.100.76038.rev.width350.jpg"]},{"from":-285,"to":-246,"title":"Bronze Coin of Ptolemy II, Alexandreia, 285 BC - 246 BC. 1944.100.76283","image_urls":["http://numismatics.org/collectionimages/19001949/1944/1944.100.76283.rev.width350.jpg"]},{"from":-285,"to":-246,"title":"Bronze Coin of Ptolemy II, Alexandreia, 285 BC - 246 BC. 1944.100.76037","image_urls":["http://numismatics.org/collectionimages/19001949/1944/1944.100.76037.rev.width350.jpg"]},{"from":-285,"to":-246,"title":"Silver Tetradrachm of Ptolemy II, Alexandreia, 285 BC - 246 BC. 1974.26.5442","image_urls":["http://numismatics.org/collectionimages/19501999/1974/1974.26.5442.rev.width350.jpg"]},{"from":-285,"to":-246,"title":"Silver Tetradrachm of Ptolemy II, Alexandreia, 285 BC - 246 BC. 1974.26.5436","image_urls":["http://numismatics.org/collectionimages/19501999/1974/1974.26.5436.rev.width350.jpg"]},{"from":-285,"to":-246,"title":"Silver Tetradrachm of Ptolemy II, Alexandreia, 285 BC - 246 BC. 1944.100.75884","image_urls":["http://numismatics.org/collectionimages/19001949/1944/1944.100.75884.rev.width350.jpg"]},{"from":-285,"to":-246,"title":"Silver Drachm of Ptolemy II, Alexandreia, 285 BC - 246 BC. 1944.100.76019","image_urls":["http://numismatics.org/collectionimages/19001949/1944/1944.100.76019.rev.width350.jpg"]},{"from":-285,"to":-246,"title":"Silver Tetradrachm of Ptolemy II, Alexandreia, 285 BC - 246 BC. 1974.26.5430","image_urls":["http://numismatics.org/collectionimages/19501999/1974/1974.26.5430.rev.width350.jpg"]},{"from":-285,"to":-246,"title":"Silver Tetradrachm of Ptolemy II, Alexandreia, 285 BC - 246 BC. 1980.109.1318","image_urls":["http://numismatics.org/collectionimages/19501999/1980/1980.109.1318.rev.width350.jpg"]},{"from":-285,"to":-246,"title":"Bronze Coin of Ptolemy II, Alexandreia, 285 BC - 246 BC. 1938.94.41","image_urls":["http://numismatics.org/collectionimages/19001949/1938/1938.94.41.rev.width350.jpg"]},{"from":-285,"to":-246,"title":"Silver Tetradrachm of Ptolemy II, Alexandreia, 285 BC - 246 BC. 1974.26.5432","image_urls":["http://numismatics.org/collectionimages/19501999/1974/1974.26.5432.rev.width350.jpg"]},{"from":-285,"to":-246,"title":"Silver Tetradrachm of Ptolemy II, Alexandreia, 285 BC - 246 BC. 1974.26.5447","image_urls":["http://numismatics.org/collectionimages/19501999/1974/1974.26.5447.rev.width350.jpg"]},{"from":-285,"to":-246,"title":"Bronze Coin of Ptolemy II, Joppa, 285 BC - 246 BC. 1944.100.76240","image_urls":["http://numismatics.org/collectionimages/19001949/1944/1944.100.76240.rev.width350.jpg"]},{"from":-285,"to":-246,"title":"Silver Tetradrachm of Ptolemy II, Alexandreia, 285 BC - 246 BC. 1944.100.75880","image_urls":["http://numismatics.org/collectionimages/19001949/1944/1944.100.75880.rev.width350.jpg"]},{"from":-285,"to":-246,"title":"Gold mnaieion of Ptolemy II, Citium, 285 BC - 246 BC. 1944.100.49263","image_urls":["http://numismatics.org/collectionimages/19001949/1944/1944.100.49263.rev.width350.jpg"]},{"from":-285,"to":-246,"title":"Silver Tetradrachm of Ptolemy II, Paphos, 285 BC - 246 BC. 1944.100.75847","image_urls":["http://numismatics.org/collectionimages/19001949/1944/1944.100.75847.rev.width350.jpg"]},{"from":-285,"to":-246,"title":"Silver Tetradrachm of Ptolemy II, Alexandreia, 285 BC - 246 BC. 1952.142.442","image_urls":["http://numismatics.org/collectionimages/19501999/1952/1952.142.442.rev.width350.jpg"]},{"from":-285,"to":-246,"title":"Silver Tetradrachm of Ptolemy II, Citium, 285 BC - 246 BC. 1944.100.75910","image_urls":["http://numismatics.org/collectionimages/19001949/1944/1944.100.75910.rev.width350.jpg"]},{"from":-285,"to":-246,"title":"Bronze Coin of Ptolemy II, Alexandreia, 285 BC - 246 BC. 1925.176.140","image_urls":["http://numismatics.org/collectionimages/19001949/1925/1925.176.140.rev.width350.jpg"]},{"from":-285,"to":-246,"title":"Bronze Coin of Ptolemy II, Alexandreia, 285 BC - 246 BC. 1925.176.149","image_urls":["http://numismatics.org/collectionimages/19001949/1925/1925.176.149.rev.width350.jpg"]},{"from":-285,"to":-246,"title":"Bronze Coin of Ptolemy II, Alexandreia, 285 BC - 246 BC. 1944.100.75960","image_urls":["http://numismatics.org/collectionimages/19001949/1944/1944.100.75960.rev.width350.jpg"]},{"from":-285,"to":-246,"title":"Silver Tetradrachm of Ptolemy II, Alexandreia, 285 BC - 246 BC. 1944.100.75855","image_urls":["http://numismatics.org/collectionimages/19001949/1944/1944.100.75855.rev.width350.jpg"]}]