[{"from":-287,"to":-278,"title":"Decadrachm of Hicetas, Syracuse, 287 B.C.-278 B.C. 1995.3.1.","image_urls":["http://coins.lib.virginia.edu/images/coins/screen/n1995_3_1_rev.jpg"]},{"from":-287,"to":-282,"title":"Silver Tetradrachm, Pergamum, 287 BC - 282 BC. 1966.75.102","image_urls":["http://numismatics.org/collectionimages/19501999/1966/1966.75.102.rev.width350.jpg"]},{"from":-287,"to":-250,"title":"Silver 4 drachm (tetradrachm), Athens, 287 BC - 250 BC. 1944.100.24419","image_urls":["http://numismatics.org/collectionimages/19001949/1944/1944.100.24419.rev.width350.jpg"]},{"from":-287,"to":-278,"title":"Gold 10 drachm (decadrachm), Syracuse, 287 BC - 278 BC. 1997.9.107","image_urls":["http://numismatics.org/collectionimages/19501999/1997/1997.9.107.rev.width350.jpg"]}]