[{"from":-29,"to":-29,"title":"WILT-E5BA8D: A coin issued by Augustus","image_urls":["https://finds.org.uk/images/rhenry2/WILTE5BA8D.jpg"]},{"from":-29,"to":-27,"title":"RIC I (second edition) Augustus 266. 1944.100.39152","image_urls":["http://numismatics.org/collectionimages/19001949/1944/1944.100.39152.rev.width350.jpg"]},{"from":-29,"to":-27,"title":"RIC I (second edition) Augustus 264. 1944.100.39146","image_urls":["http://numismatics.org/collectionimages/19001949/1944/1944.100.39146.rev.width350.jpg"]},{"from":-29,"to":-27,"title":"RIC I (second edition) Augustus 270. 1944.100.39155","image_urls":["http://numismatics.org/collectionimages/19001949/1944/1944.100.39155.rev.width350.jpg"]},{"from":-29,"to":-27,"title":"RIC I (second edition) Augustus 270. 1954.203.150","image_urls":["http://numismatics.org/collectionimages/19501999/1954/1954.203.150.rev.width350.jpg"]},{"from":-29,"to":-27,"title":"RIC I (second edition) Augustus 274. 1944.100.39158","image_urls":["http://numismatics.org/collectionimages/19001949/1944/1944.100.39158.rev.width350.jpg"]},{"from":-29,"to":-27,"title":"RIC I (second edition) Augustus 270. 1957.172.1507","image_urls":["http://numismatics.org/collectionimages/19501999/1957/1957.172.1507.rev.width350.jpg"]},{"from":-29,"to":-27,"title":"RIC I (second edition) Augustus 265A. 1944.100.39149","image_urls":["http://numismatics.org/collectionimages/19001949/1944/1944.100.39149.rev.width350.jpg"]},{"from":-29,"to":-26,"title":"RIC I (second edition) Augustus 276. 1937.158.450","image_urls":["http://numismatics.org/collectionimages/19001949/1937/1937.158.450.rev.width350.jpg"]},{"from":-29,"to":-27,"title":"RIC I (second edition) Augustus 265A. 1937.158.444","image_urls":["http://numismatics.org/collectionimages/19001949/1937/1937.158.444.rev.width350.jpg"]},{"from":-29,"to":-27,"title":"Silver Tetradrachm, Seleuceia ad Tigrim, 29 BC - 27 BC. 1944.100.82844","image_urls":["http://numismatics.org/collectionimages/19001949/1944/1944.100.82844.rev.width350.jpg"]},{"from":-29,"to":-27,"title":"RIC I (second edition) Augustus 269A. 1957.172.1504","image_urls":["http://numismatics.org/collectionimages/19501999/1957/1957.172.1504.rev.width350.jpg"]},{"from":-29,"to":-27,"title":"RIC I (second edition) Augustus 264. 1937.158.440","image_urls":["http://numismatics.org/collectionimages/19001949/1937/1937.158.440.rev.width350.jpg"]},{"from":-29,"to":-27,"title":"RIC I (second edition) Augustus 265B. 1957.172.1503","image_urls":["http://numismatics.org/collectionimages/19501999/1957/1957.172.1503.rev.width350.jpg"]},{"from":-29,"to":-27,"title":"Silver Tetradrachm, Seleuceia ad Tigrim, 29 BC - 27 BC. 1923.150.399","image_urls":["http://numismatics.org/collectionimages/19001949/1923/1923.150.399.rev.width350.jpg"]},{"from":-29,"to":-26,"title":"RIC I (second edition) Augustus 276. 1944.100.39160","image_urls":["http://numismatics.org/collectionimages/19001949/1944/1944.100.39160.rev.width350.jpg"]},{"from":-29,"to":-27,"title":"RIC I (second edition) Augustus 265A. 1937.158.443","image_urls":["http://numismatics.org/collectionimages/19001949/1937/1937.158.443.rev.width350.jpg"]},{"from":-29,"to":-27,"title":"RIC I (second edition) Augustus 271. 1947.2.412","image_urls":["http://numismatics.org/collectionimages/19001949/1947/1947.2.412.rev.width350.jpg"]},{"from":-29,"to":-27,"title":"RIC I (second edition) Augustus 271. 1948.19.1039","image_urls":["http://numismatics.org/collectionimages/19001949/1948/1948.19.1039.rev.width350.jpg"]},{"from":-29,"to":-27,"title":"RIC I (second edition) Augustus 272. 1944.100.39156","image_urls":["http://numismatics.org/collectionimages/19001949/1944/1944.100.39156.rev.width350.jpg"]},{"from":-29,"to":-27,"title":"RIC I (second edition) Augustus 272. 1947.2.413","image_urls":["http://numismatics.org/collectionimages/19001949/1947/1947.2.413.rev.width350.jpg"]},{"from":-29,"to":-27,"title":"RIC I (second edition) Augustus 271. 1937.158.448","image_urls":["http://numismatics.org/collectionimages/19001949/1937/1937.158.448.rev.width350.jpg"]},{"from":-29,"to":-27,"title":"RIC I (second edition) Augustus 269A. 1937.158.445","image_urls":["http://numismatics.org/collectionimages/19001949/1937/1937.158.445.rev.width350.jpg"]},{"from":-29,"to":-27,"title":"RIC I (second edition) Augustus 271. 1957.172.1506","image_urls":["http://numismatics.org/collectionimages/19501999/1957/1957.172.1506.rev.width350.jpg"]},{"from":-29,"to":-27,"title":"RIC I (second edition) Augustus 267. 1937.158.442","image_urls":["http://numismatics.org/collectionimages/19001949/1937/1937.158.442.rev.width350.jpg"]},{"from":-29,"to":-27,"title":"RIC I (second edition) Augustus 268. 1944.100.39147","image_urls":["http://numismatics.org/collectionimages/19001949/1944/1944.100.39147.rev.width350.jpg"]},{"from":-29,"to":-27,"title":"RIC I (second edition) Augustus 266. 1937.158.446","image_urls":["http://numismatics.org/collectionimages/19001949/1937/1937.158.446.rev.width350.jpg"]},{"from":-29,"to":-26,"title":"RIC I (second edition) Augustus 276. 1909.78.23","image_urls":["http://numismatics.org/collectionimages/19001949/1909/1909.78.23.rev.width350.jpg"]}]