[{"from":-290,"to":-280,"title":"Electrum Stater, Carthage, 290 BC - 280 BC. 2012.49.35","image_urls":["http://numismatics.org/collectionimages/20002049/2012/2012.49.35.rev.width350.jpg"]},{"from":-290,"to":-250,"title":"Silver drachm, Priene, 290 BC - 250 BC. 1977.158.363","image_urls":["http://numismatics.org/collectionimages/19501999/1977/1977.158.363.rev.width350.jpg"]},{"from":-290,"to":-250,"title":"Silver didrachm, Priene, 290 BC - 250 BC. 1968.63.1","image_urls":["http://numismatics.org/collectionimages/19501999/1968/1968.63.1.rev.width350.jpg"]}]