[{"from":-296,"to":-294,"title":"Gold stater of Lachares, Athens, 296 BC - 294 BC. 1959.254.19","image_urls":["http://numismatics.org/collectionimages/19501999/1959/1959.254.19.rev.width350.jpg"]},{"from":-296,"to":-294,"title":"Gold stater of Lachares, Athens, 296 BC - 294 BC. 1967.152.274","image_urls":["http://numismatics.org/collectionimages/19501999/1967/1967.152.274.rev.width350.jpg"]},{"from":-296,"to":-294,"title":"Gold hecte of Lachares, Athens, 296 BC - 294 BC. 1944.100.24412","image_urls":["http://numismatics.org/collectionimages/19001949/1944/1944.100.24412.rev.width350.jpg"]}]