[{"from":-297,"to":-291,"title":"Gold Stater, Lysimachia, 297 BC - 291 BC. 1944.100.77420","image_urls":["http://numismatics.org/collectionimages/19001949/1944/1944.100.77420.rev.width350.jpg"]},{"from":-297,"to":-281,"title":"Silver Tetradrachm, Magnesia ad Maeandrum, 297 BC - 281 BC. 1944.100.45479","image_urls":["http://numismatics.org/collectionimages/19001949/1944/1944.100.45479.rev.width350.jpg"]},{"from":-297,"to":-281,"title":"Silver Tetradrachm, Lampsacus, 297 BC - 281 BC. 1944.100.45344","image_urls":["http://numismatics.org/collectionimages/19001949/1944/1944.100.45344.rev.width350.jpg"]},{"from":-297,"to":-281,"title":"Silver Tetradrachm, Lysimachia, 297 BC - 281 BC. 1944.100.77433","image_urls":["http://numismatics.org/collectionimages/19001949/1944/1944.100.77433.rev.width350.jpg"]},{"from":-297,"to":-281,"title":"Silver Tetradrachm, Alexandreia Troas, 297 BC - 281 BC. 1966.75.115","image_urls":["http://numismatics.org/collectionimages/19501999/1966/1966.75.115.rev.width350.jpg"]},{"from":-297,"to":-281,"title":"Silver Tetradrachm, Magnesia ad Maeandrum, 297 BC - 281 BC. 1944.100.45476","image_urls":["http://numismatics.org/collectionimages/19001949/1944/1944.100.45476.rev.width350.jpg"]},{"from":-297,"to":-281,"title":"Silver Tetradrachm, Lampsacus, 297 BC - 281 BC. 1944.100.45301","image_urls":["http://numismatics.org/collectionimages/19001949/1944/1944.100.45301.rev.width350.jpg"]}]