[{"from":-3,"to":9,"title":"HAMP-0DA5D2: A coin issued by Augustus","image_urls":["https://finds.org.uk/images/rwebley/HAMP-0DA5D2Augustusdenarius.jpg"]},{"from":-3,"to":9,"title":"SUSS-10A5D3: A coin issued by Augustus","image_urls":["https://finds.org.uk/images/lburnett/SUSS-10A5D3%20.jpg"]},{"from":-3,"to":4,"title":"NMS-BEF4F2: A coin issued by Augustus","image_urls":["https://finds.org.uk/images/amarsden/KLMD112014augustusdenarius.jpg"]},{"from":-3,"to":9,"title":"NMS-0E49D8: A coin issued by Augustus","image_urls":["https://finds.org.uk/images/amarsden/AMD102012platedaugustusdenarius.jpg"]},{"from":-3,"to":9,"title":"SF-FE6C81: A coin issued by Augustus","image_urls":["https://finds.org.uk/images/abrown/BelchampWalter_SF-FE6C81.jpg"]},{"from":-3,"to":9,"title":"WAW-B3B253: A coin issued by Augustus","image_urls":["https://finds.org.uk/images/abolton/WAW-B3B253.jpg"]},{"from":-3,"to":4,"title":"DUR-A3701F: A coin issued by Augustus","image_urls":["https://finds.org.uk/images/a8622912/DUR-A3701F.jpg"]},{"from":-3,"to":9,"title":"BUC-47C672: A coin issued by Augustus","image_urls":["https://finds.org.uk/images/Helen Low/Dscn8710.jpg"]},{"from":-3,"to":9,"title":"NMGW-7C3356: A coin issued by Augustus","image_urls":["https://finds.org.uk/images/mlodwick/2009.36.3.jpg"]},{"from":-3,"to":9,"title":"DEV-2F4CC6: A coin issued by Augustus","image_urls":["https://finds.org.uk/images/npowell/augustusobv.JPG"]},{"from":-3,"to":4,"title":"BH-B97BE7: A coin issued by Augustus","image_urls":["https://finds.org.uk/images/jwatters/Roman_coin_14_124.jpg"]},{"from":-3,"to":9,"title":"WAW-0B2DF3: A coin issued by Augustus","image_urls":["https://finds.org.uk/images/abolton/WAW-0B2DF3.jpg"]},{"from":-3,"to":9,"title":"SUR-6432F5: A coin issued by Augustus","image_urls":["https://finds.org.uk/images/margaretb/12-783.JPG"]},{"from":-3,"to":9,"title":"YORYM-59DD47: A coin issued by Augustus","image_urls":["https://finds.org.uk/images/devans/jun9%20001.jpg"]},{"from":-3,"to":9,"title":"HAMP-0DC8C3: A coin issued by Augustus","image_urls":["https://finds.org.uk/images/rwebley/HAMP-0DC8C3Augustusdenarius.jpg"]},{"from":-3,"to":4,"title":"BM-944980: A coin issued by Augustus","image_urls":["https://finds.org.uk/images/vdrost/Augustusobv.jpg"]},{"from":-3,"to":9,"title":"WAW-F58BC4: A coin issued by Augustus","image_urls":["https://finds.org.uk/images/abolton/WAW-F58BC4.jpg"]},{"from":-3,"to":4,"title":"PUBLIC-5C0D55: A coin issued by Augustus","image_urls":["https://finds.org.uk/images/rogerthomas/pas3.jpg"]},{"from":-3,"to":9,"title":"IOW-2A1571: A coin issued by Augustus","image_urls":["https://finds.org.uk/images/fbasford/IOW2011-1-525.JPG"]},{"from":-3,"to":9,"title":"LEIC-588F94: A coin issued by Augustus","image_urls":["https://finds.org.uk/images/wscott/588F94.JPG"]},{"from":-3,"to":9,"title":"BH-77AAA4: A coin issued by Augustus","image_urls":["https://finds.org.uk/images/jwatters/Roman_coin_11_52_4.jpg"]},{"from":-3,"to":14,"title":"DEV-8589B2: A coin issued by Augustus","image_urls":["https://finds.org.uk/images/dwootton/TEd%20godfery%20denarius%20fragment.jpg"]},{"from":-3,"to":9,"title":"IOW-653DE7: A coin issued by Augustus","image_urls":["https://finds.org.uk/images/fbasford/IOW2013-1-314.JPG"]},{"from":-3,"to":9,"title":"LON-96EE62: A coin issued by Augustus","image_urls":["https://finds.org.uk/images/kcreed/Denarius2.jpg"]},{"from":-3,"to":14,"title":"SF-A05047: A coin issued by Augustus","image_urls":["https://finds.org.uk/images/jplouviez/COM026SF-A05047.JPG"]},{"from":-3,"to":9,"title":"NMGW-2F0556: A coin issued by Augustus","image_urls":["https://finds.org.uk/images/mlodwick/2009.22.2.jpg"]},{"from":-3,"to":9,"title":"IOW-C70217: A coin issued by Augustus","image_urls":["https://finds.org.uk/images/fbasford/IOW2009-2-222.JPG"]},{"from":-3,"to":9,"title":"HAMP-0DD6D2: A coin issued by Augustus","image_urls":["https://finds.org.uk/images/rwebley/HAMP-0DD6D2Augustusdenarius.jpg"]},{"from":-3,"to":4,"title":"KENT-D89B81: A coin issued by Augustus","image_urls":["https://finds.org.uk/images/jjackson/S7301744.JPG"]},{"from":-3,"to":14,"title":"BERK-A3A9D1: A coin issued by Augustus","image_urls":["https://finds.org.uk/images/abyard/2013378.jpg"]},{"from":-3,"to":14,"title":"SF-E3C891: A coin issued by Augustus","image_urls":["https://finds.org.uk/images/gstewart/WRW_SF-E3C891.jpg"]},{"from":-3,"to":4,"title":"IOW-F01F40: A coin issued by Augustus","image_urls":["https://finds.org.uk/images/fbasford/IOW2005-196-13.JPG"]},{"from":-3,"to":9,"title":"ESS-7004E6: A coin issued by Augustus","image_urls":["https://finds.org.uk/images/cmcdonald/grover%20augustus.jpg"]},{"from":-3,"to":9,"title":"WAW-C9BB94: A coin issued by Augustus","image_urls":["https://finds.org.uk/images/abolton/WAW-C9BB94.jpg"]},{"from":-3,"to":9,"title":"SUR-E9E920: A coin issued by Augustus","image_urls":["https://finds.org.uk/images/margaretb/DSCN6982.JPG"]},{"from":-3,"to":4,"title":"BH-A9E874: A coin issued by Augustus","image_urls":["https://finds.org.uk/images/jwatters/Roman_coin_14_156_4.jpg"]},{"from":-3,"to":9,"title":"WMID-C9DAD5: A coin issued by Augustus","image_urls":["https://finds.org.uk/images/dslarke/c9dad5obv.jpg"]},{"from":-3,"to":9,"title":"IOW-EB4E04: A coin issued by Augustus","image_urls":["https://finds.org.uk/images/fbasford/IOW2013-1-327.JPG"]},{"from":-3,"to":9,"title":"SUR-FB0CC1: A coin issued by Augustus","image_urls":["https://finds.org.uk/images/dwilliams/08.1628.JPG"]},{"from":-3,"to":14,"title":"HAMP3396: A coin issued by Augustus","image_urls":["https://finds.org.uk/images/sworrell/hamp%203396.JPG"]},{"from":-3,"to":9,"title":"BH-D5DAB2: A coin issued by Augustus","image_urls":["https://finds.org.uk/images/jwatters/Roman%20coin%2010%2017%20-%202.jpg"]},{"from":-3,"to":9,"title":"WMID-3FE483: A coin issued by Augustus","image_urls":["https://finds.org.uk/images/dslarke/q3%20copy.jpg"]},{"from":-3,"to":9,"title":"SF-ACCE05: A coin issued by Augustus","image_urls":["https://finds.org.uk/images/abrown/CAM_SF-ACCE05.jpg"]},{"from":-3,"to":-2,"title":"Silver Tetradrachm, Seleuceia ad Tigrim, 3 BC - 2 BC. 1944.100.82965","image_urls":["http://numismatics.org/collectionimages/19001949/1944/1944.100.82965.rev.width350.jpg"]},{"from":-3,"to":-2,"title":"Silver Tetradrachm, Seleuceia ad Tigrim, 3 BC - 2 BC. 1944.100.82966","image_urls":["http://numismatics.org/collectionimages/19001949/1944/1944.100.82966.rev.width350.jpg"]}]