[{"from":-30,"to":-28,"title":"IOW-32CAC7: A coin issued by Republic","image_urls":["https://finds.org.uk/images/fbasford/IOW2007-1-236.JPG"]},{"from":-30,"to":-29,"title":"Silver Tetradrachm, Alexandreia, 30 BC - 29 BC. 1974.26.5995","image_urls":["http://numismatics.org/collectionimages/19501999/1974/1974.26.5995.rev.width350.jpg"]},{"from":-30,"to":-28,"title":"RIC I (second edition) Augustus 267. 1957.172.1500","image_urls":["http://numismatics.org/collectionimages/19501999/1957/1957.172.1500.rev.width350.jpg"]},{"from":-30,"to":-29,"title":"Silver Tetradrachm, Seleuceia ad Tigrim, 30 BC - 29 BC. 1944.100.82815","image_urls":["http://numismatics.org/collectionimages/19001949/1944/1944.100.82815.rev.width350.jpg"]}]