[{"from":-300,"to":-200,"title":"Bronze Coin, Callatis, 300 BC - 200 BC. 1957.52.102","image_urls":["http://numismatics.org/collectionimages/19501999/1957/1957.52.102.rev.width350.jpg"]},{"from":-300,"to":-200,"title":"Bronze Coin, Cherronesus, 300 BC - 200 BC. 1944.100.14371","image_urls":["http://numismatics.org/collectionimages/19001949/1944/1944.100.14371.rev.width350.jpg"]},{"from":-300,"to":-200,"title":"Bronze Coin, Callatis, 300 BC - 200 BC. 1957.52.53","image_urls":["http://numismatics.org/collectionimages/19501999/1957/1957.52.53.rev.width350.jpg"]},{"from":-300,"to":-200,"title":"Bronze Coin, Callatis, 300 BC - 200 BC. 1957.52.56","image_urls":["http://numismatics.org/collectionimages/19501999/1957/1957.52.56.rev.width350.jpg"]},{"from":-300,"to":-200,"title":"Bronze Coin, Callatis, 300 BC - 200 BC. 1953.171.152","image_urls":["http://numismatics.org/collectionimages/19501999/1953/1953.171.152.rev.width350.jpg"]},{"from":-300,"to":-200,"title":"Bronze Coin, Callatis, 300 BC - 200 BC. 1957.52.101","image_urls":["http://numismatics.org/collectionimages/19501999/1957/1957.52.101.rev.width350.jpg"]},{"from":-300,"to":-200,"title":"Bronze Coin, Callatis, 300 BC - 200 BC. 1957.52.68","image_urls":["http://numismatics.org/collectionimages/19501999/1957/1957.52.68.rev.width350.jpg"]},{"from":-300,"to":-200,"title":"Bronze Coin, Callatis, 300 BC - 200 BC. 1957.52.47","image_urls":["http://numismatics.org/collectionimages/19501999/1957/1957.52.47.rev.width350.jpg"]},{"from":-300,"to":-280,"title":"Silver 4 drachm (tetradrachm), Athens, 300 BC - 280 BC. 1948.171.2","image_urls":["http://numismatics.org/collectionimages/19001949/1948/1948.171.2.rev.width350.jpg"]},{"from":-300,"to":-250,"title":"Silver 2 drachm (didrachm), Tenos, 300 BC - 250 BC. 1944.100.27976","image_urls":["http://numismatics.org/collectionimages/19001949/1944/1944.100.27976.rev.width350.jpg"]},{"from":-300,"to":-200,"title":"Bronze Coin, Tyre, 300 BC - 200 BC. 1944.100.72727","image_urls":["http://numismatics.org/collectionimages/19001949/1944/1944.100.72727.rev.width350.jpg"]},{"from":-300,"to":-200,"title":"Bronze uncertain, Tenos, 300 BC - 200 BC. 1953.171.278","image_urls":["http://numismatics.org/collectionimages/19501999/1953/1953.171.278.rev.width350.jpg"]},{"from":-300,"to":-217,"title":"Silver 5 asses, Populonia, 300 BC - 217 BC. 1944.100.1978","image_urls":["http://numismatics.org/collectionimages/19001949/1944/1944.100.1978.rev.width350.jpg"]},{"from":-300,"to":-250,"title":"Silver 2 drachm (didrachm), Tenos, 300 BC - 250 BC. 1972.184.3","image_urls":["http://numismatics.org/collectionimages/19501999/1972/1972.184.3.rev.width350.jpg"]},{"from":-300,"to":-200,"title":"Bronze Coin, Callatis, 300 BC - 200 BC. 1957.52.65","image_urls":["http://numismatics.org/collectionimages/19501999/1957/1957.52.65.rev.width350.jpg"]},{"from":-300,"to":-200,"title":"Bronze uncertain, Tenos, 300 BC - 200 BC. 1958.206.51","image_urls":["http://numismatics.org/collectionimages/19501999/1958/1958.206.51.rev.width350.jpg"]},{"from":-300,"to":-200,"title":"Bronze Coin, Callatis, 300 BC - 200 BC. 1957.52.50","image_urls":["http://numismatics.org/collectionimages/19501999/1957/1957.52.50.rev.width350.jpg"]},{"from":-300,"to":-200,"title":"Bronze Coin, Callatis, 300 BC - 200 BC. 1957.52.59","image_urls":["http://numismatics.org/collectionimages/19501999/1957/1957.52.59.rev.width350.jpg"]},{"from":-300,"to":-200,"title":"Bronze uncertain, Tenos, 300 BC - 200 BC. 1944.100.27991","image_urls":["http://numismatics.org/collectionimages/19001949/1944/1944.100.27991.rev.width350.jpg"]},{"from":-300,"to":-200,"title":"Bronze Coin, Callatis, 300 BC - 200 BC. 1957.52.71","image_urls":["http://numismatics.org/collectionimages/19501999/1957/1957.52.71.rev.width350.jpg"]},{"from":-300,"to":-200,"title":"Bronze Coin, Callatis, 300 BC - 200 BC. 1957.52.73","image_urls":["http://numismatics.org/collectionimages/19501999/1957/1957.52.73.rev.width350.jpg"]},{"from":-300,"to":-200,"title":"Bronze Coin, Callatis, 300 BC - 200 BC. 1957.52.88","image_urls":["http://numismatics.org/collectionimages/19501999/1957/1957.52.88.rev.width350.jpg"]},{"from":-300,"to":-200,"title":"Bronze Coin, Cherronesus, 300 BC - 200 BC. 1944.100.14422","image_urls":["http://numismatics.org/collectionimages/19001949/1944/1944.100.14422.rev.width350.jpg"]},{"from":-300,"to":-200,"title":"Bronze Coin, Callatis, 300 BC - 200 BC. 1957.52.82","image_urls":["http://numismatics.org/collectionimages/19501999/1957/1957.52.82.rev.width350.jpg"]},{"from":-300,"to":-200,"title":"Bronze uncertain, Tenos, 300 BC - 200 BC. 1944.100.27985","image_urls":["http://numismatics.org/collectionimages/19001949/1944/1944.100.27985.rev.width350.jpg"]},{"from":-300,"to":-200,"title":"Bronze uncertain, Thera, 300 BC - 200 BC. 1944.100.83621","image_urls":["http://numismatics.org/collectionimages/19001949/1944/1944.100.83621.rev.width350.jpg"]},{"from":-300,"to":-298,"title":"Bronze Denomination C (unit) of Seleucus I, Susa, 300 BC - 298 BC. 1944.100.44862","image_urls":["http://numismatics.org/collectionimages/19001949/1944/1944.100.44862.rev.width350.jpg"]},{"from":-300,"to":-200,"title":"Bronze Coin, Callatis, 300 BC - 200 BC. 1957.52.79","image_urls":["http://numismatics.org/collectionimages/19501999/1957/1957.52.79.rev.width350.jpg"]},{"from":-300,"to":-200,"title":"Bronze Coin, Callatis, 300 BC - 200 BC. 1957.52.70","image_urls":["http://numismatics.org/collectionimages/19501999/1957/1957.52.70.rev.width350.jpg"]},{"from":-300,"to":-200,"title":"Bronze uncertain, Tenos, 300 BC - 200 BC. 1944.100.27990","image_urls":["http://numismatics.org/collectionimages/19001949/1944/1944.100.27990.rev.width350.jpg"]},{"from":-300,"to":-200,"title":"Bronze Coin, Callatis, 300 BC - 200 BC. 1957.52.58","image_urls":["http://numismatics.org/collectionimages/19501999/1957/1957.52.58.rev.width350.jpg"]},{"from":-300,"to":-200,"title":"Bronze uncertain, Tenos, 300 BC - 200 BC. 1944.100.27984","image_urls":["http://numismatics.org/collectionimages/19001949/1944/1944.100.27984.rev.width350.jpg"]},{"from":-300,"to":-200,"title":"Silver drachm, Thera, 300 BC - 200 BC. 1944.100.27999","image_urls":["http://numismatics.org/collectionimages/19001949/1944/1944.100.27999.rev.width350.jpg"]},{"from":-300,"to":-200,"title":"Bronze Coin, Olbia, 300 BC - 200 BC. 1957.52.54","image_urls":["http://numismatics.org/collectionimages/19501999/1957/1957.52.54.rev.width350.jpg"]},{"from":-300,"to":-200,"title":"Bronze Coin, Callatis, 300 BC - 200 BC. 1957.52.48","image_urls":["http://numismatics.org/collectionimages/19501999/1957/1957.52.48.rev.width350.jpg"]},{"from":-300,"to":-200,"title":"Bronze Coin, Callatis, 300 BC - 200 BC. 1957.52.60","image_urls":["http://numismatics.org/collectionimages/19501999/1957/1957.52.60.rev.width350.jpg"]},{"from":-300,"to":-200,"title":"Bronze Coin, Callatis, 300 BC - 200 BC. 1957.52.75","image_urls":["http://numismatics.org/collectionimages/19501999/1957/1957.52.75.rev.width350.jpg"]},{"from":-300,"to":-200,"title":"Bronze uncertain, Tenos, 300 BC - 200 BC. 1944.100.27980","image_urls":["http://numismatics.org/collectionimages/19001949/1944/1944.100.27980.rev.width350.jpg"]},{"from":-300,"to":-200,"title":"Bronze uncertain, Tenos, 300 BC - 200 BC. 1944.100.27989","image_urls":["http://numismatics.org/collectionimages/19001949/1944/1944.100.27989.rev.width350.jpg"]},{"from":-300,"to":-200,"title":"Bronze Coin, Panormus, 300 BC - 200 BC. 1944.100.10084","image_urls":["http://numismatics.org/collectionimages/19001949/1944/1944.100.10084.rev.width350.jpg"]},{"from":-300,"to":-200,"title":"Bronze Coin, Callatis, 300 BC - 200 BC. 1957.52.57","image_urls":["http://numismatics.org/collectionimages/19501999/1957/1957.52.57.rev.width350.jpg"]},{"from":-300,"to":-200,"title":"Bronze Coin, Tyre, 300 BC - 200 BC. 1944.100.72728","image_urls":["http://numismatics.org/collectionimages/19001949/1944/1944.100.72728.rev.width350.jpg"]},{"from":-300,"to":-200,"title":"Bronze Coin, Callatis, 300 BC - 200 BC. 1957.52.63","image_urls":["http://numismatics.org/collectionimages/19501999/1957/1957.52.63.rev.width350.jpg"]},{"from":-300,"to":-200,"title":"Bronze uncertain, Tenos, 300 BC - 200 BC. 1953.171.277","image_urls":["http://numismatics.org/collectionimages/19501999/1953/1953.171.277.rev.width350.jpg"]},{"from":-300,"to":-200,"title":"Bronze uncertain, Thera, 300 BC - 200 BC. 1944.100.28002","image_urls":["http://numismatics.org/collectionimages/19001949/1944/1944.100.28002.rev.width350.jpg"]},{"from":-300,"to":-200,"title":"Bronze Coin, Callatis, 300 BC - 200 BC. 1957.52.49","image_urls":["http://numismatics.org/collectionimages/19501999/1957/1957.52.49.rev.width350.jpg"]},{"from":-300,"to":-250,"title":"Silver 2 drachm (didrachm), Tenos, 300 BC - 250 BC. 1944.100.27975","image_urls":["http://numismatics.org/collectionimages/19001949/1944/1944.100.27975.rev.width350.jpg"]},{"from":-300,"to":-200,"title":"Bronze Coin, Arcesine, 300 BC - 200 BC. 2008.1.17","image_urls":["http://numismatics.org/collectionimages/20002049/2008/2008.1.17.rev.width350.jpg"]},{"from":-300,"to":-200,"title":"Bronze uncertain, Tenos, 300 BC - 200 BC. 1953.171.279","image_urls":["http://numismatics.org/collectionimages/19501999/1953/1953.171.279.rev.width350.jpg"]},{"from":-300,"to":-250,"title":"Silver 2 drachm (didrachm), Tenos, 300 BC - 250 BC. 1944.100.27977","image_urls":["http://numismatics.org/collectionimages/19001949/1944/1944.100.27977.rev.width350.jpg"]},{"from":-300,"to":-280,"title":"Silver Triobol, Thebae, 300 BC - 280 BC. 1968.57.18","image_urls":["http://numismatics.org/collectionimages/19501999/1968/1968.57.18.rev.width350.jpg"]},{"from":-300,"to":-200,"title":"Bronze uncertain, Tenos, 300 BC - 200 BC. 1944.100.27986","image_urls":["http://numismatics.org/collectionimages/19001949/1944/1944.100.27986.rev.width350.jpg"]},{"from":-300,"to":-280,"title":"Silver 4 drachm (tetradrachm) of Alexander III, Mylasa, 300 BC - 280 BC. 1955.26.1","image_urls":["http://numismatics.org/collectionimages/19501999/1955/1955.26.1.rev.width350.jpg"]},{"from":-300,"to":-200,"title":"Bronze Coin, Callatis, 300 BC - 200 BC. 1957.52.90","image_urls":["http://numismatics.org/collectionimages/19501999/1957/1957.52.90.rev.width350.jpg"]},{"from":-300,"to":-200,"title":"Bronze Coin, Callatis, 300 BC - 200 BC. 1957.52.121","image_urls":["http://numismatics.org/collectionimages/19501999/1957/1957.52.121.rev.width350.jpg"]},{"from":-300,"to":-200,"title":"Bronze uncertain, Thera, 300 BC - 200 BC. 1944.100.28005","image_urls":["http://numismatics.org/collectionimages/19001949/1944/1944.100.28005.rev.width350.jpg"]},{"from":-300,"to":-200,"title":"Bronze Coin, Callatis, 300 BC - 200 BC. 1957.52.78","image_urls":["http://numismatics.org/collectionimages/19501999/1957/1957.52.78.rev.width350.jpg"]},{"from":-300,"to":-217,"title":"Silver 15 scruples, Populonia, 300 BC - 217 BC. 1944.100.1974","image_urls":["http://numismatics.org/collectionimages/19001949/1944/1944.100.1974.rev.width350.jpg"]},{"from":-300,"to":-200,"title":"Bronze Coin, Callatis, 300 BC - 200 BC. 1957.52.52","image_urls":["http://numismatics.org/collectionimages/19501999/1957/1957.52.52.rev.width350.jpg"]},{"from":-300,"to":-200,"title":"Bronze Coin, Callatis, 300 BC - 200 BC. 1957.52.67","image_urls":["http://numismatics.org/collectionimages/19501999/1957/1957.52.67.rev.width350.jpg"]},{"from":-300,"to":-200,"title":"Bronze uncertain, Tenos, 300 BC - 200 BC. 1944.100.27981","image_urls":["http://numismatics.org/collectionimages/19001949/1944/1944.100.27981.rev.width350.jpg"]},{"from":-300,"to":-200,"title":"Bronze Coin, Callatis, 300 BC - 200 BC. 1957.52.87","image_urls":["http://numismatics.org/collectionimages/19501999/1957/1957.52.87.rev.width350.jpg"]},{"from":-300,"to":-200,"title":"Bronze Coin, Callatis, 300 BC - 200 BC. 1957.52.51","image_urls":["http://numismatics.org/collectionimages/19501999/1957/1957.52.51.rev.width350.jpg"]},{"from":-300,"to":-200,"title":"Bronze Coin, Callatis, 300 BC - 200 BC. 1957.52.103","image_urls":["http://numismatics.org/collectionimages/19501999/1957/1957.52.103.rev.width350.jpg"]},{"from":-300,"to":-298,"title":"Bronze Denomination C (unit) of Seleucus I, Susa, 300 BC - 298 BC. 1944.100.44864","image_urls":["http://numismatics.org/collectionimages/19001949/1944/1944.100.44864.rev.width350.jpg"]},{"from":-300,"to":-264,"title":"Bronze Coin, Carthage, 300 BC - 264 BC. 1991.3.692","image_urls":["http://numismatics.org/collectionimages/19501999/1991/1991.3.692.rev.width350.jpg"]},{"from":-300,"to":-200,"title":"Bronze Coin, Callatis, 300 BC - 200 BC. 1957.52.109","image_urls":["http://numismatics.org/collectionimages/19501999/1957/1957.52.109.rev.width350.jpg"]},{"from":-300,"to":-200,"title":"Silver Coin, Tyre, 300 BC - 200 BC. 1944.100.72729","image_urls":["http://numismatics.org/collectionimages/19001949/1944/1944.100.72729.rev.width350.jpg"]},{"from":-300,"to":-298,"title":"Bronze Denomination C (unit) of Seleucus I, Susa, 300 BC - 298 BC. 1944.100.44867","image_urls":["http://numismatics.org/collectionimages/19001949/1944/1944.100.44867.rev.width350.jpg"]},{"from":-300,"to":-200,"title":"Bronze Coin, Callatis, 300 BC - 200 BC. 1957.52.110","image_urls":["http://numismatics.org/collectionimages/19501999/1957/1957.52.110.rev.width350.jpg"]},{"from":-300,"to":-200,"title":"Bronze Coin, Callatis, 300 BC - 200 BC. 1957.52.125","image_urls":["http://numismatics.org/collectionimages/19501999/1957/1957.52.125.rev.width350.jpg"]},{"from":-300,"to":-295,"title":"Silver stater, Syracuse, 300 BC - 295 BC. 1997.9.99","image_urls":["http://numismatics.org/collectionimages/19501999/1997/1997.9.99.rev.width350.jpg"]},{"from":-300,"to":-200,"title":"Bronze uncertain, Thera, 300 BC - 200 BC. 1944.100.28003","image_urls":["http://numismatics.org/collectionimages/19001949/1944/1944.100.28003.rev.width350.jpg"]},{"from":-300,"to":-200,"title":"Bronze Coin, Callatis, 300 BC - 200 BC. 1957.52.76","image_urls":["http://numismatics.org/collectionimages/19501999/1957/1957.52.76.rev.width350.jpg"]},{"from":-300,"to":-200,"title":"Bronze Coin, Callatis, 300 BC - 200 BC. 1957.52.72","image_urls":["http://numismatics.org/collectionimages/19501999/1957/1957.52.72.rev.width350.jpg"]},{"from":-300,"to":-200,"title":"Bronze Coin, Callatis, 300 BC - 200 BC. 1957.52.69","image_urls":["http://numismatics.org/collectionimages/19501999/1957/1957.52.69.rev.width350.jpg"]},{"from":-300,"to":-200,"title":"Bronze Coin, Callatis, 300 BC - 200 BC. 1957.52.81","image_urls":["http://numismatics.org/collectionimages/19501999/1957/1957.52.81.rev.width350.jpg"]},{"from":-300,"to":-250,"title":"Bronze Coin, Neapolis, 300 BC - 250 BC. 1997.9.148","image_urls":["http://numismatics.org/collectionimages/19501999/1997/1997.9.148.rev.width350.jpg"]},{"from":-300,"to":-200,"title":"Bronze Coin, Callatis, 300 BC - 200 BC. 1957.52.89","image_urls":["http://numismatics.org/collectionimages/19501999/1957/1957.52.89.rev.width350.jpg"]},{"from":-300,"to":-100,"title":"Silver drachm, Itanus, 300 BC - 100 BC. 1944.100.40650","image_urls":["http://numismatics.org/collectionimages/19001949/1944/1944.100.40650.rev.width350.jpg"]},{"from":-300,"to":-200,"title":"Bronze uncertain, Tenos, 300 BC - 200 BC. 1958.206.52","image_urls":["http://numismatics.org/collectionimages/19501999/1958/1958.206.52.rev.width350.jpg"]},{"from":-300,"to":-200,"title":"Bronze Coin, Callatis, 300 BC - 200 BC. 1957.52.123","image_urls":["http://numismatics.org/collectionimages/19501999/1957/1957.52.123.rev.width350.jpg"]},{"from":-300,"to":-200,"title":"Bronze uncertain, Thera, 300 BC - 200 BC. 1944.100.28001","image_urls":["http://numismatics.org/collectionimages/19001949/1944/1944.100.28001.rev.width350.jpg"]},{"from":-300,"to":-200,"title":"Bronze Coin, Callatis, 300 BC - 200 BC. 1957.52.80","image_urls":["http://numismatics.org/collectionimages/19501999/1957/1957.52.80.rev.width350.jpg"]},{"from":-300,"to":-200,"title":"Bronze Coin, Callatis, 300 BC - 200 BC. 1957.52.83","image_urls":["http://numismatics.org/collectionimages/19501999/1957/1957.52.83.rev.width350.jpg"]},{"from":-300,"to":-280,"title":"Silver 4 drachm (tetradrachm), Athens, 300 BC - 280 BC. 1932.12.9","image_urls":["http://numismatics.org/collectionimages/19001949/1932/1932.12.9.rev.width350.jpg"]},{"from":-300,"to":-298,"title":"Bronze Denomination C (unit) of Seleucus I, Susa, 300 BC - 298 BC. 1944.100.44866","image_urls":["http://numismatics.org/collectionimages/19001949/1944/1944.100.44866.rev.width350.jpg"]},{"from":-300,"to":-217,"title":"Silver 10 scruples, Populonia, 300 BC - 217 BC. 1949.100.8","image_urls":["http://numismatics.org/collectionimages/19001949/1949/1949.100.8.rev.width350.jpg"]},{"from":-300,"to":-200,"title":"Bronze Coin, Callatis, 300 BC - 200 BC. 1957.52.77","image_urls":["http://numismatics.org/collectionimages/19501999/1957/1957.52.77.rev.width350.jpg"]},{"from":-300,"to":-200,"title":"Bronze Coin, Callatis, 300 BC - 200 BC. 1957.52.108","image_urls":["http://numismatics.org/collectionimages/19501999/1957/1957.52.108.rev.width350.jpg"]},{"from":-300,"to":-280,"title":"Silver 4 drachm (tetradrachm), Athens, 300 BC - 280 BC. 1944.100.24421","image_urls":["http://numismatics.org/collectionimages/19001949/1944/1944.100.24421.rev.width350.jpg"]},{"from":-300,"to":-298,"title":"Bronze Denomination C (unit) of Seleucus I, Susa, 300 BC - 298 BC. 1944.100.44863","image_urls":["http://numismatics.org/collectionimages/19001949/1944/1944.100.44863.rev.width350.jpg"]},{"from":-300,"to":-200,"title":"Bronze uncertain, Tenos, 300 BC - 200 BC. 1944.100.27988","image_urls":["http://numismatics.org/collectionimages/19001949/1944/1944.100.27988.rev.width350.jpg"]},{"from":-300,"to":-200,"title":"Bronze Coin, Callatis, 300 BC - 200 BC. 1957.52.74","image_urls":["http://numismatics.org/collectionimages/19501999/1957/1957.52.74.rev.width350.jpg"]},{"from":-300,"to":-200,"title":"Bronze uncertain, Tenos, 300 BC - 200 BC. 1941.131.609","image_urls":["http://numismatics.org/collectionimages/19001949/1941/1941.131.609.rev.width350.jpg"]},{"from":-300,"to":-200,"title":"Bronze uncertain, Tenos, 300 BC - 200 BC. 1944.100.27982","image_urls":["http://numismatics.org/collectionimages/19001949/1944/1944.100.27982.rev.width350.jpg"]},{"from":-300,"to":-298,"title":"Bronze Denomination C (unit) of Seleucus I, Susa, 300 BC - 298 BC. 1944.100.44865","image_urls":["http://numismatics.org/collectionimages/19001949/1944/1944.100.44865.rev.width350.jpg"]},{"from":-300,"to":-200,"title":"Bronze Coin, Carthage, 300 BC - 200 BC. 1995.900.22","image_urls":["http://numismatics.org/collectionimages/19501999/1995/1995.900.22.rev.width350.jpg"]},{"from":-300,"to":-200,"title":"Bronze uncertain, Tenos, 300 BC - 200 BC. 1944.100.27987","image_urls":["http://numismatics.org/collectionimages/19001949/1944/1944.100.27987.rev.width350.jpg"]},{"from":-300,"to":-200,"title":"Bronze Coin, Cherronesus, 300 BC - 200 BC. 1944.100.14370","image_urls":["http://numismatics.org/collectionimages/19001949/1944/1944.100.14370.rev.width350.jpg"]}]