[{"from":-301,"to":-101,"title":"SUSS-D39461: A coin with an unrecorded/uncertain issuer.","image_urls":["https://finds.org.uk/images/djones/SUSS-D39461.jpg"]},{"from":-301,"to":-190,"title":"Bronze Coin, Chios, 301 BC - 190 BC. 1944.100.47186","image_urls":["http://numismatics.org/collectionimages/19001949/1944/1944.100.47186.rev.width350.jpg"]},{"from":-301,"to":-190,"title":"Bronze Coin, Chios, 301 BC - 190 BC. 1944.100.47194","image_urls":["http://numismatics.org/collectionimages/19001949/1944/1944.100.47194.rev.width350.jpg"]},{"from":-301,"to":-296,"title":"Silver Drachm of Alexander III, Lampsacus, 301 BC - 296 BC. 1944.100.84388","image_urls":["http://numismatics.org/collectionimages/19001949/1944/1944.100.84388.rev.width350.jpg"]},{"from":-301,"to":-190,"title":"Bronze Coin, Chios, 301 BC - 190 BC. 1953.171.767","image_urls":["http://numismatics.org/collectionimages/19501999/1953/1953.171.767.rev.width350.jpg"]},{"from":-301,"to":-296,"title":"Silver 4 drachm (tetradrachm) of Alexander III, Lampsacus, 301 BC - 296 BC. 1948.19.896","image_urls":["http://numismatics.org/collectionimages/19001949/1948/1948.19.896.rev.width350.jpg"]},{"from":-301,"to":-190,"title":"Bronze Coin, Chios, 301 BC - 190 BC. 1944.100.47193","image_urls":["http://numismatics.org/collectionimages/19001949/1944/1944.100.47193.rev.width350.jpg"]},{"from":-301,"to":-190,"title":"Bronze Coin, Chios, 301 BC - 190 BC. 1944.100.47187","image_urls":["http://numismatics.org/collectionimages/19001949/1944/1944.100.47187.rev.width350.jpg"]},{"from":-301,"to":-281,"title":"Bronze Coin, Alexandreia Troas, 301 BC - 281 BC. 1944.100.43638","image_urls":["http://numismatics.org/collectionimages/19001949/1944/1944.100.43638.rev.width350.jpg"]},{"from":-301,"to":-296,"title":"Silver 4 drachm (tetradrachm) of Alexander III, Lampsacus, 301 BC - 296 BC. 1949.152.2","image_urls":["http://numismatics.org/collectionimages/19001949/1949/1949.152.2.rev.width350.jpg"]},{"from":-301,"to":-297,"title":"Gold Stater of Lysimachus, Sardes, 301 BC - 297 BC. 1944.100.31025","image_urls":["http://numismatics.org/collectionimages/19001949/1944/1944.100.31025.rev.width350.jpg"]},{"from":-301,"to":-190,"title":"Bronze Coin, Chios, 301 BC - 190 BC. 1944.100.47191","image_urls":["http://numismatics.org/collectionimages/19001949/1944/1944.100.47191.rev.width350.jpg"]},{"from":-301,"to":-190,"title":"Bronze Coin, Chios, 301 BC - 190 BC. 1944.100.47188","image_urls":["http://numismatics.org/collectionimages/19001949/1944/1944.100.47188.rev.width350.jpg"]},{"from":-301,"to":-296,"title":"Silver Drachm of Alexander III, Lampsacus, 301 BC - 296 BC. 1944.100.84390","image_urls":["http://numismatics.org/collectionimages/19001949/1944/1944.100.84390.rev.width350.jpg"]},{"from":-301,"to":-190,"title":"Bronze Coin, Chios, 301 BC - 190 BC. 1944.100.47190","image_urls":["http://numismatics.org/collectionimages/19001949/1944/1944.100.47190.rev.width350.jpg"]},{"from":-301,"to":-296,"title":"Silver 4 drachm (tetradrachm) of Alexander III, Lampsacus, 301 BC - 296 BC. 1951.113.1","image_urls":["http://numismatics.org/collectionimages/19501999/1951/1951.113.1.rev.width350.jpg"]},{"from":-301,"to":-190,"title":"Bronze Coin, Chios, 301 BC - 190 BC. 1895.33.5","image_urls":["http://numismatics.org/collectionimages/00001899/1895/1895.33.5.rev.width350.jpg"]},{"from":-301,"to":-300,"title":"Silver hemidrachm, Aradus, 301 BC - 300 BC. 1944.100.34961","image_urls":["http://numismatics.org/collectionimages/19001949/1944/1944.100.34961.rev.width350.jpg"]},{"from":-301,"to":-296,"title":"Silver Drachm of Alexander III, Lampsacus, 301 BC - 296 BC. 1944.100.84389","image_urls":["http://numismatics.org/collectionimages/19001949/1944/1944.100.84389.rev.width350.jpg"]},{"from":-301,"to":-190,"title":"Bronze Coin, Chios, 301 BC - 190 BC. 1944.100.47195","image_urls":["http://numismatics.org/collectionimages/19001949/1944/1944.100.47195.rev.width350.jpg"]},{"from":-301,"to":-190,"title":"Bronze Coin, Chios, 301 BC - 190 BC. 1944.100.47189","image_urls":["http://numismatics.org/collectionimages/19001949/1944/1944.100.47189.rev.width350.jpg"]},{"from":-301,"to":-297,"title":"Silver 4 drachm (tetradrachm) of Alexander III, Sardes, 301 BC - 297 BC. 1944.100.45118","image_urls":["http://numismatics.org/collectionimages/19001949/1944/1944.100.45118.rev.width350.jpg"]},{"from":-301,"to":-190,"title":"Bronze Coin, Chios, 301 BC - 190 BC. 1944.100.47192","image_urls":["http://numismatics.org/collectionimages/19001949/1944/1944.100.47192.rev.width350.jpg"]},{"from":-301,"to":-296,"title":"Silver 4 drachm (tetradrachm) of Alexander III, Lampsacus, 301 BC - 296 BC. 1951.92.1","image_urls":["http://numismatics.org/collectionimages/19501999/1951/1951.92.1.rev.width350.jpg"]}]