[{"from":1,"to":200,"title":"HAMP-B68B2C: A coin issued by Uncertain - 1st/2nd Century AD","image_urls":["https://finds.org.uk/images/khindshamp/HAMPB68B2C.jpg"]},{"from":1,"to":275,"title":"BH-5A5B6B: A coin issued by Uncertain - 1st-mid 3rd century","image_urls":["https://finds.org.uk/images/jwatters/Roman_coin_14_108_12.jpg"]},{"from":1,"to":250,"title":"SUSS-17BB0D: A coin issued by Uncertain - 1st-mid 3rd century","image_urls":["https://finds.org.uk/images/lwalker/SUSS-17BB0D.jpg"]},{"from":1,"to":250,"title":"SUSS-5EBF64: A coin issued by Uncertain - 1st-mid 3rd century","image_urls":["https://finds.org.uk/images/lwalker/SUSS-5EBF64.jpg"]},{"from":1,"to":300,"title":"WMID-B0A519: A coin issued by Uncertain - 1st-mid 3rd century","image_urls":["https://finds.org.uk/images/tgilmore/WMID-B0A519.jpg"]},{"from":1,"to":250,"title":"SUSS-5EFF9D: A coin issued by Uncertain - 1st-mid 3rd century","image_urls":["https://finds.org.uk/images/lwalker/SUSS-5EFF9D.jpg"]},{"from":1,"to":300,"title":"WMID-9E9FA4: A coin issued by Uncertain - 1st-mid 3rd century","image_urls":["https://finds.org.uk/images/tgilmore/WMID9E9FA4.jpg"]},{"from":1,"to":250,"title":"SUSS-FCF25E: A coin issued by Uncertain - 1st-mid 3rd century","image_urls":["https://finds.org.uk/images/stephaniesmith/SUSSFCF25E.jpg"]},{"from":1,"to":250,"title":"SUSS-FD233E: A coin issued by Uncertain - 1st-mid 3rd century","image_urls":["https://finds.org.uk/images/stephaniesmith/SUSS-FD233E.jpg"]},{"from":1,"to":200,"title":"WMID-301230: A coin issued by Uncertain - 1st-mid 3rd century","image_urls":["https://finds.org.uk/images/tgilmore/WMID-301230.jpg"]},{"from":1,"to":40,"title":"SF-EB6D67: A coin issued by Cunobelin","image_urls":["https://finds.org.uk/images/jplouviez/WFL015SF-EB6D67.jpg"]},{"from":1,"to":250,"title":"SUSS-D10400: A coin issued by Uncertain - 1st-mid 3rd century","image_urls":["https://finds.org.uk/images/stephaniesmith/SUSS-D10400.jpg"]},{"from":1,"to":42,"title":"SF-4876EE: A coin issued by Cunobelin","image_urls":["https://finds.org.uk/images/abrown/EXG_SF-4876EE.jpg"]},{"from":1,"to":43,"title":"SF-813F85: A coin issued by Cunobelin","image_urls":["https://finds.org.uk/images/abrown/LVM_SF-813F85.jpg"]},{"from":1,"to":250,"title":"SUSS-97952D: A coin issued by Uncertain - 1st-mid 3rd century","image_urls":["https://finds.org.uk/images/stephaniesmith/SUSS-97952D.jpg"]},{"from":1,"to":250,"title":"SUSS-78B8EF: A coin issued by Uncertain - 1st-mid 3rd century","image_urls":["https://finds.org.uk/images/stephaniesmith/SUSS-78B8EF.jpg"]},{"from":1,"to":250,"title":"WMID-7CCC9C: A coin issued by Uncertain - 1st-mid 3rd century","image_urls":["https://finds.org.uk/images/tgilmore/WMID7CCC9C.jpg"]},{"from":1,"to":250,"title":"SUSS-688556: A coin issued by Uncertain - 1st-mid 3rd century","image_urls":["https://finds.org.uk/images/lwalker/SUSS-688556.jpg"]},{"from":1,"to":250,"title":"SUSS-DB4CF6: A coin issued by Uncertain - 1st-mid 3rd century","image_urls":["https://finds.org.uk/images/lburnett/SUSS-DB4CF6.jpg"]},{"from":1,"to":40,"title":"SF-4576A6: A coin issued by Cunobelin","image_urls":["https://finds.org.uk/images/jcarr/BKY%20SF-4576A6.jpg"]},{"from":1,"to":250,"title":"WMID-7CA113: A coin issued by Uncertain - 1st-mid 3rd century","image_urls":["https://finds.org.uk/images/tgilmore/WMID7CA113.jpg"]},{"from":1,"to":250,"title":"SUSS-F50B40: A coin issued by Uncertain - 1st-mid 3rd century","image_urls":["https://finds.org.uk/images/stephaniesmith/SUSSF50B40.jpg"]},{"from":1,"to":250,"title":"SUSS-5A4B13: A coin issued by Uncertain - 1st-mid 3rd century","image_urls":["https://finds.org.uk/images/stephaniesmith/SUSS-5A4B13.jpg"]},{"from":1,"to":250,"title":"LVPL-DA94E0: A coin issued by Uncertain - 1st-mid 3rd century","image_urls":["https://finds.org.uk/images/voakden/LVPL-DA94E0.JPG"]},{"from":1,"to":250,"title":"PUBLIC-58CCC4: A coin issued by Uncertain - 1st-mid 3rd century","image_urls":["https://finds.org.uk/images/32midhurst/Sesterius%20%28640x343%29.jpg"]},{"from":1,"to":250,"title":"LVPL-A91246: A coin issued by Uncertain - 1st-mid 3rd century","image_urls":["https://finds.org.uk/images/voakden/LVPL-A91246.JPG"]},{"from":1,"to":200,"title":"WMID-D60F94: A coin issued by Uncertain - 1st-mid 3rd century","image_urls":["https://finds.org.uk/images/tgilmore/WMID-D60F94.jpg"]},{"from":1,"to":300,"title":"WMID-1D7F81: A coin issued by Uncertain - 1st-mid 3rd century","image_urls":["https://finds.org.uk/images/tgilmore/WMID-1D7F81.jpg"]},{"from":1,"to":250,"title":"LVPL-F91165: A coin issued by Uncertain - 1st-mid 3rd century","image_urls":["https://finds.org.uk/images/voakden/LVPL-F91165.jpg"]},{"from":1,"to":40,"title":"SUR-E989C1: A coin issued by Cunobelin","image_urls":["https://finds.org.uk/images/dwilliams/07.620.JPG"]},{"from":1,"to":250,"title":"SUSS-CC10E1: A coin issued by Uncertain - 1st-mid 3rd century","image_urls":["https://finds.org.uk/images/stephaniesmith/SUSS-CC10E1.jpg"]},{"from":1,"to":250,"title":"KENT-15E6E5: A coin issued by Uncertain - 1st-mid 3rd century","image_urls":["https://finds.org.uk/images/karend1/KENT-15E6E5.jpg"]},{"from":1,"to":250,"title":"SUSS-041A91: A coin issued by Uncertain - 1st-mid 3rd century","image_urls":["https://finds.org.uk/images/stephaniesmith/SUSS-041A91DorAUncertain.jpg"]},{"from":1,"to":40,"title":"LVPL23: A coin issued by Cunobelin","image_urls":["https://finds.org.uk/images/nherepath/lvpl23.jpg"]},{"from":1,"to":250,"title":"LVPL-714851: A coin issued by Uncertain - 1st-mid 3rd century","image_urls":["https://finds.org.uk/images/voakden/LVPL-714851.JPG"]},{"from":1,"to":250,"title":"WAW-9DA72A: A coin issued by Uncertain - 1st-mid 3rd century","image_urls":["https://finds.org.uk/images/abolton/WAW-9DA72A.jpg"]},{"from":1,"to":250,"title":"SUSS-864621: A coin issued by Uncertain - 1st-mid 3rd century","image_urls":["https://finds.org.uk/images/lwalker/SUSS-864621.jpg"]},{"from":1,"to":250,"title":"SUSS-5A2774: A coin issued by Uncertain - 1st-mid 3rd century","image_urls":["https://finds.org.uk/images/stephaniesmith/SUSS-5A2774.jpg"]},{"from":1,"to":250,"title":"KENT-821B18: A coin issued by Uncertain - 1st-mid 3rd century","image_urls":["https://finds.org.uk/images/karend1/KENT-821B18.jpg"]},{"from":1,"to":42,"title":"SF-5F6E40: A coin issued by Cunobelin","image_urls":["https://finds.org.uk/images/jplouviez/WKS003SF-5F6E40.JPG"]},{"from":1,"to":200,"title":"SUSS-F207B5: A coin issued by Uncertain - 1st/2nd Century AD","image_urls":["https://finds.org.uk/images/stephaniesmith/SUSSF207B5.jpg"]},{"from":1,"to":43,"title":"SUR-8F655D: A coin issued by Verica","image_urls":["https://finds.org.uk/images/dwilliams/B15274.JPG"]},{"from":1,"to":250,"title":"DENO-8510F7: A coin issued by Uncertain - 1st-mid 3rd century","image_urls":["https://finds.org.uk/images/cburrill2/E7881_Dupondius.jpg"]},{"from":1,"to":260,"title":"NLM-67F3A1: A coin issued by Uncertain - 1st-mid 3rd century","image_urls":["https://finds.org.uk/images/mforeman/NLM27466.jpg"]},{"from":1,"to":250,"title":"LVPL-130974: A coin issued by Uncertain - 1st-mid 3rd century","image_urls":["https://finds.org.uk/images/voakden/LVPL-130974.JPG"]},{"from":1,"to":250,"title":"LVPL-F8F3F1: A coin issued by Uncertain - 1st-mid 3rd century","image_urls":["https://finds.org.uk/images/voakden/LVPL-F8F3F1.jpg"]},{"from":1,"to":200,"title":"WMID-D5F863: A coin issued by Uncertain - 1st-mid 3rd century","image_urls":["https://finds.org.uk/images/tgilmore/wmid-d5f863.jpg"]},{"from":1,"to":250,"title":"SUSS-998421: A coin issued by Uncertain - 1st-mid 3rd century","image_urls":["https://finds.org.uk/images/stephaniesmith/SUSS-998421.jpg"]},{"from":1,"to":250,"title":"WMID-7CEF44: A coin issued by Uncertain - 1st-mid 3rd century","image_urls":["https://finds.org.uk/images/tgilmore/WMID7CEF44.jpg"]},{"from":1,"to":250,"title":"SUSS-17AAA4: A coin issued by Uncertain - 1st-mid 3rd century","image_urls":["https://finds.org.uk/images/lwalker/SUSS-17AAA4.jpg"]},{"from":1,"to":40,"title":"SF-494084: A coin issued by Cunobelin","image_urls":["https://finds.org.uk/images/jplouviez/COL%20SF-494084.jpg"]},{"from":1,"to":10,"title":"BERK-A22111: A coin issued by RVES","image_urls":["https://finds.org.uk/images/abyard/2011409.jpg"]},{"from":1,"to":200,"title":"WMID-1C0583: A coin issued by Uncertain - 1st-mid 3rd century","image_urls":["https://finds.org.uk/images/tgilmore/WMID-1C0583.jpg"]},{"from":1,"to":250,"title":"SUSS-865F5A: A coin issued by Uncertain - 1st-mid 3rd century","image_urls":["https://finds.org.uk/images/stephaniesmith/SUSS-865F5A.jpg"]},{"from":1,"to":50,"title":"HAMP-9FA9F4: A coin issued by Julio-Claudian (uncertain)","image_urls":["https://finds.org.uk/images/rwebley/HAMP-9FA9F4Julio-Claudianas.jpg"]},{"from":1,"to":250,"title":"SUSS-A53DF7: A coin issued by Uncertain - 1st-mid 3rd century","image_urls":["https://finds.org.uk/images/stephaniesmith/SUSS-A53DF7.jpg"]},{"from":1,"to":250,"title":"LVPL-F8B882: A coin issued by Uncertain - 1st-mid 3rd century","image_urls":["https://finds.org.uk/images/voakden/LVPL-F8B882.jpg"]},{"from":1,"to":250,"title":"DENO-3C39E1: A coin issued by Uncertain - 1st-mid 3rd century","image_urls":["https://finds.org.uk/images/helenglenn3/DENO3C39E1.jpg"]},{"from":1,"to":200,"title":"BH-625167: A coin issued by Uncertain - 1st/2nd Century AD","image_urls":["https://finds.org.uk/images/jwatters/Roman_coin_13_56_8.jpg"]},{"from":1,"to":250,"title":"LVPL-F84F42: A coin issued by Uncertain - 1st-mid 3rd century","image_urls":["https://finds.org.uk/images/voakden/LVPL-F84F42.jpg"]},{"from":1,"to":250,"title":"WMID-48567F: A coin issued by Uncertain - 1st-mid 3rd century","image_urls":["https://finds.org.uk/images/tgilmore/WMID48567F.jpg"]},{"from":1,"to":250,"title":"LVPL-C62292: A coin issued by Uncertain - 1st-mid 3rd century","image_urls":["https://finds.org.uk/images/voakden/LVPL-C62292.jpg"]},{"from":1,"to":250,"title":"SUSS-CC0011: A coin issued by Uncertain - 1st-mid 3rd century","image_urls":["https://finds.org.uk/images/stephaniesmith/SUSS-CC0011.jpg"]},{"from":1,"to":300,"title":"WMID-1C930E: A coin issued by Uncertain - 1st-mid 3rd century","image_urls":["https://finds.org.uk/images/tgilmore/WMID-1C930E.jpg"]},{"from":1,"to":300,"title":"DENO-A31E34: A coin issued by Uncertain - 1st-mid 3rd century","image_urls":["https://finds.org.uk/images/helenglenn3/DENOA31E34.jpg"]},{"from":1,"to":200,"title":"WMID-890E42: A coin issued by Uncertain - 1st-mid 3rd century","image_urls":["https://finds.org.uk/images/tgilmore/WMID-890E42.jpg"]},{"from":1,"to":250,"title":"SUSS-977282: A coin issued by Uncertain - 1st-mid 3rd century","image_urls":["https://finds.org.uk/images/stephaniesmith/SUSS-977282.jpg"]},{"from":1,"to":250,"title":"SUSS-A25147: A coin issued by Uncertain - 1st-mid 3rd century","image_urls":["https://finds.org.uk/images/stephaniesmith/SUSSA25147.jpg"]},{"from":1,"to":250,"title":"WMID-6B220F: A coin with an unrecorded/uncertain issuer.","image_urls":["https://finds.org.uk/images/tgilmore/WMID-6B220F.jpg"]},{"from":1,"to":250,"title":"WMID-1156A1: A coin issued by Faustina II under Antoninus Pius","image_urls":["https://finds.org.uk/images/tgilmore/WMID-1156A1.jpg"]},{"from":1,"to":25,"title":"SF-4BF1A3: A coin issued by Cunobelin","image_urls":["https://finds.org.uk/images/jplouviez/COL%20SF-4BF1A3.jpg"]},{"from":1,"to":250,"title":"SUSS-FCE393: A coin issued by Uncertain - 1st-mid 3rd century","image_urls":["https://finds.org.uk/images/carolinechestnutt/SUSS-FCE393.jpg"]},{"from":1,"to":40,"title":"SF-584425: A coin issued by Cunobelin","image_urls":["https://finds.org.uk/images/jplouviez/COMSF-584425.JPG"]},{"from":1,"to":250,"title":"WMID-7CBE01: A coin issued by Uncertain - 1st-mid 3rd century","image_urls":["https://finds.org.uk/images/tgilmore/WMID7CBE01.jpg"]},{"from":1,"to":200,"title":"WMID-D61E06: A coin issued by Uncertain - 1st-mid 3rd century","image_urls":["https://finds.org.uk/images/tgilmore/WMID-D61E06.jpg"]},{"from":1,"to":250,"title":"SUSS-6875B6: A coin issued by Uncertain - 1st-mid 3rd century","image_urls":["https://finds.org.uk/images/lwalker/SUSS-6875B6.jpg"]},{"from":1,"to":250,"title":"LVPL-F902C5: A coin issued by Uncertain - 1st-mid 3rd century","image_urls":["https://finds.org.uk/images/voakden/LVPL-F902C5.jpg"]},{"from":1,"to":120,"title":"HESH-17D441: A coin issued by Uncertain - 1st/2nd Century AD","image_urls":["https://finds.org.uk/images/preavill/HESH-17D441.jpg"]},{"from":1,"to":200,"title":"WMID-88FE21: A coin issued by Uncertain - 1st-mid 3rd century","image_urls":["https://finds.org.uk/images/tgilmore/WMID-88FE21.jpg"]},{"from":1,"to":42,"title":"SF-17C65B: A coin issued by Cunobelin","image_urls":["https://finds.org.uk/images/gstewart/Great%20Maplestead_SF-17C65B.jpg"]},{"from":1,"to":200,"title":"HAMP-7FD374: A coin issued by Uncertain - 1st/2nd Century AD","image_urls":["https://finds.org.uk/images/khindshamp/HAMP-7FD374.jpg"]},{"from":1,"to":43,"title":"SF-B26EE0: A coin issued by Cunobelin","image_urls":["https://finds.org.uk/images/abrown/KDG_SF-B26EE0.jpg"]},{"from":1,"to":42,"title":"SF-09E354: A coin issued by Cunobelin","image_urls":["https://finds.org.uk/images/jplouviez/BUTSF-09E354.JPG"]},{"from":1,"to":250,"title":"LVPL-F8E5E6: A coin issued by Uncertain - 1st-mid 3rd century","image_urls":["https://finds.org.uk/images/voakden/LVPL-F8E5E6.jpg"]},{"from":1,"to":40,"title":"CAM-CD5F58: A coin issued by Cunobelin","image_urls":["https://finds.org.uk/images/hfowler/CAMCD5F58.jpg"]},{"from":1,"to":250,"title":"SUSS-506479: A coin issued by Uncertain - 1st-mid 3rd century","image_urls":["https://finds.org.uk/images/stephaniesmith/SUSS506479.jpg"]},{"from":1,"to":250,"title":"SUSS-A3FB7E: A coin issued by Uncertain - 1st-mid 3rd century","image_urls":["https://finds.org.uk/images/stephaniesmith/SUSSA3FB7E.jpg"]},{"from":1,"to":260,"title":"WMID-2B5596: A coin issued by Uncertain - 1st-mid 3rd century","image_urls":["https://finds.org.uk/images/tgilmore/WMID-2B5596a.jpg"]},{"from":1,"to":40,"title":"SF-207E01: A coin issued by Cunobelin","image_urls":["https://finds.org.uk/images/jplouviez/WFL015SF-207E01.jpg"]},{"from":1,"to":250,"title":"SUSS-2C7EDF: A coin issued by Uncertain - 1st-mid 3rd century","image_urls":["https://finds.org.uk/images/stephaniesmith/SUSS2C7EDF.jpg"]},{"from":1,"to":250,"title":"KENT-1155E6: A coin issued by Uncertain - 1st-mid 3rd century","image_urls":["https://finds.org.uk/images/karend1/KENT-1155E6.jpg"]},{"from":1,"to":250,"title":"SUSS-5ECD5C: A coin issued by Uncertain - 1st-mid 3rd century","image_urls":["https://finds.org.uk/images/lwalker/SUSS-5ECD5C.jpg"]},{"from":1,"to":300,"title":"WMID-1B06AB: A coin issued by Uncertain - 1st-mid 3rd century","image_urls":["https://finds.org.uk/images/tgilmore/WMID-1B06AB.jpg"]},{"from":1,"to":250,"title":"SUSS-22B994: A coin issued by Uncertain - 1st-mid 3rd century","image_urls":["https://finds.org.uk/images/stephaniesmith/SUSS-22B994.jpg"]},{"from":1,"to":250,"title":"WMID-4FFB87: A coin issued by Uncertain - 1st-mid 3rd century","image_urls":["https://finds.org.uk/images/tgilmore/wmid-4ffb87.jpg"]},{"from":1,"to":260,"title":"WMID-2A67D4: A coin issued by Uncertain - 1st-mid 3rd century","image_urls":["https://finds.org.uk/images/tgilmore/WMID2A67D4.jpg"]},{"from":1,"to":200,"title":"WMID-1BF666: A coin issued by Uncertain - 1st-mid 3rd century","image_urls":["https://finds.org.uk/images/tgilmore/WMID-1BF666.jpg"]},{"from":1,"to":250,"title":"SUSS-F2B03D: A coin issued by Uncertain - 1st-mid 3rd century","image_urls":["https://finds.org.uk/images/stephaniesmith/SUSS-F2B03D.jpg"]},{"from":1,"to":40,"title":"SF-205962: A coin issued by Cunobelin","image_urls":["https://finds.org.uk/images/jplouviez/WFL015SF-205962.jpg"]},{"from":1,"to":250,"title":"SUSS-0CB74E: A coin issued by Uncertain - 1st-mid 3rd century","image_urls":["https://finds.org.uk/images/stephaniesmith/SUSS0CB74E.jpg"]},{"from":1,"to":260,"title":"LVPL-AF01D6: A coin issued by Uncertain - 1st-mid 3rd century","image_urls":["https://finds.org.uk/images/voakden/LVPL-AF01D6.jpg"]},{"from":1,"to":250,"title":"KENT-4BD181: A coin issued by Uncertain - 1st-mid 3rd century","image_urls":["https://finds.org.uk/images/karend1/KENT-4BD181.jpg"]},{"from":1,"to":200,"title":"HAMP-7FA0B6: A coin issued by Uncertain - 1st/2nd Century AD","image_urls":["https://finds.org.uk/images/khindshamp/HAMP-7FA0B6.jpg"]},{"from":1,"to":250,"title":"SUSS-377B13: A coin issued by Uncertain - 1st-mid 3rd century","image_urls":["https://finds.org.uk/images/stephaniesmith/SUSS-377B13.jpg"]},{"from":1,"to":250,"title":"WMID-7CAF9B: A coin issued by Uncertain - 1st-mid 3rd century","image_urls":["https://finds.org.uk/images/tgilmore/WMID7CAF9B.jpg"]},{"from":1,"to":250,"title":"LVPL-6C8196: A coin issued by Uncertain - 1st-mid 3rd century","image_urls":["https://finds.org.uk/images/voakden/LVPL-6C8196.JPG"]},{"from":1,"to":250,"title":"WMID-7C8A5C: A coin issued by Uncertain - 1st-mid 3rd century","image_urls":["https://finds.org.uk/images/tgilmore/WMID7C8A5C.jpg"]},{"from":1,"to":260,"title":"LVPL-027227: A coin issued by Uncertain - 1st-mid 3rd century","image_urls":["https://finds.org.uk/images/voakden/LVPL-027227.jpg"]},{"from":1,"to":100,"title":"WILT-9C9827: A coin issued by Domitian","image_urls":["https://finds.org.uk/images/khinds/Riddle0208dupondius.jpg"]},{"from":1,"to":250,"title":"SUSS-D0F4C1: A coin issued by Uncertain - 1st-mid 3rd century","image_urls":["https://finds.org.uk/images/stephaniesmith/SUSS-D0F4C1.jpg"]},{"from":1,"to":250,"title":"WMID-CAED2A: A coin issued by Uncertain - 1st-mid 3rd century","image_urls":["https://finds.org.uk/images/tgilmore/WMIDCAED2A.jpg"]},{"from":1,"to":40,"title":"SF-98DB73: A coin issued by Cunobelin","image_urls":["https://finds.org.uk/images/jplouviez/IslehamSF-98DB73.jpg"]},{"from":1,"to":40,"title":"SF-E46182: A coin issued by Cunobelin","image_urls":["https://finds.org.uk/images/jplouviez/SNNSF-E46182.JPG"]},{"from":1,"to":250,"title":"SUSS-20D6A5: A coin issued by Uncertain - 1st-mid 3rd century","image_urls":["https://finds.org.uk/images/lwalker/SUSS-20D6A5.jpg"]},{"from":1,"to":200,"title":"NLM-4522D8: A coin issued by Uncertain - 1st/2nd Century AD","image_urls":["https://finds.org.uk/images/mforeman/NLM24969.jpg"]},{"from":1,"to":42,"title":"SF-4BB714: A coin issued by Cunobelin","image_urls":["https://finds.org.uk/images/abrown/DRK_SF-4BB714.jpg"]},{"from":1,"to":200,"title":"HAMP-65C175: A coin issued by Uncertain - 1st/2nd Century AD","image_urls":["https://finds.org.uk/images/ellysg1/SestertiusC12.jpg"]},{"from":1,"to":250,"title":"SUSS-351DBF: A coin issued by Uncertain - 1st-mid 3rd century","image_urls":["https://finds.org.uk/images/stephaniesmith/SUSS351DBF.jpg"]},{"from":1,"to":42,"title":"SF-E01476: A coin issued by Cunobelin","image_urls":["https://finds.org.uk/images/abrown/LSY_SF-E01476.jpg"]},{"from":1,"to":250,"title":"SUSS-37C242: A coin issued by Uncertain - 1st-mid 3rd century","image_urls":["https://finds.org.uk/images/stephaniesmith/SUSS-37C242.jpg"]},{"from":1,"to":200,"title":"BH-88A114: A coin issued by Uncertain - 1st-mid 3rd century","image_urls":["https://finds.org.uk/images/laural/Roman%20coin%20WF%20-%202.jpg"]},{"from":1,"to":199,"title":"SUSS-50E804: A coin issued by Uncertain - 1st/2nd Century AD","image_urls":["https://finds.org.uk/images/saehoile/SUSS-50E804.jpg"]},{"from":1,"to":1,"title":"Silver Tetradrachm, Seleuceia ad Tigrim, 1 BC - AD 1. 1944.100.82962","image_urls":["http://numismatics.org/collectionimages/19001949/1944/1944.100.82962.rev.width350.jpg"]},{"from":1,"to":200,"title":"Bronze Coin, Ancyra, AD 1 - AD 200. 2001.21.1","image_urls":["http://numismatics.org/collectionimages/20002049/2001/2001.21.1.rev.width350.jpg"]}]