[{"from":10,"to":40,"title":"ESS-C04324: A coin issued by Cunobelin","image_urls":["https://finds.org.uk/images/lmclean/ESS-C04324.jpg"]},{"from":10,"to":40,"title":"BH-BEE6C6: A coin issued by Cunobelin","image_urls":["https://finds.org.uk/images/jwatters/IA_coin_12_51_1.jpg"]},{"from":10,"to":40,"title":"YORYM-F058ED: A coin issued by Cunobelin","image_urls":["https://finds.org.uk/images/bmorris/LSH0047.jpg"]},{"from":10,"to":102,"title":"SF-99DB60: A coin issued by Trajan","image_urls":["https://finds.org.uk/images/jplouviez/COMSF-99DB60.JPG"]},{"from":10,"to":40,"title":"BH-8E1728: A coin issued by Cunobelin","image_urls":["https://finds.org.uk/images/jwatters/Iron%20Age%20coin%2004%20193%20-%202%20all.jpg"]},{"from":10,"to":43,"title":"SF-5F9FC0: A coin issued by Cunobelin","image_urls":["https://finds.org.uk/images/jplouviez/FRKSF-5F9FC0.JPG"]},{"from":10,"to":40,"title":"SUR-2C9836: A coin issued by Cunobelin","image_urls":["https://finds.org.uk/images/margaretb/12-1093.JPG"]},{"from":10,"to":40,"title":"SUR-A6E948: A coin issued by Verica","image_urls":["https://finds.org.uk/images/dwilliams/B13-590.JPG"]},{"from":10,"to":40,"title":"SUR-23E6F2: A coin with an unrecorded/uncertain issuer.","image_urls":["https://finds.org.uk/images/margaretb/141492.JPG"]},{"from":10,"to":40,"title":"ESS-BC4133: A coin issued by Cunobelin","image_urls":["https://finds.org.uk/images/lmclean/1a%20ESS-BC4133.jpg"]},{"from":10,"to":40,"title":"BERK-707625: A coin issued by Cunobelin","image_urls":["https://finds.org.uk/images/maritime/521StayerCoinTktP.jpg"]},{"from":10,"to":40,"title":"CAM-8124C1: A coin issued by Cunobelin","image_urls":["https://finds.org.uk/images/smatthews/CAM-8124C1%20coin.jpg"]},{"from":10,"to":40,"title":"SUR-3FAE33: A coin issued by Verica","image_urls":["https://finds.org.uk/images/dwilliams/15880.JPG"]},{"from":10,"to":43,"title":"SF-81D101: A coin issued by Cunobelin","image_urls":["https://finds.org.uk/images/jplouviez/LittleWilbrahamSF-81D101.jpg"]},{"from":10,"to":40,"title":"GAT-9CE843: A coin issued by Cunobelin","image_urls":["https://finds.org.uk/images/rflook/PAS%2024-01-1011%20004.jpg"]},{"from":10,"to":40,"title":"LANCUM-A41D34: A coin issued by Cunobelin","image_urls":["https://finds.org.uk/images/dboughton/LVMDMLA41D34.jpg"]},{"from":10,"to":40,"title":"LANCUM-8DA201: A coin issued by Cunobelin","image_urls":["https://finds.org.uk/images/reggomez/Qtr%20Stater%20Final.jpg"]},{"from":10,"to":40,"title":"SUR-3FD4D0: A coin issued by Epaticcus","image_urls":["https://finds.org.uk/images/dwilliams/15881.JPG"]},{"from":10,"to":43,"title":"SF-335D18: A coin issued by Cunobelin","image_urls":["https://finds.org.uk/images/abrown/BKY_SF-335D18.jpg"]},{"from":10,"to":40,"title":"ESS-D13B82: A coin issued by Cunobelin","image_urls":["https://finds.org.uk/images/cmcdonald/Sharp%20LIA%20bronxe%20unit%20cunobelin%20jupiter.jpg"]},{"from":10,"to":20,"title":"ESS-6FD5E4: A coin issued by Cunobelin","image_urls":["https://finds.org.uk/images/mdlmarshall/6157%20e.jpg"]},{"from":10,"to":40,"title":"LEIC-C63B07: A coin issued by Cunobelin","image_urls":["https://finds.org.uk/images/wscott/C63B07.JPG"]},{"from":10,"to":40,"title":"BH-F50A08: A coin issued by Cunobelin","image_urls":["https://finds.org.uk/images/jwatters/IA_coin_14_107_3.jpg"]},{"from":10,"to":40,"title":"ESS-D16354: A coin issued by Cunobelin","image_urls":["https://finds.org.uk/images/cmcdonald/Sharp%20LIA%20bronxe%20unit%20cunobelin%20lion.jpg"]},{"from":10,"to":40,"title":"BH-F61519: A coin issued by Cunobelin","image_urls":["https://finds.org.uk/images/jwatters/IA_coin_14_100_1.jpg"]},{"from":10,"to":40,"title":"SF-BD9583: A coin issued by Cunobelin","image_urls":["https://finds.org.uk/images/jplouviez/WFLSF-BD9583.jpg"]},{"from":10,"to":40,"title":"SUR-C5D9A3: A coin issued by Cunobelin","image_urls":["https://finds.org.uk/images/dwilliams/07.604.JPG"]},{"from":10,"to":40,"title":"BH-BA7F22: A coin issued by Cunobelin","image_urls":["https://finds.org.uk/images/jwatters/Ia%20coin%2009%2025%20-%205b.jpg"]},{"from":10,"to":40,"title":"ESS-BC70A5: A coin issued by Cunobelin","image_urls":["https://finds.org.uk/images/lmclean/1%20ESS-BC70A5%20quarter%20stater%20cunobelin.jpg"]},{"from":10,"to":20,"title":"BH-B82851: A coin issued by Cunobelin","image_urls":["https://finds.org.uk/images/jwatters/IA%20coin%20B2471%20-%206a.jpg"]},{"from":10,"to":41,"title":"ESS-59B001: A coin issued by Cunobelin","image_urls":["https://finds.org.uk/images/lmclean/ESS-59B001.jpg"]},{"from":10,"to":20,"title":"ESS-C9AC01: A coin issued by Cunobelin","image_urls":["https://finds.org.uk/images/lmclean/1d%20ESS-C9AC01.jpg"]},{"from":10,"to":40,"title":"CAM-BCAF46: A coin issued by Cunobelin","image_urls":["https://finds.org.uk/images/hfowler/CAM-BCAF46.jpg"]},{"from":10,"to":40,"title":"NARC-BC19E3: A coin issued by Cunobelin","image_urls":["https://finds.org.uk/images/jcassidy/NARC-BC19E3b.jpg"]},{"from":10,"to":40,"title":"BERK-3308A2: A coin issued by Verica","image_urls":["https://finds.org.uk/images/abyard/2013144.jpg"]},{"from":10,"to":20,"title":"ESS-0A5107: A coin issued by Cunobelin","image_urls":["https://finds.org.uk/images/lmclean/1b%20ESS-0A5107%20Iron%20Age%20coin%20stater%20of%20Cunobelin.jpg"]},{"from":10,"to":40,"title":"KENT-EEC8F1: A coin issued by Cunobelin","image_urls":["https://finds.org.uk/images/gburr/DSCN3641.JPG"]},{"from":10,"to":40,"title":"BH-A135D8: A coin issued by Cunobelin","image_urls":["https://finds.org.uk/images/jwatters/Iron%20Age%20coin%200464-176.jpg"]},{"from":10,"to":20,"title":"SF-3F7F07: A coin issued by Cunobelin","image_urls":["https://finds.org.uk/images/abrown/BSM%20SF-3F7F07.jpg"]},{"from":10,"to":40,"title":"BUC-5EBE59: A coin issued by Cunobelin","image_urls":["https://finds.org.uk/images/dunvant/5DSCN0257.JPG"]},{"from":10,"to":40,"title":"SF-4EA2B2: A coin issued by Cunobelin","image_urls":["https://finds.org.uk/images/jplouviez/HTCSF-4EA2B2.JPG"]},{"from":10,"to":40,"title":"SOM-A0C097: A coin issued by Cunobelin","image_urls":["https://finds.org.uk/images/elburnett/SOM-A0C097.JPG"]},{"from":10,"to":40,"title":"CAM-2204F6: A coin issued by Cunobelin","image_urls":["https://finds.org.uk/images/hfowler/CAM-2204F6.jpg"]},{"from":10,"to":40,"title":"ESS-0684C6: A coin issued by Cunobelin","image_urls":["https://finds.org.uk/images/eloise77/Iron%20Age.jpg"]},{"from":10,"to":38,"title":"Bronze Coin, Ecbatana, AD 10 - AD 38. 1944.100.83096","image_urls":["http://numismatics.org/collectionimages/19001949/1944/1944.100.83096.rev.width350.jpg"]},{"from":10,"to":38,"title":"Silver Drachm, Ecbatana, AD 10 - AD 38. 1944.100.83288","image_urls":["http://numismatics.org/collectionimages/19001949/1944/1944.100.83288.rev.width350.jpg"]},{"from":10,"to":38,"title":"Silver Drachm, Ecbatana, AD 10 - AD 38. 1973.56.1656","image_urls":["http://numismatics.org/collectionimages/19501999/1973/1973.56.1656.rev.width350.jpg"]},{"from":10,"to":38,"title":"Bronze Coin, Ecbatana, AD 10 - AD 38. 1944.100.83093","image_urls":["http://numismatics.org/collectionimages/19001949/1944/1944.100.83093.rev.width350.jpg"]},{"from":10,"to":38,"title":"Bronze Coin, Ecbatana, AD 10 - AD 38. 1944.100.83051","image_urls":["http://numismatics.org/collectionimages/19001949/1944/1944.100.83051.rev.width350.jpg"]},{"from":10,"to":11,"title":"Silver Tetradrachm, Seleuceia ad Tigrim, AD 10 - AD 11. 1944.100.82997","image_urls":["http://numismatics.org/collectionimages/19001949/1944/1944.100.82997.rev.width350.jpg"]},{"from":10,"to":38,"title":"Silver Drachm, Ecbatana, AD 10 - AD 38. 1944.100.83066","image_urls":["http://numismatics.org/collectionimages/19001949/1944/1944.100.83066.rev.width350.jpg"]},{"from":10,"to":38,"title":"Bronze Coin, Ecbatana, AD 10 - AD 38. 1944.100.83087","image_urls":["http://numismatics.org/collectionimages/19001949/1944/1944.100.83087.rev.width350.jpg"]},{"from":10,"to":38,"title":"Bronze Coin, Ecbatana, AD 10 - AD 38. 1944.100.83048","image_urls":["http://numismatics.org/collectionimages/19001949/1944/1944.100.83048.rev.width350.jpg"]},{"from":10,"to":38,"title":"Bronze Coin, Ecbatana, AD 10 - AD 38. 1944.100.83081","image_urls":["http://numismatics.org/collectionimages/19001949/1944/1944.100.83081.rev.width350.jpg"]},{"from":10,"to":38,"title":"Bronze Coin, Ecbatana, AD 10 - AD 38. 1944.100.83075","image_urls":["http://numismatics.org/collectionimages/19001949/1944/1944.100.83075.rev.width350.jpg"]},{"from":10,"to":38,"title":"Silver Drachm, Nisa Mithradatkart, AD 10 - AD 38. 1923.150.401","image_urls":["http://numismatics.org/collectionimages/19001949/1923/1923.150.401.rev.width350.jpg"]},{"from":10,"to":38,"title":"Bronze Coin, Ecbatana, AD 10 - AD 38. 1944.100.83100","image_urls":["http://numismatics.org/collectionimages/19001949/1944/1944.100.83100.rev.width350.jpg"]},{"from":10,"to":38,"title":"Bronze Coin, Ecbatana, AD 10 - AD 38. 1944.100.83090","image_urls":["http://numismatics.org/collectionimages/19001949/1944/1944.100.83090.rev.width350.jpg"]},{"from":10,"to":38,"title":"Bronze Coin, Ecbatana, AD 10 - AD 38. 1944.100.83099","image_urls":["http://numismatics.org/collectionimages/19001949/1944/1944.100.83099.rev.width350.jpg"]},{"from":10,"to":38,"title":"Bronze Coin, Ecbatana, AD 10 - AD 38. 1973.56.1662","image_urls":["http://numismatics.org/collectionimages/19501999/1973/1973.56.1662.rev.width350.jpg"]},{"from":10,"to":38,"title":"Bronze Coin, Ecbatana, AD 10 - AD 38. 1944.100.83102","image_urls":["http://numismatics.org/collectionimages/19001949/1944/1944.100.83102.rev.width350.jpg"]},{"from":10,"to":38,"title":"Bronze Coin, Ecbatana, AD 10 - AD 38. 1944.100.83024","image_urls":["http://numismatics.org/collectionimages/19001949/1944/1944.100.83024.rev.width350.jpg"]},{"from":10,"to":14,"title":"RIC I (second edition) Augustus 160. 1944.100.68884","image_urls":["http://numismatics.org/collectionimages/19001949/1944/1944.100.68884.rev.width350.jpg"]},{"from":10,"to":38,"title":"Silver Drachm, Ecbatana, AD 10 - AD 38. 0000.999.52975","image_urls":["http://numismatics.org/collectionimages/00001899/0000/0000.999.52975.rev.width350.jpg"]},{"from":10,"to":38,"title":"Bronze Coin, Ecbatana, AD 10 - AD 38. 1973.56.1667","image_urls":["http://numismatics.org/collectionimages/19501999/1973/1973.56.1667.rev.width350.jpg"]},{"from":10,"to":38,"title":"Silver Drachm, Ecbatana, AD 10 - AD 38. 1977.158.793","image_urls":["http://numismatics.org/collectionimages/19501999/1977/1977.158.793.rev.width350.jpg"]},{"from":10,"to":38,"title":"Bronze Coin, Ecbatana, AD 10 - AD 38. 1944.100.83083","image_urls":["http://numismatics.org/collectionimages/19001949/1944/1944.100.83083.rev.width350.jpg"]},{"from":10,"to":38,"title":"Bronze Coin, Ecbatana, AD 10 - AD 38. 1944.100.83077","image_urls":["http://numismatics.org/collectionimages/19001949/1944/1944.100.83077.rev.width350.jpg"]},{"from":10,"to":38,"title":"Bronze Coin, Ecbatana, AD 10 - AD 38. 1973.56.1661","image_urls":["http://numismatics.org/collectionimages/19501999/1973/1973.56.1661.rev.width350.jpg"]},{"from":10,"to":38,"title":"Bronze Coin, Ecbatana, AD 10 - AD 38. 1973.56.1655","image_urls":["http://numismatics.org/collectionimages/19501999/1973/1973.56.1655.rev.width350.jpg"]},{"from":10,"to":38,"title":"Silver Drachm, Ecbatana, AD 10 - AD 38. 1977.158.798","image_urls":["http://numismatics.org/collectionimages/19501999/1977/1977.158.798.rev.width350.jpg"]},{"from":10,"to":38,"title":"Bronze Coin, Ecbatana, AD 10 - AD 38. 0000.999.52978","image_urls":["http://numismatics.org/collectionimages/00001899/0000/0000.999.52978.rev.width350.jpg"]},{"from":10,"to":38,"title":"Bronze Coin, Ecbatana, AD 10 - AD 38. 1944.100.83034","image_urls":["http://numismatics.org/collectionimages/19001949/1944/1944.100.83034.rev.width350.jpg"]},{"from":10,"to":38,"title":"Bronze Coin, Ecbatana, AD 10 - AD 38. 1944.100.83028","image_urls":["http://numismatics.org/collectionimages/19001949/1944/1944.100.83028.rev.width350.jpg"]},{"from":10,"to":38,"title":"Silver Drachm, Ecbatana, AD 10 - AD 38. 0000.999.52976","image_urls":["http://numismatics.org/collectionimages/00001899/0000/0000.999.52976.rev.width350.jpg"]},{"from":10,"to":38,"title":"Bronze Coin, Ecbatana, AD 10 - AD 38. 1973.56.1668","image_urls":["http://numismatics.org/collectionimages/19501999/1973/1973.56.1668.rev.width350.jpg"]},{"from":10,"to":11,"title":"RIC I (second edition) Augustus 469. 1944.100.39272","image_urls":["http://numismatics.org/collectionimages/19001949/1944/1944.100.39272.rev.width350.jpg"]},{"from":10,"to":38,"title":"Silver Drachm, Ecbatana, AD 10 - AD 38. 1944.100.83042","image_urls":["http://numismatics.org/collectionimages/19001949/1944/1944.100.83042.rev.width350.jpg"]},{"from":10,"to":38,"title":"Silver Drachm, Ecbatana, AD 10 - AD 38. 1970.156.730","image_urls":["http://numismatics.org/collectionimages/19501999/1970/1970.156.730.rev.width350.jpg"]},{"from":10,"to":38,"title":"Bronze Coin, Ecbatana, AD 10 - AD 38. 1944.100.83036","image_urls":["http://numismatics.org/collectionimages/19001949/1944/1944.100.83036.rev.width350.jpg"]},{"from":10,"to":38,"title":"Bronze Coin, Ecbatana, AD 10 - AD 38. 1944.100.83063","image_urls":["http://numismatics.org/collectionimages/19001949/1944/1944.100.83063.rev.width350.jpg"]},{"from":10,"to":38,"title":"Bronze Coin, Ecbatana, AD 10 - AD 38. 1944.100.83045","image_urls":["http://numismatics.org/collectionimages/19001949/1944/1944.100.83045.rev.width350.jpg"]},{"from":10,"to":38,"title":"Silver Drachm, Ecbatana, AD 10 - AD 38. 1944.100.83039","image_urls":["http://numismatics.org/collectionimages/19001949/1944/1944.100.83039.rev.width350.jpg"]},{"from":10,"to":38,"title":"Bronze Coin, Ecbatana, AD 10 - AD 38. 1944.100.83060","image_urls":["http://numismatics.org/collectionimages/19001949/1944/1944.100.83060.rev.width350.jpg"]},{"from":10,"to":38,"title":"Bronze Coin, Ecbatana, AD 10 - AD 38. 1944.100.83054","image_urls":["http://numismatics.org/collectionimages/19001949/1944/1944.100.83054.rev.width350.jpg"]},{"from":10,"to":38,"title":"Silver Drachm, Ecbatana, AD 10 - AD 38. 1941.131.1123","image_urls":["http://numismatics.org/collectionimages/19001949/1941/1941.131.1123.rev.width350.jpg"]},{"from":10,"to":38,"title":"Bronze Coin, Ecbatana, AD 10 - AD 38. 1947.97.612","image_urls":["http://numismatics.org/collectionimages/19001949/1947/1947.97.612.rev.width350.jpg"]},{"from":10,"to":38,"title":"Silver Drachm, Ecbatana, AD 10 - AD 38. 1944.100.83021","image_urls":["http://numismatics.org/collectionimages/19001949/1944/1944.100.83021.rev.width350.jpg"]},{"from":10,"to":38,"title":"Bronze Coin, Ecbatana, AD 10 - AD 38. 1944.100.83089","image_urls":["http://numismatics.org/collectionimages/19001949/1944/1944.100.83089.rev.width350.jpg"]},{"from":10,"to":38,"title":"Bronze Coin, Ecbatana, AD 10 - AD 38. 1944.100.83027","image_urls":["http://numismatics.org/collectionimages/19001949/1944/1944.100.83027.rev.width350.jpg"]},{"from":10,"to":38,"title":"Bronze Coin, Ecbatana, AD 10 - AD 38. 1944.100.83095","image_urls":["http://numismatics.org/collectionimages/19001949/1944/1944.100.83095.rev.width350.jpg"]},{"from":10,"to":38,"title":"Bronze Coin, Ecbatana, AD 10 - AD 38. 1944.100.83080","image_urls":["http://numismatics.org/collectionimages/19001949/1944/1944.100.83080.rev.width350.jpg"]},{"from":10,"to":38,"title":"Bronze Coin, Ecbatana, AD 10 - AD 38. 1944.100.83085","image_urls":["http://numismatics.org/collectionimages/19001949/1944/1944.100.83085.rev.width350.jpg"]},{"from":10,"to":38,"title":"Silver Drachm, Ecbatana, AD 10 - AD 38. 1973.56.1663","image_urls":["http://numismatics.org/collectionimages/19501999/1973/1973.56.1663.rev.width350.jpg"]},{"from":10,"to":38,"title":"Bronze Coin, Ecbatana, AD 10 - AD 38. 1944.100.83101","image_urls":["http://numismatics.org/collectionimages/19001949/1944/1944.100.83101.rev.width350.jpg"]},{"from":10,"to":38,"title":"Bronze Coin, Ecbatana, AD 10 - AD 38. 1944.100.83023","image_urls":["http://numismatics.org/collectionimages/19001949/1944/1944.100.83023.rev.width350.jpg"]},{"from":10,"to":38,"title":"Bronze Coin, Ecbatana, AD 10 - AD 38. 1973.56.1684","image_urls":["http://numismatics.org/collectionimages/19501999/1973/1973.56.1684.rev.width350.jpg"]},{"from":10,"to":38,"title":"Bronze Coin, Ecbatana, AD 10 - AD 38. 1944.100.83091","image_urls":["http://numismatics.org/collectionimages/19001949/1944/1944.100.83091.rev.width350.jpg"]},{"from":10,"to":38,"title":"Bronze Coin, Ecbatana, AD 10 - AD 38. 1944.100.83088","image_urls":["http://numismatics.org/collectionimages/19001949/1944/1944.100.83088.rev.width350.jpg"]},{"from":10,"to":38,"title":"Bronze Coin, Ecbatana, AD 10 - AD 38. 1973.56.1666","image_urls":["http://numismatics.org/collectionimages/19501999/1973/1973.56.1666.rev.width350.jpg"]},{"from":10,"to":38,"title":"Bronze Coin, Ecbatana, AD 10 - AD 38. 1940.169.7","image_urls":["http://numismatics.org/collectionimages/19001949/1940/1940.169.7.rev.width350.jpg"]},{"from":10,"to":38,"title":"Silver Drachm, Ecbatana, AD 10 - AD 38. 0000.999.52980","image_urls":["http://numismatics.org/collectionimages/00001899/0000/0000.999.52980.rev.width350.jpg"]},{"from":10,"to":38,"title":"Bronze Coin, Ecbatana, AD 10 - AD 38. 1973.56.1664","image_urls":["http://numismatics.org/collectionimages/19501999/1973/1973.56.1664.rev.width350.jpg"]},{"from":10,"to":38,"title":"Bronze Coin, Ecbatana, AD 10 - AD 38. 1944.100.83059","image_urls":["http://numismatics.org/collectionimages/19001949/1944/1944.100.83059.rev.width350.jpg"]},{"from":10,"to":38,"title":"Bronze Coin, Ecbatana, AD 10 - AD 38. 1944.100.83086","image_urls":["http://numismatics.org/collectionimages/19001949/1944/1944.100.83086.rev.width350.jpg"]},{"from":10,"to":38,"title":"Bronze Coin, Ecbatana, AD 10 - AD 38. 1944.100.83050","image_urls":["http://numismatics.org/collectionimages/19001949/1944/1944.100.83050.rev.width350.jpg"]},{"from":10,"to":38,"title":"Silver Drachm, Ecbatana, AD 10 - AD 38. 1944.100.83044","image_urls":["http://numismatics.org/collectionimages/19001949/1944/1944.100.83044.rev.width350.jpg"]},{"from":10,"to":38,"title":"Bronze Coin, Ecbatana, AD 10 - AD 38. 1944.100.83065","image_urls":["http://numismatics.org/collectionimages/19001949/1944/1944.100.83065.rev.width350.jpg"]},{"from":10,"to":38,"title":"Bronze Coin, Ecbatana, AD 10 - AD 38. 1944.100.83094","image_urls":["http://numismatics.org/collectionimages/19001949/1944/1944.100.83094.rev.width350.jpg"]},{"from":10,"to":38,"title":"Silver Drachm, Ecbatana, AD 10 - AD 38. 0000.999.52974","image_urls":["http://numismatics.org/collectionimages/00001899/0000/0000.999.52974.rev.width350.jpg"]},{"from":10,"to":38,"title":"Bronze Coin, Ecbatana, AD 10 - AD 38. 1944.100.83104","image_urls":["http://numismatics.org/collectionimages/19001949/1944/1944.100.83104.rev.width350.jpg"]},{"from":10,"to":38,"title":"Silver drachm, Ecbatana, AD 10 - AD 38. 2000.7.133","image_urls":["http://numismatics.org/collectionimages/20002049/2000/2000.7.133.rev.width350.jpg"]},{"from":10,"to":38,"title":"Silver Drachm, Ecbatana, AD 10 - AD 38. 1944.100.83073","image_urls":["http://numismatics.org/collectionimages/19001949/1944/1944.100.83073.rev.width350.jpg"]},{"from":10,"to":38,"title":"Silver Drachm, Ecbatana, AD 10 - AD 38. 1944.100.83067","image_urls":["http://numismatics.org/collectionimages/19001949/1944/1944.100.83067.rev.width350.jpg"]},{"from":10,"to":38,"title":"Silver Drachm, Ecbatana, AD 10 - AD 38. 1973.56.1654","image_urls":["http://numismatics.org/collectionimages/19501999/1973/1973.56.1654.rev.width350.jpg"]},{"from":10,"to":38,"title":"Bronze Coin, Ecbatana, AD 10 - AD 38. 1944.100.83049","image_urls":["http://numismatics.org/collectionimages/19001949/1944/1944.100.83049.rev.width350.jpg"]},{"from":10,"to":38,"title":"Bronze Coin, Ecbatana, AD 10 - AD 38. 1944.100.83053","image_urls":["http://numismatics.org/collectionimages/19001949/1944/1944.100.83053.rev.width350.jpg"]},{"from":10,"to":38,"title":"Silver Drachm, Ecbatana, AD 10 - AD 38. 1944.100.83068","image_urls":["http://numismatics.org/collectionimages/19001949/1944/1944.100.83068.rev.width350.jpg"]},{"from":10,"to":38,"title":"Bronze Coin, Ecbatana, AD 10 - AD 38. 1944.100.83026","image_urls":["http://numismatics.org/collectionimages/19001949/1944/1944.100.83026.rev.width350.jpg"]},{"from":10,"to":38,"title":"Bronze Coin, Ecbatana, AD 10 - AD 38. 1944.100.83098","image_urls":["http://numismatics.org/collectionimages/19001949/1944/1944.100.83098.rev.width350.jpg"]},{"from":10,"to":38,"title":"Bronze Coin, Ecbatana, AD 10 - AD 38. 1944.100.83062","image_urls":["http://numismatics.org/collectionimages/19001949/1944/1944.100.83062.rev.width350.jpg"]},{"from":10,"to":38,"title":"Bronze Coin, Ecbatana, AD 10 - AD 38. 1944.100.83056","image_urls":["http://numismatics.org/collectionimages/19001949/1944/1944.100.83056.rev.width350.jpg"]},{"from":10,"to":14,"title":"Bronze Semis of Augustus, Lugdunum, AD 10 - AD 14. 1944.100.39268","image_urls":["http://numismatics.org/collectionimages/19001949/1944/1944.100.39268.rev.width350.jpg"]},{"from":10,"to":38,"title":"Silver Drachm, Ecbatana, AD 10 - AD 38. 1944.100.83038","image_urls":["http://numismatics.org/collectionimages/19001949/1944/1944.100.83038.rev.width350.jpg"]},{"from":10,"to":38,"title":"Silver Drachm, Ecbatana, AD 10 - AD 38. 1973.56.1658","image_urls":["http://numismatics.org/collectionimages/19501999/1973/1973.56.1658.rev.width350.jpg"]},{"from":10,"to":38,"title":"Silver Drachm, Ecbatana, AD 10 - AD 38. 1944.100.83071","image_urls":["http://numismatics.org/collectionimages/19001949/1944/1944.100.83071.rev.width350.jpg"]},{"from":10,"to":38,"title":"Silver Drachm, Ecbatana, AD 10 - AD 38. 1944.100.83128","image_urls":["http://numismatics.org/collectionimages/19001949/1944/1944.100.83128.rev.width350.jpg"]},{"from":10,"to":38,"title":"Silver Drachm, Ecbatana, AD 10 - AD 38. 1944.100.83041","image_urls":["http://numismatics.org/collectionimages/19001949/1944/1944.100.83041.rev.width350.jpg"]},{"from":10,"to":38,"title":"Bronze Coin, Ecbatana, AD 10 - AD 38. 1944.100.83035","image_urls":["http://numismatics.org/collectionimages/19001949/1944/1944.100.83035.rev.width350.jpg"]},{"from":10,"to":38,"title":"Silver Drachm, Ecbatana, AD 10 - AD 38. 1993.45.11","image_urls":["http://numismatics.org/collectionimages/19501999/1993/1993.45.11.rev.width350.jpg"]},{"from":10,"to":38,"title":"Silver Drachm, Ecbatana, AD 10 - AD 38. 0000.999.52977","image_urls":["http://numismatics.org/collectionimages/00001899/0000/0000.999.52977.rev.width350.jpg"]},{"from":10,"to":38,"title":"Bronze Coin, Ecbatana, AD 10 - AD 38. 1944.100.83032","image_urls":["http://numismatics.org/collectionimages/19001949/1944/1944.100.83032.rev.width350.jpg"]},{"from":10,"to":38,"title":"Bronze Coin, Ecbatana, AD 10 - AD 38. 1944.100.83047","image_urls":["http://numismatics.org/collectionimages/19001949/1944/1944.100.83047.rev.width350.jpg"]},{"from":10,"to":38,"title":"Bronze Coin, Ecbatana, AD 10 - AD 38. 1944.100.83057","image_urls":["http://numismatics.org/collectionimages/19001949/1944/1944.100.83057.rev.width350.jpg"]},{"from":10,"to":38,"title":"Bronze Coin, Ecbatana, AD 10 - AD 38. 1944.100.83201","image_urls":["http://numismatics.org/collectionimages/19001949/1944/1944.100.83201.rev.width350.jpg"]},{"from":10,"to":38,"title":"Bronze Coin, Ecbatana, AD 10 - AD 38. 0000.999.52972","image_urls":["http://numismatics.org/collectionimages/00001899/0000/0000.999.52972.rev.width350.jpg"]},{"from":10,"to":38,"title":"Bronze Coin, Ecbatana, AD 10 - AD 38. 1973.56.1670","image_urls":["http://numismatics.org/collectionimages/19501999/1973/1973.56.1670.rev.width350.jpg"]},{"from":10,"to":38,"title":"Bronze Coin, Ecbatana, AD 10 - AD 38. 1944.100.83092","image_urls":["http://numismatics.org/collectionimages/19001949/1944/1944.100.83092.rev.width350.jpg"]},{"from":10,"to":14,"title":"RIC I (second edition) Augustus 159. 1944.100.68878","image_urls":["http://numismatics.org/collectionimages/19001949/1944/1944.100.68878.rev.width350.jpg"]},{"from":10,"to":38,"title":"Silver Drachm, Ecbatana, AD 10 - AD 38. 1944.100.83020","image_urls":["http://numismatics.org/collectionimages/19001949/1944/1944.100.83020.rev.width350.jpg"]},{"from":10,"to":38,"title":"Bronze Coin, Ecbatana, AD 10 - AD 38. 1944.100.83029","image_urls":["http://numismatics.org/collectionimages/19001949/1944/1944.100.83029.rev.width350.jpg"]},{"from":10,"to":14,"title":"RIC I (second edition) Augustus 160. 1919.233.4","image_urls":["http://numismatics.org/collectionimages/19001949/1919/1919.233.4.rev.width350.jpg"]},{"from":10,"to":38,"title":"Silver Drachm, Ecbatana, AD 10 - AD 38. 1944.100.83043","image_urls":["http://numismatics.org/collectionimages/19001949/1944/1944.100.83043.rev.width350.jpg"]},{"from":10,"to":38,"title":"Silver Drachm, Ecbatana, AD 10 - AD 38. 1944.100.83070","image_urls":["http://numismatics.org/collectionimages/19001949/1944/1944.100.83070.rev.width350.jpg"]},{"from":10,"to":14,"title":"RIC I (second edition) Augustus 159. 2015.12.3","image_urls":["http://numismatics.org/collectionimages/20002049/2015/2015.12.3.rev.width350.jpg"]},{"from":10,"to":38,"title":"Bronze Coin, Ecbatana, AD 10 - AD 38. 1944.100.83064","image_urls":["http://numismatics.org/collectionimages/19001949/1944/1944.100.83064.rev.width350.jpg"]},{"from":10,"to":38,"title":"Bronze Coin, Ecbatana, AD 10 - AD 38. 1974.52.28","image_urls":["http://numismatics.org/collectionimages/19501999/1974/1974.52.28.rev.width350.jpg"]},{"from":10,"to":38,"title":"Bronze Coin, Ecbatana, AD 10 - AD 38. 1944.100.83022","image_urls":["http://numismatics.org/collectionimages/19001949/1944/1944.100.83022.rev.width350.jpg"]},{"from":10,"to":38,"title":"Bronze Coin, Ecbatana, AD 10 - AD 38. 1944.100.83058","image_urls":["http://numismatics.org/collectionimages/19001949/1944/1944.100.83058.rev.width350.jpg"]},{"from":10,"to":38,"title":"Bronze Coin, Ecbatana, AD 10 - AD 38. 1973.56.1657","image_urls":["http://numismatics.org/collectionimages/19501999/1973/1973.56.1657.rev.width350.jpg"]},{"from":10,"to":38,"title":"Bronze Coin, Ecbatana, AD 10 - AD 38. 1944.100.83061","image_urls":["http://numismatics.org/collectionimages/19001949/1944/1944.100.83061.rev.width350.jpg"]},{"from":10,"to":11,"title":"RIC I (second edition) Augustus 469. 1944.100.39273","image_urls":["http://numismatics.org/collectionimages/19001949/1944/1944.100.39273.rev.width350.jpg"]},{"from":10,"to":38,"title":"Bronze Coin, Ecbatana, AD 10 - AD 38. 1944.100.83076","image_urls":["http://numismatics.org/collectionimages/19001949/1944/1944.100.83076.rev.width350.jpg"]},{"from":10,"to":38,"title":"Bronze Coin, Ecbatana, AD 10 - AD 38. 1959.123.33","image_urls":["http://numismatics.org/collectionimages/19501999/1959/1959.123.33.rev.width350.jpg"]},{"from":10,"to":38,"title":"Silver Drachm, Ecbatana, AD 10 - AD 38. 1944.100.83289","image_urls":["http://numismatics.org/collectionimages/19001949/1944/1944.100.83289.rev.width350.jpg"]},{"from":10,"to":38,"title":"Silver Drachm, Nisa Mithradatkart, AD 10 - AD 38. 1944.100.83175","image_urls":["http://numismatics.org/collectionimages/19001949/1944/1944.100.83175.rev.width350.jpg"]},{"from":10,"to":38,"title":"Bronze Coin, Ecbatana, AD 10 - AD 38. 1944.100.83082","image_urls":["http://numismatics.org/collectionimages/19001949/1944/1944.100.83082.rev.width350.jpg"]},{"from":10,"to":38,"title":"Bronze Coin, Ecbatana, AD 10 - AD 38. 1944.100.83097","image_urls":["http://numismatics.org/collectionimages/19001949/1944/1944.100.83097.rev.width350.jpg"]},{"from":10,"to":38,"title":"Silver Drachm, Ecbatana, AD 10 - AD 38. 1944.100.83040","image_urls":["http://numismatics.org/collectionimages/19001949/1944/1944.100.83040.rev.width350.jpg"]},{"from":10,"to":38,"title":"Bronze Coin, Ecbatana, AD 10 - AD 38. 1973.56.1660","image_urls":["http://numismatics.org/collectionimages/19501999/1973/1973.56.1660.rev.width350.jpg"]},{"from":10,"to":38,"title":"Bronze Coin, Ecbatana, AD 10 - AD 38. 1944.100.83055","image_urls":["http://numismatics.org/collectionimages/19001949/1944/1944.100.83055.rev.width350.jpg"]},{"from":10,"to":38,"title":"Bronze Coin, Ecbatana, AD 10 - AD 38. 1973.56.1669","image_urls":["http://numismatics.org/collectionimages/19501999/1973/1973.56.1669.rev.width350.jpg"]},{"from":10,"to":38,"title":"Bronze Coin, Ecbatana, AD 10 - AD 38. 1944.100.83079","image_urls":["http://numismatics.org/collectionimages/19001949/1944/1944.100.83079.rev.width350.jpg"]},{"from":10,"to":38,"title":"Silver Drachm, Ecbatana, AD 10 - AD 38. 1944.100.83151","image_urls":["http://numismatics.org/collectionimages/19001949/1944/1944.100.83151.rev.width350.jpg"]},{"from":10,"to":38,"title":"Bronze Coin, Ecbatana, AD 10 - AD 38. 1944.100.83202","image_urls":["http://numismatics.org/collectionimages/19001949/1944/1944.100.83202.rev.width350.jpg"]},{"from":10,"to":38,"title":"Bronze Coin, Ecbatana, AD 10 - AD 38. 1944.100.83046","image_urls":["http://numismatics.org/collectionimages/19001949/1944/1944.100.83046.rev.width350.jpg"]},{"from":10,"to":14,"title":"RIC I (second edition) Augustus 159. 1944.100.68885","image_urls":["http://numismatics.org/collectionimages/19001949/1944/1944.100.68885.rev.width350.jpg"]},{"from":10,"to":38,"title":"Silver Drachm, Ecbatana, AD 10 - AD 38. 1956.163.1624","image_urls":["http://numismatics.org/collectionimages/19501999/1956/1956.163.1624.rev.width350.jpg"]},{"from":10,"to":38,"title":"Bronze Coin, Ecbatana, AD 10 - AD 38. 1944.100.83103","image_urls":["http://numismatics.org/collectionimages/19001949/1944/1944.100.83103.rev.width350.jpg"]},{"from":10,"to":38,"title":"Bronze Coin, Ecbatana, AD 10 - AD 38. 1944.100.83052","image_urls":["http://numismatics.org/collectionimages/19001949/1944/1944.100.83052.rev.width350.jpg"]},{"from":10,"to":11,"title":"Silver Tetradrachm, Seleuceia ad Tigrim, AD 10 - AD 11. 1944.100.82998","image_urls":["http://numismatics.org/collectionimages/19001949/1944/1944.100.82998.rev.width350.jpg"]},{"from":10,"to":38,"title":"Silver Drachm, Ecbatana, AD 10 - AD 38. 0000.999.52973","image_urls":["http://numismatics.org/collectionimages/00001899/0000/0000.999.52973.rev.width350.jpg"]},{"from":10,"to":11,"title":"RIC I (second edition) Augustus 469. 1932.999.239","image_urls":["http://numismatics.org/collectionimages/19001949/1932/1932.999.239.rev.width350.jpg"]},{"from":10,"to":38,"title":"Silver Tetradrachm, Seleuceia ad Tigrim, AD 10 - AD 38. 1944.100.83010","image_urls":["http://numismatics.org/collectionimages/19001949/1944/1944.100.83010.rev.width350.jpg"]},{"from":10,"to":38,"title":"Bronze Coin, Ecbatana, AD 10 - AD 38. 1944.100.83025","image_urls":["http://numismatics.org/collectionimages/19001949/1944/1944.100.83025.rev.width350.jpg"]},{"from":10,"to":38,"title":"Bronze Coin, Ecbatana, AD 10 - AD 38. 1948.4.132","image_urls":["http://numismatics.org/collectionimages/19001949/1948/1948.4.132.rev.width350.jpg"]},{"from":10,"to":38,"title":"Bronze Coin, Ecbatana, AD 10 - AD 38. 1944.100.83037","image_urls":["http://numismatics.org/collectionimages/19001949/1944/1944.100.83037.rev.width350.jpg"]},{"from":10,"to":38,"title":"Silver Drachm, Ecbatana, AD 10 - AD 38. 1944.100.83115","image_urls":["http://numismatics.org/collectionimages/19001949/1944/1944.100.83115.rev.width350.jpg"]},{"from":10,"to":38,"title":"Silver Drachm, Ecbatana, AD 10 - AD 38. 1944.100.83084","image_urls":["http://numismatics.org/collectionimages/19001949/1944/1944.100.83084.rev.width350.jpg"]},{"from":10,"to":38,"title":"Bronze Coin, Ecbatana, AD 10 - AD 38. 1944.100.83078","image_urls":["http://numismatics.org/collectionimages/19001949/1944/1944.100.83078.rev.width350.jpg"]},{"from":10,"to":38,"title":"Bronze Coin, Ecbatana, AD 10 - AD 38. 1973.56.1665","image_urls":["http://numismatics.org/collectionimages/19501999/1973/1973.56.1665.rev.width350.jpg"]},{"from":10,"to":38,"title":"Silver Drachm, Ecbatana, AD 10 - AD 38. 1973.56.1659","image_urls":["http://numismatics.org/collectionimages/19501999/1973/1973.56.1659.rev.width350.jpg"]},{"from":10,"to":38,"title":"Silver Drachm, Ecbatana, AD 10 - AD 38. 1944.100.83072","image_urls":["http://numismatics.org/collectionimages/19001949/1944/1944.100.83072.rev.width350.jpg"]},{"from":10,"to":38,"title":"Bronze Coin, Ecbatana, AD 10 - AD 38. 1944.100.83074","image_urls":["http://numismatics.org/collectionimages/19001949/1944/1944.100.83074.rev.width350.jpg"]},{"from":10,"to":38,"title":"Silver Tetradrachm, Seleuceia ad Tigrim, AD 10 - AD 38. 1944.100.83009","image_urls":["http://numismatics.org/collectionimages/19001949/1944/1944.100.83009.rev.width350.jpg"]},{"from":10,"to":38,"title":"Bronze Dichalkous, Ecbatana, AD 10 - AD 38. 1991.3.59","image_urls":["http://numismatics.org/collectionimages/19501999/1991/1991.3.59.rev.width350.jpg"]},{"from":10,"to":38,"title":"Silver Drachm, Ecbatana, AD 10 - AD 38. 1908.115.19","image_urls":["http://numismatics.org/collectionimages/19001949/1908/1908.115.19.rev.width350.jpg"]},{"from":10,"to":38,"title":"Silver Drachm, Ecbatana, AD 10 - AD 38. 1944.100.83069","image_urls":["http://numismatics.org/collectionimages/19001949/1944/1944.100.83069.rev.width350.jpg"]}]