[{"from":100,"to":100,"title":"IOW-318BE1: A coin issued by Trajan","image_urls":["https://finds.org.uk/images/fbasford/IOW2012-2-8.JPG"]},{"from":100,"to":215,"title":"SUSS-16F141: A coin issued by Uncertain - 1st-mid 3rd century","image_urls":["https://finds.org.uk/images/lwalker/1-205k.jpg"]},{"from":100,"to":200,"title":"BERK-513897: A coin issued by Uncertain - 1st/2nd Century AD","image_urls":["https://finds.org.uk/images/abyard/2013225.jpg"]},{"from":100,"to":300,"title":"YORYM-3655F5: A coin issued by Uncertain - 1st-mid 3rd century","image_urls":["https://finds.org.uk/images/bmorris/RWH0085.jpg"]},{"from":100,"to":220,"title":"HESH-1303D0: A coin issued by Uncertain - 1st-mid 3rd century","image_urls":["https://finds.org.uk/images/preavill/HESH-1303D0.jpg"]},{"from":100,"to":100,"title":"HAMP-2D6305: A coin issued by Trajan","image_urls":["https://finds.org.uk/images/rwebley/HAMP-2D6305Trajandenarius.jpg"]},{"from":100,"to":300,"title":"BERK-171088: A coin issued by Uncertain - 1st-mid 3rd century","image_urls":["https://finds.org.uk/images/abyard/2013906.jpg"]},{"from":100,"to":200,"title":"SOM-8EAEF2: A coin issued by Uncertain - 1st/2nd Century AD","image_urls":["https://finds.org.uk/images/rwebley2/SOM-8EAEF2.jpg"]},{"from":100,"to":100,"title":"HAMP-BFFEF7: A coin issued by Trajan","image_urls":["https://finds.org.uk/images/rwebley/HAMP-BFFEF7Trajandenarius.jpg"]},{"from":100,"to":200,"title":"LVPL-B03277: A coin issued by Marcus Aurelius (as Caesar)","image_urls":["https://finds.org.uk/images/voakden/LVPL-B03277.jpg"]},{"from":100,"to":200,"title":"HAMP-8BA2B3: A coin issued by Uncertain - 2nd century","image_urls":["https://finds.org.uk/images/rwebley/HAMP-8BA2B3sestertius.jpg"]},{"from":100,"to":299,"title":"BERK-C04205: A coin issued by Uncertain - 1st-mid 3rd century","image_urls":["https://finds.org.uk/images/abyard/DJones2010159.JPG"]},{"from":100,"to":100,"title":"SWYOR-6A1484: A coin issued by Trajan","image_urls":["https://finds.org.uk/images/bloom/PAS_1778_Roman_coin.jpg"]},{"from":100,"to":200,"title":"WMID-724451: A coin issued by Uncertain - 1st/2nd Century AD","image_urls":["https://finds.org.uk/images/tbrindle/WMID-724451.jpg"]},{"from":100,"to":100,"title":"HAMP-0BA7F7: A coin issued by Trajan","image_urls":["https://finds.org.uk/images/rwebley/HAMP-0BA7F7Trajandenarius.jpg"]},{"from":100,"to":102,"title":"WILT-B1EF85: A coin issued by Trajan","image_urls":["https://finds.org.uk/images/khinds/Crisp0611trajandenarius.jpg"]},{"from":100,"to":220,"title":"HESH-F64D56: A coin issued by Uncertain - 1st/2nd Century AD","image_urls":["https://finds.org.uk/images/preavill/HESH-F64D56%20copy.jpg"]},{"from":100,"to":200,"title":"HESH-ED55E0: A coin issued by Antoninus Pius","image_urls":["https://finds.org.uk/images/preavill/HESH-ED55E0.jpg"]},{"from":100,"to":200,"title":"SUR-FA5AA6: A coin issued by Uncertain - 1st/2nd Century AD","image_urls":["https://finds.org.uk/images/dwilliams/B14-18.JPG"]},{"from":100,"to":300,"title":"WMID-5A8446: A coin issued by Uncertain - 1st-mid 3rd century","image_urls":["https://finds.org.uk/images/tgilmore/WMID-5A8446.jpg"]},{"from":100,"to":199,"title":"PAS-D68691: A coin issued by Uncertain - 1st/2nd Century AD","image_urls":["https://finds.org.uk/images/dpett/841.jpg"]},{"from":100,"to":200,"title":"BM-610E36: A coin issued by Uncertain - 1st/2nd Century AD","image_urls":["https://finds.org.uk/images/jasonlundock/5140.jpg"]},{"from":100,"to":200,"title":"HESH-F3A777: A coin issued by Uncertain - 1st-mid 3rd century","image_urls":["https://finds.org.uk/images/preavill/hesh-f3a777.jpg"]},{"from":100,"to":200,"title":"WAW-21E382: A coin issued by Uncertain - 1st/2nd Century AD","image_urls":["https://finds.org.uk/images/rshenry/WAW-21E382.jpg"]},{"from":100,"to":299,"title":"BERK-C19026: A coin issued by Uncertain - 1st-mid 3rd century","image_urls":["https://finds.org.uk/images/abyard/DJones2010160.JPG"]},{"from":100,"to":100,"title":"LANCUM-BAF9B1: A coin issued by Trajan","image_urls":["https://finds.org.uk/images/dboughton/SRMDMRBAF9B1.jpg"]},{"from":100,"to":100,"title":"BERK-433C98: A coin issued by Trajan","image_urls":["https://finds.org.uk/images/abyard/2012486.jpg"]},{"from":100,"to":250,"title":"WMID-4E21F6: A coin issued by Uncertain - 1st-mid 3rd century","image_urls":["https://finds.org.uk/images/tbrindle/WMID-4E21F6.jpg"]},{"from":100,"to":200,"title":"HAMP-2447E6: A coin issued by Uncertain - 1st/2nd Century AD","image_urls":["https://finds.org.uk/images/rwebley/HAMP-2447E6dupas.jpg"]},{"from":100,"to":100,"title":"NCL-1A4D83: A coin issued by Trajan","image_urls":["https://finds.org.uk/images/rcollins/IMG_9771.jpg"]},{"from":100,"to":200,"title":"HESH-38E795: A coin with an unrecorded/uncertain issuer.","image_urls":["https://finds.org.uk/images/preavill/HESH-38E795.jpg"]},{"from":100,"to":199,"title":"BERK-FA3167: A coin issued by Antoninus Pius","image_urls":["https://finds.org.uk/images/abyard/SAD005%20pius.jpg"]},{"from":100,"to":100,"title":"YORYM-4AB581: A coin issued by Trajan","image_urls":["https://finds.org.uk/images/bmorris/CH0078.jpg"]},{"from":100,"to":250,"title":"SUSS-A43FB3: A coin issued by Uncertain - 1st-mid 3rd century","image_urls":["https://finds.org.uk/images/lburnett/SUSS-A43FB3.jpg"]},{"from":100,"to":200,"title":"SUR-D57191: A coin issued by Uncertain - 1st/2nd Century AD","image_urls":["https://finds.org.uk/images/margaretb/12-1268.JPG"]},{"from":100,"to":200,"title":"LVPL-B012D4: A coin issued by Uncertain - 1st-mid 3rd century","image_urls":["https://finds.org.uk/images/voakden/LVPL-B012D4.jpg"]},{"from":100,"to":200,"title":"BM-863CD5: A coin issued by Uncertain - 1st/2nd Century AD","image_urls":["https://finds.org.uk/images/jasonlundock/5122.jpg"]},{"from":100,"to":100,"title":"SUR-925501: A coin issued by Trajan","image_urls":["https://finds.org.uk/images/dwilliams/B13-417.JPG"]},{"from":100,"to":199,"title":"SUSS-55F2C8: A coin issued by Antonine (uncertain)","image_urls":["https://finds.org.uk/images/richardw/SUSS-55F2C8.jpg"]},{"from":100,"to":200,"title":"NLM-4111F2: A coin issued by Uncertain - 1st/2nd Century AD","image_urls":["https://finds.org.uk/images/mforeman/NLM24264.jpg"]},{"from":100,"to":199,"title":"BERK-B9B7D4: A coin issued by Uncertain - 1st/2nd Century AD","image_urls":["https://finds.org.uk/images/abyard/2011851.jpg"]},{"from":100,"to":200,"title":"HESH-317963: A coin issued by Marcus Aurelius (as Augustus)","image_urls":["https://finds.org.uk/images/preavill/HESH-317963.jpg"]},{"from":100,"to":100,"title":"YORYM-9E9F01: A coin issued by Trajan","image_urls":["https://finds.org.uk/images/bmorris/DRH0090.jpg"]},{"from":100,"to":144,"title":"NLM-3C6152: A coin issued by Marcus Aurelius (as Caesar)","image_urls":["https://finds.org.uk/images/mforeman/NLM23387.jpg"]},{"from":100,"to":200,"title":"LEIC-95F235: A coin with an unrecorded/uncertain issuer.","image_urls":["https://finds.org.uk/images/wscott/LEIC-95F235.jpg"]},{"from":100,"to":200,"title":"NLM-5036F8: A coin issued by Uncertain - 1st/2nd Century AD","image_urls":["https://finds.org.uk/images/mforeman/NLM24280.jpg"]},{"from":100,"to":200,"title":"NLM-ED4094: A coin issued by Uncertain - 1st/2nd Century AD","image_urls":["https://finds.org.uk/images/mforeman/NLM21001.jpg"]},{"from":100,"to":250,"title":"YORYM-280922: A coin issued by Uncertain - 1st-mid 3rd century","image_urls":["https://finds.org.uk/images/bmorris/RWH0083.jpg"]},{"from":100,"to":101,"title":"Bronze Drachm of Trajan, Alexandreia, AD 100 - AD 101. 1944.100.55343","image_urls":["http://numismatics.org/collectionimages/19001949/1944/1944.100.55343.rev.width350.jpg"]},{"from":100,"to":101,"title":"Bronze Drachm of Trajan, Alexandreia, AD 100 - AD 101. 0000.999.24230","image_urls":["http://numismatics.org/collectionimages/00001899/0000/0000.999.24230.rev.width350.jpg"]},{"from":100,"to":101,"title":"Bronze Drachm of Trajan, Alexandreia, AD 100 - AD 101. 1944.100.55346","image_urls":["http://numismatics.org/collectionimages/19001949/1944/1944.100.55346.rev.width350.jpg"]},{"from":100,"to":200,"title":"Bronze Coin, Orthosia Cariae, AD 200 - AD 100. 2007.15.25","image_urls":["http://numismatics.org/collectionimages/20002049/2007/2007.15.25.rev.width350.jpg"]},{"from":100,"to":101,"title":"Bronze Chalkous of Trajan, Alexandreia, AD 100 - AD 101. 1944.100.55349","image_urls":["http://numismatics.org/collectionimages/19001949/1944/1944.100.55349.rev.width350.jpg"]},{"from":100,"to":101,"title":"Bronze Drachm of Trajan, Alexandreia, AD 100 - AD 101. 1944.100.55340","image_urls":["http://numismatics.org/collectionimages/19001949/1944/1944.100.55340.rev.width350.jpg"]},{"from":100,"to":101,"title":"Bronze Drachm of Trajan, Alexandreia, AD 100 - AD 101. 1944.100.55345","image_urls":["http://numismatics.org/collectionimages/19001949/1944/1944.100.55345.rev.width350.jpg"]},{"from":100,"to":101,"title":"Bronze Drachm of Trajan, Alexandreia, AD 100 - AD 101. 1974.26.3057","image_urls":["http://numismatics.org/collectionimages/19501999/1974/1974.26.3057.rev.width350.jpg"]},{"from":100,"to":101,"title":"Bronze Drachm of Trajan, Alexandreia, AD 100 - AD 101. 1944.100.55342","image_urls":["http://numismatics.org/collectionimages/19001949/1944/1944.100.55342.rev.width350.jpg"]},{"from":100,"to":101,"title":"Bronze Drachm of Trajan, Alexandreia, AD 100 - AD 101. 1944.100.55347","image_urls":["http://numismatics.org/collectionimages/19001949/1944/1944.100.55347.rev.width350.jpg"]},{"from":100,"to":101,"title":"Bronze Drachm of Trajan, Alexandreia, AD 100 - AD 101. 1944.100.55341","image_urls":["http://numismatics.org/collectionimages/19001949/1944/1944.100.55341.rev.width350.jpg"]},{"from":100,"to":200,"title":"Bronze Coin, Trapezopolis, AD 100 - AD 200. 1991.54.2","image_urls":["http://numismatics.org/collectionimages/19501999/1991/1991.54.2.rev.width350.jpg"]},{"from":100,"to":200,"title":"Bronze Coin, Maeonia, AD 100 - AD 200. 2001.21.8","image_urls":["http://numismatics.org/collectionimages/20002049/2001/2001.21.8.rev.width350.jpg"]},{"from":100,"to":101,"title":"Bronze Drachm of Trajan, Alexandreia, AD 100 - AD 101. 1944.100.55348","image_urls":["http://numismatics.org/collectionimages/19001949/1944/1944.100.55348.rev.width350.jpg"]},{"from":100,"to":101,"title":"Bronze Drachm of Trajan, Alexandreia, AD 100 - AD 101. 1995.11.282","image_urls":["http://numismatics.org/collectionimages/19501999/1995/1995.11.282.rev.width350.jpg"]},{"from":100,"to":200,"title":"Bronze Coin, Cythnos, AD 200 - AD 100. 2008.1.22","image_urls":["http://numismatics.org/collectionimages/20002049/2008/2008.1.22.rev.width350.jpg"]},{"from":100,"to":200,"title":"Bronze Coin, Corcyra, AD 100 - AD 200. 2008.2.18","image_urls":["http://numismatics.org/collectionimages/20002049/2008/2008.2.18.rev.width350.jpg"]},{"from":100,"to":101,"title":"Bronze Drachm of Trajan, Alexandreia, AD 100 - AD 101. 1944.100.55344","image_urls":["http://numismatics.org/collectionimages/19001949/1944/1944.100.55344.rev.width350.jpg"]},{"from":100,"to":101,"title":"Bronze Hemidrachm of Trajan, Alexandreia, AD 100 - AD 101. 1944.100.56231","image_urls":["http://numismatics.org/collectionimages/19001949/1944/1944.100.56231.rev.width350.jpg"]},{"from":100,"to":101,"title":"Bronze Drachm of Trajan, Alexandreia, AD 100 - AD 101. 1944.100.55339","image_urls":["http://numismatics.org/collectionimages/19001949/1944/1944.100.55339.rev.width350.jpg"]}]