[{"from":1005,"to":1025,"title":"Gold Tetarteron of Basil II, Constantinople, 1005 - 1025. 1944.100.14705","image_urls":["http://numismatics.org/collectionimages/19001949/1944/1944.100.14705.rev.width350.jpg"]},{"from":1005,"to":1025,"title":"Gold Histamenon of Basil II, Constantinople, 1005 - 1025. 1977.158.1172","image_urls":["http://numismatics.org/collectionimages/19501999/1977/1977.158.1172.rev.width350.jpg"]},{"from":1005,"to":1025,"title":"Gold Tetarteron of Basil II, Constantinople, 1005 - 1025. 1968.131.312","image_urls":["http://numismatics.org/collectionimages/19501999/1968/1968.131.312.rev.width350.jpg"]},{"from":1005,"to":1025,"title":"Gold Tetarteron of Basil II, Constantinople, 1005 - 1025. 1977.158.1171","image_urls":["http://numismatics.org/collectionimages/19501999/1977/1977.158.1171.rev.width350.jpg"]},{"from":1005,"to":1025,"title":"Gold Histamenon of Basil II, Constantinople, 1005 - 1025. 1944.100.14703","image_urls":["http://numismatics.org/collectionimages/19001949/1944/1944.100.14703.rev.width350.jpg"]},{"from":1005,"to":1025,"title":"Gold Histamenon of Basil II, Constantinople, 1005 - 1025. 1958.76.7","image_urls":["http://numismatics.org/collectionimages/19501999/1958/1958.76.7.rev.width350.jpg"]},{"from":1005,"to":1025,"title":"Gold Nomisma of Basil II, Constantinople, 1005 - 1025. 1944.100.14706","image_urls":["http://numismatics.org/collectionimages/19001949/1944/1944.100.14706.rev.width350.jpg"]},{"from":1005,"to":1025,"title":"Gold Histamenon of Basil II, Constantinople, 1005 - 1025. 1946.51.96","image_urls":["http://numismatics.org/collectionimages/19001949/1946/1946.51.96.rev.width350.jpg"]},{"from":1005,"to":1025,"title":"Gold Histamenon of Basil II, Constantinople, 1005 - 1025. 1974.26.171","image_urls":["http://numismatics.org/collectionimages/19501999/1974/1974.26.171.rev.width350.jpg"]},{"from":1005,"to":1025,"title":"Gold Histamenon of Basil II, Constantinople, 1005 - 1025. 1968.131.310","image_urls":["http://numismatics.org/collectionimages/19501999/1968/1968.131.310.rev.width350.jpg"]},{"from":1005,"to":1025,"title":"Gold Tetarteron of Basil II, Constantinople, 1005 - 1025. 1970.156.76","image_urls":["http://numismatics.org/collectionimages/19501999/1970/1970.156.76.rev.width350.jpg"]},{"from":1005,"to":1025,"title":"Gold Histamenon of Basil II, Constantinople, 1005 - 1025. 1944.100.14702","image_urls":["http://numismatics.org/collectionimages/19001949/1944/1944.100.14702.rev.width350.jpg"]},{"from":1005,"to":1025,"title":"Gold Tetarteron of Basil II, Constantinople, 1005 - 1025. 1948.19.495","image_urls":["http://numismatics.org/collectionimages/19001949/1948/1948.19.495.rev.width350.jpg"]}]