[{"from":101,"to":102,"title":"YORYM-8AE836: A coin issued by Trajan","image_urls":["https://finds.org.uk/images/yorkvol/JWi0004.jpg"]},{"from":101,"to":102,"title":"FAPJW-B80327: A coin issued by Trajan","image_urls":["https://finds.org.uk/images/pwalton/5475.jpg"]},{"from":101,"to":102,"title":"SWYOR-D85463: A coin issued by Trajan","image_urls":["https://finds.org.uk/images/acooper/PAS_2536_Trajan.jpg"]},{"from":101,"to":102,"title":"BH-D7A957: A coin issued by Trajan","image_urls":["https://finds.org.uk/images/jwatters/Silver%20roman%201%20photo%20obv.jpg"]},{"from":101,"to":102,"title":"NCL-343B44: A coin issued by Trajan","image_urls":["https://finds.org.uk/images/rcollins/IMG_3654.jpg"]},{"from":101,"to":102,"title":"SF-47D716: A coin issued by Trajan","image_urls":["https://finds.org.uk/images/abrown/BRG%20SF-47D716.jpg"]},{"from":101,"to":102,"title":"DOR-06EB01: A coin issued by Trajan","image_urls":["https://finds.org.uk/images/jshoemark2/125.jpg"]},{"from":101,"to":102,"title":"BM-3BAE15: A coin issued by Trajan","image_urls":["https://finds.org.uk/images/jasonlundock/bm3bae15.jpg"]},{"from":101,"to":102,"title":"WILT-859161: A coin issued by Trajan","image_urls":["https://finds.org.uk/images/khinds/Bulley0908hoardcoin1.jpg"]},{"from":101,"to":102,"title":"SF-DE39D4: A coin issued by Trajan","image_urls":["https://finds.org.uk/images/abrown/GDD_SF-DE39D4.jpg"]},{"from":101,"to":102,"title":"SUR-456E94: A coin issued by Trajan","image_urls":["https://finds.org.uk/images/dwilliams/10-1469.jpg"]},{"from":101,"to":101,"title":"SUR-7681C6: A coin issued by Trajan","image_urls":["https://finds.org.uk/images/dwilliams/B12-185.JPG"]},{"from":101,"to":102,"title":"BH-DECFF7: A coin issued by Trajan","image_urls":["https://finds.org.uk/images/jwatters/Roman%20coin%2009%2057%20-%206.jpg"]},{"from":101,"to":102,"title":"BM-66EB98: A coin issued by Trajan","image_urls":["https://finds.org.uk/images/jasonlundock/1087.jpg"]},{"from":101,"to":102,"title":"SUSS-508B11: A coin issued by Trajan","image_urls":["https://finds.org.uk/images/stephaniesmith/SUSS-508B11.jpg"]},{"from":101,"to":101,"title":"DUR-C5A014: A coin issued by Trajan","image_urls":["https://finds.org.uk/images/emorris/DUR-C5A014.jpg"]},{"from":101,"to":102,"title":"YORYM-801356: A coin issued by Trajan","image_urls":["https://finds.org.uk/images/bmorris/TWY0005.jpg"]},{"from":101,"to":102,"title":"BERK-1AC768: A coin issued by Trajan","image_urls":["https://finds.org.uk/images/abyard/2014572.jpg"]},{"from":101,"to":101,"title":"YORYM-33E144: A coin issued by Republic","image_urls":["https://finds.org.uk/images/law/RoD0205.jpg"]},{"from":101,"to":102,"title":"SWYOR-6FF698: A coin issued by Trajan","image_urls":["https://finds.org.uk/images/acooper/PAS%20437%20hercules.jpg"]},{"from":101,"to":102,"title":"BH-E7ED42: A coin issued by Trajan","image_urls":["https://finds.org.uk/images/jwatters/Roman_coin_12_55_1.jpg"]},{"from":101,"to":102,"title":"DOR-996665: A coin issued by Trajan","image_urls":["https://finds.org.uk/images/caht/996665.jpg"]},{"from":101,"to":102,"title":"DOR-190915: A coin issued by Trajan","image_urls":["https://finds.org.uk/images/caht/190915.jpg"]},{"from":101,"to":102,"title":"LVPL-DC9A63: A coin issued by Trajan","image_urls":["https://finds.org.uk/images/voakden/LVPL-DC9A63.jpg"]},{"from":101,"to":102,"title":"IOW-47C9A8: A coin issued by Trajan","image_urls":["https://finds.org.uk/images/fbasford/IOW2012-2-359.JPG"]},{"from":101,"to":102,"title":"WMID-BB49D2: A coin issued by Trajan","image_urls":["https://finds.org.uk/images/hglenn/WMID-BB49D2.jpg"]},{"from":101,"to":102,"title":"DENO-5C49F7: A coin issued by Trajan","image_urls":["https://finds.org.uk/images/cburrill2/E7071_RomanDenarius_Trajan_Pax_Copy.jpg"]},{"from":101,"to":102,"title":"NMGW-773394: A coin issued by Trajan","image_urls":["https://finds.org.uk/images/wenkedomscheit/2013.51.14jpg.jpg"]},{"from":101,"to":102,"title":"DENO-F56F50: A coin issued by Trajan","image_urls":["https://finds.org.uk/images/cburrill2/E7388_Denarius_Trajan_Victory.jpg"]},{"from":101,"to":101,"title":"DENO-DFB363: A coin issued by Trajan","image_urls":["https://finds.org.uk/images/arohde/E5676%20early%20Roman%202.jpg"]},{"from":101,"to":111,"title":"LEIC-8623F2: A coin issued by Trajan","image_urls":["https://finds.org.uk/images/philharding/CAD1515c.jpg"]},{"from":101,"to":102,"title":"SF-972E53: A coin issued by Trajan","image_urls":["https://finds.org.uk/images/abrown/WMH_SF-972E53.jpg"]},{"from":101,"to":111,"title":"NLM-3C7213: A coin issued by Trajan","image_urls":["https://finds.org.uk/images/mforeman/NLM23388.jpg"]},{"from":101,"to":102,"title":"SF-7ADF16: A coin issued by Trajan","image_urls":["https://finds.org.uk/images/abrown/SLY_SF-7ADF16.jpg"]},{"from":101,"to":102,"title":"SF-B8FAC4: A coin issued by Trajan","image_urls":["https://finds.org.uk/images/abrown/SPX_SF-B8FAC4.jpg"]},{"from":101,"to":102,"title":"KENT-999533: A coin issued by Trajan","image_urls":["https://finds.org.uk/images/elissiaburrows/KENT-999533.jpg"]},{"from":101,"to":102,"title":"BM-66D826: A coin issued by Trajan","image_urls":["https://finds.org.uk/images/jasonlundock/1015.jpg"]},{"from":101,"to":102,"title":"DOR-B183D5: A coin issued by Trajan","image_urls":["https://finds.org.uk/images/caht/denarius.jpg"]},{"from":101,"to":117,"title":"YORYM-942703: A coin issued by Trajan","image_urls":["https://finds.org.uk/images/law/PG0001.jpg"]},{"from":101,"to":102,"title":"NCL-2B2B3C: A coin issued by Trajan","image_urls":["https://finds.org.uk/images/rcollins/NCL-2B2B3C.JPG"]},{"from":101,"to":102,"title":"RIC II Trajan 60. 1944.100.43495","image_urls":["http://numismatics.org/collectionimages/19001949/1944/1944.100.43495.rev.width350.jpg"]},{"from":101,"to":102,"title":"RIC II Trajan 59. 1956.127.1411","image_urls":["http://numismatics.org/collectionimages/19501999/1956/1956.127.1411.rev.width350.jpg"]},{"from":101,"to":102,"title":"RIC II Trajan 54. 1956.127.1405","image_urls":["http://numismatics.org/collectionimages/19501999/1956/1956.127.1405.rev.width350.jpg"]},{"from":101,"to":102,"title":"RIC II Trajan 49 (aureus). 1956.127.1395","image_urls":["http://numismatics.org/collectionimages/19501999/1956/1956.127.1395.rev.width350.jpg"]},{"from":101,"to":102,"title":"RIC II Trajan 58. 1944.100.43489","image_urls":["http://numismatics.org/collectionimages/19001949/1944/1944.100.43489.rev.width350.jpg"]},{"from":101,"to":102,"title":"RIC II Trajan 431. 1988.5.27","image_urls":["http://numismatics.org/collectionimages/19501999/1988/1988.5.27.rev.width350.jpg"]},{"from":101,"to":102,"title":"RIC II Trajan 57. 1956.127.1426","image_urls":["http://numismatics.org/collectionimages/19501999/1956/1956.127.1426.rev.width350.jpg"]},{"from":101,"to":102,"title":"RIC II Trajan 59. 1956.127.1408","image_urls":["http://numismatics.org/collectionimages/19501999/1956/1956.127.1408.rev.width350.jpg"]},{"from":101,"to":102,"title":"RIC II Trajan 432. 1995.11.518","image_urls":["http://numismatics.org/collectionimages/19501999/1995/1995.11.518.rev.width350.jpg"]},{"from":101,"to":102,"title":"RIC II Trajan 49 (denarius). 1944.100.43483","image_urls":["http://numismatics.org/collectionimages/19001949/1944/1944.100.43483.rev.width350.jpg"]},{"from":101,"to":102,"title":"RIC II Trajan 434. 1919.75.8","image_urls":["http://numismatics.org/collectionimages/19001949/1919/1919.75.8.rev.width350.jpg"]},{"from":101,"to":102,"title":"RIC II Trajan 49 (denarius). 1956.127.1398","image_urls":["http://numismatics.org/collectionimages/19501999/1956/1956.127.1398.rev.width350.jpg"]},{"from":101,"to":102,"title":"RIC II Trajan 52. 1956.127.1401","image_urls":["http://numismatics.org/collectionimages/19501999/1956/1956.127.1401.rev.width350.jpg"]},{"from":101,"to":102,"title":"RIC II Trajan 432. 1957.172.1636","image_urls":["http://numismatics.org/collectionimages/19501999/1957/1957.172.1636.rev.width350.jpg"]},{"from":101,"to":102,"title":"RIC II Trajan 52. 1948.19.1138","image_urls":["http://numismatics.org/collectionimages/19001949/1948/1948.19.1138.rev.width350.jpg"]},{"from":101,"to":102,"title":"RIC II Trajan 58. 1944.100.43491","image_urls":["http://numismatics.org/collectionimages/19001949/1944/1944.100.43491.rev.width350.jpg"]},{"from":101,"to":102,"title":"RIC II Trajan 56. 1944.100.43485","image_urls":["http://numismatics.org/collectionimages/19001949/1944/1944.100.43485.rev.width350.jpg"]},{"from":101,"to":102,"title":"RIC II Trajan 434. 1944.100.44696","image_urls":["http://numismatics.org/collectionimages/19001949/1944/1944.100.44696.rev.width350.jpg"]},{"from":101,"to":102,"title":"RIC II Trajan 60. 1944.100.43494","image_urls":["http://numismatics.org/collectionimages/19001949/1944/1944.100.43494.rev.width350.jpg"]},{"from":101,"to":102,"title":"RIC II Trajan 58. 1944.100.43488","image_urls":["http://numismatics.org/collectionimages/19001949/1944/1944.100.43488.rev.width350.jpg"]},{"from":101,"to":102,"title":"RIC II Trajan 432. 1944.100.44694","image_urls":["http://numismatics.org/collectionimages/19001949/1944/1944.100.44694.rev.width350.jpg"]},{"from":101,"to":102,"title":"RIC II Trajan 49 (denarius). 1905.57.337","image_urls":["http://numismatics.org/collectionimages/19001949/1905/1905.57.337.rev.width350.jpg"]},{"from":101,"to":102,"title":"RIC II Trajan 49 (denarius). 1956.127.1392","image_urls":["http://numismatics.org/collectionimages/19501999/1956/1956.127.1392.rev.width350.jpg"]},{"from":101,"to":102,"title":"RIC II Trajan 49 (denarius). 1944.100.43482","image_urls":["http://numismatics.org/collectionimages/19001949/1944/1944.100.43482.rev.width350.jpg"]},{"from":101,"to":102,"title":"RIC II Trajan 49 (denarius). 1956.127.1397","image_urls":["http://numismatics.org/collectionimages/19501999/1956/1956.127.1397.rev.width350.jpg"]},{"from":101,"to":102,"title":"RIC II Trajan 53. 1911.23.19","image_urls":["http://numismatics.org/collectionimages/19001949/1911/1911.23.19.rev.width350.jpg"]},{"from":101,"to":102,"title":"RIC II Trajan 52. 1995.11.527","image_urls":["http://numismatics.org/collectionimages/19501999/1995/1995.11.527.rev.width350.jpg"]},{"from":101,"to":102,"title":"RIC II Trajan 67. 1944.100.43497","image_urls":["http://numismatics.org/collectionimages/19001949/1944/1944.100.43497.rev.width350.jpg"]},{"from":101,"to":102,"title":"RIC II Trajan 428. 1988.5.29","image_urls":["http://numismatics.org/collectionimages/19501999/1988/1988.5.29.rev.width350.jpg"]},{"from":101,"to":102,"title":"RIC II Trajan 60. 1948.19.1141","image_urls":["http://numismatics.org/collectionimages/19001949/1948/1948.19.1141.rev.width350.jpg"]},{"from":101,"to":102,"title":"RIC II Trajan 58. 1956.127.1413","image_urls":["http://numismatics.org/collectionimages/19501999/1956/1956.127.1413.rev.width350.jpg"]},{"from":101,"to":102,"title":"RIC II Trajan 60. 1952.142.128","image_urls":["http://numismatics.org/collectionimages/19501999/1952/1952.142.128.rev.width350.jpg"]},{"from":101,"to":102,"title":"RIC II Trajan 432. 1978.64.403","image_urls":["http://numismatics.org/collectionimages/19501999/1978/1978.64.403.rev.width350.jpg"]},{"from":101,"to":102,"title":"RIC II Trajan 65. 1911.23.21","image_urls":["http://numismatics.org/collectionimages/19001949/1911/1911.23.21.rev.width350.jpg"]},{"from":101,"to":102,"title":"RIC II Trajan 52. 1911.23.18","image_urls":["http://numismatics.org/collectionimages/19001949/1911/1911.23.18.rev.width350.jpg"]},{"from":101,"to":102,"title":"RIC II Trajan 57. 1956.127.1425","image_urls":["http://numismatics.org/collectionimages/19501999/1956/1956.127.1425.rev.width350.jpg"]},{"from":101,"to":102,"title":"RIC II Trajan 52. 1956.127.1404","image_urls":["http://numismatics.org/collectionimages/19501999/1956/1956.127.1404.rev.width350.jpg"]},{"from":101,"to":102,"title":"RIC II Trajan 434. 0000.999.18552","image_urls":["http://numismatics.org/collectionimages/00001899/0000/0000.999.18552.rev.width350.jpg"]},{"from":101,"to":102,"title":"RIC II Trajan 60. 1956.127.1419","image_urls":["http://numismatics.org/collectionimages/19501999/1956/1956.127.1419.rev.width350.jpg"]},{"from":101,"to":102,"title":"RIC II Trajan 49 (denarius). 1956.127.1394","image_urls":["http://numismatics.org/collectionimages/19501999/1956/1956.127.1394.rev.width350.jpg"]},{"from":101,"to":102,"title":"RIC II Trajan 59. 1956.127.1409","image_urls":["http://numismatics.org/collectionimages/19501999/1956/1956.127.1409.rev.width350.jpg"]},{"from":101,"to":102,"title":"RIC II Trajan 49 (denarius). 1956.127.1400","image_urls":["http://numismatics.org/collectionimages/19501999/1956/1956.127.1400.rev.width350.jpg"]},{"from":101,"to":102,"title":"RIC II Trajan 49 (denarius). 1956.127.1399","image_urls":["http://numismatics.org/collectionimages/19501999/1956/1956.127.1399.rev.width350.jpg"]},{"from":101,"to":102,"title":"RIC II Trajan 49 (denarius). 1944.100.43484","image_urls":["http://numismatics.org/collectionimages/19001949/1944/1944.100.43484.rev.width350.jpg"]},{"from":101,"to":102,"title":"RIC II Trajan 60. 1956.127.1421","image_urls":["http://numismatics.org/collectionimages/19501999/1956/1956.127.1421.rev.width350.jpg"]},{"from":101,"to":102,"title":"RIC II Trajan 58. 1956.127.1415","image_urls":["http://numismatics.org/collectionimages/19501999/1956/1956.127.1415.rev.width350.jpg"]},{"from":101,"to":102,"title":"RIC II Trajan 434. 1906.236.294","image_urls":["http://numismatics.org/collectionimages/19001949/1906/1906.236.294.rev.width350.jpg"]},{"from":101,"to":102,"title":"RIC II Trajan 49 (denarius). 1956.127.1393","image_urls":["http://numismatics.org/collectionimages/19501999/1956/1956.127.1393.rev.width350.jpg"]},{"from":101,"to":102,"title":"RIC II Trajan 434. 1974.26.989","image_urls":["http://numismatics.org/collectionimages/19501999/1974/1974.26.989.rev.width350.jpg"]},{"from":101,"to":102,"title":"RIC II Trajan 59. 1911.23.20","image_urls":["http://numismatics.org/collectionimages/19001949/1911/1911.23.20.rev.width350.jpg"]},{"from":101,"to":102,"title":"RIC II Trajan 52. 1956.127.1403","image_urls":["http://numismatics.org/collectionimages/19501999/1956/1956.127.1403.rev.width350.jpg"]},{"from":101,"to":102,"title":"RIC II Trajan 65. 1944.100.43487","image_urls":["http://numismatics.org/collectionimages/19001949/1944/1944.100.43487.rev.width350.jpg"]},{"from":101,"to":102,"title":"RIC II Trajan 434. 0000.999.18551","image_urls":["http://numismatics.org/collectionimages/00001899/0000/0000.999.18551.rev.width350.jpg"]},{"from":101,"to":102,"title":"RIC II Trajan 432. 1944.100.44695","image_urls":["http://numismatics.org/collectionimages/19001949/1944/1944.100.44695.rev.width350.jpg"]},{"from":101,"to":102,"title":"RIC II Trajan 58. 1995.11.543","image_urls":["http://numismatics.org/collectionimages/19501999/1995/1995.11.543.rev.width350.jpg"]},{"from":101,"to":102,"title":"RIC II Trajan 60. 1956.127.1424","image_urls":["http://numismatics.org/collectionimages/19501999/1956/1956.127.1424.rev.width350.jpg"]},{"from":101,"to":102,"title":"RIC II Trajan 434. 1960.170.222","image_urls":["http://numismatics.org/collectionimages/19501999/1960/1960.170.222.rev.width350.jpg"]},{"from":101,"to":102,"title":"RIC II Trajan 60. 1911.23.23","image_urls":["http://numismatics.org/collectionimages/19001949/1911/1911.23.23.rev.width350.jpg"]},{"from":101,"to":102,"title":"Billon Tetradrachm of Trajan, Alexandreia, AD 101 - AD 102. 1944.100.55315","image_urls":["http://numismatics.org/collectionimages/19001949/1944/1944.100.55315.rev.width350.jpg"]},{"from":101,"to":102,"title":"RIC II Trajan 49 (denarius). 1911.23.17","image_urls":["http://numismatics.org/collectionimages/19001949/1911/1911.23.17.rev.width350.jpg"]},{"from":101,"to":102,"title":"RIC II Trajan 436. 1944.100.44699","image_urls":["http://numismatics.org/collectionimages/19001949/1944/1944.100.44699.rev.width350.jpg"]},{"from":101,"to":102,"title":"RIC II Trajan 58. 0000.999.18194","image_urls":["http://numismatics.org/collectionimages/00001899/0000/0000.999.18194.rev.width350.jpg"]},{"from":101,"to":102,"title":"RIC II Trajan 58. 1956.127.1418","image_urls":["http://numismatics.org/collectionimages/19501999/1956/1956.127.1418.rev.width350.jpg"]},{"from":101,"to":102,"title":"RIC II Trajan 54. 1995.11.495","image_urls":["http://numismatics.org/collectionimages/19501999/1995/1995.11.495.rev.width350.jpg"]},{"from":101,"to":102,"title":"RIC II Trajan 434. 1995.11.489","image_urls":["http://numismatics.org/collectionimages/19501999/1995/1995.11.489.rev.width350.jpg"]},{"from":101,"to":102,"title":"RIC II Trajan 49 (denarius). 1987.26.146","image_urls":["http://numismatics.org/collectionimages/19501999/1987/1987.26.146.rev.width350.jpg"]},{"from":101,"to":102,"title":"RIC II Trajan 56. 1956.127.1406","image_urls":["http://numismatics.org/collectionimages/19501999/1956/1956.127.1406.rev.width350.jpg"]},{"from":101,"to":102,"title":"RIC II Trajan 59. 1944.100.43493","image_urls":["http://numismatics.org/collectionimages/19001949/1944/1944.100.43493.rev.width350.jpg"]},{"from":101,"to":102,"title":"RIC II Trajan 59. 1995.11.544","image_urls":["http://numismatics.org/collectionimages/19501999/1995/1995.11.544.rev.width350.jpg"]},{"from":101,"to":102,"title":"RIC II Trajan 434. 1944.57.9","image_urls":["http://numismatics.org/collectionimages/19001949/1944/1944.57.9.rev.width350.jpg"]},{"from":101,"to":102,"title":"RIC II Trajan 59. 1956.127.1407","image_urls":["http://numismatics.org/collectionimages/19501999/1956/1956.127.1407.rev.width350.jpg"]},{"from":101,"to":102,"title":"RIC II Trajan 59. 1985.140.73","image_urls":["http://numismatics.org/collectionimages/19501999/1985/1985.140.73.rev.width350.jpg"]},{"from":101,"to":102,"title":"RIC II Trajan 60. 1956.127.1422","image_urls":["http://numismatics.org/collectionimages/19501999/1956/1956.127.1422.rev.width350.jpg"]},{"from":101,"to":102,"title":"RIC II Trajan 434. 1995.11.490","image_urls":["http://numismatics.org/collectionimages/19501999/1995/1995.11.490.rev.width350.jpg"]},{"from":101,"to":102,"title":"RIC II Trajan 434. 1906.236.295","image_urls":["http://numismatics.org/collectionimages/19001949/1906/1906.236.295.rev.width350.jpg"]},{"from":101,"to":102,"title":"RIC II Trajan 58. 1956.127.1412","image_urls":["http://numismatics.org/collectionimages/19501999/1956/1956.127.1412.rev.width350.jpg"]},{"from":101,"to":102,"title":"RIC II Trajan 60. 1948.19.1140","image_urls":["http://numismatics.org/collectionimages/19001949/1948/1948.19.1140.rev.width350.jpg"]},{"from":101,"to":102,"title":"RIC II Trajan 60. 1944.100.43496","image_urls":["http://numismatics.org/collectionimages/19001949/1944/1944.100.43496.rev.width350.jpg"]},{"from":101,"to":102,"title":"RIC II Trajan 58. 1944.100.43490","image_urls":["http://numismatics.org/collectionimages/19001949/1944/1944.100.43490.rev.width350.jpg"]},{"from":101,"to":102,"title":"RIC II Trajan 49 (denarius). 1948.19.1137","image_urls":["http://numismatics.org/collectionimages/19001949/1948/1948.19.1137.rev.width350.jpg"]},{"from":101,"to":102,"title":"RIC II Trajan 56. 0000.999.18193","image_urls":["http://numismatics.org/collectionimages/00001899/0000/0000.999.18193.rev.width350.jpg"]},{"from":101,"to":102,"title":"RIC II Trajan 60. 1956.127.1420","image_urls":["http://numismatics.org/collectionimages/19501999/1956/1956.127.1420.rev.width350.jpg"]},{"from":101,"to":102,"title":"Billon Tetradrachm of Trajan, Alexandreia, AD 101 - AD 102. 1944.100.55212","image_urls":["http://numismatics.org/collectionimages/19001949/1944/1944.100.55212.rev.width350.jpg"]},{"from":101,"to":102,"title":"RIC II Trajan 67. 1995.11.528","image_urls":["http://numismatics.org/collectionimages/19501999/1995/1995.11.528.rev.width350.jpg"]},{"from":101,"to":102,"title":"RIC II Trajan 60. 1941.131.780","image_urls":["http://numismatics.org/collectionimages/19001949/1941/1941.131.780.rev.width350.jpg"]},{"from":101,"to":102,"title":"RIC II Trajan 67. 1957.172.1611","image_urls":["http://numismatics.org/collectionimages/19501999/1957/1957.172.1611.rev.width350.jpg"]},{"from":101,"to":102,"title":"RIC II Trajan 58. 1956.127.1414","image_urls":["http://numismatics.org/collectionimages/19501999/1956/1956.127.1414.rev.width350.jpg"]},{"from":101,"to":102,"title":"RIC II Trajan 58. 1944.100.43492","image_urls":["http://numismatics.org/collectionimages/19001949/1944/1944.100.43492.rev.width350.jpg"]},{"from":101,"to":102,"title":"RIC II Trajan 58. 1911.23.22","image_urls":["http://numismatics.org/collectionimages/19001949/1911/1911.23.22.rev.width350.jpg"]},{"from":101,"to":102,"title":"RIC II Trajan 57. 0000.999.18196","image_urls":["http://numismatics.org/collectionimages/00001899/0000/0000.999.18196.rev.width350.jpg"]},{"from":101,"to":102,"title":"RIC II Trajan 60. 1956.127.1423","image_urls":["http://numismatics.org/collectionimages/19501999/1956/1956.127.1423.rev.width350.jpg"]},{"from":101,"to":102,"title":"RIC II Trajan 59. 1948.19.1139","image_urls":["http://numismatics.org/collectionimages/19001949/1948/1948.19.1139.rev.width350.jpg"]},{"from":101,"to":102,"title":"RIC II Trajan 52. 1956.127.1402","image_urls":["http://numismatics.org/collectionimages/19501999/1956/1956.127.1402.rev.width350.jpg"]},{"from":101,"to":102,"title":"RIC II Trajan 59. 1944.100.43486","image_urls":["http://numismatics.org/collectionimages/19001949/1944/1944.100.43486.rev.width350.jpg"]},{"from":101,"to":102,"title":"RIC II Trajan 58. 1956.127.1417","image_urls":["http://numismatics.org/collectionimages/19501999/1956/1956.127.1417.rev.width350.jpg"]},{"from":101,"to":102,"title":"RIC II Trajan 434. 1927.38.51","image_urls":["http://numismatics.org/collectionimages/19001949/1927/1927.38.51.rev.width350.jpg"]},{"from":101,"to":102,"title":"RIC II Trajan 432. 0000.999.18550","image_urls":["http://numismatics.org/collectionimages/00001899/0000/0000.999.18550.rev.width350.jpg"]},{"from":101,"to":102,"title":"RIC II Trajan 436. 1944.100.44698","image_urls":["http://numismatics.org/collectionimages/19001949/1944/1944.100.44698.rev.width350.jpg"]},{"from":101,"to":102,"title":"RIC II Trajan 432. 1906.236.293","image_urls":["http://numismatics.org/collectionimages/19001949/1906/1906.236.293.rev.width350.jpg"]},{"from":101,"to":102,"title":"RIC II Trajan 69 (aureus). 1944.100.43498","image_urls":["http://numismatics.org/collectionimages/19001949/1944/1944.100.43498.rev.width350.jpg"]},{"from":101,"to":102,"title":"RIC II Trajan 59. 1956.127.1410","image_urls":["http://numismatics.org/collectionimages/19501999/1956/1956.127.1410.rev.width350.jpg"]},{"from":101,"to":102,"title":"RIC II Trajan 49 (denarius). 1956.127.1396","image_urls":["http://numismatics.org/collectionimages/19501999/1956/1956.127.1396.rev.width350.jpg"]},{"from":101,"to":102,"title":"RIC II Trajan 434. 1944.100.44697","image_urls":["http://numismatics.org/collectionimages/19001949/1944/1944.100.44697.rev.width350.jpg"]},{"from":101,"to":102,"title":"RIC II Trajan 49 (denarius). 1995.11.545","image_urls":["http://numismatics.org/collectionimages/19501999/1995/1995.11.545.rev.width350.jpg"]},{"from":101,"to":102,"title":"RIC II Trajan 60. 1916.106.23","image_urls":["http://numismatics.org/collectionimages/19001949/1916/1916.106.23.rev.width350.jpg"]},{"from":101,"to":102,"title":"RIC II Trajan 50 (aureus). 1954.256.13","image_urls":["http://numismatics.org/collectionimages/19501999/1954/1954.256.13.rev.width350.jpg"]}]