[{"from":102,"to":117,"title":"DEV-7AFD04: A coin issued by Trajan","image_urls":["https://finds.org.uk/images/dwootton/DEV-7AFD04%20Roman%20sestertius.jpg"]},{"from":102,"to":111,"title":"LIN-7EC483: A coin issued by Trajan","image_urls":["https://finds.org.uk/images/adaubney/LIN4739.JPG"]},{"from":102,"to":102,"title":"LEIC-4108C2: A coin issued by Trajan","image_urls":["https://finds.org.uk/images/wscott/4108C2.JPG"]},{"from":102,"to":102,"title":"IOW-7E2335: A coin issued by Republic","image_urls":["https://finds.org.uk/images/fbasford/IOW2015573.JPG"]},{"from":102,"to":107,"title":"CAM-78C642: A coin issued by Trajan","image_urls":["https://finds.org.uk/images/pjw/CAM_78C642.jpg"]},{"from":102,"to":103,"title":"Billon Tetradrachm of Trajan, Alexandreia, AD 102 - AD 103. 1944.100.55213","image_urls":["http://numismatics.org/collectionimages/19001949/1944/1944.100.55213.rev.width350.jpg"]},{"from":102,"to":103,"title":"Billon Tetradrachm of Trajan, Alexandreia, AD 102 - AD 103. 1974.26.3017","image_urls":["http://numismatics.org/collectionimages/19501999/1974/1974.26.3017.rev.width350.jpg"]},{"from":102,"to":103,"title":"Bronze Drachm of Trajan, Alexandreia, AD 102 - AD 103. 1938.70.2","image_urls":["http://numismatics.org/collectionimages/19001949/1938/1938.70.2.rev.width350.jpg"]}]