[{"from":1025,"to":1028,"title":"Gold Histamenon of Constantine VIII, Constantinople, 1025 - 1028. 1968.131.313","image_urls":["http://numismatics.org/collectionimages/19501999/1968/1968.131.313.rev.width350.jpg"]},{"from":1025,"to":1028,"title":"Gold Histamenon of Constantine VIII, Constantinople, 1025 - 1028. 1977.158.1174","image_urls":["http://numismatics.org/collectionimages/19501999/1977/1977.158.1174.rev.width350.jpg"]},{"from":1025,"to":1028,"title":"Gold Tetarteron of Constantine VIII, Constantinople, 1025 - 1028. 1968.131.315","image_urls":["http://numismatics.org/collectionimages/19501999/1968/1968.131.315.rev.width350.jpg"]},{"from":1025,"to":1028,"title":"Gold Histamenon of Constantine VIII, Constantinople, 1025 - 1028. 1968.131.314","image_urls":["http://numismatics.org/collectionimages/19501999/1968/1968.131.314.rev.width350.jpg"]},{"from":1025,"to":1028,"title":"Gold Histamenon of Constantine VIII, Constantinople, 1025 - 1028. 1944.100.14709","image_urls":["http://numismatics.org/collectionimages/19001949/1944/1944.100.14709.rev.width350.jpg"]},{"from":1025,"to":1028,"title":"Gold Tetarteron of Constantine VIII, Constantinople, 1025 - 1028. 1977.158.1176","image_urls":["http://numismatics.org/collectionimages/19501999/1977/1977.158.1176.rev.width350.jpg"]},{"from":1025,"to":1028,"title":"Gold Histamenon of Constantine VIII, Constantinople, 1025 - 1028. 1977.158.1173","image_urls":["http://numismatics.org/collectionimages/19501999/1977/1977.158.1173.rev.width350.jpg"]}]