[{"from":1028,"to":1034,"title":"Gold Histamenon of Romanus III, Constantinople, 1028 - 1034. 1944.100.14711","image_urls":["http://numismatics.org/collectionimages/19001949/1944/1944.100.14711.rev.width350.jpg"]},{"from":1028,"to":1034,"title":"Gold Histamenon of Romanus III, Constantinople, 1028 - 1034. 1958.76.9","image_urls":["http://numismatics.org/collectionimages/19501999/1958/1958.76.9.rev.width350.jpg"]},{"from":1028,"to":1034,"title":"Gold Histamenon of Romanus III, Constantinople, 1028 - 1034. 1944.100.14710","image_urls":["http://numismatics.org/collectionimages/19001949/1944/1944.100.14710.rev.width350.jpg"]},{"from":1028,"to":1034,"title":"Gold Histamenon of Romanus III, Constantinople, 1028 - 1034. 1948.19.497","image_urls":["http://numismatics.org/collectionimages/19001949/1948/1948.19.497.rev.width350.jpg"]},{"from":1028,"to":1034,"title":"Gold Histamenon of Romanus III, Constantinople, 1028 - 1034. 1968.131.318","image_urls":["http://numismatics.org/collectionimages/19501999/1968/1968.131.318.rev.width350.jpg"]},{"from":1028,"to":1034,"title":"Gold Histamenon of Romanus III, Constantinople, 1028 - 1034. 1977.158.1177","image_urls":["http://numismatics.org/collectionimages/19501999/1977/1977.158.1177.rev.width350.jpg"]},{"from":1028,"to":1034,"title":"Gold Histamenon of Romanus III, Constantinople, 1028 - 1034. 1958.76.8","image_urls":["http://numismatics.org/collectionimages/19501999/1958/1958.76.8.rev.width350.jpg"]},{"from":1028,"to":1034,"title":"Bronze Follis, Constantinople, 1028 - 1034. 1984.61.3076","image_urls":["http://numismatics.org/collectionimages/19501999/1984/1984.61.3076.rev.width350.jpg"]},{"from":1028,"to":1034,"title":"Gold Histamenon of Romanus III, Constantinople, 1028 - 1034. 1968.131.317","image_urls":["http://numismatics.org/collectionimages/19501999/1968/1968.131.317.rev.width350.jpg"]},{"from":1028,"to":1034,"title":"Gold Histamenon of Romanus III, Constantinople, 1028 - 1034. 1980.109.299","image_urls":["http://numismatics.org/collectionimages/19501999/1980/1980.109.299.rev.width350.jpg"]},{"from":1028,"to":1034,"title":"Gold Histamenon of Romanus III, Constantinople, 1028 - 1034. 1946.51.99","image_urls":["http://numismatics.org/collectionimages/19001949/1946/1946.51.99.rev.width350.jpg"]},{"from":1028,"to":1034,"title":"Gold Histamenon of Romanus III, Constantinople, 1028 - 1034. 1966.169.14","image_urls":["http://numismatics.org/collectionimages/19501999/1966/1966.169.14.rev.width350.jpg"]},{"from":1028,"to":1034,"title":"Gold Histamenon of Romanus III, Constantinople, 1028 - 1034. 1968.131.316","image_urls":["http://numismatics.org/collectionimages/19501999/1968/1968.131.316.rev.width350.jpg"]},{"from":1028,"to":1034,"title":"Gold Histamenon of Romanus III, Constantinople, 1028 - 1034. 1946.51.100","image_urls":["http://numismatics.org/collectionimages/19001949/1946/1946.51.100.rev.width350.jpg"]},{"from":1028,"to":1034,"title":"Gold Histamenon of Romanus III, Constantinople, 1028 - 1034. 1978.64.560","image_urls":["http://numismatics.org/collectionimages/19501999/1978/1978.64.560.rev.width350.jpg"]},{"from":1028,"to":1034,"title":"Gold Histamenon of Romanus III, Constantinople, 1028 - 1034. 1948.19.498","image_urls":["http://numismatics.org/collectionimages/19001949/1948/1948.19.498.rev.width350.jpg"]},{"from":1028,"to":1034,"title":"Gold Histamenon of Romanus III, Constantinople, 1028 - 1034. 0000.999.7270","image_urls":["http://numismatics.org/collectionimages/00001899/0000/0000.999.7270.rev.width350.jpg"]}]