[{"from":1034,"to":1041,"title":"Gold Histamenon of Michael IV, Constantinople, 1034 - 1041. 1946.51.102","image_urls":["http://numismatics.org/collectionimages/19001949/1946/1946.51.102.rev.width350.jpg"]},{"from":1034,"to":1041,"title":"Gold Histamenon of Michael IV, Constantinople, 1034 - 1041. 1980.109.300","image_urls":["http://numismatics.org/collectionimages/19501999/1980/1980.109.300.rev.width350.jpg"]},{"from":1034,"to":1041,"title":"Gold Histamenon of Michael IV, Constantinople, 1034 - 1041. 1977.158.1179","image_urls":["http://numismatics.org/collectionimages/19501999/1977/1977.158.1179.rev.width350.jpg"]},{"from":1034,"to":1041,"title":"Gold Histamenon of Michael IV, Thessalonica, 1034 - 1041. 1948.19.499","image_urls":["http://numismatics.org/collectionimages/19001949/1948/1948.19.499.rev.width350.jpg"]},{"from":1034,"to":1041,"title":"Gold Histamenon of Michael IV, Thessalonica, 1034 - 1041. 1968.131.320","image_urls":["http://numismatics.org/collectionimages/19501999/1968/1968.131.320.rev.width350.jpg"]},{"from":1034,"to":1041,"title":"Gold Histamenon of Michael IV, Constantinople, 1034 - 1041. 1946.51.101","image_urls":["http://numismatics.org/collectionimages/19001949/1946/1946.51.101.rev.width350.jpg"]},{"from":1034,"to":1041,"title":"Gold Histamenon of Michael IV, Constantinople, 1034 - 1041. 1968.131.319","image_urls":["http://numismatics.org/collectionimages/19501999/1968/1968.131.319.rev.width350.jpg"]},{"from":1034,"to":1041,"title":"Gold Histamenon of Michael IV, Constantinople, 1034 - 1041. 1977.158.1178","image_urls":["http://numismatics.org/collectionimages/19501999/1977/1977.158.1178.rev.width350.jpg"]}]