[{"from":104,"to":111,"title":"IOW-AD5BF2: A coin issued by Trajan","image_urls":["https://finds.org.uk/images/fbasford/IOW2009-2-359.JPG"]},{"from":104,"to":111,"title":"HESH-CAD613: A coin issued by Trajan","image_urls":["https://finds.org.uk/images/preavill/HESH-CAD613.jpg"]},{"from":104,"to":111,"title":"LEIC-99D086: A coin issued by Trajan","image_urls":["https://finds.org.uk/images/wscott/99D086.JPG"]},{"from":104,"to":111,"title":"DUR-E8D3D2: A coin issued by Trajan","image_urls":["https://finds.org.uk/images/frances/Fowler%203%20DUR-E8D3D2.jpg"]},{"from":104,"to":111,"title":"NMGW-480A65: A coin issued by Trajan","image_urls":["https://finds.org.uk/images/sianw/2007.73.JPG"]},{"from":104,"to":111,"title":"NMGW-5C5BDE: A coin issued by Trajan","image_urls":["https://finds.org.uk/images/wenkedomscheit/2013.134.7jpg.jpg"]},{"from":104,"to":111,"title":"CORN-1AE8B5: A coin issued by Trajan","image_urls":["https://finds.org.uk/images/atyacke/Trajansestertiusobv.jpg"]},{"from":104,"to":111,"title":"NCL-F6B230: A coin issued by Trajan","image_urls":["https://finds.org.uk/images/pwalton/5605.jpg"]},{"from":104,"to":111,"title":"FAPJW-3A8A90: A coin issued by Trajan","image_urls":["https://finds.org.uk/images/pwalton/7055.jpg"]},{"from":104,"to":111,"title":"CORN-156687: A coin issued by Trajan","image_urls":["https://finds.org.uk/images/atyacke/Powellfinds%20046.jpg"]},{"from":104,"to":111,"title":"SWYOR-128537: A coin issued by Trajan","image_urls":["https://finds.org.uk/images/acooper/PAS%20denarius.jpg"]},{"from":104,"to":111,"title":"WAW-A99363: A coin issued by Trajan","image_urls":["https://finds.org.uk/images/tgilmore/waw-a99363.jpg"]},{"from":104,"to":105,"title":"Billon Tetradrachm of Trajan, Alexandreia, AD 104 - AD 105. 1944.100.55318","image_urls":["http://numismatics.org/collectionimages/19001949/1944/1944.100.55318.rev.width350.jpg"]},{"from":104,"to":111,"title":"Bronze Hemidrachm of Trajan, Alexandreia, AD 104 - AD 111. 1995.11.1890","image_urls":["http://numismatics.org/collectionimages/19501999/1995/1995.11.1890.rev.width350.jpg"]}]