[{"from":1042,"to":1066,"title":"KENT-CAA4C6: A coin issued by Edward the Confessor","image_urls":["https://finds.org.uk/images/mmiles/IMG_2854_edited.jpg"]},{"from":1042,"to":1055,"title":"Gold Histamenon of Constantine IX, Constantinople, 1042 - 1055. 1946.51.103","image_urls":["http://numismatics.org/collectionimages/19001949/1946/1946.51.103.rev.width350.jpg"]},{"from":1042,"to":1055,"title":"Silver Miliaresion of Constantine IX, Constantinople, 1042 - 1055. 1948.19.504","image_urls":["http://numismatics.org/collectionimages/19001949/1948/1948.19.504.rev.width350.jpg"]},{"from":1042,"to":1055,"title":"Gold Histamenon of Constantine IX, Constantinople, 1042 - 1055. 1966.169.15","image_urls":["http://numismatics.org/collectionimages/19501999/1966/1966.169.15.rev.width350.jpg"]},{"from":1042,"to":1055,"title":"Gold Histamenon of Constantine IX, Constantinople, 1042 - 1055. 1948.19.501","image_urls":["http://numismatics.org/collectionimages/19001949/1948/1948.19.501.rev.width350.jpg"]},{"from":1042,"to":1055,"title":"Gold Tetarteron of Constantine IX, Constantinople, 1042 - 1055. 1958.76.11","image_urls":["http://numismatics.org/collectionimages/19501999/1958/1958.76.11.rev.width350.jpg"]},{"from":1042,"to":1055,"title":"Gold Histamenon of Constantine IX, Constantinople, 1042 - 1055. 1968.131.324","image_urls":["http://numismatics.org/collectionimages/19501999/1968/1968.131.324.rev.width350.jpg"]},{"from":1042,"to":1055,"title":"Gold Tetarteron of Constantine IX, Constantinople, 1042 - 1055. 1980.109.301","image_urls":["http://numismatics.org/collectionimages/19501999/1980/1980.109.301.rev.width350.jpg"]},{"from":1042,"to":1055,"title":"Gold Histamenon of Constantine IX, Constantinople, 1042 - 1055. 1986.76.70","image_urls":["http://numismatics.org/collectionimages/19501999/1986/1986.76.70.rev.width350.jpg"]},{"from":1042,"to":1055,"title":"Gold Histamenon of Constantine IX, Constantinople, 1042 - 1055. 1977.158.1180","image_urls":["http://numismatics.org/collectionimages/19501999/1977/1977.158.1180.rev.width350.jpg"]},{"from":1042,"to":1055,"title":"Gold Histamenon of Constantine IX, Constantinople, 1042 - 1055. 1954.237.140","image_urls":["http://numismatics.org/collectionimages/19501999/1954/1954.237.140.rev.width350.jpg"]},{"from":1042,"to":1055,"title":"Gold Histamenon of Constantine IX, Constantinople, 1042 - 1055. 1968.131.327","image_urls":["http://numismatics.org/collectionimages/19501999/1968/1968.131.327.rev.width350.jpg"]},{"from":1042,"to":1055,"title":"Gold Histamenon of Constantine IX, Constantinople, 1042 - 1055. 1968.131.323","image_urls":["http://numismatics.org/collectionimages/19501999/1968/1968.131.323.rev.width350.jpg"]},{"from":1042,"to":1055,"title":"Gold Histamenon of Constantine IX, Constantinople, 1042 - 1055. 1977.158.1182","image_urls":["http://numismatics.org/collectionimages/19501999/1977/1977.158.1182.rev.width350.jpg"]},{"from":1042,"to":1055,"title":"Gold Tetarteron of Constantine IX, Constantinople, 1042 - 1055. 1944.100.14715","image_urls":["http://numismatics.org/collectionimages/19001949/1944/1944.100.14715.rev.width350.jpg"]},{"from":1042,"to":1055,"title":"Gold Histamenon of Constantine IX, Constantinople, 1042 - 1055. 0000.999.7271","image_urls":["http://numismatics.org/collectionimages/00001899/0000/0000.999.7271.rev.width350.jpg"]},{"from":1042,"to":1055,"title":"Silver Miliaresion of Constantine IX, Constantinople, 1042 - 1055. 1944.100.14718","image_urls":["http://numismatics.org/collectionimages/19001949/1944/1944.100.14718.rev.width350.jpg"]},{"from":1042,"to":1055,"title":"Gold Tetarteron of Constantine IX, Constantinople, 1042 - 1055. 1977.158.1185","image_urls":["http://numismatics.org/collectionimages/19501999/1977/1977.158.1185.rev.width350.jpg"]},{"from":1042,"to":1055,"title":"Gold Histamenon of Constantine IX, Constantinople, 1042 - 1055. 1968.131.326","image_urls":["http://numismatics.org/collectionimages/19501999/1968/1968.131.326.rev.width350.jpg"]},{"from":1042,"to":1055,"title":"Gold Histamenon of Constantine IX, Constantinople, 1042 - 1055. 1948.19.500","image_urls":["http://numismatics.org/collectionimages/19001949/1948/1948.19.500.rev.width350.jpg"]},{"from":1042,"to":1055,"title":"Gold Tetarteron of Constantine IX, Constantinople, 1042 - 1055. 1948.19.503","image_urls":["http://numismatics.org/collectionimages/19001949/1948/1948.19.503.rev.width350.jpg"]},{"from":1042,"to":1055,"title":"Gold Tetarteron of Constantine IX, Constantinople, 1042 - 1055. 1968.131.332","image_urls":["http://numismatics.org/collectionimages/19501999/1968/1968.131.332.rev.width350.jpg"]},{"from":1042,"to":1055,"title":"Gold Histamenon of Constantine IX, Constantinople, 1042 - 1055. 1968.131.329","image_urls":["http://numismatics.org/collectionimages/19501999/1968/1968.131.329.rev.width350.jpg"]},{"from":1042,"to":1055,"title":"Silver Miliaresion of Constantine IX, Constantinople, 1042 - 1055. 1946.51.104","image_urls":["http://numismatics.org/collectionimages/19001949/1946/1946.51.104.rev.width350.jpg"]},{"from":1042,"to":1055,"title":"Gold Histamenon of Constantine IX, Constantinople, 1042 - 1055. 1944.100.14713","image_urls":["http://numismatics.org/collectionimages/19001949/1944/1944.100.14713.rev.width350.jpg"]},{"from":1042,"to":1050,"title":"Bronze Follis, Constantinople, 1042 - 1050. 1971.305.70","image_urls":["http://numismatics.org/collectionimages/19501999/1971/1971.305.70.rev.width350.jpg"]},{"from":1042,"to":1055,"title":"Gold Tetarteron of Constantine IX, Constantinople, 1042 - 1055. 1944.100.14716","image_urls":["http://numismatics.org/collectionimages/19001949/1944/1944.100.14716.rev.width350.jpg"]},{"from":1042,"to":1055,"title":"Gold Histamenon of Constantine IX, Constantinople, 1042 - 1055. 1944.100.14712","image_urls":["http://numismatics.org/collectionimages/19001949/1944/1944.100.14712.rev.width350.jpg"]},{"from":1042,"to":1055,"title":"Gold Tetarteron of Constantine IX, Constantinople, 1042 - 1055. 1958.76.10","image_urls":["http://numismatics.org/collectionimages/19501999/1958/1958.76.10.rev.width350.jpg"]},{"from":1042,"to":1055,"title":"Gold Histamenon of Constantine IX, Constantinople, 1042 - 1055. 1977.158.1175","image_urls":["http://numismatics.org/collectionimages/19501999/1977/1977.158.1175.rev.width350.jpg"]},{"from":1042,"to":1055,"title":"Gold Histamenon of Constantine IX, Constantinople, 1042 - 1055. 1968.131.322","image_urls":["http://numismatics.org/collectionimages/19501999/1968/1968.131.322.rev.width350.jpg"]},{"from":1042,"to":1055,"title":"Gold Histamenon of Constantine IX, Constantinople, 1042 - 1055. 1948.19.502","image_urls":["http://numismatics.org/collectionimages/19001949/1948/1948.19.502.rev.width350.jpg"]},{"from":1042,"to":1055,"title":"Gold Histamenon of Constantine IX, Constantinople, 1042 - 1055. 1968.131.328","image_urls":["http://numismatics.org/collectionimages/19501999/1968/1968.131.328.rev.width350.jpg"]},{"from":1042,"to":1055,"title":"Gold Tetarteron of Constantine IX, Constantinople, 1042 - 1055. 1946.21.1","image_urls":["http://numismatics.org/collectionimages/19001949/1946/1946.21.1.rev.width350.jpg"]},{"from":1042,"to":1055,"title":"Gold Histamenon of Constantine IX, Constantinople, 1042 - 1055. 1968.131.325","image_urls":["http://numismatics.org/collectionimages/19501999/1968/1968.131.325.rev.width350.jpg"]},{"from":1042,"to":1055,"title":"Gold Tetarteron of Constantine IX, Constantinople, 1042 - 1055. 1968.131.331","image_urls":["http://numismatics.org/collectionimages/19501999/1968/1968.131.331.rev.width350.jpg"]},{"from":1042,"to":1055,"title":"Silver Miliaresion of Constantine IX, Constantinople, 1042 - 1055. 1944.100.14717","image_urls":["http://numismatics.org/collectionimages/19001949/1944/1944.100.14717.rev.width350.jpg"]},{"from":1042,"to":1055,"title":"Gold Tetarteron of Constantine IX, Constantinople, 1042 - 1055. 1977.158.1184","image_urls":["http://numismatics.org/collectionimages/19501999/1977/1977.158.1184.rev.width350.jpg"]},{"from":1042,"to":1042,"title":"Gold Histamenon of Zoe, Constantinople, 1042. 1977.158.932","image_urls":["http://numismatics.org/collectionimages/19501999/1977/1977.158.932.rev.width350.jpg"]},{"from":1042,"to":1055,"title":"Gold Coin of Constantine IX, Constantinople, 1042 - 1055. 1986.76.128","image_urls":["http://numismatics.org/collectionimages/19501999/1986/1986.76.128.rev.width350.jpg"]},{"from":1042,"to":1055,"title":"Gold Histamenon of Constantine IX, Constantinople, 1042 - 1055. 1977.158.1181","image_urls":["http://numismatics.org/collectionimages/19501999/1977/1977.158.1181.rev.width350.jpg"]}]