[{"from":105,"to":105,"title":"LIN-F8B578: A coin issued by Trajan","image_urls":["https://finds.org.uk/images/adaubney/LIN8713.JPG"]},{"from":105,"to":140,"title":"NARC-07A25B: A coin issued by Faustina the Elder","image_urls":["https://finds.org.uk/images/jcassidy/coins%20006.JPG"]},{"from":105,"to":105,"title":"LVPL-882580: A coin issued by Trajan","image_urls":["https://finds.org.uk/images/nherepath/882580.jpg"]},{"from":105,"to":147,"title":"Bronze Coin, Ecbatana, AD 105 - AD 147. 1944.100.83393","image_urls":["http://numismatics.org/collectionimages/19001949/1944/1944.100.83393.rev.width350.jpg"]},{"from":105,"to":147,"title":"Bronze Coin, Ecbatana, AD 105 - AD 147. 1944.100.83387","image_urls":["http://numismatics.org/collectionimages/19001949/1944/1944.100.83387.rev.width350.jpg"]},{"from":105,"to":147,"title":"Bronze Coin, Ecbatana, AD 105 - AD 147. 1944.100.83195","image_urls":["http://numismatics.org/collectionimages/19001949/1944/1944.100.83195.rev.width350.jpg"]},{"from":105,"to":147,"title":"Bronze Coin, Ecbatana, AD 105 - AD 147. 1944.100.83192","image_urls":["http://numismatics.org/collectionimages/19001949/1944/1944.100.83192.rev.width350.jpg"]},{"from":105,"to":147,"title":"Bronze Coin, Ecbatana, AD 105 - AD 147. 1944.100.83381","image_urls":["http://numismatics.org/collectionimages/19001949/1944/1944.100.83381.rev.width350.jpg"]},{"from":105,"to":147,"title":"Bronze Coin, Ecbatana, AD 105 - AD 147. 1944.100.83375","image_urls":["http://numismatics.org/collectionimages/19001949/1944/1944.100.83375.rev.width350.jpg"]},{"from":105,"to":147,"title":"Silver Drachm, Ecbatana, AD 105 - AD 147. 1992.45.61","image_urls":["http://numismatics.org/collectionimages/19501999/1992/1992.45.61.rev.width350.jpg"]},{"from":105,"to":147,"title":"Bronze Coin, Ecbatana, AD 105 - AD 147. 1944.100.83198","image_urls":["http://numismatics.org/collectionimages/19001949/1944/1944.100.83198.rev.width350.jpg"]},{"from":105,"to":147,"title":"Bronze Coin, Ecbatana, AD 105 - AD 147. 1944.100.83398","image_urls":["http://numismatics.org/collectionimages/19001949/1944/1944.100.83398.rev.width350.jpg"]},{"from":105,"to":147,"title":"Silver Drachm, Ecbatana, AD 105 - AD 147. 1993.45.4","image_urls":["http://numismatics.org/collectionimages/19501999/1993/1993.45.4.rev.width350.jpg"]},{"from":105,"to":147,"title":"Silver Drachm, Ecbatana, AD 105 - AD 147. 1993.45.7","image_urls":["http://numismatics.org/collectionimages/19501999/1993/1993.45.7.rev.width350.jpg"]},{"from":105,"to":147,"title":"Bronze Coin, Ecbatana, AD 105 - AD 147. 1944.100.83386","image_urls":["http://numismatics.org/collectionimages/19001949/1944/1944.100.83386.rev.width350.jpg"]},{"from":105,"to":147,"title":"Bronze Coin, Ecbatana, AD 105 - AD 147. 1944.100.83384","image_urls":["http://numismatics.org/collectionimages/19001949/1944/1944.100.83384.rev.width350.jpg"]},{"from":105,"to":147,"title":"Bronze Coin, Ecbatana, AD 105 - AD 147. 1944.100.83378","image_urls":["http://numismatics.org/collectionimages/19001949/1944/1944.100.83378.rev.width350.jpg"]},{"from":105,"to":147,"title":"Silver Drachm, Ecbatana, AD 105 - AD 147. 1993.45.5","image_urls":["http://numismatics.org/collectionimages/19501999/1993/1993.45.5.rev.width350.jpg"]},{"from":105,"to":147,"title":"Bronze Coin, Ecbatana, AD 105 - AD 147. 1944.100.83390","image_urls":["http://numismatics.org/collectionimages/19001949/1944/1944.100.83390.rev.width350.jpg"]},{"from":105,"to":147,"title":"Bronze Coin, Ecbatana, AD 105 - AD 147. 1944.100.83197","image_urls":["http://numismatics.org/collectionimages/19001949/1944/1944.100.83197.rev.width350.jpg"]},{"from":105,"to":147,"title":"Bronze Coin, Ecbatana, AD 105 - AD 147. 1944.100.83389","image_urls":["http://numismatics.org/collectionimages/19001949/1944/1944.100.83389.rev.width350.jpg"]},{"from":105,"to":147,"title":"Bronze Coin, Ecbatana, AD 105 - AD 147. 1944.100.83380","image_urls":["http://numismatics.org/collectionimages/19001949/1944/1944.100.83380.rev.width350.jpg"]},{"from":105,"to":147,"title":"Silver Drachm, Ecbatana, AD 105 - AD 147. 1993.45.8","image_urls":["http://numismatics.org/collectionimages/19501999/1993/1993.45.8.rev.width350.jpg"]},{"from":105,"to":147,"title":"Bronze Coin, Ecbatana, AD 105 - AD 147. 1944.100.83372","image_urls":["http://numismatics.org/collectionimages/19001949/1944/1944.100.83372.rev.width350.jpg"]},{"from":105,"to":147,"title":"Bronze Coin, Ecbatana, AD 105 - AD 147. 1973.56.1707","image_urls":["http://numismatics.org/collectionimages/19501999/1973/1973.56.1707.rev.width350.jpg"]},{"from":105,"to":106,"title":"Billon Tetradrachm of Trajan, Alexandreia, AD 105 - AD 106. 1973.56.569","image_urls":["http://numismatics.org/collectionimages/19501999/1973/1973.56.569.rev.width350.jpg"]},{"from":105,"to":147,"title":"Bronze Coin, Ecbatana, AD 105 - AD 147. 1944.100.83382","image_urls":["http://numismatics.org/collectionimages/19001949/1944/1944.100.83382.rev.width350.jpg"]},{"from":105,"to":147,"title":"Bronze Coin, Ecbatana, AD 105 - AD 147. 1944.100.83200","image_urls":["http://numismatics.org/collectionimages/19001949/1944/1944.100.83200.rev.width350.jpg"]},{"from":105,"to":147,"title":"Bronze Coin, Ecbatana, AD 105 - AD 147. 1944.100.83190","image_urls":["http://numismatics.org/collectionimages/19001949/1944/1944.100.83190.rev.width350.jpg"]},{"from":105,"to":147,"title":"Bronze Coin, Ecbatana, AD 105 - AD 147. 1944.100.83376","image_urls":["http://numismatics.org/collectionimages/19001949/1944/1944.100.83376.rev.width350.jpg"]},{"from":105,"to":147,"title":"Bronze Coin, Ecbatana, AD 105 - AD 147. 1944.100.83199","image_urls":["http://numismatics.org/collectionimages/19001949/1944/1944.100.83199.rev.width350.jpg"]},{"from":105,"to":147,"title":"Silver Drachm, Ecbatana, AD 105 - AD 147. 1993.45.3","image_urls":["http://numismatics.org/collectionimages/19501999/1993/1993.45.3.rev.width350.jpg"]},{"from":105,"to":147,"title":"Bronze Coin, Ecbatana, AD 105 - AD 147. 1944.100.83193","image_urls":["http://numismatics.org/collectionimages/19001949/1944/1944.100.83193.rev.width350.jpg"]},{"from":105,"to":147,"title":"Bronze Coin, Ecbatana, AD 105 - AD 147. 1944.100.83379","image_urls":["http://numismatics.org/collectionimages/19001949/1944/1944.100.83379.rev.width350.jpg"]},{"from":105,"to":106,"title":"Billon Tetradrachm of Trajan, Alexandreia, AD 105 - AD 106. 1973.56.568","image_urls":["http://numismatics.org/collectionimages/19501999/1973/1973.56.568.rev.width350.jpg"]},{"from":105,"to":147,"title":"Silver Drachm, Ecbatana, AD 105 - AD 147. 1977.158.804","image_urls":["http://numismatics.org/collectionimages/19501999/1977/1977.158.804.rev.width350.jpg"]},{"from":105,"to":147,"title":"Silver Drachm, Ecbatana, AD 105 - AD 147. 1993.45.6","image_urls":["http://numismatics.org/collectionimages/19501999/1993/1993.45.6.rev.width350.jpg"]},{"from":105,"to":147,"title":"Bronze Coin, Ecbatana, AD 105 - AD 147. 1944.100.83383","image_urls":["http://numismatics.org/collectionimages/19001949/1944/1944.100.83383.rev.width350.jpg"]},{"from":105,"to":147,"title":"Bronze Coin, Ecbatana, AD 105 - AD 147. 1944.100.83391","image_urls":["http://numismatics.org/collectionimages/19001949/1944/1944.100.83391.rev.width350.jpg"]},{"from":105,"to":147,"title":"Silver Drachm, Ecbatana, AD 105 - AD 147. 1993.45.1","image_urls":["http://numismatics.org/collectionimages/19501999/1993/1993.45.1.rev.width350.jpg"]},{"from":105,"to":147,"title":"Bronze Coin, Ecbatana, AD 105 - AD 147. 1944.100.83377","image_urls":["http://numismatics.org/collectionimages/19001949/1944/1944.100.83377.rev.width350.jpg"]},{"from":105,"to":147,"title":"Bronze Coin, Ecbatana, AD 105 - AD 147. 0000.999.75702","image_urls":["http://numismatics.org/collectionimages/00001899/0000/0000.999.75702.rev.width350.jpg"]},{"from":105,"to":106,"title":"Billon Tetradrachm of Trajan, Alexandreia, AD 105 - AD 106. 1944.100.55319","image_urls":["http://numismatics.org/collectionimages/19001949/1944/1944.100.55319.rev.width350.jpg"]},{"from":105,"to":147,"title":"Bronze Coin, Ecbatana, AD 105 - AD 147. 1944.100.83191","image_urls":["http://numismatics.org/collectionimages/19001949/1944/1944.100.83191.rev.width350.jpg"]},{"from":105,"to":147,"title":"Bronze Coin, Ecbatana, AD 105 - AD 147. 1947.97.613","image_urls":["http://numismatics.org/collectionimages/19001949/1947/1947.97.613.rev.width350.jpg"]},{"from":105,"to":147,"title":"Bronze Coin, Ecbatana, AD 105 - AD 147. 1944.100.83388","image_urls":["http://numismatics.org/collectionimages/19001949/1944/1944.100.83388.rev.width350.jpg"]},{"from":105,"to":147,"title":"Bronze Coin, Ecbatana, AD 105 - AD 147. 1944.100.83373","image_urls":["http://numismatics.org/collectionimages/19001949/1944/1944.100.83373.rev.width350.jpg"]},{"from":105,"to":147,"title":"Silver Drachm, Ecbatana, AD 105 - AD 147. 1993.45.9","image_urls":["http://numismatics.org/collectionimages/19501999/1993/1993.45.9.rev.width350.jpg"]},{"from":105,"to":147,"title":"Bronze Coin, Ecbatana, AD 105 - AD 147. 1944.100.83196","image_urls":["http://numismatics.org/collectionimages/19001949/1944/1944.100.83196.rev.width350.jpg"]},{"from":105,"to":106,"title":"Billon Tetradrachm of Trajan, Alexandreia, AD 105 - AD 106. 1973.56.558","image_urls":["http://numismatics.org/collectionimages/19501999/1973/1973.56.558.rev.width350.jpg"]},{"from":105,"to":147,"title":"Silver Drachm, Ecbatana, AD 105 - AD 147. 1993.45.2","image_urls":["http://numismatics.org/collectionimages/19501999/1993/1993.45.2.rev.width350.jpg"]},{"from":105,"to":147,"title":"Bronze Coin, Ecbatana, AD 105 - AD 147. 1944.100.83194","image_urls":["http://numismatics.org/collectionimages/19001949/1944/1944.100.83194.rev.width350.jpg"]},{"from":105,"to":147,"title":"Bronze Coin, Ecbatana, AD 105 - AD 147. 1944.100.83392","image_urls":["http://numismatics.org/collectionimages/19001949/1944/1944.100.83392.rev.width350.jpg"]},{"from":105,"to":147,"title":"Bronze Coin, Ecbatana, AD 105 - AD 147. 1944.100.83374","image_urls":["http://numismatics.org/collectionimages/19001949/1944/1944.100.83374.rev.width350.jpg"]}]