[{"from":1054,"to":1055,"title":"Gold Histamenon of Constantine IX, Constantinople, 1054 - 1055. 1977.158.1183","image_urls":["http://numismatics.org/collectionimages/19501999/1977/1977.158.1183.rev.width350.jpg"]},{"from":1054,"to":1055,"title":"Gold Histamenon of Constantine IX, Constantinople, 1054 - 1055. 1968.131.330","image_urls":["http://numismatics.org/collectionimages/19501999/1968/1968.131.330.rev.width350.jpg"]},{"from":1054,"to":1055,"title":"Gold Histamenon of Constantine IX, Constantinople, 1054 - 1055. 1944.100.14714","image_urls":["http://numismatics.org/collectionimages/19001949/1944/1944.100.14714.rev.width350.jpg"]}]