[{"from":1055,"to":1056,"title":"Gold Tetarteron of Theodora, Constantinople, 1055 - 1056. 1977.158.1187","image_urls":["http://numismatics.org/collectionimages/19501999/1977/1977.158.1187.rev.width350.jpg"]},{"from":1055,"to":1056,"title":"Silver 2/3 Miliaresion of Theodora, Constantinople, 1055 - 1056. 1967.216.1","image_urls":["http://numismatics.org/collectionimages/19501999/1967/1967.216.1.rev.width350.jpg"]},{"from":1055,"to":1056,"title":"Gold Histamenon of Theodora, Constantinople, 1055 - 1056. 1944.100.14719","image_urls":["http://numismatics.org/collectionimages/19001949/1944/1944.100.14719.rev.width350.jpg"]},{"from":1055,"to":1056,"title":"Gold Histamenon of Theodora, Constantinople, 1055 - 1056. 1977.158.1186","image_urls":["http://numismatics.org/collectionimages/19501999/1977/1977.158.1186.rev.width350.jpg"]},{"from":1055,"to":1056,"title":"Gold Histamenon of Theodora, Constantinople, 1055 - 1056. 1958.76.12","image_urls":["http://numismatics.org/collectionimages/19501999/1958/1958.76.12.rev.width350.jpg"]},{"from":1055,"to":1056,"title":"Gold Tetarteron of Theodora, Constantinople, 1055 - 1056. 1968.131.336","image_urls":["http://numismatics.org/collectionimages/19501999/1968/1968.131.336.rev.width350.jpg"]},{"from":1055,"to":1056,"title":"Gold Histamenon of Theodora, Constantinople, 1055 - 1056. 1946.51.105","image_urls":["http://numismatics.org/collectionimages/19001949/1946/1946.51.105.rev.width350.jpg"]},{"from":1055,"to":1056,"title":"Gold Tetarteron of Theodora, Constantinople, 1055 - 1056. 1958.76.13","image_urls":["http://numismatics.org/collectionimages/19501999/1958/1958.76.13.rev.width350.jpg"]},{"from":1055,"to":1056,"title":"Gold Tetarteron of Theodora, Constantinople, 1055 - 1056. 1948.19.505","image_urls":["http://numismatics.org/collectionimages/19001949/1948/1948.19.505.rev.width350.jpg"]},{"from":1055,"to":1056,"title":"Gold Histamenon of Theodora, Constantinople, 1055 - 1056. 1968.131.335","image_urls":["http://numismatics.org/collectionimages/19501999/1968/1968.131.335.rev.width350.jpg"]},{"from":1055,"to":1056,"title":"Gold Tetarteron of Theodora, Constantinople, 1055 - 1056. 1977.158.1188","image_urls":["http://numismatics.org/collectionimages/19501999/1977/1977.158.1188.rev.width350.jpg"]},{"from":1055,"to":1056,"title":"Gold Tetarteron of Theodora, Constantinople, 1055 - 1056. 1946.51.106","image_urls":["http://numismatics.org/collectionimages/19001949/1946/1946.51.106.rev.width350.jpg"]},{"from":1055,"to":1056,"title":"Gold Histamenon of Theodora, Constantinople, 1055 - 1056. 1968.131.334","image_urls":["http://numismatics.org/collectionimages/19501999/1968/1968.131.334.rev.width350.jpg"]},{"from":1055,"to":1056,"title":"Gold Histamenon of Theodora, Constantinople, 1055 - 1056. 1968.131.333","image_urls":["http://numismatics.org/collectionimages/19501999/1968/1968.131.333.rev.width350.jpg"]},{"from":1055,"to":1056,"title":"Gold Tetarteron of Theodora, Constantinople, 1055 - 1056. 1944.100.14720","image_urls":["http://numismatics.org/collectionimages/19001949/1944/1944.100.14720.rev.width350.jpg"]}]