[{"from":1056,"to":1057,"title":"Gold Histamenon of Michael VI, Constantinople, 1056 - 1057. 1962.59.1","image_urls":["http://numismatics.org/collectionimages/19501999/1962/1962.59.1.rev.width350.jpg"]},{"from":1056,"to":1057,"title":"Gold Tetarteron of Michael VI, Constantinople, 1056 - 1057. 1968.131.338","image_urls":["http://numismatics.org/collectionimages/19501999/1968/1968.131.338.rev.width350.jpg"]},{"from":1056,"to":1057,"title":"Gold Tetarteron of Michael VI, Constantinople, 1056 - 1057. 1946.51.107","image_urls":["http://numismatics.org/collectionimages/19001949/1946/1946.51.107.rev.width350.jpg"]},{"from":1056,"to":1057,"title":"Gold Histamenon of Michael VI, Constantinople, 1056 - 1057. 1977.158.1189","image_urls":["http://numismatics.org/collectionimages/19501999/1977/1977.158.1189.rev.width350.jpg"]},{"from":1056,"to":1057,"title":"Gold Histamenon of Michael VI, Constantinople, 1056 - 1057. 1968.131.337","image_urls":["http://numismatics.org/collectionimages/19501999/1968/1968.131.337.rev.width350.jpg"]},{"from":1056,"to":1057,"title":"Gold Tetarteron of Michael VI, Constantinople, 1056 - 1057. 1977.158.1190","image_urls":["http://numismatics.org/collectionimages/19501999/1977/1977.158.1190.rev.width350.jpg"]}]