[{"from":1057,"to":1059,"title":"Gold Histamenon of Isaac I, Constantinople, 1057 - 1059. 1954.237.141","image_urls":["http://numismatics.org/collectionimages/19501999/1954/1954.237.141.rev.width350.jpg"]},{"from":1057,"to":1059,"title":"Gold Histamenon of Isaac I, Constantinople, 1057 - 1059. 1977.158.1192","image_urls":["http://numismatics.org/collectionimages/19501999/1977/1977.158.1192.rev.width350.jpg"]},{"from":1057,"to":1059,"title":"Gold Histamenon of Isaac I, Constantinople, 1057 - 1059. 1968.131.339","image_urls":["http://numismatics.org/collectionimages/19501999/1968/1968.131.339.rev.width350.jpg"]},{"from":1057,"to":1059,"title":"Gold Tetarteron of Isaac I, Constantinople, 1057 - 1059. 1968.131.341","image_urls":["http://numismatics.org/collectionimages/19501999/1968/1968.131.341.rev.width350.jpg"]},{"from":1057,"to":1059,"title":"Gold Tetarteron of Isaac I, Constantinople, 1057 - 1059. 1944.100.14722","image_urls":["http://numismatics.org/collectionimages/19001949/1944/1944.100.14722.rev.width350.jpg"]},{"from":1057,"to":1059,"title":"Gold Histamenon of Isaac I, Constantinople, 1057 - 1059. 1948.19.507","image_urls":["http://numismatics.org/collectionimages/19001949/1948/1948.19.507.rev.width350.jpg"]},{"from":1057,"to":1059,"title":"Gold Histamenon of Isaac I, Constantinople, 1057 - 1059. 1948.19.506","image_urls":["http://numismatics.org/collectionimages/19001949/1948/1948.19.506.rev.width350.jpg"]},{"from":1057,"to":1059,"title":"Gold Histamenon of Isaac I, Constantinople, 1057 - 1059. 1977.158.1191","image_urls":["http://numismatics.org/collectionimages/19501999/1977/1977.158.1191.rev.width350.jpg"]},{"from":1057,"to":1059,"title":"Gold Histamenon of Isaac I, Constantinople, 1057 - 1059. 1946.51.108","image_urls":["http://numismatics.org/collectionimages/19001949/1946/1946.51.108.rev.width350.jpg"]},{"from":1057,"to":1059,"title":"Gold Tetarteron of Isaac I, Constantinople, 1057 - 1059. 1977.158.1193","image_urls":["http://numismatics.org/collectionimages/19501999/1977/1977.158.1193.rev.width350.jpg"]},{"from":1057,"to":1059,"title":"Gold Histamenon of Isaac I, Constantinople, 1057 - 1059. 1968.131.340","image_urls":["http://numismatics.org/collectionimages/19501999/1968/1968.131.340.rev.width350.jpg"]},{"from":1057,"to":1059,"title":"Gold Histamenon of Isaac I, Constantinople, 1057 - 1059. 1946.51.109","image_urls":["http://numismatics.org/collectionimages/19001949/1946/1946.51.109.rev.width350.jpg"]}]