[{"from":1059,"to":1062,"title":"HAMP-CF8404: A coin issued by Edward the Confessor","image_urls":["https://finds.org.uk/images/rwebley/HAMP-CF8404EdwardtheConfessorpenny.jpg"]},{"from":1059,"to":1067,"title":"Silver Miliaresion of Constantine X, Constantinople, 1059 - 1067. 1979.74.1","image_urls":["http://numismatics.org/collectionimages/19501999/1979/1979.74.1.rev.width350.jpg"]},{"from":1059,"to":1067,"title":"Gold Histamenon of Constantine X, Constantinople, 1059 - 1067. 1944.100.14725","image_urls":["http://numismatics.org/collectionimages/19001949/1944/1944.100.14725.rev.width350.jpg"]},{"from":1059,"to":1067,"title":"Silver Miliaresion of Constantine X, Constantinople, 1059 - 1067. 1984.88.29","image_urls":["http://numismatics.org/collectionimages/19501999/1984/1984.88.29.rev.width350.jpg"]},{"from":1059,"to":1067,"title":"Gold Histamenon of Constantine X, Constantinople, 1059 - 1067. 1958.76.14","image_urls":["http://numismatics.org/collectionimages/19501999/1958/1958.76.14.rev.width350.jpg"]},{"from":1059,"to":1067,"title":"Gold Solidus of Constantine X, Constantinople, 1059 - 1067. 1986.148.4","image_urls":["http://numismatics.org/collectionimages/19501999/1986/1986.148.4.rev.width350.jpg"]},{"from":1059,"to":1067,"title":"Silver 2/3 Miliaresion of Constantine X, Constantinople, 1059 - 1067. 1984.88.28","image_urls":["http://numismatics.org/collectionimages/19501999/1984/1984.88.28.rev.width350.jpg"]},{"from":1059,"to":1067,"title":"Gold Tetarteron of Constantine X, Constantinople, 1059 - 1067. 1958.76.15","image_urls":["http://numismatics.org/collectionimages/19501999/1958/1958.76.15.rev.width350.jpg"]},{"from":1059,"to":1067,"title":"Gold Histamenon of Constantine X, Constantinople, 1059 - 1067. 1946.51.111","image_urls":["http://numismatics.org/collectionimages/19001949/1946/1946.51.111.rev.width350.jpg"]},{"from":1059,"to":1067,"title":"Gold Histamenon of Constantine X, Constantinople, 1059 - 1067. 1984.61.3027","image_urls":["http://numismatics.org/collectionimages/19501999/1984/1984.61.3027.rev.width350.jpg"]},{"from":1059,"to":1067,"title":"Silver 2/3 Miliaresion of Constantine X, Constantinople, 1059 - 1067. 1944.100.14728","image_urls":["http://numismatics.org/collectionimages/19001949/1944/1944.100.14728.rev.width350.jpg"]},{"from":1059,"to":1067,"title":"Gold Histamenon of Constantine X, Constantinople, 1059 - 1067. 1980.109.303","image_urls":["http://numismatics.org/collectionimages/19501999/1980/1980.109.303.rev.width350.jpg"]},{"from":1059,"to":1067,"title":"Gold Histamenon of Constantine X, Constantinople, 1059 - 1067. 1968.131.344","image_urls":["http://numismatics.org/collectionimages/19501999/1968/1968.131.344.rev.width350.jpg"]},{"from":1059,"to":1067,"title":"Gold Histamenon of Constantine X, Constantinople, 1059 - 1067. 1954.237.142","image_urls":["http://numismatics.org/collectionimages/19501999/1954/1954.237.142.rev.width350.jpg"]},{"from":1059,"to":1067,"title":"Gold Histamenon of Constantine X, Constantinople, 1059 - 1067. 1980.109.302","image_urls":["http://numismatics.org/collectionimages/19501999/1980/1980.109.302.rev.width350.jpg"]},{"from":1059,"to":1067,"title":"Gold Histamenon of Constantine X, Constantinople, 1059 - 1067. 1944.100.14726","image_urls":["http://numismatics.org/collectionimages/19001949/1944/1944.100.14726.rev.width350.jpg"]},{"from":1059,"to":1067,"title":"Gold Histamenon of Constantine X, Constantinople, 1059 - 1067. 1948.19.509","image_urls":["http://numismatics.org/collectionimages/19001949/1948/1948.19.509.rev.width350.jpg"]},{"from":1059,"to":1067,"title":"Gold Histamenon of Constantine X, Constantinople, 1059 - 1067. 1946.51.110","image_urls":["http://numismatics.org/collectionimages/19001949/1946/1946.51.110.rev.width350.jpg"]},{"from":1059,"to":1067,"title":"Gold Histamenon of Constantine X, Constantinople, 1059 - 1067. 1944.100.14724","image_urls":["http://numismatics.org/collectionimages/19001949/1944/1944.100.14724.rev.width350.jpg"]},{"from":1059,"to":1067,"title":"Gold Histamenon of Constantine X, Constantinople, 1059 - 1067. 1977.158.1195","image_urls":["http://numismatics.org/collectionimages/19501999/1977/1977.158.1195.rev.width350.jpg"]},{"from":1059,"to":1067,"title":"Gold Histamenon of Constantine X, Constantinople, 1059 - 1067. 1977.158.1194","image_urls":["http://numismatics.org/collectionimages/19501999/1977/1977.158.1194.rev.width350.jpg"]},{"from":1059,"to":1067,"title":"Gold Histamenon of Constantine X, Constantinople, 1059 - 1067. 1947.2.278","image_urls":["http://numismatics.org/collectionimages/19001949/1947/1947.2.278.rev.width350.jpg"]},{"from":1059,"to":1067,"title":"Gold Tetarteron of Constantine X, Constantinople, 1059 - 1067. 1977.158.1196","image_urls":["http://numismatics.org/collectionimages/19501999/1977/1977.158.1196.rev.width350.jpg"]},{"from":1059,"to":1067,"title":"Gold Histamenon of Constantine X, Constantinople, 1059 - 1067. 1948.19.508","image_urls":["http://numismatics.org/collectionimages/19001949/1948/1948.19.508.rev.width350.jpg"]},{"from":1059,"to":1067,"title":"Gold Histamenon of Constantine X, Constantinople, 1059 - 1067. 1968.131.343","image_urls":["http://numismatics.org/collectionimages/19501999/1968/1968.131.343.rev.width350.jpg"]},{"from":1059,"to":1067,"title":"Gold Histamenon of Constantine X, Constantinople, 1059 - 1067. 1944.100.14723","image_urls":["http://numismatics.org/collectionimages/19001949/1944/1944.100.14723.rev.width350.jpg"]},{"from":1059,"to":1067,"title":"Gold Histamenon of Constantine X, Constantinople, 1059 - 1067. 1968.131.342","image_urls":["http://numismatics.org/collectionimages/19501999/1968/1968.131.342.rev.width350.jpg"]},{"from":1059,"to":1067,"title":"Gold Tetarteron of Constantine X, Constantinople, 1059 - 1067. 1968.131.345","image_urls":["http://numismatics.org/collectionimages/19501999/1968/1968.131.345.rev.width350.jpg"]},{"from":1059,"to":1067,"title":"Gold Tetarteron of Constantine X, Constantinople, 1059 - 1067. 1944.100.14727","image_urls":["http://numismatics.org/collectionimages/19001949/1944/1944.100.14727.rev.width350.jpg"]}]