[{"from":106,"to":111,"title":"NCL-CE7552: A coin issued by Trajan","image_urls":["https://finds.org.uk/images/gkettlewell/IMG_6038.jpg"]},{"from":106,"to":106,"title":"ESS-BC1341: A coin issued by Trajan","image_urls":["https://finds.org.uk/images/cmcdonald/James%20trajan.jpg"]},{"from":106,"to":108,"title":"BH-22BE53: A coin issued by Trajan","image_urls":["https://finds.org.uk/images/jwatters/Roman%20coin%2003%2098%20-%209a.jpg"]},{"from":106,"to":111,"title":"SUSS-32ECC1: A coin issued by Trajan","image_urls":["https://finds.org.uk/images/lburnett/SUSS-32ECC1.jpg"]},{"from":106,"to":106,"title":"SUSS-8D0B20: A coin issued by Trajan","image_urls":["https://finds.org.uk/images/lwalker/SUSS-8D0B20.JPG"]},{"from":106,"to":106,"title":"NARC-9A5980: A coin issued by Trajan","image_urls":["https://finds.org.uk/images/jcassidy/NARC-9A5980b.jpg"]},{"from":106,"to":111,"title":"SF-B41AB3: A coin issued by Trajan","image_urls":["https://finds.org.uk/images/abrown/COL_SF-B41AB3.jpg"]},{"from":106,"to":106,"title":"SUSS-2D3C76: A coin issued by Trajan","image_urls":["https://finds.org.uk/images/lburnett/SUSS-2D3C76.JPG"]},{"from":106,"to":108,"title":"BH-1E0267: A coin issued by Trajan","image_urls":["https://finds.org.uk/images/jwatters/Roman%20coin%2004%2012%20-%2017%20all.jpg"]},{"from":106,"to":106,"title":"WILT-80F083: A coin issued by Trajan","image_urls":["https://finds.org.uk/images/awillis/WILT-80F083.jpg"]},{"from":106,"to":107,"title":"Bronze Dichalkon of Trajan, Alexandreia, AD 106 - AD 107. 1944.100.55358","image_urls":["http://numismatics.org/collectionimages/19001949/1944/1944.100.55358.rev.width350.jpg"]},{"from":106,"to":111,"title":"Silver Tridrachm of Trajan, Bostra, AD 106 - AD 111. 1956.127.2265","image_urls":["http://numismatics.org/collectionimages/19501999/1956/1956.127.2265.rev.width350.jpg"]},{"from":106,"to":111,"title":"Silver Tridrachm of Trajan, Bostra, AD 106 - AD 111. 1956.127.2259","image_urls":["http://numismatics.org/collectionimages/19501999/1956/1956.127.2259.rev.width350.jpg"]},{"from":106,"to":107,"title":"Bronze Dichalkon of Trajan, Alexandreia, AD 106 - AD 107. 1944.100.55364","image_urls":["http://numismatics.org/collectionimages/19001949/1944/1944.100.55364.rev.width350.jpg"]},{"from":106,"to":111,"title":"Silver Tridrachm of Trajan, Bostra, AD 106 - AD 111. 1968.57.133","image_urls":["http://numismatics.org/collectionimages/19501999/1968/1968.57.133.rev.width350.jpg"]},{"from":106,"to":111,"title":"Silver Tridrachm of Trajan, Bostra, AD 106 - AD 111. 1956.127.2261","image_urls":["http://numismatics.org/collectionimages/19501999/1956/1956.127.2261.rev.width350.jpg"]},{"from":106,"to":107,"title":"Bronze Obol of Trajan, Alexandreia, AD 106 - AD 107. 1944.100.56239","image_urls":["http://numismatics.org/collectionimages/19001949/1944/1944.100.56239.rev.width350.jpg"]},{"from":106,"to":111,"title":"Silver Tridrachm of Trajan, Bostra, AD 106 - AD 111. 1956.127.2258","image_urls":["http://numismatics.org/collectionimages/19501999/1956/1956.127.2258.rev.width350.jpg"]},{"from":106,"to":107,"title":"Bronze Chalkous of Trajan, Alexandreia, AD 106 - AD 107. 1974.26.3058","image_urls":["http://numismatics.org/collectionimages/19501999/1974/1974.26.3058.rev.width350.jpg"]},{"from":106,"to":111,"title":"Silver Tridrachm of Trajan, Bostra, AD 106 - AD 111. 1956.127.2260","image_urls":["http://numismatics.org/collectionimages/19501999/1956/1956.127.2260.rev.width350.jpg"]},{"from":106,"to":111,"title":"Silver Tridrachm of Trajan, Bostra, AD 106 - AD 111. 1956.127.2257","image_urls":["http://numismatics.org/collectionimages/19501999/1956/1956.127.2257.rev.width350.jpg"]},{"from":106,"to":107,"title":"Bronze Dichalkon of Trajan, Alexandreia, AD 106 - AD 107. 1944.100.55362","image_urls":["http://numismatics.org/collectionimages/19001949/1944/1944.100.55362.rev.width350.jpg"]},{"from":106,"to":107,"title":"Bronze Drachm of Trajan, Alexandreia, AD 106 - AD 107. 1944.100.55356","image_urls":["http://numismatics.org/collectionimages/19001949/1944/1944.100.55356.rev.width350.jpg"]},{"from":106,"to":111,"title":"Silver Tridrachm of Trajan, Bostra, AD 106 - AD 111. 1944.100.61933","image_urls":["http://numismatics.org/collectionimages/19001949/1944/1944.100.61933.rev.width350.jpg"]},{"from":106,"to":111,"title":"Silver Tridrachm of Trajan, Bostra, AD 106 - AD 111. 1956.127.2263","image_urls":["http://numismatics.org/collectionimages/19501999/1956/1956.127.2263.rev.width350.jpg"]},{"from":106,"to":111,"title":"Silver Tridrachm of Trajan, Bostra, AD 106 - AD 111. 1978.64.255","image_urls":["http://numismatics.org/collectionimages/19501999/1978/1978.64.255.rev.width350.jpg"]},{"from":106,"to":107,"title":"Bronze Dichalkon of Trajan, Alexandreia, AD 106 - AD 107. 1944.100.55360","image_urls":["http://numismatics.org/collectionimages/19001949/1944/1944.100.55360.rev.width350.jpg"]},{"from":106,"to":107,"title":"Bronze Coin, Seleuceia ad Tigrim, AD 106 - AD 107. 1944.100.83290","image_urls":["http://numismatics.org/collectionimages/19001949/1944/1944.100.83290.rev.width350.jpg"]},{"from":106,"to":107,"title":"Bronze Dichalkon of Trajan, Alexandreia, AD 106 - AD 107. 1944.100.55359","image_urls":["http://numismatics.org/collectionimages/19001949/1944/1944.100.55359.rev.width350.jpg"]},{"from":106,"to":111,"title":"Silver Tridrachm of Trajan, Bostra, AD 106 - AD 111. 1956.127.2266","image_urls":["http://numismatics.org/collectionimages/19501999/1956/1956.127.2266.rev.width350.jpg"]},{"from":106,"to":107,"title":"Bronze Chalkous of Trajan, Alexandreia, AD 106 - AD 107. 1944.100.55361","image_urls":["http://numismatics.org/collectionimages/19001949/1944/1944.100.55361.rev.width350.jpg"]},{"from":106,"to":111,"title":"Silver Tridrachm of Trajan, Bostra, AD 106 - AD 111. 1956.127.2262","image_urls":["http://numismatics.org/collectionimages/19501999/1956/1956.127.2262.rev.width350.jpg"]},{"from":106,"to":107,"title":"Bronze Coin, Seleuceia ad Tigrim, AD 106 - AD 107. 1944.100.83291","image_urls":["http://numismatics.org/collectionimages/19001949/1944/1944.100.83291.rev.width350.jpg"]},{"from":106,"to":107,"title":"Bronze Dichalkon of Trajan, Alexandreia, AD 106 - AD 107. 1944.100.55363","image_urls":["http://numismatics.org/collectionimages/19001949/1944/1944.100.55363.rev.width350.jpg"]},{"from":106,"to":107,"title":"Bronze Drachm of Trajan, Alexandreia, AD 106 - AD 107. 1944.100.55357","image_urls":["http://numismatics.org/collectionimages/19001949/1944/1944.100.55357.rev.width350.jpg"]},{"from":106,"to":111,"title":"Silver Tridrachm of Trajan, Bostra, AD 106 - AD 111. 1956.127.2264","image_urls":["http://numismatics.org/collectionimages/19501999/1956/1956.127.2264.rev.width350.jpg"]}]