[{"from":1067,"to":1071,"title":"Gold Tetarteron of Romanus IV, Constantinople, 1067 - 1071. 1958.76.18","image_urls":["http://numismatics.org/collectionimages/19501999/1958/1958.76.18.rev.width350.jpg"]},{"from":1067,"to":1071,"title":"Gold Histamenon of Romanus IV, Constantinople, 1067 - 1071. 1944.100.14731","image_urls":["http://numismatics.org/collectionimages/19001949/1944/1944.100.14731.rev.width350.jpg"]},{"from":1067,"to":1071,"title":"Gold Histamenon of Romanus IV, Constantinople, 1067 - 1071. 1954.237.143","image_urls":["http://numismatics.org/collectionimages/19501999/1954/1954.237.143.rev.width350.jpg"]},{"from":1067,"to":1071,"title":"Gold Histamenon of Romanus IV, Constantinople, 1067 - 1071. 1977.158.1198","image_urls":["http://numismatics.org/collectionimages/19501999/1977/1977.158.1198.rev.width350.jpg"]},{"from":1067,"to":1071,"title":"Gold Histamenon of Romanus IV, Constantinople, 1067 - 1071. 1958.76.17","image_urls":["http://numismatics.org/collectionimages/19501999/1958/1958.76.17.rev.width350.jpg"]},{"from":1067,"to":1071,"title":"Silver 2/3 Miliaresion of Romanus IV, Constantinople, 1067 - 1071. 1944.100.14733","image_urls":["http://numismatics.org/collectionimages/19001949/1944/1944.100.14733.rev.width350.jpg"]},{"from":1067,"to":1071,"title":"Gold Histamenon of Romanus IV, Constantinople, 1067 - 1071. 1980.109.304","image_urls":["http://numismatics.org/collectionimages/19501999/1980/1980.109.304.rev.width350.jpg"]},{"from":1067,"to":1071,"title":"Gold Tetarteron of Romanus IV, Constantinople, 1067 - 1071. 1946.51.114","image_urls":["http://numismatics.org/collectionimages/19001949/1946/1946.51.114.rev.width350.jpg"]},{"from":1067,"to":1071,"title":"Gold Histamenon of Romanus IV, Constantinople, 1067 - 1071. 1968.131.348","image_urls":["http://numismatics.org/collectionimages/19501999/1968/1968.131.348.rev.width350.jpg"]},{"from":1067,"to":1067,"title":"Gold Histamenon of Eudocia, Constantinople, 1067. 1968.131.346","image_urls":["http://numismatics.org/collectionimages/19501999/1968/1968.131.346.rev.width350.jpg"]},{"from":1067,"to":1071,"title":"Gold Tetarteron of Romanus IV, Constantinople, 1067 - 1071. 1948.19.511","image_urls":["http://numismatics.org/collectionimages/19001949/1948/1948.19.511.rev.width350.jpg"]},{"from":1067,"to":1071,"title":"Gold Tetarteron of Romanus IV, Constantinople, 1067 - 1071. 1968.131.350","image_urls":["http://numismatics.org/collectionimages/19501999/1968/1968.131.350.rev.width350.jpg"]},{"from":1067,"to":1071,"title":"Gold Histamenon of Romanus IV, Constantinople, 1067 - 1071. 1946.51.113","image_urls":["http://numismatics.org/collectionimages/19001949/1946/1946.51.113.rev.width350.jpg"]},{"from":1067,"to":1071,"title":"Gold Histamenon of Romanus IV, Constantinople, 1067 - 1071. 1947.2.279","image_urls":["http://numismatics.org/collectionimages/19001949/1947/1947.2.279.rev.width350.jpg"]},{"from":1067,"to":1071,"title":"Gold Histamenon of Romanus IV, Constantinople, 1067 - 1071. 1968.131.347","image_urls":["http://numismatics.org/collectionimages/19501999/1968/1968.131.347.rev.width350.jpg"]},{"from":1067,"to":1067,"title":"Gold Histamenon of Eudocia, Constantinople, 1067. 1977.158.1197","image_urls":["http://numismatics.org/collectionimages/19501999/1977/1977.158.1197.rev.width350.jpg"]},{"from":1067,"to":1071,"title":"Gold Histamenon of Romanus IV, Constantinople, 1067 - 1071. 1970.156.77","image_urls":["http://numismatics.org/collectionimages/19501999/1970/1970.156.77.rev.width350.jpg"]},{"from":1067,"to":1071,"title":"Gold Histamenon of Romanus IV, Constantinople, 1067 - 1071. 1944.100.14730","image_urls":["http://numismatics.org/collectionimages/19001949/1944/1944.100.14730.rev.width350.jpg"]},{"from":1067,"to":1071,"title":"Gold Histamenon of Romanus IV, Constantinople, 1067 - 1071. 1970.165.80","image_urls":["http://numismatics.org/collectionimages/19501999/1970/1970.165.80.rev.width350.jpg"]},{"from":1067,"to":1071,"title":"Gold Histamenon of Romanus IV, Constantinople, 1067 - 1071. 1958.76.16","image_urls":["http://numismatics.org/collectionimages/19501999/1958/1958.76.16.rev.width350.jpg"]},{"from":1067,"to":1071,"title":"Silver 2/3 Miliaresion of Romanus IV, Constantinople, 1067 - 1071. 1962.170.5","image_urls":["http://numismatics.org/collectionimages/19501999/1962/1962.170.5.rev.width350.jpg"]},{"from":1067,"to":1067,"title":"Gold Histamenon of Eudocia, Constantinople, 1067. 1957.67.11","image_urls":["http://numismatics.org/collectionimages/19501999/1957/1957.67.11.rev.width350.jpg"]},{"from":1067,"to":1071,"title":"Gold Tetarteron of Romanus IV, Constantinople, 1067 - 1071. 1944.100.14732","image_urls":["http://numismatics.org/collectionimages/19001949/1944/1944.100.14732.rev.width350.jpg"]},{"from":1067,"to":1067,"title":"Gold Histamenon of Eudocia, Constantinople, 1067. 1944.100.14729","image_urls":["http://numismatics.org/collectionimages/19001949/1944/1944.100.14729.rev.width350.jpg"]},{"from":1067,"to":1071,"title":"Gold Tetarteron of Romanus IV, Constantinople, 1067 - 1071. 1977.158.1200","image_urls":["http://numismatics.org/collectionimages/19501999/1977/1977.158.1200.rev.width350.jpg"]},{"from":1067,"to":1071,"title":"Gold Histamenon of Romanus IV, Constantinople, 1067 - 1071. 1977.158.1199","image_urls":["http://numismatics.org/collectionimages/19501999/1977/1977.158.1199.rev.width350.jpg"]},{"from":1067,"to":1071,"title":"Gold Histamenon of Romanus IV, Constantinople, 1067 - 1071. 1966.169.16","image_urls":["http://numismatics.org/collectionimages/19501999/1966/1966.169.16.rev.width350.jpg"]},{"from":1067,"to":1071,"title":"Gold Histamenon of Romanus IV, Constantinople, 1067 - 1071. 1968.131.349","image_urls":["http://numismatics.org/collectionimages/19501999/1968/1968.131.349.rev.width350.jpg"]},{"from":1067,"to":1067,"title":"Gold Histamenon of Eudocia, Constantinople, 1067. 1946.51.112","image_urls":["http://numismatics.org/collectionimages/19001949/1946/1946.51.112.rev.width350.jpg"]},{"from":1067,"to":1071,"title":"Gold Histamenon of Romanus IV, Constantinople, 1067 - 1071. 1948.19.510","image_urls":["http://numismatics.org/collectionimages/19001949/1948/1948.19.510.rev.width350.jpg"]}]