[{"from":107,"to":107,"title":"LIN-31B186: A coin issued by Trajan","image_urls":["https://finds.org.uk/images/adaubney/LIN6500.JPG"]},{"from":107,"to":107,"title":"LIN-DFA1F2: A coin issued by Trajan","image_urls":["https://finds.org.uk/images/adaubney/LIN8451.JPG"]},{"from":107,"to":107,"title":"LIN-8D1288: A coin issued by Trajan","image_urls":["https://finds.org.uk/images/adaubney/LIN9246.jpg"]},{"from":107,"to":107,"title":"HAMP-AD97C7: A coin issued by Trajan","image_urls":["https://finds.org.uk/images/jmccrohan/Hamp%20AD97C7.tif"]},{"from":107,"to":109,"title":"LVPL-7DFA12: A coin issued by Trajan","image_urls":["https://finds.org.uk/images/voakden/Picture%20010.jpg"]},{"from":107,"to":107,"title":"CORN-956913: A coin issued by Trajan","image_urls":["https://finds.org.uk/images/atyacke/Dyerfinds%20008.jpg"]},{"from":107,"to":107,"title":"SUR-85A4A0: A coin issued by Trajan","image_urls":["https://finds.org.uk/images/dwilliams/B15354.JPG"]},{"from":107,"to":110,"title":"NARC-686751: A coin issued by Constantine I","image_urls":["https://finds.org.uk/images/jcassidy/NARC-686751%20obverse.jpg"]},{"from":107,"to":107,"title":"LVPL-6F2210: A coin issued by Trajan","image_urls":["https://finds.org.uk/images/tgilmore/lvpl-6f2210.jpg"]},{"from":107,"to":107,"title":"SWYOR-5E6572: A coin issued by Trajan","image_urls":["https://finds.org.uk/images/acooper/PAS_1751_Trajan.jpg"]},{"from":107,"to":107,"title":"LEIC-9950A3: A coin issued by Trajan","image_urls":["https://finds.org.uk/images/wscott/9950A3%20.JPG"]},{"from":107,"to":107,"title":"LVPL-9E07D8: A coin issued by Trajan","image_urls":["https://finds.org.uk/images/voakden/LVPL-9E07D8.JPG"]},{"from":107,"to":107,"title":"SUSS-AEF050: A coin issued by Trajan","image_urls":["https://finds.org.uk/images/lburnett/SUSS-AEF050.jpg"]},{"from":107,"to":107,"title":"SUR-8F0BB2: A coin issued by Trajan","image_urls":["https://finds.org.uk/images/dwilliams/08.853.JPG"]},{"from":107,"to":107,"title":"HAMP-A76A25: A coin issued by Trajan","image_urls":["https://finds.org.uk/images/jmccrohan/Hamp%20A76A25.tif"]},{"from":107,"to":107,"title":"LON-471251: A coin issued by Trajan","image_urls":["https://finds.org.uk/images/ksumnall/Place%20-%20Roman%20Trajan%20-%20Aug%2010.jpg"]},{"from":107,"to":107,"title":"SWYOR-623873: A coin issued by Trajan","image_urls":["https://finds.org.uk/images/mblevins/PAS_1710_sestertius.jpg"]},{"from":107,"to":107,"title":"LVPL-5627F5: A coin issued by Trajan","image_urls":["https://finds.org.uk/images/fmcintosh/LVPL-5627F5%20archie%20denarius.jpg"]},{"from":107,"to":108,"title":"Bronze Drachm of Trajan, Alexandreia, AD 107 - AD 108. 1974.26.3064","image_urls":["http://numismatics.org/collectionimages/19501999/1974/1974.26.3064.rev.width350.jpg"]},{"from":107,"to":108,"title":"Bronze Drachm of Trajan, Alexandreia, AD 107 - AD 108. 1944.100.55385","image_urls":["http://numismatics.org/collectionimages/19001949/1944/1944.100.55385.rev.width350.jpg"]},{"from":107,"to":108,"title":"Bronze Drachm of Trajan, Alexandreia, AD 107 - AD 108. 1944.100.55373","image_urls":["http://numismatics.org/collectionimages/19001949/1944/1944.100.55373.rev.width350.jpg"]},{"from":107,"to":108,"title":"Bronze Drachm of Trajan, Alexandreia, AD 107 - AD 108. 1944.100.56248","image_urls":["http://numismatics.org/collectionimages/19001949/1944/1944.100.56248.rev.width350.jpg"]},{"from":107,"to":108,"title":"Bronze Drachm of Trajan, Alexandreia, AD 107 - AD 108. 1944.100.55367","image_urls":["http://numismatics.org/collectionimages/19001949/1944/1944.100.55367.rev.width350.jpg"]},{"from":107,"to":108,"title":"Bronze Drachm of Trajan, Alexandreia, AD 107 - AD 108. 1944.100.55381","image_urls":["http://numismatics.org/collectionimages/19001949/1944/1944.100.55381.rev.width350.jpg"]},{"from":107,"to":108,"title":"Bronze Drachm of Trajan, Alexandreia, AD 107 - AD 108. 1944.100.55378","image_urls":["http://numismatics.org/collectionimages/19001949/1944/1944.100.55378.rev.width350.jpg"]},{"from":107,"to":108,"title":"Bronze Drachm of Trajan, Alexandreia, AD 107 - AD 108. 1944.100.55370","image_urls":["http://numismatics.org/collectionimages/19001949/1944/1944.100.55370.rev.width350.jpg"]},{"from":107,"to":108,"title":"Bronze Drachm of Trajan, Alexandreia, AD 107 - AD 108. 1944.100.55379","image_urls":["http://numismatics.org/collectionimages/19001949/1944/1944.100.55379.rev.width350.jpg"]},{"from":107,"to":108,"title":"Bronze Drachm of Trajan, Alexandreia, AD 107 - AD 108. 1944.100.55384","image_urls":["http://numismatics.org/collectionimages/19001949/1944/1944.100.55384.rev.width350.jpg"]},{"from":107,"to":108,"title":"Bronze Drachm of Trajan, Alexandreia, AD 107 - AD 108. 1944.100.56254","image_urls":["http://numismatics.org/collectionimages/19001949/1944/1944.100.56254.rev.width350.jpg"]},{"from":107,"to":108,"title":"Bronze Drachm of Trajan, Alexandreia, AD 107 - AD 108. 1974.26.3063","image_urls":["http://numismatics.org/collectionimages/19501999/1974/1974.26.3063.rev.width350.jpg"]},{"from":107,"to":108,"title":"Bronze Drachm of Trajan, Alexandreia, AD 107 - AD 108. 1944.100.55380","image_urls":["http://numismatics.org/collectionimages/19001949/1944/1944.100.55380.rev.width350.jpg"]},{"from":107,"to":108,"title":"Bronze Drachm of Trajan, Alexandreia, AD 107 - AD 108. 1973.56.571","image_urls":["http://numismatics.org/collectionimages/19501999/1973/1973.56.571.rev.width350.jpg"]},{"from":107,"to":108,"title":"Bronze Drachm of Trajan, Alexandreia, AD 107 - AD 108. 1944.100.55368","image_urls":["http://numismatics.org/collectionimages/19001949/1944/1944.100.55368.rev.width350.jpg"]},{"from":107,"to":108,"title":"Bronze Hemidrachm of Trajan, Alexandreia, AD 107 - AD 108. 1974.26.3062","image_urls":["http://numismatics.org/collectionimages/19501999/1974/1974.26.3062.rev.width350.jpg"]},{"from":107,"to":108,"title":"Bronze Drachm of Trajan, Alexandreia, AD 107 - AD 108. 1974.26.3065","image_urls":["http://numismatics.org/collectionimages/19501999/1974/1974.26.3065.rev.width350.jpg"]},{"from":107,"to":108,"title":"Bronze Drachm of Trajan, Alexandreia, AD 107 - AD 108. 1944.100.55365","image_urls":["http://numismatics.org/collectionimages/19001949/1944/1944.100.55365.rev.width350.jpg"]},{"from":107,"to":108,"title":"Bronze Drachm of Trajan, Alexandreia, AD 107 - AD 108. 1944.100.55386","image_urls":["http://numismatics.org/collectionimages/19001949/1944/1944.100.55386.rev.width350.jpg"]},{"from":107,"to":108,"title":"Bronze Drachm of Trajan, Alexandreia, AD 107 - AD 108. 1944.100.55383","image_urls":["http://numismatics.org/collectionimages/19001949/1944/1944.100.55383.rev.width350.jpg"]},{"from":107,"to":108,"title":"Bronze Drachm of Trajan, Alexandreia, AD 107 - AD 108. 1944.100.55377","image_urls":["http://numismatics.org/collectionimages/19001949/1944/1944.100.55377.rev.width350.jpg"]},{"from":107,"to":108,"title":"Bronze Hemidrachm of Trajan, Alexandreia, AD 107 - AD 108. 1944.100.55372","image_urls":["http://numismatics.org/collectionimages/19001949/1944/1944.100.55372.rev.width350.jpg"]},{"from":107,"to":108,"title":"Bronze Drachm of Trajan, Alexandreia, AD 107 - AD 108. 1944.100.55366","image_urls":["http://numismatics.org/collectionimages/19001949/1944/1944.100.55366.rev.width350.jpg"]},{"from":107,"to":108,"title":"Bronze Chalkous of Trajan, Alexandreia, AD 107 - AD 108. 1944.100.55387","image_urls":["http://numismatics.org/collectionimages/19001949/1944/1944.100.55387.rev.width350.jpg"]},{"from":107,"to":108,"title":"Bronze Drachm of Trajan, Alexandreia, AD 107 - AD 108. 1944.100.55375","image_urls":["http://numismatics.org/collectionimages/19001949/1944/1944.100.55375.rev.width350.jpg"]},{"from":107,"to":108,"title":"Bronze Drachm of Trajan, Alexandreia, AD 107 - AD 108. 1944.100.55369","image_urls":["http://numismatics.org/collectionimages/19001949/1944/1944.100.55369.rev.width350.jpg"]},{"from":107,"to":108,"title":"Bronze Drachm of Trajan, Alexandreia, AD 107 - AD 108. 1944.100.55374","image_urls":["http://numismatics.org/collectionimages/19001949/1944/1944.100.55374.rev.width350.jpg"]},{"from":107,"to":108,"title":"Bronze Chalkous of Trajan, Alexandreia, AD 107 - AD 108. 1944.100.55388","image_urls":["http://numismatics.org/collectionimages/19001949/1944/1944.100.55388.rev.width350.jpg"]},{"from":107,"to":108,"title":"Billon Tetradrachm of Trajan, Alexandreia, AD 107 - AD 108. 1944.100.55218","image_urls":["http://numismatics.org/collectionimages/19001949/1944/1944.100.55218.rev.width350.jpg"]},{"from":107,"to":108,"title":"Bronze Drachm of Trajan, Alexandreia, AD 107 - AD 108. 1944.100.55382","image_urls":["http://numismatics.org/collectionimages/19001949/1944/1944.100.55382.rev.width350.jpg"]},{"from":107,"to":108,"title":"Bronze Drachm of Trajan, Alexandreia, AD 107 - AD 108. 1944.100.55376","image_urls":["http://numismatics.org/collectionimages/19001949/1944/1944.100.55376.rev.width350.jpg"]},{"from":107,"to":108,"title":"Bronze Drachm of Trajan, Alexandreia, AD 107 - AD 108. 1974.26.3061","image_urls":["http://numismatics.org/collectionimages/19501999/1974/1974.26.3061.rev.width350.jpg"]},{"from":107,"to":108,"title":"Bronze Drachm of Trajan, Alexandreia, AD 107 - AD 108. 0000.999.24231","image_urls":["http://numismatics.org/collectionimages/00001899/0000/0000.999.24231.rev.width350.jpg"]},{"from":107,"to":108,"title":"Bronze Drachm of Trajan, Alexandreia, AD 107 - AD 108. 1944.100.55371","image_urls":["http://numismatics.org/collectionimages/19001949/1944/1944.100.55371.rev.width350.jpg"]}]