[{"from":1071,"to":1078,"title":"Gold Tetarteron of Michael VII, Constantinople, 1071 - 1078. 1968.131.357","image_urls":["http://numismatics.org/collectionimages/19501999/1968/1968.131.357.rev.width350.jpg"]},{"from":1071,"to":1078,"title":"Gold Histamenon of Michael VII, Constantinople, 1071 - 1078. 1946.51.117","image_urls":["http://numismatics.org/collectionimages/19001949/1946/1946.51.117.rev.width350.jpg"]},{"from":1071,"to":1078,"title":"Silver 2/3 Miliaresion of Michael VII, Constantinople, 1071 - 1078. 1963.91.1","image_urls":["http://numismatics.org/collectionimages/19501999/1963/1963.91.1.rev.width350.jpg"]},{"from":1071,"to":1078,"title":"Gold Histamenon of Michael VII, Constantinople, 1071 - 1078. 1968.131.354","image_urls":["http://numismatics.org/collectionimages/19501999/1968/1968.131.354.rev.width350.jpg"]},{"from":1071,"to":1078,"title":"Gold Histamenon of Michael VII, Constantinople, 1071 - 1078. 1977.158.1202","image_urls":["http://numismatics.org/collectionimages/19501999/1977/1977.158.1202.rev.width350.jpg"]},{"from":1071,"to":1078,"title":"Gold Histamenon of Michael VII, Constantinople, 1071 - 1078. 1948.19.516","image_urls":["http://numismatics.org/collectionimages/19001949/1948/1948.19.516.rev.width350.jpg"]},{"from":1071,"to":1078,"title":"Gold Histamenon of Michael VII, Constantinople, 1071 - 1078. 1963.242.1","image_urls":["http://numismatics.org/collectionimages/19501999/1963/1963.242.1.rev.width350.jpg"]},{"from":1071,"to":1078,"title":"Gold Histamenon of Michael VII, Constantinople, 1071 - 1078. 1937.56.9","image_urls":["http://numismatics.org/collectionimages/19001949/1937/1937.56.9.rev.width350.jpg"]},{"from":1071,"to":1078,"title":"Gold Histamenon of Michael VII, Constantinople, 1071 - 1078. 1948.19.512","image_urls":["http://numismatics.org/collectionimages/19001949/1948/1948.19.512.rev.width350.jpg"]},{"from":1071,"to":1078,"title":"Gold Histamenon of Michael VII, Constantinople, 1071 - 1078. 1944.100.14737","image_urls":["http://numismatics.org/collectionimages/19001949/1944/1944.100.14737.rev.width350.jpg"]},{"from":1071,"to":1078,"title":"Gold Histamenon of Michael VII, Constantinople, 1071 - 1078. 1968.131.351","image_urls":["http://numismatics.org/collectionimages/19501999/1968/1968.131.351.rev.width350.jpg"]},{"from":1071,"to":1078,"title":"Gold Histamenon of Michael VII, Constantinople, 1071 - 1078. 1978.64.559","image_urls":["http://numismatics.org/collectionimages/19501999/1978/1978.64.559.rev.width350.jpg"]},{"from":1071,"to":1078,"title":"Gold Histamenon of Michael VII, Constantinople, 1071 - 1078. 1948.19.519","image_urls":["http://numismatics.org/collectionimages/19001949/1948/1948.19.519.rev.width350.jpg"]},{"from":1071,"to":1078,"title":"Gold Tetarteron of Michael VII, Constantinople, 1071 - 1078. 1968.131.356","image_urls":["http://numismatics.org/collectionimages/19501999/1968/1968.131.356.rev.width350.jpg"]},{"from":1071,"to":1078,"title":"Gold Histamenon of Michael VII, Constantinople, 1071 - 1078. 1977.158.1204","image_urls":["http://numismatics.org/collectionimages/19501999/1977/1977.158.1204.rev.width350.jpg"]},{"from":1071,"to":1078,"title":"Gold Histamenon of Michael VII, Constantinople, 1071 - 1078. 1948.19.515","image_urls":["http://numismatics.org/collectionimages/19001949/1948/1948.19.515.rev.width350.jpg"]},{"from":1071,"to":1078,"title":"Gold Histamenon of Michael VII, Constantinople, 1071 - 1078. 1947.2.280","image_urls":["http://numismatics.org/collectionimages/19001949/1947/1947.2.280.rev.width350.jpg"]},{"from":1071,"to":1078,"title":"Gold Tetarteron of Michael VII, Constantinople, 1071 - 1078. 1977.158.1205","image_urls":["http://numismatics.org/collectionimages/19501999/1977/1977.158.1205.rev.width350.jpg"]},{"from":1071,"to":1078,"title":"Gold Histamenon of Michael VII, Constantinople, 1071 - 1078. 1948.19.513","image_urls":["http://numismatics.org/collectionimages/19001949/1948/1948.19.513.rev.width350.jpg"]},{"from":1071,"to":1078,"title":"Gold Histamenon of Michael VII, Constantinople, 1071 - 1078. 1944.100.14734","image_urls":["http://numismatics.org/collectionimages/19001949/1944/1944.100.14734.rev.width350.jpg"]},{"from":1071,"to":1078,"title":"Gold Histamenon of Michael VII, Constantinople, 1071 - 1078. 1968.131.353","image_urls":["http://numismatics.org/collectionimages/19501999/1968/1968.131.353.rev.width350.jpg"]},{"from":1071,"to":1078,"title":"Gold Histamenon of Michael VII, Constantinople, 1071 - 1078. 1968.131.352","image_urls":["http://numismatics.org/collectionimages/19501999/1968/1968.131.352.rev.width350.jpg"]},{"from":1071,"to":1078,"title":"Silver Miliaresion of Michael VII, Constantinople, 1071 - 1078. 1958.229.3","image_urls":["http://numismatics.org/collectionimages/19501999/1958/1958.229.3.rev.width350.jpg"]},{"from":1071,"to":1078,"title":"Silver 2/3 Miliaresion of Michael VII, Constantinople, 1071 - 1078. 1967.78.1","image_urls":["http://numismatics.org/collectionimages/19501999/1967/1967.78.1.rev.width350.jpg"]},{"from":1071,"to":1078,"title":"Gold Histamenon of Michael VII, Constantinople, 1071 - 1078. 1978.64.558","image_urls":["http://numismatics.org/collectionimages/19501999/1978/1978.64.558.rev.width350.jpg"]},{"from":1071,"to":1078,"title":"Gold Tetarteron of Michael VII, Constantinople, 1071 - 1078. 1962.170.6","image_urls":["http://numismatics.org/collectionimages/19501999/1962/1962.170.6.rev.width350.jpg"]},{"from":1071,"to":1078,"title":"Bronze 2/3 Miliaresion of Michael VII, Constantinople, 1071 - 1078. 1984.88.30","image_urls":["http://numismatics.org/collectionimages/19501999/1984/1984.88.30.rev.width350.jpg"]},{"from":1071,"to":1078,"title":"Gold Histamenon of Michael VII, Constantinople, 1071 - 1078. 1948.19.514","image_urls":["http://numismatics.org/collectionimages/19001949/1948/1948.19.514.rev.width350.jpg"]},{"from":1071,"to":1078,"title":"Gold Histamenon of Michael VII, Constantinople, 1071 - 1078. 1946.51.116","image_urls":["http://numismatics.org/collectionimages/19001949/1946/1946.51.116.rev.width350.jpg"]},{"from":1071,"to":1078,"title":"Gold Tetarteron of Michael VII, Constantinople, 1071 - 1078. 1957.67.12","image_urls":["http://numismatics.org/collectionimages/19501999/1957/1957.67.12.rev.width350.jpg"]},{"from":1071,"to":1078,"title":"Silver Miliaresion of Michael VII, Constantinople, 1071 - 1078. 1946.51.119","image_urls":["http://numismatics.org/collectionimages/19001949/1946/1946.51.119.rev.width350.jpg"]},{"from":1071,"to":1078,"title":"Gold Histamenon of Michael VII, Constantinople, 1071 - 1078. 1944.100.14736","image_urls":["http://numismatics.org/collectionimages/19001949/1944/1944.100.14736.rev.width350.jpg"]},{"from":1071,"to":1078,"title":"Gold Histamenon of Michael VII, Constantinople, 1071 - 1078. 1948.19.518","image_urls":["http://numismatics.org/collectionimages/19001949/1948/1948.19.518.rev.width350.jpg"]},{"from":1071,"to":1078,"title":"Gold Tetarteron of Michael VII, Constantinople, 1071 - 1078. 1977.158.1207","image_urls":["http://numismatics.org/collectionimages/19501999/1977/1977.158.1207.rev.width350.jpg"]},{"from":1071,"to":1078,"title":"Gold Tetarteron of Michael VII, Constantinople, 1071 - 1078. 1944.100.14739","image_urls":["http://numismatics.org/collectionimages/19001949/1944/1944.100.14739.rev.width350.jpg"]},{"from":1071,"to":1078,"title":"Gold Histamenon of Michael VII, Constantinople, 1071 - 1078. 1977.158.1201","image_urls":["http://numismatics.org/collectionimages/19501999/1977/1977.158.1201.rev.width350.jpg"]},{"from":1071,"to":1078,"title":"Gold Tetarteron of Michael VII, Constantinople, 1071 - 1078. 1944.100.14740","image_urls":["http://numismatics.org/collectionimages/19001949/1944/1944.100.14740.rev.width350.jpg"]},{"from":1071,"to":1078,"title":"Gold Histamenon of Michael VII, Constantinople, 1071 - 1078. 1980.109.321","image_urls":["http://numismatics.org/collectionimages/19501999/1980/1980.109.321.rev.width350.jpg"]},{"from":1071,"to":1078,"title":"Gold Histamenon of Michael VII, Constantinople, 1071 - 1078. 1958.76.19","image_urls":["http://numismatics.org/collectionimages/19501999/1958/1958.76.19.rev.width350.jpg"]},{"from":1071,"to":1078,"title":"Gold Histamenon of Michael VII, Constantinople, 1071 - 1078. 1948.19.517","image_urls":["http://numismatics.org/collectionimages/19001949/1948/1948.19.517.rev.width350.jpg"]},{"from":1071,"to":1078,"title":"Gold Histamenon of Michael VII, Constantinople, 1071 - 1078. 1944.100.14735","image_urls":["http://numismatics.org/collectionimages/19001949/1944/1944.100.14735.rev.width350.jpg"]},{"from":1071,"to":1078,"title":"Gold Tetarteron of Michael VII, Constantinople, 1071 - 1078. 1977.158.1206","image_urls":["http://numismatics.org/collectionimages/19501999/1977/1977.158.1206.rev.width350.jpg"]},{"from":1071,"to":1078,"title":"Gold Histamenon of Michael VII, Constantinople, 1071 - 1078. 1978.64.563","image_urls":["http://numismatics.org/collectionimages/19501999/1978/1978.64.563.rev.width350.jpg"]},{"from":1071,"to":1078,"title":"Gold Histamenon of Michael VII, Constantinople, 1071 - 1078. 1978.64.557","image_urls":["http://numismatics.org/collectionimages/19501999/1978/1978.64.557.rev.width350.jpg"]},{"from":1071,"to":1078,"title":"Gold Histamenon of Michael VII, Constantinople, 1071 - 1078. 1977.158.1203","image_urls":["http://numismatics.org/collectionimages/19501999/1977/1977.158.1203.rev.width350.jpg"]},{"from":1071,"to":1078,"title":"Gold Tetarteron of Michael VII, Constantinople, 1071 - 1078. 1968.131.355","image_urls":["http://numismatics.org/collectionimages/19501999/1968/1968.131.355.rev.width350.jpg"]},{"from":1071,"to":1078,"title":"Gold Histamenon of Michael VII, Constantinople, 1071 - 1078. 1980.109.305","image_urls":["http://numismatics.org/collectionimages/19501999/1980/1980.109.305.rev.width350.jpg"]},{"from":1071,"to":1078,"title":"Gold Tetarteron of Michael VII, Constantinople, 1071 - 1078. 1946.51.118","image_urls":["http://numismatics.org/collectionimages/19001949/1946/1946.51.118.rev.width350.jpg"]},{"from":1071,"to":1078,"title":"Gold Histamenon of Michael VII, Constantinople, 1071 - 1078. 1946.51.115","image_urls":["http://numismatics.org/collectionimages/19001949/1946/1946.51.115.rev.width350.jpg"]},{"from":1071,"to":1078,"title":"Gold Histamenon of Michael VII, Constantinople, 1071 - 1078. 1944.100.14738","image_urls":["http://numismatics.org/collectionimages/19001949/1944/1944.100.14738.rev.width350.jpg"]},{"from":1071,"to":1078,"title":"Gold Histamenon of Michael VII, Constantinople, 1071 - 1078. 1966.169.17","image_urls":["http://numismatics.org/collectionimages/19501999/1966/1966.169.17.rev.width350.jpg"]}]