[{"from":1078,"to":1081,"title":"Electrum Histamenon of Nicephorus III, Constantinople, 1078 - 1081. 1968.131.360","image_urls":["http://numismatics.org/collectionimages/19501999/1968/1968.131.360.rev.width350.jpg"]},{"from":1078,"to":1081,"title":"Silver Miliaresion of Nicephorus III, Constantinople, 1078 - 1081. 1976.6.1","image_urls":["http://numismatics.org/collectionimages/19501999/1976/1976.6.1.rev.width350.jpg"]},{"from":1078,"to":1081,"title":"Electrum Histamenon of Nicephorus III, Constantinople, 1078 - 1081. 1977.158.1211","image_urls":["http://numismatics.org/collectionimages/19501999/1977/1977.158.1211.rev.width350.jpg"]},{"from":1078,"to":1081,"title":"Electrum Histamenon of Nicephorus III, Constantinople, 1078 - 1081. 1947.3.3","image_urls":["http://numismatics.org/collectionimages/19001949/1947/1947.3.3.rev.width350.jpg"]},{"from":1078,"to":1081,"title":"Electrum Histamenon of Nicephorus III, Constantinople, 1078 - 1081. 1962.170.7","image_urls":["http://numismatics.org/collectionimages/19501999/1962/1962.170.7.rev.width350.jpg"]},{"from":1078,"to":1081,"title":"Electrum Tetarteron of Nicephorus III, Constantinople, 1078 - 1081. 1968.131.362","image_urls":["http://numismatics.org/collectionimages/19501999/1968/1968.131.362.rev.width350.jpg"]},{"from":1078,"to":1081,"title":"Electrum Histamenon of Nicephorus III, Constantinople, 1078 - 1081. 1980.109.306","image_urls":["http://numismatics.org/collectionimages/19501999/1980/1980.109.306.rev.width350.jpg"]},{"from":1078,"to":1081,"title":"Electrum Histamenon of Nicephorus III, Constantinople, 1078 - 1081. 1977.158.1210","image_urls":["http://numismatics.org/collectionimages/19501999/1977/1977.158.1210.rev.width350.jpg"]},{"from":1078,"to":1081,"title":"Electrum Histamenon of Nicephorus III, Constantinople, 1078 - 1081. 1958.76.21","image_urls":["http://numismatics.org/collectionimages/19501999/1958/1958.76.21.rev.width350.jpg"]},{"from":1078,"to":1081,"title":"Electrum Histamenon of Nicephorus III, Constantinople, 1078 - 1081. 1947.97.99","image_urls":["http://numismatics.org/collectionimages/19001949/1947/1947.97.99.rev.width350.jpg"]},{"from":1078,"to":1081,"title":"Electrum Tetarteron of Nicephorus III, Constantinople, 1078 - 1081. 1964.6.2","image_urls":["http://numismatics.org/collectionimages/19501999/1964/1964.6.2.rev.width350.jpg"]},{"from":1078,"to":1081,"title":"Electrum Histamenon of Nicephorus III, Constantinople, 1078 - 1081. 1958.76.20","image_urls":["http://numismatics.org/collectionimages/19501999/1958/1958.76.20.rev.width350.jpg"]},{"from":1078,"to":1081,"title":"Electrum Histamenon of Nicephorus III, Constantinople, 1078 - 1081. 1947.3.2","image_urls":["http://numismatics.org/collectionimages/19001949/1947/1947.3.2.rev.width350.jpg"]},{"from":1078,"to":1081,"title":"Gold Histamenon of Nicephorus III, Constantinople, 1078 - 1081. 1961.180.5","image_urls":["http://numismatics.org/collectionimages/19501999/1961/1961.180.5.rev.width350.jpg"]},{"from":1078,"to":1081,"title":"Electrum Histamenon of Nicephorus III, Constantinople, 1078 - 1081. 1977.158.1209","image_urls":["http://numismatics.org/collectionimages/19501999/1977/1977.158.1209.rev.width350.jpg"]},{"from":1078,"to":1081,"title":"Electrum Histamenon of Nicephorus III, Constantinople, 1078 - 1081. 1968.131.359","image_urls":["http://numismatics.org/collectionimages/19501999/1968/1968.131.359.rev.width350.jpg"]},{"from":1078,"to":1081,"title":"Electrum Histamenon of Nicephorus III, Constantinople, 1078 - 1081. 1968.131.361","image_urls":["http://numismatics.org/collectionimages/19501999/1968/1968.131.361.rev.width350.jpg"]},{"from":1078,"to":1081,"title":"Electrum Histamenon of Nicephorus III, Constantinople, 1078 - 1081. 1944.100.14741","image_urls":["http://numismatics.org/collectionimages/19001949/1944/1944.100.14741.rev.width350.jpg"]},{"from":1078,"to":1081,"title":"Electrum Histamenon of Nicephorus III, Constantinople, 1078 - 1081. 1947.3.4","image_urls":["http://numismatics.org/collectionimages/19001949/1947/1947.3.4.rev.width350.jpg"]},{"from":1078,"to":1081,"title":"Electrum Tetarteron of Nicephorus III, Constantinople, 1078 - 1081. 1962.170.8","image_urls":["http://numismatics.org/collectionimages/19501999/1962/1962.170.8.rev.width350.jpg"]},{"from":1078,"to":1081,"title":"Electrum Tetarteron of Nicephorus III, Constantinople, 1078 - 1081. 1977.158.1212","image_urls":["http://numismatics.org/collectionimages/19501999/1977/1977.158.1212.rev.width350.jpg"]},{"from":1078,"to":1081,"title":"Electrum Histamenon of Nicephorus III, Constantinople, 1078 - 1081. 1977.158.1208","image_urls":["http://numismatics.org/collectionimages/19501999/1977/1977.158.1208.rev.width350.jpg"]},{"from":1078,"to":1081,"title":"Electrum Histamenon of Nicephorus III, Constantinople, 1078 - 1081. 1958.76.22","image_urls":["http://numismatics.org/collectionimages/19501999/1958/1958.76.22.rev.width350.jpg"]},{"from":1078,"to":1081,"title":"Electrum Histamenon of Nicephorus III, Constantinople, 1078 - 1081. 1968.131.358","image_urls":["http://numismatics.org/collectionimages/19501999/1968/1968.131.358.rev.width350.jpg"]}]