[{"from":108,"to":108,"title":"SWYOR-5D1522: A coin issued by Trajan","image_urls":["https://finds.org.uk/images/acooper/PAS_1896_denarius.jpg"]},{"from":108,"to":108,"title":"LIN-E39DD9: A coin issued by Trajan","image_urls":["https://finds.org.uk/images/adaubney/LIN-E39DD9.jpg"]},{"from":108,"to":108,"title":"IOW-CD2234: A coin issued by Trajan","image_urls":["https://finds.org.uk/images/fbasford/IOW2006-88-31.JPG"]},{"from":108,"to":108,"title":"LEIC-175182: A coin issued by Trajan","image_urls":["https://finds.org.uk/images/wscott/175182.JPG"]},{"from":108,"to":108,"title":"NLM-87E6E4: A coin issued by Trajan","image_urls":["https://finds.org.uk/images/mforeman/NLM21528.jpg"]},{"from":108,"to":108,"title":"LEIC-F48E35: A coin issued by Trajan","image_urls":["https://finds.org.uk/images/wscott/F48E35.JPG"]},{"from":108,"to":109,"title":"LIN-C85714: A coin issued by Trajan","image_urls":["https://finds.org.uk/images/adaubney/LIN2013-1523.jpg"]},{"from":108,"to":108,"title":"LEIC-8AE464: A coin issued by Trajan","image_urls":["https://finds.org.uk/images/wscott/8AE464%20.JPG"]},{"from":108,"to":109,"title":"Bronze Drachm of Trajan, Alexandreia, AD 108 - AD 109. 1944.100.55391","image_urls":["http://numismatics.org/collectionimages/19001949/1944/1944.100.55391.rev.width350.jpg"]},{"from":108,"to":109,"title":"Bronze Drachm of Trajan, Alexandreia, AD 108 - AD 109. 1944.100.55399","image_urls":["http://numismatics.org/collectionimages/19001949/1944/1944.100.55399.rev.width350.jpg"]},{"from":108,"to":109,"title":"Bronze Drachm of Trajan, Alexandreia, AD 108 - AD 109. 1944.100.55418","image_urls":["http://numismatics.org/collectionimages/19001949/1944/1944.100.55418.rev.width350.jpg"]},{"from":108,"to":109,"title":"Bronze Drachm of Trajan, Alexandreia, AD 108 - AD 109. 1944.100.55424","image_urls":["http://numismatics.org/collectionimages/19001949/1944/1944.100.55424.rev.width350.jpg"]},{"from":108,"to":109,"title":"Bronze Drachm of Trajan, Alexandreia, AD 108 - AD 109. 1944.100.55420","image_urls":["http://numismatics.org/collectionimages/19001949/1944/1944.100.55420.rev.width350.jpg"]},{"from":108,"to":109,"title":"Bronze Diobol of Trajan, Alexandreia, AD 108 - AD 109. 1944.100.55429","image_urls":["http://numismatics.org/collectionimages/19001949/1944/1944.100.55429.rev.width350.jpg"]},{"from":108,"to":109,"title":"Bronze Drachm of Trajan, Alexandreia, AD 108 - AD 109. 1944.100.55412","image_urls":["http://numismatics.org/collectionimages/19001949/1944/1944.100.55412.rev.width350.jpg"]},{"from":108,"to":109,"title":"Bronze Drachm of Trajan, Alexandreia, AD 108 - AD 109. 1994.92.4","image_urls":["http://numismatics.org/collectionimages/19501999/1994/1994.92.4.rev.width350.jpg"]},{"from":108,"to":109,"title":"Bronze Drachm of Trajan, Alexandreia, AD 108 - AD 109. 1944.100.55406","image_urls":["http://numismatics.org/collectionimages/19001949/1944/1944.100.55406.rev.width350.jpg"]},{"from":108,"to":109,"title":"Bronze Drachm of Trajan, Alexandreia, AD 108 - AD 109. 1944.100.55423","image_urls":["http://numismatics.org/collectionimages/19001949/1944/1944.100.55423.rev.width350.jpg"]},{"from":108,"to":109,"title":"Bronze Drachm of Trajan, Alexandreia, AD 108 - AD 109. 0000.999.24232","image_urls":["http://numismatics.org/collectionimages/00001899/0000/0000.999.24232.rev.width350.jpg"]},{"from":108,"to":109,"title":"Bronze Drachm of Trajan, Alexandreia, AD 108 - AD 109. 1974.26.3070","image_urls":["http://numismatics.org/collectionimages/19501999/1974/1974.26.3070.rev.width350.jpg"]},{"from":108,"to":109,"title":"Bronze Drachm of Trajan, Alexandreia, AD 108 - AD 109. 1974.26.3066","image_urls":["http://numismatics.org/collectionimages/19501999/1974/1974.26.3066.rev.width350.jpg"]},{"from":108,"to":109,"title":"Bronze Drachm of Trajan, Alexandreia, AD 108 - AD 109. 1944.100.55393","image_urls":["http://numismatics.org/collectionimages/19001949/1944/1944.100.55393.rev.width350.jpg"]},{"from":108,"to":109,"title":"Bronze Drachm of Trajan, Alexandreia, AD 108 - AD 109. 1944.100.55421","image_urls":["http://numismatics.org/collectionimages/19001949/1944/1944.100.55421.rev.width350.jpg"]},{"from":108,"to":109,"title":"Bronze Drachm of Trajan, Alexandreia, AD 108 - AD 109. 1944.100.55415","image_urls":["http://numismatics.org/collectionimages/19001949/1944/1944.100.55415.rev.width350.jpg"]},{"from":108,"to":109,"title":"Bronze Drachm of Trajan, Alexandreia, AD 108 - AD 109. 1944.100.55409","image_urls":["http://numismatics.org/collectionimages/19001949/1944/1944.100.55409.rev.width350.jpg"]},{"from":108,"to":109,"title":"Billon Tetradrachm of Trajan, Alexandreia, AD 108 - AD 109. 1944.100.55322","image_urls":["http://numismatics.org/collectionimages/19001949/1944/1944.100.55322.rev.width350.jpg"]},{"from":108,"to":109,"title":"Bronze Drachm of Trajan, Alexandreia, AD 108 - AD 109. 1944.100.55400","image_urls":["http://numismatics.org/collectionimages/19001949/1944/1944.100.55400.rev.width350.jpg"]},{"from":108,"to":109,"title":"Bronze Hemidrachm of Trajan, Alexandreia, AD 108 - AD 109. 1944.100.56260","image_urls":["http://numismatics.org/collectionimages/19001949/1944/1944.100.56260.rev.width350.jpg"]},{"from":108,"to":109,"title":"Bronze Drachm of Trajan, Alexandreia, AD 108 - AD 109. 1974.26.3068","image_urls":["http://numismatics.org/collectionimages/19501999/1974/1974.26.3068.rev.width350.jpg"]},{"from":108,"to":109,"title":"Bronze Drachm of Trajan, Alexandreia, AD 108 - AD 109. 1944.100.55413","image_urls":["http://numismatics.org/collectionimages/19001949/1944/1944.100.55413.rev.width350.jpg"]},{"from":108,"to":109,"title":"Bronze Drachm of Trajan, Alexandreia, AD 108 - AD 109. 1944.100.55428","image_urls":["http://numismatics.org/collectionimages/19001949/1944/1944.100.55428.rev.width350.jpg"]},{"from":108,"to":109,"title":"Bronze Drachm of Trajan, Alexandreia, AD 108 - AD 109. 1944.100.55395","image_urls":["http://numismatics.org/collectionimages/19001949/1944/1944.100.55395.rev.width350.jpg"]},{"from":108,"to":109,"title":"Bronze Drachm of Trajan, Alexandreia, AD 108 - AD 109. 1944.100.56259","image_urls":["http://numismatics.org/collectionimages/19001949/1944/1944.100.56259.rev.width350.jpg"]},{"from":108,"to":109,"title":"Bronze Drachm of Trajan, Alexandreia, AD 108 - AD 109. 1944.100.55426","image_urls":["http://numismatics.org/collectionimages/19001949/1944/1944.100.55426.rev.width350.jpg"]},{"from":108,"to":109,"title":"Bronze Drachm of Trajan, Alexandreia, AD 108 - AD 109. 1944.100.55408","image_urls":["http://numismatics.org/collectionimages/19001949/1944/1944.100.55408.rev.width350.jpg"]},{"from":108,"to":109,"title":"Bronze Drachm of Trajan, Alexandreia, AD 108 - AD 109. 1944.100.55398","image_urls":["http://numismatics.org/collectionimages/19001949/1944/1944.100.55398.rev.width350.jpg"]},{"from":108,"to":109,"title":"Billon Tetradrachm of Trajan, Alexandreia, AD 108 - AD 109. 1944.100.55321","image_urls":["http://numismatics.org/collectionimages/19001949/1944/1944.100.55321.rev.width350.jpg"]},{"from":108,"to":109,"title":"Bronze Drachm of Trajan, Alexandreia, AD 108 - AD 109. 1944.100.55402","image_urls":["http://numismatics.org/collectionimages/19001949/1944/1944.100.55402.rev.width350.jpg"]},{"from":108,"to":109,"title":"Bronze Drachm of Trajan, Alexandreia, AD 108 - AD 109. 1944.100.55392","image_urls":["http://numismatics.org/collectionimages/19001949/1944/1944.100.55392.rev.width350.jpg"]},{"from":108,"to":109,"title":"Bronze Drachm of Trajan, Alexandreia, AD 108 - AD 109. 1944.100.55411","image_urls":["http://numismatics.org/collectionimages/19001949/1944/1944.100.55411.rev.width350.jpg"]},{"from":108,"to":109,"title":"Bronze Drachm of Trajan, Alexandreia, AD 108 - AD 109. 1944.100.55405","image_urls":["http://numismatics.org/collectionimages/19001949/1944/1944.100.55405.rev.width350.jpg"]},{"from":108,"to":109,"title":"Bronze Drachm of Trajan, Alexandreia, AD 108 - AD 109. 1944.100.55414","image_urls":["http://numismatics.org/collectionimages/19001949/1944/1944.100.55414.rev.width350.jpg"]},{"from":108,"to":109,"title":"Bronze Drachm of Trajan, Alexandreia, AD 108 - AD 109. 1944.100.55403","image_urls":["http://numismatics.org/collectionimages/19001949/1944/1944.100.55403.rev.width350.jpg"]},{"from":108,"to":109,"title":"Bronze Drachm of Trajan, Alexandreia, AD 108 - AD 109. 1974.26.3069","image_urls":["http://numismatics.org/collectionimages/19501999/1974/1974.26.3069.rev.width350.jpg"]},{"from":108,"to":109,"title":"Bronze Drachm of Trajan, Alexandreia, AD 108 - AD 109. 1944.100.55396","image_urls":["http://numismatics.org/collectionimages/19001949/1944/1944.100.55396.rev.width350.jpg"]},{"from":108,"to":109,"title":"Bronze Drachm of Trajan, Alexandreia, AD 108 - AD 109. 1944.100.56258","image_urls":["http://numismatics.org/collectionimages/19001949/1944/1944.100.56258.rev.width350.jpg"]},{"from":108,"to":109,"title":"Bronze Drachm of Trajan, Alexandreia, AD 108 - AD 109. 1944.100.55404","image_urls":["http://numismatics.org/collectionimages/19001949/1944/1944.100.55404.rev.width350.jpg"]},{"from":108,"to":109,"title":"Bronze Drachm of Trajan, Alexandreia, AD 108 - AD 109. 1944.100.55401","image_urls":["http://numismatics.org/collectionimages/19001949/1944/1944.100.55401.rev.width350.jpg"]},{"from":108,"to":109,"title":"Bronze Drachm of Trajan, Alexandreia, AD 108 - AD 109. 1944.100.55422","image_urls":["http://numismatics.org/collectionimages/19001949/1944/1944.100.55422.rev.width350.jpg"]},{"from":108,"to":109,"title":"Bronze Drachm of Trajan, Alexandreia, AD 108 - AD 109. 1944.100.55397","image_urls":["http://numismatics.org/collectionimages/19001949/1944/1944.100.55397.rev.width350.jpg"]},{"from":108,"to":109,"title":"Bronze Drachm of Trajan, Alexandreia, AD 108 - AD 109. 1944.100.55407","image_urls":["http://numismatics.org/collectionimages/19001949/1944/1944.100.55407.rev.width350.jpg"]},{"from":108,"to":109,"title":"Billon Tetradrachm of Trajan, Alexandreia, AD 108 - AD 109. 1944.100.55323","image_urls":["http://numismatics.org/collectionimages/19001949/1944/1944.100.55323.rev.width350.jpg"]},{"from":108,"to":109,"title":"Bronze Drachm of Trajan, Alexandreia, AD 108 - AD 109. 1944.100.56255","image_urls":["http://numismatics.org/collectionimages/19001949/1944/1944.100.56255.rev.width350.jpg"]},{"from":108,"to":109,"title":"Bronze Drachm of Trajan, Alexandreia, AD 108 - AD 109. 1944.100.55416","image_urls":["http://numismatics.org/collectionimages/19001949/1944/1944.100.55416.rev.width350.jpg"]},{"from":108,"to":109,"title":"Bronze Drachm of Trajan, Alexandreia, AD 108 - AD 109. 1944.100.55425","image_urls":["http://numismatics.org/collectionimages/19001949/1944/1944.100.55425.rev.width350.jpg"]},{"from":108,"to":109,"title":"Bronze Drachm of Trajan, Alexandreia, AD 108 - AD 109. 1944.100.55394","image_urls":["http://numismatics.org/collectionimages/19001949/1944/1944.100.55394.rev.width350.jpg"]},{"from":108,"to":109,"title":"Bronze Chalkous of Trajan, Alexandreia, AD 108 - AD 109. 1944.100.55430","image_urls":["http://numismatics.org/collectionimages/19001949/1944/1944.100.55430.rev.width350.jpg"]},{"from":108,"to":109,"title":"Bronze Drachm of Trajan, Alexandreia, AD 108 - AD 109. 1974.26.3067","image_urls":["http://numismatics.org/collectionimages/19501999/1974/1974.26.3067.rev.width350.jpg"]},{"from":108,"to":109,"title":"Bronze Drachm of Trajan, Alexandreia, AD 108 - AD 109. 1944.100.55427","image_urls":["http://numismatics.org/collectionimages/19001949/1944/1944.100.55427.rev.width350.jpg"]},{"from":108,"to":109,"title":"Bronze Drachm of Trajan, Alexandreia, AD 108 - AD 109. 1944.100.55417","image_urls":["http://numismatics.org/collectionimages/19001949/1944/1944.100.55417.rev.width350.jpg"]},{"from":108,"to":109,"title":"Bronze Drachm of Trajan, Alexandreia, AD 108 - AD 109. 1944.100.55410","image_urls":["http://numismatics.org/collectionimages/19001949/1944/1944.100.55410.rev.width350.jpg"]},{"from":108,"to":109,"title":"Bronze Drachm of Trajan, Alexandreia, AD 108 - AD 109. 1944.100.55419","image_urls":["http://numismatics.org/collectionimages/19001949/1944/1944.100.55419.rev.width350.jpg"]}]