[{"from":109,"to":109,"title":"SUR-28BC12: A coin issued by Trajan","image_urls":["https://finds.org.uk/images/dwilliams/07.149.JPG"]},{"from":109,"to":109,"title":"SUSS-E0AEA7: A coin issued by Trajan","image_urls":["https://finds.org.uk/images/lburnett/SUSS-E0AEA7.JPG"]},{"from":109,"to":109,"title":"LEIC-E7A847: A coin issued by Trajan","image_urls":["https://finds.org.uk/images/wscott/-E6DBC1.JPG"]},{"from":109,"to":109,"title":"NLM-52153C: A coin issued by Trajan","image_urls":["https://finds.org.uk/images/mforeman/NLM28427.jpg"]},{"from":109,"to":109,"title":"LIN-118417: A coin issued by Trajan","image_urls":["https://finds.org.uk/images/avallee/LIN2012-625.jpg"]},{"from":109,"to":110,"title":"BM-AA5545: A coin issued by Trajan","image_urls":["https://finds.org.uk/images/vdrost/BM-AA5545_REV.JPG"]},{"from":109,"to":110,"title":"Bronze Drachm of Trajan, Alexandreia, AD 109 - AD 110. 1944.100.55436","image_urls":["http://numismatics.org/collectionimages/19001949/1944/1944.100.55436.rev.width350.jpg"]},{"from":109,"to":110,"title":"Bronze Drachm of Trajan, Alexandreia, AD 109 - AD 110. 1944.100.55463","image_urls":["http://numismatics.org/collectionimages/19001949/1944/1944.100.55463.rev.width350.jpg"]},{"from":109,"to":110,"title":"Bronze Drachm of Trajan, Alexandreia, AD 109 - AD 110. 1944.100.55457","image_urls":["http://numismatics.org/collectionimages/19001949/1944/1944.100.55457.rev.width350.jpg"]},{"from":109,"to":110,"title":"Bronze Drachm of Trajan, Alexandreia, AD 109 - AD 110. 1944.100.55451","image_urls":["http://numismatics.org/collectionimages/19001949/1944/1944.100.55451.rev.width350.jpg"]},{"from":109,"to":110,"title":"Bronze Drachm of Trajan, Alexandreia, AD 109 - AD 110. 0000.999.24233","image_urls":["http://numismatics.org/collectionimages/00001899/0000/0000.999.24233.rev.width350.jpg"]},{"from":109,"to":129,"title":"Bronze Coin, Seleuceia ad Tigrim, AD 109 - AD 129. 1944.100.83345","image_urls":["http://numismatics.org/collectionimages/19001949/1944/1944.100.83345.rev.width350.jpg"]},{"from":109,"to":110,"title":"Bronze Drachm of Trajan, Alexandreia, AD 109 - AD 110. 1944.100.55445","image_urls":["http://numismatics.org/collectionimages/19001949/1944/1944.100.55445.rev.width350.jpg"]},{"from":109,"to":110,"title":"Bronze Drachm of Trajan, Alexandreia, AD 109 - AD 110. 1944.100.55466","image_urls":["http://numismatics.org/collectionimages/19001949/1944/1944.100.55466.rev.width350.jpg"]},{"from":109,"to":110,"title":"Bronze Drachm of Trajan, Alexandreia, AD 109 - AD 110. 1944.100.55439","image_urls":["http://numismatics.org/collectionimages/19001949/1944/1944.100.55439.rev.width350.jpg"]},{"from":109,"to":110,"title":"Bronze Dichalkon of Trajan, Alexandreia, AD 109 - AD 110. 1944.100.55468","image_urls":["http://numismatics.org/collectionimages/19001949/1944/1944.100.55468.rev.width350.jpg"]},{"from":109,"to":110,"title":"Bronze Drachm of Trajan, Alexandreia, AD 109 - AD 110. 1944.100.55453","image_urls":["http://numismatics.org/collectionimages/19001949/1944/1944.100.55453.rev.width350.jpg"]},{"from":109,"to":110,"title":"Bronze Drachm of Trajan, Alexandreia, AD 109 - AD 110. 1944.100.55462","image_urls":["http://numismatics.org/collectionimages/19001949/1944/1944.100.55462.rev.width350.jpg"]},{"from":109,"to":110,"title":"Bronze Drachm of Trajan, Alexandreia, AD 109 - AD 110. 1944.100.55456","image_urls":["http://numismatics.org/collectionimages/19001949/1944/1944.100.55456.rev.width350.jpg"]},{"from":109,"to":110,"title":"Bronze Drachm of Trajan, Alexandreia, AD 109 - AD 110. 1944.100.55448","image_urls":["http://numismatics.org/collectionimages/19001949/1944/1944.100.55448.rev.width350.jpg"]},{"from":109,"to":129,"title":"Bronze Coin, Seleuceia ad Tigrim, AD 109 - AD 129. 1944.100.83357","image_urls":["http://numismatics.org/collectionimages/19001949/1944/1944.100.83357.rev.width350.jpg"]},{"from":109,"to":110,"title":"Bronze Drachm of Trajan, Alexandreia, AD 109 - AD 110. 1944.100.55433","image_urls":["http://numismatics.org/collectionimages/19001949/1944/1944.100.55433.rev.width350.jpg"]},{"from":109,"to":129,"title":"Bronze Coin, Seleuceia ad Tigrim, AD 109 - AD 129. 1944.100.83342","image_urls":["http://numismatics.org/collectionimages/19001949/1944/1944.100.83342.rev.width350.jpg"]},{"from":109,"to":110,"title":"Bronze Drachm of Trajan, Alexandreia, AD 109 - AD 110. 1944.100.55438","image_urls":["http://numismatics.org/collectionimages/19001949/1944/1944.100.55438.rev.width350.jpg"]},{"from":109,"to":110,"title":"Bronze Drachm of Trajan, Alexandreia, AD 109 - AD 110. 1944.100.56277","image_urls":["http://numismatics.org/collectionimages/19001949/1944/1944.100.56277.rev.width350.jpg"]},{"from":109,"to":110,"title":"Bronze Drachm of Trajan, Alexandreia, AD 109 - AD 110. 1944.100.55450","image_urls":["http://numismatics.org/collectionimages/19001949/1944/1944.100.55450.rev.width350.jpg"]},{"from":109,"to":129,"title":"Bronze Coin, Seleuceia ad Tigrim, AD 109 - AD 129. 1986.77.103","image_urls":["http://numismatics.org/collectionimages/19501999/1986/1986.77.103.rev.width350.jpg"]},{"from":109,"to":110,"title":"Bronze Drachm of Trajan, Alexandreia, AD 109 - AD 110. 1944.100.55444","image_urls":["http://numismatics.org/collectionimages/19001949/1944/1944.100.55444.rev.width350.jpg"]},{"from":109,"to":110,"title":"Bronze Drachm of Trajan, Alexandreia, AD 109 - AD 110. 1944.100.55442","image_urls":["http://numismatics.org/collectionimages/19001949/1944/1944.100.55442.rev.width350.jpg"]},{"from":109,"to":110,"title":"Bronze Drachm of Trajan, Alexandreia, AD 109 - AD 110. 1944.100.55447","image_urls":["http://numismatics.org/collectionimages/19001949/1944/1944.100.55447.rev.width350.jpg"]},{"from":109,"to":110,"title":"Bronze Drachm of Trajan, Alexandreia, AD 109 - AD 110. 1944.100.55446","image_urls":["http://numismatics.org/collectionimages/19001949/1944/1944.100.55446.rev.width350.jpg"]},{"from":109,"to":129,"title":"Bronze Coin, Seleuceia ad Tigrim, AD 109 - AD 129. 1973.56.1699","image_urls":["http://numismatics.org/collectionimages/19501999/1973/1973.56.1699.rev.width350.jpg"]},{"from":109,"to":110,"title":"Bronze Drachm of Trajan, Alexandreia, AD 109 - AD 110. 1944.100.55440","image_urls":["http://numismatics.org/collectionimages/19001949/1944/1944.100.55440.rev.width350.jpg"]},{"from":109,"to":110,"title":"Bronze Drachm of Trajan, Alexandreia, AD 109 - AD 110. 1944.100.55455","image_urls":["http://numismatics.org/collectionimages/19001949/1944/1944.100.55455.rev.width350.jpg"]},{"from":109,"to":110,"title":"Bronze Drachm of Trajan, Alexandreia, AD 109 - AD 110. 1944.100.55461","image_urls":["http://numismatics.org/collectionimages/19001949/1944/1944.100.55461.rev.width350.jpg"]},{"from":109,"to":110,"title":"Bronze Drachm of Trajan, Alexandreia, AD 109 - AD 110. 1944.100.55434","image_urls":["http://numismatics.org/collectionimages/19001949/1944/1944.100.55434.rev.width350.jpg"]},{"from":109,"to":110,"title":"Bronze Drachm of Trajan, Alexandreia, AD 109 - AD 110. 1944.100.55432","image_urls":["http://numismatics.org/collectionimages/19001949/1944/1944.100.55432.rev.width350.jpg"]},{"from":109,"to":129,"title":"Bronze Coin, Seleuceia ad Tigrim, AD 109 - AD 129. 1944.100.83356","image_urls":["http://numismatics.org/collectionimages/19001949/1944/1944.100.83356.rev.width350.jpg"]},{"from":109,"to":110,"title":"Bronze Drachm of Trajan, Alexandreia, AD 109 - AD 110. 1944.100.55449","image_urls":["http://numismatics.org/collectionimages/19001949/1944/1944.100.55449.rev.width350.jpg"]},{"from":109,"to":110,"title":"Bronze Drachm of Trajan, Alexandreia, AD 109 - AD 110. 1944.100.56267","image_urls":["http://numismatics.org/collectionimages/19001949/1944/1944.100.56267.rev.width350.jpg"]},{"from":109,"to":129,"title":"Bronze Coin, Seleuceia ad Tigrim, AD 109 - AD 129. 1944.100.83350","image_urls":["http://numismatics.org/collectionimages/19001949/1944/1944.100.83350.rev.width350.jpg"]},{"from":109,"to":110,"title":"Bronze Chalkous of Trajan, Alexandreia, AD 109 - AD 110. 1944.100.55459","image_urls":["http://numismatics.org/collectionimages/19001949/1944/1944.100.55459.rev.width350.jpg"]},{"from":109,"to":110,"title":"Bronze Drachm of Trajan, Alexandreia, AD 109 - AD 110. 1974.26.3071","image_urls":["http://numismatics.org/collectionimages/19501999/1974/1974.26.3071.rev.width350.jpg"]},{"from":109,"to":110,"title":"Bronze Drachm of Trajan, Alexandreia, AD 109 - AD 110. 1944.100.55458","image_urls":["http://numismatics.org/collectionimages/19001949/1944/1944.100.55458.rev.width350.jpg"]},{"from":109,"to":110,"title":"Bronze Drachm of Trajan, Alexandreia, AD 109 - AD 110. 1944.100.61381","image_urls":["http://numismatics.org/collectionimages/19001949/1944/1944.100.61381.rev.width350.jpg"]},{"from":109,"to":129,"title":"Bronze Coin, Seleuceia ad Tigrim, AD 109 - AD 129. 1944.100.83344","image_urls":["http://numismatics.org/collectionimages/19001949/1944/1944.100.83344.rev.width350.jpg"]},{"from":109,"to":110,"title":"Bronze Diobol of Trajan, Alexandreia, AD 109 - AD 110. 1973.56.574","image_urls":["http://numismatics.org/collectionimages/19501999/1973/1973.56.574.rev.width350.jpg"]},{"from":109,"to":110,"title":"Bronze Drachm of Trajan, Alexandreia, AD 109 - AD 110. 1974.26.3072","image_urls":["http://numismatics.org/collectionimages/19501999/1974/1974.26.3072.rev.width350.jpg"]},{"from":109,"to":110,"title":"Bronze Drachm of Trajan, Alexandreia, AD 109 - AD 110. 1944.100.56263","image_urls":["http://numismatics.org/collectionimages/19001949/1944/1944.100.56263.rev.width350.jpg"]},{"from":109,"to":110,"title":"Bronze Drachm of Trajan, Alexandreia, AD 109 - AD 110. 1944.100.55465","image_urls":["http://numismatics.org/collectionimages/19001949/1944/1944.100.55465.rev.width350.jpg"]},{"from":109,"to":110,"title":"Bronze Drachm of Trajan, Alexandreia, AD 109 - AD 110. 1973.56.572","image_urls":["http://numismatics.org/collectionimages/19501999/1973/1973.56.572.rev.width350.jpg"]},{"from":109,"to":110,"title":"Bronze Drachm of Trajan, Alexandreia, AD 109 - AD 110. 1944.100.55431","image_urls":["http://numismatics.org/collectionimages/19001949/1944/1944.100.55431.rev.width350.jpg"]},{"from":109,"to":110,"title":"Bronze Drachm of Trajan, Alexandreia, AD 109 - AD 110. 1944.100.55467","image_urls":["http://numismatics.org/collectionimages/19001949/1944/1944.100.55467.rev.width350.jpg"]},{"from":109,"to":110,"title":"Bronze Drachm of Trajan, Alexandreia, AD 109 - AD 110. 1944.100.55452","image_urls":["http://numismatics.org/collectionimages/19001949/1944/1944.100.55452.rev.width350.jpg"]},{"from":109,"to":129,"title":"Bronze Coin, Seleuceia ad Tigrim, AD 109 - AD 129. 1944.100.83355","image_urls":["http://numismatics.org/collectionimages/19001949/1944/1944.100.83355.rev.width350.jpg"]},{"from":109,"to":110,"title":"Bronze Drachm of Trajan, Alexandreia, AD 109 - AD 110. 1974.26.3073","image_urls":["http://numismatics.org/collectionimages/19501999/1974/1974.26.3073.rev.width350.jpg"]},{"from":109,"to":110,"title":"Bronze Drachm of Trajan, Alexandreia, AD 109 - AD 110. 1944.100.56264","image_urls":["http://numismatics.org/collectionimages/19001949/1944/1944.100.56264.rev.width350.jpg"]},{"from":109,"to":129,"title":"Bronze Coin, Seleuceia ad Tigrim, AD 109 - AD 129. 1944.100.83346","image_urls":["http://numismatics.org/collectionimages/19001949/1944/1944.100.83346.rev.width350.jpg"]},{"from":109,"to":110,"title":"Bronze Diobol of Trajan, Alexandreia, AD 109 - AD 110. 1944.100.55469","image_urls":["http://numismatics.org/collectionimages/19001949/1944/1944.100.55469.rev.width350.jpg"]},{"from":109,"to":110,"title":"Bronze Drachm of Trajan, Alexandreia, AD 109 - AD 110. 1944.100.55460","image_urls":["http://numismatics.org/collectionimages/19001949/1944/1944.100.55460.rev.width350.jpg"]},{"from":109,"to":110,"title":"Bronze Drachm of Trajan, Alexandreia, AD 109 - AD 110. 1944.100.55454","image_urls":["http://numismatics.org/collectionimages/19001949/1944/1944.100.55454.rev.width350.jpg"]},{"from":109,"to":129,"title":"Bronze Coin, Seleuceia ad Tigrim, AD 109 - AD 129. 1944.100.83343","image_urls":["http://numismatics.org/collectionimages/19001949/1944/1944.100.83343.rev.width350.jpg"]},{"from":109,"to":110,"title":"Bronze Drachm of Trajan, Alexandreia, AD 109 - AD 110. 1973.56.573","image_urls":["http://numismatics.org/collectionimages/19501999/1973/1973.56.573.rev.width350.jpg"]},{"from":109,"to":110,"title":"Bronze Drachm of Trajan, Alexandreia, AD 109 - AD 110. 1944.100.55437","image_urls":["http://numismatics.org/collectionimages/19001949/1944/1944.100.55437.rev.width350.jpg"]},{"from":109,"to":110,"title":"Bronze Drachm of Trajan, Alexandreia, AD 109 - AD 110. 1944.100.55443","image_urls":["http://numismatics.org/collectionimages/19001949/1944/1944.100.55443.rev.width350.jpg"]},{"from":109,"to":110,"title":"Bronze Drachm of Trajan, Alexandreia, AD 109 - AD 110. 1944.100.55441","image_urls":["http://numismatics.org/collectionimages/19001949/1944/1944.100.55441.rev.width350.jpg"]},{"from":109,"to":110,"title":"Bronze Drachm of Trajan, Alexandreia, AD 109 - AD 110. 1944.100.55435","image_urls":["http://numismatics.org/collectionimages/19001949/1944/1944.100.55435.rev.width350.jpg"]},{"from":109,"to":110,"title":"Bronze Diobol of Trajan, Alexandreia, AD 109 - AD 110. 1944.100.55470","image_urls":["http://numismatics.org/collectionimages/19001949/1944/1944.100.55470.rev.width350.jpg"]},{"from":109,"to":110,"title":"Bronze Drachm of Trajan, Alexandreia, AD 109 - AD 110. 1944.100.55464","image_urls":["http://numismatics.org/collectionimages/19001949/1944/1944.100.55464.rev.width350.jpg"]},{"from":109,"to":129,"title":"Silver Drachm, Ecbatana, AD 109 - AD 129. 1944.100.83340","image_urls":["http://numismatics.org/collectionimages/19001949/1944/1944.100.83340.rev.width350.jpg"]}]