[{"from":1092,"to":1118,"title":"Bronze Tetarteron of Alexius I, Constantinople, 1092 - 1118. 1964.111.8","image_urls":["http://numismatics.org/collectionimages/19501999/1964/1964.111.8.rev.width350.jpg"]},{"from":1092,"to":1118,"title":"Billon Aspron Trachy of Alexius I, Constantinople, 1092 - 1118. 1977.158.1220","image_urls":["http://numismatics.org/collectionimages/19501999/1977/1977.158.1220.rev.width350.jpg"]},{"from":1092,"to":1118,"title":"Gold Hyperpyron of Alexius I, Constantinople, 1092 - 1118. 1948.19.521","image_urls":["http://numismatics.org/collectionimages/19001949/1948/1948.19.521.rev.width350.jpg"]},{"from":1092,"to":1118,"title":"Billon Aspron Trachy of Alexius I, Constantinople, 1092 - 1118. 1968.131.368","image_urls":["http://numismatics.org/collectionimages/19501999/1968/1968.131.368.rev.width350.jpg"]},{"from":1092,"to":1118,"title":"Gold Hyperpyron of Alexius I, Constantinople, 1092 - 1118. 1944.100.14745","image_urls":["http://numismatics.org/collectionimages/19001949/1944/1944.100.14745.rev.width350.jpg"]},{"from":1092,"to":1118,"title":"Gold Hyperpyron of Alexius I, Constantinople, 1092 - 1118. 1980.109.309","image_urls":["http://numismatics.org/collectionimages/19501999/1980/1980.109.309.rev.width350.jpg"]},{"from":1092,"to":1118,"title":"Bronze Tetarteron of Alexius I, Constantinople, 1092 - 1118. 1971.201.3","image_urls":["http://numismatics.org/collectionimages/19501999/1971/1971.201.3.rev.width350.jpg"]},{"from":1092,"to":1092,"title":"Lead half tetarteron of Alexius I, Constantinople, 1092. 2011.10.2","image_urls":["http://numismatics.org/collectionimages/20002049/2011/2011.10.2.rev.width350.jpg"]}]