[{"from":11,"to":12,"title":"Bronze As of Augustus, Rome, AD 11 - AD 12. 1953.171.392","image_urls":["http://numismatics.org/collectionimages/19501999/1953/1953.171.392.rev.width350.jpg"]},{"from":11,"to":12,"title":"Bronze As of Augustus, Rome, AD 11 - AD 12. 1944.100.39017","image_urls":["http://numismatics.org/collectionimages/19001949/1944/1944.100.39017.rev.width350.jpg"]},{"from":11,"to":14,"title":"Bronze Coin, Berytus, AD 11 - AD 14. 1944.100.70235","image_urls":["http://numismatics.org/collectionimages/19001949/1944/1944.100.70235.rev.width350.jpg"]},{"from":11,"to":12,"title":"Bronze As of Augustus, Rome, AD 11 - AD 12. 1944.100.39016","image_urls":["http://numismatics.org/collectionimages/19001949/1944/1944.100.39016.rev.width350.jpg"]},{"from":11,"to":12,"title":"Bronze As of Augustus, Rome, AD 11 - AD 12. 1944.100.39018","image_urls":["http://numismatics.org/collectionimages/19001949/1944/1944.100.39018.rev.width350.jpg"]}]