[{"from":110,"to":110,"title":"LVPL-8F45B8: A coin issued by Trajan","image_urls":["https://finds.org.uk/images/voakden/LVPL-8F45B8b.JPG"]},{"from":110,"to":111,"title":"Bronze Drachm of Trajan, Alexandreia, AD 110 - AD 111. 1974.26.3079","image_urls":["http://numismatics.org/collectionimages/19501999/1974/1974.26.3079.rev.width350.jpg"]},{"from":110,"to":111,"title":"Bronze Hemidrachm of Trajan, Alexandreia, AD 110 - AD 111. 1944.100.55484","image_urls":["http://numismatics.org/collectionimages/19001949/1944/1944.100.55484.rev.width350.jpg"]},{"from":110,"to":111,"title":"Bronze Drachm of Trajan, Alexandreia, AD 110 - AD 111. 1944.100.55480","image_urls":["http://numismatics.org/collectionimages/19001949/1944/1944.100.55480.rev.width350.jpg"]},{"from":110,"to":111,"title":"Bronze Drachm of Trajan, Alexandreia, AD 110 - AD 111. 1944.100.55489","image_urls":["http://numismatics.org/collectionimages/19001949/1944/1944.100.55489.rev.width350.jpg"]},{"from":110,"to":111,"title":"Bronze Drachm of Trajan, Alexandreia, AD 110 - AD 111. 1973.56.575","image_urls":["http://numismatics.org/collectionimages/19501999/1973/1973.56.575.rev.width350.jpg"]},{"from":110,"to":111,"title":"Bronze Drachm of Trajan, Alexandreia, AD 110 - AD 111. 1944.100.56274","image_urls":["http://numismatics.org/collectionimages/19001949/1944/1944.100.56274.rev.width350.jpg"]},{"from":110,"to":111,"title":"Bronze Hemidrachm of Trajan, Alexandreia, AD 110 - AD 111. 1973.56.576","image_urls":["http://numismatics.org/collectionimages/19501999/1973/1973.56.576.rev.width350.jpg"]},{"from":110,"to":111,"title":"Bronze Drachm of Trajan, Alexandreia, AD 110 - AD 111. 1944.100.55478","image_urls":["http://numismatics.org/collectionimages/19001949/1944/1944.100.55478.rev.width350.jpg"]},{"from":110,"to":111,"title":"Bronze Drachm of Trajan, Alexandreia, AD 110 - AD 111. 1944.100.55471","image_urls":["http://numismatics.org/collectionimages/19001949/1944/1944.100.55471.rev.width350.jpg"]},{"from":110,"to":111,"title":"Bronze Drachm of Trajan, Alexandreia, AD 110 - AD 111. 1922.38.147","image_urls":["http://numismatics.org/collectionimages/19001949/1922/1922.38.147.rev.width350.jpg"]},{"from":110,"to":111,"title":"Bronze Drachm of Trajan, Alexandreia, AD 110 - AD 111. 1974.26.3075","image_urls":["http://numismatics.org/collectionimages/19501999/1974/1974.26.3075.rev.width350.jpg"]},{"from":110,"to":111,"title":"Bronze Drachm of Trajan, Alexandreia, AD 110 - AD 111. 1974.26.3078","image_urls":["http://numismatics.org/collectionimages/19501999/1974/1974.26.3078.rev.width350.jpg"]},{"from":110,"to":111,"title":"Bronze Drachm of Trajan, Alexandreia, AD 110 - AD 111. 1944.100.55483","image_urls":["http://numismatics.org/collectionimages/19001949/1944/1944.100.55483.rev.width350.jpg"]},{"from":110,"to":111,"title":"Bronze Drachm of Trajan, Alexandreia, AD 110 - AD 111. 1973.56.578","image_urls":["http://numismatics.org/collectionimages/19501999/1973/1973.56.578.rev.width350.jpg"]},{"from":110,"to":111,"title":"Bronze Drachm of Trajan, Alexandreia, AD 110 - AD 111. 1944.100.56280","image_urls":["http://numismatics.org/collectionimages/19001949/1944/1944.100.56280.rev.width350.jpg"]},{"from":110,"to":111,"title":"Bronze Drachm of Trajan, Alexandreia, AD 110 - AD 111. 1944.100.55477","image_urls":["http://numismatics.org/collectionimages/19001949/1944/1944.100.55477.rev.width350.jpg"]},{"from":110,"to":111,"title":"Bronze Drachm of Trajan, Alexandreia, AD 110 - AD 111. 1944.100.55488","image_urls":["http://numismatics.org/collectionimages/19001949/1944/1944.100.55488.rev.width350.jpg"]},{"from":110,"to":111,"title":"Bronze Drachm of Trajan, Alexandreia, AD 110 - AD 111. 1944.100.55473","image_urls":["http://numismatics.org/collectionimages/19001949/1944/1944.100.55473.rev.width350.jpg"]},{"from":110,"to":111,"title":"Bronze Drachm of Trajan, Alexandreia, AD 110 - AD 111. 0000.999.24234","image_urls":["http://numismatics.org/collectionimages/00001899/0000/0000.999.24234.rev.width350.jpg"]},{"from":110,"to":111,"title":"Bronze Drachm of Trajan, Alexandreia, AD 110 - AD 111. 1975.75.4","image_urls":["http://numismatics.org/collectionimages/19501999/1975/1975.75.4.rev.width350.jpg"]},{"from":110,"to":111,"title":"Bronze Drachm of Trajan, Alexandreia, AD 110 - AD 111. 1944.100.55476","image_urls":["http://numismatics.org/collectionimages/19001949/1944/1944.100.55476.rev.width350.jpg"]},{"from":110,"to":111,"title":"Bronze Drachm of Trajan, Alexandreia, AD 110 - AD 111. 1974.26.3077","image_urls":["http://numismatics.org/collectionimages/19501999/1974/1974.26.3077.rev.width350.jpg"]},{"from":110,"to":111,"title":"Bronze Drachm of Trajan, Alexandreia, AD 110 - AD 111. 1974.95.179","image_urls":["http://numismatics.org/collectionimages/19501999/1974/1974.95.179.rev.width350.jpg"]},{"from":110,"to":111,"title":"Bronze Dichalkon of Trajan, Alexandreia, AD 110 - AD 111. 1973.56.577","image_urls":["http://numismatics.org/collectionimages/19501999/1973/1973.56.577.rev.width350.jpg"]},{"from":110,"to":111,"title":"Bronze Drachm of Trajan, Alexandreia, AD 110 - AD 111. 1944.100.55491","image_urls":["http://numismatics.org/collectionimages/19001949/1944/1944.100.55491.rev.width350.jpg"]},{"from":110,"to":111,"title":"Bronze Drachm of Trajan, Alexandreia, AD 110 - AD 111. 1944.100.55479","image_urls":["http://numismatics.org/collectionimages/19001949/1944/1944.100.55479.rev.width350.jpg"]},{"from":110,"to":111,"title":"Bronze Drachm of Trajan, Alexandreia, AD 110 - AD 111. 1944.100.55482","image_urls":["http://numismatics.org/collectionimages/19001949/1944/1944.100.55482.rev.width350.jpg"]},{"from":110,"to":111,"title":"Bronze Drachm of Trajan, Alexandreia, AD 110 - AD 111. 1944.100.55486","image_urls":["http://numismatics.org/collectionimages/19001949/1944/1944.100.55486.rev.width350.jpg"]},{"from":110,"to":111,"title":"Bronze Chalkous of Trajan, Alexandreia, AD 110 - AD 111. 1944.100.55492","image_urls":["http://numismatics.org/collectionimages/19001949/1944/1944.100.55492.rev.width350.jpg"]},{"from":110,"to":111,"title":"Bronze Drachm of Trajan, Alexandreia, AD 110 - AD 111. 1944.100.55474","image_urls":["http://numismatics.org/collectionimages/19001949/1944/1944.100.55474.rev.width350.jpg"]},{"from":110,"to":111,"title":"Bronze Drachm of Trajan, Alexandreia, AD 110 - AD 111. 1944.100.55485","image_urls":["http://numismatics.org/collectionimages/19001949/1944/1944.100.55485.rev.width350.jpg"]},{"from":110,"to":111,"title":"Bronze Drachm of Trajan, Alexandreia, AD 110 - AD 111. 1974.26.3074","image_urls":["http://numismatics.org/collectionimages/19501999/1974/1974.26.3074.rev.width350.jpg"]},{"from":110,"to":111,"title":"Bronze Chalkous of Trajan, Alexandreia, AD 110 - AD 111. 1973.56.579","image_urls":["http://numismatics.org/collectionimages/19501999/1973/1973.56.579.rev.width350.jpg"]},{"from":110,"to":111,"title":"Bronze Drachm of Trajan, Alexandreia, AD 110 - AD 111. 1944.100.56282","image_urls":["http://numismatics.org/collectionimages/19001949/1944/1944.100.56282.rev.width350.jpg"]},{"from":110,"to":111,"title":"Bronze Drachm of Trajan, Alexandreia, AD 110 - AD 111. 1944.100.55472","image_urls":["http://numismatics.org/collectionimages/19001949/1944/1944.100.55472.rev.width350.jpg"]},{"from":110,"to":111,"title":"Bronze Drachm of Trajan, Alexandreia, AD 110 - AD 111. 1974.26.3076","image_urls":["http://numismatics.org/collectionimages/19501999/1974/1974.26.3076.rev.width350.jpg"]},{"from":110,"to":111,"title":"Bronze Drachm of Trajan, Alexandreia, AD 110 - AD 111. 1944.100.55481","image_urls":["http://numismatics.org/collectionimages/19001949/1944/1944.100.55481.rev.width350.jpg"]},{"from":110,"to":111,"title":"Bronze Hemidrachm of Trajan, Alexandreia, AD 110 - AD 111. 1944.100.55475","image_urls":["http://numismatics.org/collectionimages/19001949/1944/1944.100.55475.rev.width350.jpg"]},{"from":110,"to":111,"title":"Bronze Drachm of Trajan, Alexandreia, AD 110 - AD 111. 1944.100.55490","image_urls":["http://numismatics.org/collectionimages/19001949/1944/1944.100.55490.rev.width350.jpg"]},{"from":110,"to":111,"title":"Bronze Chalkous of Trajan, Alexandreia, AD 110 - AD 111. 1944.100.55493","image_urls":["http://numismatics.org/collectionimages/19001949/1944/1944.100.55493.rev.width350.jpg"]},{"from":110,"to":111,"title":"Bronze Drachm of Trajan, Alexandreia, AD 110 - AD 111. 1944.100.55487","image_urls":["http://numismatics.org/collectionimages/19001949/1944/1944.100.55487.rev.width350.jpg"]}]