[{"from":111,"to":111,"title":"DUR-8E49D0: A coin issued by Trajan","image_urls":["https://finds.org.uk/images/frances/a.mossman%20denarius%20DUR-8E49D0.jpg"]},{"from":111,"to":117,"title":"WMID-1C6B94: A coin issued by Trajan","image_urls":["https://finds.org.uk/images/tgilmore/WMID-1C6B94.jpg"]},{"from":111,"to":111,"title":"SUSS-963FB1: A coin issued by Trajan","image_urls":["https://finds.org.uk/images/jjackson/SUSS-963FB1.jpg"]},{"from":111,"to":111,"title":"IOW-5E196D: A coin issued by Trajan","image_urls":["https://finds.org.uk/images/fbasford/IOW2014-2-359.JPG"]},{"from":111,"to":111,"title":"DENO-7C7CA6: A coin issued by Trajan","image_urls":["https://finds.org.uk/images/cburrill2/E7460_Rom_Denarius_Trajan.jpg"]},{"from":111,"to":112,"title":"Bronze Drachm of Trajan, Alexandreia, AD 111 - AD 112. 1994.9.1","image_urls":["http://numismatics.org/collectionimages/19501999/1994/1994.9.1.rev.width350.jpg"]},{"from":111,"to":112,"title":"Bronze Drachm of Trajan, Alexandreia, AD 111 - AD 112. 1944.100.55505","image_urls":["http://numismatics.org/collectionimages/19001949/1944/1944.100.55505.rev.width350.jpg"]},{"from":111,"to":112,"title":"Bronze Drachm of Trajan, Alexandreia, AD 111 - AD 112. 1944.100.55508","image_urls":["http://numismatics.org/collectionimages/19001949/1944/1944.100.55508.rev.width350.jpg"]},{"from":111,"to":112,"title":"Bronze Drachm of Trajan, Alexandreia, AD 111 - AD 112. 1944.100.55498","image_urls":["http://numismatics.org/collectionimages/19001949/1944/1944.100.55498.rev.width350.jpg"]},{"from":111,"to":112,"title":"Bronze Drachm of Trajan, Alexandreia, AD 111 - AD 112. 1944.100.55514","image_urls":["http://numismatics.org/collectionimages/19001949/1944/1944.100.55514.rev.width350.jpg"]},{"from":111,"to":112,"title":"Bronze Drachm of Trajan, Alexandreia, AD 111 - AD 112. 1944.100.55517","image_urls":["http://numismatics.org/collectionimages/19001949/1944/1944.100.55517.rev.width350.jpg"]},{"from":111,"to":112,"title":"Bronze Drachm of Trajan, Alexandreia, AD 111 - AD 112. 1944.100.56299","image_urls":["http://numismatics.org/collectionimages/19001949/1944/1944.100.56299.rev.width350.jpg"]},{"from":111,"to":112,"title":"Bronze Drachm of Trajan, Alexandreia, AD 111 - AD 112. 1944.100.55523","image_urls":["http://numismatics.org/collectionimages/19001949/1944/1944.100.55523.rev.width350.jpg"]},{"from":111,"to":112,"title":"Bronze Dichalkon of Trajan, Alexandreia, AD 111 - AD 112. 1944.100.55526","image_urls":["http://numismatics.org/collectionimages/19001949/1944/1944.100.55526.rev.width350.jpg"]},{"from":111,"to":112,"title":"Bronze Drachm of Trajan, Alexandreia, AD 111 - AD 112. 1944.100.55511","image_urls":["http://numismatics.org/collectionimages/19001949/1944/1944.100.55511.rev.width350.jpg"]},{"from":111,"to":112,"title":"Bronze Drachm of Trajan, Alexandreia, AD 111 - AD 112. 1944.100.55501","image_urls":["http://numismatics.org/collectionimages/19001949/1944/1944.100.55501.rev.width350.jpg"]},{"from":111,"to":112,"title":"Bronze Drachm of Trajan, Alexandreia, AD 111 - AD 112. 1944.100.55522","image_urls":["http://numismatics.org/collectionimages/19001949/1944/1944.100.55522.rev.width350.jpg"]},{"from":111,"to":112,"title":"Bronze Drachm of Trajan, Alexandreia, AD 111 - AD 112. 1944.100.56296","image_urls":["http://numismatics.org/collectionimages/19001949/1944/1944.100.56296.rev.width350.jpg"]},{"from":111,"to":112,"title":"Bronze Drachm of Trajan, Alexandreia, AD 111 - AD 112. 1973.56.582","image_urls":["http://numismatics.org/collectionimages/19501999/1973/1973.56.582.rev.width350.jpg"]},{"from":111,"to":112,"title":"Bronze Drachm of Trajan, Alexandreia, AD 111 - AD 112. 1944.100.55495","image_urls":["http://numismatics.org/collectionimages/19001949/1944/1944.100.55495.rev.width350.jpg"]},{"from":111,"to":112,"title":"Bronze Drachm of Trajan, Alexandreia, AD 111 - AD 112. 1973.56.581","image_urls":["http://numismatics.org/collectionimages/19501999/1973/1973.56.581.rev.width350.jpg"]},{"from":111,"to":112,"title":"Bronze Drachm of Trajan, Alexandreia, AD 111 - AD 112. 1944.100.55520","image_urls":["http://numismatics.org/collectionimages/19001949/1944/1944.100.55520.rev.width350.jpg"]},{"from":111,"to":112,"title":"Bronze Coin, Seleuceia ad Tigrim, AD 111 - AD 112. 1944.100.83348","image_urls":["http://numismatics.org/collectionimages/19001949/1944/1944.100.83348.rev.width350.jpg"]},{"from":111,"to":112,"title":"Bronze Drachm of Trajan, Alexandreia, AD 111 - AD 112. 1944.100.56301","image_urls":["http://numismatics.org/collectionimages/19001949/1944/1944.100.56301.rev.width350.jpg"]},{"from":111,"to":112,"title":"Billon Tetradrachm of Trajan, Alexandreia, AD 111 - AD 112. 1944.100.55236","image_urls":["http://numismatics.org/collectionimages/19001949/1944/1944.100.55236.rev.width350.jpg"]},{"from":111,"to":112,"title":"Bronze Coin, Seleuceia ad Tigrim, AD 111 - AD 112. 1944.100.83292","image_urls":["http://numismatics.org/collectionimages/19001949/1944/1944.100.83292.rev.width350.jpg"]},{"from":111,"to":112,"title":"Bronze Drachm of Trajan, Alexandreia, AD 111 - AD 112. 1944.100.55494","image_urls":["http://numismatics.org/collectionimages/19001949/1944/1944.100.55494.rev.width350.jpg"]},{"from":111,"to":112,"title":"Bronze Drachm of Trajan, Alexandreia, AD 111 - AD 112. 1974.26.3080","image_urls":["http://numismatics.org/collectionimages/19501999/1974/1974.26.3080.rev.width350.jpg"]},{"from":111,"to":112,"title":"Bronze Drachm of Trajan, Alexandreia, AD 111 - AD 112. 1944.100.55510","image_urls":["http://numismatics.org/collectionimages/19001949/1944/1944.100.55510.rev.width350.jpg"]},{"from":111,"to":112,"title":"Bronze Dichalkon of Trajan, Alexandreia, AD 111 - AD 112. 1944.100.55525","image_urls":["http://numismatics.org/collectionimages/19001949/1944/1944.100.55525.rev.width350.jpg"]},{"from":111,"to":112,"title":"Bronze Hemidrachm of Trajan, Alexandreia, AD 111 - AD 112. 1944.100.56304","image_urls":["http://numismatics.org/collectionimages/19001949/1944/1944.100.56304.rev.width350.jpg"]},{"from":111,"to":112,"title":"Bronze Drachm of Trajan, Alexandreia, AD 111 - AD 112. 1944.100.55512","image_urls":["http://numismatics.org/collectionimages/19001949/1944/1944.100.55512.rev.width350.jpg"]},{"from":111,"to":112,"title":"Bronze Drachm of Trajan, Alexandreia, AD 111 - AD 112. 1944.100.56294","image_urls":["http://numismatics.org/collectionimages/19001949/1944/1944.100.56294.rev.width350.jpg"]},{"from":111,"to":112,"title":"Bronze Drachm of Trajan, Alexandreia, AD 111 - AD 112. 1973.56.580","image_urls":["http://numismatics.org/collectionimages/19501999/1973/1973.56.580.rev.width350.jpg"]},{"from":111,"to":112,"title":"Bronze Drachm of Trajan, Alexandreia, AD 111 - AD 112. 1944.100.55516","image_urls":["http://numismatics.org/collectionimages/19001949/1944/1944.100.55516.rev.width350.jpg"]},{"from":111,"to":112,"title":"Bronze Drachm of Trajan, Alexandreia, AD 111 - AD 112. 1944.100.55504","image_urls":["http://numismatics.org/collectionimages/19001949/1944/1944.100.55504.rev.width350.jpg"]},{"from":111,"to":112,"title":"Bronze Drachm of Trajan, Alexandreia, AD 111 - AD 112. 1973.56.583","image_urls":["http://numismatics.org/collectionimages/19501999/1973/1973.56.583.rev.width350.jpg"]},{"from":111,"to":112,"title":"Bronze Coin, Seleuceia ad Tigrim, AD 111 - AD 112. 1944.100.83347","image_urls":["http://numismatics.org/collectionimages/19001949/1944/1944.100.83347.rev.width350.jpg"]},{"from":111,"to":112,"title":"Bronze Drachm of Trajan, Alexandreia, AD 111 - AD 112. 1944.100.55519","image_urls":["http://numismatics.org/collectionimages/19001949/1944/1944.100.55519.rev.width350.jpg"]},{"from":111,"to":112,"title":"Bronze Drachm of Trajan, Alexandreia, AD 111 - AD 112. 1944.100.55497","image_urls":["http://numismatics.org/collectionimages/19001949/1944/1944.100.55497.rev.width350.jpg"]},{"from":111,"to":112,"title":"Bronze Drachm of Trajan, Alexandreia, AD 111 - AD 112. 1944.100.55513","image_urls":["http://numismatics.org/collectionimages/19001949/1944/1944.100.55513.rev.width350.jpg"]},{"from":111,"to":112,"title":"Bronze Drachm of Trajan, Alexandreia, AD 111 - AD 112. 1944.100.55507","image_urls":["http://numismatics.org/collectionimages/19001949/1944/1944.100.55507.rev.width350.jpg"]},{"from":111,"to":112,"title":"Bronze Drachm of Trajan, Alexandreia, AD 111 - AD 112. 1944.100.55502","image_urls":["http://numismatics.org/collectionimages/19001949/1944/1944.100.55502.rev.width350.jpg"]},{"from":111,"to":112,"title":"Bronze Drachm of Trajan, Alexandreia, AD 111 - AD 112. 1973.56.584","image_urls":["http://numismatics.org/collectionimages/19501999/1973/1973.56.584.rev.width350.jpg"]},{"from":111,"to":112,"title":"Bronze Drachm of Trajan, Alexandreia, AD 111 - AD 112. 1974.26.3081","image_urls":["http://numismatics.org/collectionimages/19501999/1974/1974.26.3081.rev.width350.jpg"]},{"from":111,"to":112,"title":"Bronze Drachm of Trajan, Alexandreia, AD 111 - AD 112. 1944.100.56292","image_urls":["http://numismatics.org/collectionimages/19001949/1944/1944.100.56292.rev.width350.jpg"]},{"from":111,"to":112,"title":"Bronze Drachm of Trajan, Alexandreia, AD 111 - AD 112. 1944.100.55518","image_urls":["http://numismatics.org/collectionimages/19001949/1944/1944.100.55518.rev.width350.jpg"]},{"from":111,"to":112,"title":"Bronze Drachm of Trajan, Alexandreia, AD 111 - AD 112. 1944.100.55524","image_urls":["http://numismatics.org/collectionimages/19001949/1944/1944.100.55524.rev.width350.jpg"]},{"from":111,"to":112,"title":"Bronze Drachm of Trajan, Alexandreia, AD 111 - AD 112. 1944.100.55509","image_urls":["http://numismatics.org/collectionimages/19001949/1944/1944.100.55509.rev.width350.jpg"]},{"from":111,"to":112,"title":"Bronze Drachm of Trajan, Alexandreia, AD 111 - AD 112. 1944.100.55500","image_urls":["http://numismatics.org/collectionimages/19001949/1944/1944.100.55500.rev.width350.jpg"]},{"from":111,"to":112,"title":"Bronze Drachm of Trajan, Alexandreia, AD 111 - AD 112. 1944.100.55515","image_urls":["http://numismatics.org/collectionimages/19001949/1944/1944.100.55515.rev.width350.jpg"]},{"from":111,"to":112,"title":"Bronze Drachm of Trajan, Alexandreia, AD 111 - AD 112. 1974.26.3082","image_urls":["http://numismatics.org/collectionimages/19501999/1974/1974.26.3082.rev.width350.jpg"]},{"from":111,"to":112,"title":"Bronze Drachm of Trajan, Alexandreia, AD 111 - AD 112. 1944.100.55506","image_urls":["http://numismatics.org/collectionimages/19001949/1944/1944.100.55506.rev.width350.jpg"]},{"from":111,"to":112,"title":"Bronze Drachm of Trajan, Alexandreia, AD 111 - AD 112. 1944.100.55496","image_urls":["http://numismatics.org/collectionimages/19001949/1944/1944.100.55496.rev.width350.jpg"]},{"from":111,"to":112,"title":"Bronze Drachm of Trajan, Alexandreia, AD 111 - AD 112. 1944.100.55499","image_urls":["http://numismatics.org/collectionimages/19001949/1944/1944.100.55499.rev.width350.jpg"]},{"from":111,"to":112,"title":"Bronze Drachm of Trajan, Alexandreia, AD 111 - AD 112. 1944.100.55521","image_urls":["http://numismatics.org/collectionimages/19001949/1944/1944.100.55521.rev.width350.jpg"]},{"from":111,"to":112,"title":"Bronze Drachm of Trajan, Alexandreia, AD 111 - AD 112. 1944.100.55503","image_urls":["http://numismatics.org/collectionimages/19001949/1944/1944.100.55503.rev.width350.jpg"]},{"from":111,"to":112,"title":"Billon Tetradrachm of Trajan, Alexandreia, AD 111 - AD 112. 1944.100.55235","image_urls":["http://numismatics.org/collectionimages/19001949/1944/1944.100.55235.rev.width350.jpg"]},{"from":111,"to":112,"title":"Bronze Drachm of Trajan, Alexandreia, AD 111 - AD 112. 1944.100.56295","image_urls":["http://numismatics.org/collectionimages/19001949/1944/1944.100.56295.rev.width350.jpg"]},{"from":111,"to":112,"title":"Bronze Drachm of Trajan, Alexandreia, AD 111 - AD 112. 1995.11.550","image_urls":["http://numismatics.org/collectionimages/19501999/1995/1995.11.550.rev.width350.jpg"]},{"from":111,"to":112,"title":"Billon Tetradrachm of Trajan, Alexandreia, AD 111 - AD 112. 1944.100.55231","image_urls":["http://numismatics.org/collectionimages/19001949/1944/1944.100.55231.rev.width350.jpg"]}]