[{"from":1118,"to":1143,"title":"Electrum Aspron trachy of John II, Constantinople, 1118 - 1143. 1944.100.18065","image_urls":["http://numismatics.org/collectionimages/19001949/1944/1944.100.18065.rev.width350.jpg"]},{"from":1118,"to":1143,"title":"Electrum Aspron trachy of John II, Constantinople, 1118 - 1143. 1968.131.374","image_urls":["http://numismatics.org/collectionimages/19501999/1968/1968.131.374.rev.width350.jpg"]},{"from":1118,"to":1143,"title":"Gold Hyperpyron of John II, Thessalonica, 1118 - 1143. 1977.158.1229","image_urls":["http://numismatics.org/collectionimages/19501999/1977/1977.158.1229.rev.width350.jpg"]},{"from":1118,"to":1143,"title":"Electrum Aspron trachy of John II, Constantinople, 1118 - 1143. 1968.131.375","image_urls":["http://numismatics.org/collectionimages/19501999/1968/1968.131.375.rev.width350.jpg"]}]