[{"from":112,"to":117,"title":"SWYOR-B09C52: A coin issued by Trajan","image_urls":["https://finds.org.uk/images/acooper/PAS_2593_coin_Trajan.jpg"]},{"from":112,"to":114,"title":"BH-C88A81: A coin issued by Trajan","image_urls":["https://finds.org.uk/images/jwatters/Roman_coin_10_171_5.jpg"]},{"from":112,"to":138,"title":"SUR-25DD34: A coin issued by Hadrian","image_urls":["https://finds.org.uk/images/margaretb/12-1354.JPG"]},{"from":112,"to":117,"title":"LANCUM-CA5EA2: A coin issued by Plotina","image_urls":["https://finds.org.uk/images/dboughton/KMDCTPCA5EA2.jpg"]},{"from":112,"to":113,"title":"DEV-FA2637: A coin issued by Marciana","image_urls":["https://finds.org.uk/images/dwootton/Roman%20copper%20alloy%20coin%20of%20Marciana%2C%20Devon.jpg"]},{"from":112,"to":117,"title":"LANCUM-0A6338: A coin issued by Trajan","image_urls":["https://finds.org.uk/images/dboughton/DMIM0A6338.jpg"]},{"from":112,"to":138,"title":"SUR-CF3D15: A coin issued by Hadrian","image_urls":["https://finds.org.uk/images/dwilliams/B12-318.JPG"]},{"from":112,"to":114,"title":"PUBLIC-018044: A coin issued by Trajan","image_urls":["https://finds.org.uk/images/Linz/PUBLIC-018044.jpg"]},{"from":112,"to":113,"title":"DENO-607F81: A coin issued by Constantine I","image_urls":["https://finds.org.uk/images/awillis/E7616_Const_I_Sol_Nummus.jpg"]},{"from":112,"to":138,"title":"SUR-B6DCB4: A coin issued by Hadrian","image_urls":["https://finds.org.uk/images/dwilliams/10.895.jpg"]},{"from":112,"to":117,"title":"BERK-20660C: A coin issued by Trajan","image_urls":["https://finds.org.uk/images/abyard/2014288.jpg"]},{"from":112,"to":117,"title":"HAMP-B65647: A coin issued by Trajan","image_urls":["https://finds.org.uk/images/dwill2/Trajan%20Denarius.tif"]},{"from":112,"to":114,"title":"HAMP-222C92: A coin issued by Trajan","image_urls":["https://finds.org.uk/images/rwebley/HAMP-222C92Trajandenarius.jpg"]},{"from":112,"to":117,"title":"LIN-246657: A coin issued by Trajan","image_urls":["https://finds.org.uk/images/adaubney/LIN481.JPG"]},{"from":112,"to":114,"title":"DUR-E89D45: A coin issued by Trajan","image_urls":["https://finds.org.uk/images/frances/Fowler%201%20DUR-E89D45.jpg"]},{"from":112,"to":117,"title":"ESS-31C604: A coin issued by Trajan","image_urls":["https://finds.org.uk/images/lmclean/1a%20ESS-31C604.jpg"]},{"from":112,"to":117,"title":"ESS-5CE243: A coin issued by Trajan","image_urls":["https://finds.org.uk/images/cmcdonald/Spall%20Trajan%20denarius%20ob.jpg"]},{"from":112,"to":114,"title":"NLM-0C1571: A coin issued by Trajan","image_urls":["https://finds.org.uk/images/mforeman/NLM18882.JPG"]},{"from":112,"to":114,"title":"BH-8BDF08: A coin issued by Trajan","image_urls":["https://finds.org.uk/images/jwatters/Roman%20coin%2010%2031%20-%201.jpg"]},{"from":112,"to":138,"title":"SUR-2CA326: A coin issued by Hadrian","image_urls":["https://finds.org.uk/images/dwilliams/B11-06.jpg"]},{"from":112,"to":114,"title":"BM-85F315: A coin issued by Trajan","image_urls":["https://finds.org.uk/images/jasonlundock/5190.jpg"]},{"from":112,"to":114,"title":"CAM-0B4D20: A coin issued by Trajan","image_urls":["https://finds.org.uk/images/hfowler/CAM-0B4D20.jpg"]},{"from":112,"to":114,"title":"LEIC-6F3045: A coin issued by Trajan","image_urls":["https://finds.org.uk/images/teeosw/LEIC-6F3045.jpg"]},{"from":112,"to":114,"title":"BERK-388E99: A coin issued by Trajan","image_urls":["https://finds.org.uk/images/abyard/2014477.jpg"]},{"from":112,"to":114,"title":"NARC-F611B4: A coin issued by Trajan","image_urls":["https://finds.org.uk/images/tbrindle/NARC-F611B4denariusobv.jpg"]},{"from":112,"to":114,"title":"WAW-768AA5: A coin issued by Trajan","image_urls":["https://finds.org.uk/images/rshenry/WAW-768AA5.jpg"]},{"from":112,"to":117,"title":"WILT-D11324: A coin issued by Trajan","image_urls":["https://finds.org.uk/images/khinds/Phillips0811trajan.jpg"]},{"from":112,"to":114,"title":"PUBLIC-4CD404: A coin issued by Trajan","image_urls":["https://finds.org.uk/images/Linz/PUBLIC-4CD404%20COIN.jpg"]},{"from":112,"to":114,"title":"NCL-7FEFE0: A coin issued by Trajan","image_urls":["https://finds.org.uk/images/jswisko/photoshop_IMG_2657.jpg"]},{"from":112,"to":117,"title":"BERK-02B953: A coin issued by Sabina","image_urls":["https://finds.org.uk/images/ksutton/Skuce%20sestersius%20-%20complete.jpg"]},{"from":112,"to":117,"title":"HAMP-621A47: A coin issued by Trajan","image_urls":["https://finds.org.uk/images/ppage/HAMP-621A47.jpg"]},{"from":112,"to":114,"title":"CAM-F9385B: A coin issued by Trajan","image_urls":["https://finds.org.uk/images/hfowler/CAMF9385B.jpg"]},{"from":112,"to":114,"title":"HESH-BCB7F2: A coin issued by Trajan","image_urls":["https://finds.org.uk/images/preavill/HESH-BCB7F2.jpg"]},{"from":112,"to":117,"title":"WILT-F03675: A coin issued by Trajan","image_urls":["https://finds.org.uk/images/jblake/Barrett0210trajan.jpg"]},{"from":112,"to":114,"title":"NARC-C80C76: A coin issued by Trajan","image_urls":["https://finds.org.uk/images/jcassidy/NARC-C80C76%20b.jpg"]},{"from":112,"to":114,"title":"PUBLIC-70DC03: A coin issued by Trajan","image_urls":["https://finds.org.uk/images/calow1/FLE14.%20723.JPG"]},{"from":112,"to":117,"title":"NCL-77A171: A coin issued by Trajan","image_urls":["https://finds.org.uk/images/rcollins/NCL-77A171.JPG"]},{"from":112,"to":114,"title":"HESH-68FF91: A coin issued by Trajan","image_urls":["https://finds.org.uk/images/preavill/HESH-68FF91.jpg"]},{"from":112,"to":117,"title":"WMID-8701D4: A coin issued by Trajan","image_urls":["https://finds.org.uk/images/tgilmore/WMID-8701D4.jpg"]},{"from":112,"to":114,"title":"DENO-784137: A coin issued by Trajan","image_urls":["https://finds.org.uk/images/ratherton/E6799%20burton%20traj%20den.jpg"]},{"from":112,"to":117,"title":"SUSS-6C7B06: A coin issued by Trajan","image_urls":["https://finds.org.uk/images/04bowmant/SUSS6C7B06.jpg"]},{"from":112,"to":117,"title":"WMID-934B11: A coin issued by Trajan","image_urls":["https://finds.org.uk/images/tbrindle/WMID-934B11.jpg"]},{"from":112,"to":114,"title":"BH-CE8774: A coin issued by Trajan","image_urls":["https://finds.org.uk/images/jwatters/Roman%20coin%2009%2023%20-%201.jpg"]},{"from":112,"to":117,"title":"NMS-94CFC3: A coin issued by Trajan","image_urls":["https://finds.org.uk/images/amarsden/KLMD042013trajanden.jpg"]},{"from":112,"to":117,"title":"NCL-1C8A06: A coin issued by Trajan","image_urls":["https://finds.org.uk/images/rcollins/NCL-1C8A06.JPG"]},{"from":112,"to":117,"title":"BUC-CB8991: A coin issued by Trajan","image_urls":["https://finds.org.uk/images/jmoss/TC60.jpg"]},{"from":112,"to":114,"title":"BH-C3AB81: A coin issued by Trajan","image_urls":["https://finds.org.uk/images/jwatters/Roman_coin_14_103_1.jpg"]},{"from":112,"to":114,"title":"DEN-D0F791: A coin issued by Trajan","image_urls":["https://finds.org.uk/images/spevely/CoinFDavies.jpg"]},{"from":112,"to":114,"title":"SUSS-5D0A00: A coin issued by Trajan","image_urls":["https://finds.org.uk/images/stephaniesmith/SUSS-5D0A00DenariusTrajan.jpg"]},{"from":112,"to":114,"title":"IOW-9B8D34: A coin issued by Trajan","image_urls":["https://finds.org.uk/images/fbasford/IOW2006-40-36.JPG"]},{"from":112,"to":114,"title":"SF-A84673: A coin issued by Trajan","image_urls":["https://finds.org.uk/images/abrown/LYM_SF-A84673.jpg"]},{"from":112,"to":113,"title":"CORN-EE0733: A coin issued by Trajan","image_urls":["https://finds.org.uk/images/atyacke/Cambsdenarii05.JPG"]},{"from":112,"to":114,"title":"WILT-D5F8D1: A coin issued by Trajan","image_urls":["https://finds.org.uk/images/rhenry2/WILTD5F8D1.jpg"]},{"from":112,"to":114,"title":"WILT-56D876: A coin issued by Trajan","image_urls":["https://finds.org.uk/images/alysontanner/WILT-56D876.jpg"]},{"from":112,"to":117,"title":"BUC-5D8CE1: A coin issued by Trajan","image_urls":["https://finds.org.uk/images/rtyrrell/Dscn5355.jpg"]},{"from":112,"to":138,"title":"SUR-DB0E91: A coin issued by Hadrian","image_urls":["https://finds.org.uk/images/dwilliams/11-1632.JPG"]},{"from":112,"to":114,"title":"SUSS-B2A005: A coin issued by Trajan","image_urls":["https://finds.org.uk/images/jefft/SUSS-B2A005.JPG"]},{"from":112,"to":117,"title":"Silver Drachm of Trajan, Caesareia in Cappadocia, AD 112 - AD 117. 1993.23.1","image_urls":["http://numismatics.org/collectionimages/19501999/1993/1993.23.1.rev.width350.jpg"]},{"from":112,"to":114,"title":"RIC II Trajan 243. 1956.127.1624","image_urls":["http://numismatics.org/collectionimages/19501999/1956/1956.127.1624.rev.width350.jpg"]},{"from":112,"to":113,"title":"Bronze Drachm of Trajan, Alexandreia, AD 112 - AD 113. 1944.100.55562","image_urls":["http://numismatics.org/collectionimages/19001949/1944/1944.100.55562.rev.width350.jpg"]},{"from":112,"to":113,"title":"Bronze Drachm of Trajan, Alexandreia, AD 112 - AD 113. 1944.100.55556","image_urls":["http://numismatics.org/collectionimages/19001949/1944/1944.100.55556.rev.width350.jpg"]},{"from":112,"to":116,"title":"Silver Didrachm of Trajan, Caesareia in Cappadocia, AD 112 - AD 116. 1985.39.134","image_urls":["http://numismatics.org/collectionimages/19501999/1985/1985.39.134.rev.width350.jpg"]},{"from":112,"to":116,"title":"Silver Didrachm of Trajan, Caesareia in Cappadocia, AD 112 - AD 116. 1985.39.149","image_urls":["http://numismatics.org/collectionimages/19501999/1985/1985.39.149.rev.width350.jpg"]},{"from":112,"to":113,"title":"Bronze Drachm of Trajan, Alexandreia, AD 112 - AD 113. 1954.131.10","image_urls":["http://numismatics.org/collectionimages/19501999/1954/1954.131.10.rev.width350.jpg"]},{"from":112,"to":114,"title":"RIC II Trajan 271. 1956.127.1603","image_urls":["http://numismatics.org/collectionimages/19501999/1956/1956.127.1603.rev.width350.jpg"]},{"from":112,"to":116,"title":"Silver Didrachm of Trajan, Caesareia in Cappadocia, AD 112 - AD 116. 1985.39.85","image_urls":["http://numismatics.org/collectionimages/19501999/1985/1985.39.85.rev.width350.jpg"]},{"from":112,"to":116,"title":"Silver Didrachm of Trajan, Caesareia in Cappadocia, AD 112 - AD 116. 1983.159.71","image_urls":["http://numismatics.org/collectionimages/19501999/1983/1983.159.71.rev.width350.jpg"]},{"from":112,"to":116,"title":"Silver Didrachm of Trajan, Caesareia in Cappadocia, AD 112 - AD 116. 1985.39.143","image_urls":["http://numismatics.org/collectionimages/19501999/1985/1985.39.143.rev.width350.jpg"]},{"from":112,"to":116,"title":"Silver Didrachm of Trajan, Caesareia in Cappadocia, AD 112 - AD 116. 1985.39.79","image_urls":["http://numismatics.org/collectionimages/19501999/1985/1985.39.79.rev.width350.jpg"]},{"from":112,"to":114,"title":"RIC II Trajan 245. 1935.117.392","image_urls":["http://numismatics.org/collectionimages/19001949/1935/1935.117.392.rev.width350.jpg"]},{"from":112,"to":116,"title":"Silver Didrachm of Trajan, Caesareia in Cappadocia, AD 112 - AD 116. 1985.39.110","image_urls":["http://numismatics.org/collectionimages/19501999/1985/1985.39.110.rev.width350.jpg"]},{"from":112,"to":114,"title":"Silver Tridrachm of Trajan, Bostra, AD 112 - AD 114. 1956.127.2270","image_urls":["http://numismatics.org/collectionimages/19501999/1956/1956.127.2270.rev.width350.jpg"]},{"from":112,"to":114,"title":"RIC II Trajan 243. 1956.127.1623","image_urls":["http://numismatics.org/collectionimages/19501999/1956/1956.127.1623.rev.width350.jpg"]},{"from":112,"to":116,"title":"Silver Didrachm of Trajan, Caesareia in Cappadocia, AD 112 - AD 116. 1985.39.113","image_urls":["http://numismatics.org/collectionimages/19501999/1985/1985.39.113.rev.width350.jpg"]},{"from":112,"to":113,"title":"Bronze Drachm of Trajan, Alexandreia, AD 112 - AD 113. 1974.26.3084","image_urls":["http://numismatics.org/collectionimages/19501999/1974/1974.26.3084.rev.width350.jpg"]},{"from":112,"to":114,"title":"RIC II Trajan 600 (as). 1944.100.44754","image_urls":["http://numismatics.org/collectionimages/19001949/1944/1944.100.44754.rev.width350.jpg"]},{"from":112,"to":117,"title":"Silver Drachm of Trajan, Caesareia in Cappadocia, AD 112 - AD 117. 1996.108.1","image_urls":["http://numismatics.org/collectionimages/19501999/1996/1996.108.1.rev.width350.jpg"]},{"from":112,"to":114,"title":"RIC II Trajan 243. 1944.100.43603","image_urls":["http://numismatics.org/collectionimages/19001949/1944/1944.100.43603.rev.width350.jpg"]},{"from":112,"to":113,"title":"Bronze Drachm of Trajan, Alexandreia, AD 112 - AD 113. 1944.100.55559","image_urls":["http://numismatics.org/collectionimages/19001949/1944/1944.100.55559.rev.width350.jpg"]},{"from":112,"to":113,"title":"Bronze Drachm of Trajan, Alexandreia, AD 112 - AD 113. 1944.100.56309","image_urls":["http://numismatics.org/collectionimages/19001949/1944/1944.100.56309.rev.width350.jpg"]},{"from":112,"to":114,"title":"RIC II Trajan 276. 1956.127.1606","image_urls":["http://numismatics.org/collectionimages/19501999/1956/1956.127.1606.rev.width350.jpg"]},{"from":112,"to":114,"title":"RIC II Trajan 294 (denarius). 1944.100.43597","image_urls":["http://numismatics.org/collectionimages/19001949/1944/1944.100.43597.rev.width350.jpg"]},{"from":112,"to":113,"title":"Bronze Drachm of Trajan, Alexandreia, AD 112 - AD 113. 1944.100.55550","image_urls":["http://numismatics.org/collectionimages/19001949/1944/1944.100.55550.rev.width350.jpg"]},{"from":112,"to":113,"title":"Bronze Drachm of Trajan, Alexandreia, AD 112 - AD 113. 1944.100.55544","image_urls":["http://numismatics.org/collectionimages/19001949/1944/1944.100.55544.rev.width350.jpg"]},{"from":112,"to":116,"title":"Silver Didrachm of Trajan, Caesareia in Cappadocia, AD 112 - AD 116. 1983.159.59","image_urls":["http://numismatics.org/collectionimages/19501999/1983/1983.159.59.rev.width350.jpg"]},{"from":112,"to":116,"title":"Silver Didrachm of Trajan, Caesareia in Cappadocia, AD 112 - AD 116. 1985.39.122","image_urls":["http://numismatics.org/collectionimages/19501999/1985/1985.39.122.rev.width350.jpg"]},{"from":112,"to":114,"title":"RIC II Trajan 269. 1956.127.1596","image_urls":["http://numismatics.org/collectionimages/19501999/1956/1956.127.1596.rev.width350.jpg"]},{"from":112,"to":116,"title":"Silver Didrachm of Trajan, Caesareia in Cappadocia, AD 112 - AD 116. 1985.39.116","image_urls":["http://numismatics.org/collectionimages/19501999/1985/1985.39.116.rev.width350.jpg"]},{"from":112,"to":114,"title":"Silver Drachm of Trajan, Caesareia in Cappadocia, AD 112 - AD 114. 1995.11.548","image_urls":["http://numismatics.org/collectionimages/19501999/1995/1995.11.548.rev.width350.jpg"]},{"from":112,"to":114,"title":"Silver Tridrachm of Trajan, Bostra, AD 112 - AD 114. 1956.127.2268","image_urls":["http://numismatics.org/collectionimages/19501999/1956/1956.127.2268.rev.width350.jpg"]},{"from":112,"to":113,"title":"Bronze Drachm of Trajan, Alexandreia, AD 112 - AD 113. 1944.100.55565","image_urls":["http://numismatics.org/collectionimages/19001949/1944/1944.100.55565.rev.width350.jpg"]},{"from":112,"to":116,"title":"Silver Didrachm of Trajan, Caesareia in Cappadocia, AD 112 - AD 116. 1985.39.137","image_urls":["http://numismatics.org/collectionimages/19501999/1985/1985.39.137.rev.width350.jpg"]},{"from":112,"to":116,"title":"Silver Didrachm of Trajan, Caesareia in Cappadocia, AD 112 - AD 116. 1985.39.101","image_urls":["http://numismatics.org/collectionimages/19501999/1985/1985.39.101.rev.width350.jpg"]},{"from":112,"to":113,"title":"Bronze Drachm of Trajan, Alexandreia, AD 112 - AD 113. 1973.56.587","image_urls":["http://numismatics.org/collectionimages/19501999/1973/1973.56.587.rev.width350.jpg"]},{"from":112,"to":114,"title":"RIC II Trajan 296. 1956.184.31","image_urls":["http://numismatics.org/collectionimages/19501999/1956/1956.184.31.rev.width350.jpg"]},{"from":112,"to":114,"title":"Silver Tridrachm of Trajan, Bostra, AD 112 - AD 114. 1944.100.59057","image_urls":["http://numismatics.org/collectionimages/19001949/1944/1944.100.59057.rev.width350.jpg"]},{"from":112,"to":114,"title":"RIC II Trajan 265. 1944.100.43609","image_urls":["http://numismatics.org/collectionimages/19001949/1944/1944.100.43609.rev.width350.jpg"]},{"from":112,"to":113,"title":"Bronze Drachm of Trajan, Alexandreia, AD 112 - AD 113. 1944.100.55567","image_urls":["http://numismatics.org/collectionimages/19001949/1944/1944.100.55567.rev.width350.jpg"]},{"from":112,"to":114,"title":"RIC II Trajan 292 (denarius). 1956.127.1620","image_urls":["http://numismatics.org/collectionimages/19501999/1956/1956.127.1620.rev.width350.jpg"]},{"from":112,"to":114,"title":"RIC II Trajan 291 (denarius). 1956.127.1614","image_urls":["http://numismatics.org/collectionimages/19501999/1956/1956.127.1614.rev.width350.jpg"]},{"from":112,"to":114,"title":"RIC II Trajan 254. 1956.127.1629","image_urls":["http://numismatics.org/collectionimages/19501999/1956/1956.127.1629.rev.width350.jpg"]},{"from":112,"to":116,"title":"Silver Didrachm of Trajan, Caesareia in Cappadocia, AD 112 - AD 116. 1985.39.145","image_urls":["http://numismatics.org/collectionimages/19501999/1985/1985.39.145.rev.width350.jpg"]},{"from":112,"to":113,"title":"Bronze Drachm of Trajan, Alexandreia, AD 112 - AD 113. 0000.999.24235","image_urls":["http://numismatics.org/collectionimages/00001899/0000/0000.999.24235.rev.width350.jpg"]},{"from":112,"to":116,"title":"Silver Didrachm of Trajan, Caesareia in Cappadocia, AD 112 - AD 116. 1985.39.172","image_urls":["http://numismatics.org/collectionimages/19501999/1985/1985.39.172.rev.width350.jpg"]},{"from":112,"to":114,"title":"RIC II Trajan 271. 1944.100.43590","image_urls":["http://numismatics.org/collectionimages/19001949/1944/1944.100.43590.rev.width350.jpg"]},{"from":112,"to":116,"title":"Silver Didrachm of Trajan, Caesareia in Cappadocia, AD 112 - AD 116. 1985.39.81","image_urls":["http://numismatics.org/collectionimages/19501999/1985/1985.39.81.rev.width350.jpg"]},{"from":112,"to":113,"title":"Bronze Drachm of Trajan, Alexandreia, AD 112 - AD 113. 1944.100.55561","image_urls":["http://numismatics.org/collectionimages/19001949/1944/1944.100.55561.rev.width350.jpg"]},{"from":112,"to":113,"title":"Bronze Drachm of Trajan, Alexandreia, AD 112 - AD 113. 1944.100.55576","image_urls":["http://numismatics.org/collectionimages/19001949/1944/1944.100.55576.rev.width350.jpg"]},{"from":112,"to":116,"title":"Silver Didrachm of Trajan, Caesareia in Cappadocia, AD 112 - AD 116. 1985.39.148","image_urls":["http://numismatics.org/collectionimages/19501999/1985/1985.39.148.rev.width350.jpg"]},{"from":112,"to":113,"title":"Bronze Drachm of Trajan, Alexandreia, AD 112 - AD 113. 1944.100.55534","image_urls":["http://numismatics.org/collectionimages/19001949/1944/1944.100.55534.rev.width350.jpg"]},{"from":112,"to":114,"title":"RIC II Trajan 292 (denarius). 1956.127.1617","image_urls":["http://numismatics.org/collectionimages/19501999/1956/1956.127.1617.rev.width350.jpg"]},{"from":112,"to":116,"title":"Silver Didrachm of Trajan, Caesareia in Cappadocia, AD 112 - AD 116. 1985.39.112","image_urls":["http://numismatics.org/collectionimages/19501999/1985/1985.39.112.rev.width350.jpg"]},{"from":112,"to":114,"title":"RIC II Trajan 281 (quinarius). 1944.100.43593","image_urls":["http://numismatics.org/collectionimages/19001949/1944/1944.100.43593.rev.width350.jpg"]},{"from":112,"to":114,"title":"RIC II Trajan 243. 1995.11.542","image_urls":["http://numismatics.org/collectionimages/19501999/1995/1995.11.542.rev.width350.jpg"]},{"from":112,"to":116,"title":"Silver Didrachm of Trajan, Caesareia in Cappadocia, AD 112 - AD 116. 1985.39.88","image_urls":["http://numismatics.org/collectionimages/19501999/1985/1985.39.88.rev.width350.jpg"]},{"from":112,"to":117,"title":"Silver Didrachm of Trajan, Caesareia in Cappadocia, AD 112 - AD 117. 1984.44.7","image_urls":["http://numismatics.org/collectionimages/19501999/1984/1984.44.7.rev.width350.jpg"]},{"from":112,"to":114,"title":"RIC II Trajan 271. 0000.999.18205","image_urls":["http://numismatics.org/collectionimages/00001899/0000/0000.999.18205.rev.width350.jpg"]},{"from":112,"to":114,"title":"RIC II Trajan 296. 1957.172.1616","image_urls":["http://numismatics.org/collectionimages/19501999/1957/1957.172.1616.rev.width350.jpg"]},{"from":112,"to":116,"title":"Silver Didrachm of Trajan, Caesareia in Cappadocia, AD 112 - AD 116. 1985.39.131","image_urls":["http://numismatics.org/collectionimages/19501999/1985/1985.39.131.rev.width350.jpg"]},{"from":112,"to":116,"title":"Silver Didrachm of Trajan, Caesareia in Cappadocia, AD 112 - AD 116. 1985.39.125","image_urls":["http://numismatics.org/collectionimages/19501999/1985/1985.39.125.rev.width350.jpg"]},{"from":112,"to":114,"title":"RIC II Trajan 601. 1954.203.241","image_urls":["http://numismatics.org/collectionimages/19501999/1954/1954.203.241.rev.width350.jpg"]},{"from":112,"to":113,"title":"Bronze Drachm of Trajan, Alexandreia, AD 112 - AD 113. 1944.100.55532","image_urls":["http://numismatics.org/collectionimages/19001949/1944/1944.100.55532.rev.width350.jpg"]},{"from":112,"to":116,"title":"Silver Didrachm of Trajan, Caesareia in Cappadocia, AD 112 - AD 116. 1985.39.119","image_urls":["http://numismatics.org/collectionimages/19501999/1985/1985.39.119.rev.width350.jpg"]},{"from":112,"to":116,"title":"Silver Didrachm of Trajan, Caesareia in Cappadocia, AD 112 - AD 116. 1985.39.100","image_urls":["http://numismatics.org/collectionimages/19501999/1985/1985.39.100.rev.width350.jpg"]},{"from":112,"to":113,"title":"Bronze Drachm of Trajan, Alexandreia, AD 112 - AD 113. 1944.100.55543","image_urls":["http://numismatics.org/collectionimages/19001949/1944/1944.100.55543.rev.width350.jpg"]},{"from":112,"to":114,"title":"RIC II Trajan 275 (denarius). 1911.23.53","image_urls":["http://numismatics.org/collectionimages/19001949/1911/1911.23.53.rev.width350.jpg"]},{"from":112,"to":114,"title":"RIC II Trajan 270. 1956.127.1595","image_urls":["http://numismatics.org/collectionimages/19501999/1956/1956.127.1595.rev.width350.jpg"]},{"from":112,"to":116,"title":"Silver Didrachm of Trajan, Caesareia in Cappadocia, AD 112 - AD 116. 1985.39.90","image_urls":["http://numismatics.org/collectionimages/19501999/1985/1985.39.90.rev.width350.jpg"]},{"from":112,"to":113,"title":"Billon Tetradrachm of Trajan, Alexandreia, AD 112 - AD 113. 1944.100.55324","image_urls":["http://numismatics.org/collectionimages/19001949/1944/1944.100.55324.rev.width350.jpg"]},{"from":112,"to":114,"title":"Silver Tridrachm of Trajan, Bostra, AD 112 - AD 114. 1905.57.624","image_urls":["http://numismatics.org/collectionimages/19001949/1905/1905.57.624.rev.width350.jpg"]},{"from":112,"to":114,"title":"RIC II Trajan 244. 1985.140.84","image_urls":["http://numismatics.org/collectionimages/19501999/1985/1985.140.84.rev.width350.jpg"]},{"from":112,"to":116,"title":"Silver Didrachm of Trajan, Caesareia in Cappadocia, AD 112 - AD 116. 1985.39.78","image_urls":["http://numismatics.org/collectionimages/19501999/1985/1985.39.78.rev.width350.jpg"]},{"from":112,"to":113,"title":"Bronze Drachm of Trajan, Alexandreia, AD 112 - AD 113. 1944.100.55558","image_urls":["http://numismatics.org/collectionimages/19001949/1944/1944.100.55558.rev.width350.jpg"]},{"from":112,"to":113,"title":"Bronze Drachm of Trajan, Alexandreia, AD 112 - AD 113. 1944.100.56308","image_urls":["http://numismatics.org/collectionimages/19001949/1944/1944.100.56308.rev.width350.jpg"]},{"from":112,"to":116,"title":"Silver Didrachm of Trajan, Caesareia in Cappadocia, AD 112 - AD 116. 1985.39.121","image_urls":["http://numismatics.org/collectionimages/19501999/1985/1985.39.121.rev.width350.jpg"]},{"from":112,"to":116,"title":"Silver Didrachm of Trajan, Caesareia in Cappadocia, AD 112 - AD 116. 1985.39.136","image_urls":["http://numismatics.org/collectionimages/19501999/1985/1985.39.136.rev.width350.jpg"]},{"from":112,"to":114,"title":"RIC II Trajan 272. 1944.100.43588","image_urls":["http://numismatics.org/collectionimages/19001949/1944/1944.100.43588.rev.width350.jpg"]},{"from":112,"to":113,"title":"Bronze Drachm of Trajan, Alexandreia, AD 112 - AD 113. 1944.100.55541","image_urls":["http://numismatics.org/collectionimages/19001949/1944/1944.100.55541.rev.width350.jpg"]},{"from":112,"to":113,"title":"Bronze Drachm of Trajan, Alexandreia, AD 112 - AD 113. 1944.100.55535","image_urls":["http://numismatics.org/collectionimages/19001949/1944/1944.100.55535.rev.width350.jpg"]},{"from":112,"to":114,"title":"RIC II Trajan 593. 1977.999.44","image_urls":["http://numismatics.org/collectionimages/19501999/1977/1977.999.44.rev.width350.jpg"]},{"from":112,"to":114,"title":"RIC II Trajan 243. 1944.100.43604","image_urls":["http://numismatics.org/collectionimages/19001949/1944/1944.100.43604.rev.width350.jpg"]},{"from":112,"to":116,"title":"Silver Didrachm of Trajan, Caesareia in Cappadocia, AD 112 - AD 116. 1985.39.128","image_urls":["http://numismatics.org/collectionimages/19501999/1985/1985.39.128.rev.width350.jpg"]},{"from":112,"to":116,"title":"Silver Didrachm of Trajan, Caesareia in Cappadocia, AD 112 - AD 116. 1985.39.140","image_urls":["http://numismatics.org/collectionimages/19501999/1985/1985.39.140.rev.width350.jpg"]},{"from":112,"to":113,"title":"Bronze Drachm of Trajan, Alexandreia, AD 112 - AD 113. 1974.26.3085","image_urls":["http://numismatics.org/collectionimages/19501999/1974/1974.26.3085.rev.width350.jpg"]},{"from":112,"to":116,"title":"Silver Didrachm of Trajan, Caesareia in Cappadocia, AD 112 - AD 116. 0000.999.25282","image_urls":["http://numismatics.org/collectionimages/00001899/0000/0000.999.25282.rev.width350.jpg"]},{"from":112,"to":114,"title":"Silver Didrachm of Trajan, Caesareia in Cappadocia, AD 112 - AD 114. 1944.100.59436","image_urls":["http://numismatics.org/collectionimages/19001949/1944/1944.100.59436.rev.width350.jpg"]},{"from":112,"to":114,"title":"Silver Tridrachm of Trajan, Bostra, AD 112 - AD 114. 1944.100.61941","image_urls":["http://numismatics.org/collectionimages/19001949/1944/1944.100.61941.rev.width350.jpg"]},{"from":112,"to":114,"title":"RIC II Trajan 292 (denarius). 1956.127.1618","image_urls":["http://numismatics.org/collectionimages/19501999/1956/1956.127.1618.rev.width350.jpg"]},{"from":112,"to":114,"title":"RIC II Trajan 291 (denarius). 1944.100.43594","image_urls":["http://numismatics.org/collectionimages/19001949/1944/1944.100.43594.rev.width350.jpg"]},{"from":112,"to":114,"title":"RIC II Trajan 614 (sestertius). 1944.100.44749","image_urls":["http://numismatics.org/collectionimages/19001949/1944/1944.100.44749.rev.width350.jpg"]},{"from":112,"to":114,"title":"RIC II Trajan 254. 1944.100.43606","image_urls":["http://numismatics.org/collectionimages/19001949/1944/1944.100.43606.rev.width350.jpg"]},{"from":112,"to":114,"title":"RIC II Trajan 293. 1944.100.43596","image_urls":["http://numismatics.org/collectionimages/19001949/1944/1944.100.43596.rev.width350.jpg"]},{"from":112,"to":114,"title":"RIC II Trajan 275 (denarius). 1995.11.533","image_urls":["http://numismatics.org/collectionimages/19501999/1995/1995.11.533.rev.width350.jpg"]},{"from":112,"to":114,"title":"RIC II Trajan 257. 1954.237.402","image_urls":["http://numismatics.org/collectionimages/19501999/1954/1954.237.402.rev.width350.jpg"]},{"from":112,"to":114,"title":"RIC II Trajan 600 (sestertius). 1995.11.515","image_urls":["http://numismatics.org/collectionimages/19501999/1995/1995.11.515.rev.width350.jpg"]},{"from":112,"to":114,"title":"RIC II Trajan 294 (denarius). 1944.100.43599","image_urls":["http://numismatics.org/collectionimages/19001949/1944/1944.100.43599.rev.width350.jpg"]},{"from":112,"to":116,"title":"Silver Didrachm of Trajan, Caesareia in Cappadocia, AD 112 - AD 116. 1985.39.130","image_urls":["http://numismatics.org/collectionimages/19501999/1985/1985.39.130.rev.width350.jpg"]},{"from":112,"to":116,"title":"Silver Didrachm of Trajan, Caesareia in Cappadocia, AD 112 - AD 116. 1985.39.166","image_urls":["http://numismatics.org/collectionimages/19501999/1985/1985.39.166.rev.width350.jpg"]},{"from":112,"to":114,"title":"RIC II Trajan 266 (denarius). 1948.19.1159","image_urls":["http://numismatics.org/collectionimages/19001949/1948/1948.19.1159.rev.width350.jpg"]},{"from":112,"to":116,"title":"Silver Didrachm of Trajan, Caesareia in Cappadocia, AD 112 - AD 116. 1985.39.139","image_urls":["http://numismatics.org/collectionimages/19501999/1985/1985.39.139.rev.width350.jpg"]},{"from":112,"to":114,"title":"RIC II Trajan 278 (aureus). 1957.172.1615","image_urls":["http://numismatics.org/collectionimages/19501999/1957/1957.172.1615.rev.width350.jpg"]},{"from":112,"to":113,"title":"Bronze Drachm of Trajan, Alexandreia, AD 112 - AD 113. 1944.100.55546","image_urls":["http://numismatics.org/collectionimages/19001949/1944/1944.100.55546.rev.width350.jpg"]},{"from":112,"to":114,"title":"RIC II Trajan 275 (denarius). 1956.127.1608","image_urls":["http://numismatics.org/collectionimages/19501999/1956/1956.127.1608.rev.width350.jpg"]},{"from":112,"to":116,"title":"Silver Didrachm of Trajan, Caesareia in Cappadocia, AD 112 - AD 116. 1985.39.124","image_urls":["http://numismatics.org/collectionimages/19501999/1985/1985.39.124.rev.width350.jpg"]},{"from":112,"to":114,"title":"RIC II Trajan 269. 1956.127.1598","image_urls":["http://numismatics.org/collectionimages/19501999/1956/1956.127.1598.rev.width350.jpg"]},{"from":112,"to":114,"title":"RIC II Trajan 251. 1944.100.43615","image_urls":["http://numismatics.org/collectionimages/19001949/1944/1944.100.43615.rev.width350.jpg"]},{"from":112,"to":114,"title":"RIC II Trajan 270. 1911.23.51","image_urls":["http://numismatics.org/collectionimages/19001949/1911/1911.23.51.rev.width350.jpg"]},{"from":112,"to":114,"title":"Silver Drachm of Trajan, Caesareia in Cappadocia, AD 112 - AD 114. 1911.95.9","image_urls":["http://numismatics.org/collectionimages/19001949/1911/1911.95.9.rev.width350.jpg"]},{"from":112,"to":114,"title":"RIC II Trajan 632. 1998.132.1","image_urls":["http://numismatics.org/collectionimages/19501999/1998/1998.132.1.rev.width350.jpg"]},{"from":112,"to":113,"title":"Bronze Drachm of Trajan, Alexandreia, AD 112 - AD 113. 1974.26.3090","image_urls":["http://numismatics.org/collectionimages/19501999/1974/1974.26.3090.rev.width350.jpg"]},{"from":112,"to":113,"title":"Bronze Coin, Seleuceia ad Tigrim, AD 112 - AD 113. 1944.100.83351","image_urls":["http://numismatics.org/collectionimages/19001949/1944/1944.100.83351.rev.width350.jpg"]},{"from":112,"to":116,"title":"Silver Didrachm of Trajan, Caesareia in Cappadocia, AD 112 - AD 116. 1977.274.10","image_urls":["http://numismatics.org/collectionimages/19501999/1977/1977.274.10.rev.width350.jpg"]},{"from":112,"to":117,"title":"Silver Didrachm of Trajan, Caesareia in Cappadocia, AD 112 - AD 117. 1984.44.1","image_urls":["http://numismatics.org/collectionimages/19501999/1984/1984.44.1.rev.width350.jpg"]},{"from":112,"to":113,"title":"Bronze Drachm of Trajan, Alexandreia, AD 112 - AD 113. 1944.100.55529","image_urls":["http://numismatics.org/collectionimages/19001949/1944/1944.100.55529.rev.width350.jpg"]},{"from":112,"to":116,"title":"Silver Didrachm of Trajan, Caesareia in Cappadocia, AD 112 - AD 116. 1985.39.107","image_urls":["http://numismatics.org/collectionimages/19501999/1985/1985.39.107.rev.width350.jpg"]},{"from":112,"to":114,"title":"RIC II Trajan 269. 1859.89.2","image_urls":["http://numismatics.org/collectionimages/00001899/1859/1859.89.2.rev.width350.jpg"]},{"from":112,"to":116,"title":"Silver Didrachm of Trajan, Caesareia in Cappadocia, AD 112 - AD 116. 1985.39.142","image_urls":["http://numismatics.org/collectionimages/19501999/1985/1985.39.142.rev.width350.jpg"]},{"from":112,"to":113,"title":"Bronze Drachm of Trajan, Alexandreia, AD 112 - AD 113. 1974.26.3087","image_urls":["http://numismatics.org/collectionimages/19501999/1974/1974.26.3087.rev.width350.jpg"]},{"from":112,"to":116,"title":"Silver Didrachm of Trajan, Caesareia in Cappadocia, AD 112 - AD 116. 1947.97.507","image_urls":["http://numismatics.org/collectionimages/19001949/1947/1947.97.507.rev.width350.jpg"]},{"from":112,"to":114,"title":"RIC II Trajan 252. 1964.134.7","image_urls":["http://numismatics.org/collectionimages/19501999/1964/1964.134.7.rev.width350.jpg"]},{"from":112,"to":113,"title":"Bronze Drachm of Trajan, Alexandreia, AD 112 - AD 113. 1944.100.55540","image_urls":["http://numismatics.org/collectionimages/19001949/1944/1944.100.55540.rev.width350.jpg"]},{"from":112,"to":113,"title":"Bronze Drachm of Trajan, Alexandreia, AD 112 - AD 113. 1944.100.55555","image_urls":["http://numismatics.org/collectionimages/19001949/1944/1944.100.55555.rev.width350.jpg"]},{"from":112,"to":113,"title":"Bronze Drachm of Trajan, Alexandreia, AD 112 - AD 113. 1944.100.55549","image_urls":["http://numismatics.org/collectionimages/19001949/1944/1944.100.55549.rev.width350.jpg"]},{"from":112,"to":114,"title":"RIC II Trajan 271. 1956.127.1602","image_urls":["http://numismatics.org/collectionimages/19501999/1956/1956.127.1602.rev.width350.jpg"]},{"from":112,"to":114,"title":"Silver Tridrachm of Trajan, Bostra, AD 112 - AD 114. 1944.100.61940","image_urls":["http://numismatics.org/collectionimages/19001949/1944/1944.100.61940.rev.width350.jpg"]},{"from":112,"to":116,"title":"Silver Didrachm of Trajan, Caesareia in Cappadocia, AD 112 - AD 116. 1985.39.133","image_urls":["http://numismatics.org/collectionimages/19501999/1985/1985.39.133.rev.width350.jpg"]},{"from":112,"to":116,"title":"Silver Didrachm of Trajan, Caesareia in Cappadocia, AD 112 - AD 116. 1985.39.127","image_urls":["http://numismatics.org/collectionimages/19501999/1985/1985.39.127.rev.width350.jpg"]},{"from":112,"to":114,"title":"RIC II Trajan 257. 1967.153.138","image_urls":["http://numismatics.org/collectionimages/19501999/1967/1967.153.138.rev.width350.jpg"]},{"from":112,"to":113,"title":"Bronze Drachm of Trajan, Alexandreia, AD 112 - AD 113. 1944.100.55528","image_urls":["http://numismatics.org/collectionimages/19001949/1944/1944.100.55528.rev.width350.jpg"]},{"from":112,"to":114,"title":"RIC II Trajan 608 (sestertius). 1944.100.44748","image_urls":["http://numismatics.org/collectionimages/19001949/1944/1944.100.44748.rev.width350.jpg"]},{"from":112,"to":116,"title":"Silver Didrachm of Trajan, Caesareia in Cappadocia, AD 112 - AD 116. 1985.39.106","image_urls":["http://numismatics.org/collectionimages/19501999/1985/1985.39.106.rev.width350.jpg"]},{"from":112,"to":114,"title":"RIC II Trajan 626. 1906.236.308","image_urls":["http://numismatics.org/collectionimages/19001949/1906/1906.236.308.rev.width350.jpg"]},{"from":112,"to":114,"title":"RIC II Trajan 269. 1944.100.43587","image_urls":["http://numismatics.org/collectionimages/19001949/1944/1944.100.43587.rev.width350.jpg"]},{"from":112,"to":114,"title":"RIC II Trajan 252. 1905.57.345","image_urls":["http://numismatics.org/collectionimages/19001949/1905/1905.57.345.rev.width350.jpg"]},{"from":112,"to":114,"title":"RIC II Trajan 291 (denarius). 1956.127.1613","image_urls":["http://numismatics.org/collectionimages/19501999/1956/1956.127.1613.rev.width350.jpg"]},{"from":112,"to":114,"title":"Silver Tridrachm of Trajan, Bostra, AD 112 - AD 114. 1944.100.61939","image_urls":["http://numismatics.org/collectionimages/19001949/1944/1944.100.61939.rev.width350.jpg"]},{"from":112,"to":116,"title":"Silver Didrachm of Trajan, Caesareia in Cappadocia, AD 112 - AD 116. 1985.39.138","image_urls":["http://numismatics.org/collectionimages/19501999/1985/1985.39.138.rev.width350.jpg"]},{"from":112,"to":113,"title":"Bronze Drachm of Trajan, Alexandreia, AD 112 - AD 113. 1973.56.586","image_urls":["http://numismatics.org/collectionimages/19501999/1973/1973.56.586.rev.width350.jpg"]},{"from":112,"to":114,"title":"Silver Tridrachm of Trajan, Bostra, AD 112 - AD 114. 1956.127.2269","image_urls":["http://numismatics.org/collectionimages/19501999/1956/1956.127.2269.rev.width350.jpg"]},{"from":112,"to":116,"title":"Silver Didrachm of Trajan, Caesareia in Cappadocia, AD 112 - AD 116. 1985.39.86","image_urls":["http://numismatics.org/collectionimages/19501999/1985/1985.39.86.rev.width350.jpg"]},{"from":112,"to":116,"title":"Silver Didrachm of Trajan, Caesareia in Cappadocia, AD 112 - AD 116. 1985.39.123","image_urls":["http://numismatics.org/collectionimages/19501999/1985/1985.39.123.rev.width350.jpg"]},{"from":112,"to":113,"title":"Bronze Drachm of Trajan, Alexandreia, AD 112 - AD 113. 1944.100.55566","image_urls":["http://numismatics.org/collectionimages/19001949/1944/1944.100.55566.rev.width350.jpg"]},{"from":112,"to":117,"title":"Orichalcum Sestertius of Trajan, Rome, AD 112 - AD 117. 1995.68.1","image_urls":["http://numismatics.org/collectionimages/19501999/1995/1995.68.1.rev.width350.jpg"]},{"from":112,"to":114,"title":"RIC II Trajan 292 (denarius). 1935.117.390","image_urls":["http://numismatics.org/collectionimages/19001949/1935/1935.117.390.rev.width350.jpg"]},{"from":112,"to":113,"title":"Bronze Drachm of Trajan, Alexandreia, AD 112 - AD 113. 1944.100.55551","image_urls":["http://numismatics.org/collectionimages/19001949/1944/1944.100.55551.rev.width350.jpg"]},{"from":112,"to":113,"title":"Bronze Drachm of Trajan, Alexandreia, AD 112 - AD 113. 1944.100.55545","image_urls":["http://numismatics.org/collectionimages/19001949/1944/1944.100.55545.rev.width350.jpg"]},{"from":112,"to":116,"title":"Silver Drachm of Trajan, Caesareia in Cappadocia, AD 112 - AD 116. 1944.100.58483","image_urls":["http://numismatics.org/collectionimages/19001949/1944/1944.100.58483.rev.width350.jpg"]},{"from":112,"to":114,"title":"RIC II Trajan 275 (denarius). 1956.127.1607","image_urls":["http://numismatics.org/collectionimages/19501999/1956/1956.127.1607.rev.width350.jpg"]},{"from":112,"to":114,"title":"RIC II Trajan 269. 1956.127.1597","image_urls":["http://numismatics.org/collectionimages/19501999/1956/1956.127.1597.rev.width350.jpg"]},{"from":112,"to":114,"title":"RIC II Trajan 266 (denarius). 1935.117.393","image_urls":["http://numismatics.org/collectionimages/19001949/1935/1935.117.393.rev.width350.jpg"]},{"from":112,"to":116,"title":"Silver Didrachm of Trajan, Caesareia in Cappadocia, AD 112 - AD 116. 1985.39.80","image_urls":["http://numismatics.org/collectionimages/19501999/1985/1985.39.80.rev.width350.jpg"]},{"from":112,"to":113,"title":"Bronze Drachm of Trajan, Alexandreia, AD 112 - AD 113. 1944.100.56310","image_urls":["http://numismatics.org/collectionimages/19001949/1944/1944.100.56310.rev.width350.jpg"]},{"from":112,"to":113,"title":"Bronze Drachm of Trajan, Alexandreia, AD 112 - AD 113. 1944.100.55548","image_urls":["http://numismatics.org/collectionimages/19001949/1944/1944.100.55548.rev.width350.jpg"]},{"from":112,"to":114,"title":"RIC II Trajan 271. 1956.127.1601","image_urls":["http://numismatics.org/collectionimages/19501999/1956/1956.127.1601.rev.width350.jpg"]},{"from":112,"to":113,"title":"Bronze Drachm of Trajan, Alexandreia, AD 112 - AD 113. 1944.100.55533","image_urls":["http://numismatics.org/collectionimages/19001949/1944/1944.100.55533.rev.width350.jpg"]},{"from":112,"to":116,"title":"Silver Didrachm of Trajan, Caesareia in Cappadocia, AD 112 - AD 116. 1985.39.111","image_urls":["http://numismatics.org/collectionimages/19501999/1985/1985.39.111.rev.width350.jpg"]},{"from":112,"to":116,"title":"Silver Didrachm of Trajan, Caesareia in Cappadocia, AD 112 - AD 116. 1985.39.126","image_urls":["http://numismatics.org/collectionimages/19501999/1985/1985.39.126.rev.width350.jpg"]},{"from":112,"to":116,"title":"Silver Didrachm of Trajan, Caesareia in Cappadocia, AD 112 - AD 116. 1985.39.147","image_urls":["http://numismatics.org/collectionimages/19501999/1985/1985.39.147.rev.width350.jpg"]},{"from":112,"to":114,"title":"Silver Tridrachm of Trajan, Bostra, AD 112 - AD 114. 1956.127.1946","image_urls":["http://numismatics.org/collectionimages/19501999/1956/1956.127.1946.rev.width350.jpg"]},{"from":112,"to":116,"title":"Silver Drachm of Trajan, Caesareia in Cappadocia, AD 112 - AD 116. 1911.87.10","image_urls":["http://numismatics.org/collectionimages/19001949/1911/1911.87.10.rev.width350.jpg"]},{"from":112,"to":114,"title":"RIC II Trajan 243. 1911.23.56","image_urls":["http://numismatics.org/collectionimages/19001949/1911/1911.23.56.rev.width350.jpg"]},{"from":112,"to":114,"title":"RIC II Trajan 636. 1995.11.514","image_urls":["http://numismatics.org/collectionimages/19501999/1995/1995.11.514.rev.width350.jpg"]},{"from":112,"to":114,"title":"RIC II Trajan 292 (denarius). 1935.117.391","image_urls":["http://numismatics.org/collectionimages/19001949/1935/1935.117.391.rev.width350.jpg"]},{"from":112,"to":114,"title":"RIC II Trajan 243. 1985.140.87","image_urls":["http://numismatics.org/collectionimages/19501999/1985/1985.140.87.rev.width350.jpg"]},{"from":112,"to":116,"title":"Silver Didrachm of Trajan, Caesareia in Cappadocia, AD 112 - AD 116. 1985.39.87","image_urls":["http://numismatics.org/collectionimages/19501999/1985/1985.39.87.rev.width350.jpg"]},{"from":112,"to":113,"title":"Bronze Drachm of Trajan, Alexandreia, AD 112 - AD 113. 1944.100.55531","image_urls":["http://numismatics.org/collectionimages/19001949/1944/1944.100.55531.rev.width350.jpg"]},{"from":112,"to":116,"title":"Silver Didrachm of Trajan, Caesareia in Cappadocia, AD 112 - AD 116. 1985.39.103","image_urls":["http://numismatics.org/collectionimages/19501999/1985/1985.39.103.rev.width350.jpg"]},{"from":112,"to":113,"title":"Bronze Drachm of Trajan, Alexandreia, AD 112 - AD 113. 1944.100.55527","image_urls":["http://numismatics.org/collectionimages/19001949/1944/1944.100.55527.rev.width350.jpg"]},{"from":112,"to":113,"title":"Bronze Drachm of Trajan, Alexandreia, AD 112 - AD 113. 1944.100.55560","image_urls":["http://numismatics.org/collectionimages/19001949/1944/1944.100.55560.rev.width350.jpg"]},{"from":112,"to":113,"title":"Bronze Drachm of Trajan, Alexandreia, AD 112 - AD 113. 1944.100.55554","image_urls":["http://numismatics.org/collectionimages/19001949/1944/1944.100.55554.rev.width350.jpg"]},{"from":112,"to":116,"title":"Silver Didrachm of Trajan, Caesareia in Cappadocia, AD 112 - AD 116. 1983.159.69","image_urls":["http://numismatics.org/collectionimages/19501999/1983/1983.159.69.rev.width350.jpg"]},{"from":112,"to":116,"title":"Silver Didrachm of Trajan, Caesareia in Cappadocia, AD 112 - AD 116. 1985.39.132","image_urls":["http://numismatics.org/collectionimages/19501999/1985/1985.39.132.rev.width350.jpg"]},{"from":112,"to":116,"title":"Silver Didrachm of Trajan, Caesareia in Cappadocia, AD 112 - AD 116. 1985.39.105","image_urls":["http://numismatics.org/collectionimages/19501999/1985/1985.39.105.rev.width350.jpg"]},{"from":112,"to":114,"title":"RIC II Trajan 254. 1911.23.58","image_urls":["http://numismatics.org/collectionimages/19001949/1911/1911.23.58.rev.width350.jpg"]},{"from":112,"to":114,"title":"RIC II Trajan 270. 1944.100.43586","image_urls":["http://numismatics.org/collectionimages/19001949/1944/1944.100.43586.rev.width350.jpg"]},{"from":112,"to":114,"title":"RIC II Trajan 266 (denarius). 1905.57.344","image_urls":["http://numismatics.org/collectionimages/19001949/1905/1905.57.344.rev.width350.jpg"]},{"from":112,"to":116,"title":"Silver Didrachm of Trajan, Caesareia in Cappadocia, AD 112 - AD 116. 1985.39.89","image_urls":["http://numismatics.org/collectionimages/19501999/1985/1985.39.89.rev.width350.jpg"]},{"from":112,"to":116,"title":"Silver Didrachm of Trajan, Caesareia in Cappadocia, AD 112 - AD 116. 1985.39.129","image_urls":["http://numismatics.org/collectionimages/19501999/1985/1985.39.129.rev.width350.jpg"]},{"from":112,"to":114,"title":"RIC II Trajan 275 (denarius). 1944.100.43592","image_urls":["http://numismatics.org/collectionimages/19001949/1944/1944.100.43592.rev.width350.jpg"]},{"from":112,"to":113,"title":"Bronze Drachm of Trajan, Alexandreia, AD 112 - AD 113. 1944.100.55575","image_urls":["http://numismatics.org/collectionimages/19001949/1944/1944.100.55575.rev.width350.jpg"]},{"from":112,"to":113,"title":"Bronze Drachm of Trajan, Alexandreia, AD 112 - AD 113. 1974.26.3083","image_urls":["http://numismatics.org/collectionimages/19501999/1974/1974.26.3083.rev.width350.jpg"]},{"from":112,"to":113,"title":"Bronze Chalkous of Trajan, Alexandreia, AD 112 - AD 113. 1973.56.589","image_urls":["http://numismatics.org/collectionimages/19501999/1973/1973.56.589.rev.width350.jpg"]},{"from":112,"to":113,"title":"Bronze Drachm of Trajan, Alexandreia, AD 112 - AD 113. 1944.100.55569","image_urls":["http://numismatics.org/collectionimages/19001949/1944/1944.100.55569.rev.width350.jpg"]},{"from":112,"to":114,"title":"RIC II Trajan 294 (denarius). 1956.127.1622","image_urls":["http://numismatics.org/collectionimages/19501999/1956/1956.127.1622.rev.width350.jpg"]},{"from":112,"to":114,"title":"RIC II Trajan 291 (denarius). 1956.127.1616","image_urls":["http://numismatics.org/collectionimages/19501999/1956/1956.127.1616.rev.width350.jpg"]},{"from":112,"to":114,"title":"RIC II Trajan 294 (denarius). 1944.100.43602","image_urls":["http://numismatics.org/collectionimages/19001949/1944/1944.100.43602.rev.width350.jpg"]},{"from":112,"to":116,"title":"Silver Didrachm of Trajan, Caesareia in Cappadocia, AD 112 - AD 116. 1985.39.174","image_urls":["http://numismatics.org/collectionimages/19501999/1985/1985.39.174.rev.width350.jpg"]},{"from":112,"to":116,"title":"Silver Drachm of Trajan, Caesareia in Cappadocia, AD 112 - AD 116. 1941.131.970","image_urls":["http://numismatics.org/collectionimages/19001949/1941/1941.131.970.rev.width350.jpg"]},{"from":112,"to":114,"title":"RIC II Trajan 601. 1944.100.44747","image_urls":["http://numismatics.org/collectionimages/19001949/1944/1944.100.44747.rev.width350.jpg"]},{"from":112,"to":116,"title":"Silver Didrachm of Trajan, Caesareia in Cappadocia, AD 112 - AD 116. 1944.100.58481","image_urls":["http://numismatics.org/collectionimages/19001949/1944/1944.100.58481.rev.width350.jpg"]},{"from":112,"to":116,"title":"Silver Didrachm of Trajan, Caesareia in Cappadocia, AD 112 - AD 116. 1944.100.59054","image_urls":["http://numismatics.org/collectionimages/19001949/1944/1944.100.59054.rev.width350.jpg"]},{"from":112,"to":116,"title":"Silver Didrachm of Trajan, Caesareia in Cappadocia, AD 112 - AD 116. 1985.39.84","image_urls":["http://numismatics.org/collectionimages/19501999/1985/1985.39.84.rev.width350.jpg"]},{"from":112,"to":113,"title":"Bronze Drachm of Trajan, Alexandreia, AD 112 - AD 113. 1944.100.55537","image_urls":["http://numismatics.org/collectionimages/19001949/1944/1944.100.55537.rev.width350.jpg"]},{"from":112,"to":114,"title":"RIC II Trajan 243. 1948.19.1158","image_urls":["http://numismatics.org/collectionimages/19001949/1948/1948.19.1158.rev.width350.jpg"]},{"from":112,"to":114,"title":"RIC II Trajan 266 (denarius). 1995.11.541","image_urls":["http://numismatics.org/collectionimages/19501999/1995/1995.11.541.rev.width350.jpg"]},{"from":112,"to":114,"title":"RIC II Trajan 252. 1956.127.1634","image_urls":["http://numismatics.org/collectionimages/19501999/1956/1956.127.1634.rev.width350.jpg"]},{"from":112,"to":114,"title":"RIC II Trajan 245. 1956.127.1628","image_urls":["http://numismatics.org/collectionimages/19501999/1956/1956.127.1628.rev.width350.jpg"]},{"from":112,"to":116,"title":"Silver Didrachm of Trajan, Caesareia in Cappadocia, AD 112 - AD 116. 1985.39.118","image_urls":["http://numismatics.org/collectionimages/19501999/1985/1985.39.118.rev.width350.jpg"]},{"from":112,"to":113,"title":"Bronze Drachm of Trajan, Alexandreia, AD 112 - AD 113. 1974.26.3089","image_urls":["http://numismatics.org/collectionimages/19501999/1974/1974.26.3089.rev.width350.jpg"]},{"from":112,"to":113,"title":"Bronze Drachm of Trajan, Alexandreia, AD 112 - AD 113. 1944.100.55563","image_urls":["http://numismatics.org/collectionimages/19001949/1944/1944.100.55563.rev.width350.jpg"]},{"from":112,"to":113,"title":"Bronze Drachm of Trajan, Alexandreia, AD 112 - AD 113. 1944.100.56313","image_urls":["http://numismatics.org/collectionimages/19001949/1944/1944.100.56313.rev.width350.jpg"]},{"from":112,"to":116,"title":"Silver Didrachm of Trajan, Caesareia in Cappadocia, AD 112 - AD 116. 1985.39.141","image_urls":["http://numismatics.org/collectionimages/19501999/1985/1985.39.141.rev.width350.jpg"]},{"from":112,"to":116,"title":"Silver Didrachm of Trajan, Caesareia in Cappadocia, AD 112 - AD 116. 1985.39.135","image_urls":["http://numismatics.org/collectionimages/19501999/1985/1985.39.135.rev.width350.jpg"]},{"from":112,"to":114,"title":"RIC II Trajan 276. 1956.127.1604","image_urls":["http://numismatics.org/collectionimages/19501999/1956/1956.127.1604.rev.width350.jpg"]},{"from":112,"to":114,"title":"Silver Drachm of Trajan, Bostra, AD 112 - AD 114. 1944.100.61936","image_urls":["http://numismatics.org/collectionimages/19001949/1944/1944.100.61936.rev.width350.jpg"]},{"from":112,"to":113,"title":"Bronze Drachm of Trajan, Alexandreia, AD 112 - AD 113. 1974.26.3086","image_urls":["http://numismatics.org/collectionimages/19501999/1974/1974.26.3086.rev.width350.jpg"]},{"from":112,"to":116,"title":"Silver Didrachm of Trajan, Caesareia in Cappadocia, AD 112 - AD 116. 1985.39.98","image_urls":["http://numismatics.org/collectionimages/19501999/1985/1985.39.98.rev.width350.jpg"]},{"from":112,"to":114,"title":"RIC II Trajan 614 (as). 1951.61.56","image_urls":["http://numismatics.org/collectionimages/19501999/1951/1951.61.56.rev.width350.jpg"]},{"from":112,"to":114,"title":"RIC II Trajan 292 (denarius). 1956.127.1619","image_urls":["http://numismatics.org/collectionimages/19501999/1956/1956.127.1619.rev.width350.jpg"]},{"from":112,"to":116,"title":"Silver Didrachm of Trajan, Caesareia in Cappadocia, AD 112 - AD 116. 1983.159.67","image_urls":["http://numismatics.org/collectionimages/19501999/1983/1983.159.67.rev.width350.jpg"]},{"from":112,"to":116,"title":"Silver Didrachm of Trajan, Caesareia in Cappadocia, AD 112 - AD 116. 1985.39.171","image_urls":["http://numismatics.org/collectionimages/19501999/1985/1985.39.171.rev.width350.jpg"]},{"from":112,"to":116,"title":"Silver Didrachm of Trajan, Caesareia in Cappadocia, AD 112 - AD 116. 1911.95.8","image_urls":["http://numismatics.org/collectionimages/19001949/1911/1911.95.8.rev.width350.jpg"]},{"from":112,"to":114,"title":"RIC II Trajan 625 (as). 1944.100.44753","image_urls":["http://numismatics.org/collectionimages/19001949/1944/1944.100.44753.rev.width350.jpg"]},{"from":112,"to":114,"title":"RIC II Trajan 245. 0000.999.18207","image_urls":["http://numismatics.org/collectionimages/00001899/0000/0000.999.18207.rev.width350.jpg"]},{"from":112,"to":114,"title":"RIC II Trajan 612. 1906.236.307","image_urls":["http://numismatics.org/collectionimages/19001949/1906/1906.236.307.rev.width350.jpg"]},{"from":112,"to":114,"title":"RIC II Trajan 249 (denarius). 1956.127.1632","image_urls":["http://numismatics.org/collectionimages/19501999/1956/1956.127.1632.rev.width350.jpg"]},{"from":112,"to":114,"title":"RIC II Trajan 276. 1956.127.1605","image_urls":["http://numismatics.org/collectionimages/19501999/1956/1956.127.1605.rev.width350.jpg"]},{"from":112,"to":114,"title":"Silver Tridrachm of Trajan, Bostra, AD 112 - AD 114. 1956.127.2273","image_urls":["http://numismatics.org/collectionimages/19501999/1956/1956.127.2273.rev.width350.jpg"]},{"from":112,"to":114,"title":"RIC II Trajan 266 (denarius). 1944.100.43612","image_urls":["http://numismatics.org/collectionimages/19001949/1944/1944.100.43612.rev.width350.jpg"]},{"from":112,"to":114,"title":"RIC II Trajan 252. 1985.140.85","image_urls":["http://numismatics.org/collectionimages/19501999/1985/1985.140.85.rev.width350.jpg"]},{"from":112,"to":113,"title":"Bronze Drachm of Trajan, Alexandreia, AD 112 - AD 113. 1944.100.55570","image_urls":["http://numismatics.org/collectionimages/19001949/1944/1944.100.55570.rev.width350.jpg"]},{"from":112,"to":114,"title":"Silver Tridrachm of Trajan, Bostra, AD 112 - AD 114. 1893.14.51","image_urls":["http://numismatics.org/collectionimages/00001899/1893/1893.14.51.rev.width350.jpg"]},{"from":112,"to":114,"title":"Silver Tridrachm of Trajan, Bostra, AD 112 - AD 114. 1956.127.2267","image_urls":["http://numismatics.org/collectionimages/19501999/1956/1956.127.2267.rev.width350.jpg"]},{"from":112,"to":117,"title":"Silver Didrachm of Trajan, Caesareia in Cappadocia, AD 112 - AD 117. 1984.44.4","image_urls":["http://numismatics.org/collectionimages/19501999/1984/1984.44.4.rev.width350.jpg"]},{"from":112,"to":116,"title":"Silver Didrachm of Trajan, Caesareia in Cappadocia, AD 112 - AD 116. 1983.159.23","image_urls":["http://numismatics.org/collectionimages/19501999/1983/1983.159.23.rev.width350.jpg"]},{"from":112,"to":113,"title":"Bronze Drachm of Trajan, Alexandreia, AD 112 - AD 113. 1944.100.55564","image_urls":["http://numismatics.org/collectionimages/19001949/1944/1944.100.55564.rev.width350.jpg"]},{"from":112,"to":113,"title":"Bronze Diobol of Trajan, Alexandreia, AD 112 - AD 113. 1944.100.56314","image_urls":["http://numismatics.org/collectionimages/19001949/1944/1944.100.56314.rev.width350.jpg"]},{"from":112,"to":114,"title":"RIC II Trajan 289. 1956.127.1611","image_urls":["http://numismatics.org/collectionimages/19501999/1956/1956.127.1611.rev.width350.jpg"]},{"from":112,"to":114,"title":"RIC II Trajan 243. 1956.127.1626","image_urls":["http://numismatics.org/collectionimages/19501999/1956/1956.127.1626.rev.width350.jpg"]},{"from":112,"to":114,"title":"RIC II Trajan 624. 1954.203.180","image_urls":["http://numismatics.org/collectionimages/19501999/1954/1954.203.180.rev.width350.jpg"]},{"from":112,"to":113,"title":"Bronze Drachm of Trajan, Alexandreia, AD 112 - AD 113. 1944.100.55573","image_urls":["http://numismatics.org/collectionimages/19001949/1944/1944.100.55573.rev.width350.jpg"]},{"from":112,"to":114,"title":"RIC II Trajan 291 (denarius). 1905.57.342","image_urls":["http://numismatics.org/collectionimages/19001949/1905/1905.57.342.rev.width350.jpg"]},{"from":112,"to":114,"title":"RIC II Trajan 626. 1944.100.44751","image_urls":["http://numismatics.org/collectionimages/19001949/1944/1944.100.44751.rev.width350.jpg"]},{"from":112,"to":114,"title":"RIC II Trajan 294 (denarius). 1944.100.43600","image_urls":["http://numismatics.org/collectionimages/19001949/1944/1944.100.43600.rev.width350.jpg"]},{"from":112,"to":113,"title":"Bronze Drachm of Trajan, Alexandreia, AD 112 - AD 113. 1944.100.55552","image_urls":["http://numismatics.org/collectionimages/19001949/1944/1944.100.55552.rev.width350.jpg"]},{"from":112,"to":116,"title":"Silver Didrachm of Trajan, Caesareia in Cappadocia, AD 112 - AD 116. 1985.39.93","image_urls":["http://numismatics.org/collectionimages/19501999/1985/1985.39.93.rev.width350.jpg"]},{"from":112,"to":114,"title":"Silver Tridrachm of Trajan, Bostra, AD 112 - AD 114. 1956.127.2272","image_urls":["http://numismatics.org/collectionimages/19501999/1956/1956.127.2272.rev.width350.jpg"]},{"from":112,"to":116,"title":"Silver Didrachm of Trajan, Caesareia in Cappadocia, AD 112 - AD 116. 1944.100.59053","image_urls":["http://numismatics.org/collectionimages/19001949/1944/1944.100.59053.rev.width350.jpg"]},{"from":112,"to":114,"title":"RIC II Trajan 271. 1944.100.43589","image_urls":["http://numismatics.org/collectionimages/19001949/1944/1944.100.43589.rev.width350.jpg"]},{"from":112,"to":114,"title":"RIC II Trajan 266 (denarius). 1956.127.1631","image_urls":["http://numismatics.org/collectionimages/19501999/1956/1956.127.1631.rev.width350.jpg"]},{"from":112,"to":114,"title":"RIC II Trajan 243. 1956.127.1625","image_urls":["http://numismatics.org/collectionimages/19501999/1956/1956.127.1625.rev.width350.jpg"]},{"from":112,"to":114,"title":"RIC II Trajan 266 (denarius). 1944.100.43611","image_urls":["http://numismatics.org/collectionimages/19001949/1944/1944.100.43611.rev.width350.jpg"]},{"from":112,"to":116,"title":"Silver Didrachm of Trajan, Caesareia in Cappadocia, AD 112 - AD 116. 1985.39.177","image_urls":["http://numismatics.org/collectionimages/19501999/1985/1985.39.177.rev.width350.jpg"]},{"from":112,"to":114,"title":"RIC II Trajan 245. 1944.100.43605","image_urls":["http://numismatics.org/collectionimages/19001949/1944/1944.100.43605.rev.width350.jpg"]},{"from":112,"to":114,"title":"RIC II Trajan 291 (denarius). 1944.100.43595","image_urls":["http://numismatics.org/collectionimages/19001949/1944/1944.100.43595.rev.width350.jpg"]},{"from":112,"to":116,"title":"Silver Didrachm of Trajan, Caesareia in Cappadocia, AD 112 - AD 116. 1985.39.92","image_urls":["http://numismatics.org/collectionimages/19501999/1985/1985.39.92.rev.width350.jpg"]},{"from":112,"to":113,"title":"Bronze Drachm of Trajan, Alexandreia, AD 112 - AD 113. 1944.100.55572","image_urls":["http://numismatics.org/collectionimages/19001949/1944/1944.100.55572.rev.width350.jpg"]},{"from":112,"to":114,"title":"RIC II Trajan 604 (sestertius). 1978.64.402","image_urls":["http://numismatics.org/collectionimages/19501999/1978/1978.64.402.rev.width350.jpg"]},{"from":112,"to":113,"title":"Bronze Drachm of Trajan, Alexandreia, AD 112 - AD 113. 1944.100.55530","image_urls":["http://numismatics.org/collectionimages/19001949/1944/1944.100.55530.rev.width350.jpg"]},{"from":112,"to":113,"title":"Bronze Drachm of Trajan, Alexandreia, AD 112 - AD 113. 1944.100.55539","image_urls":["http://numismatics.org/collectionimages/19001949/1944/1944.100.55539.rev.width350.jpg"]},{"from":112,"to":114,"title":"RIC II Trajan 626. 1944.100.44750","image_urls":["http://numismatics.org/collectionimages/19001949/1944/1944.100.44750.rev.width350.jpg"]},{"from":112,"to":116,"title":"Silver Didrachm of Trajan, Caesareia in Cappadocia, AD 112 - AD 116. 1985.39.117","image_urls":["http://numismatics.org/collectionimages/19501999/1985/1985.39.117.rev.width350.jpg"]},{"from":112,"to":114,"title":"RIC II Trajan 260. 1944.100.43608","image_urls":["http://numismatics.org/collectionimages/19001949/1944/1944.100.43608.rev.width350.jpg"]},{"from":112,"to":114,"title":"RIC II Trajan 294 (denarius). 1944.100.43598","image_urls":["http://numismatics.org/collectionimages/19001949/1944/1944.100.43598.rev.width350.jpg"]},{"from":112,"to":116,"title":"Silver Didrachm of Trajan, Caesareia in Cappadocia, AD 112 - AD 116. 1985.39.144","image_urls":["http://numismatics.org/collectionimages/19501999/1985/1985.39.144.rev.width350.jpg"]},{"from":112,"to":114,"title":"RIC II Trajan 252. 1956.127.1633","image_urls":["http://numismatics.org/collectionimages/19501999/1956/1956.127.1633.rev.width350.jpg"]},{"from":112,"to":114,"title":"RIC II Trajan 294 (denarius). 1995.11.540","image_urls":["http://numismatics.org/collectionimages/19501999/1995/1995.11.540.rev.width350.jpg"]},{"from":112,"to":113,"title":"Bronze Drachm of Trajan, Alexandreia, AD 112 - AD 113. 1973.56.585","image_urls":["http://numismatics.org/collectionimages/19501999/1973/1973.56.585.rev.width350.jpg"]},{"from":112,"to":114,"title":"RIC II Trajan 245. 1956.127.1627","image_urls":["http://numismatics.org/collectionimages/19501999/1956/1956.127.1627.rev.width350.jpg"]},{"from":112,"to":114,"title":"RIC II Trajan 249 (aureus). 1944.100.43613","image_urls":["http://numismatics.org/collectionimages/19001949/1944/1944.100.43613.rev.width350.jpg"]},{"from":112,"to":113,"title":"Bronze Drachm of Trajan, Alexandreia, AD 112 - AD 113. 1974.26.3088","image_urls":["http://numismatics.org/collectionimages/19501999/1974/1974.26.3088.rev.width350.jpg"]},{"from":112,"to":116,"title":"Silver Didrachm of Trajan, Caesareia in Cappadocia, AD 112 - AD 116. 1985.39.179","image_urls":["http://numismatics.org/collectionimages/19501999/1985/1985.39.179.rev.width350.jpg"]},{"from":112,"to":114,"title":"RIC II Trajan 289. 1956.127.1612","image_urls":["http://numismatics.org/collectionimages/19501999/1956/1956.127.1612.rev.width350.jpg"]},{"from":112,"to":113,"title":"Bronze Drachm of Trajan, Alexandreia, AD 112 - AD 113. 1954.125.1","image_urls":["http://numismatics.org/collectionimages/19501999/1954/1954.125.1.rev.width350.jpg"]},{"from":112,"to":114,"title":"RIC II Trajan 267. 1956.127.1630","image_urls":["http://numismatics.org/collectionimages/19501999/1956/1956.127.1630.rev.width350.jpg"]},{"from":112,"to":114,"title":"RIC II Trajan 271. 1911.23.52","image_urls":["http://numismatics.org/collectionimages/19001949/1911/1911.23.52.rev.width350.jpg"]},{"from":112,"to":116,"title":"Silver Didrachm of Trajan, Caesareia in Cappadocia, AD 112 - AD 116. 1985.39.114","image_urls":["http://numismatics.org/collectionimages/19501999/1985/1985.39.114.rev.width350.jpg"]},{"from":112,"to":114,"title":"RIC II Trajan 278 (aureus). 1958.214.14","image_urls":["http://numismatics.org/collectionimages/19501999/1958/1958.214.14.rev.width350.jpg"]},{"from":112,"to":114,"title":"RIC II Trajan 249 (denarius). 1985.140.83","image_urls":["http://numismatics.org/collectionimages/19501999/1985/1985.140.83.rev.width350.jpg"]},{"from":112,"to":116,"title":"Silver Didrachm of Trajan, Caesareia in Cappadocia, AD 112 - AD 116. 1985.39.83","image_urls":["http://numismatics.org/collectionimages/19501999/1985/1985.39.83.rev.width350.jpg"]},{"from":112,"to":113,"title":"Bronze Drachm of Trajan, Alexandreia, AD 112 - AD 113. 1974.26.3091","image_urls":["http://numismatics.org/collectionimages/19501999/1974/1974.26.3091.rev.width350.jpg"]},{"from":112,"to":113,"title":"Bronze Drachm of Trajan, Alexandreia, AD 112 - AD 113. 1944.100.55542","image_urls":["http://numismatics.org/collectionimages/19001949/1944/1944.100.55542.rev.width350.jpg"]},{"from":112,"to":116,"title":"Silver Didrachm of Trajan, Caesareia in Cappadocia, AD 112 - AD 116. 1985.39.170","image_urls":["http://numismatics.org/collectionimages/19501999/1985/1985.39.170.rev.width350.jpg"]},{"from":112,"to":114,"title":"RIC II Trajan 266 (denarius). 1985.140.86","image_urls":["http://numismatics.org/collectionimages/19501999/1985/1985.140.86.rev.width350.jpg"]},{"from":112,"to":114,"title":"RIC II Trajan 294 (denarius). 1956.127.1621","image_urls":["http://numismatics.org/collectionimages/19501999/1956/1956.127.1621.rev.width350.jpg"]},{"from":112,"to":116,"title":"Silver Didrachm of Trajan, Caesareia in Cappadocia, AD 112 - AD 116. 1985.39.146","image_urls":["http://numismatics.org/collectionimages/19501999/1985/1985.39.146.rev.width350.jpg"]},{"from":112,"to":116,"title":"Silver Didrachm of Trajan, Caesareia in Cappadocia, AD 112 - AD 116. 1986.76.89","image_urls":["http://numismatics.org/collectionimages/19501999/1986/1986.76.89.rev.width350.jpg"]},{"from":112,"to":114,"title":"RIC II Trajan 603. 1944.100.44752","image_urls":["http://numismatics.org/collectionimages/19001949/1944/1944.100.44752.rev.width350.jpg"]},{"from":112,"to":114,"title":"RIC II Trajan 621. 1944.100.44746","image_urls":["http://numismatics.org/collectionimages/19001949/1944/1944.100.44746.rev.width350.jpg"]},{"from":112,"to":114,"title":"RIC II Trajan 275 (denarius). 1956.127.1609","image_urls":["http://numismatics.org/collectionimages/19501999/1956/1956.127.1609.rev.width350.jpg"]},{"from":112,"to":114,"title":"RIC II Trajan 245. 0000.999.18206","image_urls":["http://numismatics.org/collectionimages/00001899/0000/0000.999.18206.rev.width350.jpg"]},{"from":112,"to":113,"title":"Bronze Coin, Seleuceia ad Tigrim, AD 112 - AD 113. 1944.100.83322","image_urls":["http://numismatics.org/collectionimages/19001949/1944/1944.100.83322.rev.width350.jpg"]},{"from":112,"to":114,"title":"RIC II Trajan 275 (denarius). 1911.105.444","image_urls":["http://numismatics.org/collectionimages/19001949/1911/1911.105.444.rev.width350.jpg"]},{"from":112,"to":113,"title":"Bronze Drachm of Trajan, Alexandreia, AD 112 - AD 113. 1973.56.588","image_urls":["http://numismatics.org/collectionimages/19501999/1973/1973.56.588.rev.width350.jpg"]},{"from":112,"to":116,"title":"Silver Didrachm of Trajan, Caesareia in Cappadocia, AD 112 - AD 116. 1911.95.7","image_urls":["http://numismatics.org/collectionimages/19001949/1911/1911.95.7.rev.width350.jpg"]},{"from":112,"to":114,"title":"RIC II Trajan 294 (denarius). 1944.100.43601","image_urls":["http://numismatics.org/collectionimages/19001949/1944/1944.100.43601.rev.width350.jpg"]},{"from":112,"to":114,"title":"RIC II Trajan 269. 1956.127.1599","image_urls":["http://numismatics.org/collectionimages/19501999/1956/1956.127.1599.rev.width350.jpg"]},{"from":112,"to":114,"title":"RIC II Trajan 252. 1944.100.43616","image_urls":["http://numismatics.org/collectionimages/19001949/1944/1944.100.43616.rev.width350.jpg"]},{"from":112,"to":114,"title":"RIC II Trajan 625 (as). 1928.999.254","image_urls":["http://numismatics.org/collectionimages/19001949/1928/1928.999.254.rev.width350.jpg"]},{"from":112,"to":113,"title":"Bronze Drachm of Trajan, Alexandreia, AD 112 - AD 113. 1944.100.55553","image_urls":["http://numismatics.org/collectionimages/19001949/1944/1944.100.55553.rev.width350.jpg"]},{"from":112,"to":113,"title":"Bronze Drachm of Trajan, Alexandreia, AD 112 - AD 113. 1944.100.55568","image_urls":["http://numismatics.org/collectionimages/19001949/1944/1944.100.55568.rev.width350.jpg"]},{"from":112,"to":114,"title":"RIC II Trajan 291 (denarius). 1956.127.1615","image_urls":["http://numismatics.org/collectionimages/19501999/1956/1956.127.1615.rev.width350.jpg"]},{"from":112,"to":114,"title":"RIC II Trajan 276. 1944.100.43591","image_urls":["http://numismatics.org/collectionimages/19001949/1944/1944.100.43591.rev.width350.jpg"]},{"from":112,"to":114,"title":"RIC II Trajan 291 (denarius). 1995.11.522","image_urls":["http://numismatics.org/collectionimages/19501999/1995/1995.11.522.rev.width350.jpg"]},{"from":112,"to":114,"title":"Silver Tridrachm of Trajan, Bostra, AD 112 - AD 114. 1978.64.254","image_urls":["http://numismatics.org/collectionimages/19501999/1978/1978.64.254.rev.width350.jpg"]},{"from":112,"to":116,"title":"Silver Didrachm of Trajan, Caesareia in Cappadocia, AD 112 - AD 116. 1985.39.173","image_urls":["http://numismatics.org/collectionimages/19501999/1985/1985.39.173.rev.width350.jpg"]},{"from":112,"to":116,"title":"Silver Didrachm of Trajan, Caesareia in Cappadocia, AD 112 - AD 116. 1985.93.5","image_urls":["http://numismatics.org/collectionimages/19501999/1985/1985.93.5.rev.width350.jpg"]},{"from":112,"to":113,"title":"Bronze Dichalkon of Trajan, Alexandreia, AD 112 - AD 113. 1944.100.55574","image_urls":["http://numismatics.org/collectionimages/19001949/1944/1944.100.55574.rev.width350.jpg"]},{"from":112,"to":114,"title":"RIC II Trajan 271. 1956.127.1600","image_urls":["http://numismatics.org/collectionimages/19501999/1956/1956.127.1600.rev.width350.jpg"]},{"from":112,"to":116,"title":"Silver Didrachm of Trajan, Caesareia in Cappadocia, AD 112 - AD 116. 1985.39.120","image_urls":["http://numismatics.org/collectionimages/19501999/1985/1985.39.120.rev.width350.jpg"]},{"from":112,"to":113,"title":"Bronze Drachm of Trajan, Alexandreia, AD 112 - AD 113. 1944.100.55536","image_urls":["http://numismatics.org/collectionimages/19001949/1944/1944.100.55536.rev.width350.jpg"]},{"from":112,"to":116,"title":"Silver Didrachm of Trajan, Caesareia in Cappadocia, AD 112 - AD 116. 1944.100.58480","image_urls":["http://numismatics.org/collectionimages/19001949/1944/1944.100.58480.rev.width350.jpg"]},{"from":112,"to":116,"title":"Silver Didrachm of Trajan, Caesareia in Cappadocia, AD 112 - AD 116. 1983.900.140","image_urls":["http://numismatics.org/collectionimages/19501999/1983/1983.900.140.rev.width350.jpg"]},{"from":112,"to":116,"title":"Silver Didrachm of Trajan, Caesareia in Cappadocia, AD 112 - AD 116. 1985.39.108","image_urls":["http://numismatics.org/collectionimages/19501999/1985/1985.39.108.rev.width350.jpg"]},{"from":112,"to":114,"title":"RIC II Trajan 243. 1944.100.43610","image_urls":["http://numismatics.org/collectionimages/19001949/1944/1944.100.43610.rev.width350.jpg"]},{"from":112,"to":116,"title":"Silver Didrachm of Trajan, Caesareia in Cappadocia, AD 112 - AD 116. 1985.39.176","image_urls":["http://numismatics.org/collectionimages/19501999/1985/1985.39.176.rev.width350.jpg"]},{"from":112,"to":113,"title":"Bronze Drachm of Trajan, Alexandreia, AD 112 - AD 113. 1944.100.55571","image_urls":["http://numismatics.org/collectionimages/19001949/1944/1944.100.55571.rev.width350.jpg"]},{"from":112,"to":114,"title":"RIC II Trajan 292 (denarius). 1911.23.55","image_urls":["http://numismatics.org/collectionimages/19001949/1911/1911.23.55.rev.width350.jpg"]},{"from":112,"to":116,"title":"Silver Didrachm of Trajan, Caesareia in Cappadocia, AD 112 - AD 116. 1944.100.59061","image_urls":["http://numismatics.org/collectionimages/19001949/1944/1944.100.59061.rev.width350.jpg"]},{"from":112,"to":116,"title":"Silver Didrachm of Trajan, Caesareia in Cappadocia, AD 112 - AD 116. 1985.39.91","image_urls":["http://numismatics.org/collectionimages/19501999/1985/1985.39.91.rev.width350.jpg"]},{"from":112,"to":114,"title":"RIC II Trajan 291 (denarius). 1911.23.54","image_urls":["http://numismatics.org/collectionimages/19001949/1911/1911.23.54.rev.width350.jpg"]},{"from":112,"to":113,"title":"Bronze Drachm of Trajan, Alexandreia, AD 112 - AD 113. 1944.100.55538","image_urls":["http://numismatics.org/collectionimages/19001949/1944/1944.100.55538.rev.width350.jpg"]},{"from":112,"to":114,"title":"Silver Tridrachm of Trajan, Bostra, AD 112 - AD 114. 1944.100.61938","image_urls":["http://numismatics.org/collectionimages/19001949/1944/1944.100.61938.rev.width350.jpg"]},{"from":112,"to":116,"title":"Silver Didrachm of Trajan, Caesareia in Cappadocia, AD 112 - AD 116. 1985.39.104","image_urls":["http://numismatics.org/collectionimages/19501999/1985/1985.39.104.rev.width350.jpg"]},{"from":112,"to":114,"title":"RIC II Trajan 295. 1905.57.343","image_urls":["http://numismatics.org/collectionimages/19001949/1905/1905.57.343.rev.width350.jpg"]},{"from":112,"to":113,"title":"Bronze Drachm of Trajan, Alexandreia, AD 112 - AD 113. 1944.100.55547","image_urls":["http://numismatics.org/collectionimages/19001949/1944/1944.100.55547.rev.width350.jpg"]},{"from":112,"to":114,"title":"RIC II Trajan 245. 1911.23.57","image_urls":["http://numismatics.org/collectionimages/19001949/1911/1911.23.57.rev.width350.jpg"]},{"from":112,"to":116,"title":"Silver Didrachm of Trajan, Caesareia in Cappadocia, AD 112 - AD 116. 2004.14.115","image_urls":["http://numismatics.org/collectionimages/20002049/2004/2004.14.115.rev.width350.jpg"]},{"from":112,"to":116,"title":"Silver Didrachm of Trajan, Caesareia in Cappadocia, AD 112 - AD 116. 1944.100.59051","image_urls":["http://numismatics.org/collectionimages/19001949/1944/1944.100.59051.rev.width350.jpg"]},{"from":112,"to":116,"title":"Silver Didrachm of Trajan, Caesareia in Cappadocia, AD 112 - AD 116. 1985.39.115","image_urls":["http://numismatics.org/collectionimages/19501999/1985/1985.39.115.rev.width350.jpg"]},{"from":112,"to":116,"title":"Silver Didrachm of Trajan, Caesareia in Cappadocia, AD 112 - AD 116. 1985.39.109","image_urls":["http://numismatics.org/collectionimages/19501999/1985/1985.39.109.rev.width350.jpg"]},{"from":112,"to":116,"title":"Silver Didrachm of Trajan, Caesareia in Cappadocia, AD 112 - AD 116. 1985.39.99","image_urls":["http://numismatics.org/collectionimages/19501999/1985/1985.39.99.rev.width350.jpg"]},{"from":112,"to":113,"title":"Bronze Drachm of Trajan, Alexandreia, AD 112 - AD 113. 1944.100.55557","image_urls":["http://numismatics.org/collectionimages/19001949/1944/1944.100.55557.rev.width350.jpg"]},{"from":112,"to":114,"title":"RIC II Trajan 287. 1956.127.1610","image_urls":["http://numismatics.org/collectionimages/19501999/1956/1956.127.1610.rev.width350.jpg"]},{"from":112,"to":113,"title":"Bronze Drachm of Trajan, Alexandreia, AD 112 - AD 113. 1954.181.5","image_urls":["http://numismatics.org/collectionimages/19501999/1954/1954.181.5.rev.width350.jpg"]},{"from":112,"to":116,"title":"Silver Didrachm of Trajan, Caesareia in Cappadocia, AD 112 - AD 116. 1985.39.175","image_urls":["http://numismatics.org/collectionimages/19501999/1985/1985.39.175.rev.width350.jpg"]},{"from":112,"to":116,"title":"Silver Didrachm of Trajan, Caesareia in Cappadocia, AD 112 - AD 116. 1985.39.169","image_urls":["http://numismatics.org/collectionimages/19501999/1985/1985.39.169.rev.width350.jpg"]},{"from":112,"to":114,"title":"RIC II Trajan 260. 1944.100.43607","image_urls":["http://numismatics.org/collectionimages/19001949/1944/1944.100.43607.rev.width350.jpg"]},{"from":112,"to":116,"title":"Silver Didrachm of Trajan, Caesareia in Cappadocia, AD 112 - AD 116. 1985.39.102","image_urls":["http://numismatics.org/collectionimages/19501999/1985/1985.39.102.rev.width350.jpg"]},{"from":112,"to":114,"title":"RIC II Trajan 292 (denarius). 1948.19.1157","image_urls":["http://numismatics.org/collectionimages/19001949/1948/1948.19.1157.rev.width350.jpg"]}]