[{"from":113,"to":113,"title":"LIN-7677B8: A coin issued by Trajan","image_urls":["https://finds.org.uk/images/adaubney/LIN2011-1322.jpg"]},{"from":113,"to":113,"title":"GLO-0237D0: A coin with an unrecorded/uncertain issuer.","image_urls":["https://finds.org.uk/images/kadams/GLO0237D0.JPG"]},{"from":113,"to":113,"title":"SUR-F00C85: A coin issued by Trajan","image_urls":["https://finds.org.uk/images/margaretb/12-272.JPG"]},{"from":113,"to":113,"title":"DUR-E28003: A coin issued by Trajan","image_urls":["https://finds.org.uk/images/frances/DUR-E28003.jpg"]},{"from":113,"to":113,"title":"LIN-881457: A coin issued by Trajan","image_urls":["https://finds.org.uk/images/adaubney/LIN2013-983.jpg"]},{"from":113,"to":113,"title":"LIN-A3D601: A coin issued by Trajan","image_urls":["https://finds.org.uk/images/adaubney/LIN6097.jpg"]},{"from":113,"to":117,"title":"BERK-286DA1: A coin issued by Trajan","image_urls":["https://finds.org.uk/images/maritime/554Denarius%20of%20Trojan.jpg"]},{"from":113,"to":114,"title":"Bronze Coin, Anazarbus, AD 113 - AD 114. 2000.8.30","image_urls":["http://numismatics.org/collectionimages/20002049/2000/2000.8.30.rev.width350.jpg"]},{"from":113,"to":114,"title":"Silver Drachm of Trajan, Bostra, AD 113 - AD 114. 1944.100.61935","image_urls":["http://numismatics.org/collectionimages/19001949/1944/1944.100.61935.rev.width350.jpg"]},{"from":113,"to":114,"title":"Bronze Coin, Anazarbus, AD 113 - AD 114. 2000.8.28","image_urls":["http://numismatics.org/collectionimages/20002049/2000/2000.8.28.rev.width350.jpg"]}]