[{"from":114,"to":117,"title":"LVPL-89BE90: A coin issued by Trajan","image_urls":["https://finds.org.uk/images/nherepath/89BE90.jpg"]},{"from":114,"to":117,"title":"SF-640162: A coin issued by Trajan","image_urls":["https://finds.org.uk/images/abrown/DRK_SF-640162.jpg"]},{"from":114,"to":117,"title":"HESH-123806: A coin issued by Trajan","image_urls":["https://finds.org.uk/images/preavill/HESH-123806.jpg"]},{"from":114,"to":117,"title":"SUSS-BEC790: A coin issued by Trajan","image_urls":["https://finds.org.uk/images/lwalker/SUSS-BEC790.jpg"]},{"from":114,"to":117,"title":"BH-C70EB0: A coin issued by Trajan","image_urls":["https://finds.org.uk/images/jwatters/Roman%20coin%2010%20110%20-%203.jpg"]},{"from":114,"to":117,"title":"DOR-2E9062: A coin issued by Trajan","image_urls":["https://finds.org.uk/images/caht/2E9062.jpg"]},{"from":114,"to":117,"title":"SF-FF5441: A coin issued by Trajan","image_urls":["https://finds.org.uk/images/abrown/Larling_SF-FF5441.jpg"]},{"from":114,"to":117,"title":"HAMP-75A1F1: A coin issued by Trajan","image_urls":["https://finds.org.uk/images/ljellis/HAMP-75A1F1Trajandenarius.jpg"]},{"from":114,"to":117,"title":"DENO-1E8ED4: A coin issued by Trajan","image_urls":["https://finds.org.uk/images/cburrill2/E6945_Trajan_Uncertain_Denarius_.jpg"]},{"from":114,"to":117,"title":"BUC-52FDB4: A coin issued by Trajan","image_urls":["https://finds.org.uk/images/lbuckley/DSCN8642.JPG"]},{"from":114,"to":117,"title":"SF-6243C8: A coin issued by Trajan","image_urls":["https://finds.org.uk/images/abrown/IKL%20SF-6243C8.jpg"]},{"from":114,"to":117,"title":"LANCUM-6D17D7: A coin issued by Trajan","image_urls":["https://finds.org.uk/images/dboughton/KMDCIT6D17D7.jpg"]},{"from":114,"to":117,"title":"CORN-6426F6: A coin issued by Trajan","image_urls":["https://finds.org.uk/images/atyacke/Dorestfinds%20001.jpg"]},{"from":114,"to":117,"title":"NMGW-69E49A: A coin issued by Trajan","image_urls":["https://finds.org.uk/images/wenkedomscheit/2013.179jpg.jpg"]},{"from":114,"to":117,"title":"LANCUM-C81F85: A coin issued by Trajan","image_urls":["https://finds.org.uk/images/dboughton/KDMDNVC81F85.jpg"]},{"from":114,"to":117,"title":"WILT-6C6947: A coin issued by Trajan","image_urls":["https://finds.org.uk/images/khinds/Henstridge0507sestertius.jpg"]},{"from":114,"to":117,"title":"BH-1D43C4: A coin issued by Trajan","image_urls":["https://finds.org.uk/images/jwatters/Roman%20coin%2008%2077%20-%203.jpg"]},{"from":114,"to":117,"title":"NMGW-5344A4: A coin issued by Trajan","image_urls":["https://finds.org.uk/images/sianw/2006.55.5.JPG"]},{"from":114,"to":117,"title":"NARC-019AD0: A coin issued by Trajan","image_urls":["https://finds.org.uk/images/jcassidy/NARC-019AD0%20b.jpg"]},{"from":114,"to":117,"title":"SF-70E687: A coin issued by Trajan","image_urls":["https://finds.org.uk/images/abrown/MNL%20SF-70E687.jpg"]},{"from":114,"to":117,"title":"NCL-785106: A coin issued by Trajan","image_urls":["https://finds.org.uk/images/pwalton/603.jpg"]},{"from":114,"to":117,"title":"NCL-13F897: A coin issued by Trajan","image_urls":["https://finds.org.uk/images/pwalton/NCL13f897.jpg"]},{"from":114,"to":117,"title":"LIN-3C9957: A coin issued by Trajan","image_urls":["https://finds.org.uk/images/adaubney/LIN2011-868.jpg"]},{"from":114,"to":117,"title":"NMS-CA3BF4: A coin issued by Trajan","image_urls":["https://finds.org.uk/images/amarsden/KLMD042014trajanden2.jpg"]},{"from":114,"to":117,"title":"HAMP-77DC13: A coin issued by Trajan","image_urls":["https://finds.org.uk/images/ljellis/HAMP-77DC13Trajandenarius.JPG"]},{"from":114,"to":117,"title":"BH-D556B5: A coin issued by Trajan","image_urls":["https://finds.org.uk/images/jwatters/Roman%20coin%2007%205%20-%201.jpg"]},{"from":114,"to":117,"title":"LEIC-5FDC12: A coin issued by Trajan","image_urls":["https://finds.org.uk/images/wscott/5FDC12.JPG"]},{"from":114,"to":117,"title":"BH-80B838: A coin issued by Trajan","image_urls":["https://finds.org.uk/images/jwatters/Roman_coin_12_153.jpg"]},{"from":114,"to":117,"title":"PUBLIC-E43934: A coin issued by Trajan","image_urls":["https://finds.org.uk/images/tomredmayne/trajan1.jpg"]},{"from":114,"to":117,"title":"CORN-F17891: A coin issued by Trajan","image_urls":["https://finds.org.uk/images/atyacke/coinsFeb10%20001.jpg"]},{"from":114,"to":117,"title":"SWYOR-F78898: A coin issued by Trajan","image_urls":["https://finds.org.uk/images/acooper/Don_927_coin_17.jpg"]},{"from":114,"to":117,"title":"NCL-9ADEF1: A coin issued by Trajan","image_urls":["https://finds.org.uk/images/pwalton/NCL9adef1.jpg"]},{"from":114,"to":117,"title":"SF-716A00: A coin issued by Trajan","image_urls":["https://finds.org.uk/images/abrown/BRG_SF-716A00.jpg"]},{"from":114,"to":117,"title":"BERK-1D84E3: A coin issued by Trajan","image_urls":["https://finds.org.uk/images/abyard/2012302.jpg"]},{"from":114,"to":117,"title":"LVPL-4B4364: A coin issued by Trajan","image_urls":["https://finds.org.uk/images/voakden/LVPL-4B4364.jpg"]},{"from":114,"to":117,"title":"NARC-07AA9C: A coin issued by Trajan","image_urls":["https://finds.org.uk/images/jcassidy/coins%20008.JPG"]},{"from":114,"to":117,"title":"BH-7058E7: A coin issued by Trajan","image_urls":["https://finds.org.uk/images/jwatters/Roman%20coin%2009%20191%20-%2016.jpg"]},{"from":114,"to":117,"title":"WILT-C165B7: A coin issued by Trajan","image_urls":["https://finds.org.uk/images/khinds/Norgan0807trajan.jpg"]},{"from":114,"to":117,"title":"SF-C60FC4: A coin issued by Trajan","image_urls":["https://finds.org.uk/images/abrown/FOS-SF-C60FC4.jpg"]},{"from":114,"to":117,"title":"BH-96A485: A coin issued by Trajan","image_urls":["https://finds.org.uk/images/jwatters/Roman%20coin%2009%20160%20-%205.jpg"]},{"from":114,"to":117,"title":"NCL-739AC2: A coin issued by Trajan","image_urls":["https://finds.org.uk/images/pwalton/868.jpg"]},{"from":114,"to":117,"title":"SOMDOR-90F573: A coin issued by Trajan","image_urls":["https://finds.org.uk/images/npayne/90F573.jpg"]},{"from":114,"to":117,"title":"WILT-3857B4: A coin issued by Trajan","image_urls":["https://finds.org.uk/images/khinds/Stevens0811denarius.jpg"]},{"from":114,"to":117,"title":"BUC-84C5C1: A coin issued by Trajan","image_urls":["https://finds.org.uk/images/rtyrrell/Roman.JPG"]},{"from":114,"to":117,"title":"DEV-C7F221: A coin issued by Trajan","image_urls":["https://finds.org.uk/images/dwootton/DEV-C7F221-R39%20RELOADED.jpg"]},{"from":114,"to":117,"title":"NCL-CF4906: A coin issued by Trajan","image_urls":["https://finds.org.uk/images/jswisko/IMG_3502.jpg"]},{"from":114,"to":117,"title":"YORYM-FB0254: A coin issued by Trajan","image_urls":["https://finds.org.uk/images/bmorris/PT0033.jpg"]},{"from":114,"to":117,"title":"NMS-0E1141: A coin issued by Trajan","image_urls":["https://finds.org.uk/images/amarsden/AMD102012trajandenarius.jpg"]},{"from":114,"to":117,"title":"HESH-A421A6: A coin issued by Trajan","image_urls":["https://finds.org.uk/images/preavill/HESH-A421A6%20copy.jpg"]},{"from":114,"to":117,"title":"NMGW-696D77: A coin issued by Trajan","image_urls":["https://finds.org.uk/images/wenkedomscheit/2013.174.1jpg.jpg"]},{"from":114,"to":117,"title":"NARC-C2BCB6: A coin issued by Trajan","image_urls":["https://finds.org.uk/images/jcassidy/NARC-C2BCB6%20b.jpg"]},{"from":114,"to":117,"title":"LANCUM-A39FD1: A coin issued by Trajan","image_urls":["https://finds.org.uk/images/dboughton/LCMJHA39FD1.jpg"]},{"from":114,"to":117,"title":"GLO-EB7407: A coin issued by Trajan","image_urls":["https://finds.org.uk/images/kadams/TrajanDenarius01.jpg"]},{"from":114,"to":117,"title":"NLM-A58835: A coin issued by Trajan","image_urls":["https://finds.org.uk/images/lstaves/NLM11660.jpg"]},{"from":114,"to":117,"title":"BH-AAEBF1: A coin issued by Trajan","image_urls":["https://finds.org.uk/images/jwatters/Roman_coin_11_188_65.jpg"]},{"from":114,"to":117,"title":"NCL-BAAFB7: A coin issued by Trajan","image_urls":["https://finds.org.uk/images/rcollins/NCLBAAFB7.jpg"]},{"from":114,"to":117,"title":"LANCUM-ED22D7: A coin issued by Trajan","image_urls":["https://finds.org.uk/images/dboughton/SRMGRED22D7.jpg"]},{"from":114,"to":117,"title":"CAM-7766F5: A coin issued by Marciana","image_urls":["https://finds.org.uk/images/pjw/CAM_7766F5.jpg"]},{"from":114,"to":117,"title":"LANCUM-F889A6: A coin issued by Trajan","image_urls":["https://finds.org.uk/images/dboughton/KDMDPHF889A6.jpg"]},{"from":114,"to":117,"title":"DENO-12D7A7: A coin issued by Trajan","image_urls":["https://finds.org.uk/images/cburrill2/E6945_Trajan_Mars_Denarius_.jpg"]},{"from":114,"to":117,"title":"BH-C63AC4: A coin issued by Trajan","image_urls":["https://finds.org.uk/images/jwatters/Roman_coin_10_174_3.jpg"]},{"from":114,"to":117,"title":"LEIC-864E57: A coin issued by Trajan","image_urls":["https://finds.org.uk/images/wscott/864E57.JPG"]},{"from":114,"to":117,"title":"NMGW-FA5FC0: A coin issued by Trajan","image_urls":["https://finds.org.uk/images/mlodwick/DSCN1759.JPG"]},{"from":114,"to":117,"title":"SOM-94AB36: A coin issued by Trajan","image_urls":["https://finds.org.uk/images/npayne/94AB36.JPG"]},{"from":114,"to":117,"title":"BH-29BC32: A coin issued by Trajan","image_urls":["https://finds.org.uk/images/jwatters/Roman%20coin%2010%20103%20-%203.jpg"]},{"from":114,"to":117,"title":"CAM-A6EB21: A coin issued by Trajan","image_urls":["https://finds.org.uk/images/hfowler/CAM-A6EB21.jpg"]},{"from":114,"to":117,"title":"PUBLIC-64A700: A coin issued by Trajan","image_urls":["https://finds.org.uk/images/calow1/FLE12.%20315.JPG"]},{"from":114,"to":117,"title":"DOR-999260: A coin issued by Trajan","image_urls":["https://finds.org.uk/images/caht/999260.jpg"]},{"from":114,"to":117,"title":"BUC-27397D: A coin issued by Trajan","image_urls":["https://finds.org.uk/images/rtyrrell/4DSCN9708.JPG"]},{"from":114,"to":117,"title":"DEV-C9EB65: A coin issued by Trajan","image_urls":["https://finds.org.uk/images/dwootton/DEV-C9EB65%20R44%20UPLOADED.jpg"]},{"from":114,"to":117,"title":"LANCUM-2DCB93: A coin issued by Trajan","image_urls":["https://finds.org.uk/images/dboughton/LVMDCR2DCB93.jpg"]},{"from":114,"to":117,"title":"IOW-77EBF3: A coin issued by Trajan","image_urls":["https://finds.org.uk/images/fbasford/IOW2006-86-3.jpg"]},{"from":114,"to":117,"title":"SUSS-1211F1: A coin issued by Trajan","image_urls":["https://finds.org.uk/images/lwalker/SUSS-1211F1AsTrajan.jpg"]},{"from":114,"to":117,"title":"SF-488194: A coin issued by Trajan","image_urls":["https://finds.org.uk/images/abrown/LKD_SF-488194.jpg"]},{"from":114,"to":117,"title":"HAMP1032: A coin issued by Trajan","image_urls":["https://finds.org.uk/images/sworrell/Hamp%201032a.jpg"]},{"from":114,"to":117,"title":"SUSS-971350: A coin issued by Trajan","image_urls":["https://finds.org.uk/images/lburnett/SUSS-971350.JPG"]},{"from":114,"to":117,"title":"NCL-050D44: A coin issued by Trajan","image_urls":["https://finds.org.uk/images/pwalton/1059a.jpg"]},{"from":114,"to":117,"title":"SF-5AE945: A coin issued by Trajan","image_urls":["https://finds.org.uk/images/abrown/SLY%20SF-5AE945.jpg"]},{"from":114,"to":117,"title":"IOW-01D7F3: A coin issued by Trajan","image_urls":["https://finds.org.uk/images/fbasford/IOW2007-32-5.JPG"]},{"from":114,"to":117,"title":"BH-179B34: A coin issued by Trajan","image_urls":["https://finds.org.uk/images/jwatters/Roman_coin_12_170_16.jpg"]},{"from":114,"to":117,"title":"RIC II Trajan 298 (denarius). 1905.57.346","image_urls":["http://numismatics.org/collectionimages/19001949/1905/1905.57.346.rev.width350.jpg"]},{"from":114,"to":117,"title":"RIC II Trajan 699. 1912.28.3","image_urls":["http://numismatics.org/collectionimages/19001949/1912/1912.28.3.rev.width350.jpg"]},{"from":114,"to":117,"title":"RIC II Trajan 364. 1956.127.1692","image_urls":["http://numismatics.org/collectionimages/19501999/1956/1956.127.1692.rev.width350.jpg"]},{"from":114,"to":117,"title":"RIC II Trajan 672. 1983.42.3","image_urls":["http://numismatics.org/collectionimages/19501999/1983/1983.42.3.rev.width350.jpg"]},{"from":114,"to":117,"title":"RIC II Trajan 353. 1911.23.72","image_urls":["http://numismatics.org/collectionimages/19001949/1911/1911.23.72.rev.width350.jpg"]},{"from":114,"to":116,"title":"Silver Drachm of Trajan, Bostra, AD 114 - AD 116. 1956.127.2250","image_urls":["http://numismatics.org/collectionimages/19501999/1956/1956.127.2250.rev.width350.jpg"]},{"from":114,"to":117,"title":"RIC II Trajan 364. 1956.127.1689","image_urls":["http://numismatics.org/collectionimages/19501999/1956/1956.127.1689.rev.width350.jpg"]},{"from":114,"to":117,"title":"RIC II Trajan 355. 1956.127.1662","image_urls":["http://numismatics.org/collectionimages/19501999/1956/1956.127.1662.rev.width350.jpg"]},{"from":114,"to":117,"title":"RIC II Trajan 347 (denarius). 1956.127.1656","image_urls":["http://numismatics.org/collectionimages/19501999/1956/1956.127.1656.rev.width350.jpg"]},{"from":114,"to":117,"title":"RIC II Trajan 337. 1956.127.1638","image_urls":["http://numismatics.org/collectionimages/19501999/1956/1956.127.1638.rev.width350.jpg"]},{"from":114,"to":117,"title":"RIC II Trajan 647. 1910.88.25","image_urls":["http://numismatics.org/collectionimages/19001949/1910/1910.88.25.rev.width350.jpg"]},{"from":114,"to":117,"title":"RIC II Trajan 355. 1956.127.1665","image_urls":["http://numismatics.org/collectionimages/19501999/1956/1956.127.1665.rev.width350.jpg"]},{"from":114,"to":117,"title":"RIC II Trajan 355. 1911.23.66","image_urls":["http://numismatics.org/collectionimages/19001949/1911/1911.23.66.rev.width350.jpg"]},{"from":114,"to":117,"title":"RIC II Trajan 347 (denarius). 1956.127.1659","image_urls":["http://numismatics.org/collectionimages/19501999/1956/1956.127.1659.rev.width350.jpg"]},{"from":114,"to":117,"title":"RIC II Trajan 343. 1995.11.530","image_urls":["http://numismatics.org/collectionimages/19501999/1995/1995.11.530.rev.width350.jpg"]},{"from":114,"to":116,"title":"Silver Drachm of Trajan, Bostra, AD 114 - AD 116. 1992.41.46","image_urls":["http://numismatics.org/collectionimages/19501999/1992/1992.41.46.rev.width350.jpg"]},{"from":114,"to":117,"title":"RIC II Trajan 702. 2004.14.110","image_urls":["http://numismatics.org/collectionimages/20002049/2004/2004.14.110.rev.width350.jpg"]},{"from":114,"to":117,"title":"RIC II Trajan 340. 1970.156.308","image_urls":["http://numismatics.org/collectionimages/19501999/1970/1970.156.308.rev.width350.jpg"]},{"from":114,"to":117,"title":"RIC II Trajan 301. 1911.23.60","image_urls":["http://numismatics.org/collectionimages/19001949/1911/1911.23.60.rev.width350.jpg"]},{"from":114,"to":117,"title":"RIC II Trajan 332. 1911.23.75","image_urls":["http://numismatics.org/collectionimages/19001949/1911/1911.23.75.rev.width350.jpg"]},{"from":114,"to":117,"title":"RIC II Trajan 354. 1956.127.1668","image_urls":["http://numismatics.org/collectionimages/19501999/1956/1956.127.1668.rev.width350.jpg"]},{"from":114,"to":117,"title":"RIC II Trajan 337. 1995.11.560","image_urls":["http://numismatics.org/collectionimages/19501999/1995/1995.11.560.rev.width350.jpg"]},{"from":114,"to":117,"title":"RIC II Trajan 658. 1995.11.554","image_urls":["http://numismatics.org/collectionimages/19501999/1995/1995.11.554.rev.width350.jpg"]},{"from":114,"to":115,"title":"Bronze Drachm of Trajan, Alexandreia, AD 114 - AD 115. 1944.100.55658","image_urls":["http://numismatics.org/collectionimages/19001949/1944/1944.100.55658.rev.width350.jpg"]},{"from":114,"to":117,"title":"RIC II Trajan 361. 1956.127.1707","image_urls":["http://numismatics.org/collectionimages/19501999/1956/1956.127.1707.rev.width350.jpg"]},{"from":114,"to":117,"title":"RIC II Trajan 355. 1956.127.1664","image_urls":["http://numismatics.org/collectionimages/19501999/1956/1956.127.1664.rev.width350.jpg"]},{"from":114,"to":116,"title":"Silver Didrachm of Trajan, Caesareia in Cappadocia, AD 114 - AD 116. 1985.39.154","image_urls":["http://numismatics.org/collectionimages/19501999/1985/1985.39.154.rev.width350.jpg"]},{"from":114,"to":117,"title":"RIC II Trajan 672. 1995.11.559","image_urls":["http://numismatics.org/collectionimages/19501999/1995/1995.11.559.rev.width350.jpg"]},{"from":114,"to":117,"title":"RIC II Trajan 340. 1956.127.1685","image_urls":["http://numismatics.org/collectionimages/19501999/1956/1956.127.1685.rev.width350.jpg"]},{"from":114,"to":117,"title":"RIC II Trajan 299. 1985.140.88","image_urls":["http://numismatics.org/collectionimages/19501999/1985/1985.140.88.rev.width350.jpg"]},{"from":114,"to":116,"title":"Silver Didrachm of Trajan, Caesareia in Cappadocia, AD 114 - AD 116. 1983.159.68","image_urls":["http://numismatics.org/collectionimages/19501999/1983/1983.159.68.rev.width350.jpg"]},{"from":114,"to":117,"title":"RIC II Trajan 356. 1985.140.94","image_urls":["http://numismatics.org/collectionimages/19501999/1985/1985.140.94.rev.width350.jpg"]},{"from":114,"to":117,"title":"RIC II Trajan 361. 1944.100.44673","image_urls":["http://numismatics.org/collectionimages/19001949/1944/1944.100.44673.rev.width350.jpg"]},{"from":114,"to":116,"title":"Silver Didrachm of Trajan, Caesareia in Cappadocia, AD 114 - AD 116. 1944.100.59433","image_urls":["http://numismatics.org/collectionimages/19001949/1944/1944.100.59433.rev.width350.jpg"]},{"from":114,"to":117,"title":"RIC II Trajan 337. 1956.127.1641","image_urls":["http://numismatics.org/collectionimages/19501999/1956/1956.127.1641.rev.width350.jpg"]},{"from":114,"to":117,"title":"RIC II Trajan 699. 1944.100.44772","image_urls":["http://numismatics.org/collectionimages/19001949/1944/1944.100.44772.rev.width350.jpg"]},{"from":114,"to":116,"title":"Silver Drachm of Trajan, Bostra, AD 114 - AD 116. 1956.127.2246","image_urls":["http://numismatics.org/collectionimages/19501999/1956/1956.127.2246.rev.width350.jpg"]},{"from":114,"to":117,"title":"RIC II Trajan 354. 1911.23.68","image_urls":["http://numismatics.org/collectionimages/19001949/1911/1911.23.68.rev.width350.jpg"]},{"from":114,"to":117,"title":"RIC II Trajan 364. 1948.19.1176","image_urls":["http://numismatics.org/collectionimages/19001949/1948/1948.19.1176.rev.width350.jpg"]},{"from":114,"to":117,"title":"RIC II Trajan 347 (aureus). 1958.214.15","image_urls":["http://numismatics.org/collectionimages/19501999/1958/1958.214.15.rev.width350.jpg"]},{"from":114,"to":117,"title":"RIC II Trajan 349. 1956.127.1688","image_urls":["http://numismatics.org/collectionimages/19501999/1956/1956.127.1688.rev.width350.jpg"]},{"from":114,"to":117,"title":"RIC II Trajan 648. 1953.171.1826","image_urls":["http://numismatics.org/collectionimages/19501999/1953/1953.171.1826.rev.width350.jpg"]},{"from":114,"to":117,"title":"RIC II Trajan 657. 2000.5.19","image_urls":["http://numismatics.org/collectionimages/20002049/2000/2000.5.19.rev.width350.jpg"]},{"from":114,"to":117,"title":"RIC II Trajan 343. 1956.127.1652","image_urls":["http://numismatics.org/collectionimages/19501999/1956/1956.127.1652.rev.width350.jpg"]},{"from":114,"to":117,"title":"RIC II Trajan 343. 1956.127.1646","image_urls":["http://numismatics.org/collectionimages/19501999/1956/1956.127.1646.rev.width350.jpg"]},{"from":114,"to":116,"title":"Silver Didrachm of Trajan, Caesareia in Cappadocia, AD 114 - AD 116. 1985.39.97","image_urls":["http://numismatics.org/collectionimages/19501999/1985/1985.39.97.rev.width350.jpg"]},{"from":114,"to":117,"title":"RIC II Trajan 702. 0000.999.18568","image_urls":["http://numismatics.org/collectionimages/00001899/0000/0000.999.18568.rev.width350.jpg"]},{"from":114,"to":116,"title":"Silver Didrachm of Trajan, Caesareia in Cappadocia, AD 114 - AD 116. 1985.39.155","image_urls":["http://numismatics.org/collectionimages/19501999/1985/1985.39.155.rev.width350.jpg"]},{"from":114,"to":117,"title":"RIC II Trajan 332. 1956.127.1702","image_urls":["http://numismatics.org/collectionimages/19501999/1956/1956.127.1702.rev.width350.jpg"]},{"from":114,"to":117,"title":"RIC II Trajan 674 (dupondius). 1944.100.44755","image_urls":["http://numismatics.org/collectionimages/19001949/1944/1944.100.44755.rev.width350.jpg"]},{"from":114,"to":117,"title":"RIC II Trajan 676. 1906.236.309","image_urls":["http://numismatics.org/collectionimages/19001949/1906/1906.236.309.rev.width350.jpg"]},{"from":114,"to":116,"title":"Silver Didrachm of Trajan, Caesareia in Cappadocia, AD 114 - AD 116. 1985.39.161","image_urls":["http://numismatics.org/collectionimages/19501999/1985/1985.39.161.rev.width350.jpg"]},{"from":114,"to":117,"title":"RIC II Trajan 340. 1956.127.1686","image_urls":["http://numismatics.org/collectionimages/19501999/1956/1956.127.1686.rev.width350.jpg"]},{"from":114,"to":116,"title":"Silver Didrachm of Trajan, Caesareia in Cappadocia, AD 114 - AD 116. 1944.100.59052","image_urls":["http://numismatics.org/collectionimages/19001949/1944/1944.100.59052.rev.width350.jpg"]},{"from":114,"to":117,"title":"RIC II Trajan 647. 1991.3.5","image_urls":["http://numismatics.org/collectionimages/19501999/1991/1991.3.5.rev.width350.jpg"]},{"from":114,"to":117,"title":"RIC II Trajan 355. 1944.100.43627","image_urls":["http://numismatics.org/collectionimages/19001949/1944/1944.100.43627.rev.width350.jpg"]},{"from":114,"to":117,"title":"RIC II Trajan 337. 1985.140.91","image_urls":["http://numismatics.org/collectionimages/19501999/1985/1985.140.91.rev.width350.jpg"]},{"from":114,"to":116,"title":"Silver Didrachm of Trajan, Caesareia in Cappadocia, AD 114 - AD 116. 1985.39.163","image_urls":["http://numismatics.org/collectionimages/19501999/1985/1985.39.163.rev.width350.jpg"]},{"from":114,"to":117,"title":"RIC II Trajan 648. 1944.100.44778","image_urls":["http://numismatics.org/collectionimages/19001949/1944/1944.100.44778.rev.width350.jpg"]},{"from":114,"to":117,"title":"RIC II Trajan 700. 1951.61.57","image_urls":["http://numismatics.org/collectionimages/19501999/1951/1951.61.57.rev.width350.jpg"]},{"from":114,"to":117,"title":"RIC II Trajan 334. 1956.127.1710","image_urls":["http://numismatics.org/collectionimages/19501999/1956/1956.127.1710.rev.width350.jpg"]},{"from":114,"to":117,"title":"RIC II Trajan 334. 1956.127.1704","image_urls":["http://numismatics.org/collectionimages/19501999/1956/1956.127.1704.rev.width350.jpg"]},{"from":114,"to":117,"title":"RIC II Trajan 652 (sestertius). 0000.999.18564","image_urls":["http://numismatics.org/collectionimages/00001899/0000/0000.999.18564.rev.width350.jpg"]},{"from":114,"to":117,"title":"RIC II Trajan 337. 1956.127.1635","image_urls":["http://numismatics.org/collectionimages/19501999/1956/1956.127.1635.rev.width350.jpg"]},{"from":114,"to":116,"title":"Silver Drachm of Trajan, Bostra, AD 114 - AD 116. 1956.127.2249","image_urls":["http://numismatics.org/collectionimages/19501999/1956/1956.127.2249.rev.width350.jpg"]},{"from":114,"to":117,"title":"RIC II Trajan 647. 1986.76.1","image_urls":["http://numismatics.org/collectionimages/19501999/1986/1986.76.1.rev.width350.jpg"]},{"from":114,"to":117,"title":"RIC II Trajan 689. 1944.100.44766","image_urls":["http://numismatics.org/collectionimages/19001949/1944/1944.100.44766.rev.width350.jpg"]},{"from":114,"to":117,"title":"RIC II Trajan 702. 1944.100.44769","image_urls":["http://numismatics.org/collectionimages/19001949/1944/1944.100.44769.rev.width350.jpg"]},{"from":114,"to":117,"title":"RIC II Trajan 351 (quinarius). 1944.100.43624","image_urls":["http://numismatics.org/collectionimages/19001949/1944/1944.100.43624.rev.width350.jpg"]},{"from":114,"to":117,"title":"RIC II Trajan 303 (denarius). 1944.100.43618","image_urls":["http://numismatics.org/collectionimages/19001949/1944/1944.100.43618.rev.width350.jpg"]},{"from":114,"to":117,"title":"RIC II Trajan 345. 1947.2.451","image_urls":["http://numismatics.org/collectionimages/19001949/1947/1947.2.451.rev.width350.jpg"]},{"from":114,"to":117,"title":"RIC II Trajan 343. 1956.127.1650","image_urls":["http://numismatics.org/collectionimages/19501999/1956/1956.127.1650.rev.width350.jpg"]},{"from":114,"to":117,"title":"RIC II Trajan 647. 1953.171.629","image_urls":["http://numismatics.org/collectionimages/19501999/1953/1953.171.629.rev.width350.jpg"]},{"from":114,"to":117,"title":"RIC II Trajan 675 (as). 1944.100.44760","image_urls":["http://numismatics.org/collectionimages/19001949/1944/1944.100.44760.rev.width350.jpg"]},{"from":114,"to":116,"title":"Silver Drachm of Trajan, Bostra, AD 114 - AD 116. 1956.127.2217","image_urls":["http://numismatics.org/collectionimages/19501999/1956/1956.127.2217.rev.width350.jpg"]},{"from":114,"to":117,"title":"RIC II Trajan 674 (dupondius). 1948.19.1180","image_urls":["http://numismatics.org/collectionimages/19001949/1948/1948.19.1180.rev.width350.jpg"]},{"from":114,"to":117,"title":"RIC II Trajan 644. 1944.100.44775","image_urls":["http://numismatics.org/collectionimages/19001949/1944/1944.100.44775.rev.width350.jpg"]},{"from":114,"to":115,"title":"Billon Tetradrachm of Trajan, Alexandreia, AD 114 - AD 115. 1944.100.55267","image_urls":["http://numismatics.org/collectionimages/19001949/1944/1944.100.55267.rev.width350.jpg"]},{"from":114,"to":116,"title":"Silver Drachm of Trajan, Caesareia in Cappadocia, AD 114 - AD 116. 1944.100.59435","image_urls":["http://numismatics.org/collectionimages/19001949/1944/1944.100.59435.rev.width350.jpg"]},{"from":114,"to":116,"title":"Silver Drachm of Trajan, Bostra, AD 114 - AD 116. 1956.127.2216","image_urls":["http://numismatics.org/collectionimages/19501999/1956/1956.127.2216.rev.width350.jpg"]},{"from":114,"to":117,"title":"RIC II Trajan 332. 1956.127.1701","image_urls":["http://numismatics.org/collectionimages/19501999/1956/1956.127.1701.rev.width350.jpg"]},{"from":114,"to":117,"title":"RIC II Trajan 345. 1911.23.71","image_urls":["http://numismatics.org/collectionimages/19001949/1911/1911.23.71.rev.width350.jpg"]},{"from":114,"to":117,"title":"RIC II Trajan 364. 1956.127.1691","image_urls":["http://numismatics.org/collectionimages/19501999/1956/1956.127.1691.rev.width350.jpg"]},{"from":114,"to":117,"title":"RIC II Trajan 702. 0000.999.18567","image_urls":["http://numismatics.org/collectionimages/00001899/0000/0000.999.18567.rev.width350.jpg"]},{"from":114,"to":116,"title":"Silver Didrachm of Trajan, Caesareia in Cappadocia, AD 114 - AD 116. 1985.39.96","image_urls":["http://numismatics.org/collectionimages/19501999/1985/1985.39.96.rev.width350.jpg"]},{"from":114,"to":116,"title":"Silver Didrachm of Trajan, Caesareia in Cappadocia, AD 114 - AD 116. 1983.159.66","image_urls":["http://numismatics.org/collectionimages/19501999/1983/1983.159.66.rev.width350.jpg"]},{"from":114,"to":117,"title":"RIC II Trajan 672. 0000.999.18563","image_urls":["http://numismatics.org/collectionimages/00001899/0000/0000.999.18563.rev.width350.jpg"]},{"from":114,"to":117,"title":"RIC II Trajan 667. 1995.11.555","image_urls":["http://numismatics.org/collectionimages/19501999/1995/1995.11.555.rev.width350.jpg"]},{"from":114,"to":117,"title":"RIC II Trajan 358 (denarius). 1956.127.1681","image_urls":["http://numismatics.org/collectionimages/19501999/1956/1956.127.1681.rev.width350.jpg"]},{"from":114,"to":116,"title":"Silver Didrachm of Trajan, Caesareia in Cappadocia, AD 114 - AD 116. 1985.39.165","image_urls":["http://numismatics.org/collectionimages/19501999/1985/1985.39.165.rev.width350.jpg"]},{"from":114,"to":117,"title":"RIC II Trajan 702. 2004.14.111","image_urls":["http://numismatics.org/collectionimages/20002049/2004/2004.14.111.rev.width350.jpg"]},{"from":114,"to":117,"title":"RIC II Trajan 650. 1992.52.14","image_urls":["http://numismatics.org/collectionimages/19501999/1992/1992.52.14.rev.width350.jpg"]},{"from":114,"to":117,"title":"RIC II Trajan 676. 1953.56.1","image_urls":["http://numismatics.org/collectionimages/19501999/1953/1953.56.1.rev.width350.jpg"]},{"from":114,"to":117,"title":"RIC II Trajan 686. 1906.236.310","image_urls":["http://numismatics.org/collectionimages/19001949/1906/1906.236.310.rev.width350.jpg"]},{"from":114,"to":117,"title":"RIC II Trajan 334. 1911.23.76","image_urls":["http://numismatics.org/collectionimages/19001949/1911/1911.23.76.rev.width350.jpg"]},{"from":114,"to":116,"title":"Silver Didrachm of Trajan, Caesareia in Cappadocia, AD 114 - AD 116. 1944.100.59062","image_urls":["http://numismatics.org/collectionimages/19001949/1944/1944.100.59062.rev.width350.jpg"]},{"from":114,"to":117,"title":"RIC II Trajan 349. 1968.32.1","image_urls":["http://numismatics.org/collectionimages/19501999/1968/1968.32.1.rev.width350.jpg"]},{"from":114,"to":117,"title":"RIC II Trajan 343. 1911.23.64","image_urls":["http://numismatics.org/collectionimages/19001949/1911/1911.23.64.rev.width350.jpg"]},{"from":114,"to":116,"title":"Silver Drachm of Trajan, Bostra, AD 114 - AD 116. 1956.127.2215","image_urls":["http://numismatics.org/collectionimages/19501999/1956/1956.127.2215.rev.width350.jpg"]},{"from":114,"to":116,"title":"Silver Didrachm of Trajan, Caesareia in Cappadocia, AD 114 - AD 116. 1985.39.95","image_urls":["http://numismatics.org/collectionimages/19501999/1985/1985.39.95.rev.width350.jpg"]},{"from":114,"to":117,"title":"RIC II Trajan 340. 1995.11.535","image_urls":["http://numismatics.org/collectionimages/19501999/1995/1995.11.535.rev.width350.jpg"]},{"from":114,"to":117,"title":"RIC II Trajan 337. 1956.127.1640","image_urls":["http://numismatics.org/collectionimages/19501999/1956/1956.127.1640.rev.width350.jpg"]},{"from":114,"to":117,"title":"RIC II Trajan 343. 1911.23.62","image_urls":["http://numismatics.org/collectionimages/19001949/1911/1911.23.62.rev.width350.jpg"]},{"from":114,"to":117,"title":"RIC II Trajan 343. 1956.127.1649","image_urls":["http://numismatics.org/collectionimages/19501999/1956/1956.127.1649.rev.width350.jpg"]},{"from":114,"to":117,"title":"RIC II Trajan 361. 1944.100.44672","image_urls":["http://numismatics.org/collectionimages/19001949/1944/1944.100.44672.rev.width350.jpg"]},{"from":114,"to":117,"title":"RIC II Trajan 364. 1944.100.44666","image_urls":["http://numismatics.org/collectionimages/19001949/1944/1944.100.44666.rev.width350.jpg"]},{"from":114,"to":117,"title":"RIC II Trajan 687. 1944.100.44771","image_urls":["http://numismatics.org/collectionimages/19001949/1944/1944.100.44771.rev.width350.jpg"]},{"from":114,"to":117,"title":"RIC II Trajan 356. 1944.100.43629","image_urls":["http://numismatics.org/collectionimages/19001949/1944/1944.100.43629.rev.width350.jpg"]},{"from":114,"to":117,"title":"RIC II Trajan 355. 1985.140.93","image_urls":["http://numismatics.org/collectionimages/19501999/1985/1985.140.93.rev.width350.jpg"]},{"from":114,"to":117,"title":"RIC II Trajan 303 (denarius). 2004.14.106","image_urls":["http://numismatics.org/collectionimages/20002049/2004/2004.14.106.rev.width350.jpg"]},{"from":114,"to":117,"title":"RIC II Trajan 672. 1948.19.1179","image_urls":["http://numismatics.org/collectionimages/19001949/1948/1948.19.1179.rev.width350.jpg"]},{"from":114,"to":117,"title":"RIC II Trajan 648. 1953.171.625","image_urls":["http://numismatics.org/collectionimages/19501999/1953/1953.171.625.rev.width350.jpg"]},{"from":114,"to":117,"title":"RIC II Trajan 681. 1944.100.44765","image_urls":["http://numismatics.org/collectionimages/19001949/1944/1944.100.44765.rev.width350.jpg"]},{"from":114,"to":117,"title":"RIC II Trajan 364. 1956.127.1690","image_urls":["http://numismatics.org/collectionimages/19501999/1956/1956.127.1690.rev.width350.jpg"]},{"from":114,"to":117,"title":"RIC II Trajan 340. 1956.127.1684","image_urls":["http://numismatics.org/collectionimages/19501999/1956/1956.127.1684.rev.width350.jpg"]},{"from":114,"to":117,"title":"RIC II Trajan 332. 1956.127.1699","image_urls":["http://numismatics.org/collectionimages/19501999/1956/1956.127.1699.rev.width350.jpg"]},{"from":114,"to":116,"title":"Silver Didrachm of Trajan, Caesareia in Cappadocia, AD 114 - AD 116. 1983.159.60","image_urls":["http://numismatics.org/collectionimages/19501999/1983/1983.159.60.rev.width350.jpg"]},{"from":114,"to":116,"title":"Silver Didrachm of Trajan, Caesareia in Cappadocia, AD 114 - AD 116. 1944.100.59434","image_urls":["http://numismatics.org/collectionimages/19001949/1944/1944.100.59434.rev.width350.jpg"]},{"from":114,"to":117,"title":"RIC II Trajan 358 (denarius). 1911.23.70","image_urls":["http://numismatics.org/collectionimages/19001949/1911/1911.23.70.rev.width350.jpg"]},{"from":114,"to":117,"title":"RIC II Trajan 347 (denarius). 1956.127.1657","image_urls":["http://numismatics.org/collectionimages/19501999/1956/1956.127.1657.rev.width350.jpg"]},{"from":114,"to":117,"title":"RIC II Trajan 355. 1956.127.1663","image_urls":["http://numismatics.org/collectionimages/19501999/1956/1956.127.1663.rev.width350.jpg"]},{"from":114,"to":117,"title":"RIC II Trajan 642. 1941.131.792","image_urls":["http://numismatics.org/collectionimages/19001949/1941/1941.131.792.rev.width350.jpg"]},{"from":114,"to":117,"title":"RIC II Trajan 648. 1911.86.2","image_urls":["http://numismatics.org/collectionimages/19001949/1911/1911.86.2.rev.width350.jpg"]},{"from":114,"to":117,"title":"RIC II Trajan 343. 1956.127.1645","image_urls":["http://numismatics.org/collectionimages/19501999/1956/1956.127.1645.rev.width350.jpg"]},{"from":114,"to":117,"title":"RIC II Trajan 355. 1911.23.67","image_urls":["http://numismatics.org/collectionimages/19001949/1911/1911.23.67.rev.width350.jpg"]},{"from":114,"to":117,"title":"RIC II Trajan 355. 1944.100.43625","image_urls":["http://numismatics.org/collectionimages/19001949/1944/1944.100.43625.rev.width350.jpg"]},{"from":114,"to":117,"title":"RIC II Trajan 297. 1944.100.43617","image_urls":["http://numismatics.org/collectionimages/19001949/1944/1944.100.43617.rev.width350.jpg"]},{"from":114,"to":117,"title":"RIC II Trajan 347 (denarius). 1956.127.1658","image_urls":["http://numismatics.org/collectionimages/19501999/1956/1956.127.1658.rev.width350.jpg"]},{"from":114,"to":116,"title":"Silver Didrachm of Trajan, Caesareia in Cappadocia, AD 114 - AD 116. 1985.39.153","image_urls":["http://numismatics.org/collectionimages/19501999/1985/1985.39.153.rev.width350.jpg"]},{"from":114,"to":117,"title":"RIC II Trajan 369. 1956.127.1709","image_urls":["http://numismatics.org/collectionimages/19501999/1956/1956.127.1709.rev.width350.jpg"]},{"from":114,"to":116,"title":"Silver Drachm of Trajan, Bostra, AD 114 - AD 116. 1992.41.45","image_urls":["http://numismatics.org/collectionimages/19501999/1992/1992.41.45.rev.width350.jpg"]},{"from":114,"to":117,"title":"RIC II Trajan 332. 1956.127.1700","image_urls":["http://numismatics.org/collectionimages/19501999/1956/1956.127.1700.rev.width350.jpg"]},{"from":114,"to":117,"title":"RIC II Trajan 699. 2004.14.109","image_urls":["http://numismatics.org/collectionimages/20002049/2004/2004.14.109.rev.width350.jpg"]},{"from":114,"to":117,"title":"RIC II Trajan 644. 1944.100.44774","image_urls":["http://numismatics.org/collectionimages/19001949/1944/1944.100.44774.rev.width350.jpg"]},{"from":114,"to":117,"title":"RIC II Trajan 299. 1911.23.59","image_urls":["http://numismatics.org/collectionimages/19001949/1911/1911.23.59.rev.width350.jpg"]},{"from":114,"to":117,"title":"RIC II Trajan 343. 1944.100.43623","image_urls":["http://numismatics.org/collectionimages/19001949/1944/1944.100.43623.rev.width350.jpg"]},{"from":114,"to":117,"title":"RIC II Trajan 702. 1944.100.44768","image_urls":["http://numismatics.org/collectionimages/19001949/1944/1944.100.44768.rev.width350.jpg"]},{"from":114,"to":117,"title":"RIC II Trajan 647. 1944.100.44777","image_urls":["http://numismatics.org/collectionimages/19001949/1944/1944.100.44777.rev.width350.jpg"]},{"from":114,"to":117,"title":"RIC II Trajan 653. 1975.226.81","image_urls":["http://numismatics.org/collectionimages/19501999/1975/1975.226.81.rev.width350.jpg"]},{"from":114,"to":117,"title":"RIC II Trajan 334. 1985.140.90","image_urls":["http://numismatics.org/collectionimages/19501999/1985/1985.140.90.rev.width350.jpg"]},{"from":114,"to":116,"title":"Silver Didrachm of Trajan, Caesareia in Cappadocia, AD 114 - AD 116. 1983.159.70","image_urls":["http://numismatics.org/collectionimages/19501999/1983/1983.159.70.rev.width350.jpg"]},{"from":114,"to":117,"title":"RIC II Trajan 675 (as). 1947.2.453","image_urls":["http://numismatics.org/collectionimages/19001949/1947/1947.2.453.rev.width350.jpg"]},{"from":114,"to":117,"title":"RIC II Trajan 694. 1948.19.1182","image_urls":["http://numismatics.org/collectionimages/19001949/1948/1948.19.1182.rev.width350.jpg"]},{"from":114,"to":117,"title":"RIC II Trajan 355. 1956.127.1667","image_urls":["http://numismatics.org/collectionimages/19501999/1956/1956.127.1667.rev.width350.jpg"]},{"from":114,"to":115,"title":"Bronze Coin, Anazarbus, AD 114 - AD 115. 2000.8.29","image_urls":["http://numismatics.org/collectionimages/20002049/2000/2000.8.29.rev.width350.jpg"]},{"from":114,"to":117,"title":"RIC II Trajan 647. 1971.203.9","image_urls":["http://numismatics.org/collectionimages/19501999/1971/1971.203.9.rev.width350.jpg"]},{"from":114,"to":117,"title":"RIC II Trajan 305. 1944.100.43620","image_urls":["http://numismatics.org/collectionimages/19001949/1944/1944.100.43620.rev.width350.jpg"]},{"from":114,"to":117,"title":"RIC II Trajan 347 (denarius). 1956.127.1661","image_urls":["http://numismatics.org/collectionimages/19501999/1956/1956.127.1661.rev.width350.jpg"]},{"from":114,"to":117,"title":"RIC II Trajan 361. 1911.23.77","image_urls":["http://numismatics.org/collectionimages/19001949/1911/1911.23.77.rev.width350.jpg"]},{"from":114,"to":117,"title":"RIC II Trajan 647. 1953.171.628","image_urls":["http://numismatics.org/collectionimages/19501999/1953/1953.171.628.rev.width350.jpg"]},{"from":114,"to":116,"title":"Silver Didrachm of Trajan, Caesareia in Cappadocia, AD 114 - AD 116. 1985.39.156","image_urls":["http://numismatics.org/collectionimages/19501999/1985/1985.39.156.rev.width350.jpg"]},{"from":114,"to":117,"title":"RIC II Trajan 663. 1944.100.44762","image_urls":["http://numismatics.org/collectionimages/19001949/1944/1944.100.44762.rev.width350.jpg"]},{"from":114,"to":117,"title":"RIC II Trajan 655. 1944.100.44756","image_urls":["http://numismatics.org/collectionimages/19001949/1944/1944.100.44756.rev.width350.jpg"]},{"from":114,"to":117,"title":"RIC II Trajan 702. 1995.11.520","image_urls":["http://numismatics.org/collectionimages/19501999/1995/1995.11.520.rev.width350.jpg"]},{"from":114,"to":117,"title":"RIC II Trajan 675 (as). 1944.100.44759","image_urls":["http://numismatics.org/collectionimages/19001949/1944/1944.100.44759.rev.width350.jpg"]},{"from":114,"to":117,"title":"RIC II Trajan 343. 1956.127.1655","image_urls":["http://numismatics.org/collectionimages/19501999/1956/1956.127.1655.rev.width350.jpg"]},{"from":114,"to":117,"title":"RIC II Trajan 337. 1956.127.1643","image_urls":["http://numismatics.org/collectionimages/19501999/1956/1956.127.1643.rev.width350.jpg"]},{"from":114,"to":117,"title":"RIC II Trajan 337. 1956.127.1637","image_urls":["http://numismatics.org/collectionimages/19501999/1956/1956.127.1637.rev.width350.jpg"]},{"from":114,"to":116,"title":"Silver Didrachm of Trajan, Caesareia in Cappadocia, AD 114 - AD 116. 1985.39.168","image_urls":["http://numismatics.org/collectionimages/19501999/1985/1985.39.168.rev.width350.jpg"]},{"from":114,"to":116,"title":"Silver Didrachm of Trajan, Caesareia in Cappadocia, AD 114 - AD 116. 1983.159.13","image_urls":["http://numismatics.org/collectionimages/19501999/1983/1983.159.13.rev.width350.jpg"]},{"from":114,"to":117,"title":"RIC II Trajan 672. 1944.100.44757","image_urls":["http://numismatics.org/collectionimages/19001949/1944/1944.100.44757.rev.width350.jpg"]},{"from":114,"to":117,"title":"RIC II Trajan 332. 1944.100.44670","image_urls":["http://numismatics.org/collectionimages/19001949/1944/1944.100.44670.rev.width350.jpg"]},{"from":114,"to":117,"title":"RIC II Trajan 343. 1956.127.1647","image_urls":["http://numismatics.org/collectionimages/19501999/1956/1956.127.1647.rev.width350.jpg"]},{"from":114,"to":117,"title":"RIC II Trajan 667. 1944.100.44763","image_urls":["http://numismatics.org/collectionimages/19001949/1944/1944.100.44763.rev.width350.jpg"]},{"from":114,"to":117,"title":"RIC II Trajan 699. 1975.226.82","image_urls":["http://numismatics.org/collectionimages/19501999/1975/1975.226.82.rev.width350.jpg"]},{"from":114,"to":115,"title":"Bronze Drachm of Trajan, Alexandreia, AD 114 - AD 115. 1944.100.56329","image_urls":["http://numismatics.org/collectionimages/19001949/1944/1944.100.56329.rev.width350.jpg"]},{"from":114,"to":117,"title":"RIC II Trajan 343. 1956.127.1653","image_urls":["http://numismatics.org/collectionimages/19501999/1956/1956.127.1653.rev.width350.jpg"]},{"from":114,"to":117,"title":"RIC II Trajan 347 (denarius). 1948.19.1162","image_urls":["http://numismatics.org/collectionimages/19001949/1948/1948.19.1162.rev.width350.jpg"]},{"from":114,"to":116,"title":"Silver Didrachm of Trajan, Caesareia in Cappadocia, AD 114 - AD 116. 1985.39.157","image_urls":["http://numismatics.org/collectionimages/19501999/1985/1985.39.157.rev.width350.jpg"]},{"from":114,"to":117,"title":"RIC II Trajan 648. 1995.11.499","image_urls":["http://numismatics.org/collectionimages/19501999/1995/1995.11.499.rev.width350.jpg"]},{"from":114,"to":116,"title":"Silver Didrachm of Trajan, Caesareia in Cappadocia, AD 114 - AD 116. 1985.39.151","image_urls":["http://numismatics.org/collectionimages/19501999/1985/1985.39.151.rev.width350.jpg"]},{"from":114,"to":117,"title":"RIC II Trajan 702. 1921.100.6","image_urls":["http://numismatics.org/collectionimages/19001949/1921/1921.100.6.rev.width350.jpg"]},{"from":114,"to":117,"title":"RIC II Trajan 704. 1965.23.1","image_urls":["http://numismatics.org/collectionimages/19501999/1965/1965.23.1.rev.width350.jpg"]},{"from":114,"to":117,"title":"RIC II Trajan 647. 1953.171.626","image_urls":["http://numismatics.org/collectionimages/19501999/1953/1953.171.626.rev.width350.jpg"]},{"from":114,"to":117,"title":"RIC II Trajan 357. 1956.127.1682","image_urls":["http://numismatics.org/collectionimages/19501999/1956/1956.127.1682.rev.width350.jpg"]},{"from":114,"to":116,"title":"Silver Drachm of Trajan, Bostra, AD 114 - AD 116. 1956.127.2255","image_urls":["http://numismatics.org/collectionimages/19501999/1956/1956.127.2255.rev.width350.jpg"]},{"from":114,"to":117,"title":"RIC II Trajan 334. 1956.127.1703","image_urls":["http://numismatics.org/collectionimages/19501999/1956/1956.127.1703.rev.width350.jpg"]},{"from":114,"to":116,"title":"Silver Didrachm of Trajan, Caesareia in Cappadocia, AD 114 - AD 116. 1985.39.162","image_urls":["http://numismatics.org/collectionimages/19501999/1985/1985.39.162.rev.width350.jpg"]},{"from":114,"to":117,"title":"RIC II Trajan 703. 1951.47.1","image_urls":["http://numismatics.org/collectionimages/19501999/1951/1951.47.1.rev.width350.jpg"]},{"from":114,"to":117,"title":"RIC II Trajan 364. 1956.127.1693","image_urls":["http://numismatics.org/collectionimages/19501999/1956/1956.127.1693.rev.width350.jpg"]},{"from":114,"to":117,"title":"RIC II Trajan 665. 1957.172.1641","image_urls":["http://numismatics.org/collectionimages/19501999/1957/1957.172.1641.rev.width350.jpg"]},{"from":114,"to":116,"title":"Silver Didrachm of Trajan, Caesareia in Cappadocia, AD 114 - AD 116. 1985.39.150","image_urls":["http://numismatics.org/collectionimages/19501999/1985/1985.39.150.rev.width350.jpg"]},{"from":114,"to":116,"title":"Silver Didrachm of Trajan, Caesareia in Cappadocia, AD 114 - AD 116. 1985.39.159","image_urls":["http://numismatics.org/collectionimages/19501999/1985/1985.39.159.rev.width350.jpg"]},{"from":114,"to":117,"title":"RIC II Trajan 648. 1995.11.498","image_urls":["http://numismatics.org/collectionimages/19501999/1995/1995.11.498.rev.width350.jpg"]},{"from":114,"to":116,"title":"Silver Drachm of Trajan, Bostra, AD 114 - AD 116. 1956.127.2254","image_urls":["http://numismatics.org/collectionimages/19501999/1956/1956.127.2254.rev.width350.jpg"]},{"from":114,"to":116,"title":"Silver Didrachm of Trajan, Caesareia in Cappadocia, AD 114 - AD 116. 1983.159.24","image_urls":["http://numismatics.org/collectionimages/19501999/1983/1983.159.24.rev.width350.jpg"]},{"from":114,"to":117,"title":"RIC II Trajan 332. 1956.127.1711","image_urls":["http://numismatics.org/collectionimages/19501999/1956/1956.127.1711.rev.width350.jpg"]},{"from":114,"to":117,"title":"RIC II Trajan 667. 1995.11.513","image_urls":["http://numismatics.org/collectionimages/19501999/1995/1995.11.513.rev.width350.jpg"]},{"from":114,"to":117,"title":"RIC II Trajan 356. 1944.100.43628","image_urls":["http://numismatics.org/collectionimages/19001949/1944/1944.100.43628.rev.width350.jpg"]},{"from":114,"to":116,"title":"Silver Didrachm of Trajan, Caesareia in Cappadocia, AD 114 - AD 116. 1985.39.164","image_urls":["http://numismatics.org/collectionimages/19501999/1985/1985.39.164.rev.width350.jpg"]},{"from":114,"to":116,"title":"Silver Didrachm of Trajan, Caesareia in Cappadocia, AD 114 - AD 116. 1985.39.158","image_urls":["http://numismatics.org/collectionimages/19501999/1985/1985.39.158.rev.width350.jpg"]},{"from":114,"to":117,"title":"RIC II Trajan 647. 1953.171.624","image_urls":["http://numismatics.org/collectionimages/19501999/1953/1953.171.624.rev.width350.jpg"]},{"from":114,"to":117,"title":"RIC II Trajan 676. 1944.100.44764","image_urls":["http://numismatics.org/collectionimages/19001949/1944/1944.100.44764.rev.width350.jpg"]},{"from":114,"to":117,"title":"RIC II Trajan 343. 1956.127.1654","image_urls":["http://numismatics.org/collectionimages/19501999/1956/1956.127.1654.rev.width350.jpg"]},{"from":114,"to":117,"title":"RIC II Trajan 355. 1912.52.10","image_urls":["http://numismatics.org/collectionimages/19001949/1912/1912.52.10.rev.width350.jpg"]},{"from":114,"to":117,"title":"RIC II Trajan 334. 1944.100.44671","image_urls":["http://numismatics.org/collectionimages/19001949/1944/1944.100.44671.rev.width350.jpg"]},{"from":114,"to":117,"title":"RIC II Trajan 647. 1944.100.44779","image_urls":["http://numismatics.org/collectionimages/19001949/1944/1944.100.44779.rev.width350.jpg"]},{"from":114,"to":117,"title":"RIC II Trajan 361. 1985.140.92","image_urls":["http://numismatics.org/collectionimages/19501999/1985/1985.140.92.rev.width350.jpg"]},{"from":114,"to":117,"title":"RIC II Trajan 337. 1956.127.1639","image_urls":["http://numismatics.org/collectionimages/19501999/1956/1956.127.1639.rev.width350.jpg"]},{"from":114,"to":117,"title":"RIC II Trajan 337. 1944.100.44662","image_urls":["http://numismatics.org/collectionimages/19001949/1944/1944.100.44662.rev.width350.jpg"]},{"from":114,"to":117,"title":"RIC II Trajan 644. 1971.203.8","image_urls":["http://numismatics.org/collectionimages/19501999/1971/1971.203.8.rev.width350.jpg"]},{"from":114,"to":116,"title":"Silver Drachm of Trajan, Caesareia in Cappadocia, AD 114 - AD 116. 0000.999.25283","image_urls":["http://numismatics.org/collectionimages/00001899/0000/0000.999.25283.rev.width350.jpg"]},{"from":114,"to":117,"title":"RIC II Trajan 303 (denarius). 1944.100.43619","image_urls":["http://numismatics.org/collectionimages/19001949/1944/1944.100.43619.rev.width350.jpg"]},{"from":114,"to":117,"title":"RIC II Trajan 364. 1911.23.73","image_urls":["http://numismatics.org/collectionimages/19001949/1911/1911.23.73.rev.width350.jpg"]},{"from":114,"to":117,"title":"RIC II Trajan 303 (denarius). 1948.19.1160","image_urls":["http://numismatics.org/collectionimages/19001949/1948/1948.19.1160.rev.width350.jpg"]},{"from":114,"to":116,"title":"Silver Drachm of Trajan, Bostra, AD 114 - AD 116. 1992.41.47","image_urls":["http://numismatics.org/collectionimages/19501999/1992/1992.41.47.rev.width350.jpg"]},{"from":114,"to":117,"title":"RIC II Trajan 647. 1944.100.44776","image_urls":["http://numismatics.org/collectionimages/19001949/1944/1944.100.44776.rev.width350.jpg"]},{"from":114,"to":116,"title":"Silver Drachm of Trajan, Bostra, AD 114 - AD 116. 1956.127.2026","image_urls":["http://numismatics.org/collectionimages/19501999/1956/1956.127.2026.rev.width350.jpg"]},{"from":114,"to":117,"title":"RIC II Trajan 354. 1956.127.1669","image_urls":["http://numismatics.org/collectionimages/19501999/1956/1956.127.1669.rev.width350.jpg"]},{"from":114,"to":117,"title":"RIC II Trajan 702. 1944.100.44770","image_urls":["http://numismatics.org/collectionimages/19001949/1944/1944.100.44770.rev.width350.jpg"]},{"from":114,"to":117,"title":"RIC II Trajan 342. 1961.62.1","image_urls":["http://numismatics.org/collectionimages/19501999/1961/1961.62.1.rev.width350.jpg"]},{"from":114,"to":117,"title":"RIC II Trajan 676. 0000.999.18565","image_urls":["http://numismatics.org/collectionimages/00001899/0000/0000.999.18565.rev.width350.jpg"]},{"from":114,"to":117,"title":"RIC II Trajan 692. 1944.100.44767","image_urls":["http://numismatics.org/collectionimages/19001949/1944/1944.100.44767.rev.width350.jpg"]},{"from":114,"to":116,"title":"Silver Didrachm of Trajan, Caesareia in Cappadocia, AD 114 - AD 116. 1985.39.152","image_urls":["http://numismatics.org/collectionimages/19501999/1985/1985.39.152.rev.width350.jpg"]},{"from":114,"to":117,"title":"RIC II Trajan 336 (aureus). 1956.184.32","image_urls":["http://numismatics.org/collectionimages/19501999/1956/1956.184.32.rev.width350.jpg"]},{"from":114,"to":117,"title":"RIC II Trajan 350. 1944.100.43622","image_urls":["http://numismatics.org/collectionimages/19001949/1944/1944.100.43622.rev.width350.jpg"]},{"from":114,"to":115,"title":"Bronze Drachm of Trajan, Alexandreia, AD 114 - AD 115. 1944.100.56330","image_urls":["http://numismatics.org/collectionimages/19001949/1944/1944.100.56330.rev.width350.jpg"]},{"from":114,"to":117,"title":"RIC II Trajan 343. 1960.170.221","image_urls":["http://numismatics.org/collectionimages/19501999/1960/1960.170.221.rev.width350.jpg"]},{"from":114,"to":117,"title":"RIC II Trajan 337. 1956.127.1642","image_urls":["http://numismatics.org/collectionimages/19501999/1956/1956.127.1642.rev.width350.jpg"]},{"from":114,"to":116,"title":"Silver Didrachm of Trajan, Caesareia in Cappadocia, AD 114 - AD 116. 1985.39.167","image_urls":["http://numismatics.org/collectionimages/19501999/1985/1985.39.167.rev.width350.jpg"]},{"from":114,"to":117,"title":"RIC II Trajan 647. 1953.171.627","image_urls":["http://numismatics.org/collectionimages/19501999/1953/1953.171.627.rev.width350.jpg"]},{"from":114,"to":117,"title":"RIC II Trajan 699. 1944.100.44773","image_urls":["http://numismatics.org/collectionimages/19001949/1944/1944.100.44773.rev.width350.jpg"]},{"from":114,"to":117,"title":"RIC II Trajan 337. 1956.127.1636","image_urls":["http://numismatics.org/collectionimages/19501999/1956/1956.127.1636.rev.width350.jpg"]},{"from":114,"to":117,"title":"RIC II Trajan 361. 1956.127.1708","image_urls":["http://numismatics.org/collectionimages/19501999/1956/1956.127.1708.rev.width350.jpg"]},{"from":114,"to":117,"title":"RIC II Trajan 332. 1956.127.1698","image_urls":["http://numismatics.org/collectionimages/19501999/1956/1956.127.1698.rev.width350.jpg"]},{"from":114,"to":117,"title":"RIC II Trajan 676. 1948.19.1181","image_urls":["http://numismatics.org/collectionimages/19001949/1948/1948.19.1181.rev.width350.jpg"]},{"from":114,"to":117,"title":"RIC II Trajan 355. 1956.127.1666","image_urls":["http://numismatics.org/collectionimages/19501999/1956/1956.127.1666.rev.width350.jpg"]},{"from":114,"to":117,"title":"RIC II Trajan 642. 1944.100.44761","image_urls":["http://numismatics.org/collectionimages/19001949/1944/1944.100.44761.rev.width350.jpg"]},{"from":114,"to":117,"title":"RIC II Trajan 687. 1990.3.70","image_urls":["http://numismatics.org/collectionimages/19501999/1990/1990.3.70.rev.width350.jpg"]},{"from":114,"to":117,"title":"RIC II Trajan 343. 1956.127.1651","image_urls":["http://numismatics.org/collectionimages/19501999/1956/1956.127.1651.rev.width350.jpg"]},{"from":114,"to":117,"title":"RIC II Trajan 345. 1956.127.1687","image_urls":["http://numismatics.org/collectionimages/19501999/1956/1956.127.1687.rev.width350.jpg"]},{"from":114,"to":117,"title":"RIC II Trajan 652 (sestertius). 1995.11.552","image_urls":["http://numismatics.org/collectionimages/19501999/1995/1995.11.552.rev.width350.jpg"]},{"from":114,"to":117,"title":"RIC II Trajan 347 (denarius). 1995.11.534","image_urls":["http://numismatics.org/collectionimages/19501999/1995/1995.11.534.rev.width350.jpg"]},{"from":114,"to":117,"title":"RIC II Trajan 347 (denarius). 1956.127.1660","image_urls":["http://numismatics.org/collectionimages/19501999/1956/1956.127.1660.rev.width350.jpg"]},{"from":114,"to":117,"title":"RIC II Trajan 652 (sestertius). 1944.100.44758","image_urls":["http://numismatics.org/collectionimages/19001949/1944/1944.100.44758.rev.width350.jpg"]},{"from":114,"to":116,"title":"Silver Drachm of Trajan, Caesareia in Cappadocia, AD 114 - AD 116. 1944.100.59055","image_urls":["http://numismatics.org/collectionimages/19001949/1944/1944.100.59055.rev.width350.jpg"]},{"from":114,"to":116,"title":"Silver Drachm of Trajan, Bostra, AD 114 - AD 116. 1956.127.2028","image_urls":["http://numismatics.org/collectionimages/19501999/1956/1956.127.2028.rev.width350.jpg"]},{"from":114,"to":117,"title":"RIC II Trajan 699. 1995.11.521","image_urls":["http://numismatics.org/collectionimages/19501999/1995/1995.11.521.rev.width350.jpg"]},{"from":114,"to":117,"title":"RIC II Trajan 353. 1990.999.1","image_urls":["http://numismatics.org/collectionimages/19501999/1990/1990.999.1.rev.width350.jpg"]},{"from":114,"to":116,"title":"Silver Didrachm of Trajan, Caesareia in Cappadocia, AD 114 - AD 116. 1985.39.94","image_urls":["http://numismatics.org/collectionimages/19501999/1985/1985.39.94.rev.width350.jpg"]},{"from":114,"to":116,"title":"Silver Drachm of Trajan, Bostra, AD 114 - AD 116. 1956.127.2241","image_urls":["http://numismatics.org/collectionimages/19501999/1956/1956.127.2241.rev.width350.jpg"]},{"from":114,"to":117,"title":"RIC II Trajan 347 (denarius). 1911.23.63","image_urls":["http://numismatics.org/collectionimages/19001949/1911/1911.23.63.rev.width350.jpg"]},{"from":114,"to":117,"title":"RIC II Trajan 343. 1944.100.43621","image_urls":["http://numismatics.org/collectionimages/19001949/1944/1944.100.43621.rev.width350.jpg"]},{"from":114,"to":117,"title":"RIC II Trajan 343. 1911.23.65","image_urls":["http://numismatics.org/collectionimages/19001949/1911/1911.23.65.rev.width350.jpg"]},{"from":114,"to":117,"title":"RIC II Trajan 343. 1948.19.1161","image_urls":["http://numismatics.org/collectionimages/19001949/1948/1948.19.1161.rev.width350.jpg"]},{"from":114,"to":116,"title":"Silver Drachm of Trajan, Bostra, AD 114 - AD 116. 1956.127.2251","image_urls":["http://numismatics.org/collectionimages/19501999/1956/1956.127.2251.rev.width350.jpg"]},{"from":114,"to":117,"title":"RIC II Trajan 355. 1944.100.43626","image_urls":["http://numismatics.org/collectionimages/19001949/1944/1944.100.43626.rev.width350.jpg"]},{"from":114,"to":115,"title":"Bronze Drachm of Trajan, Alexandreia, AD 114 - AD 115. 1944.100.56334","image_urls":["http://numismatics.org/collectionimages/19001949/1944/1944.100.56334.rev.width350.jpg"]},{"from":114,"to":117,"title":"RIC II Trajan 653. 1960.170.223","image_urls":["http://numismatics.org/collectionimages/19501999/1960/1960.170.223.rev.width350.jpg"]},{"from":114,"to":117,"title":"RIC II Trajan 337. 1956.127.1644","image_urls":["http://numismatics.org/collectionimages/19501999/1956/1956.127.1644.rev.width350.jpg"]},{"from":114,"to":116,"title":"Silver Didrachm of Trajan, Caesareia in Cappadocia, AD 114 - AD 116. 1985.39.160","image_urls":["http://numismatics.org/collectionimages/19501999/1985/1985.39.160.rev.width350.jpg"]},{"from":114,"to":117,"title":"RIC II Trajan 337. 1944.100.44661","image_urls":["http://numismatics.org/collectionimages/19001949/1944/1944.100.44661.rev.width350.jpg"]},{"from":114,"to":117,"title":"RIC II Trajan 642. 1995.11.551","image_urls":["http://numismatics.org/collectionimages/19501999/1995/1995.11.551.rev.width350.jpg"]},{"from":114,"to":117,"title":"RIC II Trajan 337. 1911.23.61","image_urls":["http://numismatics.org/collectionimages/19001949/1911/1911.23.61.rev.width350.jpg"]},{"from":114,"to":115,"title":"Bronze Coin, Seleuceia ad Tigrim, AD 114 - AD 115. 1944.100.83349","image_urls":["http://numismatics.org/collectionimages/19001949/1944/1944.100.83349.rev.width350.jpg"]},{"from":114,"to":117,"title":"RIC II Trajan 355. 1948.19.1163","image_urls":["http://numismatics.org/collectionimages/19001949/1948/1948.19.1163.rev.width350.jpg"]},{"from":114,"to":117,"title":"RIC II Trajan 343. 1956.127.1648","image_urls":["http://numismatics.org/collectionimages/19501999/1956/1956.127.1648.rev.width350.jpg"]}]