[{"from":1143,"to":1180,"title":"Billon Aspron trachy of Manuel I, Constantinople, 1143 - 1180. 1911.105.141","image_urls":["http://numismatics.org/collectionimages/19001949/1911/1911.105.141.rev.width350.jpg"]},{"from":1143,"to":1180,"title":"Billon Aspron trachy of Manuel I, Constantinople, 1143 - 1180. 1954.127.7","image_urls":["http://numismatics.org/collectionimages/19501999/1954/1954.127.7.rev.width350.jpg"]},{"from":1143,"to":1180,"title":"Electrum Aspron trachy of Manuel I, Thessalonica, 1143 - 1180. 1973.46.3","image_urls":["http://numismatics.org/collectionimages/19501999/1973/1973.46.3.rev.width350.jpg"]},{"from":1143,"to":1180,"title":"Electrum Aspron trachy of Manuel I, Constantinople, 1143 - 1180. 1980.109.316","image_urls":["http://numismatics.org/collectionimages/19501999/1980/1980.109.316.rev.width350.jpg"]},{"from":1143,"to":1180,"title":"Billon Aspron trachy of Manuel I, Constantinople, 1143 - 1180. 1923.150.43","image_urls":["http://numismatics.org/collectionimages/19001949/1923/1923.150.43.rev.width350.jpg"]},{"from":1143,"to":1180,"title":"Gold Hyperpyron of Manuel I, Constantinople, 1143 - 1180. 1958.76.24","image_urls":["http://numismatics.org/collectionimages/19501999/1958/1958.76.24.rev.width350.jpg"]},{"from":1143,"to":1180,"title":"Billon Aspron trachy of Manuel I, Constantinople, 1143 - 1180. 1944.100.18095","image_urls":["http://numismatics.org/collectionimages/19001949/1944/1944.100.18095.rev.width350.jpg"]},{"from":1143,"to":1180,"title":"Electrum Aspron trachy of Manuel I, Constantinople, 1143 - 1180. 1948.19.615","image_urls":["http://numismatics.org/collectionimages/19001949/1948/1948.19.615.rev.width350.jpg"]},{"from":1143,"to":1180,"title":"Electrum Aspron trachy of Manuel I, Constantinople, 1143 - 1180. 1968.131.390","image_urls":["http://numismatics.org/collectionimages/19501999/1968/1968.131.390.rev.width350.jpg"]},{"from":1143,"to":1180,"title":"Billon Aspron trachy of Manuel I, Constantinople, 1143 - 1180. 1954.127.6","image_urls":["http://numismatics.org/collectionimages/19501999/1954/1954.127.6.rev.width350.jpg"]},{"from":1143,"to":1180,"title":"Gold Hyperpyron of Manuel I, Constantinople, 1143 - 1180. 1930.58.1","image_urls":["http://numismatics.org/collectionimages/19001949/1930/1930.58.1.rev.width350.jpg"]},{"from":1143,"to":1180,"title":"Electrum Aspron trachy of Manuel I, Constantinople, 1143 - 1180. 1977.158.1235","image_urls":["http://numismatics.org/collectionimages/19501999/1977/1977.158.1235.rev.width350.jpg"]},{"from":1143,"to":1180,"title":"Electrum Aspron trachy of Manuel I, Constantinople, 1143 - 1180. 1944.100.18088","image_urls":["http://numismatics.org/collectionimages/19001949/1944/1944.100.18088.rev.width350.jpg"]},{"from":1143,"to":1180,"title":"Electrum Aspron trachy of Manuel I, Constantinople, 1143 - 1180. 1944.100.18086","image_urls":["http://numismatics.org/collectionimages/19001949/1944/1944.100.18086.rev.width350.jpg"]},{"from":1143,"to":1180,"title":"Gold Hyperpyron of Manuel I, Constantinople, 1143 - 1180. 1954.237.150","image_urls":["http://numismatics.org/collectionimages/19501999/1954/1954.237.150.rev.width350.jpg"]},{"from":1143,"to":1180,"title":"Billon Billon aspron trachy of Manuel I, Constantinople, 1143 - 1180. 1984.62.28","image_urls":["http://numismatics.org/collectionimages/19501999/1984/1984.62.28.rev.width350.jpg"]},{"from":1143,"to":1180,"title":"Billon Aspron trachy of Manuel I, Constantinople, 1143 - 1180. 1944.100.18102","image_urls":["http://numismatics.org/collectionimages/19001949/1944/1944.100.18102.rev.width350.jpg"]},{"from":1143,"to":1180,"title":"Electrum Aspron trachy of Manuel I, Thessalonica, 1143 - 1180. 1968.131.381","image_urls":["http://numismatics.org/collectionimages/19501999/1968/1968.131.381.rev.width350.jpg"]},{"from":1143,"to":1180,"title":"Billon Aspron trachy of Manuel I, Constantinople, 1143 - 1180. 1944.100.18092","image_urls":["http://numismatics.org/collectionimages/19001949/1944/1944.100.18092.rev.width350.jpg"]},{"from":1143,"to":1180,"title":"Gold Hyperpyron of Manuel I, Constantinople, 1143 - 1180. 1966.169.18","image_urls":["http://numismatics.org/collectionimages/19501999/1966/1966.169.18.rev.width350.jpg"]},{"from":1143,"to":1180,"title":"Billon Aspron trachy of Manuel I, Constantinople, 1143 - 1180. 1944.100.18094","image_urls":["http://numismatics.org/collectionimages/19001949/1944/1944.100.18094.rev.width350.jpg"]},{"from":1143,"to":1180,"title":"Billon Aspron trachy of Manuel I, Constantinople, 1143 - 1180. 1944.100.18097","image_urls":["http://numismatics.org/collectionimages/19001949/1944/1944.100.18097.rev.width350.jpg"]},{"from":1143,"to":1180,"title":"Billon Aspron trachy of Manuel I, Constantinople, 1143 - 1180. 1944.100.18104","image_urls":["http://numismatics.org/collectionimages/19001949/1944/1944.100.18104.rev.width350.jpg"]},{"from":1143,"to":1180,"title":"Billon Aspron trachy of Manuel I, Constantinople, 1143 - 1180. 1944.100.18101","image_urls":["http://numismatics.org/collectionimages/19001949/1944/1944.100.18101.rev.width350.jpg"]},{"from":1143,"to":1183,"title":"Electrum Aspron trachy of Manuel I, Constantinople, 1143 - 1183. 1944.100.18091","image_urls":["http://numismatics.org/collectionimages/19001949/1944/1944.100.18091.rev.width350.jpg"]},{"from":1143,"to":1180,"title":"Electrum Aspron trachy of Manuel I, Constantinople, 1143 - 1180. 1944.100.18085","image_urls":["http://numismatics.org/collectionimages/19001949/1944/1944.100.18085.rev.width350.jpg"]},{"from":1143,"to":1180,"title":"Electrum Aspron trachy of Manuel I, Thessalonica, 1143 - 1180. 1977.158.1237","image_urls":["http://numismatics.org/collectionimages/19501999/1977/1977.158.1237.rev.width350.jpg"]},{"from":1143,"to":1180,"title":"Gold Hyperpyron of Manuel I, Constantinople, 1143 - 1180. 1968.131.380","image_urls":["http://numismatics.org/collectionimages/19501999/1968/1968.131.380.rev.width350.jpg"]},{"from":1143,"to":1180,"title":"Electrum Aspron trachy of Manuel I, Thessalonica, 1143 - 1180. 1968.131.389","image_urls":["http://numismatics.org/collectionimages/19501999/1968/1968.131.389.rev.width350.jpg"]},{"from":1143,"to":1180,"title":"Billon Aspron trachy of Manuel I, Constantinople, 1143 - 1180. 1944.100.18106","image_urls":["http://numismatics.org/collectionimages/19001949/1944/1944.100.18106.rev.width350.jpg"]},{"from":1143,"to":1180,"title":"Billon Aspron trachy of Manuel I, Constantinople, 1143 - 1180. 1944.100.18096","image_urls":["http://numismatics.org/collectionimages/19001949/1944/1944.100.18096.rev.width350.jpg"]},{"from":1143,"to":1180,"title":"Gold Hyperpyron of Manuel I, Constantinople, 1143 - 1180. 1925.172.39","image_urls":["http://numismatics.org/collectionimages/19001949/1925/1925.172.39.rev.width350.jpg"]},{"from":1143,"to":1180,"title":"Gold Hyperpyron of Manuel I, Constantinople, 1143 - 1180. 1973.56.160","image_urls":["http://numismatics.org/collectionimages/19501999/1973/1973.56.160.rev.width350.jpg"]},{"from":1143,"to":1180,"title":"Billon Aspron trachy of Manuel I, Constantinople, 1143 - 1180. 1954.168.1","image_urls":["http://numismatics.org/collectionimages/19501999/1954/1954.168.1.rev.width350.jpg"]},{"from":1143,"to":1180,"title":"Gold Hyperpyron of Manuel I, Constantinople, 1143 - 1180. 1944.100.18081","image_urls":["http://numismatics.org/collectionimages/19001949/1944/1944.100.18081.rev.width350.jpg"]},{"from":1143,"to":1180,"title":"Electrum Aspron trachy of Manuel I, Constantinople, 1143 - 1180. 1948.19.616","image_urls":["http://numismatics.org/collectionimages/19001949/1948/1948.19.616.rev.width350.jpg"]},{"from":1143,"to":1180,"title":"Gold Hyperpyron of Manuel I, Constantinople, 1143 - 1180. 1968.131.379","image_urls":["http://numismatics.org/collectionimages/19501999/1968/1968.131.379.rev.width350.jpg"]},{"from":1143,"to":1183,"title":"Electrum Aspron trachy of Manuel I, Constantinople, 1143 - 1183. 1968.131.391","image_urls":["http://numismatics.org/collectionimages/19501999/1968/1968.131.391.rev.width350.jpg"]},{"from":1143,"to":1180,"title":"Electrum Aspron trachy of Manuel I, Constantinople, 1143 - 1180. 1968.131.385","image_urls":["http://numismatics.org/collectionimages/19501999/1968/1968.131.385.rev.width350.jpg"]},{"from":1143,"to":1180,"title":"Electrum Aspron trachy of Manuel I, Constantinople, 1143 - 1180. 1977.158.1233","image_urls":["http://numismatics.org/collectionimages/19501999/1977/1977.158.1233.rev.width350.jpg"]},{"from":1143,"to":1180,"title":"Electrum Aspron trachy of Manuel I, Thessalonica, 1143 - 1180. 1968.131.388","image_urls":["http://numismatics.org/collectionimages/19501999/1968/1968.131.388.rev.width350.jpg"]},{"from":1143,"to":1180,"title":"Billon Aspron trachy of Manuel I, Constantinople, 1143 - 1180. 1954.127.5","image_urls":["http://numismatics.org/collectionimages/19501999/1954/1954.127.5.rev.width350.jpg"]},{"from":1143,"to":1180,"title":"Billon Aspron trachy of Manuel I, Constantinople, 1143 - 1180. 1944.100.18099","image_urls":["http://numismatics.org/collectionimages/19001949/1944/1944.100.18099.rev.width350.jpg"]},{"from":1143,"to":1180,"title":"Billon Billon aspron trachy of Manuel I, Constantinople, 1143 - 1180. 1984.62.380","image_urls":["http://numismatics.org/collectionimages/19501999/1984/1984.62.380.rev.width350.jpg"]},{"from":1143,"to":1180,"title":"Electrum Aspron trachy of Manuel I, Constantinople, 1143 - 1180. 1977.158.1236","image_urls":["http://numismatics.org/collectionimages/19501999/1977/1977.158.1236.rev.width350.jpg"]},{"from":1143,"to":1180,"title":"Gold Hyperpyron of Manuel I, Constantinople, 1143 - 1180. 1944.100.18084","image_urls":["http://numismatics.org/collectionimages/19001949/1944/1944.100.18084.rev.width350.jpg"]},{"from":1143,"to":1180,"title":"Billon Aspron trachy of Manuel I, Constantinople, 1143 - 1180. 1944.100.18100","image_urls":["http://numismatics.org/collectionimages/19001949/1944/1944.100.18100.rev.width350.jpg"]},{"from":1143,"to":1180,"title":"Gold Hyperpyron of Manuel I, Constantinople, 1143 - 1180. 1977.158.1231","image_urls":["http://numismatics.org/collectionimages/19501999/1977/1977.158.1231.rev.width350.jpg"]},{"from":1143,"to":1180,"title":"Gold Hyperpyron of Manuel I, Constantinople, 1143 - 1180. 1948.19.614","image_urls":["http://numismatics.org/collectionimages/19001949/1948/1948.19.614.rev.width350.jpg"]},{"from":1143,"to":1180,"title":"Gold Hyperpyron of Manuel I, Constantinople, 1143 - 1180. 1968.131.377","image_urls":["http://numismatics.org/collectionimages/19501999/1968/1968.131.377.rev.width350.jpg"]},{"from":1143,"to":1180,"title":"Electrum Aspron trachy of Manuel I, Constantinople, 1143 - 1180. 1977.158.1234","image_urls":["http://numismatics.org/collectionimages/19501999/1977/1977.158.1234.rev.width350.jpg"]},{"from":1143,"to":1180,"title":"Electrum Aspron trachy of Manuel I, Constantinople, 1143 - 1180. 1948.19.617","image_urls":["http://numismatics.org/collectionimages/19001949/1948/1948.19.617.rev.width350.jpg"]},{"from":1143,"to":1180,"title":"Electrum Aspron trachy of Manuel I, Constantinople, 1143 - 1180. 1947.3.67","image_urls":["http://numismatics.org/collectionimages/19001949/1947/1947.3.67.rev.width350.jpg"]},{"from":1143,"to":1180,"title":"Billon Aspron trachy of Manuel I, Constantinople, 1143 - 1180. 1944.100.18093","image_urls":["http://numismatics.org/collectionimages/19001949/1944/1944.100.18093.rev.width350.jpg"]},{"from":1143,"to":1180,"title":"Electrum Aspron trachy of Manuel I, Thessalonica, 1143 - 1180. 1968.131.382","image_urls":["http://numismatics.org/collectionimages/19501999/1968/1968.131.382.rev.width350.jpg"]},{"from":1143,"to":1180,"title":"Electrum Aspron trachy of Manuel I, Constantinople, 1143 - 1180. 1944.100.18087","image_urls":["http://numismatics.org/collectionimages/19001949/1944/1944.100.18087.rev.width350.jpg"]},{"from":1143,"to":1180,"title":"Billon Aspron trachy of Manuel I, Constantinople, 1143 - 1180. 1944.100.18103","image_urls":["http://numismatics.org/collectionimages/19001949/1944/1944.100.18103.rev.width350.jpg"]},{"from":1143,"to":1180,"title":"Electrum Aspron trachy of Manuel I, Constantinople, 1143 - 1180. 1947.3.68","image_urls":["http://numismatics.org/collectionimages/19001949/1947/1947.3.68.rev.width350.jpg"]},{"from":1143,"to":1180,"title":"Billon Aspron trachy of Manuel I, Constantinople, 1143 - 1180. 1944.100.18107","image_urls":["http://numismatics.org/collectionimages/19001949/1944/1944.100.18107.rev.width350.jpg"]},{"from":1143,"to":1180,"title":"Gold Hyperpyron of Manuel I, Constantinople, 1143 - 1180. 1944.100.18082","image_urls":["http://numismatics.org/collectionimages/19001949/1944/1944.100.18082.rev.width350.jpg"]},{"from":1143,"to":1180,"title":"Electrum Aspron trachy of Manuel I, Constantinople, 1143 - 1180. 1968.131.392","image_urls":["http://numismatics.org/collectionimages/19501999/1968/1968.131.392.rev.width350.jpg"]},{"from":1143,"to":1180,"title":"Electrum Aspron trachy of Manuel I, Constantinople, 1143 - 1180. 1968.131.386","image_urls":["http://numismatics.org/collectionimages/19501999/1968/1968.131.386.rev.width350.jpg"]},{"from":1143,"to":1180,"title":"Electrum Aspron trachy of Manuel I, Constantinople, 1143 - 1180. 1944.100.73311","image_urls":["http://numismatics.org/collectionimages/19001949/1944/1944.100.73311.rev.width350.jpg"]},{"from":1143,"to":1180,"title":"Electrum Aspron trachy of Manuel I, Constantinople, 1143 - 1180. 1980.109.311","image_urls":["http://numismatics.org/collectionimages/19501999/1980/1980.109.311.rev.width350.jpg"]},{"from":1143,"to":1180,"title":"Gold Hyperpyron of Manuel I, Constantinople, 1143 - 1180. 1947.3.66","image_urls":["http://numismatics.org/collectionimages/19001949/1947/1947.3.66.rev.width350.jpg"]},{"from":1143,"to":1180,"title":"Billon Billon aspron trachy of Manuel I, Constantinople, 1143 - 1180. 1984.62.251","image_urls":["http://numismatics.org/collectionimages/19501999/1984/1984.62.251.rev.width350.jpg"]},{"from":1143,"to":1180,"title":"Billon Aspron trachy of Manuel I, Constantinople, 1143 - 1180. 1944.100.18105","image_urls":["http://numismatics.org/collectionimages/19001949/1944/1944.100.18105.rev.width350.jpg"]},{"from":1143,"to":1180,"title":"Gold Hyperpyron of Manuel I, Constantinople, 1143 - 1180. 1948.19.613","image_urls":["http://numismatics.org/collectionimages/19001949/1948/1948.19.613.rev.width350.jpg"]},{"from":1143,"to":1180,"title":"Gold Hyperpyron of Manuel I, Constantinople, 1143 - 1180. 1977.158.1230","image_urls":["http://numismatics.org/collectionimages/19501999/1977/1977.158.1230.rev.width350.jpg"]},{"from":1143,"to":1180,"title":"Billon Aspron trachy of Manuel I, Constantinople, 1143 - 1180. 1944.100.18108","image_urls":["http://numismatics.org/collectionimages/19001949/1944/1944.100.18108.rev.width350.jpg"]},{"from":1143,"to":1180,"title":"Billon Aspron trachy of Manuel I, Constantinople, 1143 - 1180. 1944.100.18098","image_urls":["http://numismatics.org/collectionimages/19001949/1944/1944.100.18098.rev.width350.jpg"]},{"from":1143,"to":1180,"title":"Electrum Aspron trachy of Manuel I, Constantinople, 1143 - 1180. 1968.131.387","image_urls":["http://numismatics.org/collectionimages/19501999/1968/1968.131.387.rev.width350.jpg"]},{"from":1143,"to":1180,"title":"Billon Billon aspron trachy of Manuel I, Constantinople, 1143 - 1180. 1984.62.332","image_urls":["http://numismatics.org/collectionimages/19501999/1984/1984.62.332.rev.width350.jpg"]},{"from":1143,"to":1180,"title":"Electrum Aspron trachy of Manuel I, Thessalonica, 1143 - 1180. 1947.3.69","image_urls":["http://numismatics.org/collectionimages/19001949/1947/1947.3.69.rev.width350.jpg"]},{"from":1143,"to":1180,"title":"Electrum Aspron trachy of Manuel I, Constantinople, 1143 - 1180. 1947.97.142","image_urls":["http://numismatics.org/collectionimages/19001949/1947/1947.97.142.rev.width350.jpg"]},{"from":1143,"to":1180,"title":"Electrum Aspron trachy of Manuel I, Constantinople, 1143 - 1180. 1968.131.384","image_urls":["http://numismatics.org/collectionimages/19501999/1968/1968.131.384.rev.width350.jpg"]},{"from":1143,"to":1180,"title":"Gold Hyperpyron of Manuel I, Constantinople, 1143 - 1180. 1968.131.378","image_urls":["http://numismatics.org/collectionimages/19501999/1968/1968.131.378.rev.width350.jpg"]},{"from":1143,"to":1180,"title":"Electrum Aspron trachy of Manuel I, Constantinople, 1143 - 1180. 1944.100.18089","image_urls":["http://numismatics.org/collectionimages/19001949/1944/1944.100.18089.rev.width350.jpg"]},{"from":1143,"to":1180,"title":"Gold Hyperpyron of Manuel I, Constantinople, 1143 - 1180. 1977.158.1232","image_urls":["http://numismatics.org/collectionimages/19501999/1977/1977.158.1232.rev.width350.jpg"]},{"from":1143,"to":1180,"title":"Gold Hyperpyron of Manuel I, Constantinople, 1143 - 1180. 1944.100.18083","image_urls":["http://numismatics.org/collectionimages/19001949/1944/1944.100.18083.rev.width350.jpg"]},{"from":1143,"to":1180,"title":"Electrum Aspron trachy of Manuel I, Constantinople, 1143 - 1180. 1968.131.383","image_urls":["http://numismatics.org/collectionimages/19501999/1968/1968.131.383.rev.width350.jpg"]},{"from":1143,"to":1180,"title":"Electrum Aspron trachy of Manuel I, Constantinople, 1143 - 1180. 1947.3.70","image_urls":["http://numismatics.org/collectionimages/19001949/1947/1947.3.70.rev.width350.jpg"]},{"from":1143,"to":1180,"title":"Billon Billon aspron trachy of Manuel I, Constantinople, 1143 - 1180. 1984.62.376","image_urls":["http://numismatics.org/collectionimages/19501999/1984/1984.62.376.rev.width350.jpg"]}]