[{"from":115,"to":117,"title":"SUSS-977223: A coin issued by Trajan","image_urls":["https://finds.org.uk/images/lwilson/SH-124.jpg"]},{"from":115,"to":115,"title":"NLM-6F451C: A coin issued by Trajan","image_urls":["https://finds.org.uk/images/mforeman/NLM28892.jpg"]},{"from":115,"to":117,"title":"LEIC-F3C984: A coin issued by Trajan","image_urls":["https://finds.org.uk/images/wscott/F3C984.jpg"]},{"from":115,"to":116,"title":"WAW-24C701: A coin issued by Trajan","image_urls":["https://finds.org.uk/images/rshenry/WAW-24C701.jpg"]},{"from":115,"to":116,"title":"SUR-8CF286: A coin issued by Trajan","image_urls":["https://finds.org.uk/images/dwilliams/07.681.JPG"]},{"from":115,"to":115,"title":"NARC-8A0AC3: A coin issued by Trajan","image_urls":["https://finds.org.uk/images/jcassidy/NARC-8A0AC3b.jpg"]},{"from":115,"to":115,"title":"DENO-383624: A coin issued by Trajan","image_urls":["https://finds.org.uk/images/arohde/E5874%20Trajan%20denarius.jpg"]},{"from":115,"to":116,"title":"BUC-B76846: A coin issued by Trajan","image_urls":["https://finds.org.uk/images/rtyrrell/DSCN9899.JPG"]},{"from":115,"to":115,"title":"LEIC-E7D585: A coin issued by Trajan","image_urls":["https://finds.org.uk/images/wscott/E7D585.JPG"]},{"from":115,"to":117,"title":"CORN-1AB9D8: A coin issued by Matidia","image_urls":["https://finds.org.uk/images/atyacke/March08finds%20002.jpg"]},{"from":115,"to":116,"title":"BM-F96591: A coin issued by Trajan","image_urls":["https://finds.org.uk/images/jasonlundock/5284.jpg"]},{"from":115,"to":115,"title":"LEIC-384A00: A coin issued by Trajan","image_urls":["https://finds.org.uk/images/wscott/384A00.jpg"]},{"from":115,"to":116,"title":"Bronze Drachm of Trajan, Alexandreia, AD 115 - AD 116. 1944.100.56340","image_urls":["http://numismatics.org/collectionimages/19001949/1944/1944.100.56340.rev.width350.jpg"]},{"from":115,"to":116,"title":"Bronze Drachm of Trajan, Alexandreia, AD 115 - AD 116. 1944.100.56336","image_urls":["http://numismatics.org/collectionimages/19001949/1944/1944.100.56336.rev.width350.jpg"]},{"from":115,"to":116,"title":"Billon Tetradrachm of Trajan, Alexandreia, AD 115 - AD 116. 1944.100.55283","image_urls":["http://numismatics.org/collectionimages/19001949/1944/1944.100.55283.rev.width350.jpg"]}]