[{"from":116,"to":138,"title":"SUR-E11C22: A coin issued by Hadrian","image_urls":["https://finds.org.uk/images/dwilliams/B12-462.JPG"]},{"from":116,"to":116,"title":"SUR-895825: A coin issued by Trajan","image_urls":["https://finds.org.uk/images/dwilliams/07.590.JPG"]},{"from":116,"to":116,"title":"LEIC-6FF232: A coin issued by Trajan","image_urls":["https://finds.org.uk/images/wscott/6FF232.JPG"]},{"from":116,"to":116,"title":"LIN-620B75: A coin issued by Trajan","image_urls":["https://finds.org.uk/images/adaubney/LIN2012-263.jpg"]},{"from":116,"to":117,"title":"SUR-6ED5F3: A coin issued by Trajan","image_urls":["https://finds.org.uk/images/dwilliams/B14-357.JPG"]},{"from":116,"to":117,"title":"CAM-A261EA: A coin issued by Trajan","image_urls":["https://finds.org.uk/images/hfowler/CAM-A261EA.jpg"]},{"from":116,"to":116,"title":"LVPL-3E9A53: A coin issued by Trajan","image_urls":["https://finds.org.uk/images/fmcintosh/coin57.jpg"]},{"from":116,"to":116,"title":"NARC-3C69C8: A coin issued by Trajan","image_urls":["https://finds.org.uk/images/dchurchill/narc3c69c8obvrev.jpg"]},{"from":116,"to":116,"title":"LEIC-6CEC69: A coin issued by Trajan","image_urls":["https://finds.org.uk/images/philharding/CAD2550c.jpg"]},{"from":116,"to":116,"title":"NLM-3E00D2: A coin issued by Trajan","image_urls":["https://finds.org.uk/images/mforeman/NLM28243.jpg"]},{"from":116,"to":139,"title":"BH-F2AA74: A coin issued by Hadrian","image_urls":["https://finds.org.uk/images/jwatters/Sestertius%20obv.jpg"]},{"from":116,"to":116,"title":"SWYOR-7A3297: A coin issued by Trajan","image_urls":["https://finds.org.uk/images/acooper/PAS_1748_denarius.jpg"]},{"from":116,"to":116,"title":"NARC-78D8E3: A coin issued by Trajan","image_urls":["https://finds.org.uk/images/jcassidy/NARC-78D8E3b.jpg"]},{"from":116,"to":116,"title":"SUSS-96FC12: A coin issued by Trajan","image_urls":["https://finds.org.uk/images/jjackson/SUSS-96FC12.jpg"]},{"from":116,"to":116,"title":"SUR-91AB23: A coin issued by Trajan","image_urls":["https://finds.org.uk/images/dwilliams/07.899.JPG"]},{"from":116,"to":117,"title":"LANCUM-5376D4: A coin issued by Trajan","image_urls":["https://finds.org.uk/images/dboughton/IrthingtonRallyRomanCoinTraianSestertius1abMerge.jpg"]},{"from":116,"to":116,"title":"LEIC-7E2FF2: A coin issued by Trajan","image_urls":["https://finds.org.uk/images/wscott/7E2FF2%20.JPG"]},{"from":116,"to":117,"title":"LANCUM-4AACA2: A coin issued by Trajan","image_urls":["https://finds.org.uk/images/dboughton/BiFDTCartmelRomanCoin3ab.jpg"]},{"from":116,"to":117,"title":"ESS-5BC176: A coin issued by Trajan","image_urls":["https://finds.org.uk/images/cmcdonald/Scurrel%20Trajan%20ob.jpg"]},{"from":116,"to":117,"title":"Bronze Drachm of Trajan, Alexandreia, AD 116 - AD 117. 1944.100.56344","image_urls":["http://numismatics.org/collectionimages/19001949/1944/1944.100.56344.rev.width350.jpg"]},{"from":116,"to":117,"title":"Bronze Drachm of Trajan, Alexandreia, AD 116 - AD 117. 1944.100.56207","image_urls":["http://numismatics.org/collectionimages/19001949/1944/1944.100.56207.rev.width350.jpg"]},{"from":116,"to":117,"title":"Bronze Drachm of Trajan, Alexandreia, AD 116 - AD 117. 1973.56.599","image_urls":["http://numismatics.org/collectionimages/19501999/1973/1973.56.599.rev.width350.jpg"]},{"from":116,"to":117,"title":"Bronze Drachm of Trajan, Alexandreia, AD 116 - AD 117. 1944.100.56205","image_urls":["http://numismatics.org/collectionimages/19001949/1944/1944.100.56205.rev.width350.jpg"]},{"from":116,"to":117,"title":"Bronze Drachm of Trajan, Alexandreia, AD 116 - AD 117. 1944.100.56189","image_urls":["http://numismatics.org/collectionimages/19001949/1944/1944.100.56189.rev.width350.jpg"]},{"from":116,"to":117,"title":"Bronze Drachm of Trajan, Alexandreia, AD 116 - AD 117. 1944.100.56193","image_urls":["http://numismatics.org/collectionimages/19001949/1944/1944.100.56193.rev.width350.jpg"]},{"from":116,"to":117,"title":"Billon Tetradrachm of Trajan, Alexandreia, AD 116 - AD 117. 1944.100.55296","image_urls":["http://numismatics.org/collectionimages/19001949/1944/1944.100.55296.rev.width350.jpg"]},{"from":116,"to":117,"title":"Bronze Coin, Seleuceia ad Tigrim, AD 116 - AD 117. 1954.203.350","image_urls":["http://numismatics.org/collectionimages/19501999/1954/1954.203.350.rev.width350.jpg"]},{"from":116,"to":117,"title":"Bronze Drachm of Trajan, Alexandreia, AD 116 - AD 117. 1944.100.56346","image_urls":["http://numismatics.org/collectionimages/19001949/1944/1944.100.56346.rev.width350.jpg"]},{"from":116,"to":117,"title":"Silver Drachm of Trajan, Caesareia in Cappadocia, AD 116 - AD 117. 1947.97.506","image_urls":["http://numismatics.org/collectionimages/19001949/1947/1947.97.506.rev.width350.jpg"]},{"from":116,"to":117,"title":"Billon Tetradrachm of Trajan, Alexandreia, AD 116 - AD 117. 1944.100.55297","image_urls":["http://numismatics.org/collectionimages/19001949/1944/1944.100.55297.rev.width350.jpg"]},{"from":116,"to":117,"title":"Bronze Drachm of Trajan, Alexandreia, AD 116 - AD 117. 1944.100.56345","image_urls":["http://numismatics.org/collectionimages/19001949/1944/1944.100.56345.rev.width350.jpg"]},{"from":116,"to":117,"title":"Bronze Drachm of Trajan, Alexandreia, AD 116 - AD 117. 1944.100.56339","image_urls":["http://numismatics.org/collectionimages/19001949/1944/1944.100.56339.rev.width350.jpg"]},{"from":116,"to":117,"title":"Bronze Hemidrachm of Trajan, Alexandreia, AD 116 - AD 117. 1944.100.56210","image_urls":["http://numismatics.org/collectionimages/19001949/1944/1944.100.56210.rev.width350.jpg"]},{"from":116,"to":117,"title":"Silver Drachm of Trajan, Caesareia in Cappadocia, AD 116 - AD 117. 1944.100.58482","image_urls":["http://numismatics.org/collectionimages/19001949/1944/1944.100.58482.rev.width350.jpg"]}]