[{"from":117,"to":138,"title":"PUBLIC-E18F36: A coin issued by Hadrian","image_urls":["https://finds.org.uk/images/calow1/FLE13.427.JPG"]},{"from":117,"to":138,"title":"HAMP-101913: A coin issued by Hadrian","image_urls":["https://finds.org.uk/images/rhenry/HAMP-101913.jpg"]},{"from":117,"to":138,"title":"CORN-0027C4: A coin issued by Hadrian","image_urls":["https://finds.org.uk/images/atyacke/jan14finds05.JPG"]},{"from":117,"to":138,"title":"SOM-CEBDC2: A coin issued by Hadrian","image_urls":["https://finds.org.uk/images/npayne/CEBDC2.JPG"]},{"from":117,"to":125,"title":"WILT-52A7D6: A coin issued by Hadrian","image_urls":["https://finds.org.uk/images/khinds/Last0809coin2.jpg"]},{"from":117,"to":138,"title":"WILT-CCCB4A: A coin issued by Hadrian","image_urls":["https://finds.org.uk/images/rhenry2/WILT-CCCB4A.jpg"]},{"from":117,"to":138,"title":"DEV-17B3FD: A coin issued by Hadrian","image_urls":["https://finds.org.uk/images/dwootton/DEV17B3FD%20checked.JPG"]},{"from":117,"to":138,"title":"HESH-2B13F7: A coin issued by Hadrian","image_urls":["https://finds.org.uk/images/preavill/HESH-2B13F7.jpg"]},{"from":117,"to":138,"title":"NARC-E8AF36: A coin issued by Hadrian","image_urls":["https://finds.org.uk/images/rwebley/NARC-E8AF36sestertiusHadrianobv.jpg"]},{"from":117,"to":138,"title":"SWYOR-0F4A00: A coin issued by Hadrian","image_urls":["https://finds.org.uk/images/acooper/PAS_1393_denarius.jpg"]},{"from":117,"to":138,"title":"WILT-813492: A coin issued by Hadrian","image_urls":["https://finds.org.uk/images/rhenry2/WILT813492.jpg"]},{"from":117,"to":138,"title":"DEV-414024: A coin issued by Hadrian","image_urls":["https://finds.org.uk/images/dwootton/DEV-414024%20Denaruis%20of%20Hadrian.jpg"]},{"from":117,"to":138,"title":"DENO-3ED763: A coin issued by Hadrian","image_urls":["https://finds.org.uk/images/arohde/E6418%20denarius%20-%20Hadrian.jpg"]},{"from":117,"to":138,"title":"WILT-F11961: A coin issued by Hadrian","image_urls":["https://finds.org.uk/images/rhenry2/WILTF11961.jpg"]},{"from":117,"to":192,"title":"PUBLIC-516131: A coin issued by Uncertain - 1st/2nd Century AD","image_urls":["https://finds.org.uk/images/calow1/FLE14913.JPG"]},{"from":117,"to":138,"title":"HAMP-E6F547: A coin issued by Hadrian","image_urls":["https://finds.org.uk/images/jasonlundock/HAMP-E6F547sestertiusofHadrian.jpg"]},{"from":117,"to":138,"title":"NARC-E601B7: A coin issued by Hadrian","image_urls":["https://finds.org.uk/images/jcassidy/e601b7.jpg"]},{"from":117,"to":138,"title":"NCL-781506: A coin issued by Hadrian","image_urls":["https://finds.org.uk/images/rcollins/Roman%20coin%2014.JPG"]},{"from":117,"to":138,"title":"IOW-895F23: A coin issued by Hadrian","image_urls":["https://finds.org.uk/images/fbasford/IOW2011-5-46.JPG"]},{"from":117,"to":138,"title":"BH-7BD516: A coin issued by Hadrian","image_urls":["https://finds.org.uk/images/jwatters/Roman%20coin%20JF-95%20all.jpg"]},{"from":117,"to":169,"title":"WMID-86B0F4: A coin issued by Hadrian","image_urls":["https://finds.org.uk/images/tgilmore/WMID-86B0F4.jpg"]},{"from":117,"to":138,"title":"BERK-9073C2: A coin issued by Hadrian","image_urls":["https://finds.org.uk/images/abyard/2011644.jpg"]},{"from":117,"to":138,"title":"NLM-035CD6: A coin issued by Hadrian","image_urls":["https://finds.org.uk/images/mforeman/NLM18444.JPG"]},{"from":117,"to":124,"title":"SWYOR-8D71B6: A coin issued by Hadrian","image_urls":["https://finds.org.uk/images/lucyc/PAS_2035_denarius.jpg"]},{"from":117,"to":138,"title":"LIN-02C4F4: A coin issued by Hadrian","image_urls":["https://finds.org.uk/images/adaubney/LIN2011-7.jpg"]},{"from":117,"to":122,"title":"DUR-11D2B7: A coin issued by Hadrian","image_urls":["https://finds.org.uk/images/frances/DUR-11D2B7.jpg"]},{"from":117,"to":138,"title":"IOW-AD1162: A coin issued by Hadrian","image_urls":["https://finds.org.uk/images/fbasford/IOW2012-2-347.JPG"]},{"from":117,"to":138,"title":"IOW-358D01: A coin issued by Hadrian","image_urls":["https://finds.org.uk/images/fbasford/IOW2011-1-145.JPG"]},{"from":117,"to":138,"title":"DEV-C868A2: A coin issued by Hadrian","image_urls":["https://finds.org.uk/images/dwootton/DEV-C868A2-R31%20COMPLETED.jpg"]},{"from":117,"to":138,"title":"ESS-0EA644: A coin issued by Hadrian","image_urls":["https://finds.org.uk/images/lmclean/ESS-0EA644.jpg"]},{"from":117,"to":138,"title":"BM-85BD56: A coin issued by Hadrian","image_urls":["https://finds.org.uk/images/jasonlundock/5135.jpg"]},{"from":117,"to":138,"title":"IOW-E12A00: A coin issued by Hadrian","image_urls":["https://finds.org.uk/images/fbasford/IOW2015566.JPG"]},{"from":117,"to":138,"title":"BH-850671: A coin issued by Hadrian","image_urls":["https://finds.org.uk/images/jwatters/Roman_coin_12_37_13.jpg"]},{"from":117,"to":138,"title":"CAM-345B65: A coin issued by Hadrian","image_urls":["https://finds.org.uk/images/hfowler/CAM345B65.jpg"]},{"from":117,"to":122,"title":"YORYM-41CC71: A coin issued by Hadrian","image_urls":["https://finds.org.uk/images/yorkvol/GFY0015.jpg"]},{"from":117,"to":138,"title":"DUR-D3CDC6: A coin issued by Hadrian","image_urls":["https://finds.org.uk/images/frances/darkigns%20coin%20DUR-D3CDC6.jpg"]},{"from":117,"to":138,"title":"NCL-9F7D26: A coin with an unrecorded/uncertain issuer.","image_urls":["https://finds.org.uk/images/pwalton/630.jpg"]},{"from":117,"to":117,"title":"NARC-B9F672: A coin issued by Trajan","image_urls":["https://finds.org.uk/images/jcassidy/woodburcote%20sealx.jpg"]},{"from":117,"to":138,"title":"SUR-36E943: A coin issued by Hadrian","image_urls":["https://finds.org.uk/images/dwilliams/07.841.JPG"]},{"from":117,"to":138,"title":"CORN-FEFC47: A coin issued by Hadrian","image_urls":["https://finds.org.uk/images/atyacke/Jan13finds18.JPG"]},{"from":117,"to":138,"title":"PUBLIC-3A4237: A coin issued by Hadrian","image_urls":["https://finds.org.uk/images/calow1/FLE12.358.JPG"]},{"from":117,"to":192,"title":"HAMP-8CBD61: A coin issued by Uncertain - 2nd century","image_urls":["https://finds.org.uk/images/rwebley/HAMP-8CBD61Faustinasestertius.jpg"]},{"from":117,"to":125,"title":"BM-9F4193: A coin issued by Hadrian","image_urls":["https://finds.org.uk/images/jasonlundock/BM-9F4193.jpg"]},{"from":117,"to":138,"title":"BUC-7A1700: A coin issued by Hadrian","image_urls":["https://finds.org.uk/images/lbuckley/DSCN8996.JPG"]},{"from":117,"to":138,"title":"CORN-E0B498: A coin issued by Hadrian","image_urls":["https://finds.org.uk/images/atyacke/Nov12finz82a.JPG"]},{"from":117,"to":192,"title":"PUBLIC-08A9E0: A coin issued by Antonine (uncertain)","image_urls":["https://finds.org.uk/images/rogerthomas/PUBLIC08A9E0.jpg"]},{"from":117,"to":122,"title":"SUR-4A2865: A coin issued by Hadrian","image_urls":["https://finds.org.uk/images/margaretb/10.1105.jpg"]},{"from":117,"to":138,"title":"SUR-FB8193: A coin issued by Hadrian","image_urls":["https://finds.org.uk/images/margaretb/09.486.JPG"]},{"from":117,"to":138,"title":"DENO-3F8C30: A coin issued by Hadrian","image_urls":["https://finds.org.uk/images/arohde/E6423%2004%20dupondius.jpg"]},{"from":117,"to":138,"title":"BERK-512DD7: A coin issued by Hadrian","image_urls":["https://finds.org.uk/images/abyard/2013224.jpg"]},{"from":117,"to":138,"title":"BERK-5AB4C2: A coin issued by Hadrian","image_urls":["https://finds.org.uk/images/maritime/Sestertius%2C%20Tkt%20Y216.jpg"]},{"from":117,"to":138,"title":"BH-9833B6: A coin issued by Hadrian","image_urls":["https://finds.org.uk/images/jwatters/Roman%20coin%20JF-22%20all.jpg"]},{"from":117,"to":138,"title":"BERK-2DE7F2: A coin issued by Hadrian","image_urls":["https://finds.org.uk/images/plevick/o377.jpg"]},{"from":117,"to":138,"title":"SWYOR-AD3780: A coin issued by Hadrian","image_urls":["https://finds.org.uk/images/acooper/PAS%20266%20denarius.jpg"]},{"from":117,"to":138,"title":"LVPL-F976D2: A coin issued by Hadrian","image_urls":["https://finds.org.uk/images/voakden/LVPL-F976D2.jpg"]},{"from":117,"to":138,"title":"WILT-B59B3B: A coin issued by Hadrian","image_urls":["https://finds.org.uk/images/jshoemark/WILTB59B3B.jpg"]},{"from":117,"to":138,"title":"SWYOR-F533C0: A coin issued by Hadrian","image_urls":["https://finds.org.uk/images/wakefield/PAS_2517_coin.jpg"]},{"from":117,"to":138,"title":"SOM-69C013: A coin issued by Hadrian","image_urls":["https://finds.org.uk/images/npayne/69C013.jpg"]},{"from":117,"to":138,"title":"SOM-57BA99: A coin issued by Hadrian","image_urls":["https://finds.org.uk/images/elburnett/SOM57BA99.JPG"]},{"from":117,"to":138,"title":"NLM-C3D258: A coin issued by Hadrian","image_urls":["https://finds.org.uk/images/mforeman/NLM19887.JPG"]},{"from":117,"to":138,"title":"LEIC-6FA395: A coin issued by Hadrian","image_urls":["https://finds.org.uk/images/wscott/C119.JPG"]},{"from":117,"to":138,"title":"CAM-4A95C6: A coin issued by Hadrian","image_urls":["https://finds.org.uk/images/hfowler/CAM-4A95C6.jpg"]},{"from":117,"to":119,"title":"DUR-3E2DE9: A coin issued by Hadrian","image_urls":["https://finds.org.uk/images/a8622912/DUR3E2DE9.jpg"]},{"from":117,"to":138,"title":"DENO-B89251: A coin issued by Hadrian","image_urls":["https://finds.org.uk/images/cburrill2/E7671_Roman_As_1.jpg"]},{"from":117,"to":138,"title":"DENO-CD5099: A coin issued by Hadrian","image_urls":["https://finds.org.uk/images/cburrill2/E7589_Roman_Coin_Sestertius_Hadrian.jpg"]},{"from":117,"to":138,"title":"WILT-A2E993: A coin issued by Hadrian","image_urls":["https://finds.org.uk/images/cshenry/WILT-A2E993.jpg"]},{"from":117,"to":137,"title":"LVPL-DEEA02: A coin issued by Hadrian","image_urls":["https://finds.org.uk/images/voakden/LVPLDEEA02.jpg"]},{"from":117,"to":138,"title":"CORN-650F04: A coin issued by Hadrian","image_urls":["https://finds.org.uk/images/atyacke/May15finds077.JPG"]},{"from":117,"to":138,"title":"BM-864763: A coin issued by Hadrian","image_urls":["https://finds.org.uk/images/jasonlundock/5128A.jpg"]},{"from":117,"to":138,"title":"WMID-C51CF4: A coin issued by Hadrian","image_urls":["https://finds.org.uk/images/tbrindle/WMID-C51CF4.jpg"]},{"from":117,"to":137,"title":"HESH-1331E1: A coin issued by Hadrian","image_urls":["https://finds.org.uk/images/preavill/HESH-1331E1.jpg"]},{"from":117,"to":138,"title":"IOW-F49944: A coin issued by Hadrian","image_urls":["https://finds.org.uk/images/fbasford/IOW2008-1-40.JPG"]},{"from":117,"to":138,"title":"SWYOR-0C38A1: A coin issued by Hadrian","image_urls":["https://finds.org.uk/images/acooper/PAS_1081_sestertius.jpg"]},{"from":117,"to":138,"title":"YORYM-C120B6: A coin issued by Hadrian","image_urls":["https://finds.org.uk/images/rebeccam/SS0177.jpg"]},{"from":117,"to":138,"title":"WILT-C90F94: A coin issued by Hadrian","image_urls":["https://finds.org.uk/images/janehanbidge/WILT-C90F94.jpg"]},{"from":117,"to":138,"title":"DEV-F1F0E2: A coin issued by Hadrian","image_urls":["https://finds.org.uk/images/dwootton/devf1foel.jpg"]},{"from":117,"to":138,"title":"DENO-3F7352: A coin issued by Hadrian","image_urls":["https://finds.org.uk/images/arohde/E6422%2003%20as.jpg"]},{"from":117,"to":138,"title":"WILT-89B864: A coin issued by Hadrian","image_urls":["https://finds.org.uk/images/rhenry2/WILT-89B864.jpg"]},{"from":117,"to":138,"title":"NMGW-539B93: A coin issued by Hadrian","image_urls":["https://finds.org.uk/images/sianw/2006.55.6.jpg"]},{"from":117,"to":138,"title":"KENT-128B14: A coin issued by Hadrian","image_urls":["https://finds.org.uk/images/jjackson/KENT-128B14.jpg"]},{"from":117,"to":138,"title":"SWYOR-BF39F6: A coin issued by Hadrian","image_urls":["https://finds.org.uk/images/amarshall/serstertius1a.jpg"]},{"from":117,"to":138,"title":"DENO-549B94: A coin issued by Hadrian","image_urls":["https://finds.org.uk/images/ratherton/E6879%20clifford%20hadrian%20den.JPG"]},{"from":117,"to":117,"title":"LEIC-BCC322: A coin issued by Hadrian","image_urls":["https://finds.org.uk/images/wscott/DBCC322.JPG"]},{"from":117,"to":138,"title":"ESS-9A9F0C: A coin issued by Hadrian","image_urls":["https://finds.org.uk/images/ellyfair/ESS-9A9F0C.jpg"]},{"from":117,"to":138,"title":"BERK-C01CE5: A coin issued by Hadrian","image_urls":["https://finds.org.uk/images/abyard/DJones2010158.JPG"]},{"from":117,"to":138,"title":"BUC-92D1D6: A coin issued by Hadrian","image_urls":["https://finds.org.uk/images/jmoss/DSCN5891.JPG"]},{"from":117,"to":138,"title":"NMGW-5CC632: A coin issued by Hadrian","image_urls":["https://finds.org.uk/images/wenkedomscheit/20141601jpg.jpg"]},{"from":117,"to":138,"title":"SUR-7582E7: A coin issued by Hadrian","image_urls":["https://finds.org.uk/images/dwilliams/11-1569.JPG"]},{"from":117,"to":138,"title":"ESS-54DF55: A coin issued by Hadrian","image_urls":["https://finds.org.uk/images/kmarsden/ESS-54DD55.jpg"]},{"from":117,"to":138,"title":"HAMP-102874: A coin issued by Hadrian","image_urls":["https://finds.org.uk/images/rhenry/HAMP-102874.jpg"]},{"from":117,"to":138,"title":"WILT-8E6A13: A coin issued by Hadrian","image_urls":["https://finds.org.uk/images/awillis/WILT-8E6A13.jpg"]},{"from":117,"to":117,"title":"LANCUM-A54235: A coin issued by Hadrian","image_urls":["https://finds.org.uk/images/dboughton/LVMDPDA54235.jpg"]},{"from":117,"to":138,"title":"SUR-B3DA62: A coin issued by Hadrian","image_urls":["https://finds.org.uk/images/margaretb/12-1448.JPG"]},{"from":117,"to":161,"title":"LIN-763442: A coin issued by Hadrian","image_urls":["https://finds.org.uk/images/adaubney/LIN2011-1320.jpg"]},{"from":117,"to":138,"title":"FAPJW-3A1AE1: A coin issued by Hadrian","image_urls":["https://finds.org.uk/images/pwalton/7051.jpg"]},{"from":117,"to":138,"title":"IOW-8D6A35: A coin issued by Hadrian","image_urls":["https://finds.org.uk/images/fbasford/IOW2009-1-472.JPG"]},{"from":117,"to":117,"title":"LIN-80BD65: A coin issued by Trajan","image_urls":["https://finds.org.uk/images/adaubney/LIN7393.JPG"]},{"from":117,"to":138,"title":"PUBLIC-E60D75: A coin issued by Hadrian","image_urls":["https://finds.org.uk/images/calow1/FLE12.%20245.JPG"]},{"from":117,"to":138,"title":"LANCUM-080619: A coin issued by Hadrian","image_urls":["https://finds.org.uk/images/dboughton/THTT080619.jpg"]},{"from":117,"to":138,"title":"SUR-3584C7: A coin issued by Hadrian","image_urls":["https://finds.org.uk/images/dwilliams/07.835.JPG"]},{"from":117,"to":161,"title":"IOW-451F54: A coin issued by Hadrian","image_urls":["https://finds.org.uk/images/fbasford/IOW2006-100-1.jpg"]},{"from":117,"to":138,"title":"DEV-E0D1F3: A coin issued by Hadrian","image_urls":["https://finds.org.uk/images/ncorey/DEV-E0D1F3.jpg"]},{"from":117,"to":138,"title":"CORN-FA1542: A coin issued by Hadrian","image_urls":["https://finds.org.uk/images/atyacke/Septemfinds%20009.jpg"]},{"from":117,"to":122,"title":"PAS-41AD93: A coin issued by Hadrian","image_urls":["https://finds.org.uk/images/rwebley2/PAS41AD93.JPG"]},{"from":117,"to":138,"title":"SUSS-DF4907: A coin issued by Hadrian","image_urls":["https://finds.org.uk/images/lburnett/SUSS-DF4907.JPG"]},{"from":117,"to":117,"title":"NCL-5F3843: A coin issued by Hadrian","image_urls":["https://finds.org.uk/images/pwalton/1089.jpg"]},{"from":117,"to":138,"title":"SWYOR-79C5D1: A coin issued by Hadrian","image_urls":["https://finds.org.uk/images/acooper/PAS%20609%20hadrian.jpg"]},{"from":117,"to":138,"title":"SOM-B11455: A coin issued by Hadrian","image_urls":["https://finds.org.uk/images/elburnett/SOM-B11455.JPG"]},{"from":117,"to":125,"title":"SUSS-63B242: A coin issued by Hadrian","image_urls":["https://finds.org.uk/images/lburnett/SUSS-63B242.JPG"]},{"from":117,"to":138,"title":"CORN-ACC363: A coin issued by Hadrian","image_urls":["https://finds.org.uk/images/atyacke/Aprilfinds%20021.jpg"]},{"from":117,"to":138,"title":"NMS-58CB23: A coin issued by Sabina","image_urls":["https://finds.org.uk/images/amarsden/NMD092012sabinadenarius.jpg"]},{"from":117,"to":138,"title":"PUBLIC-E341D0: A coin issued by Hadrian","image_urls":["https://finds.org.uk/images/simj3/2009.145.1i.jpg"]},{"from":117,"to":138,"title":"DENO-75E310: A coin issued by Hadrian","image_urls":["https://finds.org.uk/images/cburrill2/E7631_Roman_Denarius.jpg"]},{"from":117,"to":138,"title":"KENT-35C323: A coin issued by Hadrian","image_urls":["https://finds.org.uk/images/gburr/DSCN5421.JPG"]},{"from":117,"to":138,"title":"SUR-992422: A coin issued by Hadrian","image_urls":["https://finds.org.uk/images/dwilliams/B10.112.jpg"]},{"from":117,"to":138,"title":"SUR-F43283: A coin issued by Hadrian","image_urls":["https://finds.org.uk/images/dwilliams/07.697.JPG"]},{"from":117,"to":138,"title":"BERK-7CEA81: A coin issued by Hadrian","image_urls":["https://finds.org.uk/images/plevick/Y114.jpg"]},{"from":117,"to":192,"title":"PUBLIC-6A7509: A coin issued by Antonine (uncertain)","image_urls":["https://finds.org.uk/images/calow1/FLE14.%20774.JPG"]},{"from":117,"to":138,"title":"IOW-CE9FD3: A coin issued by Hadrian","image_urls":["https://finds.org.uk/images/fbasford/IOW2008-1-403.JPG"]},{"from":117,"to":138,"title":"HAMP-2EA3A3: A coin issued by Hadrian","image_urls":["https://finds.org.uk/images/rwebley/HAMP-2EA3A3HadrianAs.jpg"]},{"from":117,"to":138,"title":"YORYM-6EC322: A coin issued by Hadrian","image_urls":["https://finds.org.uk/images/sholmes/6EC322obv.jpg"]},{"from":117,"to":138,"title":"LEIC-BF85E6: A coin issued by Hadrian","image_urls":["https://finds.org.uk/images/wscott/BF85E6%20.JPG"]},{"from":117,"to":138,"title":"DENO-9D7CE6: A coin issued by Hadrian","image_urls":["https://finds.org.uk/images/ratherton/E4402%20sest.jpg"]},{"from":117,"to":138,"title":"SUR-649A76: A coin issued by Hadrian","image_urls":["https://finds.org.uk/images/dwilliams/11-391.jpg"]},{"from":117,"to":138,"title":"LEIC-889C67: A coin issued by Hadrian","image_urls":["https://finds.org.uk/images/philharding/CAD2579c.jpg"]},{"from":117,"to":138,"title":"BERK-9FB9D1: A coin issued by Hadrian","image_urls":["https://finds.org.uk/images/abyard/2011223.jpg"]},{"from":117,"to":138,"title":"FAPJW-62F6B4: A coin issued by Hadrian","image_urls":["https://finds.org.uk/images/pwalton/5325.jpg"]},{"from":117,"to":192,"title":"PUBLIC-BD6FB2: A coin issued by Antonine (uncertain)","image_urls":["https://finds.org.uk/images/calow1/FLE14.%20641.JPG"]},{"from":117,"to":138,"title":"LEIC-BF4991: A coin issued by Hadrian","image_urls":["https://finds.org.uk/images/wscott/BF4991.JPG"]},{"from":117,"to":138,"title":"NARC-23F487: A coin issued by Hadrian","image_urls":["https://finds.org.uk/images/jcassidy/NARC-23F487%20b.jpg"]},{"from":117,"to":138,"title":"LANCUM-99EC83: A coin issued by Hadrian","image_urls":["https://finds.org.uk/images/dboughton/THJB99EC83.jpg"]},{"from":117,"to":138,"title":"NMGW-8029F4: A coin issued by Hadrian","image_urls":["https://finds.org.uk/images/sianw/20061341.jpg"]},{"from":117,"to":138,"title":"LEIC-82F697: A coin issued by Hadrian","image_urls":["https://finds.org.uk/images/annab/LEIC-82F697.jpg"]},{"from":117,"to":124,"title":"BM-FC1EC2: A coin issued by Hadrian","image_urls":["https://finds.org.uk/images/jasonlundock/5606.jpg"]},{"from":117,"to":192,"title":"PUBLIC-DF62A2: A coin issued by Uncertain - 1st/2nd Century AD","image_urls":["https://finds.org.uk/images/calow1/FLE14.%20820.JPG"]},{"from":117,"to":138,"title":"DUR-D11E65: A coin issued by Hadrian","image_urls":["https://finds.org.uk/images/frances/DUR-D11E65.jpg"]},{"from":117,"to":138,"title":"FASAM-239882: A coin issued by Hadrian","image_urls":["https://finds.org.uk/images/sam/438.jpg"]},{"from":117,"to":138,"title":"YORYM-5315B7: A coin issued by Hadrian","image_urls":["https://finds.org.uk/images/law/CA0009.jpg"]},{"from":117,"to":138,"title":"NCL-FA4EE5: A coin issued by Hadrian","image_urls":["https://finds.org.uk/images/rcollins/Pattison%20Rom%201.jpg"]},{"from":117,"to":138,"title":"IOW-8C74A5: A coin issued by Hadrian","image_urls":["https://finds.org.uk/images/fbasford/IOW2012-1-275.JPG"]},{"from":117,"to":138,"title":"SUR-BD7720: A coin issued by Hadrian","image_urls":["https://finds.org.uk/images/dwilliams/11-660.jpg"]},{"from":117,"to":138,"title":"ESS-85786B: A coin issued by Hadrian","image_urls":["https://finds.org.uk/images/bpaites/ESS85786BHadrian.jpg"]},{"from":117,"to":117,"title":"LEIC-050350: A coin issued by Hadrian","image_urls":["https://finds.org.uk/images/wscott/050350.JPG"]},{"from":117,"to":122,"title":"SUSS-318C82: A coin issued by Hadrian","image_urls":["https://finds.org.uk/images/lburnett/SUSS-318C82.JPG"]},{"from":117,"to":138,"title":"SWYOR-211CE6: A coin issued by Hadrian","image_urls":["https://finds.org.uk/images/acooper/PAS_2184_Roman_coin.jpg"]},{"from":117,"to":138,"title":"SUR-0F12F4: A coin issued by Hadrian","image_urls":["https://finds.org.uk/images/margaretb/14-536.JPG"]},{"from":117,"to":138,"title":"WMID-9712A9: A coin issued by Hadrian","image_urls":["https://finds.org.uk/images/tgilmore/WMID9712A9.jpg"]},{"from":117,"to":138,"title":"LEIC-031D44: A coin issued by Hadrian","image_urls":["https://finds.org.uk/images/wscott/031D44.JPG"]},{"from":117,"to":138,"title":"SUR-BD7071: A coin issued by Hadrian","image_urls":["https://finds.org.uk/images/dwilliams/11-1167.jpg"]},{"from":117,"to":138,"title":"SUR-35C722: A coin issued by Hadrian","image_urls":["https://finds.org.uk/images/dwilliams/07.836.JPG"]},{"from":117,"to":138,"title":"LANCUM-C8AB98: A coin issued by Hadrian","image_urls":["https://finds.org.uk/images/dboughton/SRMGRC8AB98.jpg"]},{"from":117,"to":161,"title":"SOM-A21184: A coin issued by Hadrian","image_urls":["https://finds.org.uk/images/elburnett/SOM-A21184.JPG"]},{"from":117,"to":117,"title":"NCL-01ABB4: A coin issued by Hadrian","image_urls":["https://finds.org.uk/images/pwalton/1085.jpg"]},{"from":117,"to":161,"title":"ESS-974718: A coin issued by Antoninus Pius","image_urls":["https://finds.org.uk/images/lmclean/5505a.jpg"]},{"from":117,"to":138,"title":"HAMP-F0EB34: A coin issued by Hadrian","image_urls":["https://finds.org.uk/images/rhenry/HAMP-F0EB34.jpg"]},{"from":117,"to":138,"title":"SUSS-748EC7: A coin issued by Hadrian","image_urls":["https://finds.org.uk/images/saehoile/SUSS-748EC7.jpg"]},{"from":117,"to":138,"title":"WILT-913961: A coin issued by Hadrian","image_urls":["https://finds.org.uk/images/awillis/WILT-913961.jpg"]},{"from":117,"to":138,"title":"KENT-ED0E48: A coin issued by Hadrian","image_urls":["https://finds.org.uk/images/cchestnutt/KENTED0E48.jpg"]},{"from":117,"to":138,"title":"KENT-B75AF6: A coin issued by Hadrian","image_urls":["https://finds.org.uk/images/arichardson/PAK203-070%20copy.jpg"]},{"from":117,"to":138,"title":"WILT-A34BE2: A coin issued by Hadrian","image_urls":["https://finds.org.uk/images/rhenry2/WILT-A34BE2.jpg"]},{"from":117,"to":125,"title":"DEV-C7DE70: A coin issued by Hadrian","image_urls":["https://finds.org.uk/images/dwootton/DEV-C7DE70-R57%20COMPLETED.jpg"]},{"from":117,"to":138,"title":"IOW-0EDE12: A coin issued by Hadrian","image_urls":["https://finds.org.uk/images/fbasford/IOW2009-1-594.JPG"]},{"from":117,"to":138,"title":"WILT-528973: A coin issued by Hadrian","image_urls":["https://finds.org.uk/images/awillis/WILT-528973.jpg"]},{"from":117,"to":138,"title":"IOW-E9AEF8: A coin issued by Hadrian","image_urls":["https://finds.org.uk/images/fbasford/IOW2013-5-174.JPG"]},{"from":117,"to":138,"title":"IOW-75DE06: A coin issued by Hadrian","image_urls":["https://finds.org.uk/images/fbasford/IOW2007-1-154.JPG"]},{"from":117,"to":192,"title":"BUC-E9AC36: A coin issued by Antonine (uncertain)","image_urls":["https://finds.org.uk/images/lbuckley/DSCN8936.JPG"]},{"from":117,"to":138,"title":"WILT-910FC2: A coin issued by Hadrian","image_urls":["https://finds.org.uk/images/awillis/WILT-91DFC2.jpg"]},{"from":117,"to":138,"title":"BH-34AC60: A coin issued by Hadrian","image_urls":["https://finds.org.uk/images/jwatters/Roman_coin_13_43_6.jpg"]},{"from":117,"to":138,"title":"SUR-8F5F96: A coin issued by Hadrian","image_urls":["https://finds.org.uk/images/dwilliams/12-654.JPG"]},{"from":117,"to":138,"title":"IOW-111721: A coin issued by Hadrian","image_urls":["https://finds.org.uk/images/fbasford/IOW2009-1-602.JPG"]},{"from":117,"to":138,"title":"YORYM-B7BBE6: A coin issued by Hadrian","image_urls":["https://finds.org.uk/images/law/BL0933.jpg"]},{"from":117,"to":192,"title":"NARC-D103B3: A coin issued by Hadrian","image_urls":["https://finds.org.uk/images/jcassidy/NARC-D103B3%20b.jpg"]},{"from":117,"to":138,"title":"BERK-30BD98: A coin issued by Hadrian","image_urls":["https://finds.org.uk/images/plevick/TICKET%20109%20-%20Sat%2001.09.07%20-%20Roman%20Coin%20XXSestertius.jpg"]},{"from":117,"to":138,"title":"BERK-118AD3: A coin issued by Hadrian","image_urls":["https://finds.org.uk/images/abyard/2011803.jpg"]},{"from":117,"to":138,"title":"NLM-68A266: A coin issued by Hadrian","image_urls":["https://finds.org.uk/images/mforeman/NLM25769.jpg"]},{"from":117,"to":138,"title":"LANCUM-330790: A coin issued by Hadrian","image_urls":["https://finds.org.uk/images/dboughton/LVMDJF330790.jpg"]},{"from":117,"to":138,"title":"WILT-A29B72: A coin issued by Hadrian","image_urls":["https://finds.org.uk/images/rhenry2/WILT-A29B72.jpg"]},{"from":117,"to":138,"title":"SUSS-3A1C82: A coin issued by Hadrian","image_urls":["https://finds.org.uk/images/stephaniesmith/SUSS-3A1C82.jpg"]},{"from":117,"to":138,"title":"DOR-379DE0: A coin issued by Hadrian","image_urls":["https://finds.org.uk/images/caht/379DE0.jpg"]},{"from":117,"to":122,"title":"PUBLIC-B770F1: A coin issued by Hadrian","image_urls":["https://finds.org.uk/images/bish/Hadrian%20sestertius%20rev.jpg"]},{"from":117,"to":190,"title":"LVPL-5C3E63: A coin issued by Uncertain - 1st/2nd Century AD","image_urls":["https://finds.org.uk/images/tgilmore/LVPL-5C3E63.jpg"]},{"from":117,"to":192,"title":"CORN-04A4D7: A coin issued by Antonine (uncertain)","image_urls":["https://finds.org.uk/images/atyacke/Jan10finz%20010.jpg"]},{"from":117,"to":138,"title":"PUBLIC-5EBDE3: A coin issued by Hadrian","image_urls":["https://finds.org.uk/images/calow1/FLE12.%20288.JPG"]},{"from":117,"to":138,"title":"SUR-BD3CE1: A coin issued by Hadrian","image_urls":["https://finds.org.uk/images/dwilliams/11-1166.jpg"]},{"from":117,"to":119,"title":"WILT-7F7F43: A coin issued by Hadrian","image_urls":["https://finds.org.uk/images/spam05/WILT-7F7F43.jpg"]},{"from":117,"to":138,"title":"SUR-EE8DD4: A coin issued by Hadrian","image_urls":["https://finds.org.uk/images/margaretb/11-1023.jpg"]},{"from":117,"to":122,"title":"PUBLIC-72D87C: A coin issued by Hadrian","image_urls":["https://finds.org.uk/images/calow1/FLE14.%20737.JPG"]},{"from":117,"to":138,"title":"DEV-5717E6: A coin issued by Sabina","image_urls":["https://finds.org.uk/images/dwootton/DEV-5717E6%20Sabina%20sestertius.jpg"]},{"from":117,"to":180,"title":"NARC-1A3857: A coin issued by Marcus Aurelius (as Augustus)","image_urls":["https://finds.org.uk/images/jcassidy/NARC-1A3857.jpg"]},{"from":117,"to":138,"title":"FAPJW-BA8D62: A coin issued by Hadrian","image_urls":["https://finds.org.uk/images/pwalton/4592.jpg"]},{"from":117,"to":138,"title":"IOW-3F73E2: A coin issued by Hadrian","image_urls":["https://finds.org.uk/images/fbasford/IOW2012-4-355a.JPG"]},{"from":117,"to":122,"title":"HESH-6B67D7: A coin issued by Hadrian","image_urls":["https://finds.org.uk/images/preavill/HESH-6B67D7.jpg"]},{"from":117,"to":138,"title":"SWYOR-352732: A coin issued by Hadrian","image_urls":["https://finds.org.uk/images/acooper/Aberford%203.jpg"]},{"from":117,"to":138,"title":"SUR-998712: A coin issued by Hadrian","image_urls":["https://finds.org.uk/images/dwilliams/B13-516.JPG"]},{"from":117,"to":138,"title":"LANCUM-D791A1: A coin issued by Hadrian","image_urls":["https://finds.org.uk/images/dboughton/LVKSD791A1.jpg"]},{"from":117,"to":138,"title":"NCL-079152: A coin issued by Hadrian","image_urls":["https://finds.org.uk/images/pwalton/1077.jpg"]},{"from":117,"to":138,"title":"HAMP-A553F2: A coin issued by Hadrian","image_urls":["https://finds.org.uk/images/rwebley/HAMP-A553F2Hadriansestertius.jpg"]},{"from":117,"to":138,"title":"KENT-63C263: A coin issued by Hadrian","image_urls":["https://finds.org.uk/images/gburr/DSCN5311.JPG"]},{"from":117,"to":180,"title":"PUBLIC-00B6F5: A coin issued by Antonine (uncertain)","image_urls":["https://finds.org.uk/images/calow1/FLE13.449.JPG"]},{"from":117,"to":138,"title":"BERK-3FB6F6: A coin issued by Hadrian","image_urls":["https://finds.org.uk/images/abyard/townsend%20edited.jpg"]},{"from":117,"to":138,"title":"NCL-0F2203: A coin issued by Hadrian","image_urls":["https://finds.org.uk/images/rcollins/NCL-0F2203.JPG"]},{"from":117,"to":138,"title":"CORN-837508: A coin issued by Hadrian","image_urls":["https://finds.org.uk/images/atyacke/April14finz002.JPG"]},{"from":117,"to":138,"title":"ESS-0EA9E3: A coin issued by Hadrian","image_urls":["https://finds.org.uk/images/lmclean/ESS-0EA9E3.jpg"]},{"from":117,"to":138,"title":"LIN-D2FBD1: A coin issued by Hadrian","image_urls":["https://finds.org.uk/images/adaubney/LIN7141.JPG"]},{"from":117,"to":138,"title":"LEIC-C5DB03: A coin issued by Hadrian","image_urls":["https://finds.org.uk/images/wscott/C5DB03.JPG"]},{"from":117,"to":138,"title":"NCL-CCB5D6: A coin with an unrecorded/uncertain issuer.","image_urls":["https://finds.org.uk/images/pwalton/1444.jpg"]},{"from":117,"to":121,"title":"SUSS-FC2B45: A coin issued by Hadrian","image_urls":["https://finds.org.uk/images/lburnett/SUSS-FC2B45.JPG"]},{"from":117,"to":138,"title":"YORYM-6C8E31: A coin issued by Hadrian","image_urls":["https://finds.org.uk/images/sholmes/6C8E31obv.jpg"]},{"from":117,"to":138,"title":"SWYOR-5D7DB0: A coin issued by Hadrian","image_urls":["https://finds.org.uk/images/acooper/PAS_1896_sestertius.jpg"]},{"from":117,"to":138,"title":"NCL-C00366: A coin issued by Hadrian","image_urls":["https://finds.org.uk/images/pwalton/1165.jpg"]},{"from":117,"to":138,"title":"SUSS-C122B8: A coin issued by Hadrian","image_urls":["https://finds.org.uk/images/lwilson/1-66%20j.jpg"]},{"from":117,"to":138,"title":"IOW-F09032: A coin issued by Hadrian","image_urls":["https://finds.org.uk/images/fbasford/IOW2011-4-1.JPG"]},{"from":117,"to":138,"title":"PUBLIC-6A3983: A coin issued by Hadrian","image_urls":["https://finds.org.uk/images/calow1/FLE14.%20767.JPG"]},{"from":117,"to":138,"title":"NCL-217A93: A coin issued by Hadrian","image_urls":["https://finds.org.uk/images/pwalton/ncl-217a93.jpg"]},{"from":117,"to":138,"title":"LIN-4F2331: A coin issued by Hadrian","image_urls":["https://finds.org.uk/images/adaubney/LIN9922.jpg"]},{"from":117,"to":138,"title":"NMGW-708BF0: A coin issued by Hadrian","image_urls":["https://finds.org.uk/images/wenkedomscheit/2013.136.3jpg.jpg"]},{"from":117,"to":138,"title":"YORYM-7F2715: A coin issued by Hadrian","image_urls":["https://finds.org.uk/images/law/DSY0070.jpg"]},{"from":117,"to":135,"title":"CAM-5FE8A7: A coin issued by Hadrian","image_urls":["https://finds.org.uk/images/hfowler/CAM-5FE8A7.jpg"]},{"from":117,"to":138,"title":"CORN-50569A: A coin issued by Hadrian","image_urls":["https://finds.org.uk/images/atyacke/May15finds073.JPG"]},{"from":117,"to":138,"title":"SUSS-AB710E: A coin issued by Hadrian","image_urls":["https://finds.org.uk/images/stephaniesmith/SUSSAB710E.jpg"]},{"from":117,"to":138,"title":"PUBLIC-C2D0E3: A coin issued by Hadrian","image_urls":["https://finds.org.uk/images/rogerthomas/108.jpg"]},{"from":117,"to":138,"title":"NMGW-2D0F36: A coin issued by Hadrian","image_urls":["https://finds.org.uk/images/mlodwick/2009.14.6.jpg"]},{"from":117,"to":138,"title":"NCL-5976D3: A coin issued by Hadrian","image_urls":["https://finds.org.uk/images/rcollins/NCL-5976D3.JPG"]},{"from":117,"to":192,"title":"CORN-2D8112: A coin issued by Antonine (uncertain)","image_urls":["https://finds.org.uk/images/atyacke/November10finds%20019.jpg"]},{"from":117,"to":161,"title":"PUBLIC-3B4555: A coin issued by Hadrian","image_urls":["https://finds.org.uk/images/calow1/FLE12.362.JPG"]},{"from":117,"to":138,"title":"LANCUM-EACE90: A coin issued by Hadrian","image_urls":["https://finds.org.uk/images/dboughton/LVMDMLEACE90.jpg"]},{"from":117,"to":138,"title":"LANCUM-66F566: A coin issued by Hadrian","image_urls":["https://finds.org.uk/images/neanore/LANCUM-66F566.jpg"]},{"from":117,"to":180,"title":"HESH-531DF1: A coin issued by Antoninus Pius","image_urls":["https://finds.org.uk/images/preavill/HESH-531DF1.jpg"]},{"from":117,"to":138,"title":"WILT-8E6113: A coin issued by Hadrian","image_urls":["https://finds.org.uk/images/catherineo92/WILT-8E6113.jpg"]},{"from":117,"to":122,"title":"PUBLIC-E620A6: A coin issued by Hadrian","image_urls":["https://finds.org.uk/images/calow1/FLE13.539.JPG"]},{"from":117,"to":138,"title":"WMID-4DC971: A coin issued by Hadrian","image_urls":["https://finds.org.uk/images/rhenry4/WMID-4DC971.jpg"]},{"from":117,"to":138,"title":"HAMP-A67BB1: A coin issued by Hadrian","image_urls":["https://finds.org.uk/images/khindshamp/HAMPA67BB1.jpg"]},{"from":117,"to":138,"title":"DENO-4517A0: A coin issued by Hadrian","image_urls":["https://finds.org.uk/images/ratherton/E6247%20hancock%20x%20sest%202.jpg"]},{"from":117,"to":138,"title":"LVPL-F22018: A coin issued by Hadrian","image_urls":["https://finds.org.uk/images/fmcintosh/pay%20118.jpg"]},{"from":117,"to":138,"title":"LANCUM-536466: A coin issued by Hadrian","image_urls":["https://finds.org.uk/images/dboughton/PMDSestertiusBorwick1ab.jpg"]},{"from":117,"to":138,"title":"IOW-32CFF2: A coin issued by Hadrian","image_urls":["https://finds.org.uk/images/fbasford/IOW2011-4-158.JPG"]},{"from":117,"to":138,"title":"LIN-970A74: A coin issued by Hadrian","image_urls":["https://finds.org.uk/images/adaubney/LIN9135.jpg"]},{"from":117,"to":118,"title":"IOW-9A1532: A coin issued by Hadrian","image_urls":["https://finds.org.uk/images/fbasford/IOW2010-1-65.JPG"]},{"from":117,"to":138,"title":"LIN-B99D26: A coin issued by Claudius","image_urls":["https://finds.org.uk/images/adaubney/LIN9562.jpg"]},{"from":117,"to":138,"title":"DENO-74D1B3: A coin issued by Hadrian","image_urls":["https://finds.org.uk/images/ratherton/E6575%20smith%20risley%20dup%20as.jpg"]},{"from":117,"to":138,"title":"NMGW-25062B: A coin issued by Hadrian","image_urls":["https://finds.org.uk/images/wenkedomscheit/20146315jpg.jpg"]},{"from":117,"to":138,"title":"PUBLIC-E17373: A coin issued by Hadrian","image_urls":["https://finds.org.uk/images/calow1/FLE12.%20223.JPG"]},{"from":117,"to":122,"title":"WILT-56AE6E: A coin issued by Hadrian","image_urls":["https://finds.org.uk/images/jshoemark/WILT-56AE6E.jpg"]},{"from":117,"to":138,"title":"YORYM-C0F010: A coin issued by Hadrian","image_urls":["https://finds.org.uk/images/rebeccam/SS0174.jpg"]},{"from":117,"to":122,"title":"PUBLIC-0C91F9: A coin issued by Hadrian","image_urls":["https://finds.org.uk/images/calow1/FLE14948.JPG"]},{"from":117,"to":138,"title":"SF-0A23E5: A coin issued by Hadrian","image_urls":["https://finds.org.uk/images/annab/CDD_SF0A23E5.jpg"]},{"from":117,"to":138,"title":"PUBLIC-E52138: A coin issued by Hadrian","image_urls":["https://finds.org.uk/images/calow1/FLE13.440.JPG"]},{"from":117,"to":138,"title":"NARC-168622: A coin issued by Hadrian","image_urls":["https://finds.org.uk/images/jcassidy/NARC-168622%20b.jpg"]},{"from":117,"to":138,"title":"DENO-885BE8: A coin issued by Hadrian","image_urls":["https://finds.org.uk/images/cburrill2/E7074_G_RomanDenarius2.jpg"]},{"from":117,"to":138,"title":"HESH-ADE2E2: A coin issued by Hadrian","image_urls":["https://finds.org.uk/images/preavill/HESH-ADE2E2.jpg"]},{"from":117,"to":138,"title":"WILT-94DF33: A coin issued by Hadrian","image_urls":["https://finds.org.uk/images/jshoemark/WILT-94DF33.jpg"]},{"from":117,"to":138,"title":"PUBLIC-A41F60: A coin issued by Hadrian","image_urls":["https://finds.org.uk/images/calow1/FLE13.485.JPG"]},{"from":117,"to":211,"title":"SOM-2E1918: A coin issued by Antonine (uncertain)","image_urls":["https://finds.org.uk/images/elburnett/SOM2E1918.JPG"]},{"from":117,"to":138,"title":"NCL-8A2E00: A coin issued by Hadrian","image_urls":["https://finds.org.uk/images/pwalton/619.jpg"]},{"from":117,"to":138,"title":"SOM-910E70: A coin issued by Hadrian","image_urls":["https://finds.org.uk/images/rwebley2/SOM-910E70.jpg"]},{"from":117,"to":138,"title":"IOW-432615: A coin issued by Hadrian","image_urls":["https://finds.org.uk/images/fbasford/IOW2014-4-152.JPG"]},{"from":117,"to":125,"title":"DEV-E6B3F4: A coin issued by Hadrian","image_urls":["https://finds.org.uk/images/dwootton/DEV-%20E6B3F4.jpg"]},{"from":117,"to":138,"title":"YORYM-435710: A coin issued by Hadrian","image_urls":["https://finds.org.uk/images/yorkvol/LCD0018.jpg"]},{"from":117,"to":138,"title":"LIN-1E1DB6: A coin issued by Hadrian","image_urls":["https://finds.org.uk/images/adaubney/LIN3910.jpg"]},{"from":117,"to":138,"title":"SWYOR-177E12: A coin issued by Hadrian","image_urls":["https://finds.org.uk/images/acooper/PAS_716_plated_denarius.jpg"]},{"from":117,"to":138,"title":"LANCUM-486866: A coin issued by Hadrian","image_urls":["https://finds.org.uk/images/dboughton/LCMVB486866.jpg"]},{"from":117,"to":122,"title":"IOW-726091: A coin issued by Hadrian","image_urls":["https://finds.org.uk/images/fbasford/IOW2012-4-326.JPG"]},{"from":117,"to":138,"title":"NLM-833F95: A coin issued by Hadrian","image_urls":["https://finds.org.uk/images/mforeman/NLM19042.jpg"]},{"from":117,"to":138,"title":"SWYOR-4EE043: A coin issued by Hadrian","image_urls":["https://finds.org.uk/images/acooper/PAS_1204_coin.jpg"]},{"from":117,"to":138,"title":"LANCUM-2CA755: A coin issued by Hadrian","image_urls":["https://finds.org.uk/images/dboughton/SRMGR2CA755.jpg"]},{"from":117,"to":161,"title":"IOW-0270A4: A coin issued by Hadrian","image_urls":["https://finds.org.uk/images/fbasford/IOW2010-2-96.JPG"]},{"from":117,"to":120,"title":"FASAM-2388F1: A coin issued by Hadrian","image_urls":["https://finds.org.uk/images/sam/437.jpg"]},{"from":117,"to":138,"title":"WMID-DE5764: A coin issued by Hadrian","image_urls":["https://finds.org.uk/images/cjohnson/WMID-DE5764.jpg"]},{"from":117,"to":138,"title":"WILT-C8C653: A coin issued by Hadrian","image_urls":["https://finds.org.uk/images/khinds/PhilRB.jpg"]},{"from":117,"to":138,"title":"SOM-576318: A coin issued by Hadrian","image_urls":["https://finds.org.uk/images/npayne/576318.jpg"]},{"from":117,"to":117,"title":"NLM-ECD671: A coin issued by Hadrian","image_urls":["https://finds.org.uk/images/mforeman/NLM18382.jpg"]},{"from":117,"to":192,"title":"CORN-73D6F2: A coin issued by Marcus Aurelius (as Caesar)","image_urls":["https://finds.org.uk/images/atyacke/Feb10finds%20019.jpg"]},{"from":117,"to":117,"title":"BH-FA0FF1: A coin issued by Hadrian","image_urls":["https://finds.org.uk/images/jwatters/Roman%20coin%2008%2092%20-%201.jpg"]},{"from":117,"to":122,"title":"PUBLIC-BD1FA8: A coin issued by Hadrian","image_urls":["https://finds.org.uk/images/calow1/FLE13.510.JPG"]},{"from":117,"to":122,"title":"SF-9D4804: A coin issued by Hadrian","image_urls":["https://finds.org.uk/images/abrown/WMH_SF-9D4804.jpg"]},{"from":117,"to":192,"title":"CORN-2D1B46: A coin issued by Antonine (uncertain)","image_urls":["https://finds.org.uk/images/atyacke/November10finds%20015.jpg"]},{"from":117,"to":117,"title":"NMGW-A6CD45: A coin issued by Hadrian","image_urls":["https://finds.org.uk/images/mlodwick/2009.62.9.jpg"]},{"from":117,"to":192,"title":"NARC-5984A0: A coin issued by Antoninus Pius","image_urls":["https://finds.org.uk/images/jcassidy/NARC-5984A0%20b.jpg"]},{"from":117,"to":138,"title":"PUBLIC-FF0836: A coin issued by Hadrian","image_urls":["https://finds.org.uk/images/calow1/FLE13.447.JPG"]},{"from":117,"to":138,"title":"SOM-2C33A7: A coin issued by Hadrian","image_urls":["https://finds.org.uk/images/elburnett/SOM-2C33A7.JPG"]},{"from":117,"to":138,"title":"LIN-3CB183: A coin issued by Hadrian","image_urls":["https://finds.org.uk/images/adaubney/131.jpg"]},{"from":117,"to":122,"title":"ESS-427460: A coin issued by Hadrian","image_urls":["https://finds.org.uk/images/lmclean/ESS-427460%20Roman%20Coin%20denarius%20of%20Hadrian.jpg"]},{"from":117,"to":122,"title":"PUBLIC-7E575D: A coin issued by Hadrian","image_urls":["https://finds.org.uk/images/calow1/FLE151125.JPG"]},{"from":117,"to":138,"title":"HAMP-A6811C: A coin issued by Hadrian","image_urls":["https://finds.org.uk/images/khindshamp/HAMPA6811C.jpg"]},{"from":117,"to":138,"title":"LANCUM-1BA8C6: A coin issued by Hadrian","image_urls":["https://finds.org.uk/images/dboughton/SRMGR1BA8C6.jpg"]},{"from":117,"to":138,"title":"SWYOR-53D845: A coin issued by Hadrian","image_urls":["https://finds.org.uk/images/wakefield/PAS_2120_denarius.jpg"]},{"from":117,"to":138,"title":"NLM-58B635: A coin issued by Hadrian","image_urls":["https://finds.org.uk/images/mforeman/NLM14317.jpg"]},{"from":117,"to":138,"title":"YORYM-C70817: A coin issued by Hadrian","image_urls":["https://finds.org.uk/images/bmorris/CH0163.jpg"]},{"from":117,"to":138,"title":"NARC-9961E3: A coin issued by Hadrian","image_urls":["https://finds.org.uk/images/jcassidy/NARC-9961E3%20b.jpg"]},{"from":117,"to":138,"title":"LANCUM-8118D1: A coin issued by Hadrian","image_urls":["https://finds.org.uk/images/fsimpson/DSCN0641.JPG"]},{"from":117,"to":138,"title":"LANCUM-9199C7: A coin issued by Hadrian","image_urls":["https://finds.org.uk/images/dboughton/KDMDRH9189F1.jpg"]},{"from":117,"to":125,"title":"NCL-C203E4: A coin issued by Hadrian","image_urls":["https://finds.org.uk/images/pwalton/1140.jpg"]},{"from":117,"to":138,"title":"SUR-276AB1: A coin issued by Hadrian","image_urls":["https://finds.org.uk/images/dwilliams/11-1653.JPG"]},{"from":117,"to":117,"title":"HAMP1635: A coin issued by Hadrian","image_urls":["https://finds.org.uk/images/sworrell/hamp%201635a.jpg"]},{"from":117,"to":138,"title":"NCL-882AD8: A coin issued by Hadrian","image_urls":["https://finds.org.uk/images/pwalton/849.jpg"]},{"from":117,"to":138,"title":"HAMP-B0EB47: A coin issued by Hadrian","image_urls":["https://finds.org.uk/images/rwebley/HAMP-B0EB47Hadriandenarius.jpg"]},{"from":117,"to":138,"title":"ESS-040511: A coin issued by Hadrian","image_urls":["https://finds.org.uk/images/lmclean/KWood%20Marks%20Tay.jpg"]},{"from":117,"to":138,"title":"WILT-84E483: A coin issued by Hadrian","image_urls":["https://finds.org.uk/images/rhenry2/WILT-84E483.jpg"]},{"from":117,"to":138,"title":"FAPJW-444422: A coin issued by Hadrian","image_urls":["https://finds.org.uk/images/pwalton/1558.JPG"]},{"from":117,"to":136,"title":"NMS-3D9088: A coin issued by Sabina","image_urls":["https://finds.org.uk/images/amarsden/AMD092014sabinadup.jpg"]},{"from":117,"to":117,"title":"SUSS-1921B7: A coin issued by Trajan","image_urls":["https://finds.org.uk/images/lwilson/DSCN1838.jpg"]},{"from":117,"to":138,"title":"IOW-4DE595: A coin issued by Hadrian","image_urls":["https://finds.org.uk/images/fbasford/IOW2010-2-586.JPG"]},{"from":117,"to":138,"title":"DEV-2D4F01: A coin issued by Hadrian","image_urls":["https://finds.org.uk/images/dwootton/DEV-%202D4F01.jpg"]},{"from":117,"to":138,"title":"SUSS-0E12D0: A coin issued by Hadrian","image_urls":["https://finds.org.uk/images/lwilson/CFS-11.jpg"]},{"from":117,"to":138,"title":"SWYOR-DE4551: A coin issued by Hadrian","image_urls":["https://finds.org.uk/images/acooper/PAS_1901_Roman_coin.jpg"]},{"from":117,"to":138,"title":"IOW-0711E5: A coin issued by Hadrian","image_urls":["https://finds.org.uk/images/fbasford/IOW2013-2-347.JPG"]},{"from":117,"to":138,"title":"PUBLIC-5E7851: A coin issued by Hadrian","image_urls":["https://finds.org.uk/images/calow1/FLE11.93.JPG"]},{"from":117,"to":138,"title":"SUR-A17DF3: A coin issued by Hadrian","image_urls":["https://finds.org.uk/images/dwilliams/B11-449.jpg"]},{"from":117,"to":138,"title":"LIN-F495A3: A coin issued by Hadrian","image_urls":["https://finds.org.uk/images/adaubney/LW119.jpg"]},{"from":117,"to":138,"title":"IOW-3624E7: A coin issued by Hadrian","image_urls":["https://finds.org.uk/images/fbasford/IOW2010-1-228.JPG"]},{"from":117,"to":138,"title":"NCL-1C7983: A coin issued by Hadrian","image_urls":["https://finds.org.uk/images/rcollins/NCL-1C7983.JPG"]},{"from":117,"to":138,"title":"SOM-11EF20: A coin issued by Hadrian","image_urls":["https://finds.org.uk/images/elburnett/SOM-11EF20.JPG"]},{"from":117,"to":138,"title":"SOMDOR-5FE256: A coin issued by Hadrian","image_urls":["https://finds.org.uk/images/npayne/5FE256.jpg"]},{"from":117,"to":138,"title":"IOW-9F8D67: A coin issued by Hadrian","image_urls":["https://finds.org.uk/images/fbasford/IOW2009-2-193.JPG"]},{"from":117,"to":138,"title":"CAM-792226: A coin issued by Hadrian","image_urls":["https://finds.org.uk/images/pjw/CAM_792226.jpg"]},{"from":117,"to":138,"title":"NCL-3CCE77: A coin issued by Hadrian","image_urls":["https://finds.org.uk/images/rcollins/NCL-3CCE77.JPG"]},{"from":117,"to":138,"title":"LEIC-AF508A: A coin issued by Hadrian","image_urls":["https://finds.org.uk/images/philharding/CAD2566c.jpg"]},{"from":117,"to":138,"title":"YORYM-EE0C33: A coin issued by Hadrian","image_urls":["https://finds.org.uk/images/yorkvol/RoD0160.jpg"]},{"from":117,"to":138,"title":"WMID-D5A356: A coin issued by Hadrian","image_urls":["https://finds.org.uk/images/tbrindle/WMID-D5A356.jpg"]},{"from":117,"to":117,"title":"WMID-229D64: A coin issued by Hadrian","image_urls":["https://finds.org.uk/images/tbrindle/WMID-229D64.jpg"]},{"from":117,"to":138,"title":"BERK-4383C3: A coin issued by Hadrian","image_urls":["https://finds.org.uk/images/abyard/2011537.jpg"]},{"from":117,"to":138,"title":"PUBLIC-934896: A coin issued by Hadrian","image_urls":["https://finds.org.uk/images/carlsav1/THMJ934896a.JPG"]},{"from":117,"to":135,"title":"BM-FBE374: A coin issued by Hadrian","image_urls":["https://finds.org.uk/images/jasonlundock/5610.jpg"]},{"from":117,"to":138,"title":"BERK-749398: A coin issued by Hadrian","image_urls":["https://finds.org.uk/images/abyard/2011237.jpg"]},{"from":117,"to":122,"title":"WAW-57CE13: A coin issued by Hadrian","image_urls":["https://finds.org.uk/images/abolton/WAW-57CE13.jpg"]},{"from":117,"to":138,"title":"SOM-B0A971: A coin issued by Hadrian","image_urls":["https://finds.org.uk/images/npayne/B0A971.JPG"]},{"from":117,"to":138,"title":"HAMP-F0F7C2: A coin issued by Hadrian","image_urls":["https://finds.org.uk/images/rhenry/HAMP-F0F7C2.jpg"]},{"from":117,"to":138,"title":"LIN-EE4A07: A coin issued by Hadrian","image_urls":["https://finds.org.uk/images/adaubney/LIN5151.JPG"]},{"from":117,"to":124,"title":"BM-53E6F1: A coin issued by Hadrian","image_urls":["https://finds.org.uk/images/jasonlundock/1518.jpg"]},{"from":117,"to":138,"title":"WILT-1A9602: A coin issued by Hadrian","image_urls":["https://finds.org.uk/images/awillis/WILT-1A9602.jpg"]},{"from":117,"to":138,"title":"FAPJW-41D415: A coin issued by Hadrian","image_urls":["https://finds.org.uk/images/pwalton/0935.JPG"]},{"from":117,"to":138,"title":"SWYOR-6C73E1: A coin issued by Hadrian","image_urls":["https://finds.org.uk/images/acooper/Wakefield_2158_sestertius.jpg"]},{"from":117,"to":117,"title":"LIN-D701F3: A coin issued by Trajan","image_urls":["https://finds.org.uk/images/adaubney/LIN2011-1006.jpg"]},{"from":117,"to":117,"title":"YORYM-E992D2: A coin issued by Hadrian","image_urls":["https://finds.org.uk/images/sholmes/E992D2obv.jpg"]},{"from":117,"to":138,"title":"CORN-BFA4B5: A coin issued by Hadrian","image_urls":["https://finds.org.uk/images/atyacke/Feb14finz021.JPG"]},{"from":117,"to":138,"title":"HESH-A394D4: A coin issued by Hadrian","image_urls":["https://finds.org.uk/images/preavill/HESH-A394D4.jpg"]},{"from":117,"to":138,"title":"NLM-40DB37: A coin issued by Hadrian","image_urls":["https://finds.org.uk/images/mforeman/NLM24262.jpg"]},{"from":117,"to":138,"title":"IOW-E76160: A coin issued by Hadrian","image_urls":["https://finds.org.uk/images/fbasford/2007%20T225-27.JPG"]},{"from":117,"to":117,"title":"DENO-630A17: A coin issued by Hadrian","image_urls":["https://finds.org.uk/images/cburrill2/E6926B_Slaney2.jpg"]},{"from":117,"to":138,"title":"PUBLIC-4D5491: A coin issued by Hadrian","image_urls":["https://finds.org.uk/images/plodite/P9140004.JPG"]},{"from":117,"to":138,"title":"DEV-C29B64: A coin issued by Hadrian","image_urls":["https://finds.org.uk/images/dwootton/DEV-C29B64-R37%20COMPLETED.jpg"]},{"from":117,"to":122,"title":"WMID-186103: A coin issued by Hadrian","image_urls":["https://finds.org.uk/images/tgilmore/WMID-186103.jpg"]},{"from":117,"to":138,"title":"LEIC-AD3652: A coin issued by Hadrian","image_urls":["https://finds.org.uk/images/annab/LEIC-AD3652.jpg"]},{"from":117,"to":138,"title":"SWYOR-70CD86: A coin issued by Hadrian","image_urls":["https://finds.org.uk/images/acooper/PAS_2452_Roman_coin.jpg"]},{"from":117,"to":138,"title":"LANCUM-1F2C62: A coin issued by Hadrian","image_urls":["https://finds.org.uk/images/dboughton/KDMDRD1F2C62.jpg"]},{"from":117,"to":138,"title":"HAMP-129D52: A coin issued by Hadrian","image_urls":["https://finds.org.uk/images/rwebley/HAMP-129D52as.jpg"]},{"from":117,"to":192,"title":"SUR-0C4AB7: A coin issued by Hadrian","image_urls":["https://finds.org.uk/images/margaretb/09.084.JPG"]},{"from":117,"to":122,"title":"SOM-BE9404: A coin issued by Hadrian","image_urls":["https://finds.org.uk/images/vickylemmens/SOM-BE9404.jpg"]},{"from":117,"to":138,"title":"DEV-C7C122: A coin issued by Hadrian","image_urls":["https://finds.org.uk/images/dwootton/DEV-C7C122-R116%20COMPLETED.jpg"]},{"from":117,"to":138,"title":"LIN-7D28A5: A coin issued by Hadrian","image_urls":["https://finds.org.uk/images/adaubney/LIN2012-837.jpg"]},{"from":117,"to":138,"title":"SUR-3672B7: A coin issued by Hadrian","image_urls":["https://finds.org.uk/images/dwilliams/07.839.JPG"]},{"from":117,"to":138,"title":"DEV-17EAF8: A coin issued by Hadrian","image_urls":["https://finds.org.uk/images/dwootton/DEV17EAF8%20checked.JPG"]},{"from":117,"to":138,"title":"LON-F40316: A coin issued by Vespasian","image_urls":["https://finds.org.uk/images/ksumnall/Young%20-%20R%20denarius%20-%20Mar%2010.jpg"]},{"from":117,"to":138,"title":"LANCUM-251745: A coin issued by Hadrian","image_urls":["https://finds.org.uk/images/dboughton/KMDCGR251745.jpg"]},{"from":117,"to":138,"title":"SUR-5317D2: A coin issued by Hadrian","image_urls":["https://finds.org.uk/images/dwilliams/10.808.JPG"]},{"from":117,"to":138,"title":"NCL-884EF6: A coin issued by Hadrian","image_urls":["https://finds.org.uk/images/pwalton/626.jpg"]},{"from":117,"to":121,"title":"NCL-13CDF5: A coin issued by Hadrian","image_urls":["https://finds.org.uk/images/pwalton/NCL13cdf5.jpg"]},{"from":117,"to":138,"title":"BERK-A67057: A coin issued by Hadrian","image_urls":["https://finds.org.uk/images/abyard/2012371.jpg"]},{"from":117,"to":122,"title":"SOM-696C24: A coin issued by Hadrian","image_urls":["https://finds.org.uk/images/alicef/SOM-696C24.JPG"]},{"from":117,"to":138,"title":"SUR-01BD18: A coin issued by Hadrian","image_urls":["https://finds.org.uk/images/dwilliams/11-609.jpg"]},{"from":117,"to":138,"title":"IOW-843ED6: A coin issued by Hadrian","image_urls":["https://finds.org.uk/images/fbasford/IOW2011-1-254.JPG"]},{"from":117,"to":122,"title":"WMID-9116C3: A coin issued by Hadrian","image_urls":["https://finds.org.uk/images/tgilmore/WMID-9116C3.jpg"]},{"from":117,"to":138,"title":"NMGW-6997ED: A coin issued by Hadrian","image_urls":["https://finds.org.uk/images/wenkedomscheit/2013.175jpg.jpg"]},{"from":117,"to":138,"title":"IOW-CF2EC5: A coin issued by Hadrian","image_urls":["https://finds.org.uk/images/fbasford/IOW2010-1-718.JPG"]},{"from":117,"to":138,"title":"Silver Tetradrachm of Hadrian, Tarsus, AD 117 - AD 138. 1944.100.54531","image_urls":["http://numismatics.org/collectionimages/19001949/1944/1944.100.54531.rev.width350.jpg"]},{"from":117,"to":138,"title":"Bronze Coin, Corinth, AD 117 - AD 138. 1944.100.38553","image_urls":["http://numismatics.org/collectionimages/19001949/1944/1944.100.38553.rev.width350.jpg"]},{"from":117,"to":138,"title":"Bronze Coin, Larissa, AD 117 - AD 138. 1944.100.17757","image_urls":["http://numismatics.org/collectionimages/19001949/1944/1944.100.17757.rev.width350.jpg"]},{"from":117,"to":118,"title":"Billon Tetradrachm of Hadrian, Alexandreia, AD 117 - AD 118. 1974.26.3127","image_urls":["http://numismatics.org/collectionimages/19501999/1974/1974.26.3127.rev.width350.jpg"]},{"from":117,"to":138,"title":"Bronze Coin, Corinth, AD 117 - AD 138. 1944.100.38538","image_urls":["http://numismatics.org/collectionimages/19001949/1944/1944.100.38538.rev.width350.jpg"]},{"from":117,"to":138,"title":"Bronze Coin, Lacedaemon, AD 117 - AD 138. 1944.100.38957","image_urls":["http://numismatics.org/collectionimages/19001949/1944/1944.100.38957.rev.width350.jpg"]},{"from":117,"to":118,"title":"RIC II Hadrian 27. 1944.100.44676","image_urls":["http://numismatics.org/collectionimages/19001949/1944/1944.100.44676.rev.width350.jpg"]},{"from":117,"to":138,"title":"Bronze Coin, Larissa, AD 117 - AD 138. 1944.100.17756","image_urls":["http://numismatics.org/collectionimages/19001949/1944/1944.100.17756.rev.width350.jpg"]},{"from":117,"to":138,"title":"Bronze Coin, Bagis, AD 117 - AD 138. 1944.100.48889","image_urls":["http://numismatics.org/collectionimages/19001949/1944/1944.100.48889.rev.width350.jpg"]},{"from":117,"to":137,"title":"Bronze Coin, Corinth, AD 117 - AD 137. 1944.100.38556","image_urls":["http://numismatics.org/collectionimages/19001949/1944/1944.100.38556.rev.width350.jpg"]},{"from":117,"to":118,"title":"Bronze Dichalkon of Hadrian, Alexandreia, AD 117 - AD 118. 1944.100.57268","image_urls":["http://numismatics.org/collectionimages/19001949/1944/1944.100.57268.rev.width350.jpg"]},{"from":117,"to":118,"title":"Bronze Drachm of Hadrian, Alexandreia, AD 117 - AD 118. 1944.100.57253","image_urls":["http://numismatics.org/collectionimages/19001949/1944/1944.100.57253.rev.width350.jpg"]},{"from":117,"to":138,"title":"Bronze Coin, Corinth, AD 117 - AD 138. 1944.100.38541","image_urls":["http://numismatics.org/collectionimages/19001949/1944/1944.100.38541.rev.width350.jpg"]},{"from":117,"to":138,"title":"Bronze Coin, Pergamum, AD 117 - AD 138. 1953.171.686","image_urls":["http://numismatics.org/collectionimages/19501999/1953/1953.171.686.rev.width350.jpg"]},{"from":117,"to":138,"title":"Bronze Coin, Cyparissia, AD 117 - AD 138. 1944.100.38855","image_urls":["http://numismatics.org/collectionimages/19001949/1944/1944.100.38855.rev.width350.jpg"]},{"from":117,"to":138,"title":"Bronze Coin, Mylasa, AD 117 - AD 138. 1944.100.48025","image_urls":["http://numismatics.org/collectionimages/19001949/1944/1944.100.48025.rev.width350.jpg"]},{"from":117,"to":138,"title":"Bronze Coin, Sinope, AD 117 - AD 138. 1944.100.41876","image_urls":["http://numismatics.org/collectionimages/19001949/1944/1944.100.41876.rev.width350.jpg"]},{"from":117,"to":118,"title":"Billon Tetradrachm of Hadrian, Alexandreia, AD 117 - AD 118. 1944.100.56365","image_urls":["http://numismatics.org/collectionimages/19001949/1944/1944.100.56365.rev.width350.jpg"]},{"from":117,"to":138,"title":"Silver Tetradrachm of Hadrian, Antioch, AD 117 - AD 138. 1956.127.2307","image_urls":["http://numismatics.org/collectionimages/19501999/1956/1956.127.2307.rev.width350.jpg"]},{"from":117,"to":118,"title":"RIC II Hadrian 34. 1944.100.44678","image_urls":["http://numismatics.org/collectionimages/19001949/1944/1944.100.44678.rev.width350.jpg"]},{"from":117,"to":138,"title":"Bronze Coin, Pergamum, AD 117 - AD 138. 1944.100.43335","image_urls":["http://numismatics.org/collectionimages/19001949/1944/1944.100.43335.rev.width350.jpg"]},{"from":117,"to":138,"title":"Bronze Coin, Elaea, AD 117 - AD 138. 1944.100.44195","image_urls":["http://numismatics.org/collectionimages/19001949/1944/1944.100.44195.rev.width350.jpg"]},{"from":117,"to":118,"title":"Bronze Coin, Seleuceia ad Tigrim, AD 117 - AD 118. 1944.100.83353","image_urls":["http://numismatics.org/collectionimages/19001949/1944/1944.100.83353.rev.width350.jpg"]},{"from":117,"to":138,"title":"Bronze Drachm of Hadrian, Alexandreia, AD 117 - AD 138. 1944.100.58355","image_urls":["http://numismatics.org/collectionimages/19001949/1944/1944.100.58355.rev.width350.jpg"]},{"from":117,"to":138,"title":"Bronze Coin, Lacedaemon, AD 117 - AD 138. 1944.100.38958","image_urls":["http://numismatics.org/collectionimages/19001949/1944/1944.100.38958.rev.width350.jpg"]},{"from":117,"to":138,"title":"Bronze Coin, Pergamum, AD 117 - AD 138. 1939.83.1","image_urls":["http://numismatics.org/collectionimages/19001949/1939/1939.83.1.rev.width350.jpg"]},{"from":117,"to":138,"title":"Bronze Coin, Corinth, AD 117 - AD 138. 1944.100.38547","image_urls":["http://numismatics.org/collectionimages/19001949/1944/1944.100.38547.rev.width350.jpg"]},{"from":117,"to":138,"title":"Silver Tetradrachm of Hadrian, Tarsus, AD 117 - AD 138. 1941.131.918","image_urls":["http://numismatics.org/collectionimages/19001949/1941/1941.131.918.rev.width350.jpg"]},{"from":117,"to":118,"title":"Bronze Drachm of Hadrian, Alexandreia, AD 117 - AD 118. 1944.100.57244","image_urls":["http://numismatics.org/collectionimages/19001949/1944/1944.100.57244.rev.width350.jpg"]},{"from":117,"to":138,"title":"Bronze Coin, Corinth, AD 117 - AD 138. 1944.100.38540","image_urls":["http://numismatics.org/collectionimages/19001949/1944/1944.100.38540.rev.width350.jpg"]},{"from":117,"to":138,"title":"Silver Tetradrachm of Hadrian, Tarsus, AD 117 - AD 138. 1944.100.54533","image_urls":["http://numismatics.org/collectionimages/19001949/1944/1944.100.54533.rev.width350.jpg"]},{"from":117,"to":138,"title":"Bronze Coin, Corinth, AD 117 - AD 138. 1956.174.60","image_urls":["http://numismatics.org/collectionimages/19501999/1956/1956.174.60.rev.width350.jpg"]},{"from":117,"to":138,"title":"Bronze Coin, Delphi, AD 117 - AD 138. 1944.100.19771","image_urls":["http://numismatics.org/collectionimages/19001949/1944/1944.100.19771.rev.width350.jpg"]},{"from":117,"to":138,"title":"Bronze Coin, Corinth, AD 117 - AD 138. 1944.100.38555","image_urls":["http://numismatics.org/collectionimages/19001949/1944/1944.100.38555.rev.width350.jpg"]},{"from":117,"to":138,"title":"Bronze Diobol of Hadrian, Alexandreia, AD 117 - AD 138. 1944.100.58335","image_urls":["http://numismatics.org/collectionimages/19001949/1944/1944.100.58335.rev.width350.jpg"]},{"from":117,"to":138,"title":"Bronze Coin, Apamea, AD 117 - AD 138. 1944.100.49986","image_urls":["http://numismatics.org/collectionimages/19001949/1944/1944.100.49986.rev.width350.jpg"]},{"from":117,"to":138,"title":"Bronze Coin, Pergamum, AD 117 - AD 138. 1944.100.43333","image_urls":["http://numismatics.org/collectionimages/19001949/1944/1944.100.43333.rev.width350.jpg"]},{"from":117,"to":138,"title":"Bronze Coin, Elaea, AD 117 - AD 138. 1970.142.396","image_urls":["http://numismatics.org/collectionimages/19501999/1970/1970.142.396.rev.width350.jpg"]},{"from":117,"to":138,"title":"Bronze Coin, Pergamum, AD 117 - AD 138. 1944.100.43336","image_urls":["http://numismatics.org/collectionimages/19001949/1944/1944.100.43336.rev.width350.jpg"]},{"from":117,"to":118,"title":"Bronze Drachm of Hadrian, Alexandreia, AD 117 - AD 118. 1944.100.57264","image_urls":["http://numismatics.org/collectionimages/19001949/1944/1944.100.57264.rev.width350.jpg"]},{"from":117,"to":118,"title":"Bronze Drachm of Hadrian, Alexandreia, AD 117 - AD 118. 1944.100.57258","image_urls":["http://numismatics.org/collectionimages/19001949/1944/1944.100.57258.rev.width350.jpg"]},{"from":117,"to":138,"title":"Bronze Coin, Corinth, AD 117 - AD 138. 1944.100.38552","image_urls":["http://numismatics.org/collectionimages/19001949/1944/1944.100.38552.rev.width350.jpg"]},{"from":117,"to":138,"title":"Bronze Coin, Corinth, AD 117 - AD 138. 1944.100.38546","image_urls":["http://numismatics.org/collectionimages/19001949/1944/1944.100.38546.rev.width350.jpg"]},{"from":117,"to":138,"title":"Silver Tetradrachm of Hadrian, Antioch, AD 117 - AD 138. 1944.100.65736","image_urls":["http://numismatics.org/collectionimages/19001949/1944/1944.100.65736.rev.width350.jpg"]},{"from":117,"to":118,"title":"Bronze Drachm of Hadrian, Alexandreia, AD 117 - AD 118. 1944.100.57243","image_urls":["http://numismatics.org/collectionimages/19001949/1944/1944.100.57243.rev.width350.jpg"]},{"from":117,"to":138,"title":"Bronze Coin, Corinth, AD 117 - AD 138. 1944.100.38542","image_urls":["http://numismatics.org/collectionimages/19001949/1944/1944.100.38542.rev.width350.jpg"]},{"from":117,"to":118,"title":"Billon Tetradrachm of Hadrian, Alexandreia, AD 117 - AD 118. 1974.26.3131","image_urls":["http://numismatics.org/collectionimages/19501999/1974/1974.26.3131.rev.width350.jpg"]},{"from":117,"to":137,"title":"Bronze Coin, Corinth, AD 117 - AD 137. 1944.100.38557","image_urls":["http://numismatics.org/collectionimages/19001949/1944/1944.100.38557.rev.width350.jpg"]},{"from":117,"to":138,"title":"Bronze Medallion, Mantineia, AD 117 - AD 138. 1950.89.1","image_urls":["http://numismatics.org/collectionimages/19501999/1950/1950.89.1.rev.width350.jpg"]},{"from":117,"to":118,"title":"Bronze Dichalkon of Hadrian, Alexandreia, AD 117 - AD 118. 1944.100.57269","image_urls":["http://numismatics.org/collectionimages/19001949/1944/1944.100.57269.rev.width350.jpg"]},{"from":117,"to":138,"title":"Bronze Coin, Neoclaudiopolis, AD 117 - AD 138. 1944.100.41550","image_urls":["http://numismatics.org/collectionimages/19001949/1944/1944.100.41550.rev.width350.jpg"]},{"from":117,"to":138,"title":"Bronze Coin, Corinth, AD 117 - AD 138. 1944.100.38539","image_urls":["http://numismatics.org/collectionimages/19001949/1944/1944.100.38539.rev.width350.jpg"]},{"from":117,"to":118,"title":"Bronze Drachm of Hadrian, Alexandreia, AD 117 - AD 118. 1944.100.57263","image_urls":["http://numismatics.org/collectionimages/19001949/1944/1944.100.57263.rev.width350.jpg"]},{"from":117,"to":138,"title":"Bronze Coin, Olympia, AD 117 - AD 138. 1944.100.38743","image_urls":["http://numismatics.org/collectionimages/19001949/1944/1944.100.38743.rev.width350.jpg"]},{"from":117,"to":137,"title":"Bronze Coin, Saitta, AD 117 - AD 137. 1944.100.49367","image_urls":["http://numismatics.org/collectionimages/19001949/1944/1944.100.49367.rev.width350.jpg"]},{"from":117,"to":118,"title":"Billon Tetradrachm of Hadrian, Alexandreia, AD 117 - AD 118. 1944.100.56366","image_urls":["http://numismatics.org/collectionimages/19001949/1944/1944.100.56366.rev.width350.jpg"]},{"from":117,"to":138,"title":"Silver Tetradrachm of Hadrian, Antioch, AD 117 - AD 138. 1944.100.65735","image_urls":["http://numismatics.org/collectionimages/19001949/1944/1944.100.65735.rev.width350.jpg"]},{"from":117,"to":138,"title":"Bronze Coin, Mylasa, AD 117 - AD 138. 1944.100.48024","image_urls":["http://numismatics.org/collectionimages/19001949/1944/1944.100.48024.rev.width350.jpg"]},{"from":117,"to":118,"title":"Bronze Drachm of Hadrian, Alexandreia, AD 117 - AD 118. 1944.100.57242","image_urls":["http://numismatics.org/collectionimages/19001949/1944/1944.100.57242.rev.width350.jpg"]},{"from":117,"to":138,"title":"Bronze Coin, Mylasa, AD 117 - AD 138. 2007.15.21","image_urls":["http://numismatics.org/collectionimages/20002049/2007/2007.15.21.rev.width350.jpg"]},{"from":117,"to":138,"title":"Bronze Coin, Pergamum, AD 117 - AD 138. 1953.171.532","image_urls":["http://numismatics.org/collectionimages/19501999/1953/1953.171.532.rev.width350.jpg"]},{"from":117,"to":138,"title":"Bronze Coin, Ephesus, AD 117 - AD 138. 1944.100.46100","image_urls":["http://numismatics.org/collectionimages/19001949/1944/1944.100.46100.rev.width350.jpg"]},{"from":117,"to":138,"title":"Bronze Coin, Delphi, AD 117 - AD 138. 1944.100.19773","image_urls":["http://numismatics.org/collectionimages/19001949/1944/1944.100.19773.rev.width350.jpg"]},{"from":117,"to":118,"title":"Bronze Drachm of Hadrian, Alexandreia, AD 117 - AD 118. 1944.100.58337","image_urls":["http://numismatics.org/collectionimages/19001949/1944/1944.100.58337.rev.width350.jpg"]},{"from":117,"to":138,"title":"Silver Tetradrachm of Hadrian, Antioch, AD 117 - AD 138. 1956.127.2308","image_urls":["http://numismatics.org/collectionimages/19501999/1956/1956.127.2308.rev.width350.jpg"]},{"from":117,"to":138,"title":"Bronze Coin, Corinth, AD 117 - AD 138. 1944.100.38545","image_urls":["http://numismatics.org/collectionimages/19001949/1944/1944.100.38545.rev.width350.jpg"]},{"from":117,"to":118,"title":"Billon Tetradrachm of Hadrian, Alexandreia, AD 117 - AD 118. 1974.26.3128","image_urls":["http://numismatics.org/collectionimages/19501999/1974/1974.26.3128.rev.width350.jpg"]},{"from":117,"to":138,"title":"Bronze Coin, Chalcis, AD 117 - AD 138. 1974.226.193","image_urls":["http://numismatics.org/collectionimages/19501999/1974/1974.226.193.rev.width350.jpg"]},{"from":117,"to":138,"title":"Bronze Coin, Pergamum, AD 117 - AD 138. 1944.100.43334","image_urls":["http://numismatics.org/collectionimages/19001949/1944/1944.100.43334.rev.width350.jpg"]},{"from":117,"to":138,"title":"Bronze Coin, Lacedaemon, AD 117 - AD 138. 1944.100.38956","image_urls":["http://numismatics.org/collectionimages/19001949/1944/1944.100.38956.rev.width350.jpg"]},{"from":117,"to":138,"title":"Bronze Coin, Olympia, AD 117 - AD 138. 1948.4.87","image_urls":["http://numismatics.org/collectionimages/19001949/1948/1948.4.87.rev.width350.jpg"]},{"from":117,"to":138,"title":"Bronze Coin, Sestos, AD 117 - AD 138. 1944.100.16631","image_urls":["http://numismatics.org/collectionimages/19001949/1944/1944.100.16631.rev.width350.jpg"]},{"from":117,"to":138,"title":"Bronze Coin, Larissa, AD 117 - AD 138. 1944.100.17755","image_urls":["http://numismatics.org/collectionimages/19001949/1944/1944.100.17755.rev.width350.jpg"]},{"from":117,"to":138,"title":"Bronze Coin, Pergamum, AD 117 - AD 138. 1944.100.43332","image_urls":["http://numismatics.org/collectionimages/19001949/1944/1944.100.43332.rev.width350.jpg"]},{"from":117,"to":138,"title":"Bronze Coin, Corinth, AD 117 - AD 138. 1944.100.38551","image_urls":["http://numismatics.org/collectionimages/19001949/1944/1944.100.38551.rev.width350.jpg"]},{"from":117,"to":138,"title":"Bronze Coin, Ephesus, AD 117 - AD 138. 1924.6.2","image_urls":["http://numismatics.org/collectionimages/19001949/1924/1924.6.2.rev.width350.jpg"]},{"from":117,"to":118,"title":"Bronze Drachm of Hadrian, Alexandreia, AD 117 - AD 118. 1944.100.57266","image_urls":["http://numismatics.org/collectionimages/19001949/1944/1944.100.57266.rev.width350.jpg"]},{"from":117,"to":138,"title":"Bronze Coin, Delphi, AD 117 - AD 138. 1944.100.19770","image_urls":["http://numismatics.org/collectionimages/19001949/1944/1944.100.19770.rev.width350.jpg"]},{"from":117,"to":138,"title":"Bronze Coin, Corinth, AD 117 - AD 138. 1944.100.38554","image_urls":["http://numismatics.org/collectionimages/19001949/1944/1944.100.38554.rev.width350.jpg"]},{"from":117,"to":138,"title":"Bronze Coin, Antioch, AD 117 - AD 138. 1944.100.65738","image_urls":["http://numismatics.org/collectionimages/19001949/1944/1944.100.65738.rev.width350.jpg"]},{"from":117,"to":138,"title":"Bronze Coin, Larissa, AD 117 - AD 138. 1944.100.17758","image_urls":["http://numismatics.org/collectionimages/19001949/1944/1944.100.17758.rev.width350.jpg"]},{"from":117,"to":138,"title":"Bronze Coin, Larissa, AD 117 - AD 138. 1947.97.137","image_urls":["http://numismatics.org/collectionimages/19001949/1947/1947.97.137.rev.width350.jpg"]},{"from":117,"to":137,"title":"Bronze Coin, Pergamum, AD 117 - AD 137. 1944.100.43338","image_urls":["http://numismatics.org/collectionimages/19001949/1944/1944.100.43338.rev.width350.jpg"]},{"from":117,"to":118,"title":"Billon Tetradrachm of Hadrian, Alexandreia, AD 117 - AD 118. 1944.100.56370","image_urls":["http://numismatics.org/collectionimages/19001949/1944/1944.100.56370.rev.width350.jpg"]},{"from":117,"to":138,"title":"Bronze Coin, Corinth, AD 117 - AD 138. 1956.174.59","image_urls":["http://numismatics.org/collectionimages/19501999/1956/1956.174.59.rev.width350.jpg"]},{"from":117,"to":138,"title":"Bronze Coin, Pergamum, AD 117 - AD 138. 1974.276.4","image_urls":["http://numismatics.org/collectionimages/19501999/1974/1974.276.4.rev.width350.jpg"]},{"from":117,"to":138,"title":"Silver Tetradrachm of Hadrian, Tarsus, AD 117 - AD 138. 1977.158.835","image_urls":["http://numismatics.org/collectionimages/19501999/1977/1977.158.835.rev.width350.jpg"]},{"from":117,"to":138,"title":"Bronze Coin, Corinth, AD 117 - AD 138. 1956.174.57","image_urls":["http://numismatics.org/collectionimages/19501999/1956/1956.174.57.rev.width350.jpg"]},{"from":117,"to":138,"title":"Bronze Coin, Delphi, AD 117 - AD 138. 1944.100.19768","image_urls":["http://numismatics.org/collectionimages/19001949/1944/1944.100.19768.rev.width350.jpg"]},{"from":117,"to":138,"title":"Bronze Coin, Corinth, AD 117 - AD 138. 1944.100.38543","image_urls":["http://numismatics.org/collectionimages/19001949/1944/1944.100.38543.rev.width350.jpg"]},{"from":117,"to":138,"title":"Silver Tetradrachm of Hadrian, Antioch, AD 117 - AD 138. 1944.100.65733","image_urls":["http://numismatics.org/collectionimages/19001949/1944/1944.100.65733.rev.width350.jpg"]},{"from":117,"to":138,"title":"Bronze Coin, Pergamum, AD 117 - AD 138. 1953.171.688","image_urls":["http://numismatics.org/collectionimages/19501999/1953/1953.171.688.rev.width350.jpg"]},{"from":117,"to":118,"title":"Bronze Drachm of Hadrian, Alexandreia, AD 117 - AD 118. 1944.100.57249","image_urls":["http://numismatics.org/collectionimages/19001949/1944/1944.100.57249.rev.width350.jpg"]},{"from":117,"to":138,"title":"Silver Tetradrachm of Hadrian, Tarsus, AD 117 - AD 138. 1944.100.54536","image_urls":["http://numismatics.org/collectionimages/19001949/1944/1944.100.54536.rev.width350.jpg"]},{"from":117,"to":138,"title":"Bronze Coin, Pergamum, AD 117 - AD 138. 1998.18.50","image_urls":["http://numismatics.org/collectionimages/19501999/1998/1998.18.50.rev.width350.jpg"]},{"from":117,"to":138,"title":"Silver Tetradrachm of Hadrian, Tarsus, AD 117 - AD 138. 1944.100.54532","image_urls":["http://numismatics.org/collectionimages/19001949/1944/1944.100.54532.rev.width350.jpg"]},{"from":117,"to":118,"title":"Billon Tetradrachm of Hadrian, Alexandreia, AD 117 - AD 118. 1944.100.56384","image_urls":["http://numismatics.org/collectionimages/19001949/1944/1944.100.56384.rev.width350.jpg"]},{"from":117,"to":138,"title":"Bronze Coin, Pergamum, AD 117 - AD 138. 1953.171.687","image_urls":["http://numismatics.org/collectionimages/19501999/1953/1953.171.687.rev.width350.jpg"]},{"from":117,"to":138,"title":"Bronze Coin, Caesareia in Cappadocia, AD 117 - AD 138. 1944.100.62544","image_urls":["http://numismatics.org/collectionimages/19001949/1944/1944.100.62544.rev.width350.jpg"]},{"from":117,"to":118,"title":"Billon Tetradrachm of Hadrian, Alexandreia, AD 117 - AD 118. 1944.100.56378","image_urls":["http://numismatics.org/collectionimages/19001949/1944/1944.100.56378.rev.width350.jpg"]},{"from":117,"to":138,"title":"Bronze Coin, Patrae, AD 117 - AD 138. 1944.100.40899","image_urls":["http://numismatics.org/collectionimages/19001949/1944/1944.100.40899.rev.width350.jpg"]},{"from":117,"to":138,"title":"Bronze Coin, Delphi, AD 117 - AD 138. 1944.100.19772","image_urls":["http://numismatics.org/collectionimages/19001949/1944/1944.100.19772.rev.width350.jpg"]},{"from":117,"to":138,"title":"Bronze Coin, Larissa, AD 117 - AD 138. 1908.999.7","image_urls":["http://numismatics.org/collectionimages/19001949/1908/1908.999.7.rev.width350.jpg"]},{"from":117,"to":118,"title":"Billon Tetradrachm of Hadrian, Alexandreia, AD 117 - AD 118. 1944.100.56369","image_urls":["http://numismatics.org/collectionimages/19001949/1944/1944.100.56369.rev.width350.jpg"]},{"from":117,"to":138,"title":"Bronze Coin, Lacedaemon, AD 117 - AD 138. 1969.133.2","image_urls":["http://numismatics.org/collectionimages/19501999/1969/1969.133.2.rev.width350.jpg"]},{"from":117,"to":138,"title":"Bronze Coin, Mylasa, AD 117 - AD 138. 1970.142.496","image_urls":["http://numismatics.org/collectionimages/19501999/1970/1970.142.496.rev.width350.jpg"]},{"from":117,"to":138,"title":"Bronze Coin, Pergamum, AD 117 - AD 138. 1944.100.43337","image_urls":["http://numismatics.org/collectionimages/19001949/1944/1944.100.43337.rev.width350.jpg"]},{"from":117,"to":138,"title":"Bronze Coin, Berytus, AD 117 - AD 138. 1944.100.70302","image_urls":["http://numismatics.org/collectionimages/19001949/1944/1944.100.70302.rev.width350.jpg"]},{"from":117,"to":138,"title":"Bronze Coin, Delphi, AD 117 - AD 138. 1944.100.19769","image_urls":["http://numismatics.org/collectionimages/19001949/1944/1944.100.19769.rev.width350.jpg"]},{"from":117,"to":138,"title":"Bronze Coin, Elaea, AD 117 - AD 138. 1956.28.192","image_urls":["http://numismatics.org/collectionimages/19501999/1956/1956.28.192.rev.width350.jpg"]},{"from":117,"to":138,"title":"Bronze Coin, Olympia, AD 117 - AD 138. 1944.100.38742","image_urls":["http://numismatics.org/collectionimages/19001949/1944/1944.100.38742.rev.width350.jpg"]},{"from":117,"to":138,"title":"Bronze Coin, Corinth, AD 117 - AD 138. 1956.174.58","image_urls":["http://numismatics.org/collectionimages/19501999/1956/1956.174.58.rev.width350.jpg"]},{"from":117,"to":138,"title":"Bronze Coin, Sestos, AD 117 - AD 138. 1944.100.16630","image_urls":["http://numismatics.org/collectionimages/19001949/1944/1944.100.16630.rev.width350.jpg"]},{"from":117,"to":138,"title":"Bronze Coin, Corinth, AD 117 - AD 138. 1944.100.38544","image_urls":["http://numismatics.org/collectionimages/19001949/1944/1944.100.38544.rev.width350.jpg"]},{"from":117,"to":138,"title":"Silver Tetradrachm of Hadrian, Antioch, AD 117 - AD 138. 1944.100.65734","image_urls":["http://numismatics.org/collectionimages/19001949/1944/1944.100.65734.rev.width350.jpg"]},{"from":117,"to":138,"title":"Bronze Coin, Larissa, AD 117 - AD 138. 1944.100.17754","image_urls":["http://numismatics.org/collectionimages/19001949/1944/1944.100.17754.rev.width350.jpg"]},{"from":117,"to":138,"title":"Bronze Coin, Corinth, AD 117 - AD 138. 1944.100.38550","image_urls":["http://numismatics.org/collectionimages/19001949/1944/1944.100.38550.rev.width350.jpg"]},{"from":117,"to":118,"title":"Bronze Coin, Seleuceia ad Tigrim, AD 117 - AD 118. 1944.100.83352","image_urls":["http://numismatics.org/collectionimages/19001949/1944/1944.100.83352.rev.width350.jpg"]},{"from":117,"to":118,"title":"Billon Tetradrachm of Hadrian, Alexandreia, AD 117 - AD 118. 1944.100.56381","image_urls":["http://numismatics.org/collectionimages/19001949/1944/1944.100.56381.rev.width350.jpg"]},{"from":117,"to":138,"title":"Silver Tetradrachm of Hadrian, Tarsus, AD 117 - AD 138. 1944.100.54534","image_urls":["http://numismatics.org/collectionimages/19001949/1944/1944.100.54534.rev.width350.jpg"]},{"from":117,"to":138,"title":"Bronze Coin, Corinth, AD 117 - AD 138. 1956.174.61","image_urls":["http://numismatics.org/collectionimages/19501999/1956/1956.174.61.rev.width350.jpg"]},{"from":117,"to":138,"title":"Bronze Coin, Metropolis, AD 117 - AD 138. 1971.279.34","image_urls":["http://numismatics.org/collectionimages/19501999/1971/1971.279.34.rev.width350.jpg"]},{"from":117,"to":118,"title":"Billon Tetradrachm of Hadrian, Alexandreia, AD 117 - AD 118. 1944.100.56350","image_urls":["http://numismatics.org/collectionimages/19001949/1944/1944.100.56350.rev.width350.jpg"]},{"from":117,"to":137,"title":"Bronze Coin, Pergamum, AD 117 - AD 137. 1953.171.533","image_urls":["http://numismatics.org/collectionimages/19501999/1953/1953.171.533.rev.width350.jpg"]},{"from":117,"to":137,"title":"Bronze Coin, Gordus Julia, AD 117 - AD 137. 1971.279.45","image_urls":["http://numismatics.org/collectionimages/19501999/1971/1971.279.45.rev.width350.jpg"]},{"from":117,"to":138,"title":"Bronze Coin, Sagalassus, AD 117 - AD 138. 1974.226.161","image_urls":["http://numismatics.org/collectionimages/19501999/1974/1974.226.161.rev.width350.jpg"]},{"from":117,"to":138,"title":"Bronze Coin, Corinth, AD 117 - AD 138. 1944.100.38548","image_urls":["http://numismatics.org/collectionimages/19001949/1944/1944.100.38548.rev.width350.jpg"]},{"from":117,"to":138,"title":"Bronze Coin, Corinth, AD 117 - AD 138. 1974.226.32","image_urls":["http://numismatics.org/collectionimages/19501999/1974/1974.226.32.rev.width350.jpg"]},{"from":117,"to":138,"title":"Bronze Coin, Sagalassus, AD 117 - AD 138. 1944.100.52066","image_urls":["http://numismatics.org/collectionimages/19001949/1944/1944.100.52066.rev.width350.jpg"]}]