[{"from":1180,"to":1247,"title":"SUR-EEC785: A coin issued by Henry II of England","image_urls":["https://finds.org.uk/images/dwilliams/05.1197a.jpg.JPG"]},{"from":1180,"to":1189,"title":"LIN-9B01D7: A coin issued by Henry II of England","image_urls":["https://finds.org.uk/images/adaubney/LIN4981.JPG"]},{"from":1180,"to":1247,"title":"SUR-6AF0B4: A coin issued by Henry II of England","image_urls":["https://finds.org.uk/images/dwilliams/05.1211a.jpg.JPG"]},{"from":1180,"to":1247,"title":"LVPL-2A2554: A coin issued by Henry III of England","image_urls":["https://finds.org.uk/images/nherepath/2A2554.jpg"]},{"from":1180,"to":1247,"title":"SUR-58C236: A coin issued by Henry II of England","image_urls":["https://finds.org.uk/images/dwilliams/05.891a.jpg"]}]