[{"from":1183,"to":1185,"title":"Gold Hyperpyron of Andronicus I, Constantinople, 1183 - 1185. 1944.100.18137","image_urls":["http://numismatics.org/collectionimages/19001949/1944/1944.100.18137.rev.width350.jpg"]},{"from":1183,"to":1185,"title":"Gold Hyperpyron of Andronicus I, Constantinople, 1183 - 1185. 1977.158.1226","image_urls":["http://numismatics.org/collectionimages/19501999/1977/1977.158.1226.rev.width350.jpg"]},{"from":1183,"to":1185,"title":"Billon Aspron Trachy of Andronicus I, Constantinople, 1183 - 1185. 1944.100.18140","image_urls":["http://numismatics.org/collectionimages/19001949/1944/1944.100.18140.rev.width350.jpg"]},{"from":1183,"to":1185,"title":"Billon Aspron Trachy of Andronicus I, Constantinople, 1183 - 1185. 1944.100.18139","image_urls":["http://numismatics.org/collectionimages/19001949/1944/1944.100.18139.rev.width350.jpg"]},{"from":1183,"to":1185,"title":"Electrum Aspron Trachy of Andronicus I, Constantinople, 1183 - 1185. 1968.131.395","image_urls":["http://numismatics.org/collectionimages/19501999/1968/1968.131.395.rev.width350.jpg"]},{"from":1183,"to":1185,"title":"Gold Hyperpyron of Andronicus I, Constantinople, 1183 - 1185. 1980.109.318","image_urls":["http://numismatics.org/collectionimages/19501999/1980/1980.109.318.rev.width350.jpg"]},{"from":1183,"to":1185,"title":"Billon Aspron Trachy of Andronicus I, Constantinople, 1183 - 1185. 1944.100.18141","image_urls":["http://numismatics.org/collectionimages/19001949/1944/1944.100.18141.rev.width350.jpg"]},{"from":1183,"to":1185,"title":"Electrum Aspron Trachy of Andronicus I, Constantinople, 1183 - 1185. 1977.158.1239","image_urls":["http://numismatics.org/collectionimages/19501999/1977/1977.158.1239.rev.width350.jpg"]},{"from":1183,"to":1185,"title":"Billon Aspron Trachy of Andronicus I, Constantinople, 1183 - 1185. 1944.100.18142","image_urls":["http://numismatics.org/collectionimages/19001949/1944/1944.100.18142.rev.width350.jpg"]},{"from":1183,"to":1185,"title":"Gold Hyperpyron of Andronicus I, Constantinople, 1183 - 1185. 1968.131.394","image_urls":["http://numismatics.org/collectionimages/19501999/1968/1968.131.394.rev.width350.jpg"]},{"from":1183,"to":1185,"title":"Gold Hyperpyron of Andronicus I, Constantinople, 1183 - 1185. 1968.131.393","image_urls":["http://numismatics.org/collectionimages/19501999/1968/1968.131.393.rev.width350.jpg"]},{"from":1183,"to":1185,"title":"Electrum Aspron Trachy of Andronicus I, Constantinople, 1183 - 1185. 1944.100.18138","image_urls":["http://numismatics.org/collectionimages/19001949/1944/1944.100.18138.rev.width350.jpg"]}]