[{"from":1185,"to":1195,"title":"Electrum Aspron Trachy of Isaac II, Constantinople, 1185 - 1195. 1968.131.399","image_urls":["http://numismatics.org/collectionimages/19501999/1968/1968.131.399.rev.width350.jpg"]},{"from":1185,"to":1195,"title":"Electrum Aspron Trachy of Isaac II, Constantinople, 1185 - 1195. 1944.100.18164","image_urls":["http://numismatics.org/collectionimages/19001949/1944/1944.100.18164.rev.width350.jpg"]},{"from":1185,"to":1195,"title":"Electrum Aspron Trachy of Isaac II, Constantinople, 1185 - 1195. 1948.19.621","image_urls":["http://numismatics.org/collectionimages/19001949/1948/1948.19.621.rev.width350.jpg"]},{"from":1185,"to":1195,"title":"Gold Hyperpyron of Isaac II, Constantinople, 1185 - 1195. 1980.109.315","image_urls":["http://numismatics.org/collectionimages/19501999/1980/1980.109.315.rev.width350.jpg"]},{"from":1185,"to":1195,"title":"Billon Billon aspron trachy of Isaac II, Constantinople, 1185 - 1195. 1944.100.18166","image_urls":["http://numismatics.org/collectionimages/19001949/1944/1944.100.18166.rev.width350.jpg"]},{"from":1185,"to":1195,"title":"Gold Hyperpyron of Isaac II, Constantinople, 1185 - 1195. 1954.237.152","image_urls":["http://numismatics.org/collectionimages/19501999/1954/1954.237.152.rev.width350.jpg"]},{"from":1185,"to":1195,"title":"Gold Hyperpyron of Isaac II, Constantinople, 1185 - 1195. 1948.19.620","image_urls":["http://numismatics.org/collectionimages/19001949/1948/1948.19.620.rev.width350.jpg"]},{"from":1185,"to":1195,"title":"Gold Aspron Trachy of Issac II, Constantinople, 1185 - 1195. 1968.131.396","image_urls":["http://numismatics.org/collectionimages/19501999/1968/1968.131.396.rev.width350.jpg"]},{"from":1185,"to":1195,"title":"Gold Hyperpyron of Isaac II, Constantinople, 1185 - 1195. 1977.158.1244","image_urls":["http://numismatics.org/collectionimages/19501999/1977/1977.158.1244.rev.width350.jpg"]},{"from":1185,"to":1195,"title":"Billon Aspron Trachy of Isaac II, Constantinople, 1185 - 1195. 1944.100.18170","image_urls":["http://numismatics.org/collectionimages/19001949/1944/1944.100.18170.rev.width350.jpg"]},{"from":1185,"to":1195,"title":"Electrum Aspron Trachy of Isaac II, Constantinople, 1185 - 1195. 1947.3.71","image_urls":["http://numismatics.org/collectionimages/19001949/1947/1947.3.71.rev.width350.jpg"]},{"from":1185,"to":1195,"title":"Gold Hyperpyron of Isaac II, Constantinople, 1185 - 1195. 1944.100.18158","image_urls":["http://numismatics.org/collectionimages/19001949/1944/1944.100.18158.rev.width350.jpg"]},{"from":1185,"to":1195,"title":"Gold Hyperpyron of Isaac II, Constantinople, 1185 - 1195. 1968.131.398","image_urls":["http://numismatics.org/collectionimages/19501999/1968/1968.131.398.rev.width350.jpg"]},{"from":1185,"to":1195,"title":"Electrum Aspron Trachy of Isaac II, Constantinople, 1185 - 1195. 1977.158.1243","image_urls":["http://numismatics.org/collectionimages/19501999/1977/1977.158.1243.rev.width350.jpg"]},{"from":1185,"to":1195,"title":"Billon Billon aspron trachy of Isaac II, Constantinople, 1185 - 1195. 1948.19.622","image_urls":["http://numismatics.org/collectionimages/19001949/1948/1948.19.622.rev.width350.jpg"]},{"from":1185,"to":1195,"title":"Gold Hyperpyron of Isaac II, Constantinople, 1185 - 1195. 1948.19.619","image_urls":["http://numismatics.org/collectionimages/19001949/1948/1948.19.619.rev.width350.jpg"]},{"from":1185,"to":1195,"title":"Billon Aspron Trachy of Isaac II, Constantinople, 1185 - 1195. 1944.100.18169","image_urls":["http://numismatics.org/collectionimages/19001949/1944/1944.100.18169.rev.width350.jpg"]},{"from":1185,"to":1195,"title":"Gold Aspron Trachy of Issac II, Constantinople, 1185 - 1195. 1980.109.317","image_urls":["http://numismatics.org/collectionimages/19501999/1980/1980.109.317.rev.width350.jpg"]},{"from":1185,"to":1195,"title":"Electrum Aspron Trachy of Isaac II, Constantinople, 1185 - 1195. 1977.158.1242","image_urls":["http://numismatics.org/collectionimages/19501999/1977/1977.158.1242.rev.width350.jpg"]},{"from":1185,"to":1195,"title":"Electrum Aspron Trachy of Isaac II, Constantinople, 1185 - 1195. 1944.100.18162","image_urls":["http://numismatics.org/collectionimages/19001949/1944/1944.100.18162.rev.width350.jpg"]},{"from":1185,"to":1195,"title":"Billon Billon aspron trachy of Isaac II, Constantinople, 1185 - 1195. 1944.100.18165","image_urls":["http://numismatics.org/collectionimages/19001949/1944/1944.100.18165.rev.width350.jpg"]},{"from":1185,"to":1195,"title":"Electrum Aspron Trachy of Isaac II, Constantinople, 1185 - 1195. 1944.100.18160","image_urls":["http://numismatics.org/collectionimages/19001949/1944/1944.100.18160.rev.width350.jpg"]},{"from":1185,"to":1195,"title":"Gold Hyperpyron of Isaac II, Constantinople, 1185 - 1195. 1977.158.1245","image_urls":["http://numismatics.org/collectionimages/19501999/1977/1977.158.1245.rev.width350.jpg"]},{"from":1185,"to":1195,"title":"Electrum Aspron Trachy of Isaac II, Constantinople, 1185 - 1195. 1968.131.512","image_urls":["http://numismatics.org/collectionimages/19501999/1968/1968.131.512.rev.width350.jpg"]},{"from":1185,"to":1195,"title":"Gold Hyperpyron of Isaac II, Constantinople, 1185 - 1195. 1968.131.397","image_urls":["http://numismatics.org/collectionimages/19501999/1968/1968.131.397.rev.width350.jpg"]},{"from":1185,"to":1195,"title":"Electrum Aspron Trachy of Isaac II, Constantinople, 1185 - 1195. 1947.3.72","image_urls":["http://numismatics.org/collectionimages/19001949/1947/1947.3.72.rev.width350.jpg"]},{"from":1185,"to":1195,"title":"Electrum Aspron Trachy of Isaac II, Constantinople, 1185 - 1195. 1944.100.18159","image_urls":["http://numismatics.org/collectionimages/19001949/1944/1944.100.18159.rev.width350.jpg"]},{"from":1185,"to":1195,"title":"Billon Billon aspron trachy of Isaac II, Constantinople, 1185 - 1195. 1944.100.18167","image_urls":["http://numismatics.org/collectionimages/19001949/1944/1944.100.18167.rev.width350.jpg"]},{"from":1185,"to":1195,"title":"Billon Billon aspron trachy of Issac II, Constantinople, 1185 - 1195. 1983.62.6","image_urls":["http://numismatics.org/collectionimages/19501999/1983/1983.62.6.rev.width350.jpg"]},{"from":1185,"to":1195,"title":"Gold Aspron Trachy of Issac II, Constantinople, 1185 - 1195. 1948.19.618","image_urls":["http://numismatics.org/collectionimages/19001949/1948/1948.19.618.rev.width350.jpg"]},{"from":1185,"to":1195,"title":"Electrum Aspron Trachy of Isaac II, Constantinople, 1185 - 1195. 1920.999.75","image_urls":["http://numismatics.org/collectionimages/19001949/1920/1920.999.75.rev.width350.jpg"]},{"from":1185,"to":1195,"title":"Electrum Aspron Trachy of Isaac II, Constantinople, 1185 - 1195. 1944.100.18161","image_urls":["http://numismatics.org/collectionimages/19001949/1944/1944.100.18161.rev.width350.jpg"]},{"from":1185,"to":1195,"title":"Electrum Aspron Trachy of Isaac II, Constantinople, 1185 - 1195. 1944.100.18163","image_urls":["http://numismatics.org/collectionimages/19001949/1944/1944.100.18163.rev.width350.jpg"]}]