[{"from":1189,"to":1204,"title":"SOMDOR-9FD9F2: A coin issued by Richard I of England","image_urls":["https://finds.org.uk/images/caht/9FD9F2.jpg"]},{"from":1189,"to":1205,"title":"SWYOR-956474: A coin issued by Richard I of England","image_urls":["https://finds.org.uk/images/amarshall/DSCN5597.JPG"]},{"from":1189,"to":1216,"title":"SUSS-BAC003: A coin issued by Richard I of England","image_urls":["https://finds.org.uk/images/tclifford/1-132b.jpg"]},{"from":1189,"to":1210,"title":"SOMDOR-81AC08: A coin issued by Henry II of England","image_urls":["https://finds.org.uk/images/caht/81AC08.jpg"]}]