[{"from":119,"to":121,"title":"SOM-A77622: A coin issued by Hadrian","image_urls":["https://finds.org.uk/images/elburnett/SOM-A77622.jpg"]},{"from":119,"to":138,"title":"CORN-CB70F6: A coin issued by Hadrian","image_urls":["https://finds.org.uk/images/atyacke/May15finds059.JPG"]},{"from":119,"to":122,"title":"LEIC-5FCFA3: A coin issued by Hadrian","image_urls":["https://finds.org.uk/images/wscott/5FCFA3.JPG"]},{"from":119,"to":138,"title":"LANCUM-4A4027: A coin issued by Hadrian","image_urls":["https://finds.org.uk/images/dboughton/BiFDTCartmelRomanCoin2ab.jpg"]},{"from":119,"to":122,"title":"PUBLIC-660E65: A coin issued by Hadrian","image_urls":["https://finds.org.uk/images/calow1/FLE14.%20715.JPG"]},{"from":119,"to":119,"title":"NLM-87D2E7: A coin issued by Hadrian","image_urls":["https://finds.org.uk/images/mforeman/NLM21527.jpg"]},{"from":119,"to":122,"title":"CORN-B03364: A coin issued by Hadrian","image_urls":["https://finds.org.uk/images/atyacke/Romancoin008.JPG"]},{"from":119,"to":119,"title":"BM-9F8367: A coin issued by Hadrian","image_urls":["https://finds.org.uk/images/jasonlundock/BM-9F8367.jpg"]},{"from":119,"to":122,"title":"WMID-74C232: A coin issued by Hadrian","image_urls":["https://finds.org.uk/images/cjohnson/WMID-74C232%20obv.jpg"]},{"from":119,"to":119,"title":"SUR-BC8071: A coin issued by Hadrian","image_urls":["https://finds.org.uk/images/margaretb/09.1187.JPG"]},{"from":119,"to":119,"title":"SF-E69E63: A coin issued by Hadrian","image_urls":["https://finds.org.uk/images/abrown/WSW%20SF-E69E63.jpg"]},{"from":119,"to":119,"title":"BH-7649F0: A coin issued by Hadrian","image_urls":["https://finds.org.uk/images/jwatters/Roman_coin_13_135_1.jpg"]},{"from":119,"to":122,"title":"LANCUM-ACED06: A coin issued by Hadrian","image_urls":["https://finds.org.uk/images/dboughton/FFSLACED06b.png"]},{"from":119,"to":122,"title":"LANCUM-1F4413: A coin issued by Hadrian","image_urls":["https://finds.org.uk/images/dboughton/BFMDGT1F4413.jpg"]},{"from":119,"to":138,"title":"LON-207967: A coin issued by Hadrian","image_urls":["https://finds.org.uk/images/ksumnall/RCoinHadrian-Nov13.jpg"]},{"from":119,"to":122,"title":"WMID-C147E8: A coin issued by Hadrian","image_urls":["https://finds.org.uk/images/cjohnson/WMID-C147E8%20obv.jpg"]},{"from":119,"to":122,"title":"GLO-10F1B4: A coin issued by Hadrian","image_urls":["https://finds.org.uk/images/kadams/5964HadrianDenarius.JPG"]},{"from":119,"to":121,"title":"IOW-D5CE62: A coin issued by Hadrian","image_urls":["https://finds.org.uk/images/fbasford/IOW2015393.JPG"]},{"from":119,"to":122,"title":"SUSS-4B9454: A coin issued by Hadrian","image_urls":["https://finds.org.uk/images/04bowmant/SUSS4B9454.jpg"]},{"from":119,"to":122,"title":"SWYOR-3E5031: A coin issued by Hadrian","image_urls":["https://finds.org.uk/images/acooper/PAS_2149_coin.jpg"]},{"from":119,"to":122,"title":"DUR-20D856: A coin issued by Hadrian","image_urls":["https://finds.org.uk/images/a8622912/DUR-20D856.jpg"]},{"from":119,"to":119,"title":"SUR-E0D5E1: A coin issued by Hadrian","image_urls":["https://finds.org.uk/images/dwilliams/08.153.JPG"]},{"from":119,"to":122,"title":"NCL-523756: A coin issued by Hadrian","image_urls":["https://finds.org.uk/images/pwalton/671.jpg"]},{"from":119,"to":122,"title":"BM-9920ED: A coin issued by Hadrian","image_urls":["https://finds.org.uk/images/vdrost/BM_9920ED_R.JPG"]},{"from":119,"to":121,"title":"PUBLIC-7AD8F4: A coin issued by Hadrian","image_urls":["https://finds.org.uk/images/calow1/FLE14.%20607.JPG"]},{"from":119,"to":122,"title":"WAW-3BA416: A coin issued by Hadrian","image_urls":["https://finds.org.uk/images/rshenry/WAW-3BA416.jpg"]},{"from":119,"to":122,"title":"YORYM-E7D852: A coin issued by Hadrian","image_urls":["https://finds.org.uk/images/bmorris/LSF0001.jpg"]},{"from":119,"to":121,"title":"NARC-397D83: A coin issued by Hadrian","image_urls":["https://finds.org.uk/images/jcassidy/NARC-397D83b.jpg"]},{"from":119,"to":122,"title":"CORN-AFE565: A coin issued by Hadrian","image_urls":["https://finds.org.uk/images/atyacke/Romancoin010.JPG"]},{"from":119,"to":121,"title":"PUBLIC-BFE624: A coin issued by Hadrian","image_urls":["https://finds.org.uk/images/calow1/FLE12.319.JPG"]},{"from":119,"to":121,"title":"SWYOR-6A2524: A coin issued by Hadrian","image_urls":["https://finds.org.uk/images/acooper/PAS_1290_sestertius.jpg"]},{"from":119,"to":121,"title":"SOM-F86D64: A coin issued by Hadrian","image_urls":["https://finds.org.uk/images/elburnett/SOM-F86D64.JPG"]},{"from":119,"to":122,"title":"DEV-C9C3D7: A coin issued by Hadrian","image_urls":["https://finds.org.uk/images/dwootton/DEV-C9C3D7%20R102%20Hadrian.jpg"]},{"from":119,"to":119,"title":"NCL-059BC1: A coin issued by Hadrian","image_urls":["https://finds.org.uk/images/pwalton/1051.jpg"]},{"from":119,"to":122,"title":"LANCUM-916C84: A coin issued by Hadrian","image_urls":["https://finds.org.uk/images/dboughton/KDMDCP916C84.jpg"]},{"from":119,"to":121,"title":"DENO-9C7A77: A coin issued by Hadrian","image_urls":["https://finds.org.uk/images/cburrill2/E7052_Hadrian_Sestertius.jpg"]},{"from":119,"to":121,"title":"HAMP-FD8BB6: A coin issued by Hadrian","image_urls":["https://finds.org.uk/images/rhenry/HAMP-FD8BB6hadrian.jpg"]},{"from":119,"to":121,"title":"SF-E3A834: A coin issued by Hadrian","image_urls":["https://finds.org.uk/images/abrown/WKS_SFE3A834.jpg"]},{"from":119,"to":122,"title":"WILT-362C84: A coin issued by Hadrian","image_urls":["https://finds.org.uk/images/khinds/Henstridge0110denarius.jpg"]},{"from":119,"to":121,"title":"FASAM-5CC912: A coin issued by Hadrian","image_urls":["https://finds.org.uk/images/sam/FASAM5CC912R.JPG"]},{"from":119,"to":125,"title":"GLO-C584F6: A coin issued by Hadrian","image_urls":["https://finds.org.uk/images/kadams/2615%20Silver%20Denarius%20of%20Hadrian.jpg"]},{"from":119,"to":122,"title":"WMID-C94CC6: A coin issued by Hadrian","image_urls":["https://finds.org.uk/images/hglenn/WMID-C94CC6.jpg"]},{"from":119,"to":122,"title":"BERK-70020F: A coin issued by Hadrian","image_urls":["https://finds.org.uk/images/abyard/2014532.jpg"]},{"from":119,"to":119,"title":"NCL-44A517: A coin issued by Hadrian","image_urls":["https://finds.org.uk/images/pwalton/rturnbullsestert.jpg"]},{"from":119,"to":122,"title":"NMS-01CE86: A coin issued by Hadrian","image_urls":["https://finds.org.uk/images/amarsden/NMD052013hadrianvictoryden.jpg"]},{"from":119,"to":122,"title":"SF-FC85F0: A coin issued by Hadrian","image_urls":["https://finds.org.uk/images/abrown/WMH_SF-FC85F0.jpg"]},{"from":119,"to":121,"title":"SUSS-2FE9D5: A coin issued by Hadrian","image_urls":["https://finds.org.uk/images/lburnett/SUSS-2FE9D5.jpg"]},{"from":119,"to":128,"title":"IOW-4D4E95: A coin issued by Hadrian","image_urls":["https://finds.org.uk/images/fbasford/IOW2011-2-292.JPG"]},{"from":119,"to":122,"title":"BH-729576: A coin issued by Hadrian","image_urls":["https://finds.org.uk/images/dwatters/Roman%20coin%2006%20257%20-%2019.jpg"]},{"from":119,"to":121,"title":"WAW-041008: A coin issued by Hadrian","image_urls":["https://finds.org.uk/images/abolton/WAW-041008.jpg"]},{"from":119,"to":122,"title":"BERK-52DB74: A coin issued by Hadrian","image_urls":["https://finds.org.uk/images/abyard/2014382.jpg"]},{"from":119,"to":119,"title":"SOM-1AD886: A coin issued by Hadrian","image_urls":["https://finds.org.uk/images/annab/SOM-1AD886.jpg"]},{"from":119,"to":122,"title":"YORYM-777506: A coin issued by Hadrian","image_urls":["https://finds.org.uk/images/law/BR0382.jpg"]},{"from":119,"to":128,"title":"SOM-7E4307: A coin issued by Hadrian","image_urls":["https://finds.org.uk/images/alicef/SOM-7E4307.JPG"]},{"from":119,"to":122,"title":"LIN-CEC742: A coin issued by Hadrian","image_urls":["https://finds.org.uk/images/adaubney/LIN8702.JPG"]},{"from":119,"to":138,"title":"SUR-E2A26A: A coin issued by Hadrian","image_urls":["https://finds.org.uk/images/dwilliams/B15545.JPG"]},{"from":119,"to":122,"title":"CAM-B770B3: A coin issued by Hadrian","image_urls":["https://finds.org.uk/images/hfowler/CAMB770B3.jpg"]},{"from":119,"to":121,"title":"BM-0B9946: A coin issued by Hadrian","image_urls":["https://finds.org.uk/images/jasonlundock/bm0b9946.jpg"]},{"from":119,"to":138,"title":"SWYOR-83A877: A coin issued by Hadrian","image_urls":["https://finds.org.uk/images/amarshall/grot3a.jpg"]},{"from":119,"to":122,"title":"NCL-DBA333: A coin issued by Hadrian","image_urls":["https://finds.org.uk/images/rcollins/NCL-DBA333.JPG"]},{"from":119,"to":138,"title":"LEIC-0437DB: A coin issued by Hadrian","image_urls":["https://finds.org.uk/images/mf166/LEIC0437DB.jpg"]},{"from":119,"to":119,"title":"SOM-A9A74C: A coin issued by Hadrian","image_urls":["https://finds.org.uk/images/dchorney/SOM-A9A74C.jpg"]},{"from":119,"to":122,"title":"WMID-0243C8: A coin issued by Hadrian","image_urls":["https://finds.org.uk/images/tgilmore/WMID-0243C8.jpg"]},{"from":119,"to":119,"title":"SWYOR-C767E5: A coin issued by Hadrian","image_urls":["https://finds.org.uk/images/acooper/PAS_2537_Britainia.jpg"]},{"from":119,"to":122,"title":"HAMP2889: A coin issued by Hadrian","image_urls":["https://finds.org.uk/images/sworrell/hamp%202889.JPG"]},{"from":119,"to":138,"title":"CORN-E148A3: A coin issued by Hadrian","image_urls":["https://finds.org.uk/images/atyacke/Nov14finds079.JPG"]},{"from":119,"to":122,"title":"BUC-270B6A: A coin issued by Hadrian","image_urls":["https://finds.org.uk/images/rtyrrell/4DSCN9706.JPG"]},{"from":119,"to":122,"title":"BH-81E0D2: A coin issued by Hadrian","image_urls":["https://finds.org.uk/images/jwatters/Roman%20coin%2005%20179%20-%201.jpg"]},{"from":119,"to":122,"title":"NCL-FFF7F2: A coin issued by Hadrian","image_urls":["https://finds.org.uk/images/pwalton/1021.jpg"]},{"from":119,"to":122,"title":"DUR-346BA8: A coin issued by Hadrian","image_urls":["https://finds.org.uk/images/a8622912/DUR-346BA8.jpg"]},{"from":119,"to":128,"title":"SOM-3378A1: A coin issued by Hadrian","image_urls":["https://finds.org.uk/images/elburnett/SOM-3378A1.JPG"]},{"from":119,"to":122,"title":"WILT-B63944: A coin issued by Hadrian","image_urls":["https://finds.org.uk/images/jshoemark/WILTB63944.jpg"]},{"from":119,"to":121,"title":"HAMP-5F028D: A coin issued by Hadrian","image_urls":["https://finds.org.uk/images/khindshamp/HAMP-5F028D.jpg"]},{"from":119,"to":122,"title":"DUR-9AB231: A coin issued by Hadrian","image_urls":["https://finds.org.uk/images/a8622912/DUR-9AB231.jpg"]},{"from":119,"to":122,"title":"SF-AB7708: A coin issued by Hadrian","image_urls":["https://finds.org.uk/images/abrown/LYM_SF-AB7708.jpg"]},{"from":119,"to":122,"title":"SF-7B3626: A coin issued by Hadrian","image_urls":["https://finds.org.uk/images/abrown/SLY_SF-7B3626.jpg"]},{"from":119,"to":121,"title":"KENT-DBB3D8: A coin issued by Hadrian","image_urls":["https://finds.org.uk/images/arichardson/PAK126-128.JPG"]},{"from":119,"to":121,"title":"NARC-EEF681: A coin issued by Hadrian","image_urls":["https://finds.org.uk/images/tbrindle/NARC-EEF681RomanAsobv.jpg"]},{"from":119,"to":122,"title":"DOR-AE1D24: A coin issued by Hadrian","image_urls":["https://finds.org.uk/images/caht/AE1D24.jpg"]},{"from":119,"to":122,"title":"BUC-CC20E5: A coin issued by Hadrian","image_urls":["https://finds.org.uk/images/jmoss/TC70.jpg"]},{"from":119,"to":121,"title":"HAMP-68E5D6: A coin issued by Hadrian","image_urls":["https://finds.org.uk/images/rwebley/HAMP-68E5D6Hadriandup.jpg"]},{"from":119,"to":121,"title":"NMS-26AC27: A coin issued by Hadrian","image_urls":["https://finds.org.uk/images/amarsden/DDMD012012Hadriansestertius.jpg"]},{"from":119,"to":122,"title":"LANCUM-C861C4: A coin issued by Hadrian","image_urls":["https://finds.org.uk/images/dboughton/LANCUMC861C4.jpg"]},{"from":119,"to":122,"title":"BM-9908A9: A coin issued by Hadrian","image_urls":["https://finds.org.uk/images/vdrost/BM_9908A9_R.JPG"]},{"from":119,"to":122,"title":"BH-C78A64: A coin issued by Hadrian","image_urls":["https://finds.org.uk/images/jwatters/Roman_coin_10_171_3.jpg"]},{"from":119,"to":138,"title":"ESS-D25E21: A coin issued by Hadrian","image_urls":["https://finds.org.uk/images/cmcdonald/conway%20hadrian.jpg"]},{"from":119,"to":119,"title":"IOW-072A43: A coin issued by Hadrian","image_urls":["https://finds.org.uk/images/fbasford/IOW2005-104-10.JPG"]},{"from":119,"to":122,"title":"NCL-E3E351: A coin issued by Hadrian","image_urls":["https://finds.org.uk/images/pwalton/905.jpg"]},{"from":119,"to":122,"title":"IOW-5C68D5: A coin issued by Hadrian","image_urls":["https://finds.org.uk/images/fbasford/IOW2012-2-361.JPG"]},{"from":119,"to":122,"title":"SUR-3DDC68: A coin issued by Hadrian","image_urls":["https://finds.org.uk/images/dwilliams/AN01318603_001.jpg"]},{"from":119,"to":122,"title":"NCL-AC5944: A coin issued by Hadrian","image_urls":["https://finds.org.uk/images/pwalton/1084.jpg"]},{"from":119,"to":119,"title":"DEV-734B24: A coin issued by Hadrian","image_urls":["https://finds.org.uk/images/dwootton/DEV-734B24.jpg"]},{"from":119,"to":121,"title":"BH-AA3BC2: A coin issued by Hadrian","image_urls":["https://finds.org.uk/images/jwatters/Roman%20coin%2009%20179%20-%203.jpg"]},{"from":119,"to":122,"title":"WAW-5563B3: A coin issued by Hadrian","image_urls":["https://finds.org.uk/images/abolton/WAW-5563B3.jpg"]},{"from":119,"to":122,"title":"PUBLIC-DF4635: A coin issued by Hadrian","image_urls":["https://finds.org.uk/images/calow1/FLE11.22.JPG"]},{"from":119,"to":122,"title":"LEIC-528332: A coin issued by Hadrian","image_urls":["https://finds.org.uk/images/teeosw/LEIC528332.jpg"]},{"from":119,"to":119,"title":"NMS-A3BDA5: A coin issued by Republic","image_urls":["https://finds.org.uk/images/amarsden/ENMD042014erpden.jpg"]},{"from":119,"to":122,"title":"SF-4DE2C4: A coin issued by Hadrian","image_urls":["https://finds.org.uk/images/abrown/COL%20SF-4DE2C4.jpg"]},{"from":119,"to":122,"title":"NCL-8B8C57: A coin issued by Hadrian","image_urls":["https://finds.org.uk/images/pwalton/729.jpg"]},{"from":119,"to":122,"title":"BH-AE6546: A coin issued by Hadrian","image_urls":["https://finds.org.uk/images/jwatters/Roman%20coin%2006%20274%20-%203.jpg"]},{"from":119,"to":138,"title":"SOM-7B8FA5: A coin issued by Hadrian","image_urls":["https://finds.org.uk/images/npayne/7B8FA5.JPG"]},{"from":119,"to":119,"title":"SF-A41513: A coin issued by Hadrian","image_urls":["https://finds.org.uk/images/abrown/BRA%20SF-A41513.jpg"]},{"from":119,"to":122,"title":"SF-0D3825: A coin issued by Hadrian","image_urls":["https://finds.org.uk/images/abrown/Brettenham_SF-0D3825.jpg"]},{"from":119,"to":138,"title":"SWYOR-27E505: A coin issued by Hadrian","image_urls":["https://finds.org.uk/images/acooper/PAS_1181_11.jpg"]},{"from":119,"to":122,"title":"DENO-7211A0: A coin issued by Hadrian","image_urls":["https://finds.org.uk/images/arohde/E5971%203%20two-headed%20coin.jpg"]},{"from":119,"to":122,"title":"BERK-86B1D3: A coin issued by Hadrian","image_urls":["https://finds.org.uk/images/maritime/330b%20Berk%2086B1D3.jpg"]},{"from":119,"to":122,"title":"NCL-99FF55: A coin issued by Hadrian","image_urls":["https://finds.org.uk/images/pwalton/670.jpg"]},{"from":119,"to":121,"title":"WMID-A4E9CF: A coin issued by Hadrian","image_urls":["https://finds.org.uk/images/gehitchens/WMIDA4E9CF.jpg"]},{"from":119,"to":138,"title":"KENT-DB9191: A coin issued by Hadrian","image_urls":["https://finds.org.uk/images/arichardson/PAK126-124.JPG"]},{"from":119,"to":138,"title":"KENT-BDD141: A coin issued by Hadrian","image_urls":["https://finds.org.uk/images/arichardson/PAK110-103.jpg"]},{"from":119,"to":121,"title":"BM-5179C7: A coin issued by Hadrian","image_urls":["https://finds.org.uk/images/jasonlundock/5487.jpg"]},{"from":119,"to":121,"title":"NLM-686A47: A coin issued by Hadrian","image_urls":["https://finds.org.uk/images/mforeman/NLM27471.jpg"]},{"from":119,"to":122,"title":"WAW-FDA67D: A coin issued by Hadrian","image_urls":["https://finds.org.uk/images/abolton/WAWFDA67D.jpg"]},{"from":119,"to":122,"title":"YORYM-AA6469: A coin issued by Hadrian","image_urls":["https://finds.org.uk/images/bmorris/SPB0030.jpg"]},{"from":119,"to":122,"title":"SWYOR-F73512: A coin issued by Hadrian","image_urls":["https://finds.org.uk/images/acooper/PAS%20420%20Hadrian%20coin.jpg"]},{"from":119,"to":121,"title":"WAW-A65B94: A coin issued by Hadrian","image_urls":["https://finds.org.uk/images/abolton/WAW-A65B94.jpg"]},{"from":119,"to":122,"title":"CORN-0F4F73: A coin issued by Hadrian","image_urls":["https://finds.org.uk/images/atyacke/July10finds%20001.jpg"]},{"from":119,"to":138,"title":"CORN-3ED487: A coin issued by Hadrian","image_urls":["https://finds.org.uk/images/atyacke/Romanfinds%20005.jpg"]},{"from":119,"to":122,"title":"SF-7C21ED: A coin issued by Hadrian","image_urls":["https://finds.org.uk/images/abrown/BND_SF7C21ED.jpg"]},{"from":119,"to":122,"title":"HESH-C35807: A coin issued by Hadrian","image_urls":["https://finds.org.uk/images/preavill/HESH-C35807.jpg"]},{"from":119,"to":119,"title":"DUR-1173B1: A coin issued by Hadrian","image_urls":["https://finds.org.uk/images/emorris/John%20Wilson%20Hadrian.jpg"]},{"from":119,"to":121,"title":"DEV-D36FF1: A coin issued by Hadrian","image_urls":["https://finds.org.uk/images/dwootton/DEV-D36FF1-R14%20COMPLETED.jpg"]},{"from":119,"to":122,"title":"IOW-447141: A coin issued by Hadrian","image_urls":["https://finds.org.uk/images/fbasford/IOW2010-1-199.JPG"]},{"from":119,"to":122,"title":"SUSS-CF3486: A coin issued by Hadrian","image_urls":["https://finds.org.uk/images/lburnett/SUSS-CF3486.JPG"]},{"from":119,"to":122,"title":"LANCUM-EAF103: A coin issued by Hadrian","image_urls":["https://finds.org.uk/images/dboughton/LVMDMLEAF103.jpg"]},{"from":119,"to":122,"title":"BH-143F11: A coin issued by Hadrian","image_urls":["https://finds.org.uk/images/jwatters/Roman_coin_12_105_37.jpg"]},{"from":119,"to":119,"title":"DENO-81DAC4: A coin issued by Hadrian","image_urls":["https://finds.org.uk/images/arohde/E6263%20dupondius.jpg"]},{"from":119,"to":122,"title":"SF-19FB83: A coin issued by Hadrian","image_urls":["https://finds.org.uk/images/abrown/ASG_SF-19FB83.jpg"]},{"from":119,"to":122,"title":"LANCUM-06B3A5: A coin issued by Hadrian","image_urls":["https://finds.org.uk/images/dboughton/BiFDT06B3A5.jpg"]},{"from":119,"to":138,"title":"NCL-FA7AD2: A coin issued by Sabina","image_urls":["https://finds.org.uk/images/rcollins/R.%20Turnbull%20Sabina%20sestertius.jpg"]},{"from":119,"to":122,"title":"BH-6DAFA0: A coin issued by Hadrian","image_urls":["https://finds.org.uk/images/jwatters/Roman_coin_11_153_3.jpg"]},{"from":119,"to":138,"title":"SUR-281B75: A coin issued by Hadrian","image_urls":["https://finds.org.uk/images/dwilliams/B11-393.jpg"]},{"from":119,"to":121,"title":"LIN-D14FC3: A coin issued by Hadrian","image_urls":["https://finds.org.uk/images/adaubney/LIN6650.JPG"]},{"from":119,"to":122,"title":"PUBLIC-4A0521: A coin issued by Hadrian","image_urls":["https://finds.org.uk/images/calow1/FLE12.%20257.JPG"]},{"from":119,"to":121,"title":"CORN-B0C062: A coin issued by Hadrian","image_urls":["https://finds.org.uk/images/atyacke/Romancoin002.JPG"]},{"from":119,"to":119,"title":"HAMP-890345: A coin issued by Hadrian","image_urls":["https://finds.org.uk/images/ellysg1/HAMP-890345Hadrianas.jpg"]},{"from":119,"to":125,"title":"SWYOR-83A207: A coin issued by Hadrian","image_urls":["https://finds.org.uk/images/acooper/PAS_1405_3.jpg"]},{"from":119,"to":122,"title":"BERK-B4C1C6: A coin issued by Hadrian","image_urls":["https://finds.org.uk/images/abyard/TDavis2010079.jpg"]},{"from":119,"to":121,"title":"WILT-52D586: A coin issued by Hadrian","image_urls":["https://finds.org.uk/images/khinds/Last0809coin1.jpg"]},{"from":119,"to":122,"title":"WAW-0C1700: A coin issued by Hadrian","image_urls":["https://finds.org.uk/images/abolton/WAW-0C1700.jpg"]},{"from":119,"to":122,"title":"SUSS-A667C4: A coin issued by Hadrian","image_urls":["https://finds.org.uk/images/lburnett/SUSS-A667C4%20.JPG"]},{"from":119,"to":121,"title":"SUSS-120624: A coin issued by Hadrian","image_urls":["https://finds.org.uk/images/stephaniesmith/SUSS-120624Hadrian.jpg"]},{"from":119,"to":119,"title":"IOW-C34833: A coin issued by Hadrian","image_urls":["https://finds.org.uk/images/fbasford/IOW2012-2-371.JPG"]},{"from":119,"to":122,"title":"YORYM-FB47B7: A coin issued by Trajan","image_urls":["https://finds.org.uk/images/kmarsden/MW0075.jpg"]},{"from":119,"to":119,"title":"HAMP-4774A2: A coin issued by Hadrian","image_urls":["https://finds.org.uk/images/rwebley/HAMP-4774A2Hadrianas.jpg"]},{"from":119,"to":122,"title":"NCL-E8ED91: A coin issued by Hadrian","image_urls":["https://finds.org.uk/images/pwalton/822.jpg"]},{"from":119,"to":119,"title":"GLO-642A62: A coin issued by Hadrian","image_urls":["https://finds.org.uk/images/kadams/4604AsofHadrian.jpg"]},{"from":119,"to":122,"title":"LANCUM-299724: A coin issued by Hadrian","image_urls":["https://finds.org.uk/images/justineemma/Hadrian%20coin.jpg"]},{"from":119,"to":119,"title":"SWYOR-2A6A57: A coin issued by Hadrian","image_urls":["https://finds.org.uk/images/acooper/PAS_1181_20.jpg"]},{"from":119,"to":122,"title":"BH-E343C5: A coin issued by Hadrian","image_urls":["https://finds.org.uk/images/jwatters/Roman_coin_12_56_2.jpg"]},{"from":119,"to":122,"title":"WMID-EBA4E2: A coin issued by Hadrian","image_urls":["https://finds.org.uk/images/cjohnson/WMID-EBA4E2.jpg"]},{"from":119,"to":138,"title":"HAMP-E662F6: A coin issued by Hadrian","image_urls":["https://finds.org.uk/images/khindshamp/HAMPE662F6.jpg"]},{"from":119,"to":138,"title":"ESS-C57B72: A coin issued by Hadrian","image_urls":["https://finds.org.uk/images/cmcdonald/Brown%20hadrian%20den.jpg"]},{"from":119,"to":122,"title":"SF-6287FF: A coin issued by Hadrian","image_urls":["https://finds.org.uk/images/abrown/Kenninghall_SF6287FF.jpg"]},{"from":119,"to":121,"title":"BH-FFF516: A coin issued by Hadrian","image_urls":["https://finds.org.uk/images/jwatters/Roman_coin_14_67_86.jpg"]},{"from":119,"to":122,"title":"YORYM-CF3501: A coin issued by Hadrian","image_urls":["https://finds.org.uk/images/bmorris/SG0013.jpg"]},{"from":119,"to":122,"title":"BM-989438: A coin with an unrecorded/uncertain issuer.","image_urls":["https://finds.org.uk/images/vdrost/BM_989438bis_R.JPG"]},{"from":119,"to":122,"title":"LVPL-93F327: A coin issued by Hadrian","image_urls":["https://finds.org.uk/images/voakden/LVPL-93F327.jpg"]},{"from":119,"to":121,"title":"LANCUM-BB2842: A coin issued by Hadrian","image_urls":["https://finds.org.uk/images/dboughton/SRMDMRBAF9B1.jpg"]},{"from":119,"to":121,"title":"SWYOR-D67F23: A coin issued by Hadrian","image_urls":["https://finds.org.uk/images/acooper/PAS_2003_coin.jpg"]},{"from":119,"to":122,"title":"BH-1E0E83: A coin issued by Hadrian","image_urls":["https://finds.org.uk/images/jwatters/Roman_coin_11_148_2.jpg"]},{"from":119,"to":122,"title":"SWYOR-81B23B: A coin issued by Hadrian","image_urls":["https://finds.org.uk/images/acooper/PAS_2454_Minerva.jpg"]},{"from":119,"to":122,"title":"YORYM-00C037: A coin issued by Hadrian","image_urls":["https://finds.org.uk/images/law/BR0026.jpg"]},{"from":119,"to":122,"title":"LEIC-0D7584: A coin issued by Hadrian","image_urls":["https://finds.org.uk/images/wscott/09T748%200D7584.JPG"]},{"from":119,"to":119,"title":"FASAM-A2BFB1: A coin issued by Hadrian","image_urls":["https://finds.org.uk/images/sam/Bythorn%20Hadrian%20As%20rev.jpg"]},{"from":119,"to":122,"title":"SF-BDDE47: A coin issued by Hadrian","image_urls":["https://finds.org.uk/images/abrown/GreatBraxted_SF-BDDE47.jpg"]},{"from":119,"to":124,"title":"IOW-2FD554: A coin issued by Hadrian","image_urls":["https://finds.org.uk/images/fbasford/IOW2011-1-476.JPG"]},{"from":119,"to":122,"title":"BM-60EE55: A coin issued by Hadrian","image_urls":["https://finds.org.uk/images/jasonlundock/5157.jpg"]},{"from":119,"to":119,"title":"SUR-3D0D68: A coin issued by Hadrian","image_urls":["https://finds.org.uk/images/dwilliams/B15520.JPG"]},{"from":119,"to":122,"title":"BH-5691B4: A coin issued by Hadrian","image_urls":["https://finds.org.uk/images/laural/Roman%20coin%2007%2039%20-%205.jpg"]},{"from":119,"to":122,"title":"LANCUM-571C34: A coin issued by Hadrian","image_urls":["https://finds.org.uk/images/dboughton/BFMDIH571C34.jpg"]},{"from":119,"to":122,"title":"RIC II Hadrian 90b (denarius). 1944.100.44812","image_urls":["http://numismatics.org/collectionimages/19001949/1944/1944.100.44812.rev.width350.jpg"]},{"from":119,"to":122,"title":"RIC II Hadrian 67b. 1911.23.87","image_urls":["http://numismatics.org/collectionimages/19001949/1911/1911.23.87.rev.width350.jpg"]},{"from":119,"to":120,"title":"Bronze Coin, Seleuceia ad Tigrim, AD 119 - AD 120. 1944.100.83325","image_urls":["http://numismatics.org/collectionimages/19001949/1944/1944.100.83325.rev.width350.jpg"]},{"from":119,"to":122,"title":"RIC II Hadrian 137B. 1956.127.151","image_urls":["http://numismatics.org/collectionimages/19501999/1956/1956.127.151.rev.width350.jpg"]},{"from":119,"to":122,"title":"RIC II Hadrian 562B. 1906.236.315","image_urls":["http://numismatics.org/collectionimages/19001949/1906/1906.236.315.rev.width350.jpg"]},{"from":119,"to":122,"title":"RIC II Hadrian 129a. 1944.100.44833","image_urls":["http://numismatics.org/collectionimages/19001949/1944/1944.100.44833.rev.width350.jpg"]},{"from":119,"to":122,"title":"RIC II Hadrian 113b. 1944.100.44827","image_urls":["http://numismatics.org/collectionimages/19001949/1944/1944.100.44827.rev.width350.jpg"]},{"from":119,"to":121,"title":"RIC II Hadrian 597C. 1995.11.275","image_urls":["http://numismatics.org/collectionimages/19501999/1995/1995.11.275.rev.width350.jpg"]},{"from":119,"to":122,"title":"RIC II Hadrian 90a (denarius). 0000.999.52784","image_urls":["http://numismatics.org/collectionimages/00001899/0000/0000.999.52784.rev.width350.jpg"]},{"from":119,"to":122,"title":"RIC II Hadrian 126b. 1985.140.102","image_urls":["http://numismatics.org/collectionimages/19501999/1985/1985.140.102.rev.width350.jpg"]},{"from":119,"to":122,"title":"RIC II Hadrian 133b. 1944.100.44836","image_urls":["http://numismatics.org/collectionimages/19001949/1944/1944.100.44836.rev.width350.jpg"]},{"from":119,"to":122,"title":"RIC II Hadrian 137A (denarius). 1956.127.148","image_urls":["http://numismatics.org/collectionimages/19501999/1956/1956.127.148.rev.width350.jpg"]},{"from":119,"to":122,"title":"RIC II Hadrian 139b. 1911.23.115","image_urls":["http://numismatics.org/collectionimages/19001949/1911/1911.23.115.rev.width350.jpg"]},{"from":119,"to":122,"title":"RIC II Hadrian 94b. 1956.127.1761","image_urls":["http://numismatics.org/collectionimages/19501999/1956/1956.127.1761.rev.width350.jpg"]},{"from":119,"to":122,"title":"RIC II Hadrian 80b. 1956.127.1755","image_urls":["http://numismatics.org/collectionimages/19501999/1956/1956.127.1755.rev.width350.jpg"]},{"from":119,"to":122,"title":"RIC II Hadrian 117c. 1911.23.106","image_urls":["http://numismatics.org/collectionimages/19001949/1911/1911.23.106.rev.width350.jpg"]},{"from":119,"to":122,"title":"RIC II Hadrian 77c (aureus). 1960.175.14","image_urls":["http://numismatics.org/collectionimages/19501999/1960/1960.175.14.rev.width350.jpg"]},{"from":119,"to":122,"title":"RIC II Hadrian 574. 1944.100.45624","image_urls":["http://numismatics.org/collectionimages/19001949/1944/1944.100.45624.rev.width350.jpg"]},{"from":119,"to":121,"title":"RIC II Hadrian 604A. 1944.100.45639","image_urls":["http://numismatics.org/collectionimages/19001949/1944/1944.100.45639.rev.width350.jpg"]},{"from":119,"to":122,"title":"RIC II Hadrian 101b. 1956.127.1764","image_urls":["http://numismatics.org/collectionimages/19501999/1956/1956.127.1764.rev.width350.jpg"]},{"from":119,"to":121,"title":"RIC II Hadrian 594B. 1947.2.1299","image_urls":["http://numismatics.org/collectionimages/19001949/1947/1947.2.1299.rev.width350.jpg"]},{"from":119,"to":122,"title":"RIC II Hadrian 117a. 1956.127.130","image_urls":["http://numismatics.org/collectionimages/19501999/1956/1956.127.130.rev.width350.jpg"]},{"from":119,"to":122,"title":"RIC II Hadrian 133a. 1956.127.145","image_urls":["http://numismatics.org/collectionimages/19501999/1956/1956.127.145.rev.width350.jpg"]},{"from":119,"to":122,"title":"RIC II Hadrian 118b. 1956.127.133","image_urls":["http://numismatics.org/collectionimages/19501999/1956/1956.127.133.rev.width350.jpg"]},{"from":119,"to":122,"title":"RIC II Hadrian 129b. 1948.19.1198","image_urls":["http://numismatics.org/collectionimages/19001949/1948/1948.19.1198.rev.width350.jpg"]},{"from":119,"to":122,"title":"RIC II Hadrian 95a. 1944.100.44815","image_urls":["http://numismatics.org/collectionimages/19001949/1944/1944.100.44815.rev.width350.jpg"]},{"from":119,"to":121,"title":"RIC II Hadrian 594A. 1944.100.45633","image_urls":["http://numismatics.org/collectionimages/19001949/1944/1944.100.45633.rev.width350.jpg"]},{"from":119,"to":122,"title":"RIC II Hadrian 129b. 1947.97.400","image_urls":["http://numismatics.org/collectionimages/19001949/1947/1947.97.400.rev.width350.jpg"]},{"from":119,"to":122,"title":"RIC II Hadrian 103b (quinarius). 1944.100.44821","image_urls":["http://numismatics.org/collectionimages/19001949/1944/1944.100.44821.rev.width350.jpg"]},{"from":119,"to":122,"title":"RIC II Hadrian 115b. 1956.127.1767","image_urls":["http://numismatics.org/collectionimages/19501999/1956/1956.127.1767.rev.width350.jpg"]},{"from":119,"to":122,"title":"RIC II Hadrian 141b. 1956.127.156","image_urls":["http://numismatics.org/collectionimages/19501999/1956/1956.127.156.rev.width350.jpg"]},{"from":119,"to":122,"title":"RIC II Hadrian 137B. 1944.100.44838","image_urls":["http://numismatics.org/collectionimages/19001949/1944/1944.100.44838.rev.width350.jpg"]},{"from":119,"to":122,"title":"RIC II Hadrian 131b. 1944.100.44832","image_urls":["http://numismatics.org/collectionimages/19001949/1944/1944.100.44832.rev.width350.jpg"]},{"from":119,"to":122,"title":"RIC II Hadrian 75a. 1941.131.793","image_urls":["http://numismatics.org/collectionimages/19001949/1941/1941.131.793.rev.width350.jpg"]},{"from":119,"to":121,"title":"RIC II Hadrian 605. 1995.11.274","image_urls":["http://numismatics.org/collectionimages/19501999/1995/1995.11.274.rev.width350.jpg"]},{"from":119,"to":122,"title":"RIC II Hadrian 67b. 1944.100.44805","image_urls":["http://numismatics.org/collectionimages/19001949/1944/1944.100.44805.rev.width350.jpg"]},{"from":119,"to":122,"title":"RIC II Hadrian 101b. 0000.999.18573","image_urls":["http://numismatics.org/collectionimages/00001899/0000/0000.999.18573.rev.width350.jpg"]},{"from":119,"to":122,"title":"RIC II Hadrian 83b. 1995.11.196","image_urls":["http://numismatics.org/collectionimages/19501999/1995/1995.11.196.rev.width350.jpg"]},{"from":119,"to":122,"title":"RIC II Hadrian 105. 1946.7.7","image_urls":["http://numismatics.org/collectionimages/19001949/1946/1946.7.7.rev.width350.jpg"]},{"from":119,"to":122,"title":"RIC II Hadrian 101a. 1948.19.1194","image_urls":["http://numismatics.org/collectionimages/19001949/1948/1948.19.1194.rev.width350.jpg"]},{"from":119,"to":122,"title":"RIC II Hadrian 563B. 1944.100.45621","image_urls":["http://numismatics.org/collectionimages/19001949/1944/1944.100.45621.rev.width350.jpg"]},{"from":119,"to":122,"title":"RIC II Hadrian 95b. 1956.127.121","image_urls":["http://numismatics.org/collectionimages/19501999/1956/1956.127.121.rev.width350.jpg"]},{"from":119,"to":120,"title":"Bronze Drachm of Hadrian, Alexandreia, AD 119 - AD 120. 1944.100.58344","image_urls":["http://numismatics.org/collectionimages/19001949/1944/1944.100.58344.rev.width350.jpg"]},{"from":119,"to":122,"title":"RIC II Hadrian 83b. 1956.127.115","image_urls":["http://numismatics.org/collectionimages/19501999/1956/1956.127.115.rev.width350.jpg"]},{"from":119,"to":122,"title":"RIC II Hadrian 139b. 1987.26.156","image_urls":["http://numismatics.org/collectionimages/19501999/1987/1987.26.156.rev.width350.jpg"]},{"from":119,"to":122,"title":"RIC II Hadrian 128b. 1956.127.142","image_urls":["http://numismatics.org/collectionimages/19501999/1956/1956.127.142.rev.width350.jpg"]},{"from":119,"to":121,"title":"RIC II Hadrian 586A. 1984.176.20","image_urls":["http://numismatics.org/collectionimages/19501999/1984/1984.176.20.rev.width350.jpg"]},{"from":119,"to":122,"title":"RIC II Hadrian 100b. 1944.100.44818","image_urls":["http://numismatics.org/collectionimages/19001949/1944/1944.100.44818.rev.width350.jpg"]},{"from":119,"to":122,"title":"RIC II Hadrian 90a (denarius). 1956.127.1776","image_urls":["http://numismatics.org/collectionimages/19501999/1956/1956.127.1776.rev.width350.jpg"]},{"from":119,"to":122,"title":"RIC II Hadrian 135a. 1995.11.251","image_urls":["http://numismatics.org/collectionimages/19501999/1995/1995.11.251.rev.width350.jpg"]},{"from":119,"to":121,"title":"RIC II Hadrian 599B. 1944.100.45636","image_urls":["http://numismatics.org/collectionimages/19001949/1944/1944.100.45636.rev.width350.jpg"]},{"from":119,"to":122,"title":"RIC II Hadrian 67b. 1956.127.1740","image_urls":["http://numismatics.org/collectionimages/19501999/1956/1956.127.1740.rev.width350.jpg"]},{"from":119,"to":122,"title":"RIC II Hadrian 81b. 1956.127.1749","image_urls":["http://numismatics.org/collectionimages/19501999/1956/1956.127.1749.rev.width350.jpg"]},{"from":119,"to":122,"title":"RIC II Hadrian 137A (denarius). 1956.127.147","image_urls":["http://numismatics.org/collectionimages/19501999/1956/1956.127.147.rev.width350.jpg"]},{"from":119,"to":122,"title":"RIC II Hadrian 81b. 1956.127.1751","image_urls":["http://numismatics.org/collectionimages/19501999/1956/1956.127.1751.rev.width350.jpg"]},{"from":119,"to":122,"title":"RIC II Hadrian 94b. 1944.100.44814","image_urls":["http://numismatics.org/collectionimages/19001949/1944/1944.100.44814.rev.width350.jpg"]},{"from":119,"to":122,"title":"RIC II Hadrian 75a. 1944.100.44808","image_urls":["http://numismatics.org/collectionimages/19001949/1944/1944.100.44808.rev.width350.jpg"]},{"from":119,"to":122,"title":"RIC II Hadrian 139b. 1911.23.114","image_urls":["http://numismatics.org/collectionimages/19001949/1911/1911.23.114.rev.width350.jpg"]},{"from":119,"to":122,"title":"RIC II Hadrian 120a. 1911.23.108","image_urls":["http://numismatics.org/collectionimages/19001949/1911/1911.23.108.rev.width350.jpg"]},{"from":119,"to":122,"title":"RIC II Hadrian 69b. 1916.192.209","image_urls":["http://numismatics.org/collectionimages/19001949/1916/1916.192.209.rev.width350.jpg"]},{"from":119,"to":122,"title":"RIC II Hadrian 562B. 1995.11.256","image_urls":["http://numismatics.org/collectionimages/19501999/1995/1995.11.256.rev.width350.jpg"]},{"from":119,"to":122,"title":"RIC II Hadrian 118b. 1956.127.132","image_urls":["http://numismatics.org/collectionimages/19501999/1956/1956.127.132.rev.width350.jpg"]},{"from":119,"to":121,"title":"RIC II Hadrian 598B. 0000.999.18945","image_urls":["http://numismatics.org/collectionimages/00001899/0000/0000.999.18945.rev.width350.jpg"]},{"from":119,"to":121,"title":"RIC II Hadrian 582A. 1944.100.45626","image_urls":["http://numismatics.org/collectionimages/19001949/1944/1944.100.45626.rev.width350.jpg"]},{"from":119,"to":122,"title":"RIC II Hadrian 568. 1955.18.7","image_urls":["http://numismatics.org/collectionimages/19501999/1955/1955.18.7.rev.width350.jpg"]},{"from":119,"to":121,"title":"RIC II Hadrian 605. 1941.2.5","image_urls":["http://numismatics.org/collectionimages/19001949/1941/1941.2.5.rev.width350.jpg"]},{"from":119,"to":122,"title":"RIC II Hadrian 101b. 1985.140.99","image_urls":["http://numismatics.org/collectionimages/19501999/1985/1985.140.99.rev.width350.jpg"]},{"from":119,"to":122,"title":"RIC II Hadrian 126a. 1948.19.1197","image_urls":["http://numismatics.org/collectionimages/19001949/1948/1948.19.1197.rev.width350.jpg"]},{"from":119,"to":122,"title":"RIC II Hadrian 75b. 1944.100.44806","image_urls":["http://numismatics.org/collectionimages/19001949/1944/1944.100.44806.rev.width350.jpg"]},{"from":119,"to":122,"title":"RIC II Hadrian 91. 1960.175.15","image_urls":["http://numismatics.org/collectionimages/19501999/1960/1960.175.15.rev.width350.jpg"]},{"from":119,"to":122,"title":"RIC II Hadrian 77c (denarius). 1911.23.93","image_urls":["http://numismatics.org/collectionimages/19001949/1911/1911.23.93.rev.width350.jpg"]},{"from":119,"to":120,"title":"Billon Tetradrachm of Hadrian, Alexandreia, AD 119 - AD 120. 1944.100.56413","image_urls":["http://numismatics.org/collectionimages/19001949/1944/1944.100.56413.rev.width350.jpg"]},{"from":119,"to":122,"title":"RIC II Hadrian 80b. 1956.127.1746","image_urls":["http://numismatics.org/collectionimages/19501999/1956/1956.127.1746.rev.width350.jpg"]},{"from":119,"to":122,"title":"RIC II Hadrian 100b. 1911.23.100","image_urls":["http://numismatics.org/collectionimages/19001949/1911/1911.23.100.rev.width350.jpg"]},{"from":119,"to":122,"title":"RIC II Hadrian 126a. 1911.23.109","image_urls":["http://numismatics.org/collectionimages/19001949/1911/1911.23.109.rev.width350.jpg"]},{"from":119,"to":122,"title":"RIC II Hadrian 80b. 1956.127.112","image_urls":["http://numismatics.org/collectionimages/19501999/1956/1956.127.112.rev.width350.jpg"]},{"from":119,"to":122,"title":"RIC II Hadrian 110a. 1956.127.127","image_urls":["http://numismatics.org/collectionimages/19501999/1956/1956.127.127.rev.width350.jpg"]},{"from":119,"to":121,"title":"RIC II Hadrian 601C. 1906.236.317","image_urls":["http://numismatics.org/collectionimages/19001949/1906/1906.236.317.rev.width350.jpg"]},{"from":119,"to":122,"title":"RIC II Hadrian 110b. 1944.100.44823","image_urls":["http://numismatics.org/collectionimages/19001949/1944/1944.100.44823.rev.width350.jpg"]},{"from":119,"to":122,"title":"RIC II Hadrian 95b. 1911.23.98","image_urls":["http://numismatics.org/collectionimages/19001949/1911/1911.23.98.rev.width350.jpg"]},{"from":119,"to":121,"title":"RIC II Hadrian 586C. 1987.17.13","image_urls":["http://numismatics.org/collectionimages/19501999/1987/1987.17.13.rev.width350.jpg"]},{"from":119,"to":122,"title":"RIC II Hadrian 101a. 1956.127.124","image_urls":["http://numismatics.org/collectionimages/19501999/1956/1956.127.124.rev.width350.jpg"]},{"from":119,"to":122,"title":"RIC II Hadrian 94b. 1956.127.118","image_urls":["http://numismatics.org/collectionimages/19501999/1956/1956.127.118.rev.width350.jpg"]},{"from":119,"to":122,"title":"RIC II Hadrian 86a. 1956.127.1758","image_urls":["http://numismatics.org/collectionimages/19501999/1956/1956.127.1758.rev.width350.jpg"]},{"from":119,"to":122,"title":"RIC II Hadrian 86b. 1985.140.97","image_urls":["http://numismatics.org/collectionimages/19501999/1985/1985.140.97.rev.width350.jpg"]},{"from":119,"to":122,"title":"RIC II Hadrian 110b. 1948.19.1195","image_urls":["http://numismatics.org/collectionimages/19001949/1948/1948.19.1195.rev.width350.jpg"]},{"from":119,"to":122,"title":"RIC II Hadrian 127a. 1956.127.139","image_urls":["http://numismatics.org/collectionimages/19501999/1956/1956.127.139.rev.width350.jpg"]},{"from":119,"to":122,"title":"RIC II Hadrian 77b. 1948.19.1189","image_urls":["http://numismatics.org/collectionimages/19001949/1948/1948.19.1189.rev.width350.jpg"]},{"from":119,"to":121,"title":"RIC II Hadrian 589B. 1944.100.45630","image_urls":["http://numismatics.org/collectionimages/19001949/1944/1944.100.45630.rev.width350.jpg"]},{"from":119,"to":122,"title":"RIC II Hadrian 67b. 1956.127.99","image_urls":["http://numismatics.org/collectionimages/19501999/1956/1956.127.99.rev.width350.jpg"]},{"from":119,"to":122,"title":"RIC II Hadrian 131a. 1944.100.44835","image_urls":["http://numismatics.org/collectionimages/19001949/1944/1944.100.44835.rev.width350.jpg"]},{"from":119,"to":122,"title":"RIC II Hadrian 96b. 1956.127.1763","image_urls":["http://numismatics.org/collectionimages/19501999/1956/1956.127.1763.rev.width350.jpg"]},{"from":119,"to":121,"title":"RIC II Hadrian 594B. 1995.11.268","image_urls":["http://numismatics.org/collectionimages/19501999/1995/1995.11.268.rev.width350.jpg"]},{"from":119,"to":122,"title":"RIC II Hadrian 137B. 1956.127.150","image_urls":["http://numismatics.org/collectionimages/19501999/1956/1956.127.150.rev.width350.jpg"]},{"from":119,"to":122,"title":"RIC II Hadrian 133a. 1956.127.144","image_urls":["http://numismatics.org/collectionimages/19501999/1956/1956.127.144.rev.width350.jpg"]},{"from":119,"to":122,"title":"RIC II Hadrian 83b. 1944.100.44811","image_urls":["http://numismatics.org/collectionimages/19001949/1944/1944.100.44811.rev.width350.jpg"]},{"from":119,"to":122,"title":"RIC II Hadrian 77c (denarius). 1911.23.92","image_urls":["http://numismatics.org/collectionimages/19001949/1911/1911.23.92.rev.width350.jpg"]},{"from":119,"to":122,"title":"RIC II Hadrian 138. 1948.19.1199","image_urls":["http://numismatics.org/collectionimages/19001949/1948/1948.19.1199.rev.width350.jpg"]},{"from":119,"to":120,"title":"Billon Tetradrachm of Hadrian, Alexandreia, AD 119 - AD 120. 1944.100.56415","image_urls":["http://numismatics.org/collectionimages/19001949/1944/1944.100.56415.rev.width350.jpg"]},{"from":119,"to":122,"title":"RIC II Hadrian 95c. 1944.100.44816","image_urls":["http://numismatics.org/collectionimages/19001949/1944/1944.100.44816.rev.width350.jpg"]},{"from":119,"to":122,"title":"RIC II Hadrian 81b. 1948.19.1190","image_urls":["http://numismatics.org/collectionimages/19001949/1948/1948.19.1190.rev.width350.jpg"]},{"from":119,"to":122,"title":"RIC II Hadrian 113a. 1935.117.400","image_urls":["http://numismatics.org/collectionimages/19001949/1935/1935.117.400.rev.width350.jpg"]},{"from":119,"to":122,"title":"RIC II Hadrian 117c. 1919.86.16","image_urls":["http://numismatics.org/collectionimages/19001949/1919/1919.86.16.rev.width350.jpg"]},{"from":119,"to":122,"title":"RIC II Hadrian 137A (denarius). 1944.100.44837","image_urls":["http://numismatics.org/collectionimages/19001949/1944/1944.100.44837.rev.width350.jpg"]},{"from":119,"to":122,"title":"RIC II Hadrian 90b (denarius). 1912.52.11","image_urls":["http://numismatics.org/collectionimages/19001949/1912/1912.52.11.rev.width350.jpg"]},{"from":119,"to":122,"title":"RIC II Hadrian 570. 1947.97.401","image_urls":["http://numismatics.org/collectionimages/19001949/1947/1947.97.401.rev.width350.jpg"]},{"from":119,"to":122,"title":"RIC II Hadrian 139b. 1956.127.155","image_urls":["http://numismatics.org/collectionimages/19501999/1956/1956.127.155.rev.width350.jpg"]},{"from":119,"to":122,"title":"RIC II Hadrian 137A (denarius). 1956.127.149","image_urls":["http://numismatics.org/collectionimages/19501999/1956/1956.127.149.rev.width350.jpg"]},{"from":119,"to":122,"title":"RIC II Hadrian 108a. 1944.100.44822","image_urls":["http://numismatics.org/collectionimages/19001949/1944/1944.100.44822.rev.width350.jpg"]},{"from":119,"to":122,"title":"RIC II Hadrian 113b. 1991.8.16","image_urls":["http://numismatics.org/collectionimages/19501999/1991/1991.8.16.rev.width350.jpg"]},{"from":119,"to":122,"title":"RIC II Hadrian 80a. 1995.11.186","image_urls":["http://numismatics.org/collectionimages/19501999/1995/1995.11.186.rev.width350.jpg"]},{"from":119,"to":122,"title":"RIC II Hadrian 127b (denarius). 1956.127.140","image_urls":["http://numismatics.org/collectionimages/19501999/1956/1956.127.140.rev.width350.jpg"]},{"from":119,"to":122,"title":"RIC II Hadrian 94b. 1995.11.195","image_urls":["http://numismatics.org/collectionimages/19501999/1995/1995.11.195.rev.width350.jpg"]},{"from":119,"to":120,"title":"Billon Tetradrachm of Hadrian, Alexandreia, AD 119 - AD 120. 1932.999.287","image_urls":["http://numismatics.org/collectionimages/19001949/1932/1932.999.287.rev.width350.jpg"]},{"from":119,"to":122,"title":"RIC II Hadrian 128b. 1956.127.143","image_urls":["http://numismatics.org/collectionimages/19501999/1956/1956.127.143.rev.width350.jpg"]},{"from":119,"to":122,"title":"RIC II Hadrian 101a. 1948.19.1193","image_urls":["http://numismatics.org/collectionimages/19001949/1948/1948.19.1193.rev.width350.jpg"]},{"from":119,"to":122,"title":"RIC II Hadrian 70a. 1954.256.32","image_urls":["http://numismatics.org/collectionimages/19501999/1954/1954.256.32.rev.width350.jpg"]},{"from":119,"to":122,"title":"RIC II Hadrian 126b. 1911.23.110","image_urls":["http://numismatics.org/collectionimages/19001949/1911/1911.23.110.rev.width350.jpg"]},{"from":119,"to":122,"title":"RIC II Hadrian 101b. 1944.100.44819","image_urls":["http://numismatics.org/collectionimages/19001949/1944/1944.100.44819.rev.width350.jpg"]},{"from":119,"to":121,"title":"RIC II Hadrian 600B. 1944.100.45637","image_urls":["http://numismatics.org/collectionimages/19001949/1944/1944.100.45637.rev.width350.jpg"]},{"from":119,"to":122,"title":"Silver Denarius of Hadrian, Rome, AD 119 - AD 122. 1974.95.134","image_urls":["http://numismatics.org/collectionimages/19501999/1974/1974.95.134.rev.width350.jpg"]},{"from":119,"to":122,"title":"RIC II Hadrian 120a. 1956.127.137","image_urls":["http://numismatics.org/collectionimages/19501999/1956/1956.127.137.rev.width350.jpg"]},{"from":119,"to":122,"title":"RIC II Hadrian 80a. 1944.100.44810","image_urls":["http://numismatics.org/collectionimages/19001949/1944/1944.100.44810.rev.width350.jpg"]},{"from":119,"to":122,"title":"RIC II Hadrian 65. 1944.100.44804","image_urls":["http://numismatics.org/collectionimages/19001949/1944/1944.100.44804.rev.width350.jpg"]},{"from":119,"to":122,"title":"RIC II Hadrian 127c (denarius). 1956.127.141","image_urls":["http://numismatics.org/collectionimages/19501999/1956/1956.127.141.rev.width350.jpg"]},{"from":119,"to":122,"title":"RIC II Hadrian 120a. 1956.127.135","image_urls":["http://numismatics.org/collectionimages/19501999/1956/1956.127.135.rev.width350.jpg"]},{"from":119,"to":122,"title":"RIC II Hadrian 94b. 1956.127.1760","image_urls":["http://numismatics.org/collectionimages/19501999/1956/1956.127.1760.rev.width350.jpg"]},{"from":119,"to":122,"title":"RIC II Hadrian 76. 1956.127.108","image_urls":["http://numismatics.org/collectionimages/19501999/1956/1956.127.108.rev.width350.jpg"]},{"from":119,"to":122,"title":"RIC II Hadrian 80c (denarius). 1956.127.1748","image_urls":["http://numismatics.org/collectionimages/19501999/1956/1956.127.1748.rev.width350.jpg"]},{"from":119,"to":121,"title":"RIC II Hadrian 597C. 1944.100.45635","image_urls":["http://numismatics.org/collectionimages/19001949/1944/1944.100.45635.rev.width350.jpg"]},{"from":119,"to":121,"title":"RIC II Hadrian 587A. 1984.88.22","image_urls":["http://numismatics.org/collectionimages/19501999/1984/1984.88.22.rev.width350.jpg"]},{"from":119,"to":122,"title":"RIC II Hadrian 95a. 1956.127.120","image_urls":["http://numismatics.org/collectionimages/19501999/1956/1956.127.120.rev.width350.jpg"]},{"from":119,"to":122,"title":"RIC II Hadrian 563A. 1987.17.18","image_urls":["http://numismatics.org/collectionimages/19501999/1987/1987.17.18.rev.width350.jpg"]},{"from":119,"to":122,"title":"RIC II Hadrian 95b. 1987.26.155","image_urls":["http://numismatics.org/collectionimages/19501999/1987/1987.26.155.rev.width350.jpg"]},{"from":119,"to":122,"title":"RIC II Hadrian 117a. 1956.127.129","image_urls":["http://numismatics.org/collectionimages/19501999/1956/1956.127.129.rev.width350.jpg"]},{"from":119,"to":122,"title":"RIC II Hadrian 562B. 1944.100.45620","image_urls":["http://numismatics.org/collectionimages/19001949/1944/1944.100.45620.rev.width350.jpg"]},{"from":119,"to":122,"title":"RIC II Hadrian 94b. 1909.78.40","image_urls":["http://numismatics.org/collectionimages/19001949/1909/1909.78.40.rev.width350.jpg"]},{"from":119,"to":122,"title":"RIC II Hadrian 113a. 1944.100.44825","image_urls":["http://numismatics.org/collectionimages/19001949/1944/1944.100.44825.rev.width350.jpg"]},{"from":119,"to":122,"title":"RIC II Hadrian 94b. 1956.127.1762","image_urls":["http://numismatics.org/collectionimages/19501999/1956/1956.127.1762.rev.width350.jpg"]},{"from":119,"to":122,"title":"RIC II Hadrian 83b. 1956.127.1756","image_urls":["http://numismatics.org/collectionimages/19501999/1956/1956.127.1756.rev.width350.jpg"]},{"from":119,"to":122,"title":"RIC II Hadrian 77b. 1911.23.91","image_urls":["http://numismatics.org/collectionimages/19001949/1911/1911.23.91.rev.width350.jpg"]},{"from":119,"to":122,"title":"RIC II Hadrian 67b. 1948.19.1187","image_urls":["http://numismatics.org/collectionimages/19001949/1948/1948.19.1187.rev.width350.jpg"]},{"from":119,"to":122,"title":"RIC II Hadrian 95b. 1956.127.122","image_urls":["http://numismatics.org/collectionimages/19501999/1956/1956.127.122.rev.width350.jpg"]},{"from":119,"to":122,"title":"RIC II Hadrian 563A. 1937.158.490","image_urls":["http://numismatics.org/collectionimages/19001949/1937/1937.158.490.rev.width350.jpg"]},{"from":119,"to":122,"title":"RIC II Hadrian 115b. 1911.23.104","image_urls":["http://numismatics.org/collectionimages/19001949/1911/1911.23.104.rev.width350.jpg"]},{"from":119,"to":122,"title":"RIC II Hadrian 90b (denarius). 1956.127.1759","image_urls":["http://numismatics.org/collectionimages/19501999/1956/1956.127.1759.rev.width350.jpg"]},{"from":119,"to":122,"title":"RIC II Hadrian 118a. 1911.23.107","image_urls":["http://numismatics.org/collectionimages/19001949/1911/1911.23.107.rev.width350.jpg"]},{"from":119,"to":122,"title":"RIC II Hadrian 137A (denarius). 1957.172.1644","image_urls":["http://numismatics.org/collectionimages/19501999/1957/1957.172.1644.rev.width350.jpg"]},{"from":119,"to":122,"title":"RIC II Hadrian 94. 1956.127.117","image_urls":["http://numismatics.org/collectionimages/19501999/1956/1956.127.117.rev.width350.jpg"]},{"from":119,"to":120,"title":"Billon Tetradrachm of Hadrian, Alexandreia, AD 119 - AD 120. 1944.100.56439","image_urls":["http://numismatics.org/collectionimages/19001949/1944/1944.100.56439.rev.width350.jpg"]},{"from":119,"to":122,"title":"RIC II Hadrian 94b. 0000.999.18572","image_urls":["http://numismatics.org/collectionimages/00001899/0000/0000.999.18572.rev.width350.jpg"]},{"from":119,"to":122,"title":"RIC II Hadrian 562B. 1957.172.1665","image_urls":["http://numismatics.org/collectionimages/19501999/1957/1957.172.1665.rev.width350.jpg"]},{"from":119,"to":122,"title":"RIC II Hadrian 103b (quinarius). 1949.54.2","image_urls":["http://numismatics.org/collectionimages/19001949/1949/1949.54.2.rev.width350.jpg"]},{"from":119,"to":122,"title":"RIC II Hadrian 82b. 1985.140.96","image_urls":["http://numismatics.org/collectionimages/19501999/1985/1985.140.96.rev.width350.jpg"]},{"from":119,"to":122,"title":"RIC II Hadrian 129b. 1911.23.111","image_urls":["http://numismatics.org/collectionimages/19001949/1911/1911.23.111.rev.width350.jpg"]},{"from":119,"to":122,"title":"RIC II Hadrian 80a. 1956.127.1742","image_urls":["http://numismatics.org/collectionimages/19501999/1956/1956.127.1742.rev.width350.jpg"]},{"from":119,"to":122,"title":"RIC II Hadrian 133b. 1980.109.344","image_urls":["http://numismatics.org/collectionimages/19501999/1980/1980.109.344.rev.width350.jpg"]},{"from":119,"to":122,"title":"RIC II Hadrian 86b. 1956.127.1757","image_urls":["http://numismatics.org/collectionimages/19501999/1956/1956.127.1757.rev.width350.jpg"]},{"from":119,"to":122,"title":"RIC II Hadrian 117c. 1911.23.105","image_urls":["http://numismatics.org/collectionimages/19001949/1911/1911.23.105.rev.width350.jpg"]},{"from":119,"to":122,"title":"RIC II Hadrian 64. 1960.175.13","image_urls":["http://numismatics.org/collectionimages/19501999/1960/1960.175.13.rev.width350.jpg"]},{"from":119,"to":122,"title":"RIC II Hadrian 101a. 1956.127.123","image_urls":["http://numismatics.org/collectionimages/19501999/1956/1956.127.123.rev.width350.jpg"]},{"from":119,"to":121,"title":"RIC II Hadrian 590B. 1944.100.45632","image_urls":["http://numismatics.org/collectionimages/19001949/1944/1944.100.45632.rev.width350.jpg"]},{"from":119,"to":121,"title":"RIC II Hadrian 583B. 1995.11.262","image_urls":["http://numismatics.org/collectionimages/19501999/1995/1995.11.262.rev.width350.jpg"]},{"from":119,"to":122,"title":"RIC II Hadrian 80b. 1956.127.1745","image_urls":["http://numismatics.org/collectionimages/19501999/1956/1956.127.1745.rev.width350.jpg"]},{"from":119,"to":122,"title":"RIC II Hadrian 77a. 1911.23.89","image_urls":["http://numismatics.org/collectionimages/19001949/1911/1911.23.89.rev.width350.jpg"]},{"from":119,"to":122,"title":"RIC II Hadrian 101b. 1956.127.126","image_urls":["http://numismatics.org/collectionimages/19501999/1956/1956.127.126.rev.width350.jpg"]},{"from":119,"to":122,"title":"RIC II Hadrian 101b. 1956.127.1766","image_urls":["http://numismatics.org/collectionimages/19501999/1956/1956.127.1766.rev.width350.jpg"]},{"from":119,"to":122,"title":"RIC II Hadrian 82b. 1956.127.1754","image_urls":["http://numismatics.org/collectionimages/19501999/1956/1956.127.1754.rev.width350.jpg"]},{"from":119,"to":122,"title":"RIC II Hadrian 101a. 1911.23.102","image_urls":["http://numismatics.org/collectionimages/19001949/1911/1911.23.102.rev.width350.jpg"]},{"from":119,"to":122,"title":"RIC II Hadrian 563B. 1995.11.223","image_urls":["http://numismatics.org/collectionimages/19501999/1995/1995.11.223.rev.width350.jpg"]},{"from":119,"to":121,"title":"RIC II Hadrian 589B. 1944.100.45629","image_urls":["http://numismatics.org/collectionimages/19001949/1944/1944.100.45629.rev.width350.jpg"]},{"from":119,"to":120,"title":"Billon Tetradrachm of Hadrian, Alexandreia, AD 119 - AD 120. 1944.100.56436","image_urls":["http://numismatics.org/collectionimages/19001949/1944/1944.100.56436.rev.width350.jpg"]},{"from":119,"to":120,"title":"Bronze Drachm of Hadrian, Alexandreia, AD 119 - AD 120. 1944.100.57296","image_urls":["http://numismatics.org/collectionimages/19001949/1944/1944.100.57296.rev.width350.jpg"]},{"from":119,"to":122,"title":"RIC II Hadrian 128b. 1956.127.1769","image_urls":["http://numismatics.org/collectionimages/19501999/1956/1956.127.1769.rev.width350.jpg"]},{"from":119,"to":122,"title":"RIC II Hadrian 86a. 1960.170.225","image_urls":["http://numismatics.org/collectionimages/19501999/1960/1960.170.225.rev.width350.jpg"]},{"from":119,"to":122,"title":"RIC II Hadrian 77b. 1956.127.105","image_urls":["http://numismatics.org/collectionimages/19501999/1956/1956.127.105.rev.width350.jpg"]},{"from":119,"to":122,"title":"RIC II Hadrian 80b. 1911.23.94","image_urls":["http://numismatics.org/collectionimages/19001949/1911/1911.23.94.rev.width350.jpg"]},{"from":119,"to":121,"title":"RIC II Hadrian 583B. 1987.17.15","image_urls":["http://numismatics.org/collectionimages/19501999/1987/1987.17.15.rev.width350.jpg"]},{"from":119,"to":121,"title":"RIC II Hadrian 600B. 1974.95.137","image_urls":["http://numismatics.org/collectionimages/19501999/1974/1974.95.137.rev.width350.jpg"]},{"from":119,"to":122,"title":"RIC II Hadrian 67b. 1956.127.1739","image_urls":["http://numismatics.org/collectionimages/19501999/1956/1956.127.1739.rev.width350.jpg"]},{"from":119,"to":122,"title":"RIC II Hadrian 77a. 1911.23.88","image_urls":["http://numismatics.org/collectionimages/19001949/1911/1911.23.88.rev.width350.jpg"]},{"from":119,"to":122,"title":"RIC II Hadrian 117c. 1985.140.100","image_urls":["http://numismatics.org/collectionimages/19501999/1985/1985.140.100.rev.width350.jpg"]},{"from":119,"to":122,"title":"RIC II Hadrian 86b. 1970.156.312","image_urls":["http://numismatics.org/collectionimages/19501999/1970/1970.156.312.rev.width350.jpg"]},{"from":119,"to":122,"title":"RIC II Hadrian 80b. 1956.127.111","image_urls":["http://numismatics.org/collectionimages/19501999/1956/1956.127.111.rev.width350.jpg"]},{"from":119,"to":122,"title":"RIC II Hadrian 95a. 1948.19.1191","image_urls":["http://numismatics.org/collectionimages/19001949/1948/1948.19.1191.rev.width350.jpg"]},{"from":119,"to":122,"title":"RIC II Hadrian 80. 1956.127.114","image_urls":["http://numismatics.org/collectionimages/19501999/1956/1956.127.114.rev.width350.jpg"]},{"from":119,"to":122,"title":"RIC II Hadrian 55. 1960.175.10","image_urls":["http://numismatics.org/collectionimages/19501999/1960/1960.175.10.rev.width350.jpg"]},{"from":119,"to":121,"title":"RIC II Hadrian 587A. 1995.11.205","image_urls":["http://numismatics.org/collectionimages/19501999/1995/1995.11.205.rev.width350.jpg"]},{"from":119,"to":122,"title":"RIC II Hadrian 85b. 1912.52.14","image_urls":["http://numismatics.org/collectionimages/19001949/1912/1912.52.14.rev.width350.jpg"]},{"from":119,"to":122,"title":"RIC II Hadrian 573B. 1944.100.45623","image_urls":["http://numismatics.org/collectionimages/19001949/1944/1944.100.45623.rev.width350.jpg"]},{"from":119,"to":122,"title":"RIC II Hadrian 126a. 1944.100.44831","image_urls":["http://numismatics.org/collectionimages/19001949/1944/1944.100.44831.rev.width350.jpg"]},{"from":119,"to":122,"title":"RIC II Hadrian 71b. 1956.127.102","image_urls":["http://numismatics.org/collectionimages/19501999/1956/1956.127.102.rev.width350.jpg"]},{"from":119,"to":121,"title":"RIC II Hadrian 601C. 1944.100.45638","image_urls":["http://numismatics.org/collectionimages/19001949/1944/1944.100.45638.rev.width350.jpg"]},{"from":119,"to":122,"title":"RIC II Hadrian 77c (denarius). 1956.127.106","image_urls":["http://numismatics.org/collectionimages/19501999/1956/1956.127.106.rev.width350.jpg"]},{"from":119,"to":121,"title":"RIC II Hadrian 583B. 1944.100.45627","image_urls":["http://numismatics.org/collectionimages/19001949/1944/1944.100.45627.rev.width350.jpg"]},{"from":119,"to":122,"title":"RIC II Hadrian 120a. 1985.140.101","image_urls":["http://numismatics.org/collectionimages/19501999/1985/1985.140.101.rev.width350.jpg"]},{"from":119,"to":122,"title":"RIC II Hadrian 569. 1987.17.16","image_urls":["http://numismatics.org/collectionimages/19501999/1987/1987.17.16.rev.width350.jpg"]},{"from":119,"to":122,"title":"RIC II Hadrian 120a. 1944.100.44829","image_urls":["http://numismatics.org/collectionimages/19001949/1944/1944.100.44829.rev.width350.jpg"]},{"from":119,"to":122,"title":"RIC II Hadrian 137B. 1985.140.104","image_urls":["http://numismatics.org/collectionimages/19501999/1985/1985.140.104.rev.width350.jpg"]},{"from":119,"to":122,"title":"RIC II Hadrian 80b. 1956.127.109","image_urls":["http://numismatics.org/collectionimages/19501999/1956/1956.127.109.rev.width350.jpg"]},{"from":119,"to":122,"title":"RIC II Hadrian 101b. 1905.57.357","image_urls":["http://numismatics.org/collectionimages/19001949/1905/1905.57.357.rev.width350.jpg"]},{"from":119,"to":122,"title":"RIC II Hadrian 67b. 1956.127.100","image_urls":["http://numismatics.org/collectionimages/19501999/1956/1956.127.100.rev.width350.jpg"]},{"from":119,"to":122,"title":"RIC II Hadrian 98b. 1944.100.44817","image_urls":["http://numismatics.org/collectionimages/19001949/1944/1944.100.44817.rev.width350.jpg"]},{"from":119,"to":122,"title":"RIC II Hadrian 63c (aureus). 1960.175.11","image_urls":["http://numismatics.org/collectionimages/19501999/1960/1960.175.11.rev.width350.jpg"]},{"from":119,"to":122,"title":"RIC II Hadrian 116b. 1995.11.187","image_urls":["http://numismatics.org/collectionimages/19501999/1995/1995.11.187.rev.width350.jpg"]},{"from":119,"to":121,"title":"RIC II Hadrian 600B. 1906.236.316","image_urls":["http://numismatics.org/collectionimages/19001949/1906/1906.236.316.rev.width350.jpg"]},{"from":119,"to":120,"title":"Billon Tetradrachm of Hadrian, Alexandreia, AD 119 - AD 120. 1944.100.56433","image_urls":["http://numismatics.org/collectionimages/19001949/1944/1944.100.56433.rev.width350.jpg"]},{"from":119,"to":122,"title":"RIC II Hadrian 94b. 1944.100.44813","image_urls":["http://numismatics.org/collectionimages/19001949/1944/1944.100.44813.rev.width350.jpg"]},{"from":119,"to":122,"title":"RIC II Hadrian 129b. 1944.100.44834","image_urls":["http://numismatics.org/collectionimages/19001949/1944/1944.100.44834.rev.width350.jpg"]},{"from":119,"to":120,"title":"Bronze Coin, Seleuceia ad Tigrim, AD 119 - AD 120. 1944.100.83326","image_urls":["http://numismatics.org/collectionimages/19001949/1944/1944.100.83326.rev.width350.jpg"]},{"from":119,"to":121,"title":"RIC II Hadrian 601B. 1954.18.161","image_urls":["http://numismatics.org/collectionimages/19501999/1954/1954.18.161.rev.width350.jpg"]},{"from":119,"to":122,"title":"RIC II Hadrian 127c (denarius). 1985.140.103","image_urls":["http://numismatics.org/collectionimages/19501999/1985/1985.140.103.rev.width350.jpg"]},{"from":119,"to":122,"title":"RIC II Hadrian 75b. 1978.64.423","image_urls":["http://numismatics.org/collectionimages/19501999/1978/1978.64.423.rev.width350.jpg"]},{"from":119,"to":122,"title":"RIC II Hadrian 86b. 1911.23.97","image_urls":["http://numismatics.org/collectionimages/19001949/1911/1911.23.97.rev.width350.jpg"]},{"from":119,"to":122,"title":"RIC II Hadrian 137A (denarius). 1952.142.133","image_urls":["http://numismatics.org/collectionimages/19501999/1952/1952.142.133.rev.width350.jpg"]},{"from":119,"to":122,"title":"RIC II Hadrian 141b. 1948.19.1200","image_urls":["http://numismatics.org/collectionimages/19001949/1948/1948.19.1200.rev.width350.jpg"]},{"from":119,"to":122,"title":"RIC II Hadrian 80. 1951.117.9","image_urls":["http://numismatics.org/collectionimages/19501999/1951/1951.117.9.rev.width350.jpg"]},{"from":119,"to":122,"title":"RIC II Hadrian 80b. 1956.127.1747","image_urls":["http://numismatics.org/collectionimages/19501999/1956/1956.127.1747.rev.width350.jpg"]},{"from":119,"to":121,"title":"RIC II Hadrian 591. 1995.11.1808","image_urls":["http://numismatics.org/collectionimages/19501999/1995/1995.11.1808.rev.width350.jpg"]},{"from":119,"to":122,"title":"RIC II Hadrian 95b. 1947.2.455","image_urls":["http://numismatics.org/collectionimages/19001949/1947/1947.2.455.rev.width350.jpg"]},{"from":119,"to":122,"title":"RIC II Hadrian 80a. 1956.127.113","image_urls":["http://numismatics.org/collectionimages/19501999/1956/1956.127.113.rev.width350.jpg"]},{"from":119,"to":122,"title":"RIC II Hadrian 563B. 1987.17.17","image_urls":["http://numismatics.org/collectionimages/19501999/1987/1987.17.17.rev.width350.jpg"]},{"from":119,"to":121,"title":"RIC II Hadrian 605. 1944.100.45640","image_urls":["http://numismatics.org/collectionimages/19001949/1944/1944.100.45640.rev.width350.jpg"]},{"from":119,"to":121,"title":"RIC II Hadrian 597D. 1944.100.45634","image_urls":["http://numismatics.org/collectionimages/19001949/1944/1944.100.45634.rev.width350.jpg"]},{"from":119,"to":122,"title":"RIC II Hadrian 118b. 1956.127.131","image_urls":["http://numismatics.org/collectionimages/19501999/1956/1956.127.131.rev.width350.jpg"]},{"from":119,"to":122,"title":"RIC II Hadrian 80a. 1956.127.1744","image_urls":["http://numismatics.org/collectionimages/19501999/1956/1956.127.1744.rev.width350.jpg"]},{"from":119,"to":122,"title":"RIC II Hadrian 75a. 1944.100.44807","image_urls":["http://numismatics.org/collectionimages/19001949/1944/1944.100.44807.rev.width350.jpg"]},{"from":119,"to":122,"title":"RIC II Hadrian 67b. 1956.127.1738","image_urls":["http://numismatics.org/collectionimages/19501999/1956/1956.127.1738.rev.width350.jpg"]},{"from":119,"to":122,"title":"RIC II Hadrian 579C. 1944.100.45625","image_urls":["http://numismatics.org/collectionimages/19001949/1944/1944.100.45625.rev.width350.jpg"]},{"from":119,"to":122,"title":"RIC II Hadrian 137C. 1956.127.152","image_urls":["http://numismatics.org/collectionimages/19501999/1956/1956.127.152.rev.width350.jpg"]},{"from":119,"to":122,"title":"RIC II Hadrian 135b. 1956.127.146","image_urls":["http://numismatics.org/collectionimages/19501999/1956/1956.127.146.rev.width350.jpg"]},{"from":119,"to":122,"title":"RIC II Hadrian 69b. 1941.15.61","image_urls":["http://numismatics.org/collectionimages/19001949/1941/1941.15.61.rev.width350.jpg"]},{"from":119,"to":122,"title":"RIC II Hadrian 101a. 1956.127.1765","image_urls":["http://numismatics.org/collectionimages/19501999/1956/1956.127.1765.rev.width350.jpg"]},{"from":119,"to":122,"title":"RIC II Hadrian 137A (denarius). 1911.23.113","image_urls":["http://numismatics.org/collectionimages/19001949/1911/1911.23.113.rev.width350.jpg"]},{"from":119,"to":122,"title":"RIC II Hadrian 80b. 1956.127.110","image_urls":["http://numismatics.org/collectionimages/19501999/1956/1956.127.110.rev.width350.jpg"]},{"from":119,"to":122,"title":"RIC II Hadrian 77a. 1956.127.104","image_urls":["http://numismatics.org/collectionimages/19501999/1956/1956.127.104.rev.width350.jpg"]},{"from":119,"to":122,"title":"RIC II Hadrian 94b. 1956.127.119","image_urls":["http://numismatics.org/collectionimages/19501999/1956/1956.127.119.rev.width350.jpg"]},{"from":119,"to":122,"title":"RIC II Hadrian 92b. 1985.140.98","image_urls":["http://numismatics.org/collectionimages/19501999/1985/1985.140.98.rev.width350.jpg"]},{"from":119,"to":121,"title":"RIC II Hadrian 589B. 1995.11.222","image_urls":["http://numismatics.org/collectionimages/19501999/1995/1995.11.222.rev.width350.jpg"]},{"from":119,"to":122,"title":"RIC II Hadrian 118b. 1956.127.134","image_urls":["http://numismatics.org/collectionimages/19501999/1956/1956.127.134.rev.width350.jpg"]},{"from":119,"to":122,"title":"RIC II Hadrian 113a. 1956.127.128","image_urls":["http://numismatics.org/collectionimages/19501999/1956/1956.127.128.rev.width350.jpg"]},{"from":119,"to":122,"title":"RIC II Hadrian 141b. 1944.100.44839","image_urls":["http://numismatics.org/collectionimages/19001949/1944/1944.100.44839.rev.width350.jpg"]},{"from":119,"to":122,"title":"RIC II Hadrian 101b. 1957.172.1643","image_urls":["http://numismatics.org/collectionimages/19501999/1957/1957.172.1643.rev.width350.jpg"]},{"from":119,"to":122,"title":"RIC II Hadrian 77b. 1911.23.90","image_urls":["http://numismatics.org/collectionimages/19001949/1911/1911.23.90.rev.width350.jpg"]},{"from":119,"to":122,"title":"RIC II Hadrian 63c (aureus). 1960.175.12","image_urls":["http://numismatics.org/collectionimages/19501999/1960/1960.175.12.rev.width350.jpg"]},{"from":119,"to":122,"title":"RIC II Hadrian 98b. 1911.23.99","image_urls":["http://numismatics.org/collectionimages/19001949/1911/1911.23.99.rev.width350.jpg"]},{"from":119,"to":122,"title":"RIC II Hadrian 69b. 1956.127.101","image_urls":["http://numismatics.org/collectionimages/19501999/1956/1956.127.101.rev.width350.jpg"]},{"from":119,"to":122,"title":"RIC II Hadrian 568. 1944.100.45622","image_urls":["http://numismatics.org/collectionimages/19001949/1944/1944.100.45622.rev.width350.jpg"]},{"from":119,"to":122,"title":"RIC II Hadrian 121. 1944.100.44830","image_urls":["http://numismatics.org/collectionimages/19001949/1944/1944.100.44830.rev.width350.jpg"]},{"from":119,"to":122,"title":"RIC II Hadrian 574. 1995.11.210","image_urls":["http://numismatics.org/collectionimages/19501999/1995/1995.11.210.rev.width350.jpg"]},{"from":119,"to":122,"title":"RIC II Hadrian 86b. 1956.127.116","image_urls":["http://numismatics.org/collectionimages/19501999/1956/1956.127.116.rev.width350.jpg"]},{"from":119,"to":122,"title":"RIC II Hadrian 110b. 1944.100.44824","image_urls":["http://numismatics.org/collectionimages/19001949/1944/1944.100.44824.rev.width350.jpg"]},{"from":119,"to":122,"title":"RIC II Hadrian 568. 1995.11.225","image_urls":["http://numismatics.org/collectionimages/19501999/1995/1995.11.225.rev.width350.jpg"]},{"from":119,"to":122,"title":"RIC II Hadrian 77b. 1956.127.1741","image_urls":["http://numismatics.org/collectionimages/19501999/1956/1956.127.1741.rev.width350.jpg"]},{"from":119,"to":122,"title":"RIC II Hadrian 101b. 1956.127.125","image_urls":["http://numismatics.org/collectionimages/19501999/1956/1956.127.125.rev.width350.jpg"]},{"from":119,"to":121,"title":"RIC II Hadrian 590B. 1944.100.45631","image_urls":["http://numismatics.org/collectionimages/19001949/1944/1944.100.45631.rev.width350.jpg"]},{"from":119,"to":121,"title":"RIC II Hadrian 586B. 1987.17.14","image_urls":["http://numismatics.org/collectionimages/19501999/1987/1987.17.14.rev.width350.jpg"]},{"from":119,"to":122,"title":"RIC II Hadrian 120a. 1948.19.1196","image_urls":["http://numismatics.org/collectionimages/19001949/1948/1948.19.1196.rev.width350.jpg"]},{"from":119,"to":121,"title":"RIC II Hadrian 597C. 1974.26.991","image_urls":["http://numismatics.org/collectionimages/19501999/1974/1974.26.991.rev.width350.jpg"]},{"from":119,"to":122,"title":"RIC II Hadrian 81b. 1956.127.1750","image_urls":["http://numismatics.org/collectionimages/19501999/1956/1956.127.1750.rev.width350.jpg"]},{"from":119,"to":122,"title":"RIC II Hadrian 101a. 1911.23.101","image_urls":["http://numismatics.org/collectionimages/19001949/1911/1911.23.101.rev.width350.jpg"]},{"from":119,"to":122,"title":"RIC II Hadrian 57. 1974.166.1","image_urls":["http://numismatics.org/collectionimages/19501999/1974/1974.166.1.rev.width350.jpg"]},{"from":119,"to":122,"title":"RIC II Hadrian 115b. 1956.127.1768","image_urls":["http://numismatics.org/collectionimages/19501999/1956/1956.127.1768.rev.width350.jpg"]},{"from":119,"to":121,"title":"RIC II Hadrian 604A. 1951.61.58","image_urls":["http://numismatics.org/collectionimages/19501999/1951/1951.61.58.rev.width350.jpg"]},{"from":119,"to":122,"title":"RIC II Hadrian 568. 1967.160.5","image_urls":["http://numismatics.org/collectionimages/19501999/1967/1967.160.5.rev.width350.jpg"]},{"from":119,"to":121,"title":"RIC II Hadrian 586D. 1944.100.45628","image_urls":["http://numismatics.org/collectionimages/19001949/1944/1944.100.45628.rev.width350.jpg"]},{"from":119,"to":122,"title":"RIC II Hadrian 564. 1948.19.1241","image_urls":["http://numismatics.org/collectionimages/19001949/1948/1948.19.1241.rev.width350.jpg"]},{"from":119,"to":122,"title":"RIC II Hadrian 81b. 1911.23.96","image_urls":["http://numismatics.org/collectionimages/19001949/1911/1911.23.96.rev.width350.jpg"]},{"from":119,"to":122,"title":"RIC II Hadrian 81b. 1956.127.1752","image_urls":["http://numismatics.org/collectionimages/19501999/1956/1956.127.1752.rev.width350.jpg"]},{"from":119,"to":122,"title":"RIC II Hadrian 77b. 1944.100.44809","image_urls":["http://numismatics.org/collectionimages/19001949/1944/1944.100.44809.rev.width350.jpg"]},{"from":119,"to":122,"title":"RIC II Hadrian 139b. 1956.127.154","image_urls":["http://numismatics.org/collectionimages/19501999/1956/1956.127.154.rev.width350.jpg"]},{"from":119,"to":122,"title":"RIC II Hadrian 96b. 1948.19.1192","image_urls":["http://numismatics.org/collectionimages/19001949/1948/1948.19.1192.rev.width350.jpg"]},{"from":119,"to":122,"title":"RIC II Hadrian 120a. 1956.127.136","image_urls":["http://numismatics.org/collectionimages/19501999/1956/1956.127.136.rev.width350.jpg"]},{"from":119,"to":122,"title":"RIC II Hadrian 64. 1944.100.44803","image_urls":["http://numismatics.org/collectionimages/19001949/1944/1944.100.44803.rev.width350.jpg"]},{"from":119,"to":122,"title":"RIC II Hadrian 110b. 1911.23.103","image_urls":["http://numismatics.org/collectionimages/19001949/1911/1911.23.103.rev.width350.jpg"]},{"from":119,"to":122,"title":"RIC II Hadrian 113b. 1944.100.44826","image_urls":["http://numismatics.org/collectionimages/19001949/1944/1944.100.44826.rev.width350.jpg"]},{"from":119,"to":122,"title":"RIC II Hadrian 126c. 1956.127.138","image_urls":["http://numismatics.org/collectionimages/19501999/1956/1956.127.138.rev.width350.jpg"]},{"from":119,"to":122,"title":"RIC II Hadrian 77a. 1948.19.1188","image_urls":["http://numismatics.org/collectionimages/19001949/1948/1948.19.1188.rev.width350.jpg"]},{"from":119,"to":122,"title":"RIC II Hadrian 139b. 1956.127.153","image_urls":["http://numismatics.org/collectionimages/19501999/1956/1956.127.153.rev.width350.jpg"]},{"from":119,"to":122,"title":"RIC II Hadrian 101b. 1944.100.44820","image_urls":["http://numismatics.org/collectionimages/19001949/1944/1944.100.44820.rev.width350.jpg"]},{"from":119,"to":122,"title":"RIC II Hadrian 80. 1911.23.95","image_urls":["http://numismatics.org/collectionimages/19001949/1911/1911.23.95.rev.width350.jpg"]},{"from":119,"to":122,"title":"RIC II Hadrian 118b. 1944.100.44828","image_urls":["http://numismatics.org/collectionimages/19001949/1944/1944.100.44828.rev.width350.jpg"]},{"from":119,"to":122,"title":"RIC II Hadrian 125. 1960.175.16","image_urls":["http://numismatics.org/collectionimages/19501999/1960/1960.175.16.rev.width350.jpg"]},{"from":119,"to":122,"title":"RIC II Hadrian 135a. 1911.23.112","image_urls":["http://numismatics.org/collectionimages/19001949/1911/1911.23.112.rev.width350.jpg"]},{"from":119,"to":122,"title":"RIC II Hadrian 82b. 1941.131.794","image_urls":["http://numismatics.org/collectionimages/19001949/1941/1941.131.794.rev.width350.jpg"]},{"from":119,"to":122,"title":"RIC II Hadrian 77a. 1956.127.103","image_urls":["http://numismatics.org/collectionimages/19501999/1956/1956.127.103.rev.width350.jpg"]},{"from":119,"to":122,"title":"RIC II Hadrian 80a. 1956.127.1743","image_urls":["http://numismatics.org/collectionimages/19501999/1956/1956.127.1743.rev.width350.jpg"]},{"from":119,"to":121,"title":"RIC II Hadrian 605. 1906.236.318","image_urls":["http://numismatics.org/collectionimages/19001949/1906/1906.236.318.rev.width350.jpg"]},{"from":119,"to":122,"title":"RIC II Hadrian 118b. 1952.142.132","image_urls":["http://numismatics.org/collectionimages/19501999/1952/1952.142.132.rev.width350.jpg"]},{"from":119,"to":122,"title":"RIC II Hadrian 82b. 1956.127.1753","image_urls":["http://numismatics.org/collectionimages/19501999/1956/1956.127.1753.rev.width350.jpg"]},{"from":119,"to":122,"title":"RIC II Hadrian 77b. 1956.127.107","image_urls":["http://numismatics.org/collectionimages/19501999/1956/1956.127.107.rev.width350.jpg"]},{"from":119,"to":122,"title":"RIC II Hadrian 141b. 1911.23.116","image_urls":["http://numismatics.org/collectionimages/19001949/1911/1911.23.116.rev.width350.jpg"]}]