[{"from":1195,"to":1203,"title":"Gold Hyperpyron of Alexius III, Constantinople, 1195 - 1203. 1977.158.1241","image_urls":["http://numismatics.org/collectionimages/19501999/1977/1977.158.1241.rev.width350.jpg"]},{"from":1195,"to":1203,"title":"Silver Aspron Trachy of Alexius III, Constantinople, 1195 - 1203. 1968.131.405","image_urls":["http://numismatics.org/collectionimages/19501999/1968/1968.131.405.rev.width350.jpg"]},{"from":1195,"to":1203,"title":"Gold Hyperpyron of Alexius III, Constantinople, 1195 - 1203. 1944.100.18188","image_urls":["http://numismatics.org/collectionimages/19001949/1944/1944.100.18188.rev.width350.jpg"]},{"from":1195,"to":1203,"title":"Gold Hyperpyron of Alexius III, Constantinople, 1195 - 1203. 1977.158.1240","image_urls":["http://numismatics.org/collectionimages/19501999/1977/1977.158.1240.rev.width350.jpg"]},{"from":1195,"to":1203,"title":"Gold Hyperpyron of Alexius III, Constantinople, 1195 - 1203. 1957.67.13","image_urls":["http://numismatics.org/collectionimages/19501999/1957/1957.67.13.rev.width350.jpg"]},{"from":1195,"to":1203,"title":"Gold Hyperpyron of Alexius III, Constantinople, 1195 - 1203. 1968.131.401","image_urls":["http://numismatics.org/collectionimages/19501999/1968/1968.131.401.rev.width350.jpg"]},{"from":1195,"to":1203,"title":"Silver Aspron Trachy of Alexius III, Constantinople, 1195 - 1203. 1977.158.1246","image_urls":["http://numismatics.org/collectionimages/19501999/1977/1977.158.1246.rev.width350.jpg"]},{"from":1195,"to":1203,"title":"Silver Aspron Trachy of Alexius III, Constantinople, 1195 - 1203. 1968.131.404","image_urls":["http://numismatics.org/collectionimages/19501999/1968/1968.131.404.rev.width350.jpg"]},{"from":1195,"to":1203,"title":"Bronze Half Tetarteron of Alexius III, Thessalonica, 1195 - 1203. 1948.8.109","image_urls":["http://numismatics.org/collectionimages/19001949/1948/1948.8.109.rev.width350.jpg"]},{"from":1195,"to":1203,"title":"Gold Hyperpyron of Alexius III, Constantinople, 1195 - 1203. 1968.131.402","image_urls":["http://numismatics.org/collectionimages/19501999/1968/1968.131.402.rev.width350.jpg"]},{"from":1195,"to":1203,"title":"Silver Aspron Trachy of Alexius III, Constantinople, 1195 - 1203. 1968.131.403","image_urls":["http://numismatics.org/collectionimages/19501999/1968/1968.131.403.rev.width350.jpg"]},{"from":1195,"to":1203,"title":"Gold Hyperpyron of Alexius III, Constantinople, 1195 - 1203. 1968.131.400","image_urls":["http://numismatics.org/collectionimages/19501999/1968/1968.131.400.rev.width350.jpg"]}]