[{"from":12,"to":14,"title":"RIC I (second edition) Augustus 246. 1944.100.39266","image_urls":["http://numismatics.org/collectionimages/19001949/1944/1944.100.39266.rev.width350.jpg"]},{"from":12,"to":14,"title":"RIC I (second edition) Augustus 246. 1944.100.39265","image_urls":["http://numismatics.org/collectionimages/19001949/1944/1944.100.39265.rev.width350.jpg"]},{"from":12,"to":14,"title":"RIC I (second edition) Augustus 246. 1995.11.1624","image_urls":["http://numismatics.org/collectionimages/19501999/1995/1995.11.1624.rev.width350.jpg"]},{"from":12,"to":14,"title":"RIC I (second edition) Augustus 244. 1996.104.5","image_urls":["http://numismatics.org/collectionimages/19501999/1996/1996.104.5.rev.width350.jpg"]},{"from":12,"to":14,"title":"RIC I (second edition) Augustus 248A. 1944.100.39258","image_urls":["http://numismatics.org/collectionimages/19001949/1944/1944.100.39258.rev.width350.jpg"]},{"from":12,"to":14,"title":"RIC I (second edition) Augustus 245. 1944.100.39264","image_urls":["http://numismatics.org/collectionimages/19001949/1944/1944.100.39264.rev.width350.jpg"]},{"from":12,"to":14,"title":"RIC I (second edition) Augustus 244. 1944.100.39259","image_urls":["http://numismatics.org/collectionimages/19001949/1944/1944.100.39259.rev.width350.jpg"]},{"from":12,"to":14,"title":"RIC I (second edition) Augustus 245. 1944.100.39262","image_urls":["http://numismatics.org/collectionimages/19001949/1944/1944.100.39262.rev.width350.jpg"]},{"from":12,"to":14,"title":"RIC I (second edition) Augustus 244. 1937.158.460","image_urls":["http://numismatics.org/collectionimages/19001949/1937/1937.158.460.rev.width350.jpg"]},{"from":12,"to":14,"title":"RIC I (second edition) Augustus 244. 1944.100.39261","image_urls":["http://numismatics.org/collectionimages/19001949/1944/1944.100.39261.rev.width350.jpg"]}]