[{"from":120,"to":121,"title":"SWYOR-F466A4: A coin issued by Hadrian","image_urls":["https://finds.org.uk/images/acooper/PAS_639_two_head_coin.jpg"]},{"from":120,"to":120,"title":"LON-737994: A coin issued by Republic","image_urls":["https://finds.org.uk/images/ksumnall/Millburn%20-%20denarius%20-%20Dec%2009.jpg"]},{"from":120,"to":121,"title":"Bronze Drachm of Hadrian, Alexandreia, AD 120 - AD 121. 1944.100.58350","image_urls":["http://numismatics.org/collectionimages/19001949/1944/1944.100.58350.rev.width350.jpg"]},{"from":120,"to":122,"title":"Silver Hemidrachm of Hadrian, Caesareia in Cappadocia, AD 120 - AD 122. 1944.100.59039","image_urls":["http://numismatics.org/collectionimages/19001949/1944/1944.100.59039.rev.width350.jpg"]},{"from":120,"to":121,"title":"Bronze Drachm of Hadrian, Alexandreia, AD 120 - AD 121. 1944.100.57314","image_urls":["http://numismatics.org/collectionimages/19001949/1944/1944.100.57314.rev.width350.jpg"]},{"from":120,"to":121,"title":"Bronze Drachm of Hadrian, Alexandreia, AD 120 - AD 121. 1944.100.58352","image_urls":["http://numismatics.org/collectionimages/19001949/1944/1944.100.58352.rev.width350.jpg"]},{"from":120,"to":121,"title":"Billon Tetradrachm of Hadrian, Alexandreia, AD 120 - AD 121. 1944.100.56451","image_urls":["http://numismatics.org/collectionimages/19001949/1944/1944.100.56451.rev.width350.jpg"]},{"from":120,"to":121,"title":"Bronze Drachm of Hadrian, Alexandreia, AD 120 - AD 121. 1944.100.57309","image_urls":["http://numismatics.org/collectionimages/19001949/1944/1944.100.57309.rev.width350.jpg"]},{"from":120,"to":121,"title":"Bronze Drachm of Hadrian, Alexandreia, AD 120 - AD 121. 1944.100.57315","image_urls":["http://numismatics.org/collectionimages/19001949/1944/1944.100.57315.rev.width350.jpg"]},{"from":120,"to":121,"title":"Bronze Coin, Seleuceia ad Tigrim, AD 120 - AD 121. 1944.100.83354","image_urls":["http://numismatics.org/collectionimages/19001949/1944/1944.100.83354.rev.width350.jpg"]},{"from":120,"to":121,"title":"Bronze Drachm of Hadrian, Alexandreia, AD 120 - AD 121. 1944.100.58354","image_urls":["http://numismatics.org/collectionimages/19001949/1944/1944.100.58354.rev.width350.jpg"]}]