[{"from":1200,"to":1210,"title":"SF-282D15: A coin issued by John of England","image_urls":["https://finds.org.uk/images/splunkett/PAL%20SF-282D15.jpg"]},{"from":1200,"to":1204,"title":"KENT-BB0532: A coin issued by John of England","image_urls":["https://finds.org.uk/images/krayfield/finds%20etc%20115.jpg"]},{"from":1200,"to":1204,"title":"GLO-9DED31: A coin issued by John of England","image_urls":["https://finds.org.uk/images/kadams/455%20coin%20obverse.jpg"]},{"from":1200,"to":1204,"title":"LEIC-69AC11: A coin issued by John of England","image_urls":["https://finds.org.uk/images/wscott/69AC11.JPG"]}]