[{"from":1205,"to":1210,"title":"IOW-354B30: A coin issued by John of England","image_urls":["https://finds.org.uk/images/fbasford/IOW2004-84-2.JPG"]},{"from":1205,"to":1209,"title":"NMGW-248888: A coin issued by John of England","image_urls":["https://finds.org.uk/images/sianw/2006.65.TIF"]},{"from":1205,"to":1218,"title":"DENO-4AC882: A coin issued by John of England","image_urls":["https://finds.org.uk/images/ratherton/E4059%2013o%20coin.jpg"]},{"from":1205,"to":1205,"title":"SUSS-DE5307: A coin issued by John of England","image_urls":["https://finds.org.uk/images/lwilson/1-29%20p.jpg"]}]