[{"from":121,"to":122,"title":"HESH-52D633: A coin issued by Hadrian","image_urls":["https://finds.org.uk/images/preavill/HESH-52D633.jpg"]},{"from":121,"to":121,"title":"LIN-32B2F8: A coin issued by Hadrian","image_urls":["https://finds.org.uk/images/adaubney/LIN-32B2F8.JPG"]},{"from":121,"to":122,"title":"WMID-F4A47E: A coin issued by Hadrian","image_urls":["https://finds.org.uk/images/hglenn/WMID-F4A47E.jpg"]},{"from":121,"to":121,"title":"LEIC-4463AB: A coin issued by Hadrian","image_urls":["https://finds.org.uk/images/wscott/LEIC4463AB.jpg"]},{"from":121,"to":122,"title":"WMID-CF9E23: A coin issued by Hadrian","image_urls":["https://finds.org.uk/images/tbrindle/WMID-CF9E23.jpg"]},{"from":121,"to":122,"title":"WMID-777227: A coin issued by Hadrian","image_urls":["https://finds.org.uk/images/cjohnson/WMID-777227%20obv.jpg"]},{"from":121,"to":122,"title":"FASAM-63FC2E: A coin issued by Hadrian","image_urls":["https://finds.org.uk/images/sam/had1.jpg"]},{"from":121,"to":121,"title":"YORYM-D98AA7: A coin issued by Elagabalus","image_urls":["https://finds.org.uk/images/law/RM0022.jpg"]},{"from":121,"to":121,"title":"BH-CA3017: A coin issued by Hadrian","image_urls":["https://finds.org.uk/images/jwatters/Roman%20coin%2007%2051%20-%2019.jpg"]},{"from":121,"to":122,"title":"Silver Tetradrachm, Seleuceia ad Tigrim, AD 121 - AD 122. 1944.100.83294","image_urls":["http://numismatics.org/collectionimages/19001949/1944/1944.100.83294.rev.width350.jpg"]},{"from":121,"to":122,"title":"RIC II Hadrian 613B. 1954.203.181","image_urls":["http://numismatics.org/collectionimages/19501999/1954/1954.203.181.rev.width350.jpg"]},{"from":121,"to":122,"title":"RIC II Hadrian 610. 0000.999.18946","image_urls":["http://numismatics.org/collectionimages/00001899/0000/0000.999.18946.rev.width350.jpg"]},{"from":121,"to":122,"title":"Billon Tetradrachm of Hadrian, Alexandreia, AD 121 - AD 122. 1944.100.56491","image_urls":["http://numismatics.org/collectionimages/19001949/1944/1944.100.56491.rev.width350.jpg"]},{"from":121,"to":122,"title":"RIC II Hadrian 614A. 1957.172.1666","image_urls":["http://numismatics.org/collectionimages/19501999/1957/1957.172.1666.rev.width350.jpg"]},{"from":121,"to":122,"title":"Bronze Drachm of Hadrian, Alexandreia, AD 121 - AD 122. 1944.100.58362","image_urls":["http://numismatics.org/collectionimages/19001949/1944/1944.100.58362.rev.width350.jpg"]},{"from":121,"to":122,"title":"Silver Tetradrachm, Seleuceia ad Tigrim, AD 121 - AD 122. 1944.100.83297","image_urls":["http://numismatics.org/collectionimages/19001949/1944/1944.100.83297.rev.width350.jpg"]},{"from":121,"to":122,"title":"RIC II Hadrian 624. 1944.100.45648","image_urls":["http://numismatics.org/collectionimages/19001949/1944/1944.100.45648.rev.width350.jpg"]},{"from":121,"to":122,"title":"RIC II Hadrian 613A. 1995.11.206","image_urls":["http://numismatics.org/collectionimages/19501999/1995/1995.11.206.rev.width350.jpg"]},{"from":121,"to":122,"title":"RIC II Hadrian 614A. 1988.5.32","image_urls":["http://numismatics.org/collectionimages/19501999/1988/1988.5.32.rev.width350.jpg"]},{"from":121,"to":122,"title":"Billon Tetradrachm of Hadrian, Alexandreia, AD 121 - AD 122. 1944.100.56487","image_urls":["http://numismatics.org/collectionimages/19001949/1944/1944.100.56487.rev.width350.jpg"]},{"from":121,"to":122,"title":"Bronze Drachm of Hadrian, Alexandreia, AD 121 - AD 122. 1944.100.58365","image_urls":["http://numismatics.org/collectionimages/19001949/1944/1944.100.58365.rev.width350.jpg"]},{"from":121,"to":122,"title":"RIC II Hadrian 616B. 1987.17.10","image_urls":["http://numismatics.org/collectionimages/19501999/1987/1987.17.10.rev.width350.jpg"]},{"from":121,"to":122,"title":"RIC II Hadrian 611B. 1944.100.45642","image_urls":["http://numismatics.org/collectionimages/19001949/1944/1944.100.45642.rev.width350.jpg"]},{"from":121,"to":122,"title":"Bronze Drachm of Hadrian, Alexandreia, AD 121 - AD 122. 1944.100.58359","image_urls":["http://numismatics.org/collectionimages/19001949/1944/1944.100.58359.rev.width350.jpg"]},{"from":121,"to":122,"title":"Silver Tetradrachm, Seleuceia ad Tigrim, AD 121 - AD 122. 1944.100.83296","image_urls":["http://numismatics.org/collectionimages/19001949/1944/1944.100.83296.rev.width350.jpg"]},{"from":121,"to":122,"title":"Billon Tetradrachm of Hadrian, Alexandreia, AD 121 - AD 122. 1944.100.56496","image_urls":["http://numismatics.org/collectionimages/19001949/1944/1944.100.56496.rev.width350.jpg"]},{"from":121,"to":122,"title":"RIC II Hadrian 623A. 1944.100.45647","image_urls":["http://numismatics.org/collectionimages/19001949/1944/1944.100.45647.rev.width350.jpg"]},{"from":121,"to":122,"title":"Billon Tetradrachm of Hadrian, Alexandreia, AD 121 - AD 122. 1944.100.56481","image_urls":["http://numismatics.org/collectionimages/19001949/1944/1944.100.56481.rev.width350.jpg"]},{"from":121,"to":122,"title":"Billon Tetradrachm of Hadrian, Alexandreia, AD 121 - AD 122. 1944.100.56519","image_urls":["http://numismatics.org/collectionimages/19001949/1944/1944.100.56519.rev.width350.jpg"]},{"from":121,"to":122,"title":"Billon Tetradrachm of Hadrian, Alexandreia, AD 121 - AD 122. 1944.100.56521","image_urls":["http://numismatics.org/collectionimages/19001949/1944/1944.100.56521.rev.width350.jpg"]},{"from":121,"to":122,"title":"Silver Tetradrachm, Seleuceia ad Tigrim, AD 121 - AD 122. 1944.100.83293","image_urls":["http://numismatics.org/collectionimages/19001949/1944/1944.100.83293.rev.width350.jpg"]},{"from":121,"to":122,"title":"Billon Tetradrachm of Hadrian, Alexandreia, AD 121 - AD 122. 1944.100.56518","image_urls":["http://numismatics.org/collectionimages/19001949/1944/1944.100.56518.rev.width350.jpg"]},{"from":121,"to":122,"title":"Bronze Drachm of Hadrian, Alexandreia, AD 121 - AD 122. 1944.100.57321","image_urls":["http://numismatics.org/collectionimages/19001949/1944/1944.100.57321.rev.width350.jpg"]},{"from":121,"to":122,"title":"Silver Tetradrachm, Seleuceia ad Tigrim, AD 121 - AD 122. 1944.100.83298","image_urls":["http://numismatics.org/collectionimages/19001949/1944/1944.100.83298.rev.width350.jpg"]},{"from":121,"to":122,"title":"Bronze Drachm of Hadrian, Alexandreia, AD 121 - AD 122. 1944.100.57332","image_urls":["http://numismatics.org/collectionimages/19001949/1944/1944.100.57332.rev.width350.jpg"]},{"from":121,"to":122,"title":"RIC II Hadrian 612B. 0000.999.18947","image_urls":["http://numismatics.org/collectionimages/00001899/0000/0000.999.18947.rev.width350.jpg"]},{"from":121,"to":122,"title":"Bronze Drachm of Hadrian, Alexandreia, AD 121 - AD 122. 1938.70.3","image_urls":["http://numismatics.org/collectionimages/19001949/1938/1938.70.3.rev.width350.jpg"]},{"from":121,"to":122,"title":"RIC II Hadrian 610. 1947.2.458","image_urls":["http://numismatics.org/collectionimages/19001949/1947/1947.2.458.rev.width350.jpg"]},{"from":121,"to":122,"title":"Bronze Drachm of Hadrian, Alexandreia, AD 121 - AD 122. 1944.100.58358","image_urls":["http://numismatics.org/collectionimages/19001949/1944/1944.100.58358.rev.width350.jpg"]},{"from":121,"to":122,"title":"RIC II Hadrian 616C. 1906.236.319","image_urls":["http://numismatics.org/collectionimages/19001949/1906/1906.236.319.rev.width350.jpg"]},{"from":121,"to":122,"title":"RIC II Hadrian 610. 1995.11.265","image_urls":["http://numismatics.org/collectionimages/19501999/1995/1995.11.265.rev.width350.jpg"]},{"from":121,"to":122,"title":"RIC II Hadrian 625. 1944.100.47331","image_urls":["http://numismatics.org/collectionimages/19001949/1944/1944.100.47331.rev.width350.jpg"]},{"from":121,"to":122,"title":"RIC II Hadrian 614A. 1944.100.45643","image_urls":["http://numismatics.org/collectionimages/19001949/1944/1944.100.45643.rev.width350.jpg"]},{"from":121,"to":122,"title":"RIC II Hadrian 616A. 1998.110.1","image_urls":["http://numismatics.org/collectionimages/19501999/1998/1998.110.1.rev.width350.jpg"]},{"from":121,"to":122,"title":"Billon Tetradrachm of Hadrian, Alexandreia, AD 121 - AD 122. 1944.100.56480","image_urls":["http://numismatics.org/collectionimages/19001949/1944/1944.100.56480.rev.width350.jpg"]},{"from":121,"to":122,"title":"Billon Tetradrachm of Hadrian, Alexandreia, AD 121 - AD 122. 1944.100.56523","image_urls":["http://numismatics.org/collectionimages/19001949/1944/1944.100.56523.rev.width350.jpg"]},{"from":121,"to":122,"title":"Billon Tetradrachm of Hadrian, Alexandreia, AD 121 - AD 122. 1944.100.56517","image_urls":["http://numismatics.org/collectionimages/19001949/1944/1944.100.56517.rev.width350.jpg"]},{"from":121,"to":122,"title":"Bronze Drachm of Hadrian, Alexandreia, AD 121 - AD 122. 1944.100.57330","image_urls":["http://numismatics.org/collectionimages/19001949/1944/1944.100.57330.rev.width350.jpg"]},{"from":121,"to":122,"title":"RIC II Hadrian 614A. 1941.131.800","image_urls":["http://numismatics.org/collectionimages/19001949/1941/1941.131.800.rev.width350.jpg"]},{"from":121,"to":122,"title":"Billon Tetradrachm of Hadrian, Alexandreia, AD 121 - AD 122. 1973.56.602","image_urls":["http://numismatics.org/collectionimages/19501999/1973/1973.56.602.rev.width350.jpg"]},{"from":121,"to":122,"title":"RIC II Hadrian 610. 1944.100.45641","image_urls":["http://numismatics.org/collectionimages/19001949/1944/1944.100.45641.rev.width350.jpg"]},{"from":121,"to":122,"title":"Billon Tetradrachm of Hadrian, Alexandreia, AD 121 - AD 122. 1974.26.3161","image_urls":["http://numismatics.org/collectionimages/19501999/1974/1974.26.3161.rev.width350.jpg"]},{"from":121,"to":122,"title":"RIC II Hadrian 614A. 1987.17.12","image_urls":["http://numismatics.org/collectionimages/19501999/1987/1987.17.12.rev.width350.jpg"]},{"from":121,"to":122,"title":"Billon Tetradrachm of Hadrian, Alexandreia, AD 121 - AD 122. 1944.100.56506","image_urls":["http://numismatics.org/collectionimages/19001949/1944/1944.100.56506.rev.width350.jpg"]},{"from":121,"to":122,"title":"Billon Tetradrachm of Hadrian, Alexandreia, AD 121 - AD 122. 1944.100.56499","image_urls":["http://numismatics.org/collectionimages/19001949/1944/1944.100.56499.rev.width350.jpg"]},{"from":121,"to":122,"title":"Silver Tetradrachm, Seleuceia ad Tigrim, AD 121 - AD 122. 1944.100.83300","image_urls":["http://numismatics.org/collectionimages/19001949/1944/1944.100.83300.rev.width350.jpg"]},{"from":121,"to":122,"title":"Silver Tetradrachm, Seleuceia ad Tigrim, AD 121 - AD 122. 1944.100.83299","image_urls":["http://numismatics.org/collectionimages/19001949/1944/1944.100.83299.rev.width350.jpg"]},{"from":121,"to":122,"title":"Bronze Drachm of Hadrian, Alexandreia, AD 121 - AD 122. 1944.100.57323","image_urls":["http://numismatics.org/collectionimages/19001949/1944/1944.100.57323.rev.width350.jpg"]},{"from":121,"to":122,"title":"RIC II Hadrian 622. 1944.100.45646","image_urls":["http://numismatics.org/collectionimages/19001949/1944/1944.100.45646.rev.width350.jpg"]},{"from":121,"to":122,"title":"Billon Tetradrachm of Hadrian, Alexandreia, AD 121 - AD 122. 1944.100.56522","image_urls":["http://numismatics.org/collectionimages/19001949/1944/1944.100.56522.rev.width350.jpg"]},{"from":121,"to":122,"title":"Bronze Drachm of Hadrian, Alexandreia, AD 121 - AD 122. 1974.26.3493","image_urls":["http://numismatics.org/collectionimages/19501999/1974/1974.26.3493.rev.width350.jpg"]},{"from":121,"to":122,"title":"Silver Tetradrachm, Seleuceia ad Tigrim, AD 121 - AD 122. 1944.100.83301","image_urls":["http://numismatics.org/collectionimages/19001949/1944/1944.100.83301.rev.width350.jpg"]},{"from":121,"to":122,"title":"RIC II Hadrian 616B. 1944.100.47330","image_urls":["http://numismatics.org/collectionimages/19001949/1944/1944.100.47330.rev.width350.jpg"]},{"from":121,"to":122,"title":"Billon Tetradrachm of Hadrian, Alexandreia, AD 121 - AD 122. 1974.26.3162","image_urls":["http://numismatics.org/collectionimages/19501999/1974/1974.26.3162.rev.width350.jpg"]},{"from":121,"to":122,"title":"RIC II Hadrian 614C. 1944.100.45644","image_urls":["http://numismatics.org/collectionimages/19001949/1944/1944.100.45644.rev.width350.jpg"]},{"from":121,"to":122,"title":"Bronze Drachm of Hadrian, Alexandreia, AD 121 - AD 122. 1944.100.58361","image_urls":["http://numismatics.org/collectionimages/19001949/1944/1944.100.58361.rev.width350.jpg"]},{"from":121,"to":122,"title":"RIC II Hadrian 611B. 1944.100.55130","image_urls":["http://numismatics.org/collectionimages/19001949/1944/1944.100.55130.rev.width350.jpg"]}]