[{"from":1216,"to":1272,"title":"KENT-21E807: A coin issued by Henry III of England","image_urls":["https://finds.org.uk/images/mmiles/IMG_2550_edited.jpg"]},{"from":1216,"to":1272,"title":"HAMP-AB24B8: A coin issued by Henry III of England","image_urls":["https://finds.org.uk/images/jmccrohan/Hamp%20AB24B8.tif"]},{"from":1216,"to":1247,"title":"LIN-B3E2C4: A coin issued by Edward I of England","image_urls":["https://finds.org.uk/images/adaubney/LIN2254.JPG"]},{"from":1216,"to":1272,"title":"HAMP-ADED25: A coin issued by Henry III of England","image_urls":["https://finds.org.uk/images/jmccrohan/Hamp%20ADED25.tif"]},{"from":1216,"to":1272,"title":"BUC-4A82B6: A coin issued by Henry III of England","image_urls":["https://finds.org.uk/images/jmoss/Dscn2895.jpg"]},{"from":1216,"to":1272,"title":"ESS-0992E2: A coin issued by Henry III of England","image_urls":["https://finds.org.uk/images/cmcdonald/Elton%20Cut%20Henry%20III%20ob.jpg"]},{"from":1216,"to":1272,"title":"HAMP-40C460: A coin issued by Henry III of England","image_urls":["https://finds.org.uk/images/jmccrohan/Hamp%2040C460.tif"]},{"from":1216,"to":1222,"title":"NLM-00EB96: A coin issued by Henry III of England","image_urls":["https://finds.org.uk/images/lstaves/NLM09879.jpg"]},{"from":1216,"to":1247,"title":"SUR-81CD80: A coin issued by Henry III of England","image_urls":["https://finds.org.uk/images/dwilliams/05.402a.jpg"]}]