[{"from":122,"to":138,"title":"YORYM-C12C81: A coin issued by Hadrian","image_urls":["https://finds.org.uk/images/rebeccam/SS0178.jpg"]},{"from":122,"to":138,"title":"LANCUM-53CB74: A coin issued by Hadrian","image_urls":["https://finds.org.uk/images/dboughton/KDMD53CB74obv.jpg"]},{"from":122,"to":122,"title":"LEIC-C1D017: A coin issued by Hadrian","image_urls":["https://finds.org.uk/images/wscott/C1D017.JPG"]},{"from":122,"to":122,"title":"LIN-D97F70: A coin issued by Hadrian","image_urls":["https://finds.org.uk/images/adaubney/LIN8127.JPG"]},{"from":122,"to":138,"title":"PUBLIC-7ABDA4: A coin issued by Hadrian","image_urls":["https://finds.org.uk/images/calow1/FLE14.%20605.JPG"]},{"from":122,"to":123,"title":"Billon Tetradrachm of Hadrian, Alexandreia, AD 122 - AD 123. 1944.100.56525","image_urls":["http://numismatics.org/collectionimages/19001949/1944/1944.100.56525.rev.width350.jpg"]},{"from":122,"to":123,"title":"Bronze Drachm of Hadrian, Alexandreia, AD 122 - AD 123. 1944.100.57334","image_urls":["http://numismatics.org/collectionimages/19001949/1944/1944.100.57334.rev.width350.jpg"]},{"from":122,"to":123,"title":"Bronze Drachm of Hadrian, Alexandreia, AD 122 - AD 123. 1944.100.58374","image_urls":["http://numismatics.org/collectionimages/19001949/1944/1944.100.58374.rev.width350.jpg"]},{"from":122,"to":123,"title":"Billon Tetradrachm of Hadrian, Alexandreia, AD 122 - AD 123. 1944.100.56524","image_urls":["http://numismatics.org/collectionimages/19001949/1944/1944.100.56524.rev.width350.jpg"]},{"from":122,"to":123,"title":"Bronze Drachm of Hadrian, Alexandreia, AD 122 - AD 123. 1944.100.57336","image_urls":["http://numismatics.org/collectionimages/19001949/1944/1944.100.57336.rev.width350.jpg"]},{"from":122,"to":123,"title":"Bronze Drachm of Hadrian, Alexandreia, AD 122 - AD 123. 1944.100.58366","image_urls":["http://numismatics.org/collectionimages/19001949/1944/1944.100.58366.rev.width350.jpg"]},{"from":122,"to":123,"title":"Silver Tetradrachm, Seleuceia ad Tigrim, AD 122 - AD 123. 1944.100.83302","image_urls":["http://numismatics.org/collectionimages/19001949/1944/1944.100.83302.rev.width350.jpg"]},{"from":122,"to":123,"title":"Bronze Drachm of Hadrian, Alexandreia, AD 122 - AD 123. 1944.100.58372","image_urls":["http://numismatics.org/collectionimages/19001949/1944/1944.100.58372.rev.width350.jpg"]},{"from":122,"to":123,"title":"Bronze Drachm of Hadrian, Alexandreia, AD 122 - AD 123. 1944.100.58370","image_urls":["http://numismatics.org/collectionimages/19001949/1944/1944.100.58370.rev.width350.jpg"]},{"from":122,"to":123,"title":"Bronze Drachm of Hadrian, Alexandreia, AD 122 - AD 123. 1944.100.57339","image_urls":["http://numismatics.org/collectionimages/19001949/1944/1944.100.57339.rev.width350.jpg"]},{"from":122,"to":123,"title":"Bronze Drachm of Hadrian, Alexandreia, AD 122 - AD 123. 1944.100.58367","image_urls":["http://numismatics.org/collectionimages/19001949/1944/1944.100.58367.rev.width350.jpg"]},{"from":122,"to":123,"title":"Bronze Drachm of Hadrian, Alexandreia, AD 122 - AD 123. 1944.100.58369","image_urls":["http://numismatics.org/collectionimages/19001949/1944/1944.100.58369.rev.width350.jpg"]},{"from":122,"to":123,"title":"Bronze Drachm of Hadrian, Alexandreia, AD 122 - AD 123. 1944.100.58373","image_urls":["http://numismatics.org/collectionimages/19001949/1944/1944.100.58373.rev.width350.jpg"]}]