[{"from":123,"to":123,"title":"LIN-62F035: A coin issued by Hadrian","image_urls":["https://finds.org.uk/images/adaubney/LIN2012-262.jpg"]},{"from":123,"to":123,"title":"LEIC-E55DC3: A coin issued by Hadrian","image_urls":["https://finds.org.uk/images/wscott/E55DC3.JPG"]},{"from":123,"to":123,"title":"LIN-DF8E63: A coin issued by Hadrian","image_urls":["https://finds.org.uk/images/adaubney/LIN8450.JPG"]},{"from":123,"to":123,"title":"SUSS-372385: A coin issued by Hadrian","image_urls":["https://finds.org.uk/images/lburnett/SUSS-372385.JPG"]},{"from":123,"to":123,"title":"LEIC-A58E47: A coin issued by Hadrian","image_urls":["https://finds.org.uk/images/woomi/DSCN4051.JPG"]},{"from":123,"to":123,"title":"DUR-5F6136: A coin issued by Hadrian","image_urls":["https://finds.org.uk/images/emorris/DUR-5F6136.jpg"]},{"from":123,"to":123,"title":"LEIC-AE0826: A coin issued by Hadrian","image_urls":["https://finds.org.uk/images/wscott/AE0826.JPG"]},{"from":123,"to":123,"title":"LEIC-B15393: A coin issued by Hadrian","image_urls":["https://finds.org.uk/images/wscott/B15393.JPG"]},{"from":123,"to":123,"title":"GLO-DD1D87: A coin issued by Hadrian","image_urls":["https://finds.org.uk/images/kadams/DSC0906copy.jpg"]},{"from":123,"to":123,"title":"LEIC-2B1632: A coin issued by Hadrian","image_urls":["https://finds.org.uk/images/wscott/2B1632.JPG"]},{"from":123,"to":123,"title":"HAMP-803B23: A coin issued by Hadrian","image_urls":["https://finds.org.uk/images/rwebley/HAMP-803B23Hadriandenarius.jpg"]},{"from":123,"to":123,"title":"NARC-EB4293: A coin issued by Hadrian","image_urls":["https://finds.org.uk/images/jcassidy/NARC-EB4293b.jpg"]},{"from":123,"to":124,"title":"Bronze Drachm of Hadrian, Alexandreia, AD 123 - AD 124. 1944.100.58377","image_urls":["http://numismatics.org/collectionimages/19001949/1944/1944.100.58377.rev.width350.jpg"]},{"from":123,"to":124,"title":"Billon Tetradrachm of Hadrian, Alexandreia, AD 123 - AD 124. 1944.100.56530","image_urls":["http://numismatics.org/collectionimages/19001949/1944/1944.100.56530.rev.width350.jpg"]},{"from":123,"to":124,"title":"Billon Tetradrachm of Hadrian, Alexandreia, AD 123 - AD 124. 1944.100.56539","image_urls":["http://numismatics.org/collectionimages/19001949/1944/1944.100.56539.rev.width350.jpg"]},{"from":123,"to":124,"title":"Silver Tetradrachm, Seleuceia ad Tigrim, AD 123 - AD 124. 1944.100.83307","image_urls":["http://numismatics.org/collectionimages/19001949/1944/1944.100.83307.rev.width350.jpg"]},{"from":123,"to":124,"title":"Bronze Drachm of Hadrian, Alexandreia, AD 123 - AD 124. 1944.100.58383","image_urls":["http://numismatics.org/collectionimages/19001949/1944/1944.100.58383.rev.width350.jpg"]},{"from":123,"to":124,"title":"Silver Tetradrachm, Seleuceia ad Tigrim, AD 123 - AD 124. 1944.100.83303","image_urls":["http://numismatics.org/collectionimages/19001949/1944/1944.100.83303.rev.width350.jpg"]},{"from":123,"to":124,"title":"Bronze Drachm of Hadrian, Alexandreia, AD 123 - AD 124. 1974.26.3304","image_urls":["http://numismatics.org/collectionimages/19501999/1974/1974.26.3304.rev.width350.jpg"]},{"from":123,"to":124,"title":"Bronze Drachm of Hadrian, Alexandreia, AD 123 - AD 124. 1944.100.58376","image_urls":["http://numismatics.org/collectionimages/19001949/1944/1944.100.58376.rev.width350.jpg"]},{"from":123,"to":124,"title":"Bronze Drachm of Hadrian, Alexandreia, AD 123 - AD 124. 1973.56.614","image_urls":["http://numismatics.org/collectionimages/19501999/1973/1973.56.614.rev.width350.jpg"]},{"from":123,"to":124,"title":"Bronze Dichalkon of Hadrian, Alexandreia, AD 123 - AD 124. 1944.100.57358","image_urls":["http://numismatics.org/collectionimages/19001949/1944/1944.100.57358.rev.width350.jpg"]},{"from":123,"to":124,"title":"Silver Tetradrachm, Seleuceia ad Tigrim, AD 123 - AD 124. 1944.100.83304","image_urls":["http://numismatics.org/collectionimages/19001949/1944/1944.100.83304.rev.width350.jpg"]},{"from":123,"to":124,"title":"Bronze Drachm of Hadrian, Alexandreia, AD 123 - AD 124. 1944.100.57344","image_urls":["http://numismatics.org/collectionimages/19001949/1944/1944.100.57344.rev.width350.jpg"]},{"from":123,"to":124,"title":"Billon Tetradrachm of Hadrian, Alexandreia, AD 123 - AD 124. 1944.100.56553","image_urls":["http://numismatics.org/collectionimages/19001949/1944/1944.100.56553.rev.width350.jpg"]},{"from":123,"to":124,"title":"Billon Tetradrachm of Hadrian, Alexandreia, AD 123 - AD 124. 1944.100.56547","image_urls":["http://numismatics.org/collectionimages/19001949/1944/1944.100.56547.rev.width350.jpg"]},{"from":123,"to":124,"title":"Bronze Drachm of Hadrian, Alexandreia, AD 123 - AD 124. 1944.100.57350","image_urls":["http://numismatics.org/collectionimages/19001949/1944/1944.100.57350.rev.width350.jpg"]},{"from":123,"to":124,"title":"Silver Tetradrachm, Seleuceia ad Tigrim, AD 123 - AD 124. 1944.100.83306","image_urls":["http://numismatics.org/collectionimages/19001949/1944/1944.100.83306.rev.width350.jpg"]},{"from":123,"to":124,"title":"Billon Tetradrachm of Hadrian, Alexandreia, AD 123 - AD 124. 1944.100.56548","image_urls":["http://numismatics.org/collectionimages/19001949/1944/1944.100.56548.rev.width350.jpg"]},{"from":123,"to":124,"title":"Billon Tetradrachm of Hadrian, Alexandreia, AD 123 - AD 124. 1944.100.56529","image_urls":["http://numismatics.org/collectionimages/19001949/1944/1944.100.56529.rev.width350.jpg"]},{"from":123,"to":124,"title":"Billon Tetradrachm of Hadrian, Alexandreia, AD 123 - AD 124. 1944.100.56546","image_urls":["http://numismatics.org/collectionimages/19001949/1944/1944.100.56546.rev.width350.jpg"]},{"from":123,"to":124,"title":"Bronze Drachm of Hadrian, Alexandreia, AD 123 - AD 124. 1973.56.613","image_urls":["http://numismatics.org/collectionimages/19501999/1973/1973.56.613.rev.width350.jpg"]},{"from":123,"to":124,"title":"Silver Tetradrachm, Seleuceia ad Tigrim, AD 123 - AD 124. 1944.100.83305","image_urls":["http://numismatics.org/collectionimages/19001949/1944/1944.100.83305.rev.width350.jpg"]},{"from":123,"to":124,"title":"Billon Tetradrachm of Hadrian, Alexandreia, AD 123 - AD 124. 1944.100.56561","image_urls":["http://numismatics.org/collectionimages/19001949/1944/1944.100.56561.rev.width350.jpg"]}]