[{"from":124,"to":124,"title":"CORN-E6E8E2: A coin issued by Hadrian","image_urls":["https://finds.org.uk/images/atyacke/Hadriandenariusobv.jpg"]},{"from":124,"to":124,"title":"IOW-35CCB4: A coin issued by Hadrian","image_urls":["https://finds.org.uk/images/fbasford/IOW2005-101-3a.JPG"]},{"from":124,"to":128,"title":"NCL-AA6A50: A coin issued by Hadrian","image_urls":["https://finds.org.uk/images/pwalton/1025.jpg"]},{"from":124,"to":138,"title":"IOW-B7FE83: A coin issued by Hadrian","image_urls":["https://finds.org.uk/images/fbasford/IOW2012-2-123.JPG"]},{"from":124,"to":128,"title":"IOW-D5C381: A coin issued by Hadrian","image_urls":["https://finds.org.uk/images/fbasford/IOW2012-1-523a.JPG"]},{"from":124,"to":125,"title":"Silver Tetradrachm, Seleuceia ad Tigrim, AD 124 - AD 125. 1944.100.83310","image_urls":["http://numismatics.org/collectionimages/19001949/1944/1944.100.83310.rev.width350.jpg"]},{"from":124,"to":125,"title":"Billon Tetradrachm of Hadrian, Alexandreia, AD 124 - AD 125. 1944.100.56606","image_urls":["http://numismatics.org/collectionimages/19001949/1944/1944.100.56606.rev.width350.jpg"]},{"from":124,"to":125,"title":"Billon Tetradrachm of Hadrian, Alexandreia, AD 124 - AD 125. 1944.100.56575","image_urls":["http://numismatics.org/collectionimages/19001949/1944/1944.100.56575.rev.width350.jpg"]},{"from":124,"to":125,"title":"Billon Tetradrachm of Hadrian, Alexandreia, AD 124 - AD 125. 1933.999.612","image_urls":["http://numismatics.org/collectionimages/19001949/1933/1933.999.612.rev.width350.jpg"]},{"from":124,"to":125,"title":"Billon Tetradrachm of Hadrian, Alexandreia, AD 124 - AD 125. 1965.32.37","image_urls":["http://numismatics.org/collectionimages/19501999/1965/1965.32.37.rev.width350.jpg"]},{"from":124,"to":125,"title":"Billon Tetradrachm of Hadrian, Alexandreia, AD 124 - AD 125. 1944.100.56607","image_urls":["http://numismatics.org/collectionimages/19001949/1944/1944.100.56607.rev.width350.jpg"]},{"from":124,"to":125,"title":"Silver Tetradrachm, Seleuceia ad Tigrim, AD 124 - AD 125. 1944.100.83308","image_urls":["http://numismatics.org/collectionimages/19001949/1944/1944.100.83308.rev.width350.jpg"]},{"from":124,"to":125,"title":"Billon Tetradrachm of Hadrian, Alexandreia, AD 124 - AD 125. 1944.100.56601","image_urls":["http://numismatics.org/collectionimages/19001949/1944/1944.100.56601.rev.width350.jpg"]},{"from":124,"to":125,"title":"Silver Tetradrachm, Seleuceia ad Tigrim, AD 124 - AD 125. 1944.100.83311","image_urls":["http://numismatics.org/collectionimages/19001949/1944/1944.100.83311.rev.width350.jpg"]},{"from":124,"to":125,"title":"Billon Tetradrachm of Hadrian, Alexandreia, AD 124 - AD 125. 1944.100.56605","image_urls":["http://numismatics.org/collectionimages/19001949/1944/1944.100.56605.rev.width350.jpg"]},{"from":124,"to":125,"title":"Silver Tetradrachm, Seleuceia ad Tigrim, AD 124 - AD 125. 1944.100.83312","image_urls":["http://numismatics.org/collectionimages/19001949/1944/1944.100.83312.rev.width350.jpg"]},{"from":124,"to":125,"title":"Billon Tetradrachm of Hadrian, Alexandreia, AD 124 - AD 125. 1944.100.56608","image_urls":["http://numismatics.org/collectionimages/19001949/1944/1944.100.56608.rev.width350.jpg"]},{"from":124,"to":125,"title":"Silver Tetradrachm, Seleuceia ad Tigrim, AD 124 - AD 125. 1944.100.83309","image_urls":["http://numismatics.org/collectionimages/19001949/1944/1944.100.83309.rev.width350.jpg"]},{"from":124,"to":125,"title":"Billon Tetradrachm of Hadrian, Alexandreia, AD 124 - AD 125. 1944.100.56621","image_urls":["http://numismatics.org/collectionimages/19001949/1944/1944.100.56621.rev.width350.jpg"]},{"from":124,"to":125,"title":"Silver Tetradrachm, Seleuceia ad Tigrim, AD 124 - AD 125. 1944.100.83295","image_urls":["http://numismatics.org/collectionimages/19001949/1944/1944.100.83295.rev.width350.jpg"]}]