[{"from":1247,"to":1272,"title":"HAMP-7F4B22: A coin issued by Henry III of England","image_urls":["https://finds.org.uk/images/jmccrohan/Hamp%207F4B22.tif"]},{"from":1247,"to":1279,"title":"NLM-91F051: A coin issued by Henry III of England","image_urls":["https://finds.org.uk/images/lstaves/NLM10502.jpg"]},{"from":1247,"to":1272,"title":"CAM-2670C8: A coin issued by Henry III of England","image_urls":["https://finds.org.uk/images/pjw/CAM_2670C8.jpg"]},{"from":1247,"to":1272,"title":"BH-4B9124: A coin issued by Henry III of England","image_urls":["https://finds.org.uk/images/jwatters/Med%20coin%20Bedford%202482%20-%204.jpg"]},{"from":1247,"to":1272,"title":"LEIC-4A5391: A coin issued by Henry III of England","image_urls":["https://finds.org.uk/images/wscott/4A5391.JPG"]}]