[{"from":125,"to":128,"title":"DEV-D24F07: A coin issued by Hadrian","image_urls":["https://finds.org.uk/images/dwootton/DEV-D24F07-R120%20COMPLETED.jpg"]},{"from":125,"to":128,"title":"HAMP817: A coin issued by Hadrian","image_urls":["https://finds.org.uk/images/sworrell/Hamp817a.jpg"]},{"from":125,"to":128,"title":"WILT-850313: A coin issued by Hadrian","image_urls":["https://finds.org.uk/images/jshoemark/WILT850313.jpg"]},{"from":125,"to":128,"title":"LVPL-73FC46: A coin issued by Hadrian","image_urls":["https://finds.org.uk/images/voakden/LVPL-73FC46.jpg"]},{"from":125,"to":128,"title":"WMID-6EAAF6: A coin issued by Hadrian","image_urls":["https://finds.org.uk/images/riccardo/WMID-6EAAF6.jpg"]},{"from":125,"to":128,"title":"IOW-B5DF00: A coin issued by Hadrian","image_urls":["https://finds.org.uk/images/fbasford/IOW2006-88-38.JPG"]},{"from":125,"to":128,"title":"HAMP1926: A coin issued by Hadrian","image_urls":["https://finds.org.uk/images/sworrell/hamp%201926a.jpg"]},{"from":125,"to":128,"title":"YORYM-558034: A coin issued by Hadrian","image_urls":["https://finds.org.uk/images/bmorris/AWY0167.jpg"]},{"from":125,"to":128,"title":"YORYM-8F4A91: A coin issued by Hadrian","image_urls":["https://finds.org.uk/images/law/BR0314.jpg"]},{"from":125,"to":138,"title":"IOW-EDF1A1: A coin issued by Hadrian","image_urls":["https://finds.org.uk/images/fbasford/IOW2010-2-55.JPG"]},{"from":125,"to":138,"title":"PUBLIC-CFC733: A coin issued by Hadrian","image_urls":["https://finds.org.uk/images/calow1/FLE11.001.JPG"]},{"from":125,"to":128,"title":"GLO-F09702: A coin issued by Hadrian","image_urls":["https://finds.org.uk/images/kadams/GLOF09702.JPG"]},{"from":125,"to":138,"title":"CAM-E3A216: A coin issued by Hadrian","image_urls":["https://finds.org.uk/images/hfowler/CAM-E3A216.jpg"]},{"from":125,"to":175,"title":"HAMP-259A87: A coin issued by Antoninus Pius","image_urls":["https://finds.org.uk/images/rwebley/HAMP-259A87Piussestertius.jpg"]},{"from":125,"to":128,"title":"LANCUM-71A857: A coin issued by Hadrian","image_urls":["https://finds.org.uk/images/dboughton/LANCUM71A857.jpg"]},{"from":125,"to":134,"title":"LANCUM-AF7268: A coin issued by Hadrian","image_urls":["https://finds.org.uk/images/dboughton/KDMDRHAF7268.jpg"]},{"from":125,"to":125,"title":"SWYOR-399355: A coin issued by Hadrian","image_urls":["https://finds.org.uk/images/bloom/PAS_2039_coin2.jpg"]},{"from":125,"to":128,"title":"HAMP-CBE446: A coin issued by Hadrian","image_urls":["https://finds.org.uk/images/rwebley/HAMP-CBE446Hadriandenarius.jpg"]},{"from":125,"to":128,"title":"WAW-0148F8: A coin issued by Hadrian","image_urls":["https://finds.org.uk/images/abolton/WAW-0148F8.jpg"]},{"from":125,"to":138,"title":"DUR-22EEB7: A coin issued by Hadrian","image_urls":["https://finds.org.uk/images/a8622912/DUR-22EEB7-as-of-Hadrian.jpg"]},{"from":125,"to":128,"title":"YORYM-84A4E5: A coin issued by Hadrian","image_urls":["https://finds.org.uk/images/bmorris/CR0121.jpg"]},{"from":125,"to":128,"title":"LANCUM-D5CBD5: A coin issued by Hadrian","image_urls":["https://finds.org.uk/images/dboughton/THIHD5CBD5.jpg"]},{"from":125,"to":128,"title":"NCL-782652: A coin issued by Hadrian","image_urls":["https://finds.org.uk/images/pwalton/847.jpg"]},{"from":125,"to":128,"title":"WILT-B23B10: A coin issued by Hadrian","image_urls":["https://finds.org.uk/images/khinds/Crisp0611hadriandenarius.jpg"]},{"from":125,"to":128,"title":"BH-F14831: A coin issued by Hadrian","image_urls":["https://finds.org.uk/images/jwatters/Roman%20coin%2009%20200%20-%208.jpg"]},{"from":125,"to":138,"title":"BUC-D401B4: A coin issued by Hadrian","image_urls":["https://finds.org.uk/images/Helen Low/2DSCN9676.JPG"]},{"from":125,"to":128,"title":"BH-1E2EC8: A coin issued by Hadrian","image_urls":["https://finds.org.uk/images/jwatters/Roman%20coin%2009%2041%20-%201.jpg"]},{"from":125,"to":128,"title":"LEIC-75FA56: A coin issued by Hadrian","image_urls":["https://finds.org.uk/images/wscott/1671.JPG"]},{"from":125,"to":128,"title":"SWYOR-4F8FC7: A coin issued by Hadrian","image_urls":["https://finds.org.uk/images/acooper/PAS_2429_Roman.jpg"]},{"from":125,"to":138,"title":"ESS-9A67E5: A coin issued by Hadrian","image_urls":["https://finds.org.uk/images/ellyfair/ESS-9A67E5.jpg"]},{"from":125,"to":128,"title":"BM-85FDB2: A coin issued by Hadrian","image_urls":["https://finds.org.uk/images/jasonlundock/5118.jpg"]},{"from":125,"to":128,"title":"BM-EFAF84: A coin issued by Hadrian","image_urls":["https://finds.org.uk/images/jasonlundock/5264.jpg"]},{"from":125,"to":138,"title":"LEIC-EE55CB: A coin issued by Hadrian","image_urls":["https://finds.org.uk/images/teeosw/LEIC-EE55CB.jpg"]},{"from":125,"to":128,"title":"NARC-7AF285: A coin issued by Hadrian","image_urls":["https://finds.org.uk/images/tbrindle/NARC-7AF285denariusrev.jpg"]},{"from":125,"to":138,"title":"NCL-080054: A coin issued by Hadrian","image_urls":["https://finds.org.uk/images/pwalton/1189.jpg"]},{"from":125,"to":138,"title":"IOW-A99414: A coin issued by Hadrian","image_urls":["https://finds.org.uk/images/fbasford/IOW2011-1-222.JPG"]},{"from":125,"to":128,"title":"LIN-3FA361: A coin issued by Hadrian","image_urls":["https://finds.org.uk/images/adaubney/LIN2011-1093.jpg"]},{"from":125,"to":138,"title":"PUBLIC-5F0CF5: A coin issued by Hadrian","image_urls":["https://finds.org.uk/images/calow1/FLE11.95.JPG"]},{"from":125,"to":128,"title":"BUC-D21594: A coin issued by Hadrian","image_urls":["https://finds.org.uk/images/jmoss/Dscn0674.jpg"]},{"from":125,"to":128,"title":"NCL-AB68B2: A coin issued by Hadrian","image_urls":["https://finds.org.uk/images/pwalton/879.jpg"]},{"from":125,"to":128,"title":"WILT-F10294: A coin issued by Hadrian","image_urls":["https://finds.org.uk/images/khinds/Crisp0708Hadrian.jpg"]},{"from":125,"to":128,"title":"LIN-737E54: A coin issued by Hadrian","image_urls":["https://finds.org.uk/images/adaubney/LIN7722.JPG"]},{"from":125,"to":128,"title":"WMID-609FD5: A coin issued by Hadrian","image_urls":["https://finds.org.uk/images/cjohnson/WMID-609FD5.JPG"]},{"from":125,"to":138,"title":"LIN-CC7084: A coin issued by Hadrian","image_urls":["https://finds.org.uk/images/adaubney/GL135.jpg"]},{"from":125,"to":128,"title":"WMID-CEB8B4: A coin issued by Hadrian","image_urls":["https://finds.org.uk/images/tbrindle/WMID-CEB8B4.jpg"]},{"from":125,"to":128,"title":"SWYOR-5BF121: A coin issued by Hadrian","image_urls":["https://finds.org.uk/images/acooper/PAS_1226_denarius.jpg"]},{"from":125,"to":138,"title":"BM-77CDF3: A coin issued by Hadrian","image_urls":["https://finds.org.uk/images/jasonlundock/280.jpg"]},{"from":125,"to":138,"title":"CORN-70BCB3: A coin issued by Hadrian","image_urls":["https://finds.org.uk/images/atyacke/jadeiteaxe%20001.jpg"]},{"from":125,"to":128,"title":"NLM-58ECE1: A coin issued by Hadrian","image_urls":["https://finds.org.uk/images/mforeman/NLM18981.jpg"]},{"from":125,"to":175,"title":"NARC-EAEC85: A coin issued by Faustina II","image_urls":["https://finds.org.uk/images/jcassidy/NARC-EAEC85b.jpg"]},{"from":125,"to":128,"title":"DUR-658F72: A coin issued by Hadrian","image_urls":["https://finds.org.uk/images/a8622912/DUR-658F72.jpg"]},{"from":125,"to":128,"title":"PUBLIC-418A7D: A coin issued by Hadrian","image_urls":["https://finds.org.uk/images/whipet/IMG_8736.JPG"]},{"from":125,"to":128,"title":"ESS-09A3D4: A coin issued by Hadrian","image_urls":["https://finds.org.uk/images/lmclean/ESS-09A3D4.jpg"]},{"from":125,"to":128,"title":"BM-75C785: A coin issued by Hadrian","image_urls":["https://finds.org.uk/images/jasonlundock/908a.jpg"]},{"from":125,"to":128,"title":"ESS-549B14: A coin issued by Hadrian","image_urls":["https://finds.org.uk/images/kmarsden/ESS-549B14.jpg"]},{"from":125,"to":128,"title":"WMID-B69328: A coin issued by Hadrian","image_urls":["https://finds.org.uk/images/tgilmore/WMID-B69328.jpg"]},{"from":125,"to":128,"title":"YORYM-A9DEE7: A coin issued by Hadrian","image_urls":["https://finds.org.uk/images/bmorris/SPB0027.jpg"]},{"from":125,"to":125,"title":"SWYOR-DC40B3: A coin issued by Hadrian","image_urls":["https://finds.org.uk/images/acooper/PAS%20499%20fake%20denarius.jpg"]},{"from":125,"to":128,"title":"IOW-3C3B53: A coin issued by Hadrian","image_urls":["https://finds.org.uk/images/fbasford/IOW2013-2-67.JPG"]},{"from":125,"to":134,"title":"HAMP-786E27: A coin issued by Hadrian","image_urls":["https://finds.org.uk/images/ljellis/HAMP-786E27Hadriandenarius.JPG"]},{"from":125,"to":128,"title":"NCL-BFDE58: A coin issued by Hadrian","image_urls":["https://finds.org.uk/images/pwalton/1174.jpg"]},{"from":125,"to":128,"title":"BH-64D7F2: A coin issued by Hadrian","image_urls":["https://finds.org.uk/images/jwatters/Roman_coin_3161_1.jpg"]},{"from":125,"to":128,"title":"CORN-472C13: A coin issued by Hadrian","image_urls":["https://finds.org.uk/images/atyacke/HadriandenariusRomeobv.jpg"]},{"from":125,"to":138,"title":"BH-ADF915: A coin issued by Hadrian","image_urls":["https://finds.org.uk/images/jwatters/Roman_coin_10_154_1.jpg"]},{"from":125,"to":128,"title":"WMID-BA1716: A coin issued by Hadrian","image_urls":["https://finds.org.uk/images/tgilmore/WMID-BA1716.jpg"]},{"from":125,"to":128,"title":"YORYM-F1DFD3: A coin issued by Hadrian","image_urls":["https://finds.org.uk/images/law/MID0014.jpg"]},{"from":125,"to":138,"title":"IOW-FC21E7: A coin issued by Hadrian","image_urls":["https://finds.org.uk/images/fbasford/IOW2014-4-104.JPG"]},{"from":125,"to":128,"title":"KENT-CECEE0: A coin issued by Hadrian","image_urls":["https://finds.org.uk/images/karend1/KENT-CECEE0.jpg"]},{"from":125,"to":128,"title":"HESH-C15A94: A coin issued by Hadrian","image_urls":["https://finds.org.uk/images/preavill/HESH-C15A94.jpg"]},{"from":125,"to":128,"title":"LANCUM-720F16: A coin issued by Hadrian","image_urls":["https://finds.org.uk/images/dboughton/LANCUM720F16.jpg"]},{"from":125,"to":138,"title":"NCL-C2DFC0: A coin issued by Hadrian","image_urls":["https://finds.org.uk/images/pwalton/1201.jpg"]},{"from":125,"to":128,"title":"BH-6C4894: A coin issued by Hadrian","image_urls":["https://finds.org.uk/images/jwatters/Roman_coin_12_78_8.jpg"]},{"from":125,"to":128,"title":"SUSS-C970F2: A coin issued by Hadrian","image_urls":["https://finds.org.uk/images/lwilson/1-236r.jpg"]},{"from":125,"to":128,"title":"YORYM-81A6BA: A coin issued by Hadrian","image_urls":["https://finds.org.uk/images/bmorris/MPS0077.jpg"]},{"from":125,"to":128,"title":"BH-722C83: A coin issued by Hadrian","image_urls":["https://finds.org.uk/images/jwatters/Roman%20coin%2008%20118%20-%201.jpg"]},{"from":125,"to":128,"title":"CAM-593A93: A coin issued by Hadrian","image_urls":["https://finds.org.uk/images/hfowler/CAM-593A93.jpg"]},{"from":125,"to":138,"title":"BM-FBC371: A coin issued by Hadrian","image_urls":["https://finds.org.uk/images/vdrost/BM-FBC371-R.JPG"]},{"from":125,"to":128,"title":"LANCUM-D92224: A coin issued by Hadrian","image_urls":["https://finds.org.uk/images/dboughton/MoLPAD92224.jpg"]},{"from":125,"to":128,"title":"BUC-D1C651: A coin issued by Hadrian","image_urls":["https://finds.org.uk/images/jmoss/DSCN0672.JPG"]},{"from":125,"to":128,"title":"BM-24F986: A coin issued by Hadrian","image_urls":["https://finds.org.uk/images/jasonlundock/1097.jpg"]},{"from":125,"to":128,"title":"ESS-EFFF7A: A coin issued by Hadrian","image_urls":["https://finds.org.uk/images/bpaites/HadrianDenarius.jpg"]},{"from":125,"to":128,"title":"SF-624EB7: A coin issued by Hadrian","image_urls":["https://finds.org.uk/images/gstewart/Isleham_SF-624EB7.jpg"]},{"from":125,"to":138,"title":"HAMP-29B4F0: A coin issued by Hadrian","image_urls":["https://finds.org.uk/images/rwebley/HAMP-29B4F0Hadrianas.jpg"]},{"from":125,"to":128,"title":"NCL-BD72D3: A coin issued by Hadrian","image_urls":["https://finds.org.uk/images/pwalton/1137.jpg"]},{"from":125,"to":128,"title":"LVPL-739713: A coin issued by Hadrian","image_urls":["https://finds.org.uk/images/voakden/DSCN8091.jpg"]},{"from":125,"to":128,"title":"IOW-4DBE03: A coin issued by Hadrian","image_urls":["https://finds.org.uk/images/fbasford/IOW2006-61-12.jpg"]},{"from":125,"to":138,"title":"SUSS-CB9815: A coin issued by Hadrian","image_urls":["https://finds.org.uk/images/lburnett/SUSS-CB9815%20.JPG"]},{"from":125,"to":128,"title":"WAW-51F252: A coin issued by Hadrian","image_urls":["https://finds.org.uk/images/abolton/WAW51F252.jpg"]},{"from":125,"to":128,"title":"BH-D99E34: A coin issued by Hadrian","image_urls":["https://finds.org.uk/images/jwatters/Roman_coin_15_102.jpg"]},{"from":125,"to":132,"title":"DENO-99F304: A coin issued by Hadrian","image_urls":["https://finds.org.uk/images/cburrill2/E7049_Hadrian_Denarius.jpg"]},{"from":125,"to":128,"title":"SUSS-2A5D97: A coin issued by Hadrian","image_urls":["https://finds.org.uk/images/lburnett/SUSS-2A5D97.JPG"]},{"from":125,"to":128,"title":"IOW-1F78C6: A coin issued by Hadrian","image_urls":["https://finds.org.uk/images/fbasford/IOW2012-1-303.JPG"]},{"from":125,"to":138,"title":"FAPJW-1E3013: A coin issued by Hadrian","image_urls":["https://finds.org.uk/images/pwalton/FAPJW-1E3013.jpg"]},{"from":125,"to":134,"title":"YORYM-B1C022: A coin issued by Hadrian","image_urls":["https://finds.org.uk/images/law/PS0067.jpg"]},{"from":125,"to":128,"title":"NARC-611E5C: A coin issued by Hadrian","image_urls":["https://finds.org.uk/images/jcassidy/NARC-611E5Cb.jpg"]},{"from":125,"to":128,"title":"BH-3EA536: A coin issued by Hadrian","image_urls":["https://finds.org.uk/images/jwatters/Roman_coin_13_146_1.jpg"]},{"from":125,"to":125,"title":"WMID-99A843: A coin issued by Republic","image_urls":["https://finds.org.uk/images/tgilmore/WMID-99A843.jpg"]},{"from":125,"to":128,"title":"RIC II Hadrian 173d. 1956.127.193","image_urls":["http://numismatics.org/collectionimages/19501999/1956/1956.127.193.rev.width350.jpg"]},{"from":125,"to":128,"title":"RIC II Hadrian 680. 1944.100.47354","image_urls":["http://numismatics.org/collectionimages/19001949/1944/1944.100.47354.rev.width350.jpg"]},{"from":125,"to":128,"title":"Bronze Quadrans of Hadrian, Rome, AD 125 - AD 128. 1971.203.11","image_urls":["http://numismatics.org/collectionimages/19501999/1971/1971.203.11.rev.width350.jpg"]},{"from":125,"to":128,"title":"RIC II Hadrian 678. 1937.158.492","image_urls":["http://numismatics.org/collectionimages/19001949/1937/1937.158.492.rev.width350.jpg"]},{"from":125,"to":128,"title":"RIC II Hadrian 164d. 1956.127.166","image_urls":["http://numismatics.org/collectionimages/19501999/1956/1956.127.166.rev.width350.jpg"]},{"from":125,"to":128,"title":"RIC II Hadrian 202d. 1985.140.108","image_urls":["http://numismatics.org/collectionimages/19501999/1985/1985.140.108.rev.width350.jpg"]},{"from":125,"to":128,"title":"RIC II Hadrian 656. 0000.999.20146","image_urls":["http://numismatics.org/collectionimages/00001899/0000/0000.999.20146.rev.width350.jpg"]},{"from":125,"to":128,"title":"RIC II Hadrian 190d. 1974.26.990","image_urls":["http://numismatics.org/collectionimages/19501999/1974/1974.26.990.rev.width350.jpg"]},{"from":125,"to":128,"title":"RIC II Hadrian 637d. 1943.102.73","image_urls":["http://numismatics.org/collectionimages/19001949/1943/1943.102.73.rev.width350.jpg"]},{"from":125,"to":128,"title":"RIC II Hadrian 657j. 1944.100.47345","image_urls":["http://numismatics.org/collectionimages/19001949/1944/1944.100.47345.rev.width350.jpg"]},{"from":125,"to":128,"title":"RIC II Hadrian 637d. 1944.100.47339","image_urls":["http://numismatics.org/collectionimages/19001949/1944/1944.100.47339.rev.width350.jpg"]},{"from":125,"to":128,"title":"RIC II Hadrian 696. 1995.11.239","image_urls":["http://numismatics.org/collectionimages/19501999/1995/1995.11.239.rev.width350.jpg"]},{"from":125,"to":128,"title":"RIC II Hadrian 157d. 1948.19.1202","image_urls":["http://numismatics.org/collectionimages/19001949/1948/1948.19.1202.rev.width350.jpg"]},{"from":125,"to":126,"title":"Bronze Obol of Hadrian, Alexandreia, AD 125 - AD 126. 1973.56.618","image_urls":["http://numismatics.org/collectionimages/19501999/1973/1973.56.618.rev.width350.jpg"]},{"from":125,"to":128,"title":"RIC II Hadrian 175d. 1909.78.41","image_urls":["http://numismatics.org/collectionimages/19001949/1909/1909.78.41.rev.width350.jpg"]},{"from":125,"to":128,"title":"RIC II Hadrian 181d (denarius). 1944.100.44847","image_urls":["http://numismatics.org/collectionimages/19001949/1944/1944.100.44847.rev.width350.jpg"]},{"from":125,"to":128,"title":"RIC II Hadrian 181d (denarius). 1956.127.202","image_urls":["http://numismatics.org/collectionimages/19501999/1956/1956.127.202.rev.width350.jpg"]},{"from":125,"to":128,"title":"RIC II Hadrian 202d. 1956.127.2316","image_urls":["http://numismatics.org/collectionimages/19501999/1956/1956.127.2316.rev.width350.jpg"]},{"from":125,"to":128,"title":"RIC II Hadrian 662. 1944.100.47348","image_urls":["http://numismatics.org/collectionimages/19001949/1944/1944.100.47348.rev.width350.jpg"]},{"from":125,"to":128,"title":"RIC II Hadrian 200d. 1955.18.5","image_urls":["http://numismatics.org/collectionimages/19501999/1955/1955.18.5.rev.width350.jpg"]},{"from":125,"to":128,"title":"RIC II Hadrian 668d. 1957.172.1693","image_urls":["http://numismatics.org/collectionimages/19501999/1957/1957.172.1693.rev.width350.jpg"]},{"from":125,"to":128,"title":"RIC II Hadrian 631B. 1944.100.47333","image_urls":["http://numismatics.org/collectionimages/19001949/1944/1944.100.47333.rev.width350.jpg"]},{"from":125,"to":128,"title":"RIC II Hadrian 175d. 1957.172.1651","image_urls":["http://numismatics.org/collectionimages/19501999/1957/1957.172.1651.rev.width350.jpg"]},{"from":125,"to":128,"title":"RIC II Hadrian 161d. 1956.127.175","image_urls":["http://numismatics.org/collectionimages/19501999/1956/1956.127.175.rev.width350.jpg"]},{"from":125,"to":128,"title":"RIC II Hadrian 673d. 1974.140.81","image_urls":["http://numismatics.org/collectionimages/19501999/1974/1974.140.81.rev.width350.jpg"]},{"from":125,"to":128,"title":"RIC II Hadrian 645. 1944.100.47342","image_urls":["http://numismatics.org/collectionimages/19001949/1944/1944.100.47342.rev.width350.jpg"]},{"from":125,"to":126,"title":"Bronze Diobol of Hadrian, Alexandreia, AD 125 - AD 126. 1944.100.57367","image_urls":["http://numismatics.org/collectionimages/19001949/1944/1944.100.57367.rev.width350.jpg"]},{"from":125,"to":128,"title":"Bronze Quadrans of Hadrian, Rome, AD 125 - AD 128. 1944.100.47357","image_urls":["http://numismatics.org/collectionimages/19001949/1944/1944.100.47357.rev.width350.jpg"]},{"from":125,"to":128,"title":"RIC II Hadrian 162d. 1911.23.121","image_urls":["http://numismatics.org/collectionimages/19001949/1911/1911.23.121.rev.width350.jpg"]},{"from":125,"to":126,"title":"Silver Tetradrachm, Seleuceia ad Tigrim, AD 125 - AD 126. 1944.100.83313","image_urls":["http://numismatics.org/collectionimages/19001949/1944/1944.100.83313.rev.width350.jpg"]},{"from":125,"to":128,"title":"RIC II Hadrian 161c. 1956.127.181","image_urls":["http://numismatics.org/collectionimages/19501999/1956/1956.127.181.rev.width350.jpg"]},{"from":125,"to":128,"title":"RIC II Hadrian 688 (quadrans). 0000.999.20149","image_urls":["http://numismatics.org/collectionimages/00001899/0000/0000.999.20149.rev.width350.jpg"]},{"from":125,"to":128,"title":"RIC II Hadrian 176d. 1948.19.1243","image_urls":["http://numismatics.org/collectionimages/19001949/1948/1948.19.1243.rev.width350.jpg"]},{"from":125,"to":128,"title":"RIC II Hadrian 160d. 1957.172.1645","image_urls":["http://numismatics.org/collectionimages/19501999/1957/1957.172.1645.rev.width350.jpg"]},{"from":125,"to":128,"title":"RIC II Hadrian 666. 1974.95.240","image_urls":["http://numismatics.org/collectionimages/19501999/1974/1974.95.240.rev.width350.jpg"]},{"from":125,"to":128,"title":"RIC II Hadrian 658j. 1944.100.47347","image_urls":["http://numismatics.org/collectionimages/19001949/1944/1944.100.47347.rev.width350.jpg"]},{"from":125,"to":128,"title":"RIC II Hadrian 173d. 1948.19.1204","image_urls":["http://numismatics.org/collectionimages/19001949/1948/1948.19.1204.rev.width350.jpg"]},{"from":125,"to":128,"title":"RIC II Hadrian 147d. 1956.127.157","image_urls":["http://numismatics.org/collectionimages/19501999/1956/1956.127.157.rev.width350.jpg"]},{"from":125,"to":128,"title":"RIC II Hadrian 658j. 1995.11.272","image_urls":["http://numismatics.org/collectionimages/19501999/1995/1995.11.272.rev.width350.jpg"]},{"from":125,"to":128,"title":"RIC II Hadrian 172d. 1911.23.124","image_urls":["http://numismatics.org/collectionimages/19001949/1911/1911.23.124.rev.width350.jpg"]},{"from":125,"to":128,"title":"RIC II Hadrian 636b. 1957.172.1690","image_urls":["http://numismatics.org/collectionimages/19501999/1957/1957.172.1690.rev.width350.jpg"]},{"from":125,"to":128,"title":"RIC II Hadrian 149d. 2000.5.20","image_urls":["http://numismatics.org/collectionimages/20002049/2000/2000.5.20.rev.width350.jpg"]},{"from":125,"to":128,"title":"RIC II Hadrian 186e. 1967.153.142","image_urls":["http://numismatics.org/collectionimages/19501999/1967/1967.153.142.rev.width350.jpg"]},{"from":125,"to":128,"title":"RIC II Hadrian 198d. 1956.127.214","image_urls":["http://numismatics.org/collectionimages/19501999/1956/1956.127.214.rev.width350.jpg"]},{"from":125,"to":128,"title":"RIC II Hadrian 183d (denarius). 1956.127.1782","image_urls":["http://numismatics.org/collectionimages/19501999/1956/1956.127.1782.rev.width350.jpg"]},{"from":125,"to":128,"title":"RIC II Hadrian 631B. 1974.26.1040","image_urls":["http://numismatics.org/collectionimages/19501999/1974/1974.26.1040.rev.width350.jpg"]},{"from":125,"to":128,"title":"RIC II Hadrian 675d. 1944.100.47351","image_urls":["http://numismatics.org/collectionimages/19001949/1944/1944.100.47351.rev.width350.jpg"]},{"from":125,"to":128,"title":"RIC II Hadrian 635. 1957.172.1689","image_urls":["http://numismatics.org/collectionimages/19501999/1957/1957.172.1689.rev.width350.jpg"]},{"from":125,"to":128,"title":"RIC II Hadrian 176d. 1956.127.330","image_urls":["http://numismatics.org/collectionimages/19501999/1956/1956.127.330.rev.width350.jpg"]},{"from":125,"to":128,"title":"RIC II Hadrian 202d. 1911.23.129","image_urls":["http://numismatics.org/collectionimages/19001949/1911/1911.23.129.rev.width350.jpg"]},{"from":125,"to":128,"title":"RIC II Hadrian 631B. 1974.26.1039","image_urls":["http://numismatics.org/collectionimages/19501999/1974/1974.26.1039.rev.width350.jpg"]},{"from":125,"to":128,"title":"RIC II Hadrian 645. 1944.100.47341","image_urls":["http://numismatics.org/collectionimages/19001949/1944/1944.100.47341.rev.width350.jpg"]},{"from":125,"to":128,"title":"RIC II Hadrian 161d. 1957.172.1646","image_urls":["http://numismatics.org/collectionimages/19501999/1957/1957.172.1646.rev.width350.jpg"]},{"from":125,"to":128,"title":"RIC II Hadrian 182d. 1944.100.44848","image_urls":["http://numismatics.org/collectionimages/19001949/1944/1944.100.44848.rev.width350.jpg"]},{"from":125,"to":128,"title":"RIC II Hadrian 202d. 1956.127.1785","image_urls":["http://numismatics.org/collectionimages/19501999/1956/1956.127.1785.rev.width350.jpg"]},{"from":125,"to":126,"title":"Bronze Obol of Hadrian, Alexandreia, AD 125 - AD 126. 1944.100.57370","image_urls":["http://numismatics.org/collectionimages/19001949/1944/1944.100.57370.rev.width350.jpg"]},{"from":125,"to":128,"title":"RIC II Hadrian 165d. 1956.127.187","image_urls":["http://numismatics.org/collectionimages/19501999/1956/1956.127.187.rev.width350.jpg"]},{"from":125,"to":128,"title":"RIC II Hadrian 182d. 0000.999.18580","image_urls":["http://numismatics.org/collectionimages/00001899/0000/0000.999.18580.rev.width350.jpg"]},{"from":125,"to":128,"title":"RIC II Hadrian 160d. 0000.999.18574","image_urls":["http://numismatics.org/collectionimages/00001899/0000/0000.999.18574.rev.width350.jpg"]},{"from":125,"to":128,"title":"RIC II Hadrian 202d. 1948.19.1205","image_urls":["http://numismatics.org/collectionimages/19001949/1948/1948.19.1205.rev.width350.jpg"]},{"from":125,"to":128,"title":"RIC II Hadrian 160d. 1956.127.172","image_urls":["http://numismatics.org/collectionimages/19501999/1956/1956.127.172.rev.width350.jpg"]},{"from":125,"to":128,"title":"RIC II Hadrian 631C. 1945.20.1","image_urls":["http://numismatics.org/collectionimages/19001949/1945/1945.20.1.rev.width350.jpg"]},{"from":125,"to":128,"title":"RIC II Hadrian 678. 1995.11.213","image_urls":["http://numismatics.org/collectionimages/19501999/1995/1995.11.213.rev.width350.jpg"]},{"from":125,"to":128,"title":"RIC II Hadrian 200d. 1944.100.44854","image_urls":["http://numismatics.org/collectionimages/19001949/1944/1944.100.44854.rev.width350.jpg"]},{"from":125,"to":128,"title":"RIC II Hadrian 635. 1947.97.435","image_urls":["http://numismatics.org/collectionimages/19001949/1947/1947.97.435.rev.width350.jpg"]},{"from":125,"to":128,"title":"RIC II Hadrian 161d. 1970.156.313","image_urls":["http://numismatics.org/collectionimages/19501999/1970/1970.156.313.rev.width350.jpg"]},{"from":125,"to":128,"title":"RIC II Hadrian 181d (denarius). 1956.127.205","image_urls":["http://numismatics.org/collectionimages/19501999/1956/1956.127.205.rev.width350.jpg"]},{"from":125,"to":128,"title":"RIC II Hadrian 186d. 1960.175.17","image_urls":["http://numismatics.org/collectionimages/19501999/1960/1960.175.17.rev.width350.jpg"]},{"from":125,"to":128,"title":"RIC II Hadrian 173d. 1956.127.195","image_urls":["http://numismatics.org/collectionimages/19501999/1956/1956.127.195.rev.width350.jpg"]},{"from":125,"to":128,"title":"RIC II Hadrian 181d (denarius). 1882.13.3","image_urls":["http://numismatics.org/collectionimages/00001899/1882/1882.13.3.rev.width350.jpg"]},{"from":125,"to":128,"title":"RIC II Hadrian 154d. 1948.19.1201","image_urls":["http://numismatics.org/collectionimages/19001949/1948/1948.19.1201.rev.width350.jpg"]},{"from":125,"to":128,"title":"RIC II Hadrian 148d. 1956.127.162","image_urls":["http://numismatics.org/collectionimages/19501999/1956/1956.127.162.rev.width350.jpg"]},{"from":125,"to":128,"title":"RIC II Hadrian 184. 1911.23.127","image_urls":["http://numismatics.org/collectionimages/19001949/1911/1911.23.127.rev.width350.jpg"]},{"from":125,"to":128,"title":"RIC II Hadrian 193g. 1960.175.20","image_urls":["http://numismatics.org/collectionimages/19501999/1960/1960.175.20.rev.width350.jpg"]},{"from":125,"to":128,"title":"RIC II Hadrian 202d. 1956.127.217","image_urls":["http://numismatics.org/collectionimages/19501999/1956/1956.127.217.rev.width350.jpg"]},{"from":125,"to":128,"title":"RIC II Hadrian 172c. 1956.127.192","image_urls":["http://numismatics.org/collectionimages/19501999/1956/1956.127.192.rev.width350.jpg"]},{"from":125,"to":128,"title":"RIC II Hadrian 198d. 1944.100.44853","image_urls":["http://numismatics.org/collectionimages/19001949/1944/1944.100.44853.rev.width350.jpg"]},{"from":125,"to":128,"title":"RIC II Hadrian 201c. 1995.11.199","image_urls":["http://numismatics.org/collectionimages/19501999/1995/1995.11.199.rev.width350.jpg"]},{"from":125,"to":128,"title":"RIC II Hadrian 160d. 1956.127.171","image_urls":["http://numismatics.org/collectionimages/19501999/1956/1956.127.171.rev.width350.jpg"]},{"from":125,"to":128,"title":"RIC II Hadrian 678. 1944.100.47353","image_urls":["http://numismatics.org/collectionimages/19001949/1944/1944.100.47353.rev.width350.jpg"]},{"from":125,"to":128,"title":"RIC II Hadrian 685 (semis). 1995.11.253","image_urls":["http://numismatics.org/collectionimages/19501999/1995/1995.11.253.rev.width350.jpg"]},{"from":125,"to":128,"title":"RIC II Hadrian 200d. 1956.127.2315","image_urls":["http://numismatics.org/collectionimages/19501999/1956/1956.127.2315.rev.width350.jpg"]},{"from":125,"to":128,"title":"RIC II Hadrian 665. 1950.88.6","image_urls":["http://numismatics.org/collectionimages/19501999/1950/1950.88.6.rev.width350.jpg"]},{"from":125,"to":128,"title":"RIC II Hadrian 147d. 1956.127.159","image_urls":["http://numismatics.org/collectionimages/19501999/1956/1956.127.159.rev.width350.jpg"]},{"from":125,"to":128,"title":"RIC II Hadrian 634. 0000.999.20145","image_urls":["http://numismatics.org/collectionimages/00001899/0000/0000.999.20145.rev.width350.jpg"]},{"from":125,"to":128,"title":"RIC II Hadrian 182d. 1911.23.126","image_urls":["http://numismatics.org/collectionimages/19001949/1911/1911.23.126.rev.width350.jpg"]},{"from":125,"to":128,"title":"RIC II Hadrian 198d. 1956.127.1784","image_urls":["http://numismatics.org/collectionimages/19501999/1956/1956.127.1784.rev.width350.jpg"]},{"from":125,"to":128,"title":"RIC II Hadrian 161d. 1956.127.176","image_urls":["http://numismatics.org/collectionimages/19501999/1956/1956.127.176.rev.width350.jpg"]},{"from":125,"to":128,"title":"RIC II Hadrian 688 (quadrans). 1944.100.47358","image_urls":["http://numismatics.org/collectionimages/19001949/1944/1944.100.47358.rev.width350.jpg"]},{"from":125,"to":128,"title":"RIC II Hadrian 162d. 1956.127.182","image_urls":["http://numismatics.org/collectionimages/19501999/1956/1956.127.182.rev.width350.jpg"]},{"from":125,"to":128,"title":"RIC II Hadrian 175c. 1956.127.197","image_urls":["http://numismatics.org/collectionimages/19501999/1956/1956.127.197.rev.width350.jpg"]},{"from":125,"to":128,"title":"RIC II Hadrian 165d. 1911.23.122","image_urls":["http://numismatics.org/collectionimages/19001949/1911/1911.23.122.rev.width350.jpg"]},{"from":125,"to":126,"title":"Bronze Diobol of Hadrian, Alexandreia, AD 125 - AD 126. 1944.100.58390","image_urls":["http://numismatics.org/collectionimages/19001949/1944/1944.100.58390.rev.width350.jpg"]},{"from":125,"to":128,"title":"RIC II Hadrian 639. 1977.284.5","image_urls":["http://numismatics.org/collectionimages/19501999/1977/1977.284.5.rev.width350.jpg"]},{"from":125,"to":128,"title":"RIC II Hadrian 648a. 1995.11.264","image_urls":["http://numismatics.org/collectionimages/19501999/1995/1995.11.264.rev.width350.jpg"]},{"from":125,"to":128,"title":"RIC II Hadrian 147c. 1956.127.161","image_urls":["http://numismatics.org/collectionimages/19501999/1956/1956.127.161.rev.width350.jpg"]},{"from":125,"to":128,"title":"RIC II Hadrian 147d. 1956.127.158","image_urls":["http://numismatics.org/collectionimages/19501999/1956/1956.127.158.rev.width350.jpg"]},{"from":125,"to":126,"title":"Billon Tetradrachm of Hadrian, Alexandreia, AD 125 - AD 126. 1944.100.56657","image_urls":["http://numismatics.org/collectionimages/19001949/1944/1944.100.56657.rev.width350.jpg"]},{"from":125,"to":128,"title":"RIC II Hadrian 162d. 1948.19.1203","image_urls":["http://numismatics.org/collectionimages/19001949/1948/1948.19.1203.rev.width350.jpg"]},{"from":125,"to":128,"title":"RIC II Hadrian 158d. 1956.127.170","image_urls":["http://numismatics.org/collectionimages/19501999/1956/1956.127.170.rev.width350.jpg"]},{"from":125,"to":128,"title":"RIC II Hadrian 158c. 1911.23.119","image_urls":["http://numismatics.org/collectionimages/19001949/1911/1911.23.119.rev.width350.jpg"]},{"from":125,"to":128,"title":"RIC II Hadrian 161d. 1956.127.179","image_urls":["http://numismatics.org/collectionimages/19501999/1956/1956.127.179.rev.width350.jpg"]},{"from":125,"to":128,"title":"RIC II Hadrian 678. 1944.100.47352","image_urls":["http://numismatics.org/collectionimages/19001949/1944/1944.100.47352.rev.width350.jpg"]},{"from":125,"to":126,"title":"Bronze Obol of Hadrian, Alexandreia, AD 125 - AD 126. 1944.100.57362","image_urls":["http://numismatics.org/collectionimages/19001949/1944/1944.100.57362.rev.width350.jpg"]},{"from":125,"to":128,"title":"RIC II Hadrian 656. 1944.100.47344","image_urls":["http://numismatics.org/collectionimages/19001949/1944/1944.100.47344.rev.width350.jpg"]},{"from":125,"to":126,"title":"Billon Tetradrachm of Hadrian, Alexandreia, AD 125 - AD 126. 1974.26.3210","image_urls":["http://numismatics.org/collectionimages/19501999/1974/1974.26.3210.rev.width350.jpg"]},{"from":125,"to":128,"title":"RIC II Hadrian 673d. 1944.100.47350","image_urls":["http://numismatics.org/collectionimages/19001949/1944/1944.100.47350.rev.width350.jpg"]},{"from":125,"to":128,"title":"RIC II Hadrian 182d. 1956.127.207","image_urls":["http://numismatics.org/collectionimages/19501999/1956/1956.127.207.rev.width350.jpg"]},{"from":125,"to":128,"title":"RIC II Hadrian 187e. 1960.175.19","image_urls":["http://numismatics.org/collectionimages/19501999/1960/1960.175.19.rev.width350.jpg"]},{"from":125,"to":128,"title":"RIC II Hadrian 658j. 1944.100.47346","image_urls":["http://numismatics.org/collectionimages/19001949/1944/1944.100.47346.rev.width350.jpg"]},{"from":125,"to":128,"title":"RIC II Hadrian 688 (quadrans). 2004.14.120","image_urls":["http://numismatics.org/collectionimages/20002049/2004/2004.14.120.rev.width350.jpg"]},{"from":125,"to":128,"title":"RIC II Hadrian 636e. 1984.176.21","image_urls":["http://numismatics.org/collectionimages/19501999/1984/1984.176.21.rev.width350.jpg"]},{"from":125,"to":126,"title":"Bronze Drachm of Hadrian, Alexandreia, AD 125 - AD 126. 1944.100.58393","image_urls":["http://numismatics.org/collectionimages/19001949/1944/1944.100.58393.rev.width350.jpg"]},{"from":125,"to":128,"title":"RIC II Hadrian 175d. 1911.23.125","image_urls":["http://numismatics.org/collectionimages/19001949/1911/1911.23.125.rev.width350.jpg"]},{"from":125,"to":128,"title":"RIC II Hadrian 657j. 1957.172.1691","image_urls":["http://numismatics.org/collectionimages/19501999/1957/1957.172.1691.rev.width350.jpg"]},{"from":125,"to":128,"title":"RIC II Hadrian 148d. 1956.127.164","image_urls":["http://numismatics.org/collectionimages/19501999/1956/1956.127.164.rev.width350.jpg"]},{"from":125,"to":128,"title":"RIC II Hadrian 198d. 1956.127.1783","image_urls":["http://numismatics.org/collectionimages/19501999/1956/1956.127.1783.rev.width350.jpg"]},{"from":125,"to":128,"title":"RIC II Hadrian 657j. 1995.11.273","image_urls":["http://numismatics.org/collectionimages/19501999/1995/1995.11.273.rev.width350.jpg"]},{"from":125,"to":128,"title":"RIC II Hadrian 202d. 1956.127.218","image_urls":["http://numismatics.org/collectionimages/19501999/1956/1956.127.218.rev.width350.jpg"]},{"from":125,"to":128,"title":"RIC II Hadrian 632. 1957.172.1688","image_urls":["http://numismatics.org/collectionimages/19501999/1957/1957.172.1688.rev.width350.jpg"]},{"from":125,"to":128,"title":"RIC II Hadrian 197d. 1944.100.44852","image_urls":["http://numismatics.org/collectionimages/19001949/1944/1944.100.44852.rev.width350.jpg"]},{"from":125,"to":128,"title":"RIC II Hadrian 178c. 1944.100.44846","image_urls":["http://numismatics.org/collectionimages/19001949/1944/1944.100.44846.rev.width350.jpg"]},{"from":125,"to":128,"title":"RIC II Hadrian 193d. 1956.184.33","image_urls":["http://numismatics.org/collectionimages/19501999/1956/1956.184.33.rev.width350.jpg"]},{"from":125,"to":128,"title":"RIC II Hadrian 181d (denarius). 1956.127.201","image_urls":["http://numismatics.org/collectionimages/19501999/1956/1956.127.201.rev.width350.jpg"]},{"from":125,"to":128,"title":"RIC II Hadrian 169d. 1957.172.1650","image_urls":["http://numismatics.org/collectionimages/19501999/1957/1957.172.1650.rev.width350.jpg"]},{"from":125,"to":128,"title":"RIC II Hadrian 666. 1944.100.47356","image_urls":["http://numismatics.org/collectionimages/19001949/1944/1944.100.47356.rev.width350.jpg"]},{"from":125,"to":128,"title":"RIC II Hadrian 155d. 1956.127.168","image_urls":["http://numismatics.org/collectionimages/19501999/1956/1956.127.168.rev.width350.jpg"]},{"from":125,"to":128,"title":"RIC II Hadrian 197d. 1956.127.1772","image_urls":["http://numismatics.org/collectionimages/19501999/1956/1956.127.1772.rev.width350.jpg"]},{"from":125,"to":128,"title":"RIC II Hadrian 161d. 1911.23.120","image_urls":["http://numismatics.org/collectionimages/19001949/1911/1911.23.120.rev.width350.jpg"]},{"from":125,"to":128,"title":"RIC II Hadrian 678. 0000.999.20148","image_urls":["http://numismatics.org/collectionimages/00001899/0000/0000.999.20148.rev.width350.jpg"]},{"from":125,"to":128,"title":"RIC II Hadrian 202c. 1987.26.152","image_urls":["http://numismatics.org/collectionimages/19501999/1987/1987.26.152.rev.width350.jpg"]},{"from":125,"to":128,"title":"RIC II Hadrian 184. 1956.127.213","image_urls":["http://numismatics.org/collectionimages/19501999/1956/1956.127.213.rev.width350.jpg"]},{"from":125,"to":128,"title":"RIC II Hadrian 649. 1953.52.6","image_urls":["http://numismatics.org/collectionimages/19501999/1953/1953.52.6.rev.width350.jpg"]},{"from":125,"to":128,"title":"RIC II Hadrian 688 (quadrans). 1944.100.47359","image_urls":["http://numismatics.org/collectionimages/19001949/1944/1944.100.47359.rev.width350.jpg"]},{"from":125,"to":128,"title":"RIC II Hadrian 669d. 1906.236.325","image_urls":["http://numismatics.org/collectionimages/19001949/1906/1906.236.325.rev.width350.jpg"]},{"from":125,"to":128,"title":"RIC II Hadrian 170. 1911.23.123","image_urls":["http://numismatics.org/collectionimages/19001949/1911/1911.23.123.rev.width350.jpg"]},{"from":125,"to":128,"title":"RIC II Hadrian 169d. 0000.999.18575","image_urls":["http://numismatics.org/collectionimages/00001899/0000/0000.999.18575.rev.width350.jpg"]},{"from":125,"to":128,"title":"RIC II Hadrian 633. 1977.284.2","image_urls":["http://numismatics.org/collectionimages/19501999/1977/1977.284.2.rev.width350.jpg"]},{"from":125,"to":128,"title":"RIC II Hadrian 183d (denarius). 1956.127.210","image_urls":["http://numismatics.org/collectionimages/19501999/1956/1956.127.210.rev.width350.jpg"]},{"from":125,"to":128,"title":"RIC II Hadrian 658j. 1906.236.322","image_urls":["http://numismatics.org/collectionimages/19001949/1906/1906.236.322.rev.width350.jpg"]},{"from":125,"to":128,"title":"RIC II Hadrian 155d. 1956.127.167","image_urls":["http://numismatics.org/collectionimages/19501999/1956/1956.127.167.rev.width350.jpg"]},{"from":125,"to":128,"title":"RIC II Hadrian 161d. 1957.172.1647","image_urls":["http://numismatics.org/collectionimages/19501999/1957/1957.172.1647.rev.width350.jpg"]},{"from":125,"to":128,"title":"RIC II Hadrian 147d. 1944.100.44840","image_urls":["http://numismatics.org/collectionimages/19001949/1944/1944.100.44840.rev.width350.jpg"]},{"from":125,"to":128,"title":"RIC II Hadrian 673d. 1995.11.214","image_urls":["http://numismatics.org/collectionimages/19501999/1995/1995.11.214.rev.width350.jpg"]},{"from":125,"to":128,"title":"RIC II Hadrian 182d. 1944.100.44849","image_urls":["http://numismatics.org/collectionimages/19001949/1944/1944.100.44849.rev.width350.jpg"]},{"from":125,"to":128,"title":"RIC II Hadrian 169d. 1956.127.188","image_urls":["http://numismatics.org/collectionimages/19501999/1956/1956.127.188.rev.width350.jpg"]},{"from":125,"to":128,"title":"RIC II Hadrian 202d. 1944.100.44855","image_urls":["http://numismatics.org/collectionimages/19001949/1944/1944.100.44855.rev.width350.jpg"]},{"from":125,"to":128,"title":"RIC II Hadrian 162d. 1995.11.198","image_urls":["http://numismatics.org/collectionimages/19501999/1995/1995.11.198.rev.width350.jpg"]},{"from":125,"to":128,"title":"RIC II Hadrian 636d. 1944.100.47338","image_urls":["http://numismatics.org/collectionimages/19001949/1944/1944.100.47338.rev.width350.jpg"]},{"from":125,"to":128,"title":"RIC II Hadrian 635. 1995.11.238","image_urls":["http://numismatics.org/collectionimages/19501999/1995/1995.11.238.rev.width350.jpg"]},{"from":125,"to":128,"title":"RIC II Hadrian 171d. 1956.127.191","image_urls":["http://numismatics.org/collectionimages/19501999/1956/1956.127.191.rev.width350.jpg"]},{"from":125,"to":128,"title":"RIC II Hadrian 696. 1944.100.47332","image_urls":["http://numismatics.org/collectionimages/19001949/1944/1944.100.47332.rev.width350.jpg"]},{"from":125,"to":128,"title":"RIC II Hadrian 163c. 1956.127.185","image_urls":["http://numismatics.org/collectionimages/19501999/1956/1956.127.185.rev.width350.jpg"]},{"from":125,"to":128,"title":"RIC II Hadrian 200d. 1956.127.216","image_urls":["http://numismatics.org/collectionimages/19501999/1956/1956.127.216.rev.width350.jpg"]},{"from":125,"to":128,"title":"RIC II Hadrian 160d. 1956.127.174","image_urls":["http://numismatics.org/collectionimages/19501999/1956/1956.127.174.rev.width350.jpg"]},{"from":125,"to":128,"title":"RIC II Hadrian 169d. 1956.127.189","image_urls":["http://numismatics.org/collectionimages/19501999/1956/1956.127.189.rev.width350.jpg"]},{"from":125,"to":128,"title":"RIC II Hadrian 173d. 0000.999.18576","image_urls":["http://numismatics.org/collectionimages/00001899/0000/0000.999.18576.rev.width350.jpg"]},{"from":125,"to":128,"title":"RIC II Hadrian 183d (denarius). 1956.127.211","image_urls":["http://numismatics.org/collectionimages/19501999/1956/1956.127.211.rev.width350.jpg"]},{"from":125,"to":128,"title":"RIC II Hadrian 664. 1906.236.323","image_urls":["http://numismatics.org/collectionimages/19001949/1906/1906.236.323.rev.width350.jpg"]},{"from":125,"to":128,"title":"RIC II Hadrian 149d. 1944.100.44841","image_urls":["http://numismatics.org/collectionimages/19001949/1944/1944.100.44841.rev.width350.jpg"]},{"from":125,"to":128,"title":"RIC II Hadrian 165d. 1957.172.1648","image_urls":["http://numismatics.org/collectionimages/19501999/1957/1957.172.1648.rev.width350.jpg"]},{"from":125,"to":128,"title":"RIC II Hadrian 161d. 1956.127.180","image_urls":["http://numismatics.org/collectionimages/19501999/1956/1956.127.180.rev.width350.jpg"]},{"from":125,"to":128,"title":"RIC II Hadrian 688 (quadrans). 1961.154.1","image_urls":["http://numismatics.org/collectionimages/19501999/1961/1961.154.1.rev.width350.jpg"]},{"from":125,"to":128,"title":"RIC II Hadrian 673d. 1906.236.326","image_urls":["http://numismatics.org/collectionimages/19001949/1906/1906.236.326.rev.width350.jpg"]},{"from":125,"to":128,"title":"RIC II Hadrian 181d (denarius). 0000.999.18579","image_urls":["http://numismatics.org/collectionimages/00001899/0000/0000.999.18579.rev.width350.jpg"]},{"from":125,"to":128,"title":"RIC II Hadrian 201c. 1912.52.12","image_urls":["http://numismatics.org/collectionimages/19001949/1912/1912.52.12.rev.width350.jpg"]},{"from":125,"to":128,"title":"RIC II Hadrian 183d (denarius). 1922.38.141","image_urls":["http://numismatics.org/collectionimages/19001949/1922/1922.38.141.rev.width350.jpg"]},{"from":125,"to":128,"title":"RIC II Hadrian 162d. 1956.127.183","image_urls":["http://numismatics.org/collectionimages/19501999/1956/1956.127.183.rev.width350.jpg"]},{"from":125,"to":128,"title":"RIC II Hadrian 161d. 1956.127.177","image_urls":["http://numismatics.org/collectionimages/19501999/1956/1956.127.177.rev.width350.jpg"]},{"from":125,"to":126,"title":"Bronze Dichalkon of Hadrian, Alexandreia, AD 125 - AD 126. 1944.100.57360","image_urls":["http://numismatics.org/collectionimages/19001949/1944/1944.100.57360.rev.width350.jpg"]},{"from":125,"to":128,"title":"RIC II Hadrian 183d (denarius). 1944.100.44850","image_urls":["http://numismatics.org/collectionimages/19001949/1944/1944.100.44850.rev.width350.jpg"]},{"from":125,"to":128,"title":"RIC II Hadrian 182d. 1956.127.208","image_urls":["http://numismatics.org/collectionimages/19501999/1956/1956.127.208.rev.width350.jpg"]},{"from":125,"to":128,"title":"RIC II Hadrian 175d. 1956.127.198","image_urls":["http://numismatics.org/collectionimages/19501999/1956/1956.127.198.rev.width350.jpg"]},{"from":125,"to":128,"title":"RIC II Hadrian 176d. 1911.123.175","image_urls":["http://numismatics.org/collectionimages/19001949/1911/1911.123.175.rev.width350.jpg"]},{"from":125,"to":128,"title":"RIC II Hadrian 634. 1954.203.198","image_urls":["http://numismatics.org/collectionimages/19501999/1954/1954.203.198.rev.width350.jpg"]},{"from":125,"to":128,"title":"RIC II Hadrian 169d. 1944.100.44844","image_urls":["http://numismatics.org/collectionimages/19001949/1944/1944.100.44844.rev.width350.jpg"]},{"from":125,"to":128,"title":"RIC II Hadrian 148d. 1995.11.183","image_urls":["http://numismatics.org/collectionimages/19501999/1995/1995.11.183.rev.width350.jpg"]},{"from":125,"to":128,"title":"RIC II Hadrian 173d. 1956.127.194","image_urls":["http://numismatics.org/collectionimages/19501999/1956/1956.127.194.rev.width350.jpg"]},{"from":125,"to":128,"title":"RIC II Hadrian 197d. 0000.999.18581","image_urls":["http://numismatics.org/collectionimages/00001899/0000/0000.999.18581.rev.width350.jpg"]},{"from":125,"to":128,"title":"RIC II Hadrian 156d. 1944.100.44843","image_urls":["http://numismatics.org/collectionimages/19001949/1944/1944.100.44843.rev.width350.jpg"]},{"from":125,"to":128,"title":"RIC II Hadrian 664. 1995.11.270","image_urls":["http://numismatics.org/collectionimages/19501999/1995/1995.11.270.rev.width350.jpg"]},{"from":125,"to":128,"title":"RIC II Hadrian 179c. 0000.999.18578","image_urls":["http://numismatics.org/collectionimages/00001899/0000/0000.999.18578.rev.width350.jpg"]},{"from":125,"to":128,"title":"RIC II Hadrian 154d. 1944.100.44842","image_urls":["http://numismatics.org/collectionimages/19001949/1944/1944.100.44842.rev.width350.jpg"]},{"from":125,"to":128,"title":"RIC II Hadrian 165d. 1957.172.1649","image_urls":["http://numismatics.org/collectionimages/19501999/1957/1957.172.1649.rev.width350.jpg"]},{"from":125,"to":126,"title":"Billon Tetradrachm of Hadrian, Alexandreia, AD 125 - AD 126. 1944.100.56726","image_urls":["http://numismatics.org/collectionimages/19001949/1944/1944.100.56726.rev.width350.jpg"]},{"from":125,"to":126,"title":"Billon Tetradrachm of Hadrian, Alexandreia, AD 125 - AD 126. 1944.100.56648","image_urls":["http://numismatics.org/collectionimages/19001949/1944/1944.100.56648.rev.width350.jpg"]},{"from":125,"to":128,"title":"RIC II Hadrian 178d. 0000.999.18577","image_urls":["http://numismatics.org/collectionimages/00001899/0000/0000.999.18577.rev.width350.jpg"]},{"from":125,"to":128,"title":"RIC II Hadrian 669c. 1978.64.422","image_urls":["http://numismatics.org/collectionimages/19501999/1978/1978.64.422.rev.width350.jpg"]},{"from":125,"to":128,"title":"RIC II Hadrian 184. 1956.127.212","image_urls":["http://numismatics.org/collectionimages/19501999/1956/1956.127.212.rev.width350.jpg"]},{"from":125,"to":128,"title":"RIC II Hadrian 187d. 1960.175.18","image_urls":["http://numismatics.org/collectionimages/19501999/1960/1960.175.18.rev.width350.jpg"]},{"from":125,"to":128,"title":"RIC II Hadrian 202d. 1956.127.1786","image_urls":["http://numismatics.org/collectionimages/19501999/1956/1956.127.1786.rev.width350.jpg"]},{"from":125,"to":128,"title":"RIC II Hadrian 198d. 1911.23.128","image_urls":["http://numismatics.org/collectionimages/19001949/1911/1911.23.128.rev.width350.jpg"]},{"from":125,"to":128,"title":"RIC II Hadrian 638. 1944.100.47340","image_urls":["http://numismatics.org/collectionimages/19001949/1944/1944.100.47340.rev.width350.jpg"]},{"from":125,"to":128,"title":"RIC II Hadrian 664. 1944.100.47349","image_urls":["http://numismatics.org/collectionimages/19001949/1944/1944.100.47349.rev.width350.jpg"]},{"from":125,"to":128,"title":"RIC II Hadrian 631B. 1974.26.1038","image_urls":["http://numismatics.org/collectionimages/19501999/1974/1974.26.1038.rev.width350.jpg"]},{"from":125,"to":128,"title":"RIC II Hadrian 684. 1944.100.47355","image_urls":["http://numismatics.org/collectionimages/19001949/1944/1944.100.47355.rev.width350.jpg"]},{"from":125,"to":128,"title":"RIC II Hadrian 652. 1937.158.646","image_urls":["http://numismatics.org/collectionimages/19001949/1937/1937.158.646.rev.width350.jpg"]},{"from":125,"to":128,"title":"RIC II Hadrian 668e. 1906.236.324","image_urls":["http://numismatics.org/collectionimages/19001949/1906/1906.236.324.rev.width350.jpg"]},{"from":125,"to":128,"title":"RIC II Hadrian 198d. 1956.127.215","image_urls":["http://numismatics.org/collectionimages/19501999/1956/1956.127.215.rev.width350.jpg"]},{"from":125,"to":128,"title":"RIC II Hadrian 183d (denarius). 1956.127.209","image_urls":["http://numismatics.org/collectionimages/19501999/1956/1956.127.209.rev.width350.jpg"]},{"from":125,"to":128,"title":"RIC II Hadrian 161d. 1956.127.178","image_urls":["http://numismatics.org/collectionimages/19501999/1956/1956.127.178.rev.width350.jpg"]},{"from":125,"to":128,"title":"RIC II Hadrian 675d. 1906.236.327","image_urls":["http://numismatics.org/collectionimages/19001949/1906/1906.236.327.rev.width350.jpg"]},{"from":125,"to":128,"title":"RIC II Hadrian 175d. 1944.100.44845","image_urls":["http://numismatics.org/collectionimages/19001949/1944/1944.100.44845.rev.width350.jpg"]},{"from":125,"to":128,"title":"RIC II Hadrian 179c. 1956.127.200","image_urls":["http://numismatics.org/collectionimages/19501999/1956/1956.127.200.rev.width350.jpg"]},{"from":125,"to":128,"title":"RIC II Hadrian 636d. 1995.11.219","image_urls":["http://numismatics.org/collectionimages/19501999/1995/1995.11.219.rev.width350.jpg"]},{"from":125,"to":128,"title":"RIC II Hadrian 178c. 1956.127.199","image_urls":["http://numismatics.org/collectionimages/19501999/1956/1956.127.199.rev.width350.jpg"]},{"from":125,"to":128,"title":"RIC II Hadrian 163d. 1956.127.184","image_urls":["http://numismatics.org/collectionimages/19501999/1956/1956.127.184.rev.width350.jpg"]},{"from":125,"to":128,"title":"RIC II Hadrian 184. 1944.100.44851","image_urls":["http://numismatics.org/collectionimages/19001949/1944/1944.100.44851.rev.width350.jpg"]},{"from":125,"to":128,"title":"RIC II Hadrian 170. 1956.127.190","image_urls":["http://numismatics.org/collectionimages/19501999/1956/1956.127.190.rev.width350.jpg"]},{"from":125,"to":128,"title":"RIC II Hadrian 637d. 1948.19.1244","image_urls":["http://numismatics.org/collectionimages/19001949/1948/1948.19.1244.rev.width350.jpg"]},{"from":125,"to":128,"title":"RIC II Hadrian 190d. 1956.127.1771","image_urls":["http://numismatics.org/collectionimages/19501999/1956/1956.127.1771.rev.width350.jpg"]},{"from":125,"to":128,"title":"RIC II Hadrian 678. 0000.999.20147","image_urls":["http://numismatics.org/collectionimages/00001899/0000/0000.999.20147.rev.width350.jpg"]},{"from":125,"to":128,"title":"RIC II Hadrian 688 (quadrans). 1995.11.276","image_urls":["http://numismatics.org/collectionimages/19501999/1995/1995.11.276.rev.width350.jpg"]},{"from":125,"to":128,"title":"RIC II Hadrian 181d (denarius). 1956.127.203","image_urls":["http://numismatics.org/collectionimages/19501999/1956/1956.127.203.rev.width350.jpg"]},{"from":125,"to":128,"title":"RIC II Hadrian 631B. 1944.100.47334","image_urls":["http://numismatics.org/collectionimages/19001949/1944/1944.100.47334.rev.width350.jpg"]},{"from":125,"to":128,"title":"RIC II Hadrian 182d. 1987.26.151","image_urls":["http://numismatics.org/collectionimages/19501999/1987/1987.26.151.rev.width350.jpg"]},{"from":125,"to":128,"title":"RIC II Hadrian 678. 1957.172.1694","image_urls":["http://numismatics.org/collectionimages/19501999/1957/1957.172.1694.rev.width350.jpg"]},{"from":125,"to":128,"title":"RIC II Hadrian 662. 1953.72.2","image_urls":["http://numismatics.org/collectionimages/19501999/1953/1953.72.2.rev.width350.jpg"]},{"from":125,"to":128,"title":"RIC II Hadrian 181d (denarius). 1956.127.206","image_urls":["http://numismatics.org/collectionimages/19501999/1956/1956.127.206.rev.width350.jpg"]},{"from":125,"to":128,"title":"RIC II Hadrian 173d. 1956.127.196","image_urls":["http://numismatics.org/collectionimages/19501999/1956/1956.127.196.rev.width350.jpg"]},{"from":125,"to":128,"title":"RIC II Hadrian 655. 1944.100.47343","image_urls":["http://numismatics.org/collectionimages/19001949/1944/1944.100.47343.rev.width350.jpg"]},{"from":125,"to":128,"title":"RIC II Hadrian 636d. 1944.100.47337","image_urls":["http://numismatics.org/collectionimages/19001949/1944/1944.100.47337.rev.width350.jpg"]},{"from":125,"to":128,"title":"RIC II Hadrian 633. 1995.11.237","image_urls":["http://numismatics.org/collectionimages/19501999/1995/1995.11.237.rev.width350.jpg"]},{"from":125,"to":128,"title":"RIC II Hadrian 172d. 1957.159.72","image_urls":["http://numismatics.org/collectionimages/19501999/1957/1957.159.72.rev.width350.jpg"]},{"from":125,"to":128,"title":"RIC II Hadrian 158d. 1956.127.169","image_urls":["http://numismatics.org/collectionimages/19501999/1956/1956.127.169.rev.width350.jpg"]},{"from":125,"to":128,"title":"RIC II Hadrian 636d. 1944.100.47336","image_urls":["http://numismatics.org/collectionimages/19001949/1944/1944.100.47336.rev.width350.jpg"]},{"from":125,"to":128,"title":"RIC II Hadrian 161d. 1995.11.185","image_urls":["http://numismatics.org/collectionimages/19501999/1995/1995.11.185.rev.width350.jpg"]},{"from":125,"to":128,"title":"RIC II Hadrian 183d (denarius). 1947.99.55","image_urls":["http://numismatics.org/collectionimages/19001949/1947/1947.99.55.rev.width350.jpg"]},{"from":125,"to":128,"title":"RIC II Hadrian 147d. 1956.127.160","image_urls":["http://numismatics.org/collectionimages/19501999/1956/1956.127.160.rev.width350.jpg"]},{"from":125,"to":128,"title":"RIC II Hadrian 155d. 1911.23.118","image_urls":["http://numismatics.org/collectionimages/19001949/1911/1911.23.118.rev.width350.jpg"]},{"from":125,"to":128,"title":"RIC II Hadrian 176d. 1944.100.46611","image_urls":["http://numismatics.org/collectionimages/19001949/1944/1944.100.46611.rev.width350.jpg"]},{"from":125,"to":128,"title":"RIC II Hadrian 148d. 1956.127.163","image_urls":["http://numismatics.org/collectionimages/19501999/1956/1956.127.163.rev.width350.jpg"]},{"from":125,"to":128,"title":"RIC II Hadrian 662. 1957.172.1692","image_urls":["http://numismatics.org/collectionimages/19501999/1957/1957.172.1692.rev.width350.jpg"]},{"from":125,"to":128,"title":"RIC II Hadrian 688 (quadrans). 1971.203.10","image_urls":["http://numismatics.org/collectionimages/19501999/1971/1971.203.10.rev.width350.jpg"]},{"from":125,"to":128,"title":"RIC II Hadrian 148d. 1956.127.165","image_urls":["http://numismatics.org/collectionimages/19501999/1956/1956.127.165.rev.width350.jpg"]},{"from":125,"to":128,"title":"RIC II Hadrian 635. 1944.100.47335","image_urls":["http://numismatics.org/collectionimages/19001949/1944/1944.100.47335.rev.width350.jpg"]},{"from":125,"to":128,"title":"RIC II Hadrian 173d. 1995.11.184","image_urls":["http://numismatics.org/collectionimages/19501999/1995/1995.11.184.rev.width350.jpg"]},{"from":125,"to":128,"title":"RIC II Hadrian 685 (semis). 1953.45.14","image_urls":["http://numismatics.org/collectionimages/19501999/1953/1953.45.14.rev.width350.jpg"]},{"from":125,"to":128,"title":"RIC II Hadrian 645. 1983.42.4","image_urls":["http://numismatics.org/collectionimages/19501999/1983/1983.42.4.rev.width350.jpg"]},{"from":125,"to":128,"title":"RIC II Hadrian 181d (denarius). 1956.127.204","image_urls":["http://numismatics.org/collectionimages/19501999/1956/1956.127.204.rev.width350.jpg"]},{"from":125,"to":128,"title":"RIC II Hadrian 160d. 1956.127.173","image_urls":["http://numismatics.org/collectionimages/19501999/1956/1956.127.173.rev.width350.jpg"]},{"from":125,"to":128,"title":"RIC II Hadrian 656. 1978.64.416","image_urls":["http://numismatics.org/collectionimages/19501999/1978/1978.64.416.rev.width350.jpg"]}]