[{"from":1250,"to":1269,"title":"NMGW-2091A6: A coin issued by Henry III of England","image_urls":["https://finds.org.uk/images/rbattye/2005.113.2.jpg"]},{"from":1250,"to":1275,"title":"NARC-E76CF5: A coin issued by Henry III of England","image_urls":["https://finds.org.uk/images/tbrindle/NARC-E76CF5halfpenny.jpg"]},{"from":1250,"to":1400,"title":"YORYM-A7FB11: A coin issued by Aurelian","image_urls":["https://finds.org.uk/images/ellie/BB%20898.jpg"]},{"from":1250,"to":1256,"title":"NLM-F59055: A coin issued by Henry III of England","image_urls":["https://finds.org.uk/images/lstaves/NLM07974.jpg"]}]