[{"from":1251,"to":1272,"title":"WMID-0C03E6: A coin issued by Henry III of England","image_urls":["https://finds.org.uk/images/cjohnson/WMID-0C03E6%20obv.jpg"]},{"from":1251,"to":1272,"title":"NLM-1BD306: A coin issued by Henry III of England","image_urls":["https://finds.org.uk/images/lstaves/NLM10696.jpg"]},{"from":1251,"to":1272,"title":"SUSS-E5FD51: A coin issued by Henry III of England","image_urls":["https://finds.org.uk/images/tclifford/1-109p.jpg"]},{"from":1251,"to":1272,"title":"IOW-199D80: A coin issued by Henry III of England","image_urls":["https://finds.org.uk/images/fbasford/IOW2005-122-8.JPG"]}]