[{"from":126,"to":129,"title":"LIN-689324: A coin issued by Hadrian","image_urls":["https://finds.org.uk/images/adaubney/LIN2014_8.jpg"]},{"from":126,"to":126,"title":"LVPL-DCB934: A coin issued by Hadrian","image_urls":["https://finds.org.uk/images/voakden/LVPL-DCB934.jpg"]},{"from":126,"to":126,"title":"NLM-F22717: A coin issued by Hadrian","image_urls":["https://finds.org.uk/images/mforeman/NLM24791.jpg"]},{"from":126,"to":127,"title":"Bronze Hemidrachm of Hadrian, Alexandreia, AD 126 - AD 127. 1944.100.58398","image_urls":["http://numismatics.org/collectionimages/19001949/1944/1944.100.58398.rev.width350.jpg"]},{"from":126,"to":127,"title":"Bronze Hemidrachm of Hadrian, Alexandreia, AD 126 - AD 127. 1944.100.58401","image_urls":["http://numismatics.org/collectionimages/19001949/1944/1944.100.58401.rev.width350.jpg"]},{"from":126,"to":127,"title":"Billon Tetradrachm of Hadrian, Alexandreia, AD 126 - AD 127. 1974.26.3228","image_urls":["http://numismatics.org/collectionimages/19501999/1974/1974.26.3228.rev.width350.jpg"]},{"from":126,"to":127,"title":"Bronze Dichalkon of Hadrian, Alexandreia, AD 126 - AD 127. 1944.100.58178","image_urls":["http://numismatics.org/collectionimages/19001949/1944/1944.100.58178.rev.width350.jpg"]},{"from":126,"to":127,"title":"Bronze Obol of Hadrian, Alexandreia, AD 126 - AD 127. 1944.100.57402","image_urls":["http://numismatics.org/collectionimages/19001949/1944/1944.100.57402.rev.width350.jpg"]},{"from":126,"to":127,"title":"Billon Tetradrachm of Hadrian, Alexandreia, AD 126 - AD 127. 1973.56.608","image_urls":["http://numismatics.org/collectionimages/19501999/1973/1973.56.608.rev.width350.jpg"]},{"from":126,"to":127,"title":"Bronze Hemidrachm of Hadrian, Alexandreia, AD 126 - AD 127. 1944.100.57375","image_urls":["http://numismatics.org/collectionimages/19001949/1944/1944.100.57375.rev.width350.jpg"]},{"from":126,"to":127,"title":"Bronze Diobol of Hadrian, Alexandreia, AD 126 - AD 127. 1944.100.58399","image_urls":["http://numismatics.org/collectionimages/19001949/1944/1944.100.58399.rev.width350.jpg"]},{"from":126,"to":127,"title":"Bronze Obol of Hadrian, Alexandreia, AD 126 - AD 127. 1944.100.58186","image_urls":["http://numismatics.org/collectionimages/19001949/1944/1944.100.58186.rev.width350.jpg"]},{"from":126,"to":127,"title":"Bronze Dichalkon of Hadrian, Alexandreia, AD 126 - AD 127. 1988.59.1","image_urls":["http://numismatics.org/collectionimages/19501999/1988/1988.59.1.rev.width350.jpg"]},{"from":126,"to":127,"title":"Bronze Diobol of Hadrian, Alexandreia, AD 126 - AD 127. 1944.100.58403","image_urls":["http://numismatics.org/collectionimages/19001949/1944/1944.100.58403.rev.width350.jpg"]},{"from":126,"to":127,"title":"Bronze Obol of Hadrian, Alexandreia, AD 126 - AD 127. 1973.56.701","image_urls":["http://numismatics.org/collectionimages/19501999/1973/1973.56.701.rev.width350.jpg"]},{"from":126,"to":127,"title":"Bronze Drachm of Hadrian, Alexandreia, AD 126 - AD 127. 1944.100.57388","image_urls":["http://numismatics.org/collectionimages/19001949/1944/1944.100.57388.rev.width350.jpg"]},{"from":126,"to":127,"title":"Bronze Chalkous of Hadrian, Alexandreia, AD 126 - AD 127. 1944.100.57400","image_urls":["http://numismatics.org/collectionimages/19001949/1944/1944.100.57400.rev.width350.jpg"]},{"from":126,"to":127,"title":"Bronze Diobol of Hadrian, Alexandreia, AD 126 - AD 127. 1944.100.57415","image_urls":["http://numismatics.org/collectionimages/19001949/1944/1944.100.57415.rev.width350.jpg"]}]