[{"from":1261,"to":1282,"title":"Gold Nomisma of Michael VIII, Constantinople, 1261 - 1282. 1947.3.74","image_urls":["http://numismatics.org/collectionimages/19001949/1947/1947.3.74.rev.width350.jpg"]},{"from":1261,"to":1282,"title":"Gold Nomisma of Michael VIII, Constantinople, 1261 - 1282. 1977.158.1247","image_urls":["http://numismatics.org/collectionimages/19501999/1977/1977.158.1247.rev.width350.jpg"]},{"from":1261,"to":1282,"title":"Gold Nomisma of Michael VIII, Constantinople, 1261 - 1282. 1977.158.1249","image_urls":["http://numismatics.org/collectionimages/19501999/1977/1977.158.1249.rev.width350.jpg"]},{"from":1261,"to":1282,"title":"Gold Nomisma of Michael VIII, Constantinople, 1261 - 1282. 1948.19.623","image_urls":["http://numismatics.org/collectionimages/19001949/1948/1948.19.623.rev.width350.jpg"]},{"from":1261,"to":1282,"title":"Gold Nomisma of Michael VIII, Constantinople, 1261 - 1282. 1948.19.624","image_urls":["http://numismatics.org/collectionimages/19001949/1948/1948.19.624.rev.width350.jpg"]},{"from":1261,"to":1282,"title":"Gold Nomisma of Michael VIII, Constantinople, 1261 - 1282. 1968.131.406","image_urls":["http://numismatics.org/collectionimages/19501999/1968/1968.131.406.rev.width350.jpg"]},{"from":1261,"to":1282,"title":"Gold Nomisma of Michael VIII, Constantinople, 1261 - 1282. 1944.100.18203","image_urls":["http://numismatics.org/collectionimages/19001949/1944/1944.100.18203.rev.width350.jpg"]},{"from":1261,"to":1282,"title":"Gold Nomisma of Michael VIII, Constantinople, 1261 - 1282. 1968.131.411","image_urls":["http://numismatics.org/collectionimages/19501999/1968/1968.131.411.rev.width350.jpg"]},{"from":1261,"to":1282,"title":"Gold Nomisma of Michael VIII, Constantinople, 1261 - 1282. 1977.158.1248","image_urls":["http://numismatics.org/collectionimages/19501999/1977/1977.158.1248.rev.width350.jpg"]},{"from":1261,"to":1282,"title":"Gold Nomisma of Michael VIII, Constantinople, 1261 - 1282. 1947.3.73","image_urls":["http://numismatics.org/collectionimages/19001949/1947/1947.3.73.rev.width350.jpg"]},{"from":1261,"to":1282,"title":"Gold Nomisma of Michael VIII, Constantinople, 1261 - 1282. 1968.131.410","image_urls":["http://numismatics.org/collectionimages/19501999/1968/1968.131.410.rev.width350.jpg"]},{"from":1261,"to":1282,"title":"Gold Nomisma of Michael VIII, Constantinople, 1261 - 1282. 1980.109.312","image_urls":["http://numismatics.org/collectionimages/19501999/1980/1980.109.312.rev.width350.jpg"]},{"from":1261,"to":1282,"title":"Gold Hyperpyron of Michael VIII, Constantinople, 1261 - 1282. 1954.237.2","image_urls":["http://numismatics.org/collectionimages/19501999/1954/1954.237.2.rev.width350.jpg"]},{"from":1261,"to":1282,"title":"Gold Nomisma of Michael VIII, Constantinople, 1261 - 1282. 1968.131.407","image_urls":["http://numismatics.org/collectionimages/19501999/1968/1968.131.407.rev.width350.jpg"]},{"from":1261,"to":1282,"title":"Gold Nomisma of Michael VIII, Constantinople, 1261 - 1282. 1968.131.408","image_urls":["http://numismatics.org/collectionimages/19501999/1968/1968.131.408.rev.width350.jpg"]},{"from":1261,"to":1282,"title":"Silver Coin of Michael VIII, Constantinople, 1261 - 1282. 1962.170.10","image_urls":["http://numismatics.org/collectionimages/19501999/1962/1962.170.10.rev.width350.jpg"]},{"from":1261,"to":1282,"title":"Gold Nomisma of Michael VIII, Constantinople, 1261 - 1282. 1958.76.25","image_urls":["http://numismatics.org/collectionimages/19501999/1958/1958.76.25.rev.width350.jpg"]},{"from":1261,"to":1282,"title":"Gold Nomisma of Michael VIII, Constantinople, 1261 - 1282. 1968.131.409","image_urls":["http://numismatics.org/collectionimages/19501999/1968/1968.131.409.rev.width350.jpg"]}]