[{"from":127,"to":127,"title":"DUR-059A94: A coin issued by Hadrian","image_urls":["https://finds.org.uk/images/frances/lister%20denarius%20DUR-059A94.jpg"]},{"from":127,"to":127,"title":"LVPL-072FE2: A coin issued by Hadrian","image_urls":["https://finds.org.uk/images/voakden/Picture%20047.jpg"]},{"from":127,"to":128,"title":"Bronze Drachm of Hadrian, Alexandreia, AD 127 - AD 128. 1944.100.57436","image_urls":["http://numismatics.org/collectionimages/19001949/1944/1944.100.57436.rev.width350.jpg"]},{"from":127,"to":128,"title":"Bronze Chalkous of Hadrian, Alexandreia, AD 127 - AD 128. 1944.100.58404","image_urls":["http://numismatics.org/collectionimages/19001949/1944/1944.100.58404.rev.width350.jpg"]}]