[{"from":1272,"to":1307,"title":"LIN-B385D5: A coin issued by Edward I of England","image_urls":["https://finds.org.uk/images/adaubney/LIN2251.JPG"]},{"from":1272,"to":1307,"title":"SUR-366693: A coin issued by Edward I of England","image_urls":["https://finds.org.uk/images/dwilliams/03.495a.jpg"]},{"from":1272,"to":1307,"title":"CAM-7871E2: A coin issued by Edward I of England","image_urls":["https://finds.org.uk/images/pjw/CAM_7871E2.jpg"]},{"from":1272,"to":1307,"title":"SUSS-9178F6: A coin issued by Edward I of England","image_urls":["https://finds.org.uk/images/tclifford/1-22%20u.jpg"]},{"from":1272,"to":1377,"title":"BUC-8D68B1: A coin issued by Edward III of England","image_urls":["https://finds.org.uk/images/jmoss/Dscn3090.jpg"]},{"from":1272,"to":1307,"title":"SUSS-938093: A coin issued by Edward I of England","image_urls":["https://finds.org.uk/images/tclifford/1-129h.jpg"]},{"from":1272,"to":1307,"title":"SUSS-AD52A6: A coin issued by Edward I of England","image_urls":["https://finds.org.uk/images/tclifford/A-200.jpg"]},{"from":1272,"to":1307,"title":"SUSS-A75767: A coin issued by Edward I of England","image_urls":["https://finds.org.uk/images/tclifford/1-24%20s.jpg"]}]