[{"from":1279,"to":1489,"title":"NLM-CDE3B5: A coin with an unrecorded/uncertain issuer.","image_urls":["https://finds.org.uk/images/lstaves/NLM09999.jpg"]},{"from":1279,"to":1327,"title":"HAMP-A77DB0: A coin issued by Edward I of England","image_urls":["https://finds.org.uk/images/dwill2/DSCN0132.JPG"]},{"from":1279,"to":1307,"title":"HAMP-A72D62: A coin issued by Edward I of England","image_urls":["https://finds.org.uk/images/dwill2/DSCN0126.JPG"]},{"from":1279,"to":1307,"title":"LEIC-17C425: A coin issued by Edward I of England","image_urls":["https://finds.org.uk/images/wscott/17C425.JPG"]},{"from":1279,"to":1489,"title":"SUSS-0DD4B3: A coin with an unrecorded/uncertain issuer.","image_urls":["https://finds.org.uk/images/lwilson/1-193a.jpg"]},{"from":1279,"to":1377,"title":"HAMP-BEBDF6: A coin issued by Edward I of England","image_urls":["https://finds.org.uk/images/jmccrohan/Hamp%20BEBDF6.tif"]},{"from":1279,"to":1307,"title":"NCL-08B976: A coin issued by Edward I of England","image_urls":["https://finds.org.uk/images/pwalton/sllewcoin21merg.jpg"]},{"from":1279,"to":1489,"title":"BUC-022F95: A coin with an unrecorded/uncertain issuer.","image_urls":["https://finds.org.uk/images/jmoss/DSCN2703.JPG"]},{"from":1279,"to":1307,"title":"LEIC-124551: A coin issued by Edward I of England","image_urls":["https://finds.org.uk/images/wscott/124551O.JPG"]},{"from":1279,"to":1377,"title":"SUR-7DB1C4: A coin issued by Edward I of England","image_urls":["https://finds.org.uk/images/dwilliams/05.595a.jpg"]},{"from":1279,"to":1307,"title":"HAMP-60B382: A coin issued by Edward I of England","image_urls":["https://finds.org.uk/images/jmccrohan/Hamp%2060B382.tif"]},{"from":1279,"to":1377,"title":"YORYM-284807: A coin issued by Edward III of England","image_urls":["https://finds.org.uk/images/devans/tudor%20022.jpg"]},{"from":1279,"to":1483,"title":"BUC-260117: A coin issued by Edward I of England","image_urls":["https://finds.org.uk/images/jmoss/Dscn2772.jpg"]},{"from":1279,"to":1301,"title":"YORYM-BA7F58: A coin issued by Edward I of England","image_urls":["https://finds.org.uk/images/devans/yorymaa%20017.jpg"]},{"from":1279,"to":1307,"title":"SUR-74CF56: A coin issued by Edward I of England","image_urls":["https://finds.org.uk/images/dwilliams/03.541a.jpg"]},{"from":1279,"to":1327,"title":"SUR-AC2930: A coin issued by Edward I of England","image_urls":["https://finds.org.uk/images/dwilliams/04.234a.jpg"]},{"from":1279,"to":1307,"title":"SUR-86DDE7: A coin issued by Edward I of England","image_urls":["https://finds.org.uk/images/dwilliams/05.441a.jpg"]}]