[{"from":128,"to":137,"title":"SUR-601412: A coin issued by Sabina","image_urls":["https://finds.org.uk/images/margaretb/11-978.jpg"]},{"from":128,"to":137,"title":"WMID-70E595: A coin issued by Sabina","image_urls":["https://finds.org.uk/images/tgilmore/WMID-70E595.jpg"]},{"from":128,"to":138,"title":"HESH-E0E475: A coin issued by Hadrian","image_urls":["https://finds.org.uk/images/preavill/HESH-E0E475.jpg"]},{"from":128,"to":137,"title":"IOW-87D8E8: A coin issued by Sabina","image_urls":["https://finds.org.uk/images/fbasford/IOW2013-4-118.JPG"]},{"from":128,"to":136,"title":"DUR-EFC733: A coin issued by Sabina","image_urls":["https://finds.org.uk/images/emorris/John_Hunt_Sabina_Coin.jpg"]},{"from":128,"to":137,"title":"SUSS-407266: A coin issued by Sabina","image_urls":["https://finds.org.uk/images/lburnett/SUSS-407266.JPG"]},{"from":128,"to":137,"title":"NCL-8CA7E3: A coin issued by Sabina","image_urls":["https://finds.org.uk/images/pwalton/744.jpg"]},{"from":128,"to":138,"title":"LANCUM-057205: A coin issued by Hadrian","image_urls":["https://finds.org.uk/images/dboughton/LVMDIG057205.jpg"]},{"from":128,"to":138,"title":"BERK-B8CC04: A coin issued by Hadrian","image_urls":["https://finds.org.uk/images/abyard/20131064.jpg"]},{"from":128,"to":138,"title":"PUBLIC-8CB340: A coin issued by Sabina","image_urls":["https://finds.org.uk/images/Linz/PUBLIC-8CB340.jpg"]},{"from":128,"to":138,"title":"DENO-904EE8: A coin issued by Sabina","image_urls":["https://finds.org.uk/images/cburrill2/E7681_Roman_Denarius.jpg"]},{"from":128,"to":138,"title":"SOM-45DD11: A coin issued by Hadrian","image_urls":["https://finds.org.uk/images/annab/SOM-45DD11.jpg"]},{"from":128,"to":137,"title":"BH-5D5863: A coin issued by Sabina","image_urls":["https://finds.org.uk/images/jwatters/Roman%20coin%2007%2010.jpg"]},{"from":128,"to":137,"title":"WMID-28E943: A coin issued by Sabina","image_urls":["https://finds.org.uk/images/tbrindle/WMID-28E943.jpg"]},{"from":128,"to":137,"title":"HAMP1741: A coin issued by Sabina","image_urls":["https://finds.org.uk/images/sworrell/hamp%201741a.JPG"]},{"from":128,"to":137,"title":"YORYM-1B3600: A coin issued by Sabina","image_urls":["https://finds.org.uk/images/law/BL0534.jpg"]},{"from":128,"to":138,"title":"BERK-73E311: A coin issued by Hadrian","image_urls":["https://finds.org.uk/images/abyard/2012431.jpg"]},{"from":128,"to":138,"title":"PUBLIC-05A964: A coin issued by Sabina","image_urls":["https://finds.org.uk/images/Linz/Sabina%20denarius%20awaiting%20record%20number.jpg"]},{"from":128,"to":137,"title":"SUSS-77A9F2: A coin issued by Sabina","image_urls":["https://finds.org.uk/images/archer/SUSS-77A9F2%20%20No%20ticket%20DSCN1134.jpg"]},{"from":128,"to":132,"title":"BH-F21B82: A coin issued by Hadrian","image_urls":["https://finds.org.uk/images/jwatters/Roman_coin_10_144_2.jpg"]},{"from":128,"to":137,"title":"BUC-CC16F5: A coin issued by Sabina","image_urls":["https://finds.org.uk/images/jmoss/TC69.jpg"]},{"from":128,"to":137,"title":"YORYM-849480: A coin issued by Sabina","image_urls":["https://finds.org.uk/images/bmorris/CR0120.jpg"]},{"from":128,"to":138,"title":"NCL-024C86: A coin issued by Hadrian","image_urls":["https://finds.org.uk/images/pwalton/616.jpg"]},{"from":128,"to":137,"title":"NARC-079A6A: A coin issued by Sabina","image_urls":["https://finds.org.uk/images/jcassidy/coins%20004.JPG"]},{"from":128,"to":137,"title":"SF-173E84: A coin issued by Sabina","image_urls":["https://finds.org.uk/images/abrown/SLY_SF173E84.jpg"]},{"from":128,"to":137,"title":"CORN-2FFE83: A coin issued by Sabina","image_urls":["https://finds.org.uk/images/atyacke/Powellfinds%20086.jpg"]},{"from":128,"to":137,"title":"HESH-033C21: A coin issued by Sabina","image_urls":["https://finds.org.uk/images/preavill/HESH-033C21.jpg"]},{"from":128,"to":137,"title":"SUSS-CF9C74: A coin issued by Sabina","image_urls":["https://finds.org.uk/images/lburnett/SUSS-CF9C74.JPG"]},{"from":128,"to":138,"title":"LIN-6B4137: A coin issued by Sabina","image_urls":["https://finds.org.uk/images/adaubney/LIN2013-49.jpg"]},{"from":128,"to":128,"title":"LIN-7FFC27: A coin issued by Hadrian","image_urls":["https://finds.org.uk/images/adaubney/LIN9096.jpg"]},{"from":128,"to":137,"title":"DEV-179674: A coin issued by Sabina","image_urls":["https://finds.org.uk/images/dwootton/DEV179674%20checked.JPG"]},{"from":128,"to":137,"title":"CORN-521D74: A coin issued by Sabina","image_urls":["https://finds.org.uk/images/atyacke/janfinz%20031.jpg"]},{"from":128,"to":138,"title":"NCL-6F84B5: A coin issued by Sabina","image_urls":["https://finds.org.uk/images/pwalton/4589.jpg"]},{"from":128,"to":138,"title":"SWYOR-121898: A coin issued by Sabina","image_urls":["https://finds.org.uk/images/acooper/PAS_1933_Roman_coin.jpg"]},{"from":128,"to":138,"title":"BERK-B97A53: A coin issued by Hadrian","image_urls":["https://finds.org.uk/images/abyard/2011850.jpg"]},{"from":128,"to":137,"title":"BH-8E97E7: A coin issued by Sabina","image_urls":["https://finds.org.uk/images/jwatters/Roman%20coin%201047%20-%204%20all.jpg"]},{"from":128,"to":128,"title":"BM-083411: A coin issued by Hadrian","image_urls":["https://finds.org.uk/images/beckyd/5221.jpg"]},{"from":128,"to":128,"title":"DUR-7C30A2: A coin issued by Hadrian","image_urls":["https://finds.org.uk/images/brander/IMG_5514.jpg"]},{"from":128,"to":128,"title":"LIN-BB7B91: A coin issued by Hadrian","image_urls":["https://finds.org.uk/images/adaubney/LIN5990.JPG"]},{"from":128,"to":137,"title":"YORYM-20C59A: A coin issued by Sabina","image_urls":["https://finds.org.uk/images/bmorris/RJ0045.jpg"]},{"from":128,"to":138,"title":"FAPJW-1D2B94: A coin issued by Hadrian","image_urls":["https://finds.org.uk/images/pwalton/FAPJW-1D2B94.jpg"]},{"from":128,"to":128,"title":"SUR-268D25: A coin issued by Hadrian","image_urls":["https://finds.org.uk/images/dwilliams/B11-257.jpg"]},{"from":128,"to":138,"title":"WMID-E10B37: A coin issued by Sabina","image_urls":["https://finds.org.uk/images/tbrindle/WMID-E10B37.jpg"]},{"from":128,"to":137,"title":"DENO-1E9CB5: A coin issued by Sabina","image_urls":["https://finds.org.uk/images/ratherton/E4732%20sest%202.jpg"]},{"from":128,"to":138,"title":"SUSS-E59D81: A coin issued by Hadrian","image_urls":["https://finds.org.uk/images/lburnett/SUSS-E59D81.jpg"]},{"from":128,"to":138,"title":"WILT-5C6E01: A coin issued by Hadrian","image_urls":["https://finds.org.uk/images/khinds/AndyPhilipsDenarius.jpg"]},{"from":128,"to":128,"title":"LIN-49711E: A coin issued by Hadrian","image_urls":["https://finds.org.uk/images/adaubney/LIN-49711E.jpg"]},{"from":128,"to":137,"title":"CORN-CB9B73: A coin issued by Sabina","image_urls":["https://finds.org.uk/images/atyacke/May15finds063.JPG"]},{"from":128,"to":138,"title":"CAM-C93A94: A coin issued by Hadrian","image_urls":["https://finds.org.uk/images/hfowler/CAM-C93A94.jpg"]},{"from":128,"to":128,"title":"PAS-557983: A coin issued by Hadrian","image_urls":["https://finds.org.uk/images/rwebley2/PAS557983.jpg"]},{"from":128,"to":128,"title":"HAMP-9C2412: A coin issued by Hadrian","image_urls":["https://finds.org.uk/images/rwebley/HAMP-9C2412Hadrianas.jpg"]},{"from":128,"to":128,"title":"DUR-124380: A coin issued by Sabina","image_urls":["https://finds.org.uk/images/frances/DUR-124380.jpg"]},{"from":128,"to":137,"title":"SF-4D27D0: A coin issued by Sabina","image_urls":["https://finds.org.uk/images/abrown/Essex_SF-4D2126.jpg"]},{"from":128,"to":128,"title":"NLM-E8E335: A coin issued by Hadrian","image_urls":["https://finds.org.uk/images/mforeman/NLM18337.jpg"]},{"from":128,"to":137,"title":"HAMP-BEE193: A coin issued by Sabina","image_urls":["https://finds.org.uk/images/jmccrohan/Hamp%20BEE193.tif"]},{"from":128,"to":137,"title":"WAW-1CD027: A coin issued by Sabina","image_urls":["https://finds.org.uk/images/abolton/WAW-1CD027.jpg"]},{"from":128,"to":137,"title":"WAW-596B20: A coin issued by Sabina","image_urls":["https://finds.org.uk/images/abolton/WAW-596B20.jpg"]},{"from":128,"to":137,"title":"SUR-2D5D23: A coin issued by Sabina","image_urls":["https://finds.org.uk/images/dwilliams/B13-309.JPG"]},{"from":128,"to":137,"title":"WILT-1C39DB: A coin issued by Sabina","image_urls":["https://finds.org.uk/images/rhenry2/WILT-1C39DB.jpg"]},{"from":128,"to":161,"title":"CORN-B14E75: A coin issued by Sabina","image_urls":["https://finds.org.uk/images/atyacke/Powellfinds%20040.jpg"]},{"from":128,"to":138,"title":"DEV-B60BE2: A coin issued by Hadrian","image_urls":["https://finds.org.uk/images/dwootton/DEV-B60BE2.jpg"]},{"from":128,"to":138,"title":"NCL-227318: A coin issued by Hadrian","image_urls":["https://finds.org.uk/images/pwalton/227318.jpg"]},{"from":128,"to":137,"title":"SUSS-E007D5: A coin issued by Sabina","image_urls":["https://finds.org.uk/images/lburnett/SUSS-E007D5.JPG"]},{"from":128,"to":138,"title":"HESH-9CC9B2: A coin issued by Hadrian","image_urls":["https://finds.org.uk/images/preavill/HESH-9CC9B2.jpg"]},{"from":128,"to":128,"title":"IOW-4BC6B6: A coin issued by Hadrian","image_urls":["https://finds.org.uk/images/fbasford/IOW2012-2-295.JPG"]},{"from":128,"to":170,"title":"Bronze Coin, Athens, AD 128 - AD 170. 1944.100.26096","image_urls":["http://numismatics.org/collectionimages/19001949/1944/1944.100.26096.rev.width350.jpg"]},{"from":128,"to":136,"title":"RIC II Hadrian 395A. 1944.100.45588","image_urls":["http://numismatics.org/collectionimages/19001949/1944/1944.100.45588.rev.width350.jpg"]},{"from":128,"to":136,"title":"RIC II Hadrian 396. 1911.23.169","image_urls":["http://numismatics.org/collectionimages/19001949/1911/1911.23.169.rev.width350.jpg"]},{"from":128,"to":132,"title":"RIC II Hadrian 493. 1982.38.1","image_urls":["http://numismatics.org/collectionimages/19501999/1982/1982.38.1.rev.width350.jpg"]},{"from":128,"to":136,"title":"RIC II Hadrian 1038a (as). 1944.100.47480","image_urls":["http://numismatics.org/collectionimages/19001949/1944/1944.100.47480.rev.width350.jpg"]},{"from":128,"to":132,"title":"RIC II Hadrian 970b. 1944.100.47360","image_urls":["http://numismatics.org/collectionimages/19001949/1944/1944.100.47360.rev.width350.jpg"]},{"from":128,"to":132,"title":"RIC II Hadrian 977. 1944.100.47369","image_urls":["http://numismatics.org/collectionimages/19001949/1944/1944.100.47369.rev.width350.jpg"]},{"from":128,"to":132,"title":"RIC II Hadrian 974j. 1927.165.13","image_urls":["http://numismatics.org/collectionimages/19001949/1927/1927.165.13.rev.width350.jpg"]},{"from":128,"to":132,"title":"RIC II Hadrian 497. 1944.100.45576","image_urls":["http://numismatics.org/collectionimages/19001949/1944/1944.100.45576.rev.width350.jpg"]},{"from":128,"to":136,"title":"RIC II Hadrian 412. 1952.4.10","image_urls":["http://numismatics.org/collectionimages/19501999/1952/1952.4.10.rev.width350.jpg"]},{"from":128,"to":136,"title":"RIC II Hadrian 1019. 1957.172.1700","image_urls":["http://numismatics.org/collectionimages/19501999/1957/1957.172.1700.rev.width350.jpg"]},{"from":128,"to":136,"title":"RIC II Hadrian 1026. 1995.11.563","image_urls":["http://numismatics.org/collectionimages/19501999/1995/1995.11.563.rev.width350.jpg"]},{"from":128,"to":136,"title":"RIC II Hadrian 390 (denarius). 1956.127.316","image_urls":["http://numismatics.org/collectionimages/19501999/1956/1956.127.316.rev.width350.jpg"]},{"from":128,"to":136,"title":"RIC II Hadrian 396. 1995.11.1581","image_urls":["http://numismatics.org/collectionimages/19501999/1995/1995.11.1581.rev.width350.jpg"]},{"from":128,"to":132,"title":"RIC II Hadrian 478. 1996.7.1","image_urls":["http://numismatics.org/collectionimages/19501999/1996/1996.7.1.rev.width350.jpg"]},{"from":128,"to":170,"title":"Bronze Coin, Athens, AD 128 - AD 170. 1944.100.26132","image_urls":["http://numismatics.org/collectionimages/19001949/1944/1944.100.26132.rev.width350.jpg"]},{"from":128,"to":132,"title":"RIC II Hadrian 474. 1990.6.1","image_urls":["http://numismatics.org/collectionimages/19501999/1990/1990.6.1.rev.width350.jpg"]},{"from":128,"to":136,"title":"RIC II Hadrian 1037a (as). 1944.100.47477","image_urls":["http://numismatics.org/collectionimages/19001949/1944/1944.100.47477.rev.width350.jpg"]},{"from":128,"to":132,"title":"RIC II Hadrian 970c. 1995.11.257","image_urls":["http://numismatics.org/collectionimages/19501999/1995/1995.11.257.rev.width350.jpg"]},{"from":128,"to":136,"title":"RIC II Hadrian 1023 (as). 0000.999.20161","image_urls":["http://numismatics.org/collectionimages/00001899/0000/0000.999.20161.rev.width350.jpg"]},{"from":128,"to":138,"title":"Silver Drachm of Hadrian, Caesareia in Cappadocia, AD 128 - AD 138. 1990.39.1","image_urls":["http://numismatics.org/collectionimages/19501999/1990/1990.39.1.rev.width350.jpg"]},{"from":128,"to":136,"title":"RIC II Hadrian 1023 (as). 1944.100.47483","image_urls":["http://numismatics.org/collectionimages/19001949/1944/1944.100.47483.rev.width350.jpg"]},{"from":128,"to":136,"title":"RIC II Hadrian 401B. 1944.100.45582","image_urls":["http://numismatics.org/collectionimages/19001949/1944/1944.100.45582.rev.width350.jpg"]},{"from":128,"to":136,"title":"RIC II Hadrian 1040 (as). 1955.18.8","image_urls":["http://numismatics.org/collectionimages/19501999/1955/1955.18.8.rev.width350.jpg"]},{"from":128,"to":136,"title":"RIC II Hadrian 398 (denarius). 1956.127.1804","image_urls":["http://numismatics.org/collectionimages/19501999/1956/1956.127.1804.rev.width350.jpg"]},{"from":128,"to":132,"title":"RIC II Hadrian 972. 1944.100.47363","image_urls":["http://numismatics.org/collectionimages/19001949/1944/1944.100.47363.rev.width350.jpg"]},{"from":128,"to":138,"title":"Silver Didrachm of Hadrian, Caesareia in Cappadocia, AD 128 - AD 138. 1917.11.2","image_urls":["http://numismatics.org/collectionimages/19001949/1917/1917.11.2.rev.width350.jpg"]},{"from":128,"to":136,"title":"RIC II Hadrian 398 (denarius). 1956.127.307","image_urls":["http://numismatics.org/collectionimages/19501999/1956/1956.127.307.rev.width350.jpg"]},{"from":128,"to":136,"title":"RIC II Hadrian 395A. 1957.172.1663","image_urls":["http://numismatics.org/collectionimages/19501999/1957/1957.172.1663.rev.width350.jpg"]},{"from":128,"to":136,"title":"RIC II Hadrian 1042a (as). 1944.100.47485","image_urls":["http://numismatics.org/collectionimages/19001949/1944/1944.100.47485.rev.width350.jpg"]},{"from":128,"to":132,"title":"RIC II Hadrian 975b. 1944.100.47365","image_urls":["http://numismatics.org/collectionimages/19001949/1944/1944.100.47365.rev.width350.jpg"]},{"from":128,"to":132,"title":"RIC II Hadrian 972. 1995.11.271","image_urls":["http://numismatics.org/collectionimages/19501999/1995/1995.11.271.rev.width350.jpg"]},{"from":128,"to":132,"title":"RIC II Hadrian 489. 1991.13.1","image_urls":["http://numismatics.org/collectionimages/19501999/1991/1991.13.1.rev.width350.jpg"]},{"from":128,"to":136,"title":"RIC II Hadrian 396. 1948.19.1237","image_urls":["http://numismatics.org/collectionimages/19001949/1948/1948.19.1237.rev.width350.jpg"]},{"from":128,"to":132,"title":"RIC II Hadrian 977. 1984.66.430","image_urls":["http://numismatics.org/collectionimages/19501999/1984/1984.66.430.rev.width350.jpg"]},{"from":128,"to":136,"title":"RIC II Hadrian 1019. 1944.100.47473","image_urls":["http://numismatics.org/collectionimages/19001949/1944/1944.100.47473.rev.width350.jpg"]},{"from":128,"to":132,"title":"RIC II Hadrian 510. 2000.5.22","image_urls":["http://numismatics.org/collectionimages/20002049/2000/2000.5.22.rev.width350.jpg"]},{"from":128,"to":132,"title":"RIC II Hadrian 497. 1944.100.45572","image_urls":["http://numismatics.org/collectionimages/19001949/1944/1944.100.45572.rev.width350.jpg"]},{"from":128,"to":132,"title":"RIC II Hadrian 977. 1944.100.47368","image_urls":["http://numismatics.org/collectionimages/19001949/1944/1944.100.47368.rev.width350.jpg"]},{"from":128,"to":132,"title":"RIC II Hadrian 482. 1944.100.45570","image_urls":["http://numismatics.org/collectionimages/19001949/1944/1944.100.45570.rev.width350.jpg"]},{"from":128,"to":132,"title":"RIC II Hadrian 976e. 1944.100.47366","image_urls":["http://numismatics.org/collectionimages/19001949/1944/1944.100.47366.rev.width350.jpg"]},{"from":128,"to":132,"title":"RIC II Hadrian 969c. 1995.11.266","image_urls":["http://numismatics.org/collectionimages/19501999/1995/1995.11.266.rev.width350.jpg"]},{"from":128,"to":136,"title":"RIC II Hadrian 412. 1956.127.313","image_urls":["http://numismatics.org/collectionimages/19501999/1956/1956.127.313.rev.width350.jpg"]},{"from":128,"to":132,"title":"RIC II Hadrian 970c. 1937.158.494","image_urls":["http://numismatics.org/collectionimages/19001949/1937/1937.158.494.rev.width350.jpg"]},{"from":128,"to":136,"title":"RIC II Hadrian 395A. 1956.127.318","image_urls":["http://numismatics.org/collectionimages/19501999/1956/1956.127.318.rev.width350.jpg"]},{"from":128,"to":132,"title":"RIC II Hadrian 970c. 1957.172.1695","image_urls":["http://numismatics.org/collectionimages/19501999/1957/1957.172.1695.rev.width350.jpg"]},{"from":128,"to":136,"title":"RIC II Hadrian 1037c (as). 1944.100.47476","image_urls":["http://numismatics.org/collectionimages/19001949/1944/1944.100.47476.rev.width350.jpg"]},{"from":128,"to":132,"title":"RIC II Hadrian 461C. 1955.21.14","image_urls":["http://numismatics.org/collectionimages/19501999/1955/1955.21.14.rev.width350.jpg"]},{"from":128,"to":132,"title":"RIC II Hadrian 481a. 1944.100.45567","image_urls":["http://numismatics.org/collectionimages/19001949/1944/1944.100.45567.rev.width350.jpg"]},{"from":128,"to":136,"title":"RIC II Hadrian 395A. 1995.11.1582","image_urls":["http://numismatics.org/collectionimages/19501999/1995/1995.11.1582.rev.width350.jpg"]},{"from":128,"to":136,"title":"RIC II Hadrian 398 (denarius). 1956.127.1801","image_urls":["http://numismatics.org/collectionimages/19501999/1956/1956.127.1801.rev.width350.jpg"]},{"from":128,"to":136,"title":"RIC II Hadrian 398 (denarius). 1905.57.367","image_urls":["http://numismatics.org/collectionimages/19001949/1905/1905.57.367.rev.width350.jpg"]},{"from":128,"to":132,"title":"RIC II Hadrian 977. 1984.66.431","image_urls":["http://numismatics.org/collectionimages/19501999/1984/1984.66.431.rev.width350.jpg"]},{"from":128,"to":136,"title":"RIC II Hadrian 1046 (as). 1995.11.566","image_urls":["http://numismatics.org/collectionimages/19501999/1995/1995.11.566.rev.width350.jpg"]},{"from":128,"to":136,"title":"RIC II Hadrian 1036. 1944.100.47474","image_urls":["http://numismatics.org/collectionimages/19001949/1944/1944.100.47474.rev.width350.jpg"]},{"from":128,"to":136,"title":"Silver Denarius of Hadrian, Rome, AD 128 - AD 136. 1985.140.114","image_urls":["http://numismatics.org/collectionimages/19501999/1985/1985.140.114.rev.width350.jpg"]},{"from":128,"to":136,"title":"RIC II Hadrian 416. 1967.153.145","image_urls":["http://numismatics.org/collectionimages/19501999/1967/1967.153.145.rev.width350.jpg"]},{"from":128,"to":132,"title":"RIC II Hadrian 497. 1944.100.45573","image_urls":["http://numismatics.org/collectionimages/19001949/1944/1944.100.45573.rev.width350.jpg"]},{"from":128,"to":136,"title":"RIC II Hadrian 1023 (as). 1944.100.47482","image_urls":["http://numismatics.org/collectionimages/19001949/1944/1944.100.47482.rev.width350.jpg"]},{"from":128,"to":132,"title":"RIC II Hadrian 974i. 1960.170.232","image_urls":["http://numismatics.org/collectionimages/19501999/1960/1960.170.232.rev.width350.jpg"]},{"from":128,"to":136,"title":"RIC II Hadrian 399A. 1995.11.1584","image_urls":["http://numismatics.org/collectionimages/19501999/1995/1995.11.1584.rev.width350.jpg"]},{"from":128,"to":132,"title":"RIC II Hadrian 474. 1944.100.45563","image_urls":["http://numismatics.org/collectionimages/19001949/1944/1944.100.45563.rev.width350.jpg"]},{"from":128,"to":132,"title":"RIC II Hadrian 475A. 1945.120.1","image_urls":["http://numismatics.org/collectionimages/19001949/1945/1945.120.1.rev.width350.jpg"]},{"from":128,"to":136,"title":"RIC II Hadrian 1038a (as). 1909.78.50","image_urls":["http://numismatics.org/collectionimages/19001949/1909/1909.78.50.rev.width350.jpg"]},{"from":128,"to":132,"title":"RIC II Hadrian 972. 1974.95.276","image_urls":["http://numismatics.org/collectionimages/19501999/1974/1974.95.276.rev.width350.jpg"]},{"from":128,"to":132,"title":"RIC II Hadrian 496. 1979.28.1","image_urls":["http://numismatics.org/collectionimages/19501999/1979/1979.28.1.rev.width350.jpg"]},{"from":128,"to":132,"title":"RIC II Hadrian 486. 1955.21.12","image_urls":["http://numismatics.org/collectionimages/19501999/1955/1955.21.12.rev.width350.jpg"]},{"from":128,"to":136,"title":"RIC II Hadrian 410 (aureus). 1960.175.29","image_urls":["http://numismatics.org/collectionimages/19501999/1960/1960.175.29.rev.width350.jpg"]},{"from":128,"to":136,"title":"RIC II Hadrian 398 (denarius). 1956.127.1803","image_urls":["http://numismatics.org/collectionimages/19501999/1956/1956.127.1803.rev.width350.jpg"]},{"from":128,"to":132,"title":"RIC II Hadrian 970c. 1992.52.5","image_urls":["http://numismatics.org/collectionimages/19501999/1992/1992.52.5.rev.width350.jpg"]},{"from":128,"to":136,"title":"RIC II Hadrian 395A. 1985.140.113","image_urls":["http://numismatics.org/collectionimages/19501999/1985/1985.140.113.rev.width350.jpg"]},{"from":128,"to":136,"title":"RIC II Hadrian 391. 1944.100.45587","image_urls":["http://numismatics.org/collectionimages/19001949/1944/1944.100.45587.rev.width350.jpg"]},{"from":128,"to":136,"title":"RIC II Hadrian 391. 1911.23.168","image_urls":["http://numismatics.org/collectionimages/19001949/1911/1911.23.168.rev.width350.jpg"]},{"from":128,"to":136,"title":"RIC II Hadrian 1029a. 1978.999.16","image_urls":["http://numismatics.org/collectionimages/19501999/1978/1978.999.16.rev.width350.jpg"]},{"from":128,"to":136,"title":"RIC II Hadrian 1035a. 1963.79.1","image_urls":["http://numismatics.org/collectionimages/19501999/1963/1963.79.1.rev.width350.jpg"]},{"from":128,"to":132,"title":"RIC II Hadrian 474. 1983.51.339","image_urls":["http://numismatics.org/collectionimages/19501999/1983/1983.51.339.rev.width350.jpg"]},{"from":128,"to":136,"title":"RIC II Hadrian 1029a. 1995.11.565","image_urls":["http://numismatics.org/collectionimages/19501999/1995/1995.11.565.rev.width350.jpg"]},{"from":128,"to":136,"title":"RIC II Hadrian 1017. 1984.176.22","image_urls":["http://numismatics.org/collectionimages/19501999/1984/1984.176.22.rev.width350.jpg"]},{"from":128,"to":136,"title":"RIC II Hadrian 1019. 1995.11.561","image_urls":["http://numismatics.org/collectionimages/19501999/1995/1995.11.561.rev.width350.jpg"]},{"from":128,"to":132,"title":"RIC II Hadrian 975c. 1978.8.2","image_urls":["http://numismatics.org/collectionimages/19501999/1978/1978.8.2.rev.width350.jpg"]},{"from":128,"to":132,"title":"Silver Cistophorus of Hadrian, Ephesus, AD 128 - AD 132. 1986.164.1","image_urls":["http://numismatics.org/collectionimages/19501999/1986/1986.164.1.rev.width350.jpg"]},{"from":128,"to":136,"title":"RIC II Hadrian 396. 1935.117.409","image_urls":["http://numismatics.org/collectionimages/19001949/1935/1935.117.409.rev.width350.jpg"]},{"from":128,"to":132,"title":"RIC II Hadrian 491. 1965.236.1","image_urls":["http://numismatics.org/collectionimages/19501999/1965/1965.236.1.rev.width350.jpg"]},{"from":128,"to":132,"title":"RIC II Hadrian 532. 1950.101.3","image_urls":["http://numismatics.org/collectionimages/19501999/1950/1950.101.3.rev.width350.jpg"]},{"from":128,"to":136,"title":"RIC II Hadrian 1046 (as). 1944.100.47484","image_urls":["http://numismatics.org/collectionimages/19001949/1944/1944.100.47484.rev.width350.jpg"]},{"from":128,"to":136,"title":"RIC II Hadrian 406. 1944.100.45583","image_urls":["http://numismatics.org/collectionimages/19001949/1944/1944.100.45583.rev.width350.jpg"]},{"from":128,"to":136,"title":"RIC II Hadrian 399A. 1911.23.164","image_urls":["http://numismatics.org/collectionimages/19001949/1911/1911.23.164.rev.width350.jpg"]},{"from":128,"to":136,"title":"RIC II Hadrian 395A. 1948.19.1236","image_urls":["http://numismatics.org/collectionimages/19001949/1948/1948.19.1236.rev.width350.jpg"]},{"from":128,"to":132,"title":"RIC II Hadrian 474. 1987.36.1","image_urls":["http://numismatics.org/collectionimages/19501999/1987/1987.36.1.rev.width350.jpg"]},{"from":128,"to":132,"title":"RIC II Hadrian 462A. 1944.100.45577","image_urls":["http://numismatics.org/collectionimages/19001949/1944/1944.100.45577.rev.width350.jpg"]},{"from":128,"to":132,"title":"RIC II Hadrian 974i. 1944.100.47364","image_urls":["http://numismatics.org/collectionimages/19001949/1944/1944.100.47364.rev.width350.jpg"]},{"from":128,"to":132,"title":"RIC II Hadrian 497. 1944.100.45571","image_urls":["http://numismatics.org/collectionimages/19001949/1944/1944.100.45571.rev.width350.jpg"]},{"from":128,"to":136,"title":"RIC II Hadrian 1025a. 1995.11.564","image_urls":["http://numismatics.org/collectionimages/19501999/1995/1995.11.564.rev.width350.jpg"]},{"from":128,"to":136,"title":"RIC II Hadrian 390 (denarius). 1909.78.42","image_urls":["http://numismatics.org/collectionimages/19001949/1909/1909.78.42.rev.width350.jpg"]},{"from":128,"to":136,"title":"RIC II Hadrian 1049 (as). 1978.8.5","image_urls":["http://numismatics.org/collectionimages/19501999/1978/1978.8.5.rev.width350.jpg"]},{"from":128,"to":132,"title":"RIC II Hadrian 977. 1995.11.252","image_urls":["http://numismatics.org/collectionimages/19501999/1995/1995.11.252.rev.width350.jpg"]},{"from":128,"to":132,"title":"RIC II Hadrian 527. 1944.100.45565","image_urls":["http://numismatics.org/collectionimages/19001949/1944/1944.100.45565.rev.width350.jpg"]},{"from":128,"to":132,"title":"RIC II Hadrian 503. 1987.82.1","image_urls":["http://numismatics.org/collectionimages/19501999/1987/1987.82.1.rev.width350.jpg"]},{"from":128,"to":136,"title":"RIC II Hadrian 398 (denarius). 1941.131.799","image_urls":["http://numismatics.org/collectionimages/19001949/1941/1941.131.799.rev.width350.jpg"]},{"from":128,"to":136,"title":"RIC II Hadrian 406. 1956.127.312","image_urls":["http://numismatics.org/collectionimages/19501999/1956/1956.127.312.rev.width350.jpg"]},{"from":128,"to":170,"title":"Bronze Coin, Athens, AD 128 - AD 170. 1944.100.26158","image_urls":["http://numismatics.org/collectionimages/19001949/1944/1944.100.26158.rev.width350.jpg"]},{"from":128,"to":136,"title":"RIC II Hadrian 1023 (as). 1995.11.562","image_urls":["http://numismatics.org/collectionimages/19501999/1995/1995.11.562.rev.width350.jpg"]},{"from":128,"to":136,"title":"RIC II Hadrian 390 (denarius). 1944.100.45586","image_urls":["http://numismatics.org/collectionimages/19001949/1944/1944.100.45586.rev.width350.jpg"]},{"from":128,"to":132,"title":"RIC II Hadrian 497. 1986.76.48","image_urls":["http://numismatics.org/collectionimages/19501999/1986/1986.76.48.rev.width350.jpg"]},{"from":128,"to":136,"title":"RIC II Hadrian 1025a. 1944.100.47472","image_urls":["http://numismatics.org/collectionimages/19001949/1944/1944.100.47472.rev.width350.jpg"]},{"from":128,"to":136,"title":"RIC II Hadrian 395A. 1956.127.320","image_urls":["http://numismatics.org/collectionimages/19501999/1956/1956.127.320.rev.width350.jpg"]},{"from":128,"to":132,"title":"RIC II Hadrian 977. 1944.100.47367","image_urls":["http://numismatics.org/collectionimages/19001949/1944/1944.100.47367.rev.width350.jpg"]},{"from":128,"to":129,"title":"Bronze Hemidrachm of Hadrian, Alexandreia, AD 128 - AD 129. 1944.100.57440","image_urls":["http://numismatics.org/collectionimages/19001949/1944/1944.100.57440.rev.width350.jpg"]},{"from":128,"to":132,"title":"RIC II Hadrian 510. 1956.4.16","image_urls":["http://numismatics.org/collectionimages/19501999/1956/1956.4.16.rev.width350.jpg"]},{"from":128,"to":132,"title":"RIC II Hadrian 974j. 0000.999.20150","image_urls":["http://numismatics.org/collectionimages/00001899/0000/0000.999.20150.rev.width350.jpg"]},{"from":128,"to":136,"title":"RIC II Hadrian 390 (denarius). 1911.23.167","image_urls":["http://numismatics.org/collectionimages/19001949/1911/1911.23.167.rev.width350.jpg"]},{"from":128,"to":132,"title":"RIC II Hadrian 511. 1976.134.1","image_urls":["http://numismatics.org/collectionimages/19501999/1976/1976.134.1.rev.width350.jpg"]},{"from":128,"to":136,"title":"RIC II Hadrian 397a. 1944.100.45592","image_urls":["http://numismatics.org/collectionimages/19001949/1944/1944.100.45592.rev.width350.jpg"]},{"from":128,"to":136,"title":"RIC II Hadrian 398 (denarius). 1956.127.309","image_urls":["http://numismatics.org/collectionimages/19501999/1956/1956.127.309.rev.width350.jpg"]},{"from":128,"to":132,"title":"RIC II Hadrian 970c. 1944.100.47362","image_urls":["http://numismatics.org/collectionimages/19001949/1944/1944.100.47362.rev.width350.jpg"]},{"from":128,"to":132,"title":"RIC II Hadrian 483. 1982.11.1","image_urls":["http://numismatics.org/collectionimages/19501999/1982/1982.11.1.rev.width350.jpg"]},{"from":128,"to":132,"title":"RIC II Hadrian 486. 1976.48.1","image_urls":["http://numismatics.org/collectionimages/19501999/1976/1976.48.1.rev.width350.jpg"]},{"from":128,"to":129,"title":"Bronze Diobol of Hadrian, Alexandreia, AD 128 - AD 129. 1944.100.57438","image_urls":["http://numismatics.org/collectionimages/19001949/1944/1944.100.57438.rev.width350.jpg"]},{"from":128,"to":132,"title":"RIC II Hadrian 974i. 1906.236.328","image_urls":["http://numismatics.org/collectionimages/19001949/1906/1906.236.328.rev.width350.jpg"]},{"from":128,"to":132,"title":"RIC II Hadrian 974j. 1978.64.414","image_urls":["http://numismatics.org/collectionimages/19501999/1978/1978.64.414.rev.width350.jpg"]},{"from":128,"to":136,"title":"RIC II Hadrian 398 (denarius). 1956.127.1802","image_urls":["http://numismatics.org/collectionimages/19501999/1956/1956.127.1802.rev.width350.jpg"]},{"from":128,"to":136,"title":"RIC II Hadrian 1047 (as). 1944.100.47475","image_urls":["http://numismatics.org/collectionimages/19001949/1944/1944.100.47475.rev.width350.jpg"]},{"from":128,"to":136,"title":"RIC II Hadrian 410 (denarius). 1985.140.115","image_urls":["http://numismatics.org/collectionimages/19501999/1985/1985.140.115.rev.width350.jpg"]},{"from":128,"to":132,"title":"RIC II Hadrian 969b. 1937.158.493","image_urls":["http://numismatics.org/collectionimages/19001949/1937/1937.158.493.rev.width350.jpg"]},{"from":128,"to":136,"title":"RIC II Hadrian 395A. 1944.100.45589","image_urls":["http://numismatics.org/collectionimages/19001949/1944/1944.100.45589.rev.width350.jpg"]},{"from":128,"to":132,"title":"Silver Cistophorus of Hadrian, Aezanis, AD 128 - AD 132. 1976.91.3","image_urls":["http://numismatics.org/collectionimages/19501999/1976/1976.91.3.rev.width350.jpg"]},{"from":128,"to":136,"title":"Bronze As of Hadrian, Rome, AD 128 - AD 136. 1953.151.2","image_urls":["http://numismatics.org/collectionimages/19501999/1953/1953.151.2.rev.width350.jpg"]},{"from":128,"to":136,"title":"RIC II Hadrian 399A. 1944.100.45580","image_urls":["http://numismatics.org/collectionimages/19001949/1944/1944.100.45580.rev.width350.jpg"]},{"from":128,"to":132,"title":"RIC II Hadrian 499. 1944.100.45574","image_urls":["http://numismatics.org/collectionimages/19001949/1944/1944.100.45574.rev.width350.jpg"]},{"from":128,"to":136,"title":"RIC II Hadrian 398 (denarius). 1957.172.1662","image_urls":["http://numismatics.org/collectionimages/19501999/1957/1957.172.1662.rev.width350.jpg"]},{"from":128,"to":132,"title":"RIC II Hadrian 529. 1988.139.2","image_urls":["http://numismatics.org/collectionimages/19501999/1988/1988.139.2.rev.width350.jpg"]},{"from":128,"to":136,"title":"RIC II Hadrian 390 (denarius). 1956.127.315","image_urls":["http://numismatics.org/collectionimages/19501999/1956/1956.127.315.rev.width350.jpg"]},{"from":128,"to":136,"title":"RIC II Hadrian 395A. 1956.127.319","image_urls":["http://numismatics.org/collectionimages/19501999/1956/1956.127.319.rev.width350.jpg"]},{"from":128,"to":170,"title":"Bronze Coin, Athens, AD 128 - AD 170. 1944.100.26129","image_urls":["http://numismatics.org/collectionimages/19001949/1944/1944.100.26129.rev.width350.jpg"]},{"from":128,"to":136,"title":"RIC II Hadrian 405. 1956.127.310","image_urls":["http://numismatics.org/collectionimages/19501999/1956/1956.127.310.rev.width350.jpg"]},{"from":128,"to":136,"title":"RIC II Hadrian 401B. 1944.100.45581","image_urls":["http://numismatics.org/collectionimages/19001949/1944/1944.100.45581.rev.width350.jpg"]},{"from":128,"to":136,"title":"RIC II Hadrian 390 (denarius). 1956.127.1806","image_urls":["http://numismatics.org/collectionimages/19501999/1956/1956.127.1806.rev.width350.jpg"]},{"from":128,"to":136,"title":"RIC II Hadrian 407. 1911.23.165","image_urls":["http://numismatics.org/collectionimages/19001949/1911/1911.23.165.rev.width350.jpg"]},{"from":128,"to":132,"title":"RIC II Hadrian 503. 1976.8.5","image_urls":["http://numismatics.org/collectionimages/19501999/1976/1976.8.5.rev.width350.jpg"]},{"from":128,"to":136,"title":"RIC II Hadrian 1026. 1944.100.47470","image_urls":["http://numismatics.org/collectionimages/19001949/1944/1944.100.47470.rev.width350.jpg"]},{"from":128,"to":136,"title":"RIC II Hadrian 1037e (as). 1944.100.47479","image_urls":["http://numismatics.org/collectionimages/19001949/1944/1944.100.47479.rev.width350.jpg"]},{"from":128,"to":136,"title":"RIC II Hadrian 400. 1995.9.1","image_urls":["http://numismatics.org/collectionimages/19501999/1995/1995.9.1.rev.width350.jpg"]},{"from":128,"to":132,"title":"RIC II Hadrian 503. 1944.100.45578","image_urls":["http://numismatics.org/collectionimages/19001949/1944/1944.100.45578.rev.width350.jpg"]},{"from":128,"to":136,"title":"RIC II Hadrian 396. 1944.100.45590","image_urls":["http://numismatics.org/collectionimages/19001949/1944/1944.100.45590.rev.width350.jpg"]},{"from":128,"to":136,"title":"RIC II Hadrian 410 (denarius). 1944.100.45584","image_urls":["http://numismatics.org/collectionimages/19001949/1944/1944.100.45584.rev.width350.jpg"]},{"from":128,"to":136,"title":"RIC II Hadrian 398 (denarius). 1995.11.1583","image_urls":["http://numismatics.org/collectionimages/19501999/1995/1995.11.1583.rev.width350.jpg"]},{"from":128,"to":136,"title":"RIC II Hadrian 1023 (as). 1944.100.47481","image_urls":["http://numismatics.org/collectionimages/19001949/1944/1944.100.47481.rev.width350.jpg"]},{"from":128,"to":132,"title":"RIC II Hadrian 485. 1983.45.1","image_urls":["http://numismatics.org/collectionimages/19501999/1983/1983.45.1.rev.width350.jpg"]},{"from":128,"to":132,"title":"RIC II Hadrian 977. 1984.66.429","image_urls":["http://numismatics.org/collectionimages/19501999/1984/1984.66.429.rev.width350.jpg"]},{"from":128,"to":136,"title":"RIC II Hadrian 1037a (as). 1944.100.47478","image_urls":["http://numismatics.org/collectionimages/19001949/1944/1944.100.47478.rev.width350.jpg"]},{"from":128,"to":136,"title":"RIC II Hadrian 390 (denarius). 1956.127.1805","image_urls":["http://numismatics.org/collectionimages/19501999/1956/1956.127.1805.rev.width350.jpg"]},{"from":128,"to":170,"title":"Bronze Coin, Athens, AD 128 - AD 170. 1944.100.26100","image_urls":["http://numismatics.org/collectionimages/19001949/1944/1944.100.26100.rev.width350.jpg"]},{"from":128,"to":132,"title":"RIC II Hadrian 518b. 1979.136.1","image_urls":["http://numismatics.org/collectionimages/19501999/1979/1979.136.1.rev.width350.jpg"]},{"from":128,"to":132,"title":"RIC II Hadrian 970c. 1995.11.258","image_urls":["http://numismatics.org/collectionimages/19501999/1995/1995.11.258.rev.width350.jpg"]},{"from":128,"to":170,"title":"Bronze Coin, Athens, AD 128 - AD 170. 1944.100.26099","image_urls":["http://numismatics.org/collectionimages/19001949/1944/1944.100.26099.rev.width350.jpg"]},{"from":128,"to":136,"title":"RIC II Hadrian 398 (denarius). 1956.127.311","image_urls":["http://numismatics.org/collectionimages/19501999/1956/1956.127.311.rev.width350.jpg"]},{"from":128,"to":136,"title":"RIC II Hadrian 413A (aureus). 1960.175.30","image_urls":["http://numismatics.org/collectionimages/19501999/1960/1960.175.30.rev.width350.jpg"]},{"from":128,"to":132,"title":"RIC II Hadrian 507. 1944.100.45568","image_urls":["http://numismatics.org/collectionimages/19001949/1944/1944.100.45568.rev.width350.jpg"]},{"from":128,"to":132,"title":"RIC II Hadrian 494. 1982.10.1","image_urls":["http://numismatics.org/collectionimages/19501999/1982/1982.10.1.rev.width350.jpg"]},{"from":128,"to":136,"title":"RIC II Hadrian 391. 1956.127.317","image_urls":["http://numismatics.org/collectionimages/19501999/1956/1956.127.317.rev.width350.jpg"]},{"from":128,"to":136,"title":"RIC II Hadrian 412. 1948.19.1235","image_urls":["http://numismatics.org/collectionimages/19001949/1948/1948.19.1235.rev.width350.jpg"]},{"from":128,"to":132,"title":"RIC II Hadrian 516. 1979.122.1","image_urls":["http://numismatics.org/collectionimages/19501999/1979/1979.122.1.rev.width350.jpg"]},{"from":128,"to":170,"title":"Bronze Coin, Athens, AD 128 - AD 170. 1944.100.26121","image_urls":["http://numismatics.org/collectionimages/19001949/1944/1944.100.26121.rev.width350.jpg"]},{"from":128,"to":132,"title":"RIC II Hadrian 970b. 1978.64.419","image_urls":["http://numismatics.org/collectionimages/19501999/1978/1978.64.419.rev.width350.jpg"]},{"from":128,"to":136,"title":"RIC II Hadrian 395A. 1956.127.1807","image_urls":["http://numismatics.org/collectionimages/19501999/1956/1956.127.1807.rev.width350.jpg"]},{"from":128,"to":136,"title":"RIC II Hadrian 390 (denarius). 1956.127.314","image_urls":["http://numismatics.org/collectionimages/19501999/1956/1956.127.314.rev.width350.jpg"]},{"from":128,"to":136,"title":"RIC II Hadrian 1047 (as). 1954.203.200","image_urls":["http://numismatics.org/collectionimages/19501999/1954/1954.203.200.rev.width350.jpg"]},{"from":128,"to":136,"title":"RIC II Hadrian 406. 1962.83.22","image_urls":["http://numismatics.org/collectionimages/19501999/1962/1962.83.22.rev.width350.jpg"]},{"from":128,"to":136,"title":"RIC II Hadrian 396. 1944.100.45591","image_urls":["http://numismatics.org/collectionimages/19001949/1944/1944.100.45591.rev.width350.jpg"]},{"from":128,"to":136,"title":"RIC II Hadrian 398 (denarius). 1956.127.308","image_urls":["http://numismatics.org/collectionimages/19501999/1956/1956.127.308.rev.width350.jpg"]},{"from":128,"to":132,"title":"RIC II Hadrian 507. 1988.139.1","image_urls":["http://numismatics.org/collectionimages/19501999/1988/1988.139.1.rev.width350.jpg"]},{"from":128,"to":136,"title":"RIC II Hadrian 413A (denarius). 1944.100.45585","image_urls":["http://numismatics.org/collectionimages/19001949/1944/1944.100.45585.rev.width350.jpg"]},{"from":128,"to":136,"title":"RIC II Hadrian 398 (denarius). 1944.100.45579","image_urls":["http://numismatics.org/collectionimages/19001949/1944/1944.100.45579.rev.width350.jpg"]},{"from":128,"to":170,"title":"Bronze Coin, Athens, AD 128 - AD 170. 1944.100.26103","image_urls":["http://numismatics.org/collectionimages/19001949/1944/1944.100.26103.rev.width350.jpg"]},{"from":128,"to":136,"title":"RIC II Hadrian 1025a. 1944.100.47471","image_urls":["http://numismatics.org/collectionimages/19001949/1944/1944.100.47471.rev.width350.jpg"]},{"from":128,"to":170,"title":"Bronze Coin, Athens, AD 128 - AD 170. 1944.100.26093","image_urls":["http://numismatics.org/collectionimages/19001949/1944/1944.100.26093.rev.width350.jpg"]},{"from":128,"to":136,"title":"RIC II Hadrian 390 (denarius). 1911.23.166","image_urls":["http://numismatics.org/collectionimages/19001949/1911/1911.23.166.rev.width350.jpg"]},{"from":128,"to":132,"title":"RIC II Hadrian 481a. 1955.21.13","image_urls":["http://numismatics.org/collectionimages/19501999/1955/1955.21.13.rev.width350.jpg"]},{"from":128,"to":132,"title":"RIC II Hadrian 970c. 1944.100.47361","image_urls":["http://numismatics.org/collectionimages/19001949/1944/1944.100.47361.rev.width350.jpg"]},{"from":128,"to":132,"title":"RIC II Hadrian 977. 1954.18.163","image_urls":["http://numismatics.org/collectionimages/19501999/1954/1954.18.163.rev.width350.jpg"]},{"from":128,"to":138,"title":"Silver Drachm of Hadrian, Caesareia in Cappadocia, AD 128 - AD 138. 1999.79.6","image_urls":["http://numismatics.org/collectionimages/19501999/1999/1999.79.6.rev.width350.jpg"]},{"from":128,"to":170,"title":"Bronze Coin, Athens, AD 128 - AD 170. 1944.100.26141","image_urls":["http://numismatics.org/collectionimages/19001949/1944/1944.100.26141.rev.width350.jpg"]},{"from":128,"to":132,"title":"RIC II Hadrian 475A. 1944.100.45564","image_urls":["http://numismatics.org/collectionimages/19001949/1944/1944.100.45564.rev.width350.jpg"]},{"from":128,"to":132,"title":"RIC II Hadrian 527. 1944.100.45566","image_urls":["http://numismatics.org/collectionimages/19001949/1944/1944.100.45566.rev.width350.jpg"]},{"from":128,"to":132,"title":"RIC II Hadrian 497. 1944.100.45575","image_urls":["http://numismatics.org/collectionimages/19001949/1944/1944.100.45575.rev.width350.jpg"]},{"from":128,"to":132,"title":"RIC II Hadrian 495. 1944.100.45569","image_urls":["http://numismatics.org/collectionimages/19001949/1944/1944.100.45569.rev.width350.jpg"]},{"from":128,"to":170,"title":"Bronze Coin, Athens, AD 128 - AD 170. 1944.100.26097","image_urls":["http://numismatics.org/collectionimages/19001949/1944/1944.100.26097.rev.width350.jpg"]},{"from":128,"to":132,"title":"RIC II Hadrian 512. 1980.129.1","image_urls":["http://numismatics.org/collectionimages/19501999/1980/1980.129.1.rev.width350.jpg"]}]