[{"from":1282,"to":1289,"title":"IOW-2039C5: A coin issued by Edward I of England","image_urls":["https://finds.org.uk/images/fbasford/IOW2005-90-19.JPG"]},{"from":1282,"to":1283,"title":"LANCUM-44AC20: A coin issued by Edward I of England","image_urls":["https://finds.org.uk/images/dboughton/LWYorkshireSHLongcross1abMerge.jpg"]},{"from":1282,"to":1294,"title":"BH-0955A6: A coin issued by Edward I of England","image_urls":["https://finds.org.uk/images/jwatters/Med%20coin%2006%2036%20%282%29%20-%205a.jpg"]},{"from":1282,"to":1328,"title":"Gold Nomisma of Andronicus II, Constantinople, 1282 - 1328. 1977.158.1252","image_urls":["http://numismatics.org/collectionimages/19501999/1977/1977.158.1252.rev.width350.jpg"]},{"from":1282,"to":1328,"title":"Gold Nomisma of Andronicus II, Constantinople, 1282 - 1328. 1977.158.1250","image_urls":["http://numismatics.org/collectionimages/19501999/1977/1977.158.1250.rev.width350.jpg"]},{"from":1282,"to":1328,"title":"Gold Nomisma of Andronicus II, Constantinople, 1282 - 1328. 1968.131.412","image_urls":["http://numismatics.org/collectionimages/19501999/1968/1968.131.412.rev.width350.jpg"]},{"from":1282,"to":1328,"title":"Gold Nomisma of Andronicus II, Constantinople, 1282 - 1328. 1947.3.76","image_urls":["http://numismatics.org/collectionimages/19001949/1947/1947.3.76.rev.width350.jpg"]},{"from":1282,"to":1328,"title":"Gold Nomisma of Andronicus II, Constantinople, 1282 - 1328. 1968.131.414","image_urls":["http://numismatics.org/collectionimages/19501999/1968/1968.131.414.rev.width350.jpg"]},{"from":1282,"to":1328,"title":"Gold Nomisma of Andronicus II, Constantinople, 1282 - 1328. 1958.76.26","image_urls":["http://numismatics.org/collectionimages/19501999/1958/1958.76.26.rev.width350.jpg"]},{"from":1282,"to":1328,"title":"Gold Nomisma of Andronicus II, Constantinople, 1282 - 1328. 1977.158.1251","image_urls":["http://numismatics.org/collectionimages/19501999/1977/1977.158.1251.rev.width350.jpg"]},{"from":1282,"to":1328,"title":"Gold Nomisma of Andronicus II, Constantinople, 1282 - 1328. 1944.100.18207","image_urls":["http://numismatics.org/collectionimages/19001949/1944/1944.100.18207.rev.width350.jpg"]},{"from":1282,"to":1328,"title":"Gold Nomisma of Andronicus II, Constantinople, 1282 - 1328. 1947.3.75","image_urls":["http://numismatics.org/collectionimages/19001949/1947/1947.3.75.rev.width350.jpg"]},{"from":1282,"to":1328,"title":"Gold Nomisma of Andronicus II, Constantinople, 1282 - 1328. 1968.131.413","image_urls":["http://numismatics.org/collectionimages/19501999/1968/1968.131.413.rev.width350.jpg"]}]