[{"from":129,"to":129,"title":"ESS-3D8345: A coin issued by Republic","image_urls":["https://finds.org.uk/images/lmclean/ESS-3D8345.jpg"]},{"from":129,"to":129,"title":"LEIC-84DE07: A coin issued by Hadrian","image_urls":["https://finds.org.uk/images/wscott/LEIC-84DE07.jpg"]},{"from":129,"to":130,"title":"Bronze Diobol of Hadrian, Alexandreia, AD 129 - AD 130. 1944.100.57466","image_urls":["http://numismatics.org/collectionimages/19001949/1944/1944.100.57466.rev.width350.jpg"]},{"from":129,"to":130,"title":"Bronze Obol of Hadrian, Alexandreia, AD 129 - AD 130. 1944.100.57483","image_urls":["http://numismatics.org/collectionimages/19001949/1944/1944.100.57483.rev.width350.jpg"]},{"from":129,"to":130,"title":"Billon Tetradrachm of Hadrian, Alexandreia, AD 129 - AD 130. 1944.100.56826","image_urls":["http://numismatics.org/collectionimages/19001949/1944/1944.100.56826.rev.width350.jpg"]},{"from":129,"to":130,"title":"Bronze Chalkous of Hadrian, Alexandreia, AD 129 - AD 130. 1944.100.58406","image_urls":["http://numismatics.org/collectionimages/19001949/1944/1944.100.58406.rev.width350.jpg"]},{"from":129,"to":130,"title":"Bronze Drachm of Hadrian, Alexandreia, AD 129 - AD 130. 1944.100.58410","image_urls":["http://numismatics.org/collectionimages/19001949/1944/1944.100.58410.rev.width350.jpg"]}]