[{"from":1295,"to":1320,"title":"Gold Nomisma of Andronicus II, Constantinople, 1295 - 1320. 1978.64.565","image_urls":["http://numismatics.org/collectionimages/19501999/1978/1978.64.565.rev.width350.jpg"]},{"from":1295,"to":1320,"title":"Gold Nomisma of Andronicus II, Constantinople, 1295 - 1320. 1977.158.1253","image_urls":["http://numismatics.org/collectionimages/19501999/1977/1977.158.1253.rev.width350.jpg"]},{"from":1295,"to":1320,"title":"Gold Nomisma of Andronicus II, Constantinople, 1295 - 1320. 1980.109.313","image_urls":["http://numismatics.org/collectionimages/19501999/1980/1980.109.313.rev.width350.jpg"]},{"from":1295,"to":1320,"title":"Gold Nomisma of Andronicus II, Constantinople, 1295 - 1320. 1968.131.423","image_urls":["http://numismatics.org/collectionimages/19501999/1968/1968.131.423.rev.width350.jpg"]},{"from":1295,"to":1320,"title":"Gold Nomisma of Andronicus II, Constantinople, 1295 - 1320. 1980.109.319","image_urls":["http://numismatics.org/collectionimages/19501999/1980/1980.109.319.rev.width350.jpg"]},{"from":1295,"to":1320,"title":"Gold Nomisma of Andronicus II, Constantinople, 1295 - 1320. 1962.170.11","image_urls":["http://numismatics.org/collectionimages/19501999/1962/1962.170.11.rev.width350.jpg"]},{"from":1295,"to":1320,"title":"Gold Nomisma of Andronicus II, Constantinople, 1295 - 1320. 1947.3.137","image_urls":["http://numismatics.org/collectionimages/19001949/1947/1947.3.137.rev.width350.jpg"]},{"from":1295,"to":1320,"title":"Gold Nomisma of Andronicus II, Constantinople, 1295 - 1320. 1968.131.426","image_urls":["http://numismatics.org/collectionimages/19501999/1968/1968.131.426.rev.width350.jpg"]},{"from":1295,"to":1320,"title":"Gold Nomisma of Andronicus II, Constantinople, 1295 - 1320. 1968.131.420","image_urls":["http://numismatics.org/collectionimages/19501999/1968/1968.131.420.rev.width350.jpg"]},{"from":1295,"to":1320,"title":"Gold Nomisma of Andronicus II, Constantinople, 1295 - 1320. 1968.131.429","image_urls":["http://numismatics.org/collectionimages/19501999/1968/1968.131.429.rev.width350.jpg"]},{"from":1295,"to":1320,"title":"Gold Nomisma of Andronicus II, Constantinople, 1295 - 1320. 1944.100.18209","image_urls":["http://numismatics.org/collectionimages/19001949/1944/1944.100.18209.rev.width350.jpg"]},{"from":1295,"to":1320,"title":"Gold Nomisma of Andronicus II, Constantinople, 1295 - 1320. 1944.100.18211","image_urls":["http://numismatics.org/collectionimages/19001949/1944/1944.100.18211.rev.width350.jpg"]},{"from":1295,"to":1320,"title":"Gold Nomisma of Andronicus II, Constantinople, 1295 - 1320. 1978.64.566","image_urls":["http://numismatics.org/collectionimages/19501999/1978/1978.64.566.rev.width350.jpg"]},{"from":1295,"to":1320,"title":"Gold Nomisma of Andronicus II, Constantinople, 1295 - 1320. 1977.158.1257","image_urls":["http://numismatics.org/collectionimages/19501999/1977/1977.158.1257.rev.width350.jpg"]},{"from":1295,"to":1320,"title":"Gold Nomisma of Andronicus II, Constantinople, 1295 - 1320. 1968.131.416","image_urls":["http://numismatics.org/collectionimages/19501999/1968/1968.131.416.rev.width350.jpg"]},{"from":1295,"to":1320,"title":"Gold Nomisma of Andronicus II, Constantinople, 1295 - 1320. 1968.131.419","image_urls":["http://numismatics.org/collectionimages/19501999/1968/1968.131.419.rev.width350.jpg"]},{"from":1295,"to":1320,"title":"Gold Nomisma of Andronicus II, Constantinople, 1295 - 1320. 1968.131.425","image_urls":["http://numismatics.org/collectionimages/19501999/1968/1968.131.425.rev.width350.jpg"]},{"from":1295,"to":1320,"title":"Gold Nomisma of Andronicus II, Constantinople, 1295 - 1320. 1944.100.18208","image_urls":["http://numismatics.org/collectionimages/19001949/1944/1944.100.18208.rev.width350.jpg"]},{"from":1295,"to":1320,"title":"Gold Nomisma of Andronicus II, Constantinople, 1295 - 1320. 1968.131.422","image_urls":["http://numismatics.org/collectionimages/19501999/1968/1968.131.422.rev.width350.jpg"]},{"from":1295,"to":1320,"title":"Gold Nomisma of Andronicus II, Constantinople, 1295 - 1320. 1968.131.428","image_urls":["http://numismatics.org/collectionimages/19501999/1968/1968.131.428.rev.width350.jpg"]},{"from":1295,"to":1320,"title":"Gold Nomisma of Andronicus II, Constantinople, 1295 - 1320. 1978.64.564","image_urls":["http://numismatics.org/collectionimages/19501999/1978/1978.64.564.rev.width350.jpg"]},{"from":1295,"to":1320,"title":"Gold Nomisma of Andronicus II, Constantinople, 1295 - 1320. 1977.158.1255","image_urls":["http://numismatics.org/collectionimages/19501999/1977/1977.158.1255.rev.width350.jpg"]},{"from":1295,"to":1320,"title":"Gold Nomisma of Andronicus II, Constantinople, 1295 - 1320. 1968.131.417","image_urls":["http://numismatics.org/collectionimages/19501999/1968/1968.131.417.rev.width350.jpg"]},{"from":1295,"to":1320,"title":"Gold Nomisma of Andronicus II, Constantinople, 1295 - 1320. 1977.158.1254","image_urls":["http://numismatics.org/collectionimages/19501999/1977/1977.158.1254.rev.width350.jpg"]},{"from":1295,"to":1320,"title":"Gold Nomisma of Andronicus II, Constantinople, 1295 - 1320. 1944.100.18210","image_urls":["http://numismatics.org/collectionimages/19001949/1944/1944.100.18210.rev.width350.jpg"]},{"from":1295,"to":1320,"title":"Gold Nomisma of Andronicus II, Constantinople, 1295 - 1320. 1968.131.421","image_urls":["http://numismatics.org/collectionimages/19501999/1968/1968.131.421.rev.width350.jpg"]},{"from":1295,"to":1320,"title":"Gold Nomisma of Andronicus II, Constantinople, 1295 - 1320. 1968.131.415","image_urls":["http://numismatics.org/collectionimages/19501999/1968/1968.131.415.rev.width350.jpg"]},{"from":1295,"to":1320,"title":"Gold Nomisma of Andronicus II, Constantinople, 1295 - 1320. 1968.131.427","image_urls":["http://numismatics.org/collectionimages/19501999/1968/1968.131.427.rev.width350.jpg"]},{"from":1295,"to":1320,"title":"Gold Nomisma of Andronicus II, Constantinople, 1295 - 1320. 1968.131.424","image_urls":["http://numismatics.org/collectionimages/19501999/1968/1968.131.424.rev.width350.jpg"]},{"from":1295,"to":1320,"title":"Gold Nomisma of Andronicus II, Constantinople, 1295 - 1320. 1968.131.418","image_urls":["http://numismatics.org/collectionimages/19501999/1968/1968.131.418.rev.width350.jpg"]},{"from":1295,"to":1320,"title":"Gold Nomisma of Andronicus II, Constantinople, 1295 - 1320. 1938.127.65","image_urls":["http://numismatics.org/collectionimages/19001949/1938/1938.127.65.rev.width350.jpg"]},{"from":1295,"to":1320,"title":"Gold Nomisma of Andronicus II, Constantinople, 1295 - 1320. 1977.158.1256","image_urls":["http://numismatics.org/collectionimages/19501999/1977/1977.158.1256.rev.width350.jpg"]},{"from":1295,"to":1320,"title":"Gold Nomisma of Andronicus II, Constantinople, 1295 - 1320. 1947.3.77","image_urls":["http://numismatics.org/collectionimages/19001949/1947/1947.3.77.rev.width350.jpg"]}]