[{"from":13,"to":14,"title":"DENO-FB27E6: A coin issued by Augustus","image_urls":["https://finds.org.uk/images/cburrill2/DENO_ENQ_07_Republican_Denarius.jpg"]},{"from":13,"to":47,"title":"NARC-A43D02: A coin issued by Tiberius","image_urls":["https://finds.org.uk/images/jcassidy/NARC-A43D02%20b.jpg"]},{"from":13,"to":14,"title":"IOW-BDC677: A coin issued by Augustus","image_urls":["https://finds.org.uk/images/fbasford/IOW20157100.JPG"]},{"from":13,"to":14,"title":"NMS-569F77: A coin issued by Augustus","image_urls":["https://finds.org.uk/images/amarsden/AMD092012augustusdenarius.jpg"]},{"from":13,"to":14,"title":"SUR-AA1643: A coin issued by Augustus","image_urls":["https://finds.org.uk/images/dwilliams/08.1069.JPG"]},{"from":13,"to":14,"title":"RIC I (second edition) Augustus 226. 1995.11.1605","image_urls":["http://numismatics.org/collectionimages/19501999/1995/1995.11.1605.rev.width350.jpg"]},{"from":13,"to":14,"title":"RIC I (second edition) Augustus 222. 1944.100.39116","image_urls":["http://numismatics.org/collectionimages/19001949/1944/1944.100.39116.rev.width350.jpg"]},{"from":13,"to":14,"title":"RIC I (second edition) Augustus 226. 1944.100.39115","image_urls":["http://numismatics.org/collectionimages/19001949/1944/1944.100.39115.rev.width350.jpg"]},{"from":13,"to":14,"title":"RIC I (second edition) Augustus 220. 1944.100.39120","image_urls":["http://numismatics.org/collectionimages/19001949/1944/1944.100.39120.rev.width350.jpg"]},{"from":13,"to":14,"title":"RIC I (second edition) Augustus 222. 1944.100.39117","image_urls":["http://numismatics.org/collectionimages/19001949/1944/1944.100.39117.rev.width350.jpg"]},{"from":13,"to":14,"title":"RIC I (second edition) Augustus 220. 1956.28.144","image_urls":["http://numismatics.org/collectionimages/19501999/1956/1956.28.144.rev.width350.jpg"]}]