[{"from":130,"to":140,"title":"NLM-FD2B23: A coin issued by Hadrian","image_urls":["https://finds.org.uk/images/mforeman/NLM19910.jpg"]},{"from":130,"to":130,"title":"LANCUM-722343: A coin issued by Sabina","image_urls":["https://finds.org.uk/images/dboughton/LANCUM722343.jpg"]},{"from":130,"to":131,"title":"Billon Tetradrachm of Hadrian, Alexandreia, AD 130 - AD 131. 1944.100.56801","image_urls":["http://numismatics.org/collectionimages/19001949/1944/1944.100.56801.rev.width350.jpg"]},{"from":130,"to":131,"title":"Bronze Drachm of Hadrian, Alexandreia, AD 130 - AD 131. 1973.56.627","image_urls":["http://numismatics.org/collectionimages/19501999/1973/1973.56.627.rev.width350.jpg"]},{"from":130,"to":131,"title":"Bronze Drachm of Hadrian, Alexandreia, AD 130 - AD 131. 1944.100.57504","image_urls":["http://numismatics.org/collectionimages/19001949/1944/1944.100.57504.rev.width350.jpg"]},{"from":130,"to":131,"title":"Bronze Drachm of Hadrian, Alexandreia, AD 130 - AD 131. 1944.100.57500","image_urls":["http://numismatics.org/collectionimages/19001949/1944/1944.100.57500.rev.width350.jpg"]}]