[{"from":1301,"to":1310,"title":"LANCUM-7CBB34: A coin issued by Edward I of England","image_urls":["https://finds.org.uk/images/dboughton/SPLCMCoinNo1Nateby1abMerge.jpg"]},{"from":1301,"to":1305,"title":"BUC-0CC014: A coin issued by Edward I of England","image_urls":["https://finds.org.uk/images/rtyrrell/18.19%20.jpg"]},{"from":1301,"to":1310,"title":"SUSS-1DFF76: A coin issued by Edward I of England","image_urls":["https://finds.org.uk/images/tclifford/1-117g.jpg"]},{"from":1301,"to":1310,"title":"WMID-F9C111: A coin issued by Edward I of England","image_urls":["https://finds.org.uk/images/cjohnson/WMID-F9C111%20obv.jpg"]},{"from":1301,"to":1314,"title":"YORYM-B9B555: A coin issued by Edward II of England","image_urls":["https://finds.org.uk/images/devans/yorymaa%20015.jpg"]},{"from":1301,"to":1310,"title":"WMID-0E88A5: A coin issued by Edward I of England","image_urls":["https://finds.org.uk/images/cjohnson/WMID-0E88A5%20obv.jpg"]},{"from":1301,"to":1310,"title":"LIN-38E860: A coin issued by Edward I of England","image_urls":["https://finds.org.uk/images/adaubney/LIN873.JPG"]},{"from":1301,"to":1310,"title":"LIN-8082E4: A coin issued by Edward I of England","image_urls":["https://finds.org.uk/images/adaubney/LIN1738.jpg"]},{"from":1301,"to":1310,"title":"LIN-6BE956: A coin issued by Edward I of England","image_urls":["https://finds.org.uk/images/adaubney/LIN4296.JPG"]},{"from":1301,"to":1310,"title":"NLM-CBD510: A coin issued by Edward I of England","image_urls":["https://finds.org.uk/images/lstaves/NLM10344.jpg"]},{"from":1301,"to":1310,"title":"LIN-1AEBD6: A coin issued by Edward I of England","image_urls":["https://finds.org.uk/images/adaubney/LIN3159.jpg"]},{"from":1301,"to":1310,"title":"NLM-4B6780: A coin issued by Edward I of England","image_urls":["https://finds.org.uk/images/lstaves/NLM07936.jpg"]}]