[{"from":1305,"to":1310,"title":"LON-8E1A94: A coin issued by Edward I of England","image_urls":["https://finds.org.uk/images/eghey/4622.8%20copy.jpg"]},{"from":1305,"to":1310,"title":"LON-8E3250: A coin issued by Edward II of England","image_urls":["https://finds.org.uk/images/eghey/4622.14%20copy.jpg"]},{"from":1305,"to":1310,"title":"SOMDOR-0ABA55: A coin issued by Edward I of England","image_urls":["https://finds.org.uk/images/npayne/0ABA55.jpg"]},{"from":1305,"to":1310,"title":"NCL-A2F920: A coin issued by Edward I of England","image_urls":["https://finds.org.uk/images/pwalton/rtcoingates%20copy.jpg"]}]