[{"from":1307,"to":1351,"title":"HAMP-60E623: A coin with an unrecorded/uncertain issuer.","image_urls":["https://finds.org.uk/images/jmccrohan/Hamp%2060E623.tif"]},{"from":1307,"to":1327,"title":"SUSS-DD5CF6: A coin issued by Edward II of England","image_urls":["https://finds.org.uk/images/lwilson/1-163k.jpg"]},{"from":1307,"to":1309,"title":"NMGW-E56FC6: A coin issued by Edward II of England","image_urls":["https://finds.org.uk/images/rbattye/2005.168.3.jpg"]},{"from":1307,"to":1377,"title":"HAMP-B7F6F5: A coin issued by Edward II of England","image_urls":["https://finds.org.uk/images/dwill2/Coin13.tif"]},{"from":1307,"to":1327,"title":"KENT-BC2F50: A coin issued by Edward II of England","image_urls":["https://finds.org.uk/images/krayfield/finds%20etc%20134.jpg"]}]