[{"from":131,"to":131,"title":"SUSS-757794: A coin issued by Constantine II","image_urls":["https://finds.org.uk/images/stephaniesmith/SUSS-757794NummusContstantineII.jpg"]},{"from":131,"to":168,"title":"SUSS-9F1577: A coin issued by Faustina the Elder","image_urls":["https://finds.org.uk/images/lburnett/SUSS-9F1577.JPG"]},{"from":131,"to":138,"title":"LIN-2A5D37: A coin issued by Hadrian","image_urls":["https://finds.org.uk/images/adaubney/LIN2011-151.jpg"]},{"from":131,"to":138,"title":"HAMP-EC1720: A coin issued by Hadrian","image_urls":["https://finds.org.uk/images/rwebley/HAMP-EC1720Hadrianas.jpg"]},{"from":131,"to":131,"title":"LVPL750: A coin issued by Hadrian","image_urls":["https://finds.org.uk/images/nherepath/750.jpg"]},{"from":131,"to":132,"title":"Bronze Hemidrachm, Alexandreia, AD 131 - AD 132. 1944.100.58499","image_urls":["http://numismatics.org/collectionimages/19001949/1944/1944.100.58499.rev.width350.jpg"]},{"from":131,"to":132,"title":"Bronze Diobol of Hadrian, Alexandreia, AD 131 - AD 132. 1944.100.58413","image_urls":["http://numismatics.org/collectionimages/19001949/1944/1944.100.58413.rev.width350.jpg"]},{"from":131,"to":132,"title":"Bronze Hemidrachm of Hadrian, Alexandreia, AD 131 - AD 132. 1944.100.57527","image_urls":["http://numismatics.org/collectionimages/19001949/1944/1944.100.57527.rev.width350.jpg"]},{"from":131,"to":132,"title":"Bronze Obol of Hadrian, Alexandreia, AD 131 - AD 132. 1944.100.57563","image_urls":["http://numismatics.org/collectionimages/19001949/1944/1944.100.57563.rev.width350.jpg"]},{"from":131,"to":132,"title":"Bronze Hemidrachm, Alexandreia, AD 131 - AD 132. 1944.100.58495","image_urls":["http://numismatics.org/collectionimages/19001949/1944/1944.100.58495.rev.width350.jpg"]},{"from":131,"to":132,"title":"Bronze Diobol of Hadrian, Alexandreia, AD 131 - AD 132. 1944.100.58412","image_urls":["http://numismatics.org/collectionimages/19001949/1944/1944.100.58412.rev.width350.jpg"]},{"from":131,"to":132,"title":"Silver Tetradrachm of Hadrian, Aegeae, AD 131 - AD 132. 1982.2.1","image_urls":["http://numismatics.org/collectionimages/19501999/1982/1982.2.1.rev.width350.jpg"]},{"from":131,"to":132,"title":"Bronze Drachm of Hadrian, Alexandreia, AD 131 - AD 132. 1944.100.57550","image_urls":["http://numismatics.org/collectionimages/19001949/1944/1944.100.57550.rev.width350.jpg"]},{"from":131,"to":132,"title":"Bronze Hemidrachm of Hadrian, Alexandreia, AD 131 - AD 132. 1944.100.58414","image_urls":["http://numismatics.org/collectionimages/19001949/1944/1944.100.58414.rev.width350.jpg"]}]