[{"from":132,"to":134,"title":"SF-C257EA: A coin issued by Hadrian","image_urls":["https://finds.org.uk/images/abrown/WMH_SFC257EA.jpg"]},{"from":132,"to":134,"title":"WILT-B40CF3: A coin issued by Hadrian","image_urls":["https://finds.org.uk/images/khinds/Croker0610hadrian.jpg"]},{"from":132,"to":134,"title":"WMID-540804: A coin issued by Hadrian","image_urls":["https://finds.org.uk/images/tgilmore/wmid-540804.jpg"]},{"from":132,"to":134,"title":"HAMP-84EE54: A coin issued by Hadrian","image_urls":["https://finds.org.uk/images/ellysg1/HadrianHAMP-84EE54.jpg"]},{"from":132,"to":134,"title":"IOW-A0A674: A coin issued by Hadrian","image_urls":["https://finds.org.uk/images/fbasford/IOW2009-1-622.JPG"]},{"from":132,"to":134,"title":"NARC-1939B4: A coin issued by Hadrian","image_urls":["https://finds.org.uk/images/jcassidy/NARC-1939B4%20b.jpg"]},{"from":132,"to":132,"title":"SUR-CF5176: A coin issued by Hadrian","image_urls":["https://finds.org.uk/images/margaretb/13-761.JPG"]},{"from":132,"to":136,"title":"DENO-554F95: A coin issued by Hadrian","image_urls":["https://finds.org.uk/images/arohde/Sam%20sestertius%20obverse.JPG"]},{"from":132,"to":134,"title":"SUR-A600A3: A coin issued by Hadrian","image_urls":["https://finds.org.uk/images/dwilliams/07.413.JPG"]},{"from":132,"to":134,"title":"DEV-2F8F08: A coin issued by Hadrian","image_urls":["https://finds.org.uk/images/dwootton/DEV-2F8F08-R105.jpg"]},{"from":132,"to":132,"title":"LVPL-24FBC4: A coin issued by Hadrian","image_urls":["https://finds.org.uk/images/fmcintosh/n.%20davies%20%20hadrian%20denarius.jpg"]},{"from":132,"to":134,"title":"DENO-2D7B84: A coin issued by Hadrian","image_urls":["https://finds.org.uk/images/cburrill2/E6934_Hadrian_Sestertius.jpg"]},{"from":132,"to":134,"title":"PUBLIC-0E9FD4: A coin issued by Hadrian","image_urls":["https://finds.org.uk/images/calow1/FLE14962.JPG"]},{"from":132,"to":134,"title":"NCL-EC8805: A coin issued by Hadrian","image_urls":["https://finds.org.uk/images/pwalton/618.jpg"]},{"from":132,"to":138,"title":"SOM-A70576: A coin issued by Hadrian","image_urls":["https://finds.org.uk/images/elburnett/SOM-A70576.jpg"]},{"from":132,"to":132,"title":"SWYOR-08BCD5: A coin issued by Hadrian","image_urls":["https://finds.org.uk/images/acooper/PAS_2474_Hadrian.jpg"]},{"from":132,"to":134,"title":"BH-4B45C4: A coin issued by Hadrian","image_urls":["https://finds.org.uk/images/jwatters/Roman%20coin%2010%2078%20-%204.jpg"]},{"from":132,"to":134,"title":"NMS-01F141: A coin issued by Hadrian","image_urls":["https://finds.org.uk/images/amarsden/NMD052013hadrianindulgdenarius.jpg"]},{"from":132,"to":134,"title":"CAM-A36513: A coin issued by Hadrian","image_urls":["https://finds.org.uk/images/hfowler/CAM-A36513.jpg"]},{"from":132,"to":134,"title":"BM-F936A1: A coin issued by Hadrian","image_urls":["https://finds.org.uk/images/jasonlundock/5250a.jpg"]},{"from":132,"to":134,"title":"RIC II Hadrian 714j (as). 1995.11.269","image_urls":["http://numismatics.org/collectionimages/19501999/1995/1995.11.269.rev.width350.jpg"]},{"from":132,"to":134,"title":"RIC II Hadrian 716d (as). 1951.51.1","image_urls":["http://numismatics.org/collectionimages/19501999/1951/1951.51.1.rev.width350.jpg"]},{"from":132,"to":134,"title":"RIC II Hadrian 213a. 1996.4.5","image_urls":["http://numismatics.org/collectionimages/19501999/1996/1996.4.5.rev.width350.jpg"]},{"from":132,"to":133,"title":"Bronze Drachm of Hadrian, Alexandreia, AD 132 - AD 133. 1944.100.57565","image_urls":["http://numismatics.org/collectionimages/19001949/1944/1944.100.57565.rev.width350.jpg"]},{"from":132,"to":134,"title":"RIC II Hadrian 222c. 1935.117.402","image_urls":["http://numismatics.org/collectionimages/19001949/1935/1935.117.402.rev.width350.jpg"]},{"from":132,"to":134,"title":"Silver Denarius of Hadrian, Rome, AD 132 - AD 134. 1974.999.37","image_urls":["http://numismatics.org/collectionimages/19501999/1974/1974.999.37.rev.width350.jpg"]},{"from":132,"to":134,"title":"RIC II Hadrian 718c (as). 1944.100.47384","image_urls":["http://numismatics.org/collectionimages/19001949/1944/1944.100.47384.rev.width350.jpg"]},{"from":132,"to":134,"title":"RIC II Hadrian 217d. 1948.19.1214","image_urls":["http://numismatics.org/collectionimages/19001949/1948/1948.19.1214.rev.width350.jpg"]},{"from":132,"to":134,"title":"RIC II Hadrian 380. 1911.23.163","image_urls":["http://numismatics.org/collectionimages/19001949/1911/1911.23.163.rev.width350.jpg"]},{"from":132,"to":134,"title":"RIC II Hadrian 717c (as). 1937.158.495","image_urls":["http://numismatics.org/collectionimages/19001949/1937/1937.158.495.rev.width350.jpg"]},{"from":132,"to":134,"title":"RIC II Hadrian 221d. 1956.127.232","image_urls":["http://numismatics.org/collectionimages/19501999/1956/1956.127.232.rev.width350.jpg"]},{"from":132,"to":134,"title":"RIC II Hadrian 727c (as). 1957.172.1696","image_urls":["http://numismatics.org/collectionimages/19501999/1957/1957.172.1696.rev.width350.jpg"]},{"from":132,"to":134,"title":"RIC II Hadrian 701f. 1944.100.47371","image_urls":["http://numismatics.org/collectionimages/19001949/1944/1944.100.47371.rev.width350.jpg"]},{"from":132,"to":134,"title":"RIC II Hadrian 706h. 1944.100.47374","image_urls":["http://numismatics.org/collectionimages/19001949/1944/1944.100.47374.rev.width350.jpg"]},{"from":132,"to":134,"title":"RIC II Hadrian 209a. 1911.87.2","image_urls":["http://numismatics.org/collectionimages/19001949/1911/1911.87.2.rev.width350.jpg"]},{"from":132,"to":134,"title":"RIC II Hadrian 215a. 1956.127.229","image_urls":["http://numismatics.org/collectionimages/19501999/1956/1956.127.229.rev.width350.jpg"]},{"from":132,"to":134,"title":"RIC II Hadrian 205f. 1948.19.1213","image_urls":["http://numismatics.org/collectionimages/19001949/1948/1948.19.1213.rev.width350.jpg"]},{"from":132,"to":133,"title":"Bronze Diobol of Hadrian, Alexandreia, AD 132 - AD 133. 1973.56.629","image_urls":["http://numismatics.org/collectionimages/19501999/1973/1973.56.629.rev.width350.jpg"]},{"from":132,"to":134,"title":"RIC II Hadrian 220c. 1956.127.231","image_urls":["http://numismatics.org/collectionimages/19501999/1956/1956.127.231.rev.width350.jpg"]},{"from":132,"to":134,"title":"RIC II Hadrian 727c (as). 1935.117.411","image_urls":["http://numismatics.org/collectionimages/19001949/1935/1935.117.411.rev.width350.jpg"]},{"from":132,"to":134,"title":"RIC II Hadrian 717c (as). 1944.100.47381","image_urls":["http://numismatics.org/collectionimages/19001949/1944/1944.100.47381.rev.width350.jpg"]},{"from":132,"to":134,"title":"RIC II Hadrian 727c (as). 1978.64.413","image_urls":["http://numismatics.org/collectionimages/19501999/1978/1978.64.413.rev.width350.jpg"]},{"from":132,"to":134,"title":"RIC II Hadrian 706e. 1944.100.47375","image_urls":["http://numismatics.org/collectionimages/19001949/1944/1944.100.47375.rev.width350.jpg"]},{"from":132,"to":133,"title":"Bronze Coin, Seleuceia ad Tigrim, AD 132 - AD 133. 1944.100.83327","image_urls":["http://numismatics.org/collectionimages/19001949/1944/1944.100.83327.rev.width350.jpg"]},{"from":132,"to":134,"title":"RIC II Hadrian 725c (as). 1944.100.47386","image_urls":["http://numismatics.org/collectionimages/19001949/1944/1944.100.47386.rev.width350.jpg"]},{"from":132,"to":133,"title":"Bronze Diobol of Hadrian, Alexandreia, AD 132 - AD 133. 1974.26.3381","image_urls":["http://numismatics.org/collectionimages/19501999/1974/1974.26.3381.rev.width350.jpg"]},{"from":132,"to":134,"title":"RIC II Hadrian 215f. 1944.100.45510","image_urls":["http://numismatics.org/collectionimages/19001949/1944/1944.100.45510.rev.width350.jpg"]},{"from":132,"to":133,"title":"Bronze Diobol of Hadrian, Alexandreia, AD 132 - AD 133. 1944.100.57597","image_urls":["http://numismatics.org/collectionimages/19001949/1944/1944.100.57597.rev.width350.jpg"]},{"from":132,"to":134,"title":"Bronze Sestertius of Hadrian, Rome, AD 132 - AD 134. 1906.236.329","image_urls":["http://numismatics.org/collectionimages/19001949/1906/1906.236.329.rev.width350.jpg"]},{"from":132,"to":134,"title":"RIC II Hadrian 716d (as). 1944.100.47380","image_urls":["http://numismatics.org/collectionimages/19001949/1944/1944.100.47380.rev.width350.jpg"]},{"from":132,"to":134,"title":"Bronze As of Hadrian, Rome, AD 132 - AD 134. 1974.95.141","image_urls":["http://numismatics.org/collectionimages/19501999/1974/1974.95.141.rev.width350.jpg"]},{"from":132,"to":134,"title":"RIC II Hadrian 701g. 1944.100.47370","image_urls":["http://numismatics.org/collectionimages/19001949/1944/1944.100.47370.rev.width350.jpg"]},{"from":132,"to":134,"title":"RIC II Hadrian 710f. 1987.17.9","image_urls":["http://numismatics.org/collectionimages/19501999/1987/1987.17.9.rev.width350.jpg"]},{"from":132,"to":134,"title":"RIC II Hadrian 206d. 1956.127.1774","image_urls":["http://numismatics.org/collectionimages/19501999/1956/1956.127.1774.rev.width350.jpg"]},{"from":132,"to":134,"title":"RIC II Hadrian 223. 1911.23.137","image_urls":["http://numismatics.org/collectionimages/19001949/1911/1911.23.137.rev.width350.jpg"]},{"from":132,"to":133,"title":"Bronze Coin, Seleuceia ad Tigrim, AD 132 - AD 133. 1944.100.83329","image_urls":["http://numismatics.org/collectionimages/19001949/1944/1944.100.83329.rev.width350.jpg"]},{"from":132,"to":134,"title":"RIC II Hadrian 717f (as). 1954.18.164","image_urls":["http://numismatics.org/collectionimages/19501999/1954/1954.18.164.rev.width350.jpg"]},{"from":132,"to":134,"title":"RIC II Hadrian 215f. 1944.100.45509","image_urls":["http://numismatics.org/collectionimages/19001949/1944/1944.100.45509.rev.width350.jpg"]},{"from":132,"to":134,"title":"RIC II Hadrian 710c. 1995.11.259","image_urls":["http://numismatics.org/collectionimages/19501999/1995/1995.11.259.rev.width350.jpg"]},{"from":132,"to":134,"title":"RIC II Hadrian 222c. 1956.127.234","image_urls":["http://numismatics.org/collectionimages/19501999/1956/1956.127.234.rev.width350.jpg"]},{"from":132,"to":134,"title":"RIC II Hadrian 719g (as). 1909.78.49","image_urls":["http://numismatics.org/collectionimages/19001949/1909/1909.78.49.rev.width350.jpg"]},{"from":132,"to":134,"title":"RIC II Hadrian 207. 1956.127.228","image_urls":["http://numismatics.org/collectionimages/19501999/1956/1956.127.228.rev.width350.jpg"]},{"from":132,"to":134,"title":"RIC II Hadrian 714j (as). 1952.21.4","image_urls":["http://numismatics.org/collectionimages/19501999/1952/1952.21.4.rev.width350.jpg"]},{"from":132,"to":134,"title":"RIC II Hadrian 706c. 1944.100.47373","image_urls":["http://numismatics.org/collectionimages/19001949/1944/1944.100.47373.rev.width350.jpg"]},{"from":132,"to":134,"title":"RIC II Hadrian 714f (as). 1974.95.140","image_urls":["http://numismatics.org/collectionimages/19501999/1974/1974.95.140.rev.width350.jpg"]},{"from":132,"to":134,"title":"RIC II Hadrian 208d. 1911.23.135","image_urls":["http://numismatics.org/collectionimages/19001949/1911/1911.23.135.rev.width350.jpg"]},{"from":132,"to":134,"title":"RIC II Hadrian 714j (as). 1944.100.47377","image_urls":["http://numismatics.org/collectionimages/19001949/1944/1944.100.47377.rev.width350.jpg"]},{"from":132,"to":134,"title":"RIC II Hadrian 213c. 1956.127.1775","image_urls":["http://numismatics.org/collectionimages/19501999/1956/1956.127.1775.rev.width350.jpg"]},{"from":132,"to":133,"title":"Bronze Drachm of Hadrian, Alexandreia, AD 132 - AD 133. 1944.100.57590","image_urls":["http://numismatics.org/collectionimages/19001949/1944/1944.100.57590.rev.width350.jpg"]},{"from":132,"to":134,"title":"RIC II Hadrian 725c (as). 1995.11.208","image_urls":["http://numismatics.org/collectionimages/19501999/1995/1995.11.208.rev.width350.jpg"]},{"from":132,"to":134,"title":"RIC II Hadrian 717f (as). 1944.100.47382","image_urls":["http://numismatics.org/collectionimages/19001949/1944/1944.100.47382.rev.width350.jpg"]},{"from":132,"to":134,"title":"RIC II Hadrian 222c. 1944.100.45512","image_urls":["http://numismatics.org/collectionimages/19001949/1944/1944.100.45512.rev.width350.jpg"]},{"from":132,"to":133,"title":"Billon Tetradrachm of Hadrian, Alexandreia, AD 132 - AD 133. 1944.100.56835","image_urls":["http://numismatics.org/collectionimages/19001949/1944/1944.100.56835.rev.width350.jpg"]},{"from":132,"to":133,"title":"Bronze Drachm of Hadrian, Alexandreia, AD 132 - AD 133. 1944.100.57601","image_urls":["http://numismatics.org/collectionimages/19001949/1944/1944.100.57601.rev.width350.jpg"]},{"from":132,"to":133,"title":"Billon Tetradrachm of Hadrian, Alexandreia, AD 132 - AD 133. 1944.100.56839","image_urls":["http://numismatics.org/collectionimages/19001949/1944/1944.100.56839.rev.width350.jpg"]},{"from":132,"to":134,"title":"RIC II Hadrian 716a (as). 1995.11.215","image_urls":["http://numismatics.org/collectionimages/19501999/1995/1995.11.215.rev.width350.jpg"]},{"from":132,"to":134,"title":"RIC II Hadrian 717f (as). 1944.100.47383","image_urls":["http://numismatics.org/collectionimages/19001949/1944/1944.100.47383.rev.width350.jpg"]},{"from":132,"to":134,"title":"RIC II Hadrian 714l (as). 1978.999.13","image_urls":["http://numismatics.org/collectionimages/19501999/1978/1978.999.13.rev.width350.jpg"]},{"from":132,"to":133,"title":"Bronze Hemidrachm of Hadrian, Alexandreia, AD 132 - AD 133. 1944.100.58416","image_urls":["http://numismatics.org/collectionimages/19001949/1944/1944.100.58416.rev.width350.jpg"]},{"from":132,"to":134,"title":"RIC II Hadrian 707c. 1944.100.47376","image_urls":["http://numismatics.org/collectionimages/19001949/1944/1944.100.47376.rev.width350.jpg"]},{"from":132,"to":134,"title":"RIC II Hadrian 719c (as). 1944.100.47385","image_urls":["http://numismatics.org/collectionimages/19001949/1944/1944.100.47385.rev.width350.jpg"]},{"from":132,"to":134,"title":"RIC II Hadrian 716d (as). 1944.100.47379","image_urls":["http://numismatics.org/collectionimages/19001949/1944/1944.100.47379.rev.width350.jpg"]},{"from":132,"to":134,"title":"RIC II Hadrian 706c. 1995.11.202","image_urls":["http://numismatics.org/collectionimages/19501999/1995/1995.11.202.rev.width350.jpg"]},{"from":132,"to":134,"title":"RIC II Hadrian 727j (as). 1978.64.417","image_urls":["http://numismatics.org/collectionimages/19501999/1978/1978.64.417.rev.width350.jpg"]},{"from":132,"to":134,"title":"RIC II Hadrian 209g. 1944.100.45508","image_urls":["http://numismatics.org/collectionimages/19001949/1944/1944.100.45508.rev.width350.jpg"]},{"from":132,"to":134,"title":"RIC II Hadrian 714e (as). 1987.17.8","image_urls":["http://numismatics.org/collectionimages/19501999/1987/1987.17.8.rev.width350.jpg"]},{"from":132,"to":134,"title":"RIC II Hadrian 716d (as). 1995.11.216","image_urls":["http://numismatics.org/collectionimages/19501999/1995/1995.11.216.rev.width350.jpg"]},{"from":132,"to":134,"title":"RIC II Hadrian 221c. 1956.127.233","image_urls":["http://numismatics.org/collectionimages/19501999/1956/1956.127.233.rev.width350.jpg"]},{"from":132,"to":134,"title":"RIC II Hadrian 708f. 1995.11.255","image_urls":["http://numismatics.org/collectionimages/19501999/1995/1995.11.255.rev.width350.jpg"]},{"from":132,"to":133,"title":"Bronze Diobol of Hadrian, Alexandreia, AD 132 - AD 133. 1944.100.57629","image_urls":["http://numismatics.org/collectionimages/19001949/1944/1944.100.57629.rev.width350.jpg"]},{"from":132,"to":134,"title":"RIC II Hadrian 719c (as). 1947.2.461","image_urls":["http://numismatics.org/collectionimages/19001949/1947/1947.2.461.rev.width350.jpg"]},{"from":132,"to":134,"title":"RIC II Hadrian 706c. 1944.100.47372","image_urls":["http://numismatics.org/collectionimages/19001949/1944/1944.100.47372.rev.width350.jpg"]},{"from":132,"to":134,"title":"RIC II Hadrian 706f. 1954.203.199","image_urls":["http://numismatics.org/collectionimages/19501999/1954/1954.203.199.rev.width350.jpg"]},{"from":132,"to":134,"title":"RIC II Hadrian 714d (as). 1987.17.11","image_urls":["http://numismatics.org/collectionimages/19501999/1987/1987.17.11.rev.width350.jpg"]},{"from":132,"to":134,"title":"RIC II Hadrian 727c (as). 1944.100.47387","image_urls":["http://numismatics.org/collectionimages/19001949/1944/1944.100.47387.rev.width350.jpg"]},{"from":132,"to":134,"title":"RIC II Hadrian 216c. 1956.127.230","image_urls":["http://numismatics.org/collectionimages/19501999/1956/1956.127.230.rev.width350.jpg"]},{"from":132,"to":134,"title":"RIC II Hadrian 219c. 1944.100.45511","image_urls":["http://numismatics.org/collectionimages/19001949/1944/1944.100.45511.rev.width350.jpg"]},{"from":132,"to":133,"title":"Bronze Diobol of Hadrian, Alexandreia, AD 132 - AD 133. 1944.100.57620","image_urls":["http://numismatics.org/collectionimages/19001949/1944/1944.100.57620.rev.width350.jpg"]},{"from":132,"to":134,"title":"RIC II Hadrian 706e. 1995.11.261","image_urls":["http://numismatics.org/collectionimages/19501999/1995/1995.11.261.rev.width350.jpg"]},{"from":132,"to":133,"title":"Bronze Coin, Seleuceia ad Tigrim, AD 132 - AD 133. 1944.100.83328","image_urls":["http://numismatics.org/collectionimages/19001949/1944/1944.100.83328.rev.width350.jpg"]},{"from":132,"to":134,"title":"RIC II Hadrian 215g. 1911.23.136","image_urls":["http://numismatics.org/collectionimages/19001949/1911/1911.23.136.rev.width350.jpg"]},{"from":132,"to":134,"title":"RIC II Hadrian 714l (as). 1944.100.47378","image_urls":["http://numismatics.org/collectionimages/19001949/1944/1944.100.47378.rev.width350.jpg"]},{"from":132,"to":134,"title":"RIC II Hadrian 718d (dupondius). 1952.21.5","image_urls":["http://numismatics.org/collectionimages/19501999/1952/1952.21.5.rev.width350.jpg"]},{"from":132,"to":134,"title":"RIC II Hadrian 735f. 1944.100.47389","image_urls":["http://numismatics.org/collectionimages/19001949/1944/1944.100.47389.rev.width350.jpg"]}]