[{"from":1325,"to":1328,"title":"Silver Coin of Andronicus II, Constantinople, 1325 - 1328. 1944.100.73306","image_urls":["http://numismatics.org/collectionimages/19001949/1944/1944.100.73306.rev.width350.jpg"]},{"from":1325,"to":1328,"title":"Bronze Coin of Andronicus II, Constantinople, 1325 - 1328. 1962.58.3","image_urls":["http://numismatics.org/collectionimages/19501999/1962/1962.58.3.rev.width350.jpg"]},{"from":1325,"to":1328,"title":"Bronze Coin of Andronicus II, Constantinople, 1325 - 1328. 1944.100.18215","image_urls":["http://numismatics.org/collectionimages/19001949/1944/1944.100.18215.rev.width350.jpg"]},{"from":1325,"to":1328,"title":"Silver Basilikon of Andronicus II, Constantinople, 1325 - 1328. 1997.31.243","image_urls":["http://numismatics.org/collectionimages/19501999/1997/1997.31.243.rev.width350.jpg"]},{"from":1325,"to":1328,"title":"Silver Coin of Andronicus II, Constantinople, 1325 - 1328. 1944.100.73307","image_urls":["http://numismatics.org/collectionimages/19001949/1944/1944.100.73307.rev.width350.jpg"]},{"from":1325,"to":1328,"title":"Silver Coin of Andronicus II/Michael IX, Constantinople, 1325 - 1328. 1967.216.2","image_urls":["http://numismatics.org/collectionimages/19501999/1967/1967.216.2.rev.width350.jpg"]},{"from":1325,"to":1328,"title":"Electrum Coin, Constantinople, 1325 - 1328. 1968.131.431","image_urls":["http://numismatics.org/collectionimages/19501999/1968/1968.131.431.rev.width350.jpg"]},{"from":1325,"to":1328,"title":"Silver Coin of Andronicus II, Constantinople, 1325 - 1328. 1947.3.79","image_urls":["http://numismatics.org/collectionimages/19001949/1947/1947.3.79.rev.width350.jpg"]},{"from":1325,"to":1328,"title":"Silver Coin of Andronicus II, Constantinople, 1325 - 1328. 1947.3.78","image_urls":["http://numismatics.org/collectionimages/19001949/1947/1947.3.78.rev.width350.jpg"]},{"from":1325,"to":1328,"title":"Electrum Coin, Constantinople, 1325 - 1328. 1968.131.430","image_urls":["http://numismatics.org/collectionimages/19501999/1968/1968.131.430.rev.width350.jpg"]},{"from":1325,"to":1328,"title":"Silver Coin of Andronicus II, Constantinople, 1325 - 1328. 1947.3.81","image_urls":["http://numismatics.org/collectionimages/19001949/1947/1947.3.81.rev.width350.jpg"]},{"from":1325,"to":1328,"title":"Silver Coin of Andronicus II, Constantinople, 1325 - 1328. 1947.3.80","image_urls":["http://numismatics.org/collectionimages/19001949/1947/1947.3.80.rev.width350.jpg"]},{"from":1325,"to":1328,"title":"Billon Coin of Andronicus II, Constantinople, 1325 - 1328. 1978.55.5","image_urls":["http://numismatics.org/collectionimages/19501999/1978/1978.55.5.rev.width350.jpg"]}]