[{"from":1327,"to":1369,"title":"DENO-FCA1B7: A coin issued by Edward III of England","image_urls":["https://finds.org.uk/images/ratherton/Mansfield%20no%20no%20Tearle%201d.jpg"]},{"from":1327,"to":1377,"title":"BERK-EFE066: A coin issued by Edward III of England","image_urls":["https://finds.org.uk/images/ksutton/Knight%20-%20Med%20coin%202%20-%20complete.jpg"]},{"from":1327,"to":1377,"title":"HAMP-F3D300: A coin issued by Edward III of England","image_urls":["https://finds.org.uk/images/dwill2/Edward%20III%20b.tif"]},{"from":1327,"to":1377,"title":"SUSS-5E3F71: A coin issued by Edward III of England","image_urls":["https://finds.org.uk/images/lwilson/3-472a.jpg"]},{"from":1327,"to":1377,"title":"SUSS-E476A6: A coin issued by Edward III of England","image_urls":["https://finds.org.uk/images/tlocke/1-208j.jpg"]},{"from":1327,"to":1377,"title":"LEIC-F807E4: A coin issued by Edward III of England","image_urls":["https://finds.org.uk/images/wscott/F807E4.JPG"]}]