[{"from":1328,"to":1341,"title":"Silver Coin of Andronicus III, Constantinople, 1328 - 1341. 1947.3.83","image_urls":["http://numismatics.org/collectionimages/19001949/1947/1947.3.83.rev.width350.jpg"]},{"from":1328,"to":1341,"title":"Silver Coin of Andronicus III, Constantinople, 1328 - 1341. 1947.3.82","image_urls":["http://numismatics.org/collectionimages/19001949/1947/1947.3.82.rev.width350.jpg"]},{"from":1328,"to":1341,"title":"Silver Coin of Andronicus III, Constantinople, 1328 - 1341. 1962.73.1","image_urls":["http://numismatics.org/collectionimages/19501999/1962/1962.73.1.rev.width350.jpg"]},{"from":1328,"to":1341,"title":"Silver Coin of Andronicus III, Constantinople, 1328 - 1341. 1977.38.2","image_urls":["http://numismatics.org/collectionimages/19501999/1977/1977.38.2.rev.width350.jpg"]}]