[{"from":133,"to":133,"title":"LIN-CF7A44: A coin issued by Hadrian","image_urls":["https://finds.org.uk/images/adaubney/LIN6003.JPG"]},{"from":133,"to":133,"title":"SWYOR-2A38B1: A coin issued by Hadrian","image_urls":["https://finds.org.uk/images/acooper/PAS_1181_19.jpg"]},{"from":133,"to":133,"title":"SUR-F236B4: A coin issued by Hadrian","image_urls":["https://finds.org.uk/images/dwilliams/B13-632.JPG"]},{"from":133,"to":133,"title":"NLM-214354: A coin issued by Hadrian","image_urls":["https://finds.org.uk/images/mforeman/NLM13561.jpg"]},{"from":133,"to":139,"title":"BH-9FDA42: A coin issued by Hadrian","image_urls":["https://finds.org.uk/images/jwatters/Roman%20coin%200364%20-%207%20all.jpg"]},{"from":133,"to":133,"title":"SUR-14B478: A coin issued by Hadrian","image_urls":["https://finds.org.uk/images/dwilliams/07.146.JPG"]},{"from":133,"to":133,"title":"LEIC-B24D80: A coin issued by Hadrian","image_urls":["https://finds.org.uk/images/wscott/B24D80%20.JPG"]},{"from":133,"to":133,"title":"LIN-CF5938: A coin issued by Hadrian","image_urls":["https://finds.org.uk/images/adaubney/LIN6671.JPG"]},{"from":133,"to":134,"title":"Bronze Drachm of Hadrian, Alexandreia, AD 133 - AD 134. 1944.100.57693","image_urls":["http://numismatics.org/collectionimages/19001949/1944/1944.100.57693.rev.width350.jpg"]},{"from":133,"to":134,"title":"Bronze Drachm of Hadrian, Alexandreia, AD 133 - AD 134. 1935.117.764","image_urls":["http://numismatics.org/collectionimages/19001949/1935/1935.117.764.rev.width350.jpg"]},{"from":133,"to":134,"title":"Bronze Diobol of Hadrian, Alexandreia, AD 133 - AD 134. 1944.100.57630","image_urls":["http://numismatics.org/collectionimages/19001949/1944/1944.100.57630.rev.width350.jpg"]},{"from":133,"to":134,"title":"Bronze Drachm of Hadrian, Alexandreia, AD 133 - AD 134. 1944.100.57692","image_urls":["http://numismatics.org/collectionimages/19001949/1944/1944.100.57692.rev.width350.jpg"]},{"from":133,"to":134,"title":"Bronze Drachm of Hadrian, Alexandreia, AD 133 - AD 134. 1944.100.58418","image_urls":["http://numismatics.org/collectionimages/19001949/1944/1944.100.58418.rev.width350.jpg"]},{"from":133,"to":134,"title":"Bronze Drachm of Hadrian, Alexandreia, AD 133 - AD 134. 1944.100.57687","image_urls":["http://numismatics.org/collectionimages/19001949/1944/1944.100.57687.rev.width350.jpg"]},{"from":133,"to":134,"title":"Bronze Drachm of Hadrian, Alexandreia, AD 133 - AD 134. 1974.26.3391","image_urls":["http://numismatics.org/collectionimages/19501999/1974/1974.26.3391.rev.width350.jpg"]},{"from":133,"to":134,"title":"Bronze Drachm of Hadrian, Alexandreia, AD 133 - AD 134. 1974.26.3407","image_urls":["http://numismatics.org/collectionimages/19501999/1974/1974.26.3407.rev.width350.jpg"]},{"from":133,"to":134,"title":"Bronze Drachm of Hadrian, Alexandreia, AD 133 - AD 134. 1944.100.57688","image_urls":["http://numismatics.org/collectionimages/19001949/1944/1944.100.57688.rev.width350.jpg"]},{"from":133,"to":134,"title":"Bronze Drachm of Hadrian, Alexandreia, AD 133 - AD 134. 1944.100.57715","image_urls":["http://numismatics.org/collectionimages/19001949/1944/1944.100.57715.rev.width350.jpg"]},{"from":133,"to":134,"title":"Bronze Drachm of Hadrian, Alexandreia, AD 133 - AD 134. 1944.100.58419","image_urls":["http://numismatics.org/collectionimages/19001949/1944/1944.100.58419.rev.width350.jpg"]}]