[{"from":135,"to":135,"title":"LIN-881815: A coin issued by Hadrian","image_urls":["https://finds.org.uk/images/adaubney/LIN8405.JPG.JPG"]},{"from":135,"to":137,"title":"BH-0FB3B1: A coin issued by Hadrian","image_urls":["https://finds.org.uk/images/jwatters/Roman%20coin%2004%2018%20-%203%20all.jpg"]},{"from":135,"to":135,"title":"SUR-7E1755: A coin issued by Hadrian","image_urls":["https://finds.org.uk/images/dwilliams/B13-400.JPG"]},{"from":135,"to":136,"title":"Silver Tetradrachm, Seleuceia ad Tigrim, AD 135 - AD 136. 1944.100.83314","image_urls":["http://numismatics.org/collectionimages/19001949/1944/1944.100.83314.rev.width350.jpg"]},{"from":135,"to":136,"title":"Bronze Drachm of Hadrian, Alexandreia, AD 135 - AD 136. 1944.100.58279","image_urls":["http://numismatics.org/collectionimages/19001949/1944/1944.100.58279.rev.width350.jpg"]},{"from":135,"to":136,"title":"Bronze Diobol of Hadrian, Alexandreia, AD 135 - AD 136. 1944.100.58457","image_urls":["http://numismatics.org/collectionimages/19001949/1944/1944.100.58457.rev.width350.jpg"]},{"from":135,"to":136,"title":"Bronze Drachm of Hadrian, Alexandreia, AD 135 - AD 136. 1944.100.58268","image_urls":["http://numismatics.org/collectionimages/19001949/1944/1944.100.58268.rev.width350.jpg"]},{"from":135,"to":136,"title":"Bronze Drachm of Hadrian, Alexandreia, AD 135 - AD 136. 1944.100.58437","image_urls":["http://numismatics.org/collectionimages/19001949/1944/1944.100.58437.rev.width350.jpg"]},{"from":135,"to":136,"title":"Bronze Drachm of Hadrian, Alexandreia, AD 135 - AD 136. 1944.100.58275","image_urls":["http://numismatics.org/collectionimages/19001949/1944/1944.100.58275.rev.width350.jpg"]},{"from":135,"to":136,"title":"Bronze Drachm of Hadrian, Alexandreia, AD 135 - AD 136. 1944.100.58269","image_urls":["http://numismatics.org/collectionimages/19001949/1944/1944.100.58269.rev.width350.jpg"]}]