[{"from":136,"to":136,"title":"IOW-FDF226: A coin issued by Hadrian","image_urls":["https://finds.org.uk/images/fbasford/IOW2005-73-17.JPG"]},{"from":136,"to":138,"title":"IOW-7CE3B0: A coin issued by Aelius Caesar","image_urls":["https://finds.org.uk/images/fbasford/IOW2008-1-309.JPG"]},{"from":136,"to":136,"title":"SWYOR-EA84E6: A coin issued by Hadrian","image_urls":["https://finds.org.uk/images/acooper/PAS_1959_denarius.jpg"]},{"from":136,"to":136,"title":"CORN-D1FA21: A coin issued by Hadrian","image_urls":["https://finds.org.uk/images/atyacke/Praa%20Sands%20coins%20007.jpg"]},{"from":136,"to":161,"title":"SUSS-A69FB6: A coin issued by Antoninus Pius","image_urls":["https://finds.org.uk/images/lwalker/SUSS-A69FB6.JPG"]},{"from":136,"to":136,"title":"SUSS-26CF86: A coin issued by Sabina","image_urls":["https://finds.org.uk/images/grantw/1-161g.jpg"]},{"from":136,"to":138,"title":"FAKL-A13B70: A coin issued by Aelius Caesar","image_urls":["https://finds.org.uk/images/kleahy/304.jpg"]},{"from":136,"to":136,"title":"LEIC-C48676: A coin issued by Hadrian","image_urls":["https://finds.org.uk/images/leicvol/LEIC-C48676.jpg"]},{"from":136,"to":136,"title":"LEIC-C9FDB6: A coin issued by Hadrian","image_urls":["https://finds.org.uk/images/wscott/LEIC-C9FDB6.JPG"]},{"from":136,"to":136,"title":"NARC-C05273: A coin issued by Sabina","image_urls":["https://finds.org.uk/images/jcassidy/NARC-C05273b.jpg"]},{"from":136,"to":136,"title":"LIN-CF44E1: A coin issued by Hadrian","image_urls":["https://finds.org.uk/images/adaubney/LIN8704.JPG"]},{"from":136,"to":136,"title":"DUR-B87707: A coin issued by Sabina","image_urls":["https://finds.org.uk/images/frances/simpson%20denarius%20DUR-B87707.JPG"]},{"from":136,"to":136,"title":"NARC-AC0CA7: A coin issued by Aelius Caesar","image_urls":["https://finds.org.uk/images/tbrindle/NARC-AC0CA7.jpg"]},{"from":136,"to":136,"title":"SUR-144AD6: A coin issued by Sabina","image_urls":["https://finds.org.uk/images/dwilliams/07.142.JPG"]},{"from":136,"to":136,"title":"LVPL-84CEE6: A coin issued by Sabina","image_urls":["https://finds.org.uk/images/voakden/LVPL-84CEE6.jpg"]},{"from":136,"to":137,"title":"Bronze Drachm of Hadrian, Alexandreia, AD 136 - AD 137. 1944.100.58281","image_urls":["http://numismatics.org/collectionimages/19001949/1944/1944.100.58281.rev.width350.jpg"]},{"from":136,"to":137,"title":"Bronze Drachm of Hadrian, Alexandreia, AD 136 - AD 137. 1944.100.58284","image_urls":["http://numismatics.org/collectionimages/19001949/1944/1944.100.58284.rev.width350.jpg"]},{"from":136,"to":137,"title":"Bronze Diobol of Hadrian, Alexandreia, AD 136 - AD 137. 1944.100.58315","image_urls":["http://numismatics.org/collectionimages/19001949/1944/1944.100.58315.rev.width350.jpg"]},{"from":136,"to":138,"title":"RIC II Hadrian 420A. 1995.11.3","image_urls":["http://numismatics.org/collectionimages/19501999/1995/1995.11.3.rev.width350.jpg"]},{"from":136,"to":137,"title":"Bronze Drachm of Hadrian, Alexandreia, AD 136 - AD 137. 1944.100.58295","image_urls":["http://numismatics.org/collectionimages/19001949/1944/1944.100.58295.rev.width350.jpg"]},{"from":136,"to":137,"title":"Bronze Drachm of Hadrian, Alexandreia, AD 136 - AD 137. 1954.181.6","image_urls":["http://numismatics.org/collectionimages/19501999/1954/1954.181.6.rev.width350.jpg"]},{"from":136,"to":137,"title":"Bronze Drachm of Hadrian, Alexandreia, AD 136 - AD 137. 1973.56.728","image_urls":["http://numismatics.org/collectionimages/19501999/1973/1973.56.728.rev.width350.jpg"]},{"from":136,"to":138,"title":"RIC II Hadrian 418A. 1955.191.14","image_urls":["http://numismatics.org/collectionimages/19501999/1955/1955.191.14.rev.width350.jpg"]},{"from":136,"to":137,"title":"Bronze Drachm of Hadrian, Alexandreia, AD 136 - AD 137. 1944.100.58446","image_urls":["http://numismatics.org/collectionimages/19001949/1944/1944.100.58446.rev.width350.jpg"]},{"from":136,"to":137,"title":"Bronze Drachm of Hadrian, Alexandreia, AD 136 - AD 137. 1944.100.58326","image_urls":["http://numismatics.org/collectionimages/19001949/1944/1944.100.58326.rev.width350.jpg"]},{"from":136,"to":137,"title":"Billon Tetradrachm of Hadrian, Alexandreia, AD 136 - AD 137. 1944.100.56898","image_urls":["http://numismatics.org/collectionimages/19001949/1944/1944.100.56898.rev.width350.jpg"]},{"from":136,"to":137,"title":"Bronze Obol of Hadrian, Alexandreia, AD 136 - AD 137. 1944.100.58322","image_urls":["http://numismatics.org/collectionimages/19001949/1944/1944.100.58322.rev.width350.jpg"]},{"from":136,"to":137,"title":"Bronze Drachm of Hadrian, Alexandreia, AD 136 - AD 137. 1944.100.58291","image_urls":["http://numismatics.org/collectionimages/19001949/1944/1944.100.58291.rev.width350.jpg"]},{"from":136,"to":137,"title":"Bronze Drachm of Hadrian, Alexandreia, AD 136 - AD 137. 1944.100.58285","image_urls":["http://numismatics.org/collectionimages/19001949/1944/1944.100.58285.rev.width350.jpg"]},{"from":136,"to":137,"title":"Bronze Drachm of Hadrian, Alexandreia, AD 136 - AD 137. 1973.56.734","image_urls":["http://numismatics.org/collectionimages/19501999/1973/1973.56.734.rev.width350.jpg"]},{"from":136,"to":137,"title":"Bronze Drachm of Hadrian, Alexandreia, AD 136 - AD 137. 1944.100.58297","image_urls":["http://numismatics.org/collectionimages/19001949/1944/1944.100.58297.rev.width350.jpg"]},{"from":136,"to":137,"title":"Bronze Drachm of Hadrian, Alexandreia, AD 136 - AD 137. 1944.100.58463","image_urls":["http://numismatics.org/collectionimages/19001949/1944/1944.100.58463.rev.width350.jpg"]},{"from":136,"to":137,"title":"Bronze Drachm of Hadrian, Alexandreia, AD 136 - AD 137. 1944.100.58439","image_urls":["http://numismatics.org/collectionimages/19001949/1944/1944.100.58439.rev.width350.jpg"]},{"from":136,"to":137,"title":"Bronze Drachm of Hadrian, Alexandreia, AD 136 - AD 137. 1944.100.58466","image_urls":["http://numismatics.org/collectionimages/19001949/1944/1944.100.58466.rev.width350.jpg"]},{"from":136,"to":137,"title":"Bronze Drachm of Hadrian, Alexandreia, AD 136 - AD 137. 1944.100.58449","image_urls":["http://numismatics.org/collectionimages/19001949/1944/1944.100.58449.rev.width350.jpg"]},{"from":136,"to":137,"title":"Silver Tetradrachm, Seleuceia ad Tigrim, AD 136 - AD 137. 1944.100.83315","image_urls":["http://numismatics.org/collectionimages/19001949/1944/1944.100.83315.rev.width350.jpg"]},{"from":136,"to":137,"title":"Bronze Drachm of Hadrian, Alexandreia, AD 136 - AD 137. 1944.100.58282","image_urls":["http://numismatics.org/collectionimages/19001949/1944/1944.100.58282.rev.width350.jpg"]},{"from":136,"to":137,"title":"Bronze Drachm of Hadrian, Alexandreia, AD 136 - AD 137. 1944.100.58474","image_urls":["http://numismatics.org/collectionimages/19001949/1944/1944.100.58474.rev.width350.jpg"]},{"from":136,"to":137,"title":"Bronze Drachm of Hadrian, Alexandreia, AD 136 - AD 137. 1944.100.58324","image_urls":["http://numismatics.org/collectionimages/19001949/1944/1944.100.58324.rev.width350.jpg"]},{"from":136,"to":137,"title":"Bronze Drachm of Hadrian, Alexandreia, AD 136 - AD 137. 1944.100.58441","image_urls":["http://numismatics.org/collectionimages/19001949/1944/1944.100.58441.rev.width350.jpg"]},{"from":136,"to":137,"title":"Bronze Drachm of Hadrian, Alexandreia, AD 136 - AD 137. 1944.100.58280","image_urls":["http://numismatics.org/collectionimages/19001949/1944/1944.100.58280.rev.width350.jpg"]},{"from":136,"to":138,"title":"RIC II Hadrian 422B. 1944.100.45593","image_urls":["http://numismatics.org/collectionimages/19001949/1944/1944.100.45593.rev.width350.jpg"]},{"from":136,"to":137,"title":"Bronze Drachm of Hadrian, Alexandreia, AD 136 - AD 137. 1944.100.58328","image_urls":["http://numismatics.org/collectionimages/19001949/1944/1944.100.58328.rev.width350.jpg"]}]