[{"from":137,"to":161,"title":"ESS-5CA525: A coin issued by Antoninus Pius","image_urls":["https://finds.org.uk/images/srdeacon2/050-C0007ESS-5CA525.jpg"]},{"from":137,"to":137,"title":"SWYOR-434AA5: A coin issued by Aelius Caesar","image_urls":["https://finds.org.uk/images/acooper/PAS_2217_denarius.jpg"]},{"from":137,"to":137,"title":"DUR-8F7953: A coin issued by Hadrian","image_urls":["https://finds.org.uk/images/emorris/DUR-8F7953.jpg"]},{"from":137,"to":137,"title":"WILT-B0E164: A coin issued by Aelius Caesar","image_urls":["https://finds.org.uk/images/khinds/LuciusAelius.jpg"]},{"from":137,"to":161,"title":"NCL-8C6A40: A coin issued by Antoninus Pius","image_urls":["https://finds.org.uk/images/pwalton/641.jpg"]},{"from":137,"to":161,"title":"CORN-C53982: A coin issued by Faustina the Elder","image_urls":["https://finds.org.uk/images/atyacke/DSCN8351.JPG"]},{"from":137,"to":137,"title":"BH-16EC94: A coin issued by Aelius Caesar","image_urls":["https://finds.org.uk/images/jwatters/Roman_coin_12_105_5.jpg"]},{"from":137,"to":161,"title":"NCL-CAAE90: A coin issued by Faustina the Elder","image_urls":["https://finds.org.uk/images/pwalton/1401.jpg"]},{"from":137,"to":137,"title":"BH-AABFB4: A coin issued by Aelius Caesar","image_urls":["https://finds.org.uk/images/jwatters/Roman_coin_11_188_68.jpg"]},{"from":137,"to":137,"title":"DENO-6100E2: A coin issued by Aelius Caesar","image_urls":["https://finds.org.uk/images/cburrill2/E7064_RomanSestertius.jpg"]},{"from":137,"to":137,"title":"IOW-4B45AE: A coin issued by Aelius Caesar","image_urls":["https://finds.org.uk/images/fbasford/IOW201579.JPG"]},{"from":137,"to":137,"title":"LVPL-3F4655: A coin issued by Hadrian","image_urls":["https://finds.org.uk/images/fmcintosh/coin63.jpg"]},{"from":137,"to":137,"title":"BM-516070: A coin issued by Aelius Caesar","image_urls":["https://finds.org.uk/images/jasonlundock/5482.jpg"]},{"from":137,"to":137,"title":"SUR-4EB183: A coin issued by Hadrian","image_urls":["https://finds.org.uk/images/margaretb/08.1205.JPG"]},{"from":137,"to":138,"title":"SWYOR-751E04: A coin issued by Hadrian","image_urls":["https://finds.org.uk/images/acooper/PAS%20886%20cont%20copy%20of%20Hadrian.jpg"]},{"from":137,"to":137,"title":"ESS-1AD453: A coin issued by Aelius Caesar","image_urls":["https://finds.org.uk/images/cmcdonald/Basham%20Aelius%20Ob.jpg"]},{"from":137,"to":160,"title":"NARC-163757: A coin issued by Faustina the Elder","image_urls":["https://finds.org.uk/images/jcassidy/NARC-163757%20b.jpg"]},{"from":137,"to":161,"title":"NCL-657151: A coin issued by Faustina the Elder","image_urls":["https://finds.org.uk/images/pwalton/1526.jpg"]},{"from":137,"to":137,"title":"FAPJW-14AAA0: A coin issued by Aelius Caesar","image_urls":["https://finds.org.uk/images/pwalton/FAPJW14aaao.jpg"]},{"from":137,"to":137,"title":"LEIC-650226: A coin issued by Hadrian","image_urls":["https://finds.org.uk/images/wscott/650226.JPG"]},{"from":137,"to":137,"title":"NARC-334494: A coin issued by Sabina","image_urls":["https://finds.org.uk/images/jcassidy/NARC-334494%20a.jpg"]},{"from":137,"to":180,"title":"BM-609718: A coin issued by Antonine (uncertain)","image_urls":["https://finds.org.uk/images/jasonlundock/5139.jpg"]},{"from":137,"to":137,"title":"IOW-9ECCF5: A coin issued by Aelius Caesar","image_urls":["https://finds.org.uk/images/fbasford/IOW2009-2-189.JPG"]},{"from":137,"to":137,"title":"BH-683426: A coin issued by Aelius Caesar","image_urls":["https://finds.org.uk/images/jwatters/Hruzack%20017.jpg"]},{"from":137,"to":137,"title":"BUC-825697: A coin issued by Aelius Caesar","image_urls":["https://finds.org.uk/images/pmanning/ROMAN1MAULDENDENARIUS2011X1_edited-1.jpg"]},{"from":137,"to":138,"title":"Bronze Drachm of Hadrian, Alexandreia, AD 137 - AD 138. 1944.100.58334","image_urls":["http://numismatics.org/collectionimages/19001949/1944/1944.100.58334.rev.width350.jpg"]}]