[{"from":139,"to":139,"title":"BH-DC7DE3: A coin issued by Antoninus Pius","image_urls":["https://finds.org.uk/images/jwatters/Roman%20coin%2010%20133%20-%202.jpg"]},{"from":139,"to":192,"title":"CORN-E060E6: A coin issued by Marcus Aurelius (as Caesar)","image_urls":["https://finds.org.uk/images/atyacke/Nov12finz84rev.JPG"]},{"from":139,"to":139,"title":"LIN-6778E7: A coin issued by Antoninus Pius","image_urls":["https://finds.org.uk/images/adaubney/LIN-6778E7.JPG"]},{"from":139,"to":180,"title":"WMID983: A coin issued by Marcus Aurelius (as Caesar)","image_urls":["https://finds.org.uk/images/abolton/wmid983.jpg"]},{"from":139,"to":180,"title":"YORYM-F296E0: A coin issued by Marcus Aurelius (as Caesar)","image_urls":["https://finds.org.uk/images/bmorris/SR0001.jpg"]},{"from":139,"to":161,"title":"LVPL-B3F851: A coin issued by Marcus Aurelius (as Caesar)","image_urls":["https://finds.org.uk/images/samrowe/LVPLB3F851.jpg"]},{"from":139,"to":180,"title":"SUR-27EF25: A coin issued by Marcus Aurelius (as Caesar)","image_urls":["https://finds.org.uk/images/margaretb/14-423.JPG"]},{"from":139,"to":180,"title":"YORYM1348: A coin issued by Marcus Aurelius (as Caesar)","image_urls":["https://finds.org.uk/images/cpaynton/yorym1348.jpg"]},{"from":139,"to":161,"title":"LANCUM-999A84: A coin issued by Marcus Aurelius (as Caesar)","image_urls":["https://finds.org.uk/images/fsimpson/MAroman.jpg"]},{"from":139,"to":139,"title":"NARC-2906C5: A coin issued by Antoninus Pius","image_urls":["https://finds.org.uk/images/tbrindle/NARC-2906C5denariusobv.jpg"]},{"from":139,"to":139,"title":"SUR-324B37: A coin issued by Antoninus Pius","image_urls":["https://finds.org.uk/images/dwilliams/06.909.JPG"]},{"from":139,"to":161,"title":"SUR-EE9824: A coin issued by Marcus Aurelius (as Caesar)","image_urls":["https://finds.org.uk/images/margaretb/11-1025.jpg"]},{"from":139,"to":180,"title":"WMID-240D04: A coin issued by Marcus Aurelius (as Caesar)","image_urls":["https://finds.org.uk/images/dslarke/tandl%20bellet%20marcus%20aur%20sestertius%200509.jpg"]},{"from":139,"to":161,"title":"FAPJW-37B572: A coin issued by Marcus Aurelius (as Caesar)","image_urls":["https://finds.org.uk/images/pwalton/37b572.JPG"]},{"from":139,"to":180,"title":"NARC-CA9815: A coin issued by Marcus Aurelius (as Augustus)","image_urls":["https://finds.org.uk/images/jcassidy/NARC-CA9815.jpg"]},{"from":139,"to":161,"title":"DEV-EFBD74: A coin issued by Marcus Aurelius (as Caesar)","image_urls":["https://finds.org.uk/images/dwootton/DEV-EFBD74%20Roman%20coin%20possibly%20Marcus%20Aurelius.jpg"]},{"from":139,"to":180,"title":"CAM-4C28F6: A coin issued by Marcus Aurelius (as Caesar)","image_urls":["https://finds.org.uk/images/pjw/CAM_4C28F6.jpg"]},{"from":139,"to":161,"title":"SUSS-BEFDC7: A coin issued by Antoninus Pius","image_urls":["https://finds.org.uk/images/jjackson/suss-BEFDC7%20AG%20072.jpg"]},{"from":139,"to":161,"title":"FAPJW-B77C47: A coin issued by Marcus Aurelius (as Caesar)","image_urls":["https://finds.org.uk/images/pwalton/4851a.jpg"]},{"from":139,"to":161,"title":"IOW-9F4444: A coin issued by Marcus Aurelius (as Caesar)","image_urls":["https://finds.org.uk/images/fbasford/IOW2013-2-120.JPG"]},{"from":139,"to":180,"title":"NLM-9C1957: A coin issued by Marcus Aurelius (as Caesar)","image_urls":["https://finds.org.uk/images/mforeman/NLM16692A.jpg"]},{"from":139,"to":192,"title":"SUR-976827: A coin issued by Antonine (uncertain)","image_urls":["https://finds.org.uk/images/lucye/11-1893.JPG"]},{"from":139,"to":192,"title":"YORYM-FA42C4: A coin issued by Marcus Aurelius (as Caesar)","image_urls":["https://finds.org.uk/images/devans/DSCF0019.JPG"]},{"from":139,"to":161,"title":"BH-CEA0B4: A coin issued by Marcus Aurelius (as Caesar)","image_urls":["https://finds.org.uk/images/jwatters/Roman_coin_10_165_8.jpg"]},{"from":139,"to":139,"title":"BH-C0D764: A coin issued by Antoninus Pius","image_urls":["https://finds.org.uk/images/jwatters/Roman%20coin%2006%20290%20-%2025.jpg"]},{"from":139,"to":139,"title":"ESS-248CC4: A coin issued by Antoninus Pius","image_urls":["https://finds.org.uk/images/cmcdonald/Lumsden%20August%20denarius%20ob.jpg"]},{"from":139,"to":139,"title":"YORYM-E4A5DD: A coin issued by Antoninus Pius","image_urls":["https://finds.org.uk/images/bmorris/MP0068.jpg"]},{"from":139,"to":141,"title":"WILT-C4A5F4: A coin issued by Faustina the Elder","image_urls":["https://finds.org.uk/images/khinds/Closier0807faustina.jpg"]},{"from":139,"to":141,"title":"BERK-7831C6: A coin issued by Faustina the Elder","image_urls":["https://finds.org.uk/images/maritime/888%20Roman%20Denarius%20P%20Tkt.jpg"]},{"from":139,"to":161,"title":"WILT-969A79: A coin issued by Marcus Aurelius (as Caesar)","image_urls":["https://finds.org.uk/images/rhenry2/WILT969A79.jpg"]},{"from":139,"to":180,"title":"SUR-B641D3: A coin issued by Marcus Aurelius (as Caesar)","image_urls":["https://finds.org.uk/images/dwilliams/B15638.JPG"]},{"from":139,"to":139,"title":"YORYM-CD610C: A coin issued by Antoninus Pius","image_urls":["https://finds.org.uk/images/bmorris/SBY0019.jpg"]},{"from":139,"to":139,"title":"SF-337484: A coin issued by Antoninus Pius","image_urls":["https://finds.org.uk/images/arw66/WSW_SF-337484.jpg"]},{"from":139,"to":180,"title":"NLM-936088: A coin issued by Marcus Aurelius (as Caesar)","image_urls":["https://finds.org.uk/images/mforeman/NLM19064.jpg"]},{"from":139,"to":139,"title":"IOW-BC6FF4: A coin issued by Antoninus Pius","image_urls":["https://finds.org.uk/images/fbasford/IOW2010-2-203.JPG"]},{"from":139,"to":192,"title":"CORN-A446E1: A coin issued by Lucius Verus","image_urls":["https://finds.org.uk/images/atyacke/Feb13finds03.JPG"]},{"from":139,"to":139,"title":"IOW-843852: A coin issued by Antoninus Pius","image_urls":["https://finds.org.uk/images/fbasford/IOW2012-2-333.JPG"]},{"from":139,"to":180,"title":"ESS-56A466: A coin issued by Marcus Aurelius (as Caesar)","image_urls":["https://finds.org.uk/images/lmclean/ESS-56A466.jpg"]},{"from":139,"to":180,"title":"LON-CCF383: A coin issued by Marcus Aurelius (as Caesar)","image_urls":["https://finds.org.uk/images/ksumnall/Freeman%20-%20Roman%20coin%2016.jpg"]},{"from":139,"to":139,"title":"LEIC-C965A3: A coin issued by Antoninus Pius","image_urls":["https://finds.org.uk/images/wscott/c965a3.JPG"]},{"from":139,"to":180,"title":"YORYM-7E8048: A coin issued by Marcus Aurelius (as Caesar)","image_urls":["https://finds.org.uk/images/bmorris/DSY0126.jpg"]},{"from":139,"to":139,"title":"NARC-CDC9E1: A coin issued by Antoninus Pius","image_urls":["https://finds.org.uk/images/tbrindle/NARC-CDC9E1sestertiusobv.jpg"]},{"from":139,"to":139,"title":"SWYOR-752487: A coin issued by Antoninus Pius","image_urls":["https://finds.org.uk/images/acooper/PAS_1426_ccoin.jpg"]},{"from":139,"to":139,"title":"BH-1D6C56: A coin issued by Antoninus Pius","image_urls":["https://finds.org.uk/images/jwatters/Roman_coin_12_104_35.jpg"]},{"from":139,"to":161,"title":"LVPL-870753: A coin issued by Marcus Aurelius (as Augustus)","image_urls":["https://finds.org.uk/images/voakden/LVPL-870753.jpg"]},{"from":139,"to":211,"title":"SOM-F41002: A coin issued by Antonine (uncertain)","image_urls":["https://finds.org.uk/images/elburnett/SOM-F41002.JPG"]},{"from":139,"to":180,"title":"GLO-763772: A coin issued by Marcus Aurelius (as Caesar)","image_urls":["https://finds.org.uk/images/kadams/4608SestertiusofMarcusAurelius.jpg"]},{"from":139,"to":161,"title":"LVPL-BA9D13: A coin issued by Marcus Aurelius (as Caesar)","image_urls":["https://finds.org.uk/images/samrowe/republican%20coin.jpg"]},{"from":139,"to":161,"title":"LON-8553C1: A coin issued by Marcus Aurelius (as Caesar)","image_urls":["https://finds.org.uk/images/paitesb123/Aurelius-Dec13.jpg"]},{"from":139,"to":161,"title":"ESS-D91467: A coin issued by Marcus Aurelius (as Caesar)","image_urls":["https://finds.org.uk/images/lmclean/ESS-D91467.jpg"]},{"from":139,"to":144,"title":"BH-D54BA4: A coin issued by Antoninus Pius","image_urls":["https://finds.org.uk/images/jwatters/Roman_coin_11_85_2.jpg"]},{"from":139,"to":180,"title":"LVPL-C4C8F4: A coin issued by Marcus Aurelius (as Caesar)","image_urls":["https://finds.org.uk/images/voakden/LVPL-C4C8F4b.jpg"]},{"from":139,"to":139,"title":"ESS-6D1916: A coin issued by Antoninus Pius","image_urls":["https://finds.org.uk/images/lmclean/1%20ESS-6D1916%20Antoninus%20Pius.jpg"]},{"from":139,"to":161,"title":"LEIC-0D7C46: A coin issued by Marcus Aurelius (as Caesar)","image_urls":["https://finds.org.uk/images/wscott/09T748%200D7C46.JPG"]},{"from":139,"to":180,"title":"CORN-18A9E4: A coin issued by Marcus Aurelius (as Caesar)","image_urls":["https://finds.org.uk/images/atyacke/Nov08finz%20001.jpg"]},{"from":139,"to":139,"title":"NCL-23D261: A coin issued by Antoninus Pius","image_urls":["https://finds.org.uk/images/pwalton/853.jpg"]},{"from":139,"to":139,"title":"BH-D47861: A coin issued by Antoninus Pius","image_urls":["https://finds.org.uk/images/jwatters/adams%20025.jpg"]},{"from":139,"to":180,"title":"BH-B628EB: A coin with an unrecorded/uncertain issuer.","image_urls":["https://finds.org.uk/images/jwatters/Roman_coin_14_101_1.jpg"]},{"from":139,"to":161,"title":"NCL-0269A6: A coin issued by Marcus Aurelius (as Caesar)","image_urls":["https://finds.org.uk/images/rcollins/NCL-0269A6.JPG"]},{"from":139,"to":161,"title":"NARC-D19793: A coin issued by Marcus Aurelius (as Caesar)","image_urls":["https://finds.org.uk/images/jcassidy/NARC-D19793%20b.jpg"]},{"from":139,"to":141,"title":"CORN-3E4D65: A coin issued by Faustina the Elder","image_urls":["https://finds.org.uk/images/atyacke/Romanfinds%20009.jpg"]},{"from":139,"to":180,"title":"HAMP-57C2D4: A coin issued by Marcus Aurelius (as Caesar)","image_urls":["https://finds.org.uk/images/rwebley/HAMP-57C2D4MarcusAurliusdupondius.jpg"]},{"from":139,"to":161,"title":"CORN-513AA6: A coin issued by Marcus Aurelius (as Caesar)","image_urls":["https://finds.org.uk/images/atyacke/Sennenbrooch%20013.jpg"]},{"from":139,"to":139,"title":"WILT-27F915: A coin issued by Antoninus Pius","image_urls":["https://finds.org.uk/images/khinds/WILT-27F915.jpg"]},{"from":139,"to":192,"title":"BH-49DC56: A coin issued by Uncertain - 1st/2nd Century AD","image_urls":["https://finds.org.uk/images/jwatters/Roman_coin_14_15_7.jpg"]},{"from":139,"to":139,"title":"NCL-F30A48: A coin issued by Antoninus Pius","image_urls":["https://finds.org.uk/images/pwalton/1183Antoninus%20Pius.jpg"]},{"from":139,"to":139,"title":"NCL-CF0A96: A coin issued by Antoninus Pius","image_urls":["https://finds.org.uk/images/pwalton/584.jpg"]},{"from":139,"to":139,"title":"DUR-715243: A coin issued by Antoninus Pius","image_urls":["https://finds.org.uk/images/a8622912/DUR-715243.jpg"]},{"from":139,"to":161,"title":"SWYOR-E5AF86: A coin issued by Marcus Aurelius (as Caesar)","image_urls":["https://finds.org.uk/images/wakefield/PAS_1153_af86.jpg"]},{"from":139,"to":139,"title":"NARC-1927D3: A coin issued by Antoninus Pius","image_urls":["https://finds.org.uk/images/jcassidy/NARC-1927D3%20b.jpg"]},{"from":139,"to":180,"title":"NLM-84C1F6: A coin issued by Marcus Aurelius (as Caesar)","image_urls":["https://finds.org.uk/images/mforeman/NLM21493.jpg"]},{"from":139,"to":180,"title":"NLM-F0CAA2: A coin issued by Marcus Aurelius (as Caesar)","image_urls":["https://finds.org.uk/images/mforeman/NLM17987.JPG"]},{"from":139,"to":139,"title":"BH-92A4F4: A coin issued by Antoninus Pius","image_urls":["https://finds.org.uk/images/jwatters/Roman_coin_14_84_2.jpg"]},{"from":139,"to":180,"title":"WILT-422214: A coin issued by Marcus Aurelius (as Caesar)","image_urls":["https://finds.org.uk/images/jshoemark/WILT-422214.jpg"]},{"from":139,"to":161,"title":"LANCUM-F49E81: A coin issued by Marcus Aurelius (as Caesar)","image_urls":["https://finds.org.uk/images/fsimpson/DSCN0705.JPG"]},{"from":139,"to":139,"title":"BM-940B96: A coin issued by Antoninus Pius","image_urls":["https://finds.org.uk/images/jasonlundock/1032.jpg"]},{"from":139,"to":139,"title":"YORYM-5DEDA0: A coin issued by Antoninus Pius","image_urls":["https://finds.org.uk/images/bmorris/PSY0003.jpg"]},{"from":139,"to":161,"title":"IOW-166FC0: A coin issued by Marcus Aurelius (as Caesar)","image_urls":["https://finds.org.uk/images/fbasford/IOW2009-2-371.JPG"]},{"from":139,"to":139,"title":"LEIC-1F7456: A coin issued by Faustina the Elder","image_urls":["https://finds.org.uk/images/wscott/1f7456.JPG"]},{"from":139,"to":180,"title":"GLO-2987A5: A coin issued by Marcus Aurelius (as Augustus)","image_urls":["https://finds.org.uk/images/kadams/4462SestertiusofMarcusAurelius.JPG"]},{"from":139,"to":192,"title":"SUR-47D2D2: A coin issued by Marcus Aurelius (as Caesar)","image_urls":["https://finds.org.uk/images/dwilliams/B12-100.JPG"]},{"from":139,"to":139,"title":"YORYM-8F68F3: A coin issued by Antoninus Pius","image_urls":["https://finds.org.uk/images/law/BR0316.jpg"]},{"from":139,"to":139,"title":"GLO-E407E5: A coin issued by Antoninus Pius","image_urls":["https://finds.org.uk/images/kadams/11W1.jpg"]},{"from":139,"to":139,"title":"IOW-DBACE5: A coin issued by Constantine I","image_urls":["https://finds.org.uk/images/fbasford/IOW2005-104-4.JPG"]},{"from":139,"to":180,"title":"SUR-9D48B7: A coin issued by Marcus Aurelius (as Caesar)","image_urls":["https://finds.org.uk/images/margaretb/13-948.JPG"]},{"from":139,"to":141,"title":"RIC III Antoninus Pius 335. 1956.127.535","image_urls":["http://numismatics.org/collectionimages/19501999/1956/1956.127.535.rev.width350.jpg"]},{"from":139,"to":141,"title":"RIC III Antoninus Pius 339A. 1956.127.538","image_urls":["http://numismatics.org/collectionimages/19501999/1956/1956.127.538.rev.width350.jpg"]},{"from":139,"to":140,"title":"Bronze Drachm of Antoninus Pius, Alexandreia, AD 139 - AD 140. 1944.100.60969","image_urls":["http://numismatics.org/collectionimages/19001949/1944/1944.100.60969.rev.width350.jpg"]},{"from":139,"to":141,"title":"RIC III Antoninus Pius 338 (denarius). 1911.23.249","image_urls":["http://numismatics.org/collectionimages/19001949/1911/1911.23.249.rev.width350.jpg"]},{"from":139,"to":141,"title":"RIC III Antoninus Pius 339A. 1951.117.15","image_urls":["http://numismatics.org/collectionimages/19501999/1951/1951.117.15.rev.width350.jpg"]},{"from":139,"to":141,"title":"RIC III Antoninus Pius 339A. 1948.19.1281","image_urls":["http://numismatics.org/collectionimages/19001949/1948/1948.19.1281.rev.width350.jpg"]},{"from":139,"to":141,"title":"RIC III Antoninus Pius 338 (denarius). 1956.127.537","image_urls":["http://numismatics.org/collectionimages/19501999/1956/1956.127.537.rev.width350.jpg"]},{"from":139,"to":140,"title":"Bronze Hemidrachm of Antoninus Pius, Alexandreia, AD 139 - AD 140. 1944.100.60974","image_urls":["http://numismatics.org/collectionimages/19001949/1944/1944.100.60974.rev.width350.jpg"]},{"from":139,"to":140,"title":"Bronze Drachm of Antoninus Pius, Alexandreia, AD 139 - AD 140. 1944.100.60971","image_urls":["http://numismatics.org/collectionimages/19001949/1944/1944.100.60971.rev.width350.jpg"]},{"from":139,"to":141,"title":"RIC III Antoninus Pius 338 (denarius). 1995.11.72","image_urls":["http://numismatics.org/collectionimages/19501999/1995/1995.11.72.rev.width350.jpg"]},{"from":139,"to":141,"title":"RIC III Antoninus Pius 339B. 1944.100.48327","image_urls":["http://numismatics.org/collectionimages/19001949/1944/1944.100.48327.rev.width350.jpg"]},{"from":139,"to":141,"title":"RIC III Antoninus Pius 342A. 1956.127.539","image_urls":["http://numismatics.org/collectionimages/19501999/1956/1956.127.539.rev.width350.jpg"]},{"from":139,"to":140,"title":"Bronze Drachm of Antoninus Pius, Alexandreia, AD 139 - AD 140. 1935.117.783","image_urls":["http://numismatics.org/collectionimages/19001949/1935/1935.117.783.rev.width350.jpg"]},{"from":139,"to":141,"title":"RIC III Antoninus Pius 339A. 1944.100.48325","image_urls":["http://numismatics.org/collectionimages/19001949/1944/1944.100.48325.rev.width350.jpg"]},{"from":139,"to":140,"title":"Bronze Drachm of Antoninus Pius, Alexandreia, AD 139 - AD 140. 1944.100.60134","image_urls":["http://numismatics.org/collectionimages/19001949/1944/1944.100.60134.rev.width350.jpg"]},{"from":139,"to":141,"title":"RIC III Antoninus Pius 338 (denarius). 1944.100.48324","image_urls":["http://numismatics.org/collectionimages/19001949/1944/1944.100.48324.rev.width350.jpg"]},{"from":139,"to":141,"title":"RIC III Antoninus Pius 335. 1995.11.84","image_urls":["http://numismatics.org/collectionimages/19501999/1995/1995.11.84.rev.width350.jpg"]},{"from":139,"to":141,"title":"RIC III Antoninus Pius 340. 1944.100.48328","image_urls":["http://numismatics.org/collectionimages/19001949/1944/1944.100.48328.rev.width350.jpg"]},{"from":139,"to":141,"title":"RIC III Antoninus Pius 342. 1980.109.165","image_urls":["http://numismatics.org/collectionimages/19501999/1980/1980.109.165.rev.width350.jpg"]},{"from":139,"to":141,"title":"RIC III Antoninus Pius 335. 1985.140.125","image_urls":["http://numismatics.org/collectionimages/19501999/1985/1985.140.125.rev.width350.jpg"]},{"from":139,"to":141,"title":"RIC III Antoninus Pius 339A. 1948.19.1280","image_urls":["http://numismatics.org/collectionimages/19001949/1948/1948.19.1280.rev.width350.jpg"]},{"from":139,"to":140,"title":"Silver Tetradrachm, Seleuceia ad Tigrim, AD 139 - AD 140. 1944.100.83316","image_urls":["http://numismatics.org/collectionimages/19001949/1944/1944.100.83316.rev.width350.jpg"]},{"from":139,"to":140,"title":"Bronze Coin, Tyre, AD 139 - AD 140. 1944.100.73057","image_urls":["http://numismatics.org/collectionimages/19001949/1944/1944.100.73057.rev.width350.jpg"]},{"from":139,"to":141,"title":"RIC III Antoninus Pius 338 (denarius). 1956.127.536","image_urls":["http://numismatics.org/collectionimages/19501999/1956/1956.127.536.rev.width350.jpg"]},{"from":139,"to":141,"title":"RIC III Antoninus Pius 339A. 1944.100.48326","image_urls":["http://numismatics.org/collectionimages/19001949/1944/1944.100.48326.rev.width350.jpg"]},{"from":139,"to":141,"title":"RIC III Antoninus Pius 335. 1957.172.1727","image_urls":["http://numismatics.org/collectionimages/19501999/1957/1957.172.1727.rev.width350.jpg"]}]