[{"from":1391,"to":1423,"title":"Silver Coin of Manuel II, Constantinople, 1391 - 1423. 1947.3.86","image_urls":["http://numismatics.org/collectionimages/19001949/1947/1947.3.86.rev.width350.jpg"]},{"from":1391,"to":1423,"title":"Silver Coin of Manuel II, Constantinople, 1391 - 1423. 1944.100.18221","image_urls":["http://numismatics.org/collectionimages/19001949/1944/1944.100.18221.rev.width350.jpg"]},{"from":1391,"to":1423,"title":"Silver Coin of Manuel II, Constantinople, 1391 - 1423. 1944.100.18218","image_urls":["http://numismatics.org/collectionimages/19001949/1944/1944.100.18218.rev.width350.jpg"]},{"from":1391,"to":1423,"title":"Silver Coin of Manuel II, Constantinople, 1391 - 1423. 1982.80.2","image_urls":["http://numismatics.org/collectionimages/19501999/1982/1982.80.2.rev.width350.jpg"]},{"from":1391,"to":1423,"title":"Silver Coin of Manuel II, Constantinople, 1391 - 1423. 1947.3.88","image_urls":["http://numismatics.org/collectionimages/19001949/1947/1947.3.88.rev.width350.jpg"]},{"from":1391,"to":1423,"title":"Billon Coin of Manuel II, Constantinople, 1391 - 1423. 1982.125.65","image_urls":["http://numismatics.org/collectionimages/19501999/1982/1982.125.65.rev.width350.jpg"]},{"from":1391,"to":1423,"title":"Silver Coin of Manuel II, Constantinople, 1391 - 1423. 1944.100.18220","image_urls":["http://numismatics.org/collectionimages/19001949/1944/1944.100.18220.rev.width350.jpg"]},{"from":1391,"to":1423,"title":"Silver Coin of Manuel II, Constantinople, 1391 - 1423. 1982.80.3","image_urls":["http://numismatics.org/collectionimages/19501999/1982/1982.80.3.rev.width350.jpg"]},{"from":1391,"to":1423,"title":"Billon Coin of Manuel II, Constantinople, 1391 - 1423. 1956.174.8","image_urls":["http://numismatics.org/collectionimages/19501999/1956/1956.174.8.rev.width350.jpg"]},{"from":1391,"to":1423,"title":"Silver Coin of Manuel II, Constantinople, 1391 - 1423. 1947.3.84","image_urls":["http://numismatics.org/collectionimages/19001949/1947/1947.3.84.rev.width350.jpg"]},{"from":1391,"to":1423,"title":"Silver Coin of Manuel II, Constantinople, 1391 - 1423. 1947.3.87","image_urls":["http://numismatics.org/collectionimages/19001949/1947/1947.3.87.rev.width350.jpg"]},{"from":1391,"to":1423,"title":"Silver Coin of Manuel II, Constantinople, 1391 - 1423. 1947.3.85","image_urls":["http://numismatics.org/collectionimages/19001949/1947/1947.3.85.rev.width350.jpg"]}]