[{"from":14,"to":37,"title":"SUR-DBAF25: A coin issued by Tiberius","image_urls":["https://finds.org.uk/images/margaretb/08.1470.JPG"]},{"from":14,"to":37,"title":"CAM-A3F235: A coin issued by Tiberius","image_urls":["https://finds.org.uk/images/hfowler/CAM-A3F235.jpg"]},{"from":14,"to":37,"title":"WAW-7ABBB3: A coin issued by Tiberius","image_urls":["https://finds.org.uk/images/abolton/WAW-7ABBB3.jpg"]},{"from":14,"to":37,"title":"SWYOR-ED5DCE: A coin issued by Tiberius","image_urls":["https://finds.org.uk/images/wakefield/PAS_2621_denarius.jpg"]},{"from":14,"to":37,"title":"LEIC-BD1ED7: A coin issued by Tiberius","image_urls":["https://finds.org.uk/images/rebecca/LEIC-BD1ED7.JPG"]},{"from":14,"to":37,"title":"BH-687015: A coin issued by Tiberius","image_urls":["https://finds.org.uk/images/jwatters/Roman_coin_11_135_3.jpg"]},{"from":14,"to":37,"title":"CAM-A38793: A coin issued by Tiberius","image_urls":["https://finds.org.uk/images/hfowler/CAM-A38793.jpg"]},{"from":14,"to":37,"title":"FASAM-BC8684: A coin issued by Tiberius","image_urls":["https://finds.org.uk/images/sam/fasambc8684.jpg"]},{"from":14,"to":37,"title":"WMAS-23D0F3: A coin issued by Tiberius","image_urls":["https://finds.org.uk/images/shousley/WMAS-68B644.jpg"]},{"from":14,"to":37,"title":"SF-FA975F: A coin issued by Tiberius","image_urls":["https://finds.org.uk/images/annab/SFFA975F.jpg"]},{"from":14,"to":37,"title":"HAMP-4A1FB2: A coin issued by Tiberius","image_urls":["https://finds.org.uk/images/khindshamp/HAMP-4A1FB2.jpg"]},{"from":14,"to":37,"title":"HESH-824A97: A coin issued by Tiberius","image_urls":["https://finds.org.uk/images/preavill/HESH-824A97.jpg"]},{"from":14,"to":37,"title":"DOR-D8B8B2: A coin issued by Tiberius","image_urls":["https://finds.org.uk/images/caht/D8B8B2.jpg"]},{"from":14,"to":37,"title":"SF-9F8200: A coin issued by Tiberius","image_urls":["https://finds.org.uk/images/abrown/BAD%20SF-9F8200.jpg"]},{"from":14,"to":37,"title":"HAMP-0D6384: A coin issued by Tiberius","image_urls":["https://finds.org.uk/images/rwebley/HAMP-0D6384Tiberiusdenarius.jpg"]},{"from":14,"to":37,"title":"SUR-F7D2A5: A coin issued by Tiberius","image_urls":["https://finds.org.uk/images/dwilliams/11-394.jpg"]},{"from":14,"to":37,"title":"SUR-99D5A6: A coin issued by Tiberius","image_urls":["https://finds.org.uk/images/dwilliams/07.531.JPG"]},{"from":14,"to":37,"title":"SOM-2C162A: A coin issued by Tiberius","image_urls":["https://finds.org.uk/images/taltun/SOM-2C162A.jpg"]},{"from":14,"to":37,"title":"BERK-54DD14: A coin issued by Tiberius","image_urls":["https://finds.org.uk/images/abyard/2012265.jpg"]},{"from":14,"to":37,"title":"HAMP-1045D1: A coin issued by Tiberius","image_urls":["https://finds.org.uk/images/rhenry/HAMP-1045D1.jpg"]},{"from":14,"to":37,"title":"SUSS-438C15: A coin issued by Tiberius","image_urls":["https://finds.org.uk/images/lburnett/SUSS-1800D6.JPG"]},{"from":14,"to":37,"title":"LEIC-549F07: A coin issued by Tiberius","image_urls":["https://finds.org.uk/images/wscott/549F07%20.JPG"]},{"from":14,"to":37,"title":"WMID-BEE7A5: A coin issued by Tiberius","image_urls":["https://finds.org.uk/images/tbrindle/WMID-BEE7A5.jpg"]},{"from":14,"to":37,"title":"IOW-540D78: A coin issued by Tiberius","image_urls":["https://finds.org.uk/images/fbasford/IOW2008-2-3.JPG"]},{"from":14,"to":37,"title":"WMID-0D5DE3: A coin issued by Tiberius","image_urls":["https://finds.org.uk/images/tgilmore/WMID-0D5DE3.jpg"]},{"from":14,"to":37,"title":"ESS-4A9EC6: A coin issued by Tiberius","image_urls":["https://finds.org.uk/images/cmcdonald/Bradbrook%20Tiberius.jpg"]},{"from":14,"to":37,"title":"YORYM-F4D6F6: A coin issued by Tiberius","image_urls":["https://finds.org.uk/images/bmorris/PRY0085.jpg"]},{"from":14,"to":37,"title":"IOW-DA2FB0: A coin issued by Tiberius","image_urls":["https://finds.org.uk/images/fbasford/IOW2014-2-314.JPG"]},{"from":14,"to":37,"title":"HESH-E0CED3: A coin issued by Tiberius","image_urls":["https://finds.org.uk/images/preavill/HESH-E0CED3.jpg"]},{"from":14,"to":37,"title":"WILT-5C3CD5: A coin issued by Tiberius","image_urls":["https://finds.org.uk/images/rhenry2/WILT-5C3CD5.jpg"]},{"from":14,"to":37,"title":"SOM-2ABAE8: A coin issued by Tiberius","image_urls":["https://finds.org.uk/images/elburnett/SOM2ABAE8.jpg"]},{"from":14,"to":37,"title":"SF-D06C88: A coin issued by Tiberius","image_urls":["https://finds.org.uk/images/abrown/Norfolk_SF-D06C88.jpg"]},{"from":14,"to":37,"title":"ESS-734117: A coin issued by Tiberius","image_urls":["https://finds.org.uk/images/srdeacon2/ESS-734117.jpg"]},{"from":14,"to":37,"title":"SF-9E7B96: A coin issued by Tiberius","image_urls":["https://finds.org.uk/images/jplouviez/goldromancoin.JPG"]},{"from":14,"to":37,"title":"NMS-B68621: A coin issued by Tiberius","image_urls":["https://finds.org.uk/images/amarsden/NMD012014tiberiusden.jpg"]},{"from":14,"to":37,"title":"YORYM-82FBFA: A coin issued by Tiberius","image_urls":["https://finds.org.uk/images/bmorris/CH0150.jpg"]},{"from":14,"to":37,"title":"SUSS-F628C0: A coin issued by Tiberius","image_urls":["https://finds.org.uk/images/lwalker/SUSS-F628C0DenariusTiberius.jpg"]},{"from":14,"to":37,"title":"HAMP-502452: A coin issued by Tiberius","image_urls":["https://finds.org.uk/images/ppage/HAMP-502452.jpg"]},{"from":14,"to":37,"title":"SUSS-41F3BA: A coin issued by Tiberius","image_urls":["https://finds.org.uk/images/lwalker/SUSS-41F3BA.jpg"]},{"from":14,"to":37,"title":"BH-CC3384: A coin issued by Tiberius","image_urls":["https://finds.org.uk/images/jwatters/Roman%20coin%2006%2025%20-%20b.jpg"]},{"from":14,"to":37,"title":"LIN-FAEB66: A coin issued by Tiberius","image_urls":["https://finds.org.uk/images/adaubney/LIN780.JPG"]},{"from":14,"to":37,"title":"SUR-F42400: A coin issued by Tiberius","image_urls":["https://finds.org.uk/images/dwilliams/DSCN7827.JPG"]},{"from":14,"to":37,"title":"BH-F40821: A coin issued by Tiberius","image_urls":["https://finds.org.uk/images/jwatters/Roman_coin_13_23_1.jpg"]},{"from":14,"to":37,"title":"SUSS-69F1E2: A coin with an unrecorded/uncertain issuer.","image_urls":["https://finds.org.uk/images/lburnett/SUSS-69F1E2.JPG"]},{"from":14,"to":16,"title":"WMID-BA4B62: A coin issued by Tiberius","image_urls":["https://finds.org.uk/images/dslarke/WAG%20DEN%202%200908%20copy.jpg"]},{"from":14,"to":37,"title":"ESS-0E18A2: A coin issued by Tiberius","image_urls":["https://finds.org.uk/images/lmclean/ESS-0E18A2%20coin.jpg"]},{"from":14,"to":37,"title":"HAMP3397: A coin issued by Tiberius","image_urls":["https://finds.org.uk/images/sworrell/hamp%203397.JPG"]},{"from":14,"to":37,"title":"IOW-810257: A coin issued by Tiberius","image_urls":["https://finds.org.uk/images/fbasford/IOW2011-2-51.JPG"]},{"from":14,"to":37,"title":"IOW-EDA841: A coin issued by Tiberius","image_urls":["https://finds.org.uk/images/fbasford/IOW2005-196-10.JPG"]},{"from":14,"to":37,"title":"NMS-E22332: A coin issued by Tiberius","image_urls":["https://finds.org.uk/images/amarsden/ENMD102014tiberiusden.jpg"]},{"from":14,"to":37,"title":"ESS-F8A767: A coin issued by Tiberius","image_urls":["https://finds.org.uk/images/cmcdonald/MacDonald%20Tiberius%20gold%20ob.jpg"]},{"from":14,"to":37,"title":"NARC-29AF65: A coin issued by Tiberius","image_urls":["https://finds.org.uk/images/jcassidy/NARC-29AF65b.jpg"]},{"from":14,"to":37,"title":"HAMP-21BDA2: A coin issued by Tiberius","image_urls":["https://finds.org.uk/images/rwebley/HAMP-21BDA2Tiberiusdenariuscopy.jpg"]},{"from":14,"to":37,"title":"DENO-750624: A coin issued by Tiberius","image_urls":["https://finds.org.uk/images/cburrill2/DENO_ENQ201_Denarius_Domitian.jpg"]},{"from":14,"to":37,"title":"HESH-E32E67: A coin issued by Tiberius","image_urls":["https://finds.org.uk/images/preavill/HESH-E32E67.jpg"]},{"from":14,"to":37,"title":"HESH-E0AE33: A coin issued by Tiberius","image_urls":["https://finds.org.uk/images/preavill/HESH-E0AE33.jpg"]},{"from":14,"to":37,"title":"WILT-C5A2E5: A coin issued by Tiberius","image_urls":["https://finds.org.uk/images/janehanbidge/WILT-C5A2E5.jpg"]},{"from":14,"to":37,"title":"BH-E3E7F6: A coin issued by Tiberius","image_urls":["https://finds.org.uk/images/jwatters/Roman%20coin%2006%20135%20-%2017.jpg"]},{"from":14,"to":37,"title":"SF-DAB524: A coin issued by Tiberius","image_urls":["https://finds.org.uk/images/abrown/BKY_SF-DAB524.jpg"]},{"from":14,"to":37,"title":"NMGW-8B0739: A coin issued by Tiberius","image_urls":["https://finds.org.uk/images/wenkedomscheit/2014691jpg.jpg"]},{"from":14,"to":37,"title":"IOW-6D2F32: A coin issued by Tiberius","image_urls":["https://finds.org.uk/images/fbasford/IOW2009-1-277.JPG"]},{"from":14,"to":37,"title":"NMS-9C7707: A coin issued by Tiberius","image_urls":["https://finds.org.uk/images/amarsden/DDMD022012tiberiusdenarius.jpg"]},{"from":14,"to":37,"title":"IOW-203EB7: A coin issued by Tiberius","image_urls":["https://finds.org.uk/images/fbasford/IOW2013-1-133.JPG"]},{"from":14,"to":37,"title":"IOW-4A7926: A coin issued by Tiberius","image_urls":["https://finds.org.uk/images/fbasford/IOW2007-1-499.JPG"]},{"from":14,"to":37,"title":"WAW-001DD0: A coin issued by Tiberius","image_urls":["https://finds.org.uk/images/abolton/WAW-001DD0.jpg"]},{"from":14,"to":37,"title":"NMS-BA3386: A coin issued by Tiberius","image_urls":["https://finds.org.uk/images/amarsden/thornham%20tiberius%20aureus.jpg"]},{"from":14,"to":37,"title":"HAMP1170: A coin issued by Tiberius","image_urls":["https://finds.org.uk/images/sworrell/hamp%201170b.jpg"]},{"from":14,"to":37,"title":"SF-FA8A32: A coin issued by Tiberius","image_urls":["https://finds.org.uk/images/annab/SFFA8A32.jpg"]},{"from":14,"to":37,"title":"PUBLIC-0A4E75: A coin issued by Tiberius","image_urls":["https://finds.org.uk/images/simj3/2009.168.1.jpg"]},{"from":14,"to":37,"title":"ESS-A16284: A coin issued by Tiberius","image_urls":["https://finds.org.uk/images/cmcdonald/meitiner%20denarius.jpg"]},{"from":14,"to":37,"title":"Bronze Coin of Tiberius, Corinth, AD 14 - AD 37. 1944.100.37188","image_urls":["http://numismatics.org/collectionimages/19001949/1944/1944.100.37188.rev.width350.jpg"]},{"from":14,"to":37,"title":"RIC I (second edition) Tiberius 30. 1954.203.151","image_urls":["http://numismatics.org/collectionimages/19501999/1954/1954.203.151.rev.width350.jpg"]},{"from":14,"to":37,"title":"Bronze Coin of Tiberius, Antioch, AD 14 - AD 37. 1953.171.1482","image_urls":["http://numismatics.org/collectionimages/19501999/1953/1953.171.1482.rev.width350.jpg"]},{"from":14,"to":37,"title":"RIC I (second edition) Tiberius 29. 1957.191.6","image_urls":["http://numismatics.org/collectionimages/19501999/1957/1957.191.6.rev.width350.jpg"]},{"from":14,"to":37,"title":"Bronze Coin of Tiberius, Cnossus, AD 14 - AD 37. 1944.100.40407","image_urls":["http://numismatics.org/collectionimages/19001949/1944/1944.100.40407.rev.width350.jpg"]},{"from":14,"to":37,"title":"RIC I (second edition) Tiberius 29. 1957.172.1514","image_urls":["http://numismatics.org/collectionimages/19501999/1957/1957.172.1514.rev.width350.jpg"]},{"from":14,"to":37,"title":"Bronze Coin of Tiberius, Eumeneia, AD 14 - AD 37. 1944.100.50408","image_urls":["http://numismatics.org/collectionimages/19001949/1944/1944.100.50408.rev.width350.jpg"]},{"from":14,"to":37,"title":"Bronze Coin of Tiberius, Buthrotum, AD 14 - AD 37. 1944.100.18749","image_urls":["http://numismatics.org/collectionimages/19001949/1944/1944.100.18749.rev.width350.jpg"]},{"from":14,"to":21,"title":"Bronze as of Tiberius, Utica, AD 14 - AD 21. 2008.24.12","image_urls":["http://numismatics.org/collectionimages/20002049/2008/2008.24.12.rev.width350.jpg"]},{"from":14,"to":37,"title":"Silver Tetradrachm of Tiberius, Antioch, AD 14 - AD 37. 1989.32.1","image_urls":["http://numismatics.org/collectionimages/19501999/1989/1989.32.1.rev.width350.jpg"]},{"from":14,"to":37,"title":"Bronze Coin of Tiberius, Patrae, AD 14 - AD 37. 1944.100.39449","image_urls":["http://numismatics.org/collectionimages/19001949/1944/1944.100.39449.rev.width350.jpg"]},{"from":14,"to":37,"title":"Bronze Coin of Tiberius, Corinth, AD 14 - AD 37. 1944.100.37242","image_urls":["http://numismatics.org/collectionimages/19001949/1944/1944.100.37242.rev.width350.jpg"]},{"from":14,"to":37,"title":"Bronze Coin of Tiberius, Corinth, AD 14 - AD 37. 1944.100.37185","image_urls":["http://numismatics.org/collectionimages/19001949/1944/1944.100.37185.rev.width350.jpg"]},{"from":14,"to":37,"title":"RIC I (second edition) Tiberius 24. 1952.42.2","image_urls":["http://numismatics.org/collectionimages/19501999/1952/1952.42.2.rev.width350.jpg"]},{"from":14,"to":15,"title":"Bronze As of Tiberius, Rome, AD 14 - AD 15. 2004.14.77","image_urls":["http://numismatics.org/collectionimages/20002049/2004/2004.14.77.rev.width350.jpg"]},{"from":14,"to":37,"title":"Bronze Coin of Tiberius, Corinth, AD 14 - AD 37. 0000.999.15862","image_urls":["http://numismatics.org/collectionimages/00001899/0000/0000.999.15862.rev.width350.jpg"]},{"from":14,"to":37,"title":"Bronze Coin of Tiberius, Corinth, AD 14 - AD 37. 1944.100.37253","image_urls":["http://numismatics.org/collectionimages/19001949/1944/1944.100.37253.rev.width350.jpg"]},{"from":14,"to":37,"title":"Bronze Coin of Tiberius, Antioch, AD 14 - AD 37. 1944.100.65551","image_urls":["http://numismatics.org/collectionimages/19001949/1944/1944.100.65551.rev.width350.jpg"]},{"from":14,"to":37,"title":"Bronze Coin of Tiberius, Larissa, AD 14 - AD 37. 1944.100.17736","image_urls":["http://numismatics.org/collectionimages/19001949/1944/1944.100.17736.rev.width350.jpg"]},{"from":14,"to":37,"title":"Bronze Coin of Tiberius, Seleuceia Pieria, AD 14 - AD 37. 1944.100.66590","image_urls":["http://numismatics.org/collectionimages/19001949/1944/1944.100.66590.rev.width350.jpg"]},{"from":14,"to":37,"title":"Bronze Coin of Tiberius, Corinth, AD 14 - AD 37. 1944.100.37251","image_urls":["http://numismatics.org/collectionimages/19001949/1944/1944.100.37251.rev.width350.jpg"]},{"from":14,"to":37,"title":"Bronze Coin of Tiberius, Corinth, AD 14 - AD 37. 1944.100.37245","image_urls":["http://numismatics.org/collectionimages/19001949/1944/1944.100.37245.rev.width350.jpg"]},{"from":14,"to":37,"title":"RIC I (second edition) Tiberius 30. 1941.131.689","image_urls":["http://numismatics.org/collectionimages/19001949/1941/1941.131.689.rev.width350.jpg"]},{"from":14,"to":37,"title":"Bronze Coin of Tiberius, Corinth, AD 14 - AD 37. 1944.100.37248","image_urls":["http://numismatics.org/collectionimages/19001949/1944/1944.100.37248.rev.width350.jpg"]},{"from":14,"to":37,"title":"Bronze Coin of Tiberius, Corinth, AD 14 - AD 37. 1947.97.306","image_urls":["http://numismatics.org/collectionimages/19001949/1947/1947.97.306.rev.width350.jpg"]},{"from":14,"to":37,"title":"Bronze Coin of Tiberius, Cnossus, AD 14 - AD 37. 1944.100.40409","image_urls":["http://numismatics.org/collectionimages/19001949/1944/1944.100.40409.rev.width350.jpg"]},{"from":14,"to":37,"title":"Bronze Coin of Tiberius, Larissa, AD 14 - AD 37. 1944.100.17734","image_urls":["http://numismatics.org/collectionimages/19001949/1944/1944.100.17734.rev.width350.jpg"]},{"from":14,"to":37,"title":"Bronze Coin of Tiberius, Cnossus, AD 14 - AD 37. 1944.100.40408","image_urls":["http://numismatics.org/collectionimages/19001949/1944/1944.100.40408.rev.width350.jpg"]},{"from":14,"to":37,"title":"Bronze Coin of Tiberius, Cnossus, AD 14 - AD 37. 1998.18.27","image_urls":["http://numismatics.org/collectionimages/19501999/1998/1998.18.27.rev.width350.jpg"]},{"from":14,"to":37,"title":"RIC I (second edition) Tiberius 30. 1941.131.691","image_urls":["http://numismatics.org/collectionimages/19001949/1941/1941.131.691.rev.width350.jpg"]},{"from":14,"to":20,"title":"Bronze Dichalque of Tiberius, Berytus, AD 14 - AD 20. 1992.54.787","image_urls":["http://numismatics.org/collectionimages/19501999/1992/1992.54.787.rev.width350.jpg"]},{"from":14,"to":37,"title":"Bronze Coin of Tiberius, Cnossus, AD 14 - AD 37. 1944.100.40406","image_urls":["http://numismatics.org/collectionimages/19001949/1944/1944.100.40406.rev.width350.jpg"]},{"from":14,"to":37,"title":"Bronze Coin of Tiberius, Corinth, AD 14 - AD 37. 1944.100.37186","image_urls":["http://numismatics.org/collectionimages/19001949/1944/1944.100.37186.rev.width350.jpg"]},{"from":14,"to":37,"title":"RIC I (second edition) Tiberius 28. 1941.131.688","image_urls":["http://numismatics.org/collectionimages/19001949/1941/1941.131.688.rev.width350.jpg"]},{"from":14,"to":37,"title":"RIC I (second edition) Tiberius 30. 1944.100.39250","image_urls":["http://numismatics.org/collectionimages/19001949/1944/1944.100.39250.rev.width350.jpg"]},{"from":14,"to":37,"title":"RIC I (second edition) Tiberius 29. 1944.100.39244","image_urls":["http://numismatics.org/collectionimages/19001949/1944/1944.100.39244.rev.width350.jpg"]},{"from":14,"to":37,"title":"Bronze Coin of Tiberius, Patrae, AD 14 - AD 37. 1944.100.39448","image_urls":["http://numismatics.org/collectionimages/19001949/1944/1944.100.39448.rev.width350.jpg"]},{"from":14,"to":37,"title":"Bronze Coin of Tiberius, Antioch, AD 14 - AD 37. 1953.171.1483","image_urls":["http://numismatics.org/collectionimages/19501999/1953/1953.171.1483.rev.width350.jpg"]},{"from":14,"to":37,"title":"Bronze Coin of Tiberius, Corinth, AD 14 - AD 37. 1944.100.37241","image_urls":["http://numismatics.org/collectionimages/19001949/1944/1944.100.37241.rev.width350.jpg"]},{"from":14,"to":37,"title":"Bronze Coin of Tiberius, Corinth, AD 14 - AD 37. 1944.100.37250","image_urls":["http://numismatics.org/collectionimages/19001949/1944/1944.100.37250.rev.width350.jpg"]},{"from":14,"to":37,"title":"Bronze Coin of Tiberius, Corinth, AD 14 - AD 37. 1944.100.37244","image_urls":["http://numismatics.org/collectionimages/19001949/1944/1944.100.37244.rev.width350.jpg"]},{"from":14,"to":37,"title":"Bronze Dupondius of Tiberius, Rome, AD 14 - AD 37. 1944.100.39238","image_urls":["http://numismatics.org/collectionimages/19001949/1944/1944.100.39238.rev.width350.jpg"]},{"from":14,"to":37,"title":"RIC I (second edition) Tiberius 28. 1987.26.132","image_urls":["http://numismatics.org/collectionimages/19501999/1987/1987.26.132.rev.width350.jpg"]},{"from":14,"to":37,"title":"RIC I (second edition) Tiberius 26. 1948.19.1042","image_urls":["http://numismatics.org/collectionimages/19001949/1948/1948.19.1042.rev.width350.jpg"]},{"from":14,"to":37,"title":"Bronze Coin of Tiberius, Corinth, AD 14 - AD 37. 1944.100.37254","image_urls":["http://numismatics.org/collectionimages/19001949/1944/1944.100.37254.rev.width350.jpg"]},{"from":14,"to":37,"title":"Bronze Coin of Tiberius, Antioch, AD 14 - AD 37. 1944.100.65553","image_urls":["http://numismatics.org/collectionimages/19001949/1944/1944.100.65553.rev.width350.jpg"]},{"from":14,"to":37,"title":"RIC I (second edition) Tiberius 26. 1935.117.356","image_urls":["http://numismatics.org/collectionimages/19001949/1935/1935.117.356.rev.width350.jpg"]},{"from":14,"to":37,"title":"Bronze Coin of Tiberius, Corinth, AD 14 - AD 37. 1944.100.37190","image_urls":["http://numismatics.org/collectionimages/19001949/1944/1944.100.37190.rev.width350.jpg"]},{"from":14,"to":15,"title":"RIC I (second edition) Tiberius 1. 1948.19.1041","image_urls":["http://numismatics.org/collectionimages/19001949/1948/1948.19.1041.rev.width350.jpg"]},{"from":14,"to":37,"title":"Bronze Coin of Tiberius, Antioch, AD 14 - AD 37. 1954.241.18","image_urls":["http://numismatics.org/collectionimages/19501999/1954/1954.241.18.rev.width350.jpg"]},{"from":14,"to":37,"title":"Bronze Coin of Tiberius, Corinth, AD 14 - AD 37. 0000.999.15891","image_urls":["http://numismatics.org/collectionimages/00001899/0000/0000.999.15891.rev.width350.jpg"]},{"from":14,"to":37,"title":"RIC I (second edition) Tiberius 30. 1941.131.690","image_urls":["http://numismatics.org/collectionimages/19001949/1941/1941.131.690.rev.width350.jpg"]},{"from":14,"to":37,"title":"RIC I (second edition) Tiberius 30. 1948.19.1043","image_urls":["http://numismatics.org/collectionimages/19001949/1948/1948.19.1043.rev.width350.jpg"]},{"from":14,"to":37,"title":"Bronze Coin of Tiberius, Antioch, AD 14 - AD 37. 1944.100.65554","image_urls":["http://numismatics.org/collectionimages/19001949/1944/1944.100.65554.rev.width350.jpg"]},{"from":14,"to":37,"title":"RIC I (second edition) Tiberius 30. 1935.117.357","image_urls":["http://numismatics.org/collectionimages/19001949/1935/1935.117.357.rev.width350.jpg"]},{"from":14,"to":37,"title":"Bronze Coin of Tiberius, Patrae, AD 14 - AD 37. 1944.100.39453","image_urls":["http://numismatics.org/collectionimages/19001949/1944/1944.100.39453.rev.width350.jpg"]},{"from":14,"to":37,"title":"RIC I (second edition) Tiberius 24. 1967.153.110","image_urls":["http://numismatics.org/collectionimages/19501999/1967/1967.153.110.rev.width350.jpg"]},{"from":14,"to":37,"title":"Bronze Coin of Tiberius, Corinth, AD 14 - AD 37. 1944.100.37252","image_urls":["http://numismatics.org/collectionimages/19001949/1944/1944.100.37252.rev.width350.jpg"]},{"from":14,"to":37,"title":"Bronze Coin of Tiberius, Corinth, AD 14 - AD 37. 1995.11.1904","image_urls":["http://numismatics.org/collectionimages/19501999/1995/1995.11.1904.rev.width350.jpg"]},{"from":14,"to":37,"title":"Bronze Coin of Tiberius, Corinth, AD 14 - AD 37. 1909.356.2","image_urls":["http://numismatics.org/collectionimages/19001949/1909/1909.356.2.rev.width350.jpg"]},{"from":14,"to":37,"title":"RIC I (second edition) Tiberius 30. 1944.100.39246","image_urls":["http://numismatics.org/collectionimages/19001949/1944/1944.100.39246.rev.width350.jpg"]},{"from":14,"to":37,"title":"Bronze Coin of Tiberius, Corinth, AD 14 - AD 37. 1944.100.37189","image_urls":["http://numismatics.org/collectionimages/19001949/1944/1944.100.37189.rev.width350.jpg"]},{"from":14,"to":37,"title":"RIC I (second edition) Tiberius 27. 1905.57.286","image_urls":["http://numismatics.org/collectionimages/19001949/1905/1905.57.286.rev.width350.jpg"]},{"from":14,"to":37,"title":"Bronze Coin of Tiberius, Corinth, AD 14 - AD 37. 1944.100.37243","image_urls":["http://numismatics.org/collectionimages/19001949/1944/1944.100.37243.rev.width350.jpg"]},{"from":14,"to":37,"title":"RIC I (second edition) Tiberius 28. 1944.100.39243","image_urls":["http://numismatics.org/collectionimages/19001949/1944/1944.100.39243.rev.width350.jpg"]},{"from":14,"to":29,"title":"Bronze Coin of Tiberius, Thessalonica, AD 14 - AD 29. 1944.100.11874","image_urls":["http://numismatics.org/collectionimages/19001949/1944/1944.100.11874.rev.width350.jpg"]},{"from":14,"to":37,"title":"Bronze Coin of Tiberius, Corinth, AD 14 - AD 37. 0000.999.15861","image_urls":["http://numismatics.org/collectionimages/00001899/0000/0000.999.15861.rev.width350.jpg"]},{"from":14,"to":37,"title":"Bronze Coin of Tiberius, Patrae, AD 14 - AD 37. 1944.100.39450","image_urls":["http://numismatics.org/collectionimages/19001949/1944/1944.100.39450.rev.width350.jpg"]},{"from":14,"to":37,"title":"Bronze Coin of Tiberius, Corinth, AD 14 - AD 37. 1944.100.37246","image_urls":["http://numismatics.org/collectionimages/19001949/1944/1944.100.37246.rev.width350.jpg"]},{"from":14,"to":37,"title":"Bronze Coin of Tiberius, Corinth, AD 14 - AD 37. 1944.100.37191","image_urls":["http://numismatics.org/collectionimages/19001949/1944/1944.100.37191.rev.width350.jpg"]},{"from":14,"to":37,"title":"Silver Tetradrachm of Tiberius, Antioch, AD 14 - AD 37. 1944.100.65559","image_urls":["http://numismatics.org/collectionimages/19001949/1944/1944.100.65559.rev.width350.jpg"]},{"from":14,"to":37,"title":"Bronze Coin of Tiberius, Corinth, AD 14 - AD 37. 1944.100.37187","image_urls":["http://numismatics.org/collectionimages/19001949/1944/1944.100.37187.rev.width350.jpg"]},{"from":14,"to":37,"title":"Bronze Coin of Tiberius, Corinth, AD 14 - AD 37. 1944.100.37247","image_urls":["http://numismatics.org/collectionimages/19001949/1944/1944.100.37247.rev.width350.jpg"]},{"from":14,"to":37,"title":"RIC I (second edition) Tiberius 26. 1957.172.1513","image_urls":["http://numismatics.org/collectionimages/19501999/1957/1957.172.1513.rev.width350.jpg"]},{"from":14,"to":37,"title":"Bronze Coin of Tiberius, Larissa, AD 14 - AD 37. 1944.100.17737","image_urls":["http://numismatics.org/collectionimages/19001949/1944/1944.100.17737.rev.width350.jpg"]},{"from":14,"to":37,"title":"RIC I (second edition) Tiberius 29. 1944.100.39245","image_urls":["http://numismatics.org/collectionimages/19001949/1944/1944.100.39245.rev.width350.jpg"]},{"from":14,"to":19,"title":"Bronze Coin, Apamea, AD 14 - AD 19. 1998.18.73","image_urls":["http://numismatics.org/collectionimages/19501999/1998/1998.18.73.rev.width350.jpg"]},{"from":14,"to":37,"title":"Bronze Coin, Corinth, AD 14 - AD 37. 1944.100.37240","image_urls":["http://numismatics.org/collectionimages/19001949/1944/1944.100.37240.rev.width350.jpg"]},{"from":14,"to":37,"title":"Bronze Coin of Tiberius, Corinth, AD 14 - AD 37. 1944.100.37249","image_urls":["http://numismatics.org/collectionimages/19001949/1944/1944.100.37249.rev.width350.jpg"]}]