[{"from":140,"to":144,"title":"Dupondius of Antoninus Pius, Rome, A.D. 140-144. 1989.19.11.","image_urls":["http://coins.lib.virginia.edu/images/coins/screen/n1989_19_11_rev.jpg"]},{"from":140,"to":143,"title":"Denarius of Antoninus Pius, Rome, A.D. 140-A.D. 143. 1989.19.12.","image_urls":["http://coins.lib.virginia.edu/images/coins/screen/n1989_19_12_rev.jpg"]},{"from":140,"to":144,"title":"BH-E75EA5: A coin issued by Antoninus Pius","image_urls":["https://finds.org.uk/images/jwatters/Roman_coin_11_84_1.jpg"]},{"from":140,"to":144,"title":"WMID-DF25E1: A coin issued by Marcus Aurelius (as Caesar)","image_urls":["https://finds.org.uk/images/cjohnson/WMID-DF25E1.jpg"]},{"from":140,"to":144,"title":"SUSS-838BD0: A coin issued by Marcus Aurelius (as Caesar)","image_urls":["https://finds.org.uk/images/lwalker/SUSS-838BD0a.jpg"]},{"from":140,"to":144,"title":"FASAM-BE66A4: A coin issued by Marcus Aurelius (as Caesar)","image_urls":["https://finds.org.uk/images/sam/SilverDenariusMarcusAureliusCaesar.jpg"]},{"from":140,"to":143,"title":"FAPJW-367EC1: A coin issued by Antoninus Pius","image_urls":["https://finds.org.uk/images/pwalton/595.jpg"]},{"from":140,"to":144,"title":"WMID-31F4E2: A coin issued by Antoninus Pius","image_urls":["https://finds.org.uk/images/tgilmore/WMID-31F4E2.jpg"]},{"from":140,"to":144,"title":"SUR-4A0F87: A coin issued by Antoninus Pius","image_urls":["https://finds.org.uk/images/margaretb/10.1104.jpg"]},{"from":140,"to":144,"title":"BH-A9A978: A coin issued by Antoninus Pius","image_urls":["https://finds.org.uk/images/jwatters/Roman%20coin%2006%20183%20-%203.jpg"]},{"from":140,"to":144,"title":"SOM-97F4F0: A coin issued by Marcus Aurelius (as Caesar)","image_urls":["https://finds.org.uk/images/rwebley2/SOM-97F4F0.JPG"]},{"from":140,"to":143,"title":"IOW-C7C7C8: A coin issued by Antoninus Pius","image_urls":["https://finds.org.uk/images/fbasford/IOW2005-58.JPG"]},{"from":140,"to":144,"title":"SOM-777DCF: A coin issued by Antoninus Pius","image_urls":["https://finds.org.uk/images/elburnett/SOM-777DCF.JPG"]},{"from":140,"to":144,"title":"WMID-87B925: A coin issued by Antoninus Pius","image_urls":["https://finds.org.uk/images/tgilmore/WMID-87B925.jpg"]},{"from":140,"to":144,"title":"CORN-BB37B5: A coin issued by Antoninus Pius","image_urls":["https://finds.org.uk/images/atyacke/Nov12finz35.JPG"]},{"from":140,"to":144,"title":"KENT-1C18F2: A coin issued by Marcus Aurelius (as Caesar)","image_urls":["https://finds.org.uk/images/arichardson/PAK194-001%20copy.jpg"]},{"from":140,"to":144,"title":"CAM-AC6E85: A coin issued by Marcus Aurelius (as Caesar)","image_urls":["https://finds.org.uk/images/hfowler/CAM-AC6E85.jpg"]},{"from":140,"to":144,"title":"YORYM-C531D9: A coin issued by Marcus Aurelius (as Caesar)","image_urls":["https://finds.org.uk/images/bmorris/FORA0085.jpg"]},{"from":140,"to":144,"title":"LVPL-73F3C7: A coin issued by Antoninus Pius","image_urls":["https://finds.org.uk/images/voakden/LVPL-73F3C7.JPG"]},{"from":140,"to":161,"title":"WILT-682E98: A coin issued by Faustina the Elder","image_urls":["https://finds.org.uk/images/alysontanner/WILT-682E98.jpg"]},{"from":140,"to":143,"title":"WILT-164973: A coin issued by Antoninus Pius","image_urls":["https://finds.org.uk/images/rhenry2/WILT-164973.jpg"]},{"from":140,"to":190,"title":"HAMP-8ACCC5: A coin issued by Uncertain - 1st/2nd Century AD","image_urls":["https://finds.org.uk/images/rwebley/HAMP-8ACCC5as.jpg"]},{"from":140,"to":144,"title":"NCL-C014F4: A coin issued by Antoninus Pius","image_urls":["https://finds.org.uk/images/pwalton/1179.jpg"]},{"from":140,"to":144,"title":"BM-862300: A coin issued by Antoninus Pius","image_urls":["https://finds.org.uk/images/jasonlundock/5162.jpg"]},{"from":140,"to":144,"title":"FAPJW-2EFB51: A coin issued by Antoninus Pius","image_urls":["https://finds.org.uk/images/pwalton/8094.jpg"]},{"from":140,"to":144,"title":"SUSS-5C54B2: A coin issued by Antoninus Pius","image_urls":["https://finds.org.uk/images/lwilson/1-197f.jpg"]},{"from":140,"to":144,"title":"NARC-A43136: A coin issued by Marcus Aurelius (as Caesar)","image_urls":["https://finds.org.uk/images/tbrindle/NARC-A43136denariusrev.jpg"]},{"from":140,"to":144,"title":"BM-00471D: A coin issued by Antoninus Pius","image_urls":["https://finds.org.uk/images/vdrost/BM-00471_REV.JPG"]},{"from":140,"to":144,"title":"NCL-074F87: A coin issued by Antoninus Pius","image_urls":["https://finds.org.uk/images/pwalton/1027.jpg"]},{"from":140,"to":140,"title":"DUR-8C3094: A coin issued by Antoninus Pius","image_urls":["https://finds.org.uk/images/frances/best%20denarius%20DUR-8C3094.jpg"]},{"from":140,"to":144,"title":"NCL-2BB165: A coin issued by Antoninus Pius","image_urls":["https://finds.org.uk/images/pwalton/SF246merg.jpg"]},{"from":140,"to":143,"title":"SUR-F33F10: A coin issued by Antoninus Pius","image_urls":["https://finds.org.uk/images/margaretb/14-202.JPG"]},{"from":140,"to":143,"title":"IOW-636B44: A coin issued by Antoninus Pius","image_urls":["https://finds.org.uk/images/fbasford/IOW2012-4-215.JPG"]},{"from":140,"to":144,"title":"WILT-70D971: A coin issued by Antoninus Pius","image_urls":["https://finds.org.uk/images/rhenry2/WILT70D971.jpg"]},{"from":140,"to":143,"title":"BM-1B8465: A coin issued by Antoninus Pius","image_urls":["https://finds.org.uk/images/vdrost/Capture_00432.JPG"]},{"from":140,"to":144,"title":"LEIC-404425: A coin issued by Antoninus Pius","image_urls":["https://finds.org.uk/images/philharding/2083c.jpg"]},{"from":140,"to":144,"title":"WMID-25CBC8: A coin issued by Antoninus Pius","image_urls":["https://finds.org.uk/images/cjohnson/WMID-25CBC8.JPG"]},{"from":140,"to":143,"title":"SUR-998C32: A coin issued by Antoninus Pius","image_urls":["https://finds.org.uk/images/margaretb/12-313.JPG"]},{"from":140,"to":144,"title":"IOW-3C39B7: A coin issued by Antoninus Pius","image_urls":["https://finds.org.uk/images/fbasford/IOW2011-5-69.JPG"]},{"from":140,"to":141,"title":"PAS-83F9C1: A coin issued by Antoninus Pius","image_urls":["https://finds.org.uk/images/dpett/6063.jpg"]},{"from":140,"to":144,"title":"FAPJW-64F1C8: A coin issued by Antoninus Pius","image_urls":["https://finds.org.uk/images/pwalton/5329.jpg"]},{"from":140,"to":143,"title":"DEV-FE8C38: A coin issued by Antoninus Pius","image_urls":["https://finds.org.uk/images/npowell/A.%20piusobv.JPG"]},{"from":140,"to":144,"title":"WILT-27D7C6: A coin issued by Marcus Aurelius (as Caesar)","image_urls":["https://finds.org.uk/images/khinds/WILT-27D7C6.jpg"]},{"from":140,"to":144,"title":"WILT-498F34: A coin issued by Antoninus Pius","image_urls":["https://finds.org.uk/images/rhenry2/WILT-498F34.jpg"]},{"from":140,"to":144,"title":"SF-E115A1: A coin issued by Antoninus Pius","image_urls":["https://finds.org.uk/images/gstewart/Sewards%20End_SF-E115A1.jpg"]},{"from":140,"to":144,"title":"NLM-418353: A coin issued by Antoninus Pius","image_urls":["https://finds.org.uk/images/mforeman/NLM22069.jpg"]},{"from":140,"to":144,"title":"WILT-0C4073: A coin issued by Marcus Aurelius (as Caesar)","image_urls":["https://finds.org.uk/images/khinds/TrowbridgeDenarius.jpg"]},{"from":140,"to":144,"title":"IOW-698618: A coin issued by Antoninus Pius","image_urls":["https://finds.org.uk/images/fbasford/IOW2007-1-263.JPG"]},{"from":140,"to":153,"title":"BH-C868D0: A coin issued by Antoninus Pius","image_urls":["https://finds.org.uk/images/jwatters/Roman%20coin%2009%2083%20-%205.jpg"]},{"from":140,"to":144,"title":"YORYM-C00F87: A coin issued by Marcus Aurelius (as Caesar)","image_urls":["https://finds.org.uk/images/rebeccam/SS0167.jpg"]},{"from":140,"to":143,"title":"DOR-D40425: A coin issued by Antoninus Pius","image_urls":["https://finds.org.uk/images/caht/D40425.jpg"]},{"from":140,"to":143,"title":"NMS-9FCCA5: A coin issued by Antoninus Pius","image_urls":["https://finds.org.uk/images/amarsden/DDMD082012piusdenarius.jpg"]},{"from":140,"to":140,"title":"HESH-D75804: A coin issued by Antoninus Pius","image_urls":["https://finds.org.uk/images/preavill/HESH-D75804.jpg"]},{"from":140,"to":144,"title":"SF-74A491: A coin issued by Antoninus Pius","image_urls":["https://finds.org.uk/images/abrown/WSW%20SF-74A491.jpg"]},{"from":140,"to":140,"title":"NCL-20F031: A coin issued by Antoninus Pius","image_urls":["https://finds.org.uk/images/dgumby/1098.jpg"]},{"from":140,"to":144,"title":"BH-5C13D4: A coin issued by Antoninus Pius","image_urls":["https://finds.org.uk/images/jwatters/Roman%20coin%2010%20127%20-%206.jpg"]},{"from":140,"to":144,"title":"PUBLIC-FEB2AC: A coin issued by Antoninus Pius","image_urls":["https://finds.org.uk/images/pompey/PUBLIC-FEB2AC.jpg"]},{"from":140,"to":143,"title":"YORYM-61240F: A coin issued by Antoninus Pius","image_urls":["https://finds.org.uk/images/bmorris/LSH0054.jpg"]},{"from":140,"to":140,"title":"NARC-378335: A coin issued by Antoninus Pius","image_urls":["https://finds.org.uk/images/tbrindle/NARC-378335plateddenariusobv.jpg"]},{"from":140,"to":144,"title":"NCL-CEE0D7: A coin issued by Antoninus Pius","image_urls":["https://finds.org.uk/images/pwalton/583.jpg"]},{"from":140,"to":143,"title":"HAMP-4F3F12: A coin issued by Antoninus Pius","image_urls":["https://finds.org.uk/images/khindshamp/HAMP-4F3F12.jpg"]},{"from":140,"to":144,"title":"SF-6D40D2: A coin issued by Marcus Aurelius (as Caesar)","image_urls":["https://finds.org.uk/images/abrown/SEY%20SF-6D40D2.jpg"]},{"from":140,"to":140,"title":"CAM-0BC222: A coin issued by Antoninus Pius","image_urls":["https://finds.org.uk/images/hfowler/CAM0BC222.jpg"]},{"from":140,"to":144,"title":"FAPJW-6086C4: A coin issued by Marcus Aurelius (as Caesar)","image_urls":["https://finds.org.uk/images/pwalton/7039.jpg"]},{"from":140,"to":143,"title":"LANCUM-0888D5: A coin issued by Antoninus Pius","image_urls":["https://finds.org.uk/images/snoon/LANCUM-0888D5.jpg"]},{"from":140,"to":143,"title":"NMS-8A6C15: A coin issued by Antoninus Pius","image_urls":["https://finds.org.uk/images/amarsden/KLMD052012antpiusden.jpg"]},{"from":140,"to":143,"title":"WMID-2C79B2: A coin issued by Antoninus Pius","image_urls":["https://finds.org.uk/images/hglenn/WMID-2C79B2.jpg"]},{"from":140,"to":143,"title":"LANCUM-2CFA82: A coin issued by Antoninus Pius","image_urls":["https://finds.org.uk/images/dboughton/SRMGR2CFA82.jpg"]},{"from":140,"to":143,"title":"CAM-D769C7: A coin issued by Antoninus Pius","image_urls":["https://finds.org.uk/images/hfowler/CAM-D769C7.jpg"]},{"from":140,"to":143,"title":"HESH-F81F75: A coin issued by Antoninus Pius","image_urls":["https://finds.org.uk/images/preavill/HESH-F81F75.jpg"]},{"from":140,"to":144,"title":"SUR-6D6DE5: A coin issued by Antoninus Pius","image_urls":["https://finds.org.uk/images/dwilliams/11-837.jpg"]},{"from":140,"to":143,"title":"WAW-B9FF63: A coin issued by Antoninus Pius","image_urls":["https://finds.org.uk/images/abolton/WAW-B9FF63.jpg"]},{"from":140,"to":144,"title":"NMS-BC4643: A coin issued by Marcus Aurelius (as Caesar)","image_urls":["https://finds.org.uk/images/amarsden/KLMD112014marcusaureliusden.jpg"]},{"from":140,"to":140,"title":"SWYOR-3EACE8: A coin issued by Antoninus Pius","image_urls":["https://finds.org.uk/images/acooper/PAS%2095%20double%20coin.jpg"]},{"from":140,"to":143,"title":"WMID-FBF306: A coin issued by Antoninus Pius","image_urls":["https://finds.org.uk/images/tbrindle/WMID-FBF306.jpg"]},{"from":140,"to":143,"title":"NARC-04A984: A coin issued by Antoninus Pius","image_urls":["https://finds.org.uk/images/jcassidy/gold%20reverse.JPG"]},{"from":140,"to":144,"title":"BH-352357: A coin issued by Antoninus Pius","image_urls":["https://finds.org.uk/images/jwatters/Roman_coin_12_33_21.jpg"]},{"from":140,"to":161,"title":"LANCUM-F174B8: A coin issued by Antoninus Pius","image_urls":["https://finds.org.uk/images/dboughton/THPBF174B8.jpg"]},{"from":140,"to":144,"title":"SOM-24B372: A coin issued by Antoninus Pius","image_urls":["https://finds.org.uk/images/edwardaswell/SOM-24B372.jpg"]},{"from":140,"to":161,"title":"BH-AEB817: A coin issued by Antoninus Pius","image_urls":["https://finds.org.uk/images/jwatters/Roman_coin_12_2_7.jpg"]},{"from":140,"to":144,"title":"HESH-D171B7: A coin issued by Marcus Aurelius (as Caesar)","image_urls":["https://finds.org.uk/images/preavill/HESH-D171B7.jpg"]},{"from":140,"to":143,"title":"DENO-38B3F3: A coin issued by Antoninus Pius","image_urls":["https://finds.org.uk/images/ratherton/E5106%20ant%20pius%20den.jpg"]},{"from":140,"to":144,"title":"NCL-F946F4: A coin issued by Antoninus Pius","image_urls":["https://finds.org.uk/images/dgumby/1118.jpg"]},{"from":140,"to":144,"title":"PUBLIC-C0F1E1: A coin issued by Marcus Aurelius (as Caesar)","image_urls":["https://finds.org.uk/images/calow1/FLE14.%20657.JPG"]},{"from":140,"to":144,"title":"KENT-E583B6: A coin issued by Antoninus Pius","image_urls":["https://finds.org.uk/images/gburr/DSCN5903.JPG"]},{"from":140,"to":144,"title":"IOW-950E53: A coin issued by Marcus Aurelius (as Caesar)","image_urls":["https://finds.org.uk/images/fbasford/IOW2011-2-373.JPG"]},{"from":140,"to":144,"title":"NCL-36DAA7: A coin issued by Antoninus Pius","image_urls":["https://finds.org.uk/images/pwalton/589.jpg"]},{"from":140,"to":143,"title":"WAW-959D94: A coin issued by Antoninus Pius","image_urls":["https://finds.org.uk/images/abolton/WAW-959D94.jpg"]},{"from":140,"to":144,"title":"IOW-F5B358: A coin issued by Antoninus Pius","image_urls":["https://finds.org.uk/images/fbasford/IOW2014-2-475.JPG"]},{"from":140,"to":143,"title":"WMID-A9B555: A coin issued by Antoninus Pius","image_urls":["https://finds.org.uk/images/tbrindle/WMID-A9B555.jpg"]},{"from":140,"to":144,"title":"BH-E6E784: A coin issued by Antoninus Pius","image_urls":["https://finds.org.uk/images/jwatters/Roman%20coin%20Bedford%202796.jpg"]},{"from":140,"to":144,"title":"SUR-81E5A3: A coin issued by Antoninus Pius","image_urls":["https://finds.org.uk/images/dwilliams/11-870.jpg"]},{"from":140,"to":144,"title":"BH-90A917: A coin issued by Marcus Aurelius (as Caesar)","image_urls":["https://finds.org.uk/images/jwatters/Roman_coin_13_120_1.jpg"]},{"from":140,"to":144,"title":"NARC-E87FB5: A coin with an unrecorded/uncertain issuer.","image_urls":["https://finds.org.uk/images/rwebley/NARC-E87FB5dupondiusMarcusAureliusobv.jpg"]},{"from":140,"to":144,"title":"BUC-7F0816: A coin issued by Antoninus Pius","image_urls":["https://finds.org.uk/images/pmanning/sestertiusjoinedwebready.jpg"]},{"from":140,"to":140,"title":"IOW-9BD0B7: A coin issued by Antoninus Pius","image_urls":["https://finds.org.uk/images/fbasford/IOW2009-1-283.JPG"]},{"from":140,"to":144,"title":"SOM-784A88: A coin issued by Antoninus Pius","image_urls":["https://finds.org.uk/images/annab/SOM-784A88.jpg"]},{"from":140,"to":144,"title":"HAMP-8D8583: A coin issued by Marcus Aurelius (as Caesar)","image_urls":["https://finds.org.uk/images/khindshamp/HAMP-8D8583.jpg"]},{"from":140,"to":144,"title":"HAMP1731: A coin issued by Antoninus Pius","image_urls":["https://finds.org.uk/images/sworrell/hamp%201731b.JPG"]},{"from":140,"to":161,"title":"CAM-D02547: A coin issued by Antoninus Pius","image_urls":["https://finds.org.uk/images/hfowler/CAM-D02547.jpg"]},{"from":140,"to":151,"title":"LIN-8DA952: A coin issued by Faustina the Elder","image_urls":["https://finds.org.uk/images/adaubney/LIN5959.JPG"]},{"from":140,"to":143,"title":"BM-997BD9: A coin issued by Antoninus Pius","image_urls":["https://finds.org.uk/images/vdrost/BM_997BD9_R.JPG"]},{"from":140,"to":143,"title":"WMID-6AFC04: A coin issued by Antoninus Pius","image_urls":["https://finds.org.uk/images/tgilmore/WMID-6AFC04.jpg"]},{"from":140,"to":161,"title":"BM-30D927: A coin issued by Marcus Aurelius (as Caesar)","image_urls":["https://finds.org.uk/images/vdrost/BM30D927_2.jpg"]},{"from":140,"to":147,"title":"DENO-D71F93: A coin issued by Antoninus Pius","image_urls":["https://finds.org.uk/images/ratherton/E7216%20beard%20amb%20vall%20sest%203.jpg"]},{"from":140,"to":144,"title":"NCL-9233E2: A coin issued by Marcus Aurelius (as Caesar)","image_urls":["https://finds.org.uk/images/pwalton/4595.jpg"]},{"from":140,"to":143,"title":"WMID-07AE64: A coin issued by Antoninus Pius","image_urls":["https://finds.org.uk/images/tgilmore/WMID-07AE64.jpg"]},{"from":140,"to":140,"title":"BERK-D48D83: A coin issued by Antoninus Pius","image_urls":["https://finds.org.uk/images/abyard/pivs%20avrelius.jpg"]},{"from":140,"to":143,"title":"YORYM-FCA7A7: A coin issued by Antoninus Pius","image_urls":["https://finds.org.uk/images/bmorris/JCY0011.jpg"]},{"from":140,"to":143,"title":"WMAS-6A8196: A coin issued by Antoninus Pius","image_urls":["https://finds.org.uk/images/shousley/WMAS-6A8196.jpg"]},{"from":140,"to":144,"title":"LANCUM-F1F36D: A coin issued by Antoninus Pius","image_urls":["https://finds.org.uk/images/dboughton/KDMDRHF1F36D.jpg"]},{"from":140,"to":144,"title":"WMID-F623F1: A coin issued by Marcus Aurelius (as Caesar)","image_urls":["https://finds.org.uk/images/cjohnson/WMID-F623F1.JPG"]},{"from":140,"to":144,"title":"BM-FEE074: A coin issued by Antoninus Pius","image_urls":["https://finds.org.uk/images/vdrost/BM-FEE074_REV.JPG"]},{"from":140,"to":144,"title":"WILT-D81FD0: A coin issued by Antoninus Pius","image_urls":["https://finds.org.uk/images/jblake/Barrett0710sestertius.jpg"]},{"from":140,"to":161,"title":"NCL-8B2606: A coin issued by Antoninus Pius","image_urls":["https://finds.org.uk/images/pwalton/638.jpg"]},{"from":140,"to":144,"title":"SWYOR-444F30: A coin issued by Antoninus Pius","image_urls":["https://finds.org.uk/images/wakefield/PAS_1776_Coin_Roman.jpg"]},{"from":140,"to":144,"title":"NARC-538466: A coin issued by Antoninus Pius","image_urls":["https://finds.org.uk/images/jcassidy/NARC-538466%20b.jpg"]},{"from":140,"to":144,"title":"IOW-96FDB4: A coin issued by Antoninus Pius","image_urls":["https://finds.org.uk/images/fbasford/IOW2014-5-41.JPG"]},{"from":140,"to":161,"title":"BUC-93A547: A coin issued by Antoninus Pius","image_urls":["https://finds.org.uk/images/jmoss/DSCN5903.JPG"]},{"from":140,"to":140,"title":"SUR-B4C9A4: A coin issued by Antoninus Pius","image_urls":["https://finds.org.uk/images/dwilliams/05.667a.jpg"]},{"from":140,"to":161,"title":"WMID-DBD0E6: A coin issued by Marcus Aurelius (as Caesar)","image_urls":["https://finds.org.uk/images/tbrindle/WMID-DBD0E6.jpg"]},{"from":140,"to":144,"title":"FASAM-8F1DA5: A coin issued by Antoninus Pius","image_urls":["https://finds.org.uk/images/sam/DSC05200.JPG"]},{"from":140,"to":144,"title":"RIC III Antoninus Pius 650. 1995.11.176","image_urls":["http://numismatics.org/collectionimages/19501999/1995/1995.11.176.rev.width350.jpg"]},{"from":140,"to":143,"title":"RIC III Antoninus Pius 102B. 1956.127.379","image_urls":["http://numismatics.org/collectionimages/19501999/1956/1956.127.379.rev.width350.jpg"]},{"from":140,"to":144,"title":"RIC III Antoninus Pius 648. 1957.172.1718","image_urls":["http://numismatics.org/collectionimages/19501999/1957/1957.172.1718.rev.width350.jpg"]},{"from":140,"to":143,"title":"RIC III Antoninus Pius 78B. 1956.127.370","image_urls":["http://numismatics.org/collectionimages/19501999/1956/1956.127.370.rev.width350.jpg"]},{"from":140,"to":143,"title":"RIC III Antoninus Pius 64c. 1956.127.364","image_urls":["http://numismatics.org/collectionimages/19501999/1956/1956.127.364.rev.width350.jpg"]},{"from":140,"to":144,"title":"RIC III Antoninus Pius 1238 (dupondius). 1906.236.383","image_urls":["http://numismatics.org/collectionimages/19001949/1906/1906.236.383.rev.width350.jpg"]},{"from":140,"to":144,"title":"RIC III Antoninus Pius 616a. 1995.11.405","image_urls":["http://numismatics.org/collectionimages/19501999/1995/1995.11.405.rev.width350.jpg"]},{"from":140,"to":143,"title":"RIC III Antoninus Pius 61c. 1956.127.358","image_urls":["http://numismatics.org/collectionimages/19501999/1956/1956.127.358.rev.width350.jpg"]},{"from":140,"to":144,"title":"RIC III Antoninus Pius 1220. 1944.100.48206","image_urls":["http://numismatics.org/collectionimages/19001949/1944/1944.100.48206.rev.width350.jpg"]},{"from":140,"to":143,"title":"RIC III Antoninus Pius 95a. 1956.127.373","image_urls":["http://numismatics.org/collectionimages/19501999/1956/1956.127.373.rev.width350.jpg"]},{"from":140,"to":141,"title":"Silver Drachm, Ecbatana, AD 140 - AD 141. 1944.100.83360","image_urls":["http://numismatics.org/collectionimages/19001949/1944/1944.100.83360.rev.width350.jpg"]},{"from":140,"to":141,"title":"Silver Drachm, Ecbatana, AD 140 - AD 141. 1953.171.1836","image_urls":["http://numismatics.org/collectionimages/19501999/1953/1953.171.1836.rev.width350.jpg"]},{"from":140,"to":144,"title":"RIC III Antoninus Pius 598a. 1944.100.48209","image_urls":["http://numismatics.org/collectionimages/19001949/1944/1944.100.48209.rev.width350.jpg"]},{"from":140,"to":144,"title":"RIC III Antoninus Pius 601a. 1995.11.422","image_urls":["http://numismatics.org/collectionimages/19501999/1995/1995.11.422.rev.width350.jpg"]},{"from":140,"to":144,"title":"RIC III Antoninus Pius 423A (aureus). 1967.153.157","image_urls":["http://numismatics.org/collectionimages/19501999/1967/1967.153.157.rev.width350.jpg"]},{"from":140,"to":144,"title":"RIC III Antoninus Pius 598a. 1995.11.404","image_urls":["http://numismatics.org/collectionimages/19501999/1995/1995.11.404.rev.width350.jpg"]},{"from":140,"to":141,"title":"Bronze Drachm of Antoninus Pius, Alexandreia, AD 140 - AD 141. 1944.100.60150","image_urls":["http://numismatics.org/collectionimages/19001949/1944/1944.100.60150.rev.width350.jpg"]},{"from":140,"to":144,"title":"RIC III Antoninus Pius 426. 1956.127.727","image_urls":["http://numismatics.org/collectionimages/19501999/1956/1956.127.727.rev.width350.jpg"]},{"from":140,"to":141,"title":"Bronze Diobol of Antoninus Pius, Alexandreia, AD 140 - AD 141. 1944.100.60171","image_urls":["http://numismatics.org/collectionimages/19001949/1944/1944.100.60171.rev.width350.jpg"]},{"from":140,"to":143,"title":"RIC III Antoninus Pius 73c. 1944.100.48128","image_urls":["http://numismatics.org/collectionimages/19001949/1944/1944.100.48128.rev.width350.jpg"]},{"from":140,"to":143,"title":"RIC III Antoninus Pius 78B. 1995.11.158","image_urls":["http://numismatics.org/collectionimages/19501999/1995/1995.11.158.rev.width350.jpg"]},{"from":140,"to":144,"title":"RIC III Antoninus Pius 653a. 1927.165.16","image_urls":["http://numismatics.org/collectionimages/19001949/1927/1927.165.16.rev.width350.jpg"]},{"from":140,"to":144,"title":"RIC III Antoninus Pius 661. 1975.118.2","image_urls":["http://numismatics.org/collectionimages/19501999/1975/1975.118.2.rev.width350.jpg"]},{"from":140,"to":144,"title":"RIC III Antoninus Pius 611. 1931.58.364","image_urls":["http://numismatics.org/collectionimages/19001949/1931/1931.58.364.rev.width350.jpg"]},{"from":140,"to":141,"title":"Bronze Drachm of Antoninus Pius, Alexandreia, AD 140 - AD 141. 1944.100.60975","image_urls":["http://numismatics.org/collectionimages/19001949/1944/1944.100.60975.rev.width350.jpg"]},{"from":140,"to":141,"title":"Bronze Drachm of Antoninus Pius, Alexandreia, AD 140 - AD 141. 1944.100.60174","image_urls":["http://numismatics.org/collectionimages/19001949/1944/1944.100.60174.rev.width350.jpg"]},{"from":140,"to":161,"title":"Bronze Medallion, Rome, AD 140 - AD 161. 1967.153.160","image_urls":["http://numismatics.org/collectionimages/19501999/1967/1967.153.160.rev.width350.jpg"]},{"from":140,"to":144,"title":"RIC III Antoninus Pius 424A (denarius). 1948.19.1297","image_urls":["http://numismatics.org/collectionimages/19001949/1948/1948.19.1297.rev.width350.jpg"]},{"from":140,"to":144,"title":"RIC III Antoninus Pius 605a. 1944.100.48212","image_urls":["http://numismatics.org/collectionimages/19001949/1944/1944.100.48212.rev.width350.jpg"]},{"from":140,"to":141,"title":"Bronze Drachm of Antoninus Pius, Alexandreia, AD 140 - AD 141. 1944.100.60180","image_urls":["http://numismatics.org/collectionimages/19001949/1944/1944.100.60180.rev.width350.jpg"]},{"from":140,"to":143,"title":"RIC III Antoninus Pius 69a. 1956.127.367","image_urls":["http://numismatics.org/collectionimages/19501999/1956/1956.127.367.rev.width350.jpg"]},{"from":140,"to":144,"title":"RIC III Antoninus Pius 683. 1944.100.48233","image_urls":["http://numismatics.org/collectionimages/19001949/1944/1944.100.48233.rev.width350.jpg"]},{"from":140,"to":144,"title":"RIC III Antoninus Pius 660A. 1944.100.48227","image_urls":["http://numismatics.org/collectionimages/19001949/1944/1944.100.48227.rev.width350.jpg"]},{"from":140,"to":141,"title":"Bronze Drachm of Antoninus Pius, Alexandreia, AD 140 - AD 141. 1974.26.3655","image_urls":["http://numismatics.org/collectionimages/19501999/1974/1974.26.3655.rev.width350.jpg"]},{"from":140,"to":144,"title":"RIC III Antoninus Pius 635a. 1974.95.145","image_urls":["http://numismatics.org/collectionimages/19501999/1974/1974.95.145.rev.width350.jpg"]},{"from":140,"to":143,"title":"RIC III Antoninus Pius 85a. 1956.127.375","image_urls":["http://numismatics.org/collectionimages/19501999/1956/1956.127.375.rev.width350.jpg"]},{"from":140,"to":143,"title":"RIC III Antoninus Pius 73c. 1956.127.369","image_urls":["http://numismatics.org/collectionimages/19501999/1956/1956.127.369.rev.width350.jpg"]},{"from":140,"to":144,"title":"RIC III Antoninus Pius 681. 1995.11.370","image_urls":["http://numismatics.org/collectionimages/19501999/1995/1995.11.370.rev.width350.jpg"]},{"from":140,"to":144,"title":"RIC III Antoninus Pius 704A. 1944.100.48235","image_urls":["http://numismatics.org/collectionimages/19001949/1944/1944.100.48235.rev.width350.jpg"]},{"from":140,"to":143,"title":"RIC III Antoninus Pius 65a. 1911.23.186","image_urls":["http://numismatics.org/collectionimages/19001949/1911/1911.23.186.rev.width350.jpg"]},{"from":140,"to":143,"title":"RIC III Antoninus Pius 102B. 1956.127.378","image_urls":["http://numismatics.org/collectionimages/19501999/1956/1956.127.378.rev.width350.jpg"]},{"from":140,"to":144,"title":"RIC III Antoninus Pius 1238 (dupondius). 1906.236.382","image_urls":["http://numismatics.org/collectionimages/19001949/1906/1906.236.382.rev.width350.jpg"]},{"from":140,"to":143,"title":"RIC III Antoninus Pius 62A. 1944.100.48124","image_urls":["http://numismatics.org/collectionimages/19001949/1944/1944.100.48124.rev.width350.jpg"]},{"from":140,"to":143,"title":"RIC III Antoninus Pius 64c. 1956.127.342","image_urls":["http://numismatics.org/collectionimages/19501999/1956/1956.127.342.rev.width350.jpg"]},{"from":140,"to":144,"title":"RIC III Antoninus Pius 659. 0000.999.20754","image_urls":["http://numismatics.org/collectionimages/00001899/0000/0000.999.20754.rev.width350.jpg"]},{"from":140,"to":144,"title":"RIC III Antoninus Pius 1240A (dupondius). 1912.40.1","image_urls":["http://numismatics.org/collectionimages/19001949/1912/1912.40.1.rev.width350.jpg"]},{"from":140,"to":143,"title":"RIC III Antoninus Pius 63Bc. 1995.11.373","image_urls":["http://numismatics.org/collectionimages/19501999/1995/1995.11.373.rev.width350.jpg"]},{"from":140,"to":144,"title":"RIC III Antoninus Pius 648. 1944.100.48223","image_urls":["http://numismatics.org/collectionimages/19001949/1944/1944.100.48223.rev.width350.jpg"]},{"from":140,"to":141,"title":"Silver Drachm, Ecbatana, AD 140 - AD 141. 1977.158.805","image_urls":["http://numismatics.org/collectionimages/19501999/1977/1977.158.805.rev.width350.jpg"]},{"from":140,"to":141,"title":"Silver Drachm, Ecbatana, AD 140 - AD 141. 1944.100.83371","image_urls":["http://numismatics.org/collectionimages/19001949/1944/1944.100.83371.rev.width350.jpg"]},{"from":140,"to":144,"title":"RIC III Antoninus Pius 423A (denarius). 1956.127.718","image_urls":["http://numismatics.org/collectionimages/19501999/1956/1956.127.718.rev.width350.jpg"]},{"from":140,"to":144,"title":"RIC III Antoninus Pius 619. 1944.100.48215","image_urls":["http://numismatics.org/collectionimages/19001949/1944/1944.100.48215.rev.width350.jpg"]},{"from":140,"to":144,"title":"RIC III Antoninus Pius 1239 (as). 1944.100.49033","image_urls":["http://numismatics.org/collectionimages/19001949/1944/1944.100.49033.rev.width350.jpg"]},{"from":140,"to":143,"title":"RIC III Antoninus Pius 63Ba. 1956.127.361","image_urls":["http://numismatics.org/collectionimages/19501999/1956/1956.127.361.rev.width350.jpg"]},{"from":140,"to":143,"title":"RIC III Antoninus Pius 70c. 1911.23.192","image_urls":["http://numismatics.org/collectionimages/19001949/1911/1911.23.192.rev.width350.jpg"]},{"from":140,"to":144,"title":"RIC III Antoninus Pius 422 (aureus). 1956.184.52","image_urls":["http://numismatics.org/collectionimages/19501999/1956/1956.184.52.rev.width350.jpg"]},{"from":140,"to":143,"title":"RIC III Antoninus Pius 61a. 1956.127.355","image_urls":["http://numismatics.org/collectionimages/19501999/1956/1956.127.355.rev.width350.jpg"]},{"from":140,"to":141,"title":"Silver Drachm, Ecbatana, AD 140 - AD 141. 1944.100.83363","image_urls":["http://numismatics.org/collectionimages/19001949/1944/1944.100.83363.rev.width350.jpg"]},{"from":140,"to":141,"title":"Bronze Drachm of Antoninus Pius, Alexandreia, AD 140 - AD 141. 1944.100.60162","image_urls":["http://numismatics.org/collectionimages/19001949/1944/1944.100.60162.rev.width350.jpg"]},{"from":140,"to":144,"title":"RIC III Antoninus Pius 612a. 1957.172.1715","image_urls":["http://numismatics.org/collectionimages/19501999/1957/1957.172.1715.rev.width350.jpg"]},{"from":140,"to":141,"title":"Bronze Hemidrachm of Antoninus Pius, Alexandreia, AD 140 - AD 141. 1944.100.60156","image_urls":["http://numismatics.org/collectionimages/19001949/1944/1944.100.60156.rev.width350.jpg"]},{"from":140,"to":143,"title":"RIC III Antoninus Pius 63Bc. 1956.127.2313","image_urls":["http://numismatics.org/collectionimages/19501999/1956/1956.127.2313.rev.width350.jpg"]},{"from":140,"to":144,"title":"RIC III Antoninus Pius 618a. 1975.226.85","image_urls":["http://numismatics.org/collectionimages/19501999/1975/1975.226.85.rev.width350.jpg"]},{"from":140,"to":143,"title":"RIC III Antoninus Pius 63Bc. 1974.26.1051","image_urls":["http://numismatics.org/collectionimages/19501999/1974/1974.26.1051.rev.width350.jpg"]},{"from":140,"to":143,"title":"RIC III Antoninus Pius 98B. 1995.11.157","image_urls":["http://numismatics.org/collectionimages/19501999/1995/1995.11.157.rev.width350.jpg"]},{"from":140,"to":144,"title":"RIC III Antoninus Pius 424A (denarius). 1956.127.720","image_urls":["http://numismatics.org/collectionimages/19501999/1956/1956.127.720.rev.width350.jpg"]},{"from":140,"to":141,"title":"Silver Drachm, Ecbatana, AD 140 - AD 141. 0000.999.8219","image_urls":["http://numismatics.org/collectionimages/00001899/0000/0000.999.8219.rev.width350.jpg"]},{"from":140,"to":141,"title":"Bronze Coin, Ecbatana, AD 140 - AD 141. 1944.100.83395","image_urls":["http://numismatics.org/collectionimages/19001949/1944/1944.100.83395.rev.width350.jpg"]},{"from":140,"to":144,"title":"RIC III Antoninus Pius 610b. 1955.59.22","image_urls":["http://numismatics.org/collectionimages/19501999/1955/1955.59.22.rev.width350.jpg"]},{"from":140,"to":143,"title":"RIC III Antoninus Pius 69a. 1956.127.366","image_urls":["http://numismatics.org/collectionimages/19501999/1956/1956.127.366.rev.width350.jpg"]},{"from":140,"to":144,"title":"RIC III Antoninus Pius 658. 1944.100.48226","image_urls":["http://numismatics.org/collectionimages/19001949/1944/1944.100.48226.rev.width350.jpg"]},{"from":140,"to":141,"title":"Silver Drachm, Ecbatana, AD 140 - AD 141. 0000.999.8303","image_urls":["http://numismatics.org/collectionimages/00001899/0000/0000.999.8303.rev.width350.jpg"]},{"from":140,"to":141,"title":"Bronze Drachm of Antoninus Pius, Alexandreia, AD 140 - AD 141. 1944.100.60980","image_urls":["http://numismatics.org/collectionimages/19001949/1944/1944.100.60980.rev.width350.jpg"]},{"from":140,"to":144,"title":"RIC III Antoninus Pius 656. 1906.236.343","image_urls":["http://numismatics.org/collectionimages/19001949/1906/1906.236.343.rev.width350.jpg"]},{"from":140,"to":161,"title":"Bronze Sestertius of Antoninus Pius, Rome, AD 140 - AD 161. 1906.236.370","image_urls":["http://numismatics.org/collectionimages/19001949/1906/1906.236.370.rev.width350.jpg"]},{"from":140,"to":144,"title":"RIC III Antoninus Pius 605a. 1944.100.48211","image_urls":["http://numismatics.org/collectionimages/19001949/1944/1944.100.48211.rev.width350.jpg"]},{"from":140,"to":144,"title":"RIC III Antoninus Pius 629. 1944.100.48218","image_urls":["http://numismatics.org/collectionimages/19001949/1944/1944.100.48218.rev.width350.jpg"]},{"from":140,"to":144,"title":"RIC III Antoninus Pius 1240B (as). 1995.11.395","image_urls":["http://numismatics.org/collectionimages/19501999/1995/1995.11.395.rev.width350.jpg"]},{"from":140,"to":143,"title":"RIC III Antoninus Pius 95a. 1944.100.48131","image_urls":["http://numismatics.org/collectionimages/19001949/1944/1944.100.48131.rev.width350.jpg"]},{"from":140,"to":144,"title":"RIC III Antoninus Pius 679. 1978.999.17","image_urls":["http://numismatics.org/collectionimages/19501999/1978/1978.999.17.rev.width350.jpg"]},{"from":140,"to":144,"title":"RIC III Antoninus Pius 422 (denarius). 1911.23.274","image_urls":["http://numismatics.org/collectionimages/19001949/1911/1911.23.274.rev.width350.jpg"]},{"from":140,"to":144,"title":"RIC III Antoninus Pius 676. 1944.100.48230","image_urls":["http://numismatics.org/collectionimages/19001949/1944/1944.100.48230.rev.width350.jpg"]},{"from":140,"to":141,"title":"Silver Drachm, Ecbatana, AD 140 - AD 141. 1973.56.1705","image_urls":["http://numismatics.org/collectionimages/19501999/1973/1973.56.1705.rev.width350.jpg"]},{"from":140,"to":143,"title":"RIC III Antoninus Pius 69a. 1944.100.48125","image_urls":["http://numismatics.org/collectionimages/19001949/1944/1944.100.48125.rev.width350.jpg"]},{"from":140,"to":144,"title":"RIC III Antoninus Pius 626. 1967.153.151","image_urls":["http://numismatics.org/collectionimages/19501999/1967/1967.153.151.rev.width350.jpg"]},{"from":140,"to":144,"title":"RIC III Antoninus Pius 660A. 0000.999.20755","image_urls":["http://numismatics.org/collectionimages/00001899/0000/0000.999.20755.rev.width350.jpg"]},{"from":140,"to":144,"title":"RIC III Antoninus Pius 651a. 1944.100.48224","image_urls":["http://numismatics.org/collectionimages/19001949/1944/1944.100.48224.rev.width350.jpg"]},{"from":140,"to":143,"title":"RIC III Antoninus Pius 78B. 1985.140.120","image_urls":["http://numismatics.org/collectionimages/19501999/1985/1985.140.120.rev.width350.jpg"]},{"from":140,"to":144,"title":"RIC III Antoninus Pius 694A. 1947.2.472","image_urls":["http://numismatics.org/collectionimages/19001949/1947/1947.2.472.rev.width350.jpg"]},{"from":140,"to":160,"title":"Bronze Drachm, Caunus, AD 160 - AD 140. 2007.15.13","image_urls":["http://numismatics.org/collectionimages/20002049/2007/2007.15.13.rev.width350.jpg"]},{"from":140,"to":144,"title":"RIC III Antoninus Pius 423A (denarius). 1956.127.1944","image_urls":["http://numismatics.org/collectionimages/19501999/1956/1956.127.1944.rev.width350.jpg"]},{"from":140,"to":143,"title":"RIC III Antoninus Pius 62A. 1956.127.1830","image_urls":["http://numismatics.org/collectionimages/19501999/1956/1956.127.1830.rev.width350.jpg"]},{"from":140,"to":143,"title":"RIC III Antoninus Pius 61c. 1956.127.1824","image_urls":["http://numismatics.org/collectionimages/19501999/1956/1956.127.1824.rev.width350.jpg"]},{"from":140,"to":141,"title":"Bronze Drachm of Antoninus Pius, Alexandreia, AD 140 - AD 141. 1974.26.3654","image_urls":["http://numismatics.org/collectionimages/19501999/1974/1974.26.3654.rev.width350.jpg"]},{"from":140,"to":143,"title":"RIC III Antoninus Pius 95c. 1977.158.1267","image_urls":["http://numismatics.org/collectionimages/19501999/1977/1977.158.1267.rev.width350.jpg"]},{"from":140,"to":144,"title":"RIC III Antoninus Pius 422 (denarius). 1956.127.715","image_urls":["http://numismatics.org/collectionimages/19501999/1956/1956.127.715.rev.width350.jpg"]},{"from":140,"to":144,"title":"RIC III Antoninus Pius 634. 1995.11.407","image_urls":["http://numismatics.org/collectionimages/19501999/1995/1995.11.407.rev.width350.jpg"]},{"from":140,"to":143,"title":"RIC III Antoninus Pius 61a. 1948.19.1249","image_urls":["http://numismatics.org/collectionimages/19001949/1948/1948.19.1249.rev.width350.jpg"]},{"from":140,"to":144,"title":"RIC III Antoninus Pius 424A (denarius). 1944.100.49012","image_urls":["http://numismatics.org/collectionimages/19001949/1944/1944.100.49012.rev.width350.jpg"]},{"from":140,"to":143,"title":"RIC III Antoninus Pius 63Ba. 1956.127.360","image_urls":["http://numismatics.org/collectionimages/19501999/1956/1956.127.360.rev.width350.jpg"]},{"from":140,"to":144,"title":"RIC III Antoninus Pius 640a. 1995.11.401","image_urls":["http://numismatics.org/collectionimages/19501999/1995/1995.11.401.rev.width350.jpg"]},{"from":140,"to":144,"title":"RIC III Antoninus Pius 637a. 1944.100.48220","image_urls":["http://numismatics.org/collectionimages/19001949/1944/1944.100.48220.rev.width350.jpg"]},{"from":140,"to":141,"title":"Bronze Drachm of Antoninus Pius, Alexandreia, AD 140 - AD 141. 1944.100.60977","image_urls":["http://numismatics.org/collectionimages/19001949/1944/1944.100.60977.rev.width350.jpg"]},{"from":140,"to":144,"title":"RIC III Antoninus Pius 422 (denarius). 1944.100.49006","image_urls":["http://numismatics.org/collectionimages/19001949/1944/1944.100.49006.rev.width350.jpg"]},{"from":140,"to":144,"title":"RIC III Antoninus Pius 635a. 1906.236.341","image_urls":["http://numismatics.org/collectionimages/19001949/1906/1906.236.341.rev.width350.jpg"]},{"from":140,"to":141,"title":"Silver Drachm, Ecbatana, AD 140 - AD 141. 1973.56.1704","image_urls":["http://numismatics.org/collectionimages/19501999/1973/1973.56.1704.rev.width350.jpg"]},{"from":140,"to":141,"title":"Silver Drachm, Ecbatana, AD 140 - AD 141. 1944.100.83366","image_urls":["http://numismatics.org/collectionimages/19001949/1944/1944.100.83366.rev.width350.jpg"]},{"from":140,"to":143,"title":"RIC III Antoninus Pius 70a. 1911.23.189","image_urls":["http://numismatics.org/collectionimages/19001949/1911/1911.23.189.rev.width350.jpg"]},{"from":140,"to":141,"title":"Bronze Drachm of Antoninus Pius, Alexandreia, AD 140 - AD 141. 1944.100.60165","image_urls":["http://numismatics.org/collectionimages/19001949/1944/1944.100.60165.rev.width350.jpg"]},{"from":140,"to":144,"title":"RIC III Antoninus Pius 620a. 1960.164.15","image_urls":["http://numismatics.org/collectionimages/19501999/1960/1960.164.15.rev.width350.jpg"]},{"from":140,"to":144,"title":"RIC III Antoninus Pius 426. 1911.23.276","image_urls":["http://numismatics.org/collectionimages/19001949/1911/1911.23.276.rev.width350.jpg"]},{"from":140,"to":144,"title":"RIC III Antoninus Pius 656. 1906.236.344","image_urls":["http://numismatics.org/collectionimages/19001949/1906/1906.236.344.rev.width350.jpg"]},{"from":140,"to":144,"title":"RIC III Antoninus Pius 679. 1944.100.48232","image_urls":["http://numismatics.org/collectionimages/19001949/1944/1944.100.48232.rev.width350.jpg"]},{"from":140,"to":143,"title":"RIC III Antoninus Pius 69a. 1995.110.31","image_urls":["http://numismatics.org/collectionimages/19501999/1995/1995.110.31.rev.width350.jpg"]},{"from":140,"to":144,"title":"RIC III Antoninus Pius 1234A. 1937.158.510","image_urls":["http://numismatics.org/collectionimages/19001949/1937/1937.158.510.rev.width350.jpg"]},{"from":140,"to":143,"title":"RIC III Antoninus Pius 62A. 1911.23.183","image_urls":["http://numismatics.org/collectionimages/19001949/1911/1911.23.183.rev.width350.jpg"]},{"from":140,"to":143,"title":"RIC III Antoninus Pius 61c. 1956.127.357","image_urls":["http://numismatics.org/collectionimages/19501999/1956/1956.127.357.rev.width350.jpg"]},{"from":140,"to":144,"title":"RIC III Antoninus Pius 641. 1957.172.1717","image_urls":["http://numismatics.org/collectionimages/19501999/1957/1957.172.1717.rev.width350.jpg"]},{"from":140,"to":144,"title":"RIC III Antoninus Pius 628a. 1944.100.48217","image_urls":["http://numismatics.org/collectionimages/19001949/1944/1944.100.48217.rev.width350.jpg"]},{"from":140,"to":144,"title":"RIC III Antoninus Pius 424A (aureus). 1972.62.20","image_urls":["http://numismatics.org/collectionimages/19501999/1972/1972.62.20.rev.width350.jpg"]},{"from":140,"to":144,"title":"RIC III Antoninus Pius 661. 1947.2.471","image_urls":["http://numismatics.org/collectionimages/19001949/1947/1947.2.471.rev.width350.jpg"]},{"from":140,"to":144,"title":"RIC III Antoninus Pius 635a. 1937.158.501","image_urls":["http://numismatics.org/collectionimages/19001949/1937/1937.158.501.rev.width350.jpg"]},{"from":140,"to":143,"title":"RIC III Antoninus Pius 80A (denarius). 1944.100.48130","image_urls":["http://numismatics.org/collectionimages/19001949/1944/1944.100.48130.rev.width350.jpg"]},{"from":140,"to":144,"title":"RIC III Antoninus Pius 706A. 1995.11.160","image_urls":["http://numismatics.org/collectionimages/19501999/1995/1995.11.160.rev.width350.jpg"]},{"from":140,"to":144,"title":"RIC III Antoninus Pius 424A (denarius). 1956.127.726","image_urls":["http://numismatics.org/collectionimages/19501999/1956/1956.127.726.rev.width350.jpg"]},{"from":140,"to":141,"title":"Bronze Drachm of Antoninus Pius, Alexandreia, AD 140 - AD 141. 1944.100.60976","image_urls":["http://numismatics.org/collectionimages/19001949/1944/1944.100.60976.rev.width350.jpg"]},{"from":140,"to":141,"title":"Silver Drachm, Ecbatana, AD 140 - AD 141. 1973.56.1700","image_urls":["http://numismatics.org/collectionimages/19501999/1973/1973.56.1700.rev.width350.jpg"]},{"from":140,"to":144,"title":"RIC III Antoninus Pius 642A. 2014.13.2","image_urls":["http://numismatics.org/collectionimages/20002049/2014/2014.13.2.rev.width350.jpg"]},{"from":140,"to":144,"title":"RIC III Antoninus Pius 612a. 1944.100.48213","image_urls":["http://numismatics.org/collectionimages/19001949/1944/1944.100.48213.rev.width350.jpg"]},{"from":140,"to":143,"title":"RIC III Antoninus Pius 61c. 1956.163.661","image_urls":["http://numismatics.org/collectionimages/19501999/1956/1956.163.661.rev.width350.jpg"]},{"from":140,"to":144,"title":"RIC III Antoninus Pius 663. 1944.100.48228","image_urls":["http://numismatics.org/collectionimages/19001949/1944/1944.100.48228.rev.width350.jpg"]},{"from":140,"to":141,"title":"Bronze Coin, Ecbatana, AD 140 - AD 141. 1944.100.83397","image_urls":["http://numismatics.org/collectionimages/19001949/1944/1944.100.83397.rev.width350.jpg"]},{"from":140,"to":144,"title":"RIC III Antoninus Pius 668. 1974.95.146","image_urls":["http://numismatics.org/collectionimages/19501999/1974/1974.95.146.rev.width350.jpg"]},{"from":140,"to":144,"title":"RIC III Antoninus Pius 423A (denarius). 1948.146.9","image_urls":["http://numismatics.org/collectionimages/19001949/1948/1948.146.9.rev.width350.jpg"]},{"from":140,"to":144,"title":"RIC III Antoninus Pius 642A. 1995.11.171","image_urls":["http://numismatics.org/collectionimages/19501999/1995/1995.11.171.rev.width350.jpg"]},{"from":140,"to":144,"title":"RIC III Antoninus Pius 694A. 1944.100.48234","image_urls":["http://numismatics.org/collectionimages/19001949/1944/1944.100.48234.rev.width350.jpg"]},{"from":140,"to":143,"title":"RIC III Antoninus Pius 70a. 1956.127.368","image_urls":["http://numismatics.org/collectionimages/19501999/1956/1956.127.368.rev.width350.jpg"]},{"from":140,"to":143,"title":"RIC III Antoninus Pius 61c. 1956.127.356","image_urls":["http://numismatics.org/collectionimages/19501999/1956/1956.127.356.rev.width350.jpg"]},{"from":140,"to":144,"title":"RIC III Antoninus Pius 424A (denarius). 1956.127.725","image_urls":["http://numismatics.org/collectionimages/19501999/1956/1956.127.725.rev.width350.jpg"]},{"from":140,"to":144,"title":"RIC III Antoninus Pius 624a. 1944.100.48216","image_urls":["http://numismatics.org/collectionimages/19001949/1944/1944.100.48216.rev.width350.jpg"]},{"from":140,"to":141,"title":"Silver Drachm, Ecbatana, AD 140 - AD 141. 1944.100.83370","image_urls":["http://numismatics.org/collectionimages/19001949/1944/1944.100.83370.rev.width350.jpg"]},{"from":140,"to":141,"title":"Silver Drachm, Ecbatana, AD 140 - AD 141. 1944.100.83364","image_urls":["http://numismatics.org/collectionimages/19001949/1944/1944.100.83364.rev.width350.jpg"]},{"from":140,"to":144,"title":"RIC III Antoninus Pius 611. 1937.158.499","image_urls":["http://numismatics.org/collectionimages/19001949/1937/1937.158.499.rev.width350.jpg"]},{"from":140,"to":143,"title":"RIC III Antoninus Pius 64a. 1956.127.341","image_urls":["http://numismatics.org/collectionimages/19501999/1956/1956.127.341.rev.width350.jpg"]},{"from":140,"to":141,"title":"Silver Drachm, Ecbatana, AD 140 - AD 141. 1944.100.83358","image_urls":["http://numismatics.org/collectionimages/19001949/1944/1944.100.83358.rev.width350.jpg"]},{"from":140,"to":144,"title":"RIC III Antoninus Pius 612a. 1995.11.415","image_urls":["http://numismatics.org/collectionimages/19501999/1995/1995.11.415.rev.width350.jpg"]},{"from":140,"to":141,"title":"Bronze Drachm of Antoninus Pius, Alexandreia, AD 140 - AD 141. 1944.100.60149","image_urls":["http://numismatics.org/collectionimages/19001949/1944/1944.100.60149.rev.width350.jpg"]},{"from":140,"to":143,"title":"RIC III Antoninus Pius 64c. 1956.127.1832","image_urls":["http://numismatics.org/collectionimages/19501999/1956/1956.127.1832.rev.width350.jpg"]},{"from":140,"to":143,"title":"RIC III Antoninus Pius 80A (denarius). 1911.23.191","image_urls":["http://numismatics.org/collectionimages/19001949/1911/1911.23.191.rev.width350.jpg"]},{"from":140,"to":144,"title":"RIC III Antoninus Pius 424A (denarius). 1956.127.723","image_urls":["http://numismatics.org/collectionimages/19501999/1956/1956.127.723.rev.width350.jpg"]},{"from":140,"to":144,"title":"RIC III Antoninus Pius 620b. 1995.11.1809","image_urls":["http://numismatics.org/collectionimages/19501999/1995/1995.11.1809.rev.width350.jpg"]},{"from":140,"to":143,"title":"RIC III Antoninus Pius 64c. 1911.23.185","image_urls":["http://numismatics.org/collectionimages/19001949/1911/1911.23.185.rev.width350.jpg"]},{"from":140,"to":143,"title":"RIC III Antoninus Pius 92. 1966.62.2","image_urls":["http://numismatics.org/collectionimages/19501999/1966/1966.62.2.rev.width350.jpg"]},{"from":140,"to":141,"title":"Bronze Drachm of Antoninus Pius, Alexandreia, AD 140 - AD 141. 1944.100.60182","image_urls":["http://numismatics.org/collectionimages/19001949/1944/1944.100.60182.rev.width350.jpg"]},{"from":140,"to":144,"title":"RIC III Antoninus Pius 423A (denarius). 1956.127.717","image_urls":["http://numismatics.org/collectionimages/19501999/1956/1956.127.717.rev.width350.jpg"]},{"from":140,"to":143,"title":"RIC III Antoninus Pius 61c. 1956.127.1826","image_urls":["http://numismatics.org/collectionimages/19501999/1956/1956.127.1826.rev.width350.jpg"]},{"from":140,"to":141,"title":"Bronze Drachm of Antoninus Pius, Alexandreia, AD 140 - AD 141. 1973.56.799","image_urls":["http://numismatics.org/collectionimages/19501999/1973/1973.56.799.rev.width350.jpg"]},{"from":140,"to":141,"title":"Bronze Coin, Ecbatana, AD 140 - AD 141. 1944.100.83385","image_urls":["http://numismatics.org/collectionimages/19001949/1944/1944.100.83385.rev.width350.jpg"]},{"from":140,"to":143,"title":"RIC III Antoninus Pius 63Bc. 1956.127.362","image_urls":["http://numismatics.org/collectionimages/19501999/1956/1956.127.362.rev.width350.jpg"]},{"from":140,"to":144,"title":"RIC III Antoninus Pius 600a. 0000.999.20753","image_urls":["http://numismatics.org/collectionimages/00001899/0000/0000.999.20753.rev.width350.jpg"]},{"from":140,"to":143,"title":"RIC III Antoninus Pius 62A. 1995.11.372","image_urls":["http://numismatics.org/collectionimages/19501999/1995/1995.11.372.rev.width350.jpg"]},{"from":140,"to":144,"title":"RIC III Antoninus Pius 642A. 1944.100.48222","image_urls":["http://numismatics.org/collectionimages/19001949/1944/1944.100.48222.rev.width350.jpg"]},{"from":140,"to":144,"title":"RIC III Antoninus Pius 660A. 1947.2.470","image_urls":["http://numismatics.org/collectionimages/19001949/1947/1947.2.470.rev.width350.jpg"]},{"from":140,"to":143,"title":"RIC III Antoninus Pius 63Bc. 1956.127.2314","image_urls":["http://numismatics.org/collectionimages/19501999/1956/1956.127.2314.rev.width350.jpg"]},{"from":140,"to":144,"title":"RIC III Antoninus Pius 1240B (dupondius). 1944.100.49034","image_urls":["http://numismatics.org/collectionimages/19001949/1944/1944.100.49034.rev.width350.jpg"]},{"from":140,"to":144,"title":"RIC III Antoninus Pius 423A (denarius). 1956.127.719","image_urls":["http://numismatics.org/collectionimages/19501999/1956/1956.127.719.rev.width350.jpg"]},{"from":140,"to":143,"title":"RIC III Antoninus Pius 95c. 1941.131.823","image_urls":["http://numismatics.org/collectionimages/19001949/1941/1941.131.823.rev.width350.jpg"]},{"from":140,"to":144,"title":"RIC III Antoninus Pius 600a. 1995.11.174","image_urls":["http://numismatics.org/collectionimages/19501999/1995/1995.11.174.rev.width350.jpg"]},{"from":140,"to":143,"title":"RIC III Antoninus Pius 98A. 1956.127.377","image_urls":["http://numismatics.org/collectionimages/19501999/1956/1956.127.377.rev.width350.jpg"]},{"from":140,"to":144,"title":"RIC III Antoninus Pius 622a. 1957.172.1716","image_urls":["http://numismatics.org/collectionimages/19501999/1957/1957.172.1716.rev.width350.jpg"]},{"from":140,"to":144,"title":"RIC III Antoninus Pius 601a. 1944.100.48210","image_urls":["http://numismatics.org/collectionimages/19001949/1944/1944.100.48210.rev.width350.jpg"]},{"from":140,"to":144,"title":"RIC III Antoninus Pius 426. 1956.127.728","image_urls":["http://numismatics.org/collectionimages/19501999/1956/1956.127.728.rev.width350.jpg"]},{"from":140,"to":144,"title":"Silver Denarius of Antoninus Pius, Rome, AD 140 - AD 144. 1946.7.13","image_urls":["http://numismatics.org/collectionimages/19001949/1946/1946.7.13.rev.width350.jpg"]},{"from":140,"to":143,"title":"RIC III Antoninus Pius 61c. 1956.127.2309","image_urls":["http://numismatics.org/collectionimages/19501999/1956/1956.127.2309.rev.width350.jpg"]},{"from":140,"to":144,"title":"RIC III Antoninus Pius 635a. 1937.158.500","image_urls":["http://numismatics.org/collectionimages/19001949/1937/1937.158.500.rev.width350.jpg"]},{"from":140,"to":141,"title":"Silver Drachm, Ecbatana, AD 140 - AD 141. 1944.100.83359","image_urls":["http://numismatics.org/collectionimages/19001949/1944/1944.100.83359.rev.width350.jpg"]},{"from":140,"to":141,"title":"Bronze Drachm of Antoninus Pius, Alexandreia, AD 140 - AD 141. 1944.100.60158","image_urls":["http://numismatics.org/collectionimages/19001949/1944/1944.100.60158.rev.width350.jpg"]},{"from":140,"to":143,"title":"RIC III Antoninus Pius 70a. 1948.19.1251","image_urls":["http://numismatics.org/collectionimages/19001949/1948/1948.19.1251.rev.width350.jpg"]},{"from":140,"to":141,"title":"Silver Tetradrachm, Seleuceia ad Tigrim, AD 140 - AD 141. 1944.100.83317","image_urls":["http://numismatics.org/collectionimages/19001949/1944/1944.100.83317.rev.width350.jpg"]},{"from":140,"to":143,"title":"RIC III Antoninus Pius 95c. 1956.127.1835","image_urls":["http://numismatics.org/collectionimages/19501999/1956/1956.127.1835.rev.width350.jpg"]},{"from":140,"to":143,"title":"RIC III Antoninus Pius 62A. 1956.127.1829","image_urls":["http://numismatics.org/collectionimages/19501999/1956/1956.127.1829.rev.width350.jpg"]},{"from":140,"to":143,"title":"RIC III Antoninus Pius 69c. 1911.23.188","image_urls":["http://numismatics.org/collectionimages/19001949/1911/1911.23.188.rev.width350.jpg"]},{"from":140,"to":144,"title":"RIC III Antoninus Pius 676. 1943.23.49","image_urls":["http://numismatics.org/collectionimages/19001949/1943/1943.23.49.rev.width350.jpg"]},{"from":140,"to":141,"title":"Bronze Drachm of Antoninus Pius, Alexandreia, AD 140 - AD 141. 1944.100.60164","image_urls":["http://numismatics.org/collectionimages/19001949/1944/1944.100.60164.rev.width350.jpg"]},{"from":140,"to":144,"title":"RIC III Antoninus Pius 656. 1954.18.167","image_urls":["http://numismatics.org/collectionimages/19501999/1954/1954.18.167.rev.width350.jpg"]},{"from":140,"to":144,"title":"RIC III Antoninus Pius 635a. 1978.64.432","image_urls":["http://numismatics.org/collectionimages/19501999/1978/1978.64.432.rev.width350.jpg"]},{"from":140,"to":141,"title":"Silver Drachm, Ecbatana, AD 140 - AD 141. 1944.100.83365","image_urls":["http://numismatics.org/collectionimages/19001949/1944/1944.100.83365.rev.width350.jpg"]},{"from":140,"to":144,"title":"RIC III Antoninus Pius 422 (denarius). 1956.127.714","image_urls":["http://numismatics.org/collectionimages/19501999/1956/1956.127.714.rev.width350.jpg"]},{"from":140,"to":144,"title":"RIC III Antoninus Pius 1214. 1944.100.48205","image_urls":["http://numismatics.org/collectionimages/19001949/1944/1944.100.48205.rev.width350.jpg"]},{"from":140,"to":141,"title":"Silver Drachm, Ecbatana, AD 140 - AD 141. 1944.100.83368","image_urls":["http://numismatics.org/collectionimages/19001949/1944/1944.100.83368.rev.width350.jpg"]},{"from":140,"to":141,"title":"Bronze Drachm of Antoninus Pius, Alexandreia, AD 140 - AD 141. 1944.100.60152","image_urls":["http://numismatics.org/collectionimages/19001949/1944/1944.100.60152.rev.width350.jpg"]},{"from":140,"to":143,"title":"RIC III Antoninus Pius 70a. 1944.100.48127","image_urls":["http://numismatics.org/collectionimages/19001949/1944/1944.100.48127.rev.width350.jpg"]},{"from":140,"to":141,"title":"Silver Drachm, Ecbatana, AD 140 - AD 141. 1923.150.403","image_urls":["http://numismatics.org/collectionimages/19001949/1923/1923.150.403.rev.width350.jpg"]},{"from":140,"to":144,"title":"RIC III Antoninus Pius 597b. 1944.100.48208","image_urls":["http://numismatics.org/collectionimages/19001949/1944/1944.100.48208.rev.width350.jpg"]},{"from":140,"to":141,"title":"Silver Drachm, Ecbatana, AD 140 - AD 141. 1944.100.83362","image_urls":["http://numismatics.org/collectionimages/19001949/1944/1944.100.83362.rev.width350.jpg"]},{"from":140,"to":141,"title":"Bronze Drachm of Antoninus Pius, Alexandreia, AD 140 - AD 141. 1944.100.60161","image_urls":["http://numismatics.org/collectionimages/19001949/1944/1944.100.60161.rev.width350.jpg"]},{"from":140,"to":144,"title":"RIC III Antoninus Pius 1238 (dupondius). 1944.100.49032","image_urls":["http://numismatics.org/collectionimages/19001949/1944/1944.100.49032.rev.width350.jpg"]},{"from":140,"to":141,"title":"Silver Drachm, Ecbatana, AD 140 - AD 141. 1949.66.39","image_urls":["http://numismatics.org/collectionimages/19001949/1949/1949.66.39.rev.width350.jpg"]},{"from":140,"to":144,"title":"RIC III Antoninus Pius 422 (denarius). 1935.117.427","image_urls":["http://numismatics.org/collectionimages/19001949/1935/1935.117.427.rev.width350.jpg"]},{"from":140,"to":144,"title":"RIC III Antoninus Pius 658. 1951.61.62","image_urls":["http://numismatics.org/collectionimages/19501999/1951/1951.61.62.rev.width350.jpg"]},{"from":140,"to":144,"title":"RIC III Antoninus Pius 654. 1944.100.48225","image_urls":["http://numismatics.org/collectionimages/19001949/1944/1944.100.48225.rev.width350.jpg"]},{"from":140,"to":141,"title":"Silver Drachm, Ecbatana, AD 140 - AD 141. 1973.56.1706","image_urls":["http://numismatics.org/collectionimages/19501999/1973/1973.56.1706.rev.width350.jpg"]},{"from":140,"to":143,"title":"RIC III Antoninus Pius 105Cc. 1905.57.380","image_urls":["http://numismatics.org/collectionimages/19001949/1905/1905.57.380.rev.width350.jpg"]},{"from":140,"to":143,"title":"RIC III Antoninus Pius 98C. 1995.110.30","image_urls":["http://numismatics.org/collectionimages/19501999/1995/1995.110.30.rev.width350.jpg"]},{"from":140,"to":143,"title":"RIC III Antoninus Pius 61c. 1911.23.182","image_urls":["http://numismatics.org/collectionimages/19001949/1911/1911.23.182.rev.width350.jpg"]},{"from":140,"to":144,"title":"RIC III Antoninus Pius 631. 1944.100.48219","image_urls":["http://numismatics.org/collectionimages/19001949/1944/1944.100.48219.rev.width350.jpg"]},{"from":140,"to":144,"title":"RIC III Antoninus Pius 424A (denarius). 1911.23.275","image_urls":["http://numismatics.org/collectionimages/19001949/1911/1911.23.275.rev.width350.jpg"]},{"from":140,"to":144,"title":"RIC III Antoninus Pius 679. 1978.999.18","image_urls":["http://numismatics.org/collectionimages/19501999/1978/1978.999.18.rev.width350.jpg"]},{"from":140,"to":144,"title":"RIC III Antoninus Pius 424A (denarius). 1944.100.49011","image_urls":["http://numismatics.org/collectionimages/19001949/1944/1944.100.49011.rev.width350.jpg"]},{"from":140,"to":141,"title":"Bronze Drachm of Antoninus Pius, Alexandreia, AD 140 - AD 141. 1944.100.60143","image_urls":["http://numismatics.org/collectionimages/19001949/1944/1944.100.60143.rev.width350.jpg"]},{"from":140,"to":144,"title":"RIC III Antoninus Pius 1240C (as). 1995.11.996","image_urls":["http://numismatics.org/collectionimages/19501999/1995/1995.11.996.rev.width350.jpg"]},{"from":140,"to":144,"title":"RIC III Antoninus Pius 674. 1995.90.8","image_urls":["http://numismatics.org/collectionimages/19501999/1995/1995.90.8.rev.width350.jpg"]},{"from":140,"to":141,"title":"Silver Drachm, Ecbatana, AD 140 - AD 141. 1973.56.1703","image_urls":["http://numismatics.org/collectionimages/19501999/1973/1973.56.1703.rev.width350.jpg"]},{"from":140,"to":141,"title":"Bronze Drachm of Antoninus Pius, Alexandreia, AD 140 - AD 141. 1944.100.60137","image_urls":["http://numismatics.org/collectionimages/19001949/1944/1944.100.60137.rev.width350.jpg"]},{"from":140,"to":144,"title":"RIC III Antoninus Pius 423A (denarius). 1944.100.49008","image_urls":["http://numismatics.org/collectionimages/19001949/1944/1944.100.49008.rev.width350.jpg"]},{"from":140,"to":144,"title":"Bronze Sestertius of Antoninus Pius, Rome, AD 140 - AD 144. 1954.203.205","image_urls":["http://numismatics.org/collectionimages/19501999/1954/1954.203.205.rev.width350.jpg"]},{"from":140,"to":144,"title":"RIC III Antoninus Pius 424A (denarius). 1935.117.428","image_urls":["http://numismatics.org/collectionimages/19001949/1935/1935.117.428.rev.width350.jpg"]},{"from":140,"to":143,"title":"RIC III Antoninus Pius 80A (denarius). 1956.127.372","image_urls":["http://numismatics.org/collectionimages/19501999/1956/1956.127.372.rev.width350.jpg"]},{"from":140,"to":141,"title":"Bronze Drachm of Antoninus Pius, Alexandreia, AD 140 - AD 141. 1944.100.60153","image_urls":["http://numismatics.org/collectionimages/19001949/1944/1944.100.60153.rev.width350.jpg"]},{"from":140,"to":143,"title":"RIC III Antoninus Pius 74b. 1956.184.37","image_urls":["http://numismatics.org/collectionimages/19501999/1956/1956.184.37.rev.width350.jpg"]},{"from":140,"to":141,"title":"Bronze Drachm of Antoninus Pius, Alexandreia, AD 140 - AD 141. 1973.56.797","image_urls":["http://numismatics.org/collectionimages/19501999/1973/1973.56.797.rev.width350.jpg"]},{"from":140,"to":144,"title":"RIC III Antoninus Pius 618a. 1944.100.48214","image_urls":["http://numismatics.org/collectionimages/19001949/1944/1944.100.48214.rev.width350.jpg"]},{"from":140,"to":144,"title":"RIC III Antoninus Pius 674. 1944.100.48229","image_urls":["http://numismatics.org/collectionimages/19001949/1944/1944.100.48229.rev.width350.jpg"]},{"from":140,"to":143,"title":"RIC III Antoninus Pius 64c. 1985.140.119","image_urls":["http://numismatics.org/collectionimages/19501999/1985/1985.140.119.rev.width350.jpg"]},{"from":140,"to":143,"title":"RIC III Antoninus Pius 61c. 1956.127.1827","image_urls":["http://numismatics.org/collectionimages/19501999/1956/1956.127.1827.rev.width350.jpg"]},{"from":140,"to":141,"title":"Silver Drachm, Ecbatana, AD 140 - AD 141. 1973.56.1701","image_urls":["http://numismatics.org/collectionimages/19501999/1973/1973.56.1701.rev.width350.jpg"]},{"from":140,"to":143,"title":"RIC III Antoninus Pius 98A. 1944.100.48132","image_urls":["http://numismatics.org/collectionimages/19001949/1944/1944.100.48132.rev.width350.jpg"]},{"from":140,"to":143,"title":"RIC III Antoninus Pius 78B. 1956.127.371","image_urls":["http://numismatics.org/collectionimages/19501999/1956/1956.127.371.rev.width350.jpg"]},{"from":140,"to":144,"title":"RIC III Antoninus Pius 678. 1944.100.48231","image_urls":["http://numismatics.org/collectionimages/19001949/1944/1944.100.48231.rev.width350.jpg"]},{"from":140,"to":143,"title":"RIC III Antoninus Pius 69a. 1944.100.48126","image_urls":["http://numismatics.org/collectionimages/19001949/1944/1944.100.48126.rev.width350.jpg"]},{"from":140,"to":141,"title":"Bronze Coin, Ecbatana, AD 140 - AD 141. 1944.100.83394","image_urls":["http://numismatics.org/collectionimages/19001949/1944/1944.100.83394.rev.width350.jpg"]},{"from":140,"to":161,"title":"Bronze As of Antoninus Pius, Rome, AD 140 - AD 161. 1906.236.366","image_urls":["http://numismatics.org/collectionimages/19001949/1906/1906.236.366.rev.width350.jpg"]},{"from":140,"to":144,"title":"RIC III Antoninus Pius 694D. 1946.125.3","image_urls":["http://numismatics.org/collectionimages/19001949/1946/1946.125.3.rev.width350.jpg"]},{"from":140,"to":144,"title":"RIC III Antoninus Pius 423A (aureus). 1965.66.17","image_urls":["http://numismatics.org/collectionimages/19501999/1965/1965.66.17.rev.width350.jpg"]},{"from":140,"to":143,"title":"RIC III Antoninus Pius 84c. 1956.127.374","image_urls":["http://numismatics.org/collectionimages/19501999/1956/1956.127.374.rev.width350.jpg"]},{"from":140,"to":143,"title":"RIC III Antoninus Pius 78B. 1944.100.48129","image_urls":["http://numismatics.org/collectionimages/19001949/1944/1944.100.48129.rev.width350.jpg"]},{"from":140,"to":144,"title":"RIC III Antoninus Pius 643a. 1988.5.37","image_urls":["http://numismatics.org/collectionimages/19501999/1988/1988.5.37.rev.width350.jpg"]},{"from":140,"to":144,"title":"RIC III Antoninus Pius 608. 1952.41.1","image_urls":["http://numismatics.org/collectionimages/19501999/1952/1952.41.1.rev.width350.jpg"]},{"from":140,"to":143,"title":"RIC III Antoninus Pius 62A. 1957.172.1707","image_urls":["http://numismatics.org/collectionimages/19501999/1957/1957.172.1707.rev.width350.jpg"]},{"from":140,"to":144,"title":"RIC III Antoninus Pius 597a. 1944.100.48207","image_urls":["http://numismatics.org/collectionimages/19001949/1944/1944.100.48207.rev.width350.jpg"]},{"from":140,"to":144,"title":"RIC III Antoninus Pius 424A (denarius). 1956.127.722","image_urls":["http://numismatics.org/collectionimages/19501999/1956/1956.127.722.rev.width350.jpg"]},{"from":140,"to":141,"title":"Bronze Drachm of Antoninus Pius, Alexandreia, AD 140 - AD 141. 1944.100.60148","image_urls":["http://numismatics.org/collectionimages/19001949/1944/1944.100.60148.rev.width350.jpg"]},{"from":140,"to":143,"title":"RIC III Antoninus Pius 80B. 1956.184.38","image_urls":["http://numismatics.org/collectionimages/19501999/1956/1956.184.38.rev.width350.jpg"]},{"from":140,"to":144,"title":"RIC III Antoninus Pius 1234A. 1944.100.49031","image_urls":["http://numismatics.org/collectionimages/19001949/1944/1944.100.49031.rev.width350.jpg"]},{"from":140,"to":144,"title":"RIC III Antoninus Pius 422 (denarius). 1956.127.716","image_urls":["http://numismatics.org/collectionimages/19501999/1956/1956.127.716.rev.width350.jpg"]},{"from":140,"to":144,"title":"RIC III Antoninus Pius 597a. 1995.11.408","image_urls":["http://numismatics.org/collectionimages/19501999/1995/1995.11.408.rev.width350.jpg"]},{"from":140,"to":143,"title":"RIC III Antoninus Pius 61c. 1956.127.1825","image_urls":["http://numismatics.org/collectionimages/19501999/1956/1956.127.1825.rev.width350.jpg"]},{"from":140,"to":141,"title":"Bronze Drachm of Antoninus Pius, Alexandreia, AD 140 - AD 141. 1944.100.60154","image_urls":["http://numismatics.org/collectionimages/19001949/1944/1944.100.60154.rev.width350.jpg"]},{"from":140,"to":144,"title":"RIC III Antoninus Pius 679. 1906.236.345","image_urls":["http://numismatics.org/collectionimages/19001949/1906/1906.236.345.rev.width350.jpg"]},{"from":140,"to":144,"title":"RIC III Antoninus Pius 424A (denarius). 1944.100.49010","image_urls":["http://numismatics.org/collectionimages/19001949/1944/1944.100.49010.rev.width350.jpg"]},{"from":140,"to":143,"title":"RIC III Antoninus Pius 78B. 1911.23.190","image_urls":["http://numismatics.org/collectionimages/19001949/1911/1911.23.190.rev.width350.jpg"]},{"from":140,"to":143,"title":"RIC III Antoninus Pius 62A. 1956.127.1831","image_urls":["http://numismatics.org/collectionimages/19501999/1956/1956.127.1831.rev.width350.jpg"]},{"from":140,"to":144,"title":"RIC III Antoninus Pius 605a. 1955.59.21","image_urls":["http://numismatics.org/collectionimages/19501999/1955/1955.59.21.rev.width350.jpg"]},{"from":140,"to":144,"title":"RIC III Antoninus Pius 1238 (dupondius). 0000.999.20912","image_urls":["http://numismatics.org/collectionimages/00001899/0000/0000.999.20912.rev.width350.jpg"]},{"from":140,"to":144,"title":"RIC III Antoninus Pius 597a. 1965.30.4","image_urls":["http://numismatics.org/collectionimages/19501999/1965/1965.30.4.rev.width350.jpg"]},{"from":140,"to":144,"title":"RIC III Antoninus Pius 700A. 1995.11.162","image_urls":["http://numismatics.org/collectionimages/19501999/1995/1995.11.162.rev.width350.jpg"]},{"from":140,"to":144,"title":"RIC III Antoninus Pius 426. 1995.11.156","image_urls":["http://numismatics.org/collectionimages/19501999/1995/1995.11.156.rev.width350.jpg"]},{"from":140,"to":143,"title":"RIC III Antoninus Pius 62A. 1956.127.359","image_urls":["http://numismatics.org/collectionimages/19501999/1956/1956.127.359.rev.width350.jpg"]},{"from":140,"to":144,"title":"RIC III Antoninus Pius 709B. 1946.7.15","image_urls":["http://numismatics.org/collectionimages/19001949/1946/1946.7.15.rev.width350.jpg"]},{"from":140,"to":144,"title":"RIC III Antoninus Pius 621A. 1954.203.203","image_urls":["http://numismatics.org/collectionimages/19501999/1954/1954.203.203.rev.width350.jpg"]},{"from":140,"to":144,"title":"Bronze Medallion of Antoninus Pius, Rome, AD 140 - AD 144. 1992.45.35","image_urls":["http://numismatics.org/collectionimages/19501999/1992/1992.45.35.rev.width350.jpg"]},{"from":140,"to":141,"title":"Silver Drachm, Ecbatana, AD 140 - AD 141. 1944.100.83361","image_urls":["http://numismatics.org/collectionimages/19001949/1944/1944.100.83361.rev.width350.jpg"]},{"from":140,"to":143,"title":"RIC III Antoninus Pius 63Bc. 1911.23.184","image_urls":["http://numismatics.org/collectionimages/19001949/1911/1911.23.184.rev.width350.jpg"]},{"from":140,"to":141,"title":"Silver Drachm, Ecbatana, AD 140 - AD 141. 1908.115.20","image_urls":["http://numismatics.org/collectionimages/19001949/1908/1908.115.20.rev.width350.jpg"]},{"from":140,"to":144,"title":"RIC III Antoninus Pius 424A (denarius). 1987.26.169","image_urls":["http://numismatics.org/collectionimages/19501999/1987/1987.26.169.rev.width350.jpg"]},{"from":140,"to":143,"title":"RIC III Antoninus Pius 95c. 1956.127.376","image_urls":["http://numismatics.org/collectionimages/19501999/1956/1956.127.376.rev.width350.jpg"]},{"from":140,"to":141,"title":"Silver Drachm, Ecbatana, AD 140 - AD 141. 1973.56.1702","image_urls":["http://numismatics.org/collectionimages/19501999/1973/1973.56.1702.rev.width350.jpg"]},{"from":140,"to":144,"title":"RIC III Antoninus Pius 607a. 1892.32.4","image_urls":["http://numismatics.org/collectionimages/00001899/1892/1892.32.4.rev.width350.jpg"]},{"from":140,"to":144,"title":"RIC III Antoninus Pius 704A. 1944.100.48236","image_urls":["http://numismatics.org/collectionimages/19001949/1944/1944.100.48236.rev.width350.jpg"]},{"from":140,"to":141,"title":"Silver Drachm, Ecbatana, AD 140 - AD 141. 0000.999.75701","image_urls":["http://numismatics.org/collectionimages/00001899/0000/0000.999.75701.rev.width350.jpg"]},{"from":140,"to":143,"title":"RIC III Antoninus Pius 69a. 1911.23.187","image_urls":["http://numismatics.org/collectionimages/19001949/1911/1911.23.187.rev.width350.jpg"]},{"from":140,"to":143,"title":"RIC III Antoninus Pius 98C. 1911.23.193","image_urls":["http://numismatics.org/collectionimages/19001949/1911/1911.23.193.rev.width350.jpg"]},{"from":140,"to":144,"title":"Bronze Medallion, Rome, AD 140 - AD 144. 1944.100.48320","image_urls":["http://numismatics.org/collectionimages/19001949/1944/1944.100.48320.rev.width350.jpg"]},{"from":140,"to":144,"title":"RIC III Antoninus Pius 643a. 1944.100.48221","image_urls":["http://numismatics.org/collectionimages/19001949/1944/1944.100.48221.rev.width350.jpg"]},{"from":140,"to":141,"title":"Silver Drachm, Ecbatana, AD 140 - AD 141. 1959.236.9","image_urls":["http://numismatics.org/collectionimages/19501999/1959/1959.236.9.rev.width350.jpg"]},{"from":140,"to":143,"title":"RIC III Antoninus Pius 62A. 1956.127.1828","image_urls":["http://numismatics.org/collectionimages/19501999/1956/1956.127.1828.rev.width350.jpg"]},{"from":140,"to":144,"title":"RIC III Antoninus Pius 1234A. 1995.11.980","image_urls":["http://numismatics.org/collectionimages/19501999/1995/1995.11.980.rev.width350.jpg"]},{"from":140,"to":144,"title":"RIC III Antoninus Pius 422 (denarius). 1944.100.49007","image_urls":["http://numismatics.org/collectionimages/19001949/1944/1944.100.49007.rev.width350.jpg"]},{"from":140,"to":143,"title":"RIC III Antoninus Pius 62A. 1948.19.1250","image_urls":["http://numismatics.org/collectionimages/19001949/1948/1948.19.1250.rev.width350.jpg"]},{"from":140,"to":143,"title":"RIC III Antoninus Pius 78B. 1956.127.1834","image_urls":["http://numismatics.org/collectionimages/19501999/1956/1956.127.1834.rev.width350.jpg"]},{"from":140,"to":141,"title":"Silver Drachm, Ecbatana, AD 140 - AD 141. 1949.66.38","image_urls":["http://numismatics.org/collectionimages/19001949/1949/1949.66.38.rev.width350.jpg"]},{"from":140,"to":143,"title":"RIC III Antoninus Pius 69a. 1983.19.7","image_urls":["http://numismatics.org/collectionimages/19501999/1983/1983.19.7.rev.width350.jpg"]},{"from":140,"to":141,"title":"Billon Tetradrachm of Antoninus Pius, Alexandreia, AD 140 - AD 141. 1944.100.58588","image_urls":["http://numismatics.org/collectionimages/19001949/1944/1944.100.58588.rev.width350.jpg"]},{"from":140,"to":141,"title":"Silver Drachm, Ecbatana, AD 140 - AD 141. 1944.100.83367","image_urls":["http://numismatics.org/collectionimages/19001949/1944/1944.100.83367.rev.width350.jpg"]},{"from":140,"to":144,"title":"RIC III Antoninus Pius 694A. 1967.153.152","image_urls":["http://numismatics.org/collectionimages/19501999/1967/1967.153.152.rev.width350.jpg"]},{"from":140,"to":144,"title":"RIC III Antoninus Pius 635a. 1906.236.342","image_urls":["http://numismatics.org/collectionimages/19001949/1906/1906.236.342.rev.width350.jpg"]},{"from":140,"to":141,"title":"Bronze Diobol of Antoninus Pius, Alexandreia, AD 140 - AD 141. 1944.100.60172","image_urls":["http://numismatics.org/collectionimages/19001949/1944/1944.100.60172.rev.width350.jpg"]},{"from":140,"to":144,"title":"RIC III Antoninus Pius 423A (denarius). 1905.57.397","image_urls":["http://numismatics.org/collectionimages/19001949/1905/1905.57.397.rev.width350.jpg"]},{"from":140,"to":143,"title":"RIC III Antoninus Pius 91. 1954.256.17","image_urls":["http://numismatics.org/collectionimages/19501999/1954/1954.256.17.rev.width350.jpg"]},{"from":140,"to":144,"title":"RIC III Antoninus Pius 1212. 1995.11.429","image_urls":["http://numismatics.org/collectionimages/19501999/1995/1995.11.429.rev.width350.jpg"]},{"from":140,"to":144,"title":"RIC III Antoninus Pius 424A (denarius). 1956.127.721","image_urls":["http://numismatics.org/collectionimages/19501999/1956/1956.127.721.rev.width350.jpg"]},{"from":140,"to":161,"title":"Bronze As of Antoninus Pius, Rome, AD 140 - AD 161. 1951.51.4","image_urls":["http://numismatics.org/collectionimages/19501999/1951/1951.51.4.rev.width350.jpg"]},{"from":140,"to":144,"title":"RIC III Antoninus Pius 600b. 1947.2.469","image_urls":["http://numismatics.org/collectionimages/19001949/1947/1947.2.469.rev.width350.jpg"]},{"from":140,"to":141,"title":"Silver Drachm, Ecbatana, AD 140 - AD 141. 1944.100.83369","image_urls":["http://numismatics.org/collectionimages/19001949/1944/1944.100.83369.rev.width350.jpg"]},{"from":140,"to":141,"title":"Bronze Diobol of Antoninus Pius, Alexandreia, AD 140 - AD 141. 1944.100.60168","image_urls":["http://numismatics.org/collectionimages/19001949/1944/1944.100.60168.rev.width350.jpg"]},{"from":140,"to":141,"title":"Bronze Drachm of Antoninus Pius, Alexandreia, AD 140 - AD 141. 1934.21.65","image_urls":["http://numismatics.org/collectionimages/19001949/1934/1934.21.65.rev.width350.jpg"]},{"from":140,"to":144,"title":"RIC III Antoninus Pius 659. 1995.11.398","image_urls":["http://numismatics.org/collectionimages/19501999/1995/1995.11.398.rev.width350.jpg"]},{"from":140,"to":144,"title":"RIC III Antoninus Pius 641. 1988.5.36","image_urls":["http://numismatics.org/collectionimages/19501999/1988/1988.5.36.rev.width350.jpg"]},{"from":140,"to":141,"title":"Bronze Coin, Ecbatana, AD 140 - AD 141. 1944.100.83396","image_urls":["http://numismatics.org/collectionimages/19001949/1944/1944.100.83396.rev.width350.jpg"]},{"from":140,"to":144,"title":"RIC III Antoninus Pius 424A (denarius). 1956.127.724","image_urls":["http://numismatics.org/collectionimages/19501999/1956/1956.127.724.rev.width350.jpg"]},{"from":140,"to":143,"title":"RIC III Antoninus Pius 64c. 1956.127.1833","image_urls":["http://numismatics.org/collectionimages/19501999/1956/1956.127.1833.rev.width350.jpg"]},{"from":140,"to":143,"title":"RIC III Antoninus Pius 80A (denarius). 1987.26.162","image_urls":["http://numismatics.org/collectionimages/19501999/1987/1987.26.162.rev.width350.jpg"]},{"from":140,"to":144,"title":"RIC III Antoninus Pius 694A. 1947.97.450","image_urls":["http://numismatics.org/collectionimages/19001949/1947/1947.97.450.rev.width350.jpg"]},{"from":140,"to":143,"title":"RIC III Antoninus Pius 64c. 1956.127.363","image_urls":["http://numismatics.org/collectionimages/19501999/1956/1956.127.363.rev.width350.jpg"]},{"from":140,"to":144,"title":"RIC III Antoninus Pius 600b. 1951.51.3","image_urls":["http://numismatics.org/collectionimages/19501999/1951/1951.51.3.rev.width350.jpg"]},{"from":140,"to":143,"title":"RIC III Antoninus Pius 69a. 1956.127.365","image_urls":["http://numismatics.org/collectionimages/19501999/1956/1956.127.365.rev.width350.jpg"]},{"from":140,"to":144,"title":"RIC III Antoninus Pius 663. 1954.203.204","image_urls":["http://numismatics.org/collectionimages/19501999/1954/1954.203.204.rev.width350.jpg"]},{"from":140,"to":144,"title":"RIC III Antoninus Pius 626. 1995.11.406","image_urls":["http://numismatics.org/collectionimages/19501999/1995/1995.11.406.rev.width350.jpg"]},{"from":140,"to":144,"title":"RIC III Antoninus Pius 424A (aureus). 1944.100.49009","image_urls":["http://numismatics.org/collectionimages/19001949/1944/1944.100.49009.rev.width350.jpg"]},{"from":140,"to":143,"title":"RIC III Antoninus Pius 95c. 1948.19.1252","image_urls":["http://numismatics.org/collectionimages/19001949/1948/1948.19.1252.rev.width350.jpg"]},{"from":140,"to":141,"title":"Bronze Drachm of Antoninus Pius, Alexandreia, AD 140 - AD 141. 1944.100.60175","image_urls":["http://numismatics.org/collectionimages/19001949/1944/1944.100.60175.rev.width350.jpg"]},{"from":140,"to":144,"title":"RIC III Antoninus Pius 626. 1948.19.1277","image_urls":["http://numismatics.org/collectionimages/19001949/1948/1948.19.1277.rev.width350.jpg"]}]