[{"from":141,"to":141,"title":"NLM-F53086: A coin issued by Faustina the Elder","image_urls":["https://finds.org.uk/images/mforeman/NLM20862.jpg"]},{"from":141,"to":141,"title":"LEIC-EEE2A6: A coin issued by Faustina the Elder","image_urls":["https://finds.org.uk/images/wscott/EEE2A6%20.JPG"]},{"from":141,"to":160,"title":"LANCUM-BFDAB1: A coin issued by Faustina the Elder","image_urls":["https://finds.org.uk/images/dboughton/LVMDEBBFDAB1.jpg"]},{"from":141,"to":141,"title":"SF-E03C50: A coin issued by Faustina the Elder","image_urls":["https://finds.org.uk/images/gstewart/PSG_SF-E03C50.jpg"]},{"from":141,"to":161,"title":"SUR-7A3D23: A coin issued by Faustina the Elder","image_urls":["https://finds.org.uk/images/margaretb/DSCN3282.JPG"]},{"from":141,"to":141,"title":"SWYOR-D90CB7: A coin issued by Antoninus Pius","image_urls":["https://finds.org.uk/images/acooper/PAS_2191_denarius.jpg"]},{"from":141,"to":150,"title":"HAMP-A7EA6F: A coin issued by Faustina the Elder","image_urls":["https://finds.org.uk/images/khindshamp/HAMPA7EA6F.jpg"]},{"from":141,"to":150,"title":"LVPL-F1D2C2: A coin issued by Faustina the Elder","image_urls":["https://finds.org.uk/images/fmcintosh/pay%20112.jpg"]},{"from":141,"to":161,"title":"IOW-DFAF12: A coin issued by Faustina the Elder","image_urls":["https://finds.org.uk/images/fbasford/IOW201582.JPG"]},{"from":141,"to":161,"title":"YORYM-C2A424: A coin issued by Faustina the Elder","image_urls":["https://finds.org.uk/images/bmorris/BL1103.jpg"]},{"from":141,"to":141,"title":"LEIC-867B17: A coin issued by Antoninus Pius","image_urls":["https://finds.org.uk/images/wscott/867B17.JPG"]},{"from":141,"to":161,"title":"HAMP-BA50E8: A coin issued by Faustina the Elder","image_urls":["https://finds.org.uk/images/khindshamp/HAMPBA50E8.jpg"]},{"from":141,"to":161,"title":"PUBLIC-587B12: A coin issued by Faustina the Elder","image_urls":["https://finds.org.uk/images/Linz/PUBLIC-587B12%20COIN.jpg"]},{"from":141,"to":161,"title":"SF-13F0E4: A coin issued by Faustina the Elder","image_urls":["https://finds.org.uk/images/abrown/EWL_SF-13F0E4.jpg"]},{"from":141,"to":161,"title":"NCL-BEA1D1: A coin issued by Faustina the Elder","image_urls":["https://finds.org.uk/images/pwalton/1023.jpg"]},{"from":141,"to":161,"title":"SF-263D65: A coin issued by Faustina the Elder","image_urls":["https://finds.org.uk/images/abrown/WTH%20SF-263D65.jpg"]},{"from":141,"to":161,"title":"YORYM-02CF28: A coin issued by Faustina the Elder","image_urls":["https://finds.org.uk/images/rebeccam/MWY0001.jpg"]},{"from":141,"to":161,"title":"YORYM-F5E350: A coin issued by Faustina the Elder","image_urls":["https://finds.org.uk/images/bmorris/JAB0002.jpg"]},{"from":141,"to":161,"title":"BERK-C85A26: A coin issued by Faustina the Elder","image_urls":["https://finds.org.uk/images/abyard/2013695.jpg"]},{"from":141,"to":161,"title":"WILT-24A0D4: A coin issued by Faustina the Elder","image_urls":["https://finds.org.uk/images/khinds/Leake1209faustina.jpg"]},{"from":141,"to":161,"title":"CAM-F82664: A coin issued by Faustina the Elder","image_urls":["https://finds.org.uk/images/hfowler/CAM-F82664.jpg"]},{"from":141,"to":161,"title":"YORYM-D81CC0: A coin issued by Faustina the Elder","image_urls":["https://finds.org.uk/images/bmorris/AB0058.jpg"]},{"from":141,"to":161,"title":"BERK-4FDC68: A coin issued by Faustina the Elder","image_urls":["https://finds.org.uk/images/abyard/2012424.JPG"]},{"from":141,"to":161,"title":"BM-6147A0: A coin issued by Faustina the Elder","image_urls":["https://finds.org.uk/images/jasonlundock/5106.jpg"]},{"from":141,"to":161,"title":"KENT-D53478: A coin issued by Faustina the Elder","image_urls":["https://finds.org.uk/images/jjackson/KENT-D53478.jpg"]},{"from":141,"to":141,"title":"NMGW-8D0565: A coin issued by Faustina the Elder","image_urls":["https://finds.org.uk/images/rbattye/2005.99.jpg"]},{"from":141,"to":161,"title":"SF-E8BD52: A coin issued by Faustina the Elder","image_urls":["https://finds.org.uk/images/abrown/WSW%20SF-E8BD52.jpg"]},{"from":141,"to":161,"title":"BH-B2F418: A coin issued by Faustina the Elder","image_urls":["https://finds.org.uk/images/jwatters/Roman%20coin%2009%20223%20-%2011.jpg"]},{"from":141,"to":161,"title":"WMID-159B50: A coin issued by Faustina the Elder","image_urls":["https://finds.org.uk/images/tbrindle/WMID-159B50.jpg"]},{"from":141,"to":161,"title":"WMID-407247: A coin issued by Faustina the Elder","image_urls":["https://finds.org.uk/images/tgilmore/wmid-407247.jpg"]},{"from":141,"to":161,"title":"LANCUM-806BC7: A coin issued by Faustina the Elder","image_urls":["https://finds.org.uk/images/dboughton/LVMDJN806BC7.jpg"]},{"from":141,"to":160,"title":"SF-0203F1: A coin issued by Faustina the Elder","image_urls":["https://finds.org.uk/images/lucking/FEX%20SF-0203F1.jpg"]},{"from":141,"to":150,"title":"LANCUM-73D1C1: A coin issued by Faustina the Elder","image_urls":["https://finds.org.uk/images/dboughton/SRMDMR73D1C1.jpg"]},{"from":141,"to":141,"title":"IOW-F2B511: A coin issued by Faustina the Elder","image_urls":["https://finds.org.uk/images/fbasford/IOW2008-2-96.JPG"]},{"from":141,"to":161,"title":"DUR-45A37B: A coin issued by Faustina the Elder","image_urls":["https://finds.org.uk/images/elliecox/NRH01.jpg"]},{"from":141,"to":161,"title":"SUR-706CD6: A coin issued by Faustina the Elder","image_urls":["https://finds.org.uk/images/dwilliams/04.73a.jpg"]},{"from":141,"to":161,"title":"SUSS-6940C0: A coin issued by Faustina the Elder","image_urls":["https://finds.org.uk/images/stephaniesmith/SUSS-6940C0DenariusFaustinaI.jpg"]},{"from":141,"to":161,"title":"SUSS-573D42: A coin issued by Faustina the Elder","image_urls":["https://finds.org.uk/images/lburnett/SUSS-573D42.jpg"]},{"from":141,"to":159,"title":"LEIC-0D77F7: A coin issued by Faustina the Elder","image_urls":["https://finds.org.uk/images/wscott/09T748%200D77F7.JPG"]},{"from":141,"to":141,"title":"NLM-3C80C4: A coin issued by Faustina the Elder","image_urls":["https://finds.org.uk/images/mforeman/NLM21088.jpg"]},{"from":141,"to":142,"title":"DENO-CAA841: A coin issued by Faustina the Elder","image_urls":["https://finds.org.uk/images/cburrill2/E7075_Rom_Sestertius_Faustina_Jun.jpg"]},{"from":141,"to":161,"title":"BM-0BCCF4: A coin issued by Faustina the Elder","image_urls":["https://finds.org.uk/images/jasonlundock/bm0bccf4.jpg"]},{"from":141,"to":161,"title":"NMGW-9269E7: A coin issued by Faustina the Elder","image_urls":["https://finds.org.uk/images/rbattye/2005.71.1.jpg"]},{"from":141,"to":161,"title":"DUR-CB4720: A coin issued by Faustina the Elder","image_urls":["https://finds.org.uk/images/emorris/DUR-CB4720.jpg"]},{"from":141,"to":161,"title":"DENO-D71D65: A coin issued by Faustina the Elder","image_urls":["https://finds.org.uk/images/ratherton/E7216%20beard%20amb%20vall%20sest%201.jpg"]},{"from":141,"to":141,"title":"LEIC-FAFCD6: A coin issued by Faustina the Elder","image_urls":["https://finds.org.uk/images/annab/LEIC-FAFCD6.jpg"]},{"from":141,"to":200,"title":"LANCUM-C9E2C5: A coin issued by Faustina the Elder","image_urls":["https://finds.org.uk/images/dboughton/LANCUMC9E2C5.jpg"]},{"from":141,"to":150,"title":"HAMP-10D4A1: A coin issued by Faustina the Elder","image_urls":["https://finds.org.uk/images/rhenry/HAMP-10D4A1.jpg"]},{"from":141,"to":161,"title":"NCL-0158A5: A coin issued by Faustina the Elder","image_urls":["https://finds.org.uk/images/pwalton/903.jpg"]},{"from":141,"to":161,"title":"FASAM-249918: A coin issued by Faustina the Elder","image_urls":["https://finds.org.uk/images/sam/5586.jpg"]},{"from":141,"to":161,"title":"CAM-E3C4A8: A coin issued by Faustina the Elder","image_urls":["https://finds.org.uk/images/hfowler/CAM-E3C4A8.jpg"]},{"from":141,"to":150,"title":"DUR-6392E3: A coin issued by Faustina the Elder","image_urls":["https://finds.org.uk/images/frances/DUR-63A2D0.jpg"]},{"from":141,"to":141,"title":"LANCUM-391272: A coin issued by Faustina the Elder","image_urls":["https://finds.org.uk/images/AlexIdris/MRfaust.JPG"]},{"from":141,"to":161,"title":"HAMP-21DC95: A coin issued by Faustina the Elder","image_urls":["https://finds.org.uk/images/jojocole/HAMP-21DC95.jpg"]},{"from":141,"to":161,"title":"CORN-D84395: A coin issued by Faustina the Elder","image_urls":["https://finds.org.uk/images/atyacke/DSCN8370.JPG"]},{"from":141,"to":161,"title":"SUSS-5757B4: A coin issued by Faustina the Elder","image_urls":["https://finds.org.uk/images/lwalker/SUSS-5757B4FaustinaI.jpg"]},{"from":141,"to":161,"title":"BH-923A28: A coin issued by Faustina the Elder","image_urls":["https://finds.org.uk/images/jwatters/Roman_coin_14_84_1.jpg"]},{"from":141,"to":141,"title":"LANCUM-3C5560: A coin issued by Faustina the Elder","image_urls":["https://finds.org.uk/images/snoon/LANCUM-3C5560.jpg"]},{"from":141,"to":141,"title":"SUR-BEE741: A coin issued by Faustina the Elder","image_urls":["https://finds.org.uk/images/dwilliams/B11-88.jpg"]},{"from":141,"to":161,"title":"NLM-ADA762: A coin issued by Faustina the Elder","image_urls":["https://finds.org.uk/images/mforeman/NLM24183.jpg"]},{"from":141,"to":150,"title":"DEV-C1ED87: A coin issued by Faustina the Elder","image_urls":["https://finds.org.uk/images/dwootton/DEV-C1ED87-R36%20COMPLETED.jpg"]},{"from":141,"to":180,"title":"LANCUM-223CA7: A coin issued by Faustina the Elder","image_urls":["https://finds.org.uk/images/dboughton/MoLKA223CA7.jpg"]},{"from":141,"to":161,"title":"SF-573DCB: A coin issued by Faustina the Elder","image_urls":["https://finds.org.uk/images/abrown/WMH_SF573DCB.jpg"]},{"from":141,"to":161,"title":"SF-534318: A coin issued by Faustina the Elder","image_urls":["https://finds.org.uk/images/abrown/Isleham_SF534318.jpg"]},{"from":141,"to":192,"title":"SUSS-E435F5: A coin issued by Faustina the Elder","image_urls":["https://finds.org.uk/images/stephaniesmith/SUSS-E435F5.jpg"]},{"from":141,"to":150,"title":"IOW-360CA2: A coin issued by Faustina the Elder","image_urls":["https://finds.org.uk/images/fbasford/IOW2010-1-227.JPG"]},{"from":141,"to":161,"title":"SUSS-18245C: A coin issued by Faustina the Elder","image_urls":["https://finds.org.uk/images/stephaniesmith/SUSS-18245C.jpg"]},{"from":141,"to":161,"title":"WAW-192241: A coin issued by Faustina the Elder","image_urls":["https://finds.org.uk/images/abolton/WAW-192241.jpg"]},{"from":141,"to":161,"title":"SUR-E9C831: A coin issued by Faustina the Elder","image_urls":["https://finds.org.uk/images/dwilliams/11-1740.jpg"]},{"from":141,"to":150,"title":"YORYM-E98450: A coin issued by Faustina the Elder","image_urls":["https://finds.org.uk/images/law/GK0008.jpg"]},{"from":141,"to":190,"title":"SUR-E3D5F1: A coin issued by Faustina II","image_urls":["https://finds.org.uk/images/dwilliams/06.115a.JPG"]},{"from":141,"to":161,"title":"DENO-D17E60: A coin issued by Faustina the Elder","image_urls":["https://finds.org.uk/images/cburrill2/Enq_58_BF_Coin1.jpg"]},{"from":141,"to":141,"title":"SUR-3416B4: A coin issued by Faustina the Elder","image_urls":["https://finds.org.uk/images/dwilliams/10-1465.jpg"]},{"from":141,"to":161,"title":"LIN-7CEE10: A coin issued by Marcus Aurelius (as Caesar)","image_urls":["https://finds.org.uk/images/adaubney/P184.jpg"]},{"from":141,"to":141,"title":"HAMP-06D3A1: A coin issued by Faustina the Elder","image_urls":["https://finds.org.uk/images/khindshamp/HAMP06D3A1.jpg"]},{"from":141,"to":161,"title":"NMGW-A2F6C8: A coin issued by Faustina the Elder","image_urls":["https://finds.org.uk/images/rbattye/2005.179.2.jpg"]},{"from":141,"to":161,"title":"BM-F0AF16: A coin issued by Faustina the Elder","image_urls":["https://finds.org.uk/images/jasonlundock/5217a.jpg"]},{"from":141,"to":161,"title":"BM-861AA8: A coin issued by Faustina the Elder","image_urls":["https://finds.org.uk/images/jasonlundock/5161.jpg"]},{"from":141,"to":141,"title":"SUSS-803856: A coin issued by Faustina the Elder","image_urls":["https://finds.org.uk/images/corbie01/SUSS803856.jpg"]},{"from":141,"to":161,"title":"WMID-BF2E03: A coin issued by Faustina the Elder","image_urls":["https://finds.org.uk/images/tgilmore/WMID-BF2E03.jpg"]},{"from":141,"to":141,"title":"HAMP-96F804: A coin issued by Faustina the Elder","image_urls":["https://finds.org.uk/images/rwebley/HAMP-96F804FaustinaIdenarius.jpg"]},{"from":141,"to":161,"title":"NCL-E4C630: A coin issued by Faustina the Elder","image_urls":["https://finds.org.uk/images/pwalton/741.jpg"]},{"from":141,"to":161,"title":"CORN-7302F0: A coin issued by Faustina the Elder","image_urls":["https://finds.org.uk/images/atyacke/June2013finds34.JPG"]},{"from":141,"to":161,"title":"BH-197312: A coin issued by Faustina the Elder","image_urls":["https://finds.org.uk/images/jwatters/Roman_coin_11_119_Tom.jpg"]},{"from":141,"to":161,"title":"WAW-0F07B3: A coin issued by Faustina the Elder","image_urls":["https://finds.org.uk/images/abolton/WAW-0F07B3.jpg"]},{"from":141,"to":150,"title":"HAMP-18DC94: A coin issued by Faustina the Elder","image_urls":["https://finds.org.uk/images/rwebley/HAMP-18DC94FaustinaIdupas.jpg"]},{"from":141,"to":157,"title":"SWYOR-F6A001: A coin issued by Antoninus Pius","image_urls":["https://finds.org.uk/images/wakefield/PAS_1356_denarius.jpg"]},{"from":141,"to":161,"title":"LVPL-646238: A coin issued by Faustina the Elder","image_urls":["https://finds.org.uk/images/voakden/LVPL-646238.JPG"]},{"from":141,"to":141,"title":"HAMP807: A coin issued by Faustina the Elder","image_urls":["https://finds.org.uk/images/sworrell/Hamp807a.jpg"]},{"from":141,"to":161,"title":"NCL-2CFA42: A coin issued by Faustina the Elder","image_urls":["https://finds.org.uk/images/pwalton/277.jpg"]},{"from":141,"to":141,"title":"WAW-CEAC01: A coin issued by Faustina the Elder","image_urls":["https://finds.org.uk/images/abolton/WAW-CEAC01.jpg"]},{"from":141,"to":161,"title":"NCL-00D1F7: A coin issued by Faustina the Elder","image_urls":["https://finds.org.uk/images/pwalton/1101.jpg"]},{"from":141,"to":150,"title":"ESS-560CA3: A coin issued by Faustina the Elder","image_urls":["https://finds.org.uk/images/lmclean/ESS-560CA3.jpg"]},{"from":141,"to":161,"title":"HAMP-73F477: A coin issued by Faustina the Elder","image_urls":["https://finds.org.uk/images/ljellis/HAMP-73F477DivaFaustinaI.JPG"]},{"from":141,"to":161,"title":"BM-EF5463: A coin issued by Faustina the Elder","image_urls":["https://finds.org.uk/images/jasonlundock/5218a.jpg"]},{"from":141,"to":161,"title":"CORN-D75CB0: A coin issued by Faustina the Elder","image_urls":["https://finds.org.uk/images/atyacke/DSCN3880.JPG"]},{"from":141,"to":161,"title":"WMID-5F74B7: A coin issued by Faustina the Elder","image_urls":["https://finds.org.uk/images/tbrindle/WMID-5F74B7.jpg"]},{"from":141,"to":200,"title":"LANCUM-1032F2: A coin issued by Faustina the Elder","image_urls":["https://finds.org.uk/images/dboughton/THMM1032F2.jpg"]},{"from":141,"to":161,"title":"BH-59F2A7: A coin issued by Faustina the Elder","image_urls":["https://finds.org.uk/images/jwatters/Roman_coin_15_22_14.jpg"]},{"from":141,"to":150,"title":"DEV-FA0E50: A coin issued by Faustina the Elder","image_urls":["https://finds.org.uk/images/dwootton/DEV-FA0E50%20Roman%20copper%20alloy%20coin%20Uplyme.jpg"]},{"from":141,"to":161,"title":"BH-75E777: A coin issued by Faustina the Elder","image_urls":["https://finds.org.uk/images/jwatters/Roman_coin_11_21_22.jpg"]},{"from":141,"to":161,"title":"WMID-CA5A31: A coin issued by Faustina the Elder","image_urls":["https://finds.org.uk/images/hglenn/WMID-CA5A31.jpg"]},{"from":141,"to":161,"title":"DOR-FA42C6: A coin issued by Faustina the Elder","image_urls":["https://finds.org.uk/images/caht/FA42C6.jpg"]},{"from":141,"to":161,"title":"WILT-6B3873: A coin issued by Faustina the Elder","image_urls":["https://finds.org.uk/images/khinds/Croker0809Faustina.jpg"]},{"from":141,"to":150,"title":"BH-897157: A coin issued by Faustina the Elder","image_urls":["https://finds.org.uk/images/jwatters/Roman%20coin%2005%2024%20-%2012.jpg"]},{"from":141,"to":161,"title":"PUBLIC-6C919A: A coin issued by Faustina the Elder","image_urls":["https://finds.org.uk/images/stubblehunter69/Faustina%20rev%20scaled.jpg"]},{"from":141,"to":200,"title":"LANCUM-1790D5: A coin issued by Faustina the Elder","image_urls":["https://finds.org.uk/images/dboughton/KDMDIT3.jpg"]},{"from":141,"to":141,"title":"SWYOR-08D7A4: A coin issued by Antoninus Pius","image_urls":["https://finds.org.uk/images/wakefield/PAS_1958_denarius.jpg"]},{"from":141,"to":161,"title":"FAPJW-14DD36: A coin issued by Faustina the Elder","image_urls":["https://finds.org.uk/images/pwalton/fapjw14dd36.jpg"]},{"from":141,"to":161,"title":"WMID-79D411: A coin issued by Faustina the Elder","image_urls":["https://finds.org.uk/images/dslarke/cov%20roman%20coin%200208%20copy.jpg"]},{"from":141,"to":161,"title":"PUBLIC-A397C6: A coin issued by Faustina the Elder","image_urls":["https://finds.org.uk/images/calow1/FLE13.477.JPG"]},{"from":141,"to":141,"title":"WAW-A84AC2: A coin issued by Faustina the Elder","image_urls":["https://finds.org.uk/images/abolton/WAW-A84AC2.jpg"]},{"from":141,"to":161,"title":"LIN-B578F4: A coin issued by Faustina the Elder","image_urls":["https://finds.org.uk/images/adaubney/LIN9649.jpg"]},{"from":141,"to":161,"title":"FAPJW-5FB4C4: A coin issued by Faustina the Elder","image_urls":["https://finds.org.uk/images/pwalton/7036.jpg"]},{"from":141,"to":161,"title":"HAMP-73B5E5: A coin issued by Faustina the Elder","image_urls":["https://finds.org.uk/images/ljellis/HAMP-73B5E5DivaFaustinaI.JPG"]},{"from":141,"to":141,"title":"IOW-E84E73: A coin issued by Faustina the Elder","image_urls":["https://finds.org.uk/images/fbasford/2007%20T225-32.JPG"]},{"from":141,"to":141,"title":"LIN-4EF035: A coin issued by Faustina the Elder","image_urls":["https://finds.org.uk/images/adaubney/LIN9856.jpg"]},{"from":141,"to":150,"title":"DEV-B1FA91: A coin issued by Faustina the Elder","image_urls":["https://finds.org.uk/images/dwootton/DEV-B1FA91%20Roman%20coin%20Faustina%20commerative.jpg"]},{"from":141,"to":161,"title":"WAW-B7D903: A coin issued by Faustina the Elder","image_urls":["https://finds.org.uk/images/abolton/WAW-B7D903.jpg"]},{"from":141,"to":161,"title":"WMID-977125: A coin issued by Faustina the Elder","image_urls":["https://finds.org.uk/images/cjohnson/WMID-977125%20obv.jpg"]},{"from":141,"to":150,"title":"YORYM-D94F00: A coin issued by Faustina the Elder","image_urls":["https://finds.org.uk/images/law/PRB0020.jpg"]},{"from":141,"to":161,"title":"CORN-600A32: A coin issued by Faustina the Elder","image_urls":["https://finds.org.uk/images/atyacke/June2013finds42.JPG"]},{"from":141,"to":142,"title":"DENO-CA74D6: A coin issued by Faustina the Elder","image_urls":["https://finds.org.uk/images/cburrill2/E7075_Rom_Dupondius_Faustina_Jun.jpg"]},{"from":141,"to":180,"title":"LANCUM-5C54A4: A coin issued by Faustina the Elder","image_urls":["https://finds.org.uk/images/dboughton/LVMDWL5C54A4.jpg"]},{"from":141,"to":186,"title":"LIN-8480B6: A coin issued by Faustina II","image_urls":["https://finds.org.uk/images/adaubney/LIN9055.jpg"]},{"from":141,"to":161,"title":"YORYM-0698B2: A coin issued by Faustina the Elder","image_urls":["https://finds.org.uk/images/bmorris/JT0001.jpg"]},{"from":141,"to":161,"title":"WMID-A5EE95: A coin issued by Faustina the Elder","image_urls":["https://finds.org.uk/images/cjohnson/WMID-A5EE95%20obv.jpg"]},{"from":141,"to":180,"title":"LANCUM-D3C6E5: A coin issued by Faustina the Elder","image_urls":["https://finds.org.uk/images/dboughton/KDMDRHD3C6E5.jpg"]},{"from":141,"to":150,"title":"SUSS-331AF0: A coin issued by Faustina the Elder","image_urls":["https://finds.org.uk/images/lburnett/SUSS-331AF0.JPG"]},{"from":141,"to":150,"title":"DEV-0BF166: A coin issued by Faustina the Elder","image_urls":["https://finds.org.uk/images/dwootton/DEV-OBF166-R118%20COMPLETED.jpg"]},{"from":141,"to":161,"title":"CORN-605D94: A coin issued by Faustina the Elder","image_urls":["https://finds.org.uk/images/atyacke/DEcoins2012%20003.jpg"]},{"from":141,"to":161,"title":"LEIC-6839F7: A coin issued by Faustina the Elder","image_urls":["https://finds.org.uk/images/wscott/6839F7.JPG"]},{"from":141,"to":161,"title":"SF-483DB4: A coin issued by Faustina the Elder","image_urls":["https://finds.org.uk/images/abrown/LKD_SF-483DB4.jpg"]},{"from":141,"to":141,"title":"LEIC-3B8506: A coin issued by Faustina the Elder","image_urls":["https://finds.org.uk/images/wscott/3B8506.JPG"]},{"from":141,"to":161,"title":"BH-A5AA75: A coin issued by Faustina the Elder","image_urls":["https://finds.org.uk/images/jwatters/Roman%20coin%2009%20202%20-%205.jpg"]},{"from":141,"to":161,"title":"BH-B9E26C: A coin issued by Faustina the Elder","image_urls":["https://finds.org.uk/images/jwatters/Roman_coin_14_61_13.jpg"]},{"from":141,"to":161,"title":"IOW-383B99: A coin issued by Faustina the Elder","image_urls":["https://finds.org.uk/images/fbasford/IOW2014-1-235.JPG"]},{"from":141,"to":161,"title":"CORN-C26CE1: A coin issued by Faustina the Elder","image_urls":["https://finds.org.uk/images/atyacke/RomanAEcoin028.JPG"]},{"from":141,"to":161,"title":"LEIC-6810A5: A coin issued by Faustina the Elder","image_urls":["https://finds.org.uk/images/wscott/6810A5.JPG"]},{"from":141,"to":161,"title":"DENO-D721C5: A coin issued by Faustina the Elder","image_urls":["https://finds.org.uk/images/ratherton/E7216%20beard%20amb%20vall%20sest%205.jpg"]},{"from":141,"to":161,"title":"KENT-34EFA2: A coin issued by Faustina the Elder","image_urls":["https://finds.org.uk/images/gwithers/KENT-34EFA2.jpg"]},{"from":141,"to":141,"title":"NMGW-2CFFE5: A coin issued by Antoninus Pius","image_urls":["https://finds.org.uk/images/sianw/20071971.jpg"]},{"from":141,"to":161,"title":"NLM-ABBCA5: A coin issued by Antoninus Pius","image_urls":["https://finds.org.uk/images/mforeman/NLM13837.jpg"]},{"from":141,"to":161,"title":"DEV-037E98: A coin issued by Faustina the Elder","image_urls":["https://finds.org.uk/images/dwootton/DEV-037E98%20Roman%20coin%20of%20Faustina%20I.jpg"]},{"from":141,"to":161,"title":"SF-9D9A32: A coin issued by Faustina the Elder","image_urls":["https://finds.org.uk/images/abrown/WMH_SF-9D9A32.jpg"]},{"from":141,"to":161,"title":"NLM-015C63: A coin issued by Faustina the Elder","image_urls":["https://finds.org.uk/images/mforeman/NLM25590.jpg"]},{"from":141,"to":161,"title":"SWYOR-91E3A7: A coin issued by Antoninus Pius","image_urls":["https://finds.org.uk/images/acooper/PAS%20299%20Roman%20coin.jpg"]},{"from":141,"to":161,"title":"NCL-9B3D52: A coin issued by Faustina the Elder","image_urls":["https://finds.org.uk/images/pwalton/NCL9b3d52.jpg"]},{"from":141,"to":161,"title":"NCL-C24072: A coin issued by Faustina the Elder","image_urls":["https://finds.org.uk/images/pwalton/1049.jpg"]},{"from":141,"to":161,"title":"BH-344ED1: A coin issued by Faustina the Elder","image_urls":["https://finds.org.uk/images/jwatters/Roman_coin_15_7_1.jpg"]},{"from":141,"to":161,"title":"FAPJW-2A21C2: A coin issued by Faustina the Elder","image_urls":["https://finds.org.uk/images/pwalton/9007.jpg"]},{"from":141,"to":161,"title":"NCL-00E156: A coin issued by Faustina the Elder","image_urls":["https://finds.org.uk/images/pwalton/1073.jpg"]},{"from":141,"to":141,"title":"DENO-150862: A coin issued by Antoninus Pius","image_urls":["https://finds.org.uk/images/arohde/E6222%20denarius.jpg"]},{"from":141,"to":161,"title":"IOW-230F64: A coin issued by Faustina the Elder","image_urls":["https://finds.org.uk/images/fbasford/IOW2013-1-57.JPG"]},{"from":141,"to":161,"title":"DUR-7E33F6: A coin issued by Faustina the Elder","image_urls":["https://finds.org.uk/images/brander/Dur-7E33F6.jpg"]},{"from":141,"to":150,"title":"LIN-2E7675: A coin issued by Faustina the Elder","image_urls":["https://finds.org.uk/images/adaubney/LIN2E7675.jpg"]},{"from":141,"to":161,"title":"DENO-0CD3E2: A coin issued by Faustina the Elder","image_urls":["https://finds.org.uk/images/ratherton/E7039%20beard%20faustina%20den.jpg"]},{"from":141,"to":200,"title":"LANCUM-552E51: A coin issued by Faustina the Elder","image_urls":["https://finds.org.uk/images/dboughton/LVMDSG552E51.jpg"]},{"from":141,"to":145,"title":"PUBLIC-001923: A coin issued by Faustina the Elder","image_urls":["https://finds.org.uk/images/zoom/zxRES01010.JPG"]},{"from":141,"to":141,"title":"SUR-18F47E: A coin issued by Faustina the Elder","image_urls":["https://finds.org.uk/images/dwilliams/B14-720.JPG"]},{"from":141,"to":161,"title":"BUC-10CCC6: A coin issued by Faustina the Elder","image_urls":["https://finds.org.uk/images/rtyrrell/4DSCN9689.JPG"]},{"from":141,"to":161,"title":"SUSS-53C4B7: A coin issued by Faustina the Elder","image_urls":["https://finds.org.uk/images/lwalker/SUSS-53C4B7DenariusDivaFaustinaI.jpg"]},{"from":141,"to":161,"title":"IOW-6C0541: A coin issued by Faustina the Elder","image_urls":["https://finds.org.uk/images/fbasford/IOW2012-2-236.JPG"]},{"from":141,"to":161,"title":"LIN-204B75: A coin issued by Faustina the Elder","image_urls":["https://finds.org.uk/images/adaubney/LIN-204B75.jpg"]},{"from":141,"to":150,"title":"DEV-D3EE16: A coin issued by Faustina the Elder","image_urls":["https://finds.org.uk/images/dwootton/DEV-D3EE16-R002%20COMPLETED.jpg"]},{"from":141,"to":161,"title":"YORYM-218055: A coin issued by Faustina the Elder","image_urls":["https://finds.org.uk/images/bmorris/DSY0323.jpg"]},{"from":141,"to":146,"title":"YORYM-7E8A66: A coin issued by Faustina the Elder","image_urls":["https://finds.org.uk/images/bmorris/RoD0306.jpg"]},{"from":141,"to":161,"title":"LIN-226DB5: A coin issued by Faustina the Elder","image_urls":["https://finds.org.uk/images/adaubney/LIN8637.jpg"]},{"from":141,"to":161,"title":"ESS-121701: A coin issued by Faustina the Elder","image_urls":["https://finds.org.uk/images/kmarsden/ESS-121701.jpg"]},{"from":141,"to":161,"title":"LANCUM-4FF805: A coin issued by Faustina the Elder","image_urls":["https://finds.org.uk/images/AlexIdris/tnfaus.JPG"]},{"from":141,"to":141,"title":"NARC-9532E3: A coin issued by Faustina the Elder","image_urls":["https://finds.org.uk/images/tbrindle/NARC-9532E3denarius.jpg"]},{"from":141,"to":161,"title":"BH-C8F1C5: A coin issued by Faustina the Elder","image_urls":["https://finds.org.uk/images/jwatters/Roman_coin_13_8_79.jpg"]},{"from":141,"to":141,"title":"NMGW-8AE557: A coin issued by Faustina the Elder","image_urls":["https://finds.org.uk/images/rbattye/2005.96.5.jpg"]},{"from":141,"to":161,"title":"SUR-A7BAB6: A coin issued by Faustina the Elder","image_urls":["https://finds.org.uk/images/dwilliams/07.827.JPG"]},{"from":141,"to":161,"title":"NARC-5D52A0: A coin issued by Faustina the Elder","image_urls":["https://finds.org.uk/images/jcassidy/NARC-5D52A0%20b.jpg"]},{"from":141,"to":161,"title":"DUR-D3F225: A coin issued by Faustina the Elder","image_urls":["https://finds.org.uk/images/a8622912/DUR-D3F225.jpg"]},{"from":141,"to":141,"title":"NMS-313E95: A coin issued by Faustina the Elder","image_urls":["https://finds.org.uk/images/amarsden/NMD082013faustina1den.jpg"]},{"from":141,"to":150,"title":"DEV-E6DF82: A coin issued by Faustina the Elder","image_urls":["https://finds.org.uk/images/dwootton/DEV-%20E6DF82.jpg"]},{"from":141,"to":161,"title":"BM-516896: A coin issued by Faustina the Elder","image_urls":["https://finds.org.uk/images/jasonlundock/5481.jpg"]},{"from":141,"to":161,"title":"ESS-74D8A8: A coin issued by Faustina the Elder","image_urls":["https://finds.org.uk/images/cmcdonald/Lumsden%20sept%20Faustina%20ob.jpg"]},{"from":141,"to":150,"title":"NCL-437614: A coin issued by Faustina the Elder","image_urls":["https://finds.org.uk/images/rcollins/IMG_4525.jpg"]},{"from":141,"to":161,"title":"DEV-FF0F60: A coin issued by Faustina the Elder","image_urls":["https://finds.org.uk/images/npowell/bm7e85a1.jpg"]},{"from":141,"to":150,"title":"PUBLIC-8DF944: A coin issued by Faustina the Elder","image_urls":["https://finds.org.uk/images/Linz/PUBLIC-8DF944.jpg"]},{"from":141,"to":161,"title":"SWYOR-8A2766: A coin issued by Antoninus Pius","image_urls":["https://finds.org.uk/images/wakefield/DON_929_2766.jpg"]},{"from":141,"to":161,"title":"WMID-8C49AA: A coin issued by Faustina the Elder","image_urls":["https://finds.org.uk/images/tgilmore/WMID8C49AA.jpg"]},{"from":141,"to":141,"title":"LIN-B67D80: A coin issued by Faustina the Elder","image_urls":["https://finds.org.uk/images/adaubney/GL91.jpg"]},{"from":141,"to":141,"title":"CAM-596CE3: A coin issued by Faustina the Elder","image_urls":["https://finds.org.uk/images/hfowler/CAM-596CE3.jpg"]},{"from":141,"to":150,"title":"IOW-FCC3B6: A coin issued by Faustina the Elder","image_urls":["https://finds.org.uk/images/fbasford/IOW2008-1-567.JPG"]},{"from":141,"to":161,"title":"NCL-2B80F0: A coin issued by Faustina the Elder","image_urls":["https://finds.org.uk/images/pwalton/1012.jpg"]},{"from":141,"to":161,"title":"BM-A037B5: A coin issued by Faustina the Elder","image_urls":["https://finds.org.uk/images/jasonlundock/BM-A037B5.jpg"]},{"from":141,"to":161,"title":"FAPJW-6343A1: A coin issued by Faustina the Elder","image_urls":["https://finds.org.uk/images/pwalton/5300.jpg"]},{"from":141,"to":161,"title":"BH-7C1B13: A coin issued by Faustina the Elder","image_urls":["https://finds.org.uk/images/jwatters/Roman%20coin%2009%2020%20-%202.jpg"]},{"from":141,"to":141,"title":"WILT-C58E77: A coin issued by Faustina the Elder","image_urls":["https://finds.org.uk/images/khinds/Chester0109coin2.jpg"]},{"from":141,"to":150,"title":"YORYM-087BF2: A coin issued by Faustina the Elder","image_urls":["https://finds.org.uk/images/law/WK0001.jpg"]},{"from":141,"to":150,"title":"WMID-DA00B5: A coin issued by Faustina the Elder","image_urls":["https://finds.org.uk/images/cjohnson/WMID-DA00B5%20obv.jpg"]},{"from":141,"to":161,"title":"WILT-6E3935: A coin issued by Faustina the Elder","image_urls":["https://finds.org.uk/images/jshoemark/WILT-6E3935.jpg"]},{"from":141,"to":161,"title":"BH-993378: A coin issued by Faustina the Elder","image_urls":["https://finds.org.uk/images/jwatters/Roman_coin_14_120_15.jpg"]},{"from":141,"to":161,"title":"NCL-1FBBE7: A coin issued by Faustina the Elder","image_urls":["https://finds.org.uk/images/pwalton/884.jpg"]},{"from":141,"to":161,"title":"SUR-72CB58: A coin issued by Faustina the Elder","image_urls":["https://finds.org.uk/images/margaretb/14-717.JPG"]},{"from":141,"to":161,"title":"IOW-68ADA8: A coin issued by Faustina the Elder","image_urls":["https://finds.org.uk/images/fbasford/IOW2015-2-11.JPG"]},{"from":141,"to":161,"title":"WAW-FC98D7: A coin issued by Faustina the Elder","image_urls":["https://finds.org.uk/images/abolton/WAW-FC98D7.jpg"]},{"from":141,"to":161,"title":"IOW-DB19C1: A coin issued by Faustina the Elder","image_urls":["https://finds.org.uk/images/fbasford/IOW2015557.JPG"]},{"from":141,"to":141,"title":"IOW-E87861: A coin issued by Faustina the Elder","image_urls":["https://finds.org.uk/images/fbasford/2007%20T225-33.JPG"]},{"from":141,"to":161,"title":"DEV-171972: A coin issued by Faustina the Elder","image_urls":["https://finds.org.uk/images/dwootton/DEV-171972.jpg"]},{"from":141,"to":150,"title":"SUSS-32FC65: A coin issued by Faustina the Elder","image_urls":["https://finds.org.uk/images/lburnett/SUSS-32FC65%20.JPG"]},{"from":141,"to":157,"title":"CORN-BFDA45: A coin issued by Faustina the Elder","image_urls":["https://finds.org.uk/images/atyacke/janfinz%20003.jpg"]},{"from":141,"to":161,"title":"WILT-8334D4: A coin issued by Faustina the Elder","image_urls":["https://finds.org.uk/images/khinds/Booth1110sestertius.jpg"]},{"from":141,"to":161,"title":"PUBLIC-028B3D: A coin issued by Faustina the Elder","image_urls":["https://finds.org.uk/images/rogerthomas/FaustinaIsestertiusobverseSK2155615847.JPG"]},{"from":141,"to":150,"title":"YORYM-8F8665: A coin issued by Faustina the Elder","image_urls":["https://finds.org.uk/images/law/BR0317.jpg"]},{"from":141,"to":141,"title":"WAW-0E4706: A coin issued by Faustina the Elder","image_urls":["https://finds.org.uk/images/abolton/WAW-0E4706.jpg"]},{"from":141,"to":161,"title":"SF-8A7BF5: A coin with an unrecorded/uncertain issuer.","image_urls":["https://finds.org.uk/images/jcarr/IXW%20SF-8A7BF5.jpg"]},{"from":141,"to":157,"title":"SUSS-C3F3B3: A coin issued by Faustina the Elder","image_urls":["https://finds.org.uk/images/lburnett/coin%207.jpg"]},{"from":141,"to":161,"title":"CAM-F79D03: A coin issued by Faustina the Elder","image_urls":["https://finds.org.uk/images/hfowler/CAM-F79D03.jpg"]},{"from":141,"to":161,"title":"NCL-5A4FB5: A coin issued by Faustina the Elder","image_urls":["https://finds.org.uk/images/pwalton/675.jpg"]},{"from":141,"to":161,"title":"SF-739CC6: A coin issued by Faustina the Elder","image_urls":["https://finds.org.uk/images/abrown/COL%20SF-739CC6.jpg"]},{"from":141,"to":161,"title":"WMID-83D1E4: A coin issued by Antoninus Pius","image_urls":["https://finds.org.uk/images/dslarke/JULIAN%20ROMAN%200809%20copy.jpg"]},{"from":141,"to":161,"title":"IOW-18EC54: A coin issued by Faustina II","image_urls":["https://finds.org.uk/images/fbasford/IOW2013-5-36.JPG"]},{"from":141,"to":161,"title":"SUR-5E9971: A coin issued by Faustina the Elder","image_urls":["https://finds.org.uk/images/dwilliams/03.516a.jpg"]},{"from":141,"to":141,"title":"WMID-087B43: A coin issued by Faustina the Elder","image_urls":["https://finds.org.uk/images/tbrindle/WMID-087B43.jpg"]},{"from":141,"to":161,"title":"NCL-AB9208: A coin issued by Faustina the Elder","image_urls":["https://finds.org.uk/images/pwalton/723.jpg"]},{"from":141,"to":161,"title":"IOW-0D7B59: A coin issued by Faustina II under Antoninus Pius","image_urls":["https://finds.org.uk/images/fbasford/IOW2014-5-70.JPG"]},{"from":141,"to":147,"title":"SWYOR-8C7464: A coin issued by Faustina the Elder","image_urls":["https://finds.org.uk/images/acooper/PAS_2164_Roman.jpg"]},{"from":141,"to":161,"title":"NCL-ADD6F1: A coin issued by Faustina the Elder","image_urls":["https://finds.org.uk/images/pwalton/1050.jpg"]},{"from":141,"to":141,"title":"LVPL-822641: A coin issued by Faustina the Elder","image_urls":["https://finds.org.uk/images/voakden/LVPL-822641.jpg"]},{"from":141,"to":141,"title":"WMID-0ED544: A coin issued by Faustina the Elder","image_urls":["https://finds.org.uk/images/tgilmore/WMID-0ED544.jpg"]},{"from":141,"to":161,"title":"YORYM-8740A6: A coin issued by Faustina the Elder","image_urls":["https://finds.org.uk/images/bmorris/MPS0053.jpg"]},{"from":141,"to":141,"title":"LEIC-509D86: A coin issued by Antoninus Pius","image_urls":["https://finds.org.uk/images/wscott/509D86.JPG"]},{"from":141,"to":161,"title":"WILT-B7343D: A coin issued by Faustina II under Antoninus Pius","image_urls":["https://finds.org.uk/images/jshoemark/WILTB7343D.jpg"]},{"from":141,"to":141,"title":"WAW-64EFE3: A coin issued by Faustina the Elder","image_urls":["https://finds.org.uk/images/abolton/WAW-64EFE3.jpg"]},{"from":141,"to":161,"title":"PUBLIC-D4B6F1: A coin issued by Faustina the Elder","image_urls":["https://finds.org.uk/images/calow1/FLE11.012.JPG"]},{"from":141,"to":161,"title":"WMID-CB10BF: A coin issued by Faustina the Elder","image_urls":["https://finds.org.uk/images/tgilmore/WMIDCB10BF.jpg"]},{"from":141,"to":161,"title":"SF-9A71BE: A coin issued by Faustina the Elder","image_urls":["https://finds.org.uk/images/abrown/OUS_SF-9A71BE.jpg"]},{"from":141,"to":161,"title":"DUR-A63586: A coin issued by Faustina the Elder","image_urls":["https://finds.org.uk/images/a8622912/DUR-A63586%20Denarius%20of%20Diva%20Faustina.jpg"]},{"from":141,"to":161,"title":"SF-0A0962: A coin issued by Faustina the Elder","image_urls":["https://finds.org.uk/images/abrown/SRL_SF-0A0962.jpg"]},{"from":141,"to":200,"title":"LANCUM-4C5D95: A coin issued by Faustina the Elder","image_urls":["https://finds.org.uk/images/dboughton/SRMDMR4C5D95.jpg"]},{"from":141,"to":161,"title":"SF-A82320: A coin issued by Faustina the Elder","image_urls":["https://finds.org.uk/images/abrown/WMH_SF-A82320.jpg"]},{"from":141,"to":150,"title":"DENO-6F1285: A coin issued by Faustina the Elder","image_urls":["https://finds.org.uk/images/cburrill2/E6948_Roman_Denarius_Faustina.jpg"]},{"from":141,"to":161,"title":"NCL-ED99B6: A coin issued by Faustina the Elder","image_urls":["https://finds.org.uk/images/pwalton/682.jpg"]},{"from":141,"to":141,"title":"WAW-893CD3: A coin issued by Faustina the Elder","image_urls":["https://finds.org.uk/images/abolton/WAW-893CD3.jpg"]},{"from":141,"to":150,"title":"HAMP-FC7B54: A coin issued by Faustina the Elder","image_urls":["https://finds.org.uk/images/rwebley/HAMP-FC7B54FaustinaIsestertius.jpg"]},{"from":141,"to":161,"title":"WILT-9ECCF2: A coin issued by Faustina the Elder","image_urls":["https://finds.org.uk/images/rhenry2/WILT-9ECCF2.jpg"]},{"from":141,"to":161,"title":"SUR-B51D99: A coin issued by Faustina the Elder","image_urls":["https://finds.org.uk/images/margaretb/14-596.JPG"]},{"from":141,"to":161,"title":"BM-EF74B0: A coin issued by Faustina the Elder","image_urls":["https://finds.org.uk/images/jasonlundock/5236.jpg"]},{"from":141,"to":141,"title":"BH-A139B0: A coin issued by Faustina the Elder","image_urls":["https://finds.org.uk/images/jwatters/Roman%20coin%2006%20200%20-%201.jpg"]},{"from":141,"to":161,"title":"WMID-B83025: A coin issued by Antoninus Pius","image_urls":["https://finds.org.uk/images/dslarke/BLACK%20FAUSTINA%200908%20copy.jpg"]},{"from":141,"to":161,"title":"NCL-ECDC07: A coin issued by Faustina the Elder","image_urls":["https://finds.org.uk/images/pwalton/605.jpg"]},{"from":141,"to":161,"title":"ESS-F0BEDE: A coin issued by Faustina the Elder","image_urls":["https://finds.org.uk/images/ellyfair/ESS-F0BEDE.jpg"]},{"from":141,"to":161,"title":"WILT-855FDC: A coin issued by Faustina the Elder","image_urls":["https://finds.org.uk/images/jshoemark/WILT855FDC.jpg"]},{"from":141,"to":161,"title":"SF-981512: A coin issued by Faustina the Elder","image_urls":["https://finds.org.uk/images/abrown/HRM%20SF-981512.jpg"]},{"from":141,"to":161,"title":"WAW-DE5003: A coin issued by Faustina the Elder","image_urls":["https://finds.org.uk/images/abolton/WAW-DE5003.jpg"]},{"from":141,"to":161,"title":"NCL-C33103: A coin issued by Faustina the Elder","image_urls":["https://finds.org.uk/images/pwalton/1188.jpg"]},{"from":141,"to":142,"title":"Bronze Drachm of Antoninus Pius, Alexandreia, AD 141 - AD 142. 1944.100.60217","image_urls":["http://numismatics.org/collectionimages/19001949/1944/1944.100.60217.rev.width350.jpg"]},{"from":141,"to":142,"title":"Bronze Drachm of Antoninus Pius, Alexandreia, AD 141 - AD 142. 1944.100.60984","image_urls":["http://numismatics.org/collectionimages/19001949/1944/1944.100.60984.rev.width350.jpg"]},{"from":141,"to":142,"title":"Bronze Drachm of Antoninus Pius, Alexandreia, AD 141 - AD 142. 1944.100.60222","image_urls":["http://numismatics.org/collectionimages/19001949/1944/1944.100.60222.rev.width350.jpg"]},{"from":141,"to":142,"title":"Bronze Hemidrachm of Antoninus Pius, Alexandreia, AD 141 - AD 142. 1944.100.60258","image_urls":["http://numismatics.org/collectionimages/19001949/1944/1944.100.60258.rev.width350.jpg"]},{"from":141,"to":142,"title":"Bronze Drachm of Antoninus Pius, Alexandreia, AD 141 - AD 142. 1944.100.60211","image_urls":["http://numismatics.org/collectionimages/19001949/1944/1944.100.60211.rev.width350.jpg"]},{"from":141,"to":142,"title":"Bronze Drachm of Antoninus Pius, Alexandreia, AD 141 - AD 142. 1944.100.60195","image_urls":["http://numismatics.org/collectionimages/19001949/1944/1944.100.60195.rev.width350.jpg"]},{"from":141,"to":142,"title":"Bronze Drachm of Antoninus Pius, Alexandreia, AD 141 - AD 142. 1944.100.60996","image_urls":["http://numismatics.org/collectionimages/19001949/1944/1944.100.60996.rev.width350.jpg"]},{"from":141,"to":142,"title":"Billon Tetradrachm of Antoninus Pius, Alexandreia, AD 141 - AD 142. 1974.26.3537","image_urls":["http://numismatics.org/collectionimages/19501999/1974/1974.26.3537.rev.width350.jpg"]},{"from":141,"to":142,"title":"Bronze Drachm of Antoninus Pius, Alexandreia, AD 141 - AD 142. 1944.100.60213","image_urls":["http://numismatics.org/collectionimages/19001949/1944/1944.100.60213.rev.width350.jpg"]},{"from":141,"to":142,"title":"Bronze Drachm of Antoninus Pius, Alexandreia, AD 141 - AD 142. 1944.100.60216","image_urls":["http://numismatics.org/collectionimages/19001949/1944/1944.100.60216.rev.width350.jpg"]},{"from":141,"to":142,"title":"Bronze Drachm of Antoninus Pius, Alexandreia, AD 141 - AD 142. 1944.100.60198","image_urls":["http://numismatics.org/collectionimages/19001949/1944/1944.100.60198.rev.width350.jpg"]},{"from":141,"to":142,"title":"Bronze Drachm of Antoninus Pius, Alexandreia, AD 141 - AD 142. 1944.100.60993","image_urls":["http://numismatics.org/collectionimages/19001949/1944/1944.100.60993.rev.width350.jpg"]},{"from":141,"to":142,"title":"Bronze Drachm of Antoninus Pius, Alexandreia, AD 141 - AD 142. 1944.100.60987","image_urls":["http://numismatics.org/collectionimages/19001949/1944/1944.100.60987.rev.width350.jpg"]},{"from":141,"to":142,"title":"Bronze Drachm of Antoninus Pius, Alexandreia, AD 141 - AD 142. 1944.100.60204","image_urls":["http://numismatics.org/collectionimages/19001949/1944/1944.100.60204.rev.width350.jpg"]},{"from":141,"to":142,"title":"Bronze Drachm of Antoninus Pius, Alexandreia, AD 141 - AD 142. 1944.100.60219","image_urls":["http://numismatics.org/collectionimages/19001949/1944/1944.100.60219.rev.width350.jpg"]},{"from":141,"to":142,"title":"Billon Tetradrachm of Antoninus Pius, Alexandreia, AD 141 - AD 142. 1944.100.58608","image_urls":["http://numismatics.org/collectionimages/19001949/1944/1944.100.58608.rev.width350.jpg"]},{"from":141,"to":142,"title":"Bronze Drachm of Antoninus Pius, Alexandreia, AD 141 - AD 142. 1944.100.60234","image_urls":["http://numismatics.org/collectionimages/19001949/1944/1944.100.60234.rev.width350.jpg"]},{"from":141,"to":141,"title":"RIC III Antoninus Pius 381Ba. 1941.131.830","image_urls":["http://numismatics.org/collectionimages/19001949/1941/1941.131.830.rev.width350.jpg"]},{"from":141,"to":142,"title":"Bronze Drachm of Antoninus Pius, Alexandreia, AD 141 - AD 142. 1944.100.60196","image_urls":["http://numismatics.org/collectionimages/19001949/1944/1944.100.60196.rev.width350.jpg"]},{"from":141,"to":142,"title":"Bronze Drachm of Antoninus Pius, Alexandreia, AD 141 - AD 142. 1944.100.60212","image_urls":["http://numismatics.org/collectionimages/19001949/1944/1944.100.60212.rev.width350.jpg"]},{"from":141,"to":142,"title":"Bronze Drachm of Antoninus Pius, Alexandreia, AD 141 - AD 142. 1944.100.60256","image_urls":["http://numismatics.org/collectionimages/19001949/1944/1944.100.60256.rev.width350.jpg"]},{"from":141,"to":142,"title":"Bronze Drachm of Antoninus Pius, Alexandreia, AD 141 - AD 142. 1944.100.60209","image_urls":["http://numismatics.org/collectionimages/19001949/1944/1944.100.60209.rev.width350.jpg"]},{"from":141,"to":142,"title":"Bronze Drachm of Antoninus Pius, Alexandreia, AD 141 - AD 142. 1944.100.60991","image_urls":["http://numismatics.org/collectionimages/19001949/1944/1944.100.60991.rev.width350.jpg"]},{"from":141,"to":142,"title":"Billon Tetradrachm of Antoninus Pius, Alexandreia, AD 141 - AD 142. 1944.100.58628","image_urls":["http://numismatics.org/collectionimages/19001949/1944/1944.100.58628.rev.width350.jpg"]},{"from":141,"to":142,"title":"Bronze Drachm of Antoninus Pius, Alexandreia, AD 141 - AD 142. 1973.56.800","image_urls":["http://numismatics.org/collectionimages/19501999/1973/1973.56.800.rev.width350.jpg"]},{"from":141,"to":142,"title":"Bronze Drachm of Antoninus Pius, Alexandreia, AD 141 - AD 142. 1973.56.802","image_urls":["http://numismatics.org/collectionimages/19501999/1973/1973.56.802.rev.width350.jpg"]},{"from":141,"to":142,"title":"Bronze Drachm of Antoninus Pius, Alexandreia, AD 141 - AD 142. 1944.100.60985","image_urls":["http://numismatics.org/collectionimages/19001949/1944/1944.100.60985.rev.width350.jpg"]},{"from":141,"to":142,"title":"Bronze Drachm of Antoninus Pius, Alexandreia, AD 141 - AD 142. 1944.100.60250","image_urls":["http://numismatics.org/collectionimages/19001949/1944/1944.100.60250.rev.width350.jpg"]},{"from":141,"to":142,"title":"Bronze Drachm of Antoninus Pius, Alexandreia, AD 141 - AD 142. 1944.100.60244","image_urls":["http://numismatics.org/collectionimages/19001949/1944/1944.100.60244.rev.width350.jpg"]},{"from":141,"to":142,"title":"Bronze Drachm of Antoninus Pius, Alexandreia, AD 141 - AD 142. 1944.100.61000","image_urls":["http://numismatics.org/collectionimages/19001949/1944/1944.100.61000.rev.width350.jpg"]},{"from":141,"to":142,"title":"Bronze Drachm of Antoninus Pius, Alexandreia, AD 141 - AD 142. 1944.100.60263","image_urls":["http://numismatics.org/collectionimages/19001949/1944/1944.100.60263.rev.width350.jpg"]},{"from":141,"to":142,"title":"Bronze Diobol of Antoninus Pius, Alexandreia, AD 141 - AD 142. 1944.100.60257","image_urls":["http://numismatics.org/collectionimages/19001949/1944/1944.100.60257.rev.width350.jpg"]},{"from":141,"to":142,"title":"Billon Tetradrachm of Antoninus Pius, Alexandreia, AD 141 - AD 142. 1944.100.58646","image_urls":["http://numismatics.org/collectionimages/19001949/1944/1944.100.58646.rev.width350.jpg"]},{"from":141,"to":142,"title":"Bronze Drachm of Antoninus Pius, Alexandreia, AD 141 - AD 142. 1944.100.60989","image_urls":["http://numismatics.org/collectionimages/19001949/1944/1944.100.60989.rev.width350.jpg"]},{"from":141,"to":142,"title":"Bronze Drachm of Antoninus Pius, Alexandreia, AD 141 - AD 142. 1944.100.60988","image_urls":["http://numismatics.org/collectionimages/19001949/1944/1944.100.60988.rev.width350.jpg"]},{"from":141,"to":142,"title":"Bronze Drachm of Antoninus Pius, Alexandreia, AD 141 - AD 142. 1944.100.60231","image_urls":["http://numismatics.org/collectionimages/19001949/1944/1944.100.60231.rev.width350.jpg"]},{"from":141,"to":142,"title":"Bronze Drachm of Antoninus Pius, Alexandreia, AD 141 - AD 142. 1944.100.60995","image_urls":["http://numismatics.org/collectionimages/19001949/1944/1944.100.60995.rev.width350.jpg"]},{"from":141,"to":142,"title":"Bronze Drachm of Antoninus Pius, Alexandreia, AD 141 - AD 142. 1944.100.60983","image_urls":["http://numismatics.org/collectionimages/19001949/1944/1944.100.60983.rev.width350.jpg"]},{"from":141,"to":142,"title":"Billon Tetradrachm of Antoninus Pius, Alexandreia, AD 141 - AD 142. 1944.100.58625","image_urls":["http://numismatics.org/collectionimages/19001949/1944/1944.100.58625.rev.width350.jpg"]},{"from":141,"to":142,"title":"Bronze Drachm of Antoninus Pius, Alexandreia, AD 141 - AD 142. 1944.100.60224","image_urls":["http://numismatics.org/collectionimages/19001949/1944/1944.100.60224.rev.width350.jpg"]},{"from":141,"to":142,"title":"Bronze Drachm of Antoninus Pius, Alexandreia, AD 141 - AD 142. 1944.100.60227","image_urls":["http://numismatics.org/collectionimages/19001949/1944/1944.100.60227.rev.width350.jpg"]},{"from":141,"to":142,"title":"Billon Tetradrachm of Antoninus Pius, Alexandreia, AD 141 - AD 142. 1944.100.58613","image_urls":["http://numismatics.org/collectionimages/19001949/1944/1944.100.58613.rev.width350.jpg"]},{"from":141,"to":142,"title":"Bronze Hemidrachm of Antoninus Pius, Alexandreia, AD 141 - AD 142. 1944.100.61003","image_urls":["http://numismatics.org/collectionimages/19001949/1944/1944.100.61003.rev.width350.jpg"]},{"from":141,"to":142,"title":"Billon Tetradrachm of Antoninus Pius, Alexandreia, AD 141 - AD 142. 1944.100.58633","image_urls":["http://numismatics.org/collectionimages/19001949/1944/1944.100.58633.rev.width350.jpg"]},{"from":141,"to":142,"title":"Billon Tetradrachm of Antoninus Pius, Alexandreia, AD 141 - AD 142. 1944.100.58639","image_urls":["http://numismatics.org/collectionimages/19001949/1944/1944.100.58639.rev.width350.jpg"]},{"from":141,"to":142,"title":"Bronze Drachm of Antoninus Pius, Alexandreia, AD 141 - AD 142. 1944.100.60265","image_urls":["http://numismatics.org/collectionimages/19001949/1944/1944.100.60265.rev.width350.jpg"]},{"from":141,"to":142,"title":"Bronze Drachm of Antoninus Pius, Alexandreia, AD 141 - AD 142. 1944.100.60241","image_urls":["http://numismatics.org/collectionimages/19001949/1944/1944.100.60241.rev.width350.jpg"]},{"from":141,"to":142,"title":"Bronze Drachm of Antoninus Pius, Alexandreia, AD 141 - AD 142. 1974.26.3658","image_urls":["http://numismatics.org/collectionimages/19501999/1974/1974.26.3658.rev.width350.jpg"]},{"from":141,"to":142,"title":"Bronze Diobol of Antoninus Pius, Alexandreia, AD 141 - AD 142. 1974.26.3544","image_urls":["http://numismatics.org/collectionimages/19501999/1974/1974.26.3544.rev.width350.jpg"]},{"from":141,"to":142,"title":"Bronze Drachm of Antoninus Pius, Alexandreia, AD 141 - AD 142. 1944.100.60208","image_urls":["http://numismatics.org/collectionimages/19001949/1944/1944.100.60208.rev.width350.jpg"]},{"from":141,"to":142,"title":"Billon Tetradrachm of Antoninus Pius, Alexandreia, AD 141 - AD 142. 1973.56.735","image_urls":["http://numismatics.org/collectionimages/19501999/1973/1973.56.735.rev.width350.jpg"]},{"from":141,"to":142,"title":"Bronze Drachm of Antoninus Pius, Alexandreia, AD 141 - AD 142. 1944.100.60255","image_urls":["http://numismatics.org/collectionimages/19001949/1944/1944.100.60255.rev.width350.jpg"]},{"from":141,"to":142,"title":"Bronze Chalkous of Antoninus Pius, Alexandreia, AD 141 - AD 142. 1944.100.61005","image_urls":["http://numismatics.org/collectionimages/19001949/1944/1944.100.61005.rev.width350.jpg"]},{"from":141,"to":142,"title":"Bronze Drachm of Antoninus Pius, Alexandreia, AD 141 - AD 142. 1935.117.784","image_urls":["http://numismatics.org/collectionimages/19001949/1935/1935.117.784.rev.width350.jpg"]},{"from":141,"to":142,"title":"Bronze Drachm of Antoninus Pius, Alexandreia, AD 141 - AD 142. 1944.100.60251","image_urls":["http://numismatics.org/collectionimages/19001949/1944/1944.100.60251.rev.width350.jpg"]},{"from":141,"to":142,"title":"Bronze Drachm of Antoninus Pius, Alexandreia, AD 141 - AD 142. 1944.100.60230","image_urls":["http://numismatics.org/collectionimages/19001949/1944/1944.100.60230.rev.width350.jpg"]},{"from":141,"to":142,"title":"Bronze Drachm of Antoninus Pius, Alexandreia, AD 141 - AD 142. 1944.100.60245","image_urls":["http://numismatics.org/collectionimages/19001949/1944/1944.100.60245.rev.width350.jpg"]},{"from":141,"to":142,"title":"Bronze Drachm of Antoninus Pius, Alexandreia, AD 141 - AD 142. 1971.203.12","image_urls":["http://numismatics.org/collectionimages/19501999/1971/1971.203.12.rev.width350.jpg"]},{"from":141,"to":142,"title":"Bronze Drachm of Antoninus Pius, Alexandreia, AD 141 - AD 142. 1948.19.1960","image_urls":["http://numismatics.org/collectionimages/19001949/1948/1948.19.1960.rev.width350.jpg"]},{"from":141,"to":142,"title":"Bronze Drachm of Antoninus Pius, Alexandreia, AD 141 - AD 142. 1944.100.84886","image_urls":["http://numismatics.org/collectionimages/19001949/1944/1944.100.84886.rev.width350.jpg"]}]