[{"from":142,"to":144,"title":"BH-72FEB2: A coin issued by Antoninus Pius","image_urls":["https://finds.org.uk/images/jwatters/Roman%20coin%2004%20215%20-%203.jpg"]},{"from":142,"to":142,"title":"DUR-43E0B7: A coin issued by Antoninus Pius","image_urls":["https://finds.org.uk/images/emorris/DUR-43E0B7.jpg"]},{"from":142,"to":147,"title":"SUR-01D306: A coin issued by Faustina the Elder","image_urls":["https://finds.org.uk/images/dwilliams/11-610.jpg"]},{"from":142,"to":142,"title":"DUR-D31D62: A coin issued by Marcus Aurelius (as Caesar)","image_urls":["https://finds.org.uk/images/frances/lewney%20MA-%20DUR-D31D62.jpg"]},{"from":142,"to":142,"title":"PUBLIC-240DA3: A coin issued by Faustina the Elder","image_urls":["https://finds.org.uk/images/leicvol/240DA3.jpg"]},{"from":142,"to":143,"title":"BERK-1C52F6: A coin issued by Antoninus Pius","image_urls":["https://finds.org.uk/images/abyard/berk1c52f6.jpg"]},{"from":142,"to":142,"title":"NLM-D0AE21: A coin issued by Antoninus Pius","image_urls":["https://finds.org.uk/images/mforeman/NLM25724.jpg"]},{"from":142,"to":143,"title":"Bronze Drachm of Antoninus Pius, Alexandreia, AD 142 - AD 143. 1944.100.60273","image_urls":["http://numismatics.org/collectionimages/19001949/1944/1944.100.60273.rev.width350.jpg"]},{"from":142,"to":143,"title":"Silver Tetradrachm, Seleuceia ad Tigrim, AD 142 - AD 143. 1944.100.83318","image_urls":["http://numismatics.org/collectionimages/19001949/1944/1944.100.83318.rev.width350.jpg"]},{"from":142,"to":143,"title":"Bronze Drachm of Antoninus Pius, Alexandreia, AD 142 - AD 143. 1944.100.60274","image_urls":["http://numismatics.org/collectionimages/19001949/1944/1944.100.60274.rev.width350.jpg"]},{"from":142,"to":143,"title":"Billon Tetradrachm of Antoninus Pius, Alexandreia, AD 142 - AD 143. 1974.26.3545","image_urls":["http://numismatics.org/collectionimages/19501999/1974/1974.26.3545.rev.width350.jpg"]},{"from":142,"to":143,"title":"Bronze Chalkous of Antoninus Pius, Alexandreia, AD 142 - AD 143. 1944.100.60275","image_urls":["http://numismatics.org/collectionimages/19001949/1944/1944.100.60275.rev.width350.jpg"]},{"from":142,"to":143,"title":"Bronze Drachm of Antoninus Pius, Alexandreia, AD 142 - AD 143. 1944.100.60271","image_urls":["http://numismatics.org/collectionimages/19001949/1944/1944.100.60271.rev.width350.jpg"]},{"from":142,"to":143,"title":"Bronze Drachm of Antoninus Pius, Alexandreia, AD 142 - AD 143. 1944.100.60270","image_urls":["http://numismatics.org/collectionimages/19001949/1944/1944.100.60270.rev.width350.jpg"]}]