[{"from":1423,"to":1448,"title":"Silver Coin of John VIII, Constantinople, 1423 - 1448. 1963.204.2","image_urls":["http://numismatics.org/collectionimages/19501999/1963/1963.204.2.rev.width350.jpg"]},{"from":1423,"to":1448,"title":"Silver Coin of John VIII, Constantinople, 1423 - 1448. 1982.80.1","image_urls":["http://numismatics.org/collectionimages/19501999/1982/1982.80.1.rev.width350.jpg"]},{"from":1423,"to":1448,"title":"Silver Coin of John VIII, Constantinople, 1423 - 1448. 1997.31.244","image_urls":["http://numismatics.org/collectionimages/19501999/1997/1997.31.244.rev.width350.jpg"]},{"from":1423,"to":1448,"title":"Silver Coin of John VIII, Constantinople, 1423 - 1448. 1944.100.18224","image_urls":["http://numismatics.org/collectionimages/19001949/1944/1944.100.18224.rev.width350.jpg"]},{"from":1423,"to":1448,"title":"Silver Coin of John VIII, Constantinople, 1423 - 1448. 1977.158.1258","image_urls":["http://numismatics.org/collectionimages/19501999/1977/1977.158.1258.rev.width350.jpg"]},{"from":1423,"to":1448,"title":"Silver Coin of John VIII, Constantinople, 1423 - 1448. 1944.100.18226","image_urls":["http://numismatics.org/collectionimages/19001949/1944/1944.100.18226.rev.width350.jpg"]},{"from":1423,"to":1448,"title":"Silver Coin of John VIII, Constantinople, 1423 - 1448. 1967.265.13","image_urls":["http://numismatics.org/collectionimages/19501999/1967/1967.265.13.rev.width350.jpg"]},{"from":1423,"to":1448,"title":"Silver Coin of John VIII, Constantinople, 1423 - 1448. 1944.100.18223","image_urls":["http://numismatics.org/collectionimages/19001949/1944/1944.100.18223.rev.width350.jpg"]},{"from":1423,"to":1448,"title":"Silver Coin of John VIII, Constantinople, 1423 - 1448. 1944.100.18227","image_urls":["http://numismatics.org/collectionimages/19001949/1944/1944.100.18227.rev.width350.jpg"]},{"from":1423,"to":1448,"title":"Silver Coin of John V, Constantinople, 1423 - 1448. 1944.100.18219","image_urls":["http://numismatics.org/collectionimages/19001949/1944/1944.100.18219.rev.width350.jpg"]},{"from":1423,"to":1448,"title":"Silver Coin of John VIII, Constantinople, 1423 - 1448. 1944.100.18222","image_urls":["http://numismatics.org/collectionimages/19001949/1944/1944.100.18222.rev.width350.jpg"]},{"from":1423,"to":1448,"title":"Silver Coin of John VIII, Constantinople, 1423 - 1448. 1944.100.18225","image_urls":["http://numismatics.org/collectionimages/19001949/1944/1944.100.18225.rev.width350.jpg"]},{"from":1423,"to":1448,"title":"Silver Coin of John VIII, Constantinople, 1423 - 1448. 1947.3.89","image_urls":["http://numismatics.org/collectionimages/19001949/1947/1947.3.89.rev.width350.jpg"]}]