[{"from":143,"to":144,"title":"NCL-3683F2: A coin issued by Antoninus Pius","image_urls":["https://finds.org.uk/images/pwalton/836.jpg"]},{"from":143,"to":144,"title":"YORYM-340615: A coin issued by Antoninus Pius","image_urls":["https://finds.org.uk/images/bmorris/SG0014.jpg"]},{"from":143,"to":144,"title":"NCL-5F8AB4: A coin issued by Antoninus Pius","image_urls":["https://finds.org.uk/images/pwalton/1194.jpg"]},{"from":143,"to":144,"title":"NCL-F9B505: A coin issued by Antoninus Pius","image_urls":["https://finds.org.uk/images/dgumby/1226.jpg"]},{"from":143,"to":144,"title":"SF-57251B: A coin issued by Antoninus Pius","image_urls":["https://finds.org.uk/images/abrown/WMH_SF57251B.jpg"]},{"from":143,"to":161,"title":"HAMP-5BEFB6: A coin issued by Antoninus Pius","image_urls":["https://finds.org.uk/images/rwebley/HAMP-5BEFB6AntoninusPiussestertius.jpg"]},{"from":143,"to":144,"title":"ESS-797301: A coin issued by Antoninus Pius","image_urls":["https://finds.org.uk/images/bpaites/ESS797301Cornucopiacoin.jpg"]},{"from":143,"to":143,"title":"LVPL-AA7C80: A coin issued by Antoninus Pius","image_urls":["https://finds.org.uk/images/voakden/LVPL-AA7C80.JPG"]},{"from":143,"to":143,"title":"NLM-DBE5EE: A coin issued by Marcus Aurelius (as Caesar)","image_urls":["https://finds.org.uk/images/mforeman/NLM27112.jpg"]},{"from":143,"to":144,"title":"BH-03F001: A coin issued by Antoninus Pius","image_urls":["https://finds.org.uk/images/jwatters/Roman_coin_15_24.jpg"]},{"from":143,"to":144,"title":"WMID-1D8FB0: A coin issued by Antoninus Pius","image_urls":["https://finds.org.uk/images/tgilmore/WMID-1D8FB0.jpg"]},{"from":143,"to":144,"title":"BM-EEF8F3: A coin issued by Antoninus Pius","image_urls":["https://finds.org.uk/images/jasonlundock/5296.jpg"]},{"from":143,"to":144,"title":"DEV-FC2ED7: A coin issued by Antoninus Pius","image_urls":["https://finds.org.uk/images/dwootton/devfc2ed7.jpg"]},{"from":143,"to":144,"title":"IOW-FB537C: A coin issued by Antoninus Pius","image_urls":["https://finds.org.uk/images/fbasford/IOW2014-2-476.JPG"]},{"from":143,"to":144,"title":"FAPJW-2A6891: A coin issued by Antoninus Pius","image_urls":["https://finds.org.uk/images/pwalton/8091.jpg"]},{"from":143,"to":144,"title":"NLM-7E19D4: A coin issued by Antoninus Pius","image_urls":["https://finds.org.uk/images/lstaves/NLM11294.jpg"]},{"from":143,"to":144,"title":"Bronze Drachm of Antoninus Pius, Alexandreia, AD 143 - AD 144. 1944.100.60285","image_urls":["http://numismatics.org/collectionimages/19001949/1944/1944.100.60285.rev.width350.jpg"]},{"from":143,"to":144,"title":"Bronze Drachm of Antoninus Pius, Alexandreia, AD 143 - AD 144. 1944.100.60282","image_urls":["http://numismatics.org/collectionimages/19001949/1944/1944.100.60282.rev.width350.jpg"]},{"from":143,"to":144,"title":"RIC III Antoninus Pius 716A. 1995.11.149","image_urls":["http://numismatics.org/collectionimages/19501999/1995/1995.11.149.rev.width350.jpg"]},{"from":143,"to":144,"title":"RIC III Antoninus Pius 108C. 1972.62.3","image_urls":["http://numismatics.org/collectionimages/19501999/1972/1972.62.3.rev.width350.jpg"]},{"from":143,"to":144,"title":"RIC III Antoninus Pius 747A. 1995.11.419","image_urls":["http://numismatics.org/collectionimages/19501999/1995/1995.11.419.rev.width350.jpg"]},{"from":143,"to":144,"title":"RIC III Antoninus Pius 111B. 1944.100.48134","image_urls":["http://numismatics.org/collectionimages/19001949/1944/1944.100.48134.rev.width350.jpg"]},{"from":143,"to":144,"title":"Bronze Drachm of Antoninus Pius, Alexandreia, AD 143 - AD 144. 1944.100.61017","image_urls":["http://numismatics.org/collectionimages/19001949/1944/1944.100.61017.rev.width350.jpg"]},{"from":143,"to":144,"title":"Billon Tetradrachm of Antoninus Pius, Alexandreia, AD 143 - AD 144. 1944.100.58680","image_urls":["http://numismatics.org/collectionimages/19001949/1944/1944.100.58680.rev.width350.jpg"]},{"from":143,"to":144,"title":"RIC III Antoninus Pius 746B. 1984.176.26","image_urls":["http://numismatics.org/collectionimages/19501999/1984/1984.176.26.rev.width350.jpg"]},{"from":143,"to":144,"title":"Bronze Drachm of Antoninus Pius, Alexandreia, AD 143 - AD 144. 1944.100.60288","image_urls":["http://numismatics.org/collectionimages/19001949/1944/1944.100.60288.rev.width350.jpg"]},{"from":143,"to":144,"title":"RIC III Antoninus Pius 746B. 1988.5.38","image_urls":["http://numismatics.org/collectionimages/19501999/1988/1988.5.38.rev.width350.jpg"]},{"from":143,"to":144,"title":"Billon Tetradrachm of Antoninus Pius, Alexandreia, AD 143 - AD 144. 1944.100.58683","image_urls":["http://numismatics.org/collectionimages/19001949/1944/1944.100.58683.rev.width350.jpg"]},{"from":143,"to":144,"title":"RIC III Antoninus Pius 718. 1995.11.371","image_urls":["http://numismatics.org/collectionimages/19501999/1995/1995.11.371.rev.width350.jpg"]},{"from":143,"to":144,"title":"RIC III Antoninus Pius 733. 1906.236.347","image_urls":["http://numismatics.org/collectionimages/19001949/1906/1906.236.347.rev.width350.jpg"]},{"from":143,"to":144,"title":"Billon Tetradrachm of Antoninus Pius, Alexandreia, AD 143 - AD 144. 1973.56.738","image_urls":["http://numismatics.org/collectionimages/19501999/1973/1973.56.738.rev.width350.jpg"]},{"from":143,"to":144,"title":"Billon Tetradrachm of Antoninus Pius, Alexandreia, AD 143 - AD 144. 1944.100.58662","image_urls":["http://numismatics.org/collectionimages/19001949/1944/1944.100.58662.rev.width350.jpg"]},{"from":143,"to":144,"title":"RIC III Antoninus Pius 733. 1946.7.16","image_urls":["http://numismatics.org/collectionimages/19001949/1946/1946.7.16.rev.width350.jpg"]},{"from":143,"to":144,"title":"RIC III Antoninus Pius 109B. 1963.150.1","image_urls":["http://numismatics.org/collectionimages/19501999/1963/1963.150.1.rev.width350.jpg"]},{"from":143,"to":144,"title":"RIC III Antoninus Pius 738. 1944.100.48245","image_urls":["http://numismatics.org/collectionimages/19001949/1944/1944.100.48245.rev.width350.jpg"]},{"from":143,"to":144,"title":"RIC III Antoninus Pius 719. 1944.100.48239","image_urls":["http://numismatics.org/collectionimages/19001949/1944/1944.100.48239.rev.width350.jpg"]},{"from":143,"to":144,"title":"Bronze Drachm of Antoninus Pius, Alexandreia, AD 143 - AD 144. 1944.100.60291","image_urls":["http://numismatics.org/collectionimages/19001949/1944/1944.100.60291.rev.width350.jpg"]},{"from":143,"to":144,"title":"RIC III Antoninus Pius 734A. 1937.158.502","image_urls":["http://numismatics.org/collectionimages/19001949/1937/1937.158.502.rev.width350.jpg"]},{"from":143,"to":144,"title":"RIC III Antoninus Pius 717A. 1951.61.63","image_urls":["http://numismatics.org/collectionimages/19501999/1951/1951.61.63.rev.width350.jpg"]},{"from":143,"to":144,"title":"RIC III Antoninus Pius 738. 1944.100.48247","image_urls":["http://numismatics.org/collectionimages/19001949/1944/1944.100.48247.rev.width350.jpg"]},{"from":143,"to":144,"title":"RIC III Antoninus Pius 117. 1911.23.195","image_urls":["http://numismatics.org/collectionimages/19001949/1911/1911.23.195.rev.width350.jpg"]},{"from":143,"to":144,"title":"RIC III Antoninus Pius 111B. 1947.2.466","image_urls":["http://numismatics.org/collectionimages/19001949/1947/1947.2.466.rev.width350.jpg"]},{"from":143,"to":144,"title":"Billon Tetradrachm of Antoninus Pius, Alexandreia, AD 143 - AD 144. 1944.100.58671","image_urls":["http://numismatics.org/collectionimages/19001949/1944/1944.100.58671.rev.width350.jpg"]},{"from":143,"to":144,"title":"Bronze Drachm of Antoninus Pius, Alexandreia, AD 143 - AD 144. 1944.100.60303","image_urls":["http://numismatics.org/collectionimages/19001949/1944/1944.100.60303.rev.width350.jpg"]},{"from":143,"to":144,"title":"RIC III Antoninus Pius 715. 1988.5.35","image_urls":["http://numismatics.org/collectionimages/19501999/1988/1988.5.35.rev.width350.jpg"]},{"from":143,"to":144,"title":"Bronze Drachm of Antoninus Pius, Alexandreia, AD 143 - AD 144. 1944.100.60278","image_urls":["http://numismatics.org/collectionimages/19001949/1944/1944.100.60278.rev.width350.jpg"]},{"from":143,"to":144,"title":"RIC III Antoninus Pius 717B. 1944.100.48238","image_urls":["http://numismatics.org/collectionimages/19001949/1944/1944.100.48238.rev.width350.jpg"]},{"from":143,"to":144,"title":"Bronze Drachm of Antoninus Pius, Alexandreia, AD 143 - AD 144. 1944.100.61006","image_urls":["http://numismatics.org/collectionimages/19001949/1944/1944.100.61006.rev.width350.jpg"]},{"from":143,"to":144,"title":"RIC III Antoninus Pius 717B. 1995.11.151","image_urls":["http://numismatics.org/collectionimages/19501999/1995/1995.11.151.rev.width350.jpg"]},{"from":143,"to":144,"title":"RIC III Antoninus Pius 120. 1956.184.39","image_urls":["http://numismatics.org/collectionimages/19501999/1956/1956.184.39.rev.width350.jpg"]},{"from":143,"to":144,"title":"RIC III Antoninus Pius 730. 1906.236.346","image_urls":["http://numismatics.org/collectionimages/19001949/1906/1906.236.346.rev.width350.jpg"]},{"from":143,"to":144,"title":"RIC III Antoninus Pius 111C. 1974.999.38","image_urls":["http://numismatics.org/collectionimages/19501999/1974/1974.999.38.rev.width350.jpg"]},{"from":143,"to":144,"title":"RIC III Antoninus Pius 111B. 1911.23.194","image_urls":["http://numismatics.org/collectionimages/19001949/1911/1911.23.194.rev.width350.jpg"]},{"from":143,"to":144,"title":"RIC III Antoninus Pius 716A. 1944.100.48237","image_urls":["http://numismatics.org/collectionimages/19001949/1944/1944.100.48237.rev.width350.jpg"]},{"from":143,"to":144,"title":"RIC III Antoninus Pius 734A. 1892.32.5","image_urls":["http://numismatics.org/collectionimages/00001899/1892/1892.32.5.rev.width350.jpg"]},{"from":143,"to":144,"title":"Bronze Hemidrachm of Antoninus Pius, Alexandreia, AD 143 - AD 144. 1973.56.806","image_urls":["http://numismatics.org/collectionimages/19501999/1973/1973.56.806.rev.width350.jpg"]},{"from":143,"to":144,"title":"RIC III Antoninus Pius 742. 1998.132.3","image_urls":["http://numismatics.org/collectionimages/19501999/1998/1998.132.3.rev.width350.jpg"]},{"from":143,"to":144,"title":"Bronze Drachm of Antoninus Pius, Alexandreia, AD 143 - AD 144. 1944.100.60293","image_urls":["http://numismatics.org/collectionimages/19001949/1944/1944.100.60293.rev.width350.jpg"]},{"from":143,"to":144,"title":"Bronze Drachm of Antoninus Pius, Alexandreia, AD 143 - AD 144. 1944.100.60292","image_urls":["http://numismatics.org/collectionimages/19001949/1944/1944.100.60292.rev.width350.jpg"]},{"from":143,"to":144,"title":"RIC III Antoninus Pius 718. 0000.999.20756","image_urls":["http://numismatics.org/collectionimages/00001899/0000/0000.999.20756.rev.width350.jpg"]},{"from":143,"to":144,"title":"RIC III Antoninus Pius 734A. 1941.131.826","image_urls":["http://numismatics.org/collectionimages/19001949/1941/1941.131.826.rev.width350.jpg"]},{"from":143,"to":144,"title":"RIC III Antoninus Pius 747A. 1937.158.503","image_urls":["http://numismatics.org/collectionimages/19001949/1937/1937.158.503.rev.width350.jpg"]},{"from":143,"to":144,"title":"RIC III Antoninus Pius 738. 1944.100.48246","image_urls":["http://numismatics.org/collectionimages/19001949/1944/1944.100.48246.rev.width350.jpg"]},{"from":143,"to":144,"title":"RIC III Antoninus Pius 734A. 1944.100.48243","image_urls":["http://numismatics.org/collectionimages/19001949/1944/1944.100.48243.rev.width350.jpg"]},{"from":143,"to":144,"title":"Bronze Drachm of Antoninus Pius, Alexandreia, AD 143 - AD 144. 1944.100.61007","image_urls":["http://numismatics.org/collectionimages/19001949/1944/1944.100.61007.rev.width350.jpg"]},{"from":143,"to":144,"title":"RIC III Antoninus Pius 734A. 0000.999.20757","image_urls":["http://numismatics.org/collectionimages/00001899/0000/0000.999.20757.rev.width350.jpg"]},{"from":143,"to":144,"title":"RIC III Antoninus Pius 111A. 1944.100.48133","image_urls":["http://numismatics.org/collectionimages/19001949/1944/1944.100.48133.rev.width350.jpg"]},{"from":143,"to":144,"title":"RIC III Antoninus Pius 732. 1944.100.48241","image_urls":["http://numismatics.org/collectionimages/19001949/1944/1944.100.48241.rev.width350.jpg"]},{"from":143,"to":144,"title":"RIC III Antoninus Pius 121A. 1944.100.48136","image_urls":["http://numismatics.org/collectionimages/19001949/1944/1944.100.48136.rev.width350.jpg"]},{"from":143,"to":144,"title":"RIC III Antoninus Pius 118. 1956.127.381","image_urls":["http://numismatics.org/collectionimages/19501999/1956/1956.127.381.rev.width350.jpg"]},{"from":143,"to":144,"title":"RIC III Antoninus Pius 746A. 1957.172.1719","image_urls":["http://numismatics.org/collectionimages/19501999/1957/1957.172.1719.rev.width350.jpg"]},{"from":143,"to":144,"title":"RIC III Antoninus Pius 111B. 1956.127.380","image_urls":["http://numismatics.org/collectionimages/19501999/1956/1956.127.380.rev.width350.jpg"]},{"from":143,"to":144,"title":"RIC III Antoninus Pius 732. 1944.100.48240","image_urls":["http://numismatics.org/collectionimages/19001949/1944/1944.100.48240.rev.width350.jpg"]},{"from":143,"to":144,"title":"RIC III Antoninus Pius 746A. 1944.100.48249","image_urls":["http://numismatics.org/collectionimages/19001949/1944/1944.100.48249.rev.width350.jpg"]},{"from":143,"to":144,"title":"RIC III Antoninus Pius 111C. 1944.100.48135","image_urls":["http://numismatics.org/collectionimages/19001949/1944/1944.100.48135.rev.width350.jpg"]},{"from":143,"to":144,"title":"Bronze Drachm of Antoninus Pius, Alexandreia, AD 143 - AD 144. 1944.100.60280","image_urls":["http://numismatics.org/collectionimages/19001949/1944/1944.100.60280.rev.width350.jpg"]},{"from":143,"to":144,"title":"RIC III Antoninus Pius 715. 1995.11.420","image_urls":["http://numismatics.org/collectionimages/19501999/1995/1995.11.420.rev.width350.jpg"]},{"from":143,"to":144,"title":"RIC III Antoninus Pius 733. 1947.2.473","image_urls":["http://numismatics.org/collectionimages/19001949/1947/1947.2.473.rev.width350.jpg"]},{"from":143,"to":144,"title":"RIC III Antoninus Pius 736A. 1911.105.489","image_urls":["http://numismatics.org/collectionimages/19001949/1911/1911.105.489.rev.width350.jpg"]},{"from":143,"to":144,"title":"RIC III Antoninus Pius 111A. 1948.19.1253","image_urls":["http://numismatics.org/collectionimages/19001949/1948/1948.19.1253.rev.width350.jpg"]},{"from":143,"to":144,"title":"RIC III Antoninus Pius 730. 1986.177.8","image_urls":["http://numismatics.org/collectionimages/19501999/1986/1986.177.8.rev.width350.jpg"]},{"from":143,"to":144,"title":"Bronze Drachm of Antoninus Pius, Alexandreia, AD 143 - AD 144. 1944.100.60307","image_urls":["http://numismatics.org/collectionimages/19001949/1944/1944.100.60307.rev.width350.jpg"]},{"from":143,"to":144,"title":"RIC III Antoninus Pius 733. 1944.100.48242","image_urls":["http://numismatics.org/collectionimages/19001949/1944/1944.100.48242.rev.width350.jpg"]},{"from":143,"to":144,"title":"Bronze Drachm of Antoninus Pius, Alexandreia, AD 143 - AD 144. 1944.100.61009","image_urls":["http://numismatics.org/collectionimages/19001949/1944/1944.100.61009.rev.width350.jpg"]},{"from":143,"to":144,"title":"Bronze Drachm of Antoninus Pius, Alexandreia, AD 143 - AD 144. 1944.100.60286","image_urls":["http://numismatics.org/collectionimages/19001949/1944/1944.100.60286.rev.width350.jpg"]},{"from":143,"to":144,"title":"RIC III Antoninus Pius 742. 1944.100.48248","image_urls":["http://numismatics.org/collectionimages/19001949/1944/1944.100.48248.rev.width350.jpg"]},{"from":143,"to":144,"title":"RIC III Antoninus Pius 736A. 1944.100.48244","image_urls":["http://numismatics.org/collectionimages/19001949/1944/1944.100.48244.rev.width350.jpg"]},{"from":143,"to":144,"title":"RIC III Antoninus Pius 736A. 1947.2.474","image_urls":["http://numismatics.org/collectionimages/19001949/1947/1947.2.474.rev.width350.jpg"]},{"from":143,"to":144,"title":"RIC III Antoninus Pius 747A. 1944.100.48250","image_urls":["http://numismatics.org/collectionimages/19001949/1944/1944.100.48250.rev.width350.jpg"]}]