[{"from":144,"to":144,"title":"LEIC-8BA083: A coin issued by Antoninus Pius","image_urls":["https://finds.org.uk/images/wscott/8BA083.JPG"]},{"from":144,"to":144,"title":"LVPL-FE4B47: A coin issued by Marcus Aurelius (as Caesar)","image_urls":["https://finds.org.uk/images/voakden/LVPL-FE4B47.JPG"]},{"from":144,"to":144,"title":"SF-2BEC4D: A coin issued by Antoninus Pius","image_urls":["https://finds.org.uk/images/abrown/HNS_SF2BEC4D.jpg"]},{"from":144,"to":144,"title":"DENO-60352A: A coin issued by Antoninus Pius","image_urls":["https://finds.org.uk/images/awillis/E7616_Denarius.jpg"]},{"from":144,"to":144,"title":"LVPL-098111: A coin issued by Antoninus Pius","image_urls":["https://finds.org.uk/images/fmcintosh/A%20Anderson%20denarius.jpg"]},{"from":144,"to":153,"title":"LEIC-C494D2: A coin issued by Antoninus Pius","image_urls":["https://finds.org.uk/images/wscott/C494D2.JPG"]},{"from":144,"to":144,"title":"DOR-F2B145: A coin issued by Antoninus Pius","image_urls":["https://finds.org.uk/images/caht/F2B145.jpg"]},{"from":144,"to":147,"title":"SF-ABD978: A coin issued by Marcus Aurelius (as Caesar)","image_urls":["https://finds.org.uk/images/abrown/LYM_SF-ABD978.jpg"]},{"from":144,"to":144,"title":"NARC-CE2112: A coin issued by Antoninus Pius","image_urls":["https://finds.org.uk/images/jcassidy/june%20404.jpg"]},{"from":144,"to":144,"title":"LVPL-AA8733: A coin issued by Antoninus Pius","image_urls":["https://finds.org.uk/images/fmcintosh/b.downs%20denarius-%20LVPL-AA8733.jpg"]},{"from":144,"to":161,"title":"HESH-9EC4A7: A coin issued by Antoninus Pius","image_urls":["https://finds.org.uk/images/preavill/HESH-9EC4A7.jpg"]},{"from":144,"to":145,"title":"Bronze Drachm of Antoninus Pius, Alexandreia, AD 144 - AD 145. 1944.100.61431","image_urls":["http://numismatics.org/collectionimages/19001949/1944/1944.100.61431.rev.width350.jpg"]},{"from":144,"to":145,"title":"Bronze Drachm of Antoninus Pius, Alexandreia, AD 144 - AD 145. 1973.56.909","image_urls":["http://numismatics.org/collectionimages/19501999/1973/1973.56.909.rev.width350.jpg"]},{"from":144,"to":145,"title":"Bronze Drachm of Antoninus Pius, Alexandreia, AD 144 - AD 145. 1944.100.60342","image_urls":["http://numismatics.org/collectionimages/19001949/1944/1944.100.60342.rev.width350.jpg"]},{"from":144,"to":145,"title":"Bronze Drachm of Antoninus Pius, Alexandreia, AD 144 - AD 145. 1944.100.60393","image_urls":["http://numismatics.org/collectionimages/19001949/1944/1944.100.60393.rev.width350.jpg"]},{"from":144,"to":145,"title":"Bronze Drachm of Antoninus Pius, Alexandreia, AD 144 - AD 145. 1944.100.60387","image_urls":["http://numismatics.org/collectionimages/19001949/1944/1944.100.60387.rev.width350.jpg"]},{"from":144,"to":145,"title":"Bronze Drachm of Antoninus Pius, Alexandreia, AD 144 - AD 145. 1944.100.61433","image_urls":["http://numismatics.org/collectionimages/19001949/1944/1944.100.61433.rev.width350.jpg"]},{"from":144,"to":145,"title":"Bronze Drachm of Antoninus Pius, Alexandreia, AD 144 - AD 145. 1944.100.61016","image_urls":["http://numismatics.org/collectionimages/19001949/1944/1944.100.61016.rev.width350.jpg"]},{"from":144,"to":145,"title":"Bronze Drachm of Antoninus Pius, Alexandreia, AD 144 - AD 145. 1944.100.60384","image_urls":["http://numismatics.org/collectionimages/19001949/1944/1944.100.60384.rev.width350.jpg"]},{"from":144,"to":145,"title":"Bronze Drachm of Antoninus Pius, Alexandreia, AD 144 - AD 145. 1944.100.60322","image_urls":["http://numismatics.org/collectionimages/19001949/1944/1944.100.60322.rev.width350.jpg"]},{"from":144,"to":161,"title":"Bronze Dupondius of Antoninus Pius, Rome, AD 144 - AD 161. 1910.88.26","image_urls":["http://numismatics.org/collectionimages/19001949/1910/1910.88.26.rev.width350.jpg"]},{"from":144,"to":145,"title":"Bronze Diobol of Antoninus Pius, Alexandreia, AD 144 - AD 145. 1944.100.60324","image_urls":["http://numismatics.org/collectionimages/19001949/1944/1944.100.60324.rev.width350.jpg"]},{"from":144,"to":145,"title":"Bronze Drachm of Antoninus Pius, Alexandreia, AD 144 - AD 145. 1944.100.60318","image_urls":["http://numismatics.org/collectionimages/19001949/1944/1944.100.60318.rev.width350.jpg"]},{"from":144,"to":145,"title":"Bronze Drachm of Marcus Aurelius, Alexandreia, AD 144 - AD 145. 1944.100.61200","image_urls":["http://numismatics.org/collectionimages/19001949/1944/1944.100.61200.rev.width350.jpg"]},{"from":144,"to":145,"title":"Bronze Drachm of Antoninus Pius, Alexandreia, AD 144 - AD 145. 1944.100.60345","image_urls":["http://numismatics.org/collectionimages/19001949/1944/1944.100.60345.rev.width350.jpg"]},{"from":144,"to":145,"title":"Bronze Drachm of Antoninus Pius, Alexandreia, AD 144 - AD 145. 1944.100.60312","image_urls":["http://numismatics.org/collectionimages/19001949/1944/1944.100.60312.rev.width350.jpg"]},{"from":144,"to":145,"title":"Bronze Drachm of Antoninus Pius, Alexandreia, AD 144 - AD 145. 1944.100.61419","image_urls":["http://numismatics.org/collectionimages/19001949/1944/1944.100.61419.rev.width350.jpg"]},{"from":144,"to":145,"title":"Bronze Drachm of Antoninus Pius, Alexandreia, AD 144 - AD 145. 1944.100.60309","image_urls":["http://numismatics.org/collectionimages/19001949/1944/1944.100.60309.rev.width350.jpg"]},{"from":144,"to":145,"title":"Bronze Drachm of Antoninus Pius, Alexandreia, AD 144 - AD 145. 1944.100.61928","image_urls":["http://numismatics.org/collectionimages/19001949/1944/1944.100.61928.rev.width350.jpg"]},{"from":144,"to":145,"title":"Bronze Drachm of Antoninus Pius, Alexandreia, AD 144 - AD 145. 1944.100.60377","image_urls":["http://numismatics.org/collectionimages/19001949/1944/1944.100.60377.rev.width350.jpg"]},{"from":144,"to":145,"title":"Bronze Drachm of Antoninus Pius, Alexandreia, AD 144 - AD 145. 1944.100.60311","image_urls":["http://numismatics.org/collectionimages/19001949/1944/1944.100.60311.rev.width350.jpg"]},{"from":144,"to":145,"title":"Bronze Drachm of Antoninus Pius, Alexandreia, AD 144 - AD 145. 1944.100.61435","image_urls":["http://numismatics.org/collectionimages/19001949/1944/1944.100.61435.rev.width350.jpg"]},{"from":144,"to":145,"title":"Bronze Drachm of Marcus Aurelius, Alexandreia, AD 144 - AD 145. 1973.56.901","image_urls":["http://numismatics.org/collectionimages/19501999/1973/1973.56.901.rev.width350.jpg"]},{"from":144,"to":145,"title":"Bronze Drachm of Marcus Aurelius, Alexandreia, AD 144 - AD 145. 1944.100.61438","image_urls":["http://numismatics.org/collectionimages/19001949/1944/1944.100.61438.rev.width350.jpg"]},{"from":144,"to":145,"title":"Bronze Drachm of Antoninus Pius, Alexandreia, AD 144 - AD 145. 1944.100.60355","image_urls":["http://numismatics.org/collectionimages/19001949/1944/1944.100.60355.rev.width350.jpg"]},{"from":144,"to":145,"title":"Bronze Drachm of Antoninus Pius, Alexandreia, AD 144 - AD 145. 1944.100.61019","image_urls":["http://numismatics.org/collectionimages/19001949/1944/1944.100.61019.rev.width350.jpg"]},{"from":144,"to":145,"title":"Bronze Drachm of Antoninus Pius, Alexandreia, AD 144 - AD 145. 1944.100.60308","image_urls":["http://numismatics.org/collectionimages/19001949/1944/1944.100.60308.rev.width350.jpg"]},{"from":144,"to":145,"title":"Bronze Drachm of Antoninus Pius, Alexandreia, AD 144 - AD 145. 1944.100.60329","image_urls":["http://numismatics.org/collectionimages/19001949/1944/1944.100.60329.rev.width350.jpg"]},{"from":144,"to":145,"title":"Bronze Drachm of Antoninus Pius, Alexandreia, AD 144 - AD 145. 1944.100.60314","image_urls":["http://numismatics.org/collectionimages/19001949/1944/1944.100.60314.rev.width350.jpg"]},{"from":144,"to":145,"title":"Bronze Drachm of Antoninus Pius, Alexandreia, AD 144 - AD 145. 1973.56.807","image_urls":["http://numismatics.org/collectionimages/19501999/1973/1973.56.807.rev.width350.jpg"]},{"from":144,"to":145,"title":"Bronze Drachm of Antoninus Pius, Alexandreia, AD 144 - AD 145. 1944.100.60339","image_urls":["http://numismatics.org/collectionimages/19001949/1944/1944.100.60339.rev.width350.jpg"]},{"from":144,"to":145,"title":"Bronze Drachm of Antoninus Pius, Alexandreia, AD 144 - AD 145. 1944.100.60338","image_urls":["http://numismatics.org/collectionimages/19001949/1944/1944.100.60338.rev.width350.jpg"]},{"from":144,"to":145,"title":"Bronze Drachm of Antoninus Pius, Alexandreia, AD 144 - AD 145. 1944.100.60323","image_urls":["http://numismatics.org/collectionimages/19001949/1944/1944.100.60323.rev.width350.jpg"]},{"from":144,"to":145,"title":"Bronze Drachm of Antoninus Pius, Alexandreia, AD 144 - AD 145. 1944.100.60352","image_urls":["http://numismatics.org/collectionimages/19001949/1944/1944.100.60352.rev.width350.jpg"]},{"from":144,"to":145,"title":"Bronze Drachm of Antoninus Pius, Alexandreia, AD 144 - AD 145. 1944.100.60367","image_urls":["http://numismatics.org/collectionimages/19001949/1944/1944.100.60367.rev.width350.jpg"]},{"from":144,"to":145,"title":"Bronze Drachm of Antoninus Pius, Alexandreia, AD 144 - AD 145. 1944.100.60331","image_urls":["http://numismatics.org/collectionimages/19001949/1944/1944.100.60331.rev.width350.jpg"]},{"from":144,"to":145,"title":"Bronze Drachm of Antoninus Pius, Alexandreia, AD 144 - AD 145. 1944.100.60325","image_urls":["http://numismatics.org/collectionimages/19001949/1944/1944.100.60325.rev.width350.jpg"]},{"from":144,"to":145,"title":"Bronze Drachm of Antoninus Pius, Alexandreia, AD 144 - AD 145. 1944.100.60343","image_urls":["http://numismatics.org/collectionimages/19001949/1944/1944.100.60343.rev.width350.jpg"]},{"from":144,"to":145,"title":"Bronze Drachm of Antoninus Pius, Alexandreia, AD 144 - AD 145. 1944.100.60358","image_urls":["http://numismatics.org/collectionimages/19001949/1944/1944.100.60358.rev.width350.jpg"]},{"from":144,"to":145,"title":"Bronze Drachm of Antoninus Pius, Alexandreia, AD 144 - AD 145. 1944.100.60370","image_urls":["http://numismatics.org/collectionimages/19001949/1944/1944.100.60370.rev.width350.jpg"]},{"from":144,"to":145,"title":"Bronze Drachm of Antoninus Pius, Alexandreia, AD 144 - AD 145. 1944.100.61015","image_urls":["http://numismatics.org/collectionimages/19001949/1944/1944.100.61015.rev.width350.jpg"]},{"from":144,"to":145,"title":"Bronze Drachm of Antoninus Pius, Alexandreia, AD 144 - AD 145. 1944.100.60364","image_urls":["http://numismatics.org/collectionimages/19001949/1944/1944.100.60364.rev.width350.jpg"]},{"from":144,"to":145,"title":"Bronze Drachm of Antoninus Pius, Alexandreia, AD 144 - AD 145. 1944.100.60379","image_urls":["http://numismatics.org/collectionimages/19001949/1944/1944.100.60379.rev.width350.jpg"]},{"from":144,"to":145,"title":"Bronze Drachm of Antoninus Pius, Alexandreia, AD 144 - AD 145. 1944.100.60340","image_urls":["http://numismatics.org/collectionimages/19001949/1944/1944.100.60340.rev.width350.jpg"]},{"from":144,"to":145,"title":"Bronze Drachm of Antoninus Pius, Alexandreia, AD 144 - AD 145. 1944.100.60349","image_urls":["http://numismatics.org/collectionimages/19001949/1944/1944.100.60349.rev.width350.jpg"]},{"from":144,"to":145,"title":"Bronze Drachm of Antoninus Pius, Alexandreia, AD 144 - AD 145. 1944.100.60334","image_urls":["http://numismatics.org/collectionimages/19001949/1944/1944.100.60334.rev.width350.jpg"]},{"from":144,"to":145,"title":"Bronze Drachm of Antoninus Pius, Alexandreia, AD 144 - AD 145. 1944.100.61021","image_urls":["http://numismatics.org/collectionimages/19001949/1944/1944.100.61021.rev.width350.jpg"]},{"from":144,"to":145,"title":"Bronze Drachm of Antoninus Pius, Alexandreia, AD 144 - AD 145. 1944.100.60372","image_urls":["http://numismatics.org/collectionimages/19001949/1944/1944.100.60372.rev.width350.jpg"]},{"from":144,"to":145,"title":"Bronze Drachm of Antoninus Pius, Alexandreia, AD 144 - AD 145. 1944.100.60381","image_urls":["http://numismatics.org/collectionimages/19001949/1944/1944.100.60381.rev.width350.jpg"]},{"from":144,"to":145,"title":"Bronze Drachm of Antoninus Pius, Alexandreia, AD 144 - AD 145. 1944.100.60365","image_urls":["http://numismatics.org/collectionimages/19001949/1944/1944.100.60365.rev.width350.jpg"]}]