[{"from":145,"to":161,"title":"NARC-D83306: A coin issued by Antoninus Pius","image_urls":["https://finds.org.uk/images/rwebley/NARC-D83306AntoninusPiusasobv.JPG"]},{"from":145,"to":175,"title":"PUBLIC-64C134: A coin issued by Faustina II","image_urls":["https://finds.org.uk/images/calow1/FLE12-316.jpg"]},{"from":145,"to":176,"title":"ESS-13E41F: A coin issued by Faustina II under Antoninus Pius","image_urls":["https://finds.org.uk/images/ellyfair/ESS-13E41F.jpg"]},{"from":145,"to":147,"title":"DENO-D292B3: A coin issued by Marcus Aurelius (as Caesar)","image_urls":["https://finds.org.uk/images/cburrill2/E7466_Denarius_Plated.jpg"]},{"from":145,"to":161,"title":"BM-AD1449: A coin issued by Antoninus Pius","image_urls":["https://finds.org.uk/images/vdrost/DSC02158.JPG"]},{"from":145,"to":146,"title":"BH-3F26C5: A coin issued by Faustina II","image_urls":["https://finds.org.uk/images/jwatters/Roman_coin_12_105_6.jpg"]},{"from":145,"to":161,"title":"LIN-7020E1: A coin issued by Antoninus Pius","image_urls":["https://finds.org.uk/images/adaubney/LIN9692.jpg"]},{"from":145,"to":161,"title":"PUBLIC-F241A5: A coin issued by Faustina II","image_urls":["https://finds.org.uk/images/calow1/FLE12.419.JPG"]},{"from":145,"to":161,"title":"NCL-62D7A5: A coin issued by Antoninus Pius","image_urls":["https://finds.org.uk/images/rcollins/NCL-62D7A5.jpg"]},{"from":145,"to":161,"title":"LANCUM-F89B85: A coin issued by Antoninus Pius","image_urls":["https://finds.org.uk/images/dboughton/KDMDPHF89B85.jpg"]},{"from":145,"to":175,"title":"BERK-0B6DB4: A coin issued by Faustina II","image_urls":["https://finds.org.uk/images/abyard/2014102.jpg"]},{"from":145,"to":161,"title":"SOM-F8EF86: A coin issued by Antoninus Pius","image_urls":["https://finds.org.uk/images/elburnett/SOM-F8EF86.JPG"]},{"from":145,"to":161,"title":"NCL-87E2A1: A coin issued by Antoninus Pius","image_urls":["https://finds.org.uk/images/pwalton/615.jpg"]},{"from":145,"to":145,"title":"LIN-62B005: A coin issued by Antoninus Pius","image_urls":["https://finds.org.uk/images/adaubney/LIN2012-269.jpg"]},{"from":145,"to":161,"title":"NMGW-267801: A coin issued by Antoninus Pius","image_urls":["https://finds.org.uk/images/sianw/2006.68.2.TIF"]},{"from":145,"to":161,"title":"CORN-8398A1: A coin issued by Faustina II under Antoninus Pius","image_urls":["https://finds.org.uk/images/atyacke/April14finz006.JPG"]},{"from":145,"to":175,"title":"LIN-C62B45: A coin issued by Faustina II","image_urls":["https://finds.org.uk/images/adaubney/LIN2011-421.jpg"]},{"from":145,"to":161,"title":"HAMP1736: A coin issued by Antoninus Pius","image_urls":["https://finds.org.uk/images/sworrell/hamp%201736a.JPG"]},{"from":145,"to":161,"title":"DEN-127B97: A coin issued by Antoninus Pius","image_urls":["https://finds.org.uk/images/spevely/Ruthin%20Roman%20Coin%2002.jpg"]},{"from":145,"to":161,"title":"HAMP-9E3387: A coin issued by Antoninus Pius","image_urls":["https://finds.org.uk/images/jojocole/HAMP-9E3387.jpg"]},{"from":145,"to":161,"title":"DEV-5863C6: A coin issued by Marcus Aurelius (as Caesar)","image_urls":["https://finds.org.uk/images/dwootton/DEV-5863C6.jpg"]},{"from":145,"to":161,"title":"FASAM-23EF55: A coin issued by Antoninus Pius","image_urls":["https://finds.org.uk/images/sam/445.jpg"]},{"from":145,"to":161,"title":"IOW-82C442: A coin issued by Antoninus Pius","image_urls":["https://finds.org.uk/images/fbasford/IOW2010-2-501.JPG"]},{"from":145,"to":145,"title":"NARC-3CB093: A coin issued by Antoninus Pius","image_urls":["https://finds.org.uk/images/jcassidy/NARC-3CB093b.jpg"]},{"from":145,"to":175,"title":"GLO-56D0D0: A coin issued by Faustina II","image_urls":["https://finds.org.uk/images/kadams/4176sestertiuspossiblyofFaustina%20II.jpg"]},{"from":145,"to":147,"title":"YORYM-062C01: A coin issued by Marcus Aurelius (as Caesar)","image_urls":["https://finds.org.uk/images/bmorris/KB0011.jpg"]},{"from":145,"to":147,"title":"SWYOR-F11F40: A coin issued by Marcus Aurelius (as Caesar)","image_urls":["https://finds.org.uk/images/acooper/PAS_2372_denarius.jpg"]},{"from":145,"to":161,"title":"IOW-F2C182: A coin issued by Faustina II","image_urls":["https://finds.org.uk/images/fbasford/IOW2009-2-98.jpg"]},{"from":145,"to":180,"title":"LVPL-08EE27: A coin issued by Faustina II","image_urls":["https://finds.org.uk/images/tgilmore/lvpl-08ee27.jpg"]},{"from":145,"to":161,"title":"IOW-522644: A coin issued by Antoninus Pius","image_urls":["https://finds.org.uk/images/fbasford/IOW2010-1-135.JPG"]},{"from":145,"to":161,"title":"PUBLIC-FF4B68: A coin issued by Antoninus Pius","image_urls":["https://finds.org.uk/images/calow1/FLE11.33.JPG"]},{"from":145,"to":147,"title":"SF-9105F1: A coin issued by Antoninus Pius","image_urls":["https://finds.org.uk/images/abrown/WKM%20SF-9105F1.jpg"]},{"from":145,"to":161,"title":"BERK-727275: A coin issued by Antoninus Pius","image_urls":["https://finds.org.uk/images/abyard/2012427.jpg"]},{"from":145,"to":161,"title":"SUR-D6E795: A coin issued by Antoninus Pius","image_urls":["https://finds.org.uk/images/dwilliams/06.332a.JPG"]},{"from":145,"to":161,"title":"LVPL-F139A5: A coin issued by Antoninus Pius","image_urls":["https://finds.org.uk/images/fmcintosh/pay%20106.jpg"]},{"from":145,"to":161,"title":"LANCUM-F896B4: A coin issued by Antoninus Pius","image_urls":["https://finds.org.uk/images/dboughton/KDMDPHF896B4.jpg"]},{"from":145,"to":161,"title":"BH-017355: A coin issued by Antoninus Pius","image_urls":["https://finds.org.uk/images/jwatters/Roman_coin_13_145_9.jpg"]},{"from":145,"to":161,"title":"LEIC-793F7D: A coin issued by Antoninus Pius","image_urls":["https://finds.org.uk/images/teeosw/LEIC-793F7D.jpg"]},{"from":145,"to":161,"title":"LANCUM-D25BB2: A coin issued by Antoninus Pius","image_urls":["https://finds.org.uk/images/snoon/LANCUMD25BB2.jpg"]},{"from":145,"to":161,"title":"BH-EBDDE5: A coin issued by Antoninus Pius","image_urls":["https://finds.org.uk/images/jwatters/Roman_coin_11_120_9.jpg"]},{"from":145,"to":161,"title":"FAPJW-603305: A coin issued by Antoninus Pius","image_urls":["https://finds.org.uk/images/pwalton/7037.jpg"]},{"from":145,"to":145,"title":"NLM-831876: A coin issued by Antoninus Pius","image_urls":["https://finds.org.uk/images/mforeman/NLM19040.jpg"]},{"from":145,"to":161,"title":"SUSS-0CE585: A coin issued by Antoninus Pius","image_urls":["https://finds.org.uk/images/lwilson/1-192u.jpg"]},{"from":145,"to":161,"title":"ESS-F739D1: A coin issued by Antoninus Pius","image_urls":["https://finds.org.uk/images/cmcdonald/Lumsden%20sept%20sev.jpg"]},{"from":145,"to":161,"title":"BH-F6AB82: A coin issued by Antoninus Pius","image_urls":["https://finds.org.uk/images/jwatters/Roman_coin_10_167_18.jpg"]},{"from":145,"to":161,"title":"LANCUM-2CBFB0: A coin issued by Antoninus Pius","image_urls":["https://finds.org.uk/images/dboughton/SRMGR2CBFB0.jpg"]},{"from":145,"to":161,"title":"IOW-5FECC5: A coin issued by Antoninus Pius","image_urls":["https://finds.org.uk/images/fbasford/IOW2011-2-409.JPG"]},{"from":145,"to":176,"title":"LANCUM-ABCAA2: A coin issued by Faustina II","image_urls":["https://finds.org.uk/images/snoon/LANCUM-ABCAA2.jpg"]},{"from":145,"to":147,"title":"SWYOR-604195: A coin issued by Marcus Aurelius (as Caesar)","image_urls":["https://finds.org.uk/images/mblevins/PAS_1614_Denarius.jpg"]},{"from":145,"to":161,"title":"NCL-135778: A coin issued by Faustina II under Antoninus Pius","image_urls":["https://finds.org.uk/images/pwalton/NCL135778.jpg"]},{"from":145,"to":161,"title":"HAMP-8EF243: A coin issued by Antoninus Pius","image_urls":["https://finds.org.uk/images/rwebley/HAMP-8EF243AntoninusPiussestertius.jpg"]},{"from":145,"to":161,"title":"HAMP-DD8AF2: A coin issued by Antoninus Pius","image_urls":["https://finds.org.uk/images/rwebley/HAMP-DD8AF2AntoninusPiussestertius.jpg"]},{"from":145,"to":147,"title":"CAM-EA8F05: A coin issued by Marcus Aurelius (as Caesar)","image_urls":["https://finds.org.uk/images/pjw/5003.jpg"]},{"from":145,"to":161,"title":"KENT-369DF7: A coin issued by Faustina II under Antoninus Pius","image_urls":["https://finds.org.uk/images/gwithers/KENT-369DF7.jpg"]},{"from":145,"to":161,"title":"SUSS-32DFC5: A coin issued by Antoninus Pius","image_urls":["https://finds.org.uk/images/lburnett/SUSS-32DFC5%20.JPG"]},{"from":145,"to":145,"title":"LIN-BFF2FD: A coin issued by Marcus Aurelius (as Augustus)","image_urls":["https://finds.org.uk/images/adaubney/LINBFF2FD.jpg"]},{"from":145,"to":161,"title":"LIN-8E4974: A coin issued by Antoninus Pius","image_urls":["https://finds.org.uk/images/adaubney/ST110.jpg"]},{"from":145,"to":161,"title":"IOW-BF0121: A coin issued by Marcus Aurelius (as Caesar)","image_urls":["https://finds.org.uk/images/fbasford/IOW2010-1-522.JPG"]},{"from":145,"to":176,"title":"LANCUM-327638: A coin issued by Faustina II","image_urls":["https://finds.org.uk/images/AlexIdris/MRc2.jpg"]},{"from":145,"to":147,"title":"LVPL-4B81A6: A coin issued by Marcus Aurelius (as Caesar)","image_urls":["https://finds.org.uk/images/voakden/LVPL-4B81A6.jpg"]},{"from":145,"to":145,"title":"SUSS-451BF5: A coin issued by Marcus Aurelius (as Caesar)","image_urls":["https://finds.org.uk/images/04bowmant/steve%20lawrence%201.jpg"]},{"from":145,"to":161,"title":"WILT-0AC406: A coin issued by Antoninus Pius","image_urls":["https://finds.org.uk/images/awillis/WILT-0AC406.jpg"]},{"from":145,"to":161,"title":"CORN-4F8723: A coin issued by Antoninus Pius","image_urls":["https://finds.org.uk/images/atyacke/Octob10finds%20005.jpg"]},{"from":145,"to":161,"title":"PUBLIC-647A57: A coin issued by Faustina II under Antoninus Pius","image_urls":["https://finds.org.uk/images/strebor/PUBLIC-647A5%20Faustina%20II%20denarius%20Rev%20Venus%20stg%20l%20with%20apple%20and%20rudder%20%28145-%20161%29.jpg"]},{"from":145,"to":161,"title":"PUBLIC-77BA54: A coin issued by Antoninus Pius","image_urls":["https://finds.org.uk/images/calow1/FLE14.%20775.JPG"]},{"from":145,"to":161,"title":"NARC-54DF26: A coin issued by Faustina II under Antoninus Pius","image_urls":["https://finds.org.uk/images/jcassidy/NARC-54DF26%20COIN%20a.jpg"]},{"from":145,"to":161,"title":"LANCUM-D2365A: A coin issued by Faustina II under Antoninus Pius","image_urls":["https://finds.org.uk/images/snoon/LANCUM-D2365A.jpg"]},{"from":145,"to":161,"title":"FAPJW-43D1F4: A coin issued by Faustina II under Antoninus Pius","image_urls":["https://finds.org.uk/images/wscott/Bos1536FAPJW43D1F4.jpg"]},{"from":145,"to":161,"title":"PUBLIC-0A0F1B: A coin issued by Antoninus Pius","image_urls":["https://finds.org.uk/images/calow1/FLE14930.JPG"]},{"from":145,"to":161,"title":"LANCUM-EB3A18: A coin issued by Antoninus Pius","image_urls":["https://finds.org.uk/images/dboughton/LVMDMLEB3A18.jpg"]},{"from":145,"to":161,"title":"NMGW-0BB237: A coin issued by Antoninus Pius","image_urls":["https://finds.org.uk/images/sianw/2006.99.TIF"]},{"from":145,"to":147,"title":"IOW-FBF660: A coin issued by Marcus Aurelius (as Caesar)","image_urls":["https://finds.org.uk/images/fbasford/IOW2008-2-266.JPG"]},{"from":145,"to":161,"title":"SUR-1C1B72: A coin issued by Antoninus Pius","image_urls":["https://finds.org.uk/images/margaretb/12-1061.JPG"]},{"from":145,"to":161,"title":"ESS-3CD474: A coin issued by Antoninus Pius","image_urls":["https://finds.org.uk/images/lmclean/1a%20ESS-3CD474.jpg"]},{"from":145,"to":185,"title":"FAPJW-43E003: A coin issued by Antonine (uncertain)","image_urls":["https://finds.org.uk/images/wscott/Bos1537FAPJW43E003.jpg"]},{"from":145,"to":161,"title":"NCL-EDA2D5: A coin issued by Antoninus Pius","image_urls":["https://finds.org.uk/images/pwalton/600.jpg"]},{"from":145,"to":146,"title":"SOM-2A84AE: A coin issued by Faustina II under Antoninus Pius","image_urls":["https://finds.org.uk/images/elburnett/SOM2A84AE.JPG"]},{"from":145,"to":147,"title":"WAW-24C493: A coin issued by Marcus Aurelius (as Caesar)","image_urls":["https://finds.org.uk/images/abolton/WAW-24C493.jpg"]},{"from":145,"to":161,"title":"NARC-36F3C3: A coin issued by Antoninus Pius","image_urls":["https://finds.org.uk/images/rwebley/NARC-36F3C3sestertiusobv.jpg"]},{"from":145,"to":180,"title":"PUBLIC-FD7893: A coin issued by Faustina II","image_urls":["https://finds.org.uk/images/calow1/FLE11.150.JPG"]},{"from":145,"to":161,"title":"NCL-B7AB26: A coin issued by Antoninus Pius","image_urls":["https://finds.org.uk/images/pwalton/1076.jpg"]},{"from":145,"to":161,"title":"SUR-D6B736: A coin issued by Antoninus Pius","image_urls":["https://finds.org.uk/images/dwilliams/06.330a.JPG"]},{"from":145,"to":161,"title":"LANCUM-1E2B16: A coin issued by Faustina II","image_urls":["https://finds.org.uk/images/AlexIdris/augusta.jpg"]},{"from":145,"to":146,"title":"DENO-ED3D63: A coin issued by Marcus Aurelius (as Caesar)","image_urls":["https://finds.org.uk/images/cburrill2/E7053_RomanDenarius.jpg"]},{"from":145,"to":161,"title":"IOW-760F82: A coin issued by Antoninus Pius","image_urls":["https://finds.org.uk/images/fbasford/IOW2015776.JPG"]},{"from":145,"to":175,"title":"SWYOR-6BACAC: A coin issued by Faustina II","image_urls":["https://finds.org.uk/images/acooper/PAS_2427_Roman.jpg"]},{"from":145,"to":161,"title":"CORN-CB6C84: A coin issued by Antoninus Pius","image_urls":["https://finds.org.uk/images/atyacke/May15finds057.JPG"]},{"from":145,"to":161,"title":"NCL-C2A0D7: A coin issued by Antoninus Pius","image_urls":["https://finds.org.uk/images/pwalton/1057.jpg"]},{"from":145,"to":146,"title":"SUSS-49E527: A coin issued by Faustina II under Antoninus Pius","image_urls":["https://finds.org.uk/images/stephaniesmith/SUSS49E527.jpg"]},{"from":145,"to":161,"title":"PUBLIC-F1CC81: A coin issued by Faustina II under Antoninus Pius","image_urls":["https://finds.org.uk/images/calow1/FLE12.417.JPG"]},{"from":145,"to":161,"title":"IOW-59D5D9: A coin issued by Antoninus Pius","image_urls":["https://finds.org.uk/images/fbasford/IOW2014-2-352.JPG"]},{"from":145,"to":161,"title":"LEIC-AB2563: A coin issued by Antoninus Pius","image_urls":["https://finds.org.uk/images/philharding/CAD2272d.jpg"]},{"from":145,"to":146,"title":"NLM-4E5B13: A coin issued by Antoninus Pius","image_urls":["https://finds.org.uk/images/mforeman/NLM18811.JPG"]},{"from":145,"to":147,"title":"NCL-03E597: A coin issued by Marcus Aurelius (as Caesar)","image_urls":["https://finds.org.uk/images/pwalton/1009.jpg"]},{"from":145,"to":161,"title":"PUBLIC-38F528: A coin issued by Faustina II under Antoninus Pius","image_urls":["https://finds.org.uk/images/calow1/FLE12.353.JPG"]},{"from":145,"to":161,"title":"NARC-705733: A coin issued by Antoninus Pius","image_urls":["https://finds.org.uk/images/rwebley/NARC-705733denariusAntPiusobv.jpg"]},{"from":145,"to":161,"title":"LANCUM-C8BEA2: A coin issued by Marcus Aurelius (as Augustus)","image_urls":["https://finds.org.uk/images/dboughton/LANCUMC8BEA2.jpg"]},{"from":145,"to":161,"title":"LANCUM-4CFB72: A coin issued by Antoninus Pius","image_urls":["https://finds.org.uk/images/dboughton/SRMDMR4CFB72.jpg"]},{"from":145,"to":161,"title":"IOW-EE7865: A coin issued by Antoninus Pius","image_urls":["https://finds.org.uk/images/fbasford/IOW2014-2-521.JPG"]},{"from":145,"to":158,"title":"ESS-42AE28: A coin issued by Marcus Aurelius (as Caesar)","image_urls":["https://finds.org.uk/images/lmclean/ESS-42AE28%20Roman%20coin%20Sestertius%20of%20Marcus%20Aurelius%20%28as%20Caesar%29.jpg"]},{"from":145,"to":175,"title":"LVPL-ADB1C4: A coin issued by Faustina II","image_urls":["https://finds.org.uk/images/voakden/LVPL-ADB1C4.JPG"]},{"from":145,"to":161,"title":"BUC-537654: A coin issued by Antoninus Pius","image_urls":["https://finds.org.uk/images/lbuckley/DSCN8653.JPG"]},{"from":145,"to":145,"title":"SUR-01E9D1: A coin issued by Antoninus Pius","image_urls":["https://finds.org.uk/images/dwilliams/11-611.jpg"]},{"from":145,"to":161,"title":"YORYM-BA8A50: A coin issued by Antoninus Pius","image_urls":["https://finds.org.uk/images/bmorris/RP0017.jpg"]},{"from":145,"to":161,"title":"BUC-A03422: A coin issued by Antoninus Pius","image_urls":["https://finds.org.uk/images/jmoss/3DSCN3798.JPG"]},{"from":145,"to":161,"title":"IOW-1E5912: A coin issued by Faustina II under Antoninus Pius","image_urls":["https://finds.org.uk/images/fbasford/IOW2013-1-132.JPG"]},{"from":145,"to":161,"title":"IOW-4FA077: A coin issued by Antoninus Pius","image_urls":["https://finds.org.uk/images/fbasford/IOW2006-64-2.JPG"]},{"from":145,"to":145,"title":"PUBLIC-5B50E6: A coin issued by Marcus Aurelius (as Caesar)","image_urls":["https://finds.org.uk/images/calow1/FLE14.%20710.JPG"]},{"from":145,"to":161,"title":"NCL-D70112: A coin issued by Antoninus Pius","image_urls":["https://finds.org.uk/images/rcollins/NCL-D70112.JPG"]},{"from":145,"to":161,"title":"FASAM-B611C4: A coin issued by Faustina II under Antoninus Pius","image_urls":["https://finds.org.uk/images/sam/Faustina%20II%20as%20AVGVSTI%20PII%20FIL%20S%20C%2C%20Venus.jpg"]},{"from":145,"to":146,"title":"Silver Tetradrachm, Seleuceia ad Tigrim, AD 145 - AD 146. 1944.100.83319","image_urls":["http://numismatics.org/collectionimages/19001949/1944/1944.100.83319.rev.width350.jpg"]},{"from":145,"to":161,"title":"RIC III Antoninus Pius 1409A (as). 1944.100.49255","image_urls":["http://numismatics.org/collectionimages/19001949/1944/1944.100.49255.rev.width350.jpg"]},{"from":145,"to":160,"title":"RIC III Antoninus Pius 432A. 1972.62.21","image_urls":["http://numismatics.org/collectionimages/19501999/1972/1972.62.21.rev.width350.jpg"]},{"from":145,"to":161,"title":"RIC III Antoninus Pius 793. 1995.11.411","image_urls":["http://numismatics.org/collectionimages/19501999/1995/1995.11.411.rev.width350.jpg"]},{"from":145,"to":161,"title":"RIC III Antoninus Pius 515B (denarius). 1911.23.331","image_urls":["http://numismatics.org/collectionimages/19001949/1911/1911.23.331.rev.width350.jpg"]},{"from":145,"to":161,"title":"RIC III Antoninus Pius 824A. 1906.236.350","image_urls":["http://numismatics.org/collectionimages/19001949/1906/1906.236.350.rev.width350.jpg"]},{"from":145,"to":161,"title":"RIC III Antoninus Pius 495A. 1956.127.928","image_urls":["http://numismatics.org/collectionimages/19501999/1956/1956.127.928.rev.width350.jpg"]},{"from":145,"to":161,"title":"RIC III Antoninus Pius 157. 1941.15.63","image_urls":["http://numismatics.org/collectionimages/19001949/1941/1941.15.63.rev.width350.jpg"]},{"from":145,"to":161,"title":"RIC III Antoninus Pius 502Aa. 1956.127.922","image_urls":["http://numismatics.org/collectionimages/19501999/1956/1956.127.922.rev.width350.jpg"]},{"from":145,"to":161,"title":"RIC III Antoninus Pius 494B. 1958.223.8","image_urls":["http://numismatics.org/collectionimages/19501999/1958/1958.223.8.rev.width350.jpg"]},{"from":145,"to":161,"title":"RIC III Antoninus Pius 506B (aureus). 1958.223.2","image_urls":["http://numismatics.org/collectionimages/19501999/1958/1958.223.2.rev.width350.jpg"]},{"from":145,"to":161,"title":"RIC III Antoninus Pius 130. 1956.127.1842","image_urls":["http://numismatics.org/collectionimages/19501999/1956/1956.127.1842.rev.width350.jpg"]},{"from":145,"to":161,"title":"RIC III Antoninus Pius 138c. 1956.184.40","image_urls":["http://numismatics.org/collectionimages/19501999/1956/1956.184.40.rev.width350.jpg"]},{"from":145,"to":161,"title":"RIC III Antoninus Pius 1379. 1995.11.452","image_urls":["http://numismatics.org/collectionimages/19501999/1995/1995.11.452.rev.width350.jpg"]},{"from":145,"to":161,"title":"RIC III Antoninus Pius 838. 1944.100.48271","image_urls":["http://numismatics.org/collectionimages/19001949/1944/1944.100.48271.rev.width350.jpg"]},{"from":145,"to":161,"title":"RIC III Antoninus Pius 778. 1995.11.410","image_urls":["http://numismatics.org/collectionimages/19501999/1995/1995.11.410.rev.width350.jpg"]},{"from":145,"to":160,"title":"RIC III Antoninus Pius 429A. 1956.127.733","image_urls":["http://numismatics.org/collectionimages/19501999/1956/1956.127.733.rev.width350.jpg"]},{"from":145,"to":161,"title":"RIC III Antoninus Pius 807. 1944.100.48265","image_urls":["http://numismatics.org/collectionimages/19001949/1944/1944.100.48265.rev.width350.jpg"]},{"from":145,"to":161,"title":"RIC III Antoninus Pius 156. 1956.127.400","image_urls":["http://numismatics.org/collectionimages/19501999/1956/1956.127.400.rev.width350.jpg"]},{"from":145,"to":161,"title":"RIC III Antoninus Pius 761. 1997.10.5","image_urls":["http://numismatics.org/collectionimages/19501999/1997/1997.10.5.rev.width350.jpg"]},{"from":145,"to":160,"title":"RIC III Antoninus Pius 429A. 1956.127.736","image_urls":["http://numismatics.org/collectionimages/19501999/1956/1956.127.736.rev.width350.jpg"]},{"from":145,"to":161,"title":"RIC III Antoninus Pius 502Aa. 1911.23.334","image_urls":["http://numismatics.org/collectionimages/19001949/1911/1911.23.334.rev.width350.jpg"]},{"from":145,"to":160,"title":"RIC III Antoninus Pius 431. 1956.127.742","image_urls":["http://numismatics.org/collectionimages/19501999/1956/1956.127.742.rev.width350.jpg"]},{"from":145,"to":161,"title":"RIC III Antoninus Pius 503Aa. 1958.223.5","image_urls":["http://numismatics.org/collectionimages/19501999/1958/1958.223.5.rev.width350.jpg"]},{"from":145,"to":161,"title":"RIC III Antoninus Pius 127c (denarius). 1956.127.2310","image_urls":["http://numismatics.org/collectionimages/19501999/1956/1956.127.2310.rev.width350.jpg"]},{"from":145,"to":161,"title":"RIC III Antoninus Pius 143 (denarius). 1964.134.8","image_urls":["http://numismatics.org/collectionimages/19501999/1964/1964.134.8.rev.width350.jpg"]},{"from":145,"to":161,"title":"RIC III Antoninus Pius 1383b. 1990.74.6","image_urls":["http://numismatics.org/collectionimages/19501999/1990/1990.74.6.rev.width350.jpg"]},{"from":145,"to":161,"title":"RIC III Antoninus Pius 766. 1967.153.154","image_urls":["http://numismatics.org/collectionimages/19501999/1967/1967.153.154.rev.width350.jpg"]},{"from":145,"to":161,"title":"Bronze As of Antoninus Pius, Rome, AD 145 - AD 161. 1995.110.28","image_urls":["http://numismatics.org/collectionimages/19501999/1995/1995.110.28.rev.width350.jpg"]},{"from":145,"to":161,"title":"RIC III Antoninus Pius 1391 (dupondius). 1947.2.498","image_urls":["http://numismatics.org/collectionimages/19001949/1947/1947.2.498.rev.width350.jpg"]},{"from":145,"to":161,"title":"RIC III Antoninus Pius 798. 1944.100.48262","image_urls":["http://numismatics.org/collectionimages/19001949/1944/1944.100.48262.rev.width350.jpg"]},{"from":145,"to":161,"title":"RIC III Antoninus Pius 1387b. 1928.103.9","image_urls":["http://numismatics.org/collectionimages/19001949/1928/1928.103.9.rev.width350.jpg"]},{"from":145,"to":161,"title":"RIC III Antoninus Pius 782. 1995.11.175","image_urls":["http://numismatics.org/collectionimages/19501999/1995/1995.11.175.rev.width350.jpg"]},{"from":145,"to":161,"title":"RIC III Antoninus Pius 495A. 1956.127.930","image_urls":["http://numismatics.org/collectionimages/19501999/1956/1956.127.930.rev.width350.jpg"]},{"from":145,"to":161,"title":"RIC III Antoninus Pius 508A. 1956.127.924","image_urls":["http://numismatics.org/collectionimages/19501999/1956/1956.127.924.rev.width350.jpg"]},{"from":145,"to":161,"title":"RIC III Antoninus Pius 158d. 1965.66.1","image_urls":["http://numismatics.org/collectionimages/19501999/1965/1965.66.1.rev.width350.jpg"]},{"from":145,"to":161,"title":"RIC III Antoninus Pius 1388B. 1944.100.49252","image_urls":["http://numismatics.org/collectionimages/19001949/1944/1944.100.49252.rev.width350.jpg"]},{"from":145,"to":161,"title":"RIC III Antoninus Pius 155 (denarius). 1956.127.1854","image_urls":["http://numismatics.org/collectionimages/19501999/1956/1956.127.1854.rev.width350.jpg"]},{"from":145,"to":161,"title":"RIC III Antoninus Pius 136. 1956.127.1848","image_urls":["http://numismatics.org/collectionimages/19501999/1956/1956.127.1848.rev.width350.jpg"]},{"from":145,"to":161,"title":"RIC III Antoninus Pius 155 (denarius). 1911.23.202","image_urls":["http://numismatics.org/collectionimages/19001949/1911/1911.23.202.rev.width350.jpg"]},{"from":145,"to":161,"title":"RIC III Antoninus Pius 147c. 1967.50.1","image_urls":["http://numismatics.org/collectionimages/19501999/1967/1967.50.1.rev.width350.jpg"]},{"from":145,"to":161,"title":"RIC III Antoninus Pius 147a. 1969.26.1","image_urls":["http://numismatics.org/collectionimages/19501999/1969/1969.26.1.rev.width350.jpg"]},{"from":145,"to":160,"title":"RIC III Antoninus Pius 429A. 1956.127.730","image_urls":["http://numismatics.org/collectionimages/19501999/1956/1956.127.730.rev.width350.jpg"]},{"from":145,"to":161,"title":"RIC III Antoninus Pius 500Bb. 1956.127.916","image_urls":["http://numismatics.org/collectionimages/19501999/1956/1956.127.916.rev.width350.jpg"]},{"from":145,"to":160,"title":"RIC III Antoninus Pius 429A. 1956.127.739","image_urls":["http://numismatics.org/collectionimages/19501999/1956/1956.127.739.rev.width350.jpg"]},{"from":145,"to":161,"title":"RIC III Antoninus Pius 496. 1911.23.337","image_urls":["http://numismatics.org/collectionimages/19001949/1911/1911.23.337.rev.width350.jpg"]},{"from":145,"to":161,"title":"RIC III Antoninus Pius 506A (denarius). 1995.11.479","image_urls":["http://numismatics.org/collectionimages/19501999/1995/1995.11.479.rev.width350.jpg"]},{"from":145,"to":161,"title":"RIC III Antoninus Pius 1371. 1944.100.49516","image_urls":["http://numismatics.org/collectionimages/19001949/1944/1944.100.49516.rev.width350.jpg"]},{"from":145,"to":161,"title":"RIC III Antoninus Pius 508A. 1944.100.49225","image_urls":["http://numismatics.org/collectionimages/19001949/1944/1944.100.49225.rev.width350.jpg"]},{"from":145,"to":161,"title":"RIC III Antoninus Pius 139. 1966.62.3","image_urls":["http://numismatics.org/collectionimages/19501999/1966/1966.62.3.rev.width350.jpg"]},{"from":145,"to":161,"title":"RIC III Antoninus Pius 507A. 1944.100.49221","image_urls":["http://numismatics.org/collectionimages/19001949/1944/1944.100.49221.rev.width350.jpg"]},{"from":145,"to":161,"title":"RIC III Antoninus Pius 1408 (as). 1944.100.49257","image_urls":["http://numismatics.org/collectionimages/19001949/1944/1944.100.49257.rev.width350.jpg"]},{"from":145,"to":161,"title":"RIC III Antoninus Pius 137. 1956.127.1850","image_urls":["http://numismatics.org/collectionimages/19501999/1956/1956.127.1850.rev.width350.jpg"]},{"from":145,"to":161,"title":"RIC III Antoninus Pius 497. 1956.127.933","image_urls":["http://numismatics.org/collectionimages/19501999/1956/1956.127.933.rev.width350.jpg"]},{"from":145,"to":161,"title":"RIC III Antoninus Pius 495A. 1956.127.927","image_urls":["http://numismatics.org/collectionimages/19501999/1956/1956.127.927.rev.width350.jpg"]},{"from":145,"to":161,"title":"RIC III Antoninus Pius 502Aa. 1911.23.333","image_urls":["http://numismatics.org/collectionimages/19001949/1911/1911.23.333.rev.width350.jpg"]},{"from":145,"to":160,"title":"RIC III Antoninus Pius 429A. 1974.26.1102","image_urls":["http://numismatics.org/collectionimages/19501999/1974/1974.26.1102.rev.width350.jpg"]},{"from":145,"to":161,"title":"RIC III Antoninus Pius 507A. 1956.127.912","image_urls":["http://numismatics.org/collectionimages/19501999/1956/1956.127.912.rev.width350.jpg"]},{"from":145,"to":161,"title":"RIC III Antoninus Pius 159c. 1944.100.48146","image_urls":["http://numismatics.org/collectionimages/19001949/1944/1944.100.48146.rev.width350.jpg"]},{"from":145,"to":161,"title":"RIC III Antoninus Pius 129. 1956.127.385","image_urls":["http://numismatics.org/collectionimages/19501999/1956/1956.127.385.rev.width350.jpg"]},{"from":145,"to":161,"title":"RIC III Antoninus Pius 1408 (dupondius). 1944.100.49261","image_urls":["http://numismatics.org/collectionimages/19001949/1944/1944.100.49261.rev.width350.jpg"]},{"from":145,"to":161,"title":"RIC III Antoninus Pius 515B (denarius). 1935.117.432","image_urls":["http://numismatics.org/collectionimages/19001949/1935/1935.117.432.rev.width350.jpg"]},{"from":145,"to":161,"title":"RIC III Antoninus Pius 137. 2000.5.23","image_urls":["http://numismatics.org/collectionimages/20002049/2000/2000.5.23.rev.width350.jpg"]},{"from":145,"to":161,"title":"RIC III Antoninus Pius 497. 1978.64.428","image_urls":["http://numismatics.org/collectionimages/19501999/1978/1978.64.428.rev.width350.jpg"]},{"from":145,"to":161,"title":"RIC III Antoninus Pius 159a. 1965.66.2","image_urls":["http://numismatics.org/collectionimages/19501999/1965/1965.66.2.rev.width350.jpg"]},{"from":145,"to":161,"title":"RIC III Antoninus Pius 137. 1956.127.391","image_urls":["http://numismatics.org/collectionimages/19501999/1956/1956.127.391.rev.width350.jpg"]},{"from":145,"to":161,"title":"RIC III Antoninus Pius 137. 1956.127.393","image_urls":["http://numismatics.org/collectionimages/19501999/1956/1956.127.393.rev.width350.jpg"]},{"from":145,"to":161,"title":"RIC III Antoninus Pius 129. 1956.127.1839","image_urls":["http://numismatics.org/collectionimages/19501999/1956/1956.127.1839.rev.width350.jpg"]},{"from":145,"to":161,"title":"RIC III Antoninus Pius 1379. 1988.5.56","image_urls":["http://numismatics.org/collectionimages/19501999/1988/1988.5.56.rev.width350.jpg"]},{"from":145,"to":161,"title":"RIC III Antoninus Pius 1405a (dupondius). 1935.117.440","image_urls":["http://numismatics.org/collectionimages/19001949/1935/1935.117.440.rev.width350.jpg"]},{"from":145,"to":161,"title":"RIC III Antoninus Pius 507A. 1944.100.49222","image_urls":["http://numismatics.org/collectionimages/19001949/1944/1944.100.49222.rev.width350.jpg"]},{"from":145,"to":161,"title":"Bronze Medallion of Marcus Aurelius, Rome, AD 145 - AD 161. 1944.100.49612","image_urls":["http://numismatics.org/collectionimages/19001949/1944/1944.100.49612.rev.width350.jpg"]},{"from":145,"to":161,"title":"RIC III Antoninus Pius 136. 1956.127.1845","image_urls":["http://numismatics.org/collectionimages/19501999/1956/1956.127.1845.rev.width350.jpg"]},{"from":145,"to":160,"title":"RIC III Antoninus Pius 433. 1956.28.269","image_urls":["http://numismatics.org/collectionimages/19501999/1956/1956.28.269.rev.width350.jpg"]},{"from":145,"to":161,"title":"RIC III Antoninus Pius 137. 1944.100.48142","image_urls":["http://numismatics.org/collectionimages/19001949/1944/1944.100.48142.rev.width350.jpg"]},{"from":145,"to":161,"title":"RIC III Antoninus Pius 136. 1995.11.379","image_urls":["http://numismatics.org/collectionimages/19501999/1995/1995.11.379.rev.width350.jpg"]},{"from":145,"to":161,"title":"RIC III Antoninus Pius 756. 1957.172.1720","image_urls":["http://numismatics.org/collectionimages/19501999/1957/1957.172.1720.rev.width350.jpg"]},{"from":145,"to":161,"title":"RIC III Antoninus Pius 772. 1944.100.48256","image_urls":["http://numismatics.org/collectionimages/19001949/1944/1944.100.48256.rev.width350.jpg"]},{"from":145,"to":161,"title":"RIC III Antoninus Pius 147b. 1994.121.1","image_urls":["http://numismatics.org/collectionimages/19501999/1994/1994.121.1.rev.width350.jpg"]},{"from":145,"to":161,"title":"RIC III Antoninus Pius 507A. 1956.127.910","image_urls":["http://numismatics.org/collectionimages/19501999/1956/1956.127.910.rev.width350.jpg"]},{"from":145,"to":161,"title":"RIC III Antoninus Pius 508A. 1956.127.925","image_urls":["http://numismatics.org/collectionimages/19501999/1956/1956.127.925.rev.width350.jpg"]},{"from":145,"to":161,"title":"RIC III Antoninus Pius 502Aa. 1956.127.919","image_urls":["http://numismatics.org/collectionimages/19501999/1956/1956.127.919.rev.width350.jpg"]},{"from":145,"to":161,"title":"RIC III Antoninus Pius 767A. 1995.11.155","image_urls":["http://numismatics.org/collectionimages/19501999/1995/1995.11.155.rev.width350.jpg"]},{"from":145,"to":161,"title":"Bronze Sestertius of Antoninus Pius, Rome, AD 145 - AD 161. 1953.171.833","image_urls":["http://numismatics.org/collectionimages/19501999/1953/1953.171.833.rev.width350.jpg"]},{"from":145,"to":161,"title":"RIC III Antoninus Pius 129. 1956.127.1836","image_urls":["http://numismatics.org/collectionimages/19501999/1956/1956.127.1836.rev.width350.jpg"]},{"from":145,"to":161,"title":"RIC III Antoninus Pius 136. 1956.127.390","image_urls":["http://numismatics.org/collectionimages/19501999/1956/1956.127.390.rev.width350.jpg"]},{"from":145,"to":161,"title":"RIC III Antoninus Pius 496. 1956.127.931","image_urls":["http://numismatics.org/collectionimages/19501999/1956/1956.127.931.rev.width350.jpg"]},{"from":145,"to":161,"title":"Bronze Dupondius of Antoninus Pius, Rome, AD 145 - AD 161. 1990.3.104","image_urls":["http://numismatics.org/collectionimages/19501999/1990/1990.3.104.rev.width350.jpg"]},{"from":145,"to":161,"title":"RIC III Antoninus Pius 517C (denarius). 1956.127.913","image_urls":["http://numismatics.org/collectionimages/19501999/1956/1956.127.913.rev.width350.jpg"]},{"from":145,"to":161,"title":"RIC III Antoninus Pius 823. 1978.999.19","image_urls":["http://numismatics.org/collectionimages/19501999/1978/1978.999.19.rev.width350.jpg"]},{"from":145,"to":161,"title":"RIC III Antoninus Pius 1388A. 1995.11.451","image_urls":["http://numismatics.org/collectionimages/19501999/1995/1995.11.451.rev.width350.jpg"]},{"from":145,"to":161,"title":"RIC III Antoninus Pius 155 (denarius). 1944.100.48145","image_urls":["http://numismatics.org/collectionimages/19001949/1944/1944.100.48145.rev.width350.jpg"]},{"from":145,"to":161,"title":"RIC III Antoninus Pius 130. 1944.100.48139","image_urls":["http://numismatics.org/collectionimages/19001949/1944/1944.100.48139.rev.width350.jpg"]},{"from":145,"to":161,"title":"RIC III Antoninus Pius 765. 1995.11.154","image_urls":["http://numismatics.org/collectionimages/19501999/1995/1995.11.154.rev.width350.jpg"]},{"from":145,"to":161,"title":"RIC III Antoninus Pius 155 (denarius). 1941.131.824","image_urls":["http://numismatics.org/collectionimages/19001949/1941/1941.131.824.rev.width350.jpg"]},{"from":145,"to":161,"title":"RIC III Antoninus Pius 1408 (as). 1995.11.472","image_urls":["http://numismatics.org/collectionimages/19501999/1995/1995.11.472.rev.width350.jpg"]},{"from":145,"to":161,"title":"RIC III Antoninus Pius 1410A (dupondius). 1980.187.18","image_urls":["http://numismatics.org/collectionimages/19501999/1980/1980.187.18.rev.width350.jpg"]},{"from":145,"to":160,"title":"RIC III Antoninus Pius 429A. 1956.127.732","image_urls":["http://numismatics.org/collectionimages/19501999/1956/1956.127.732.rev.width350.jpg"]},{"from":145,"to":161,"title":"RIC III Antoninus Pius 510. 1965.66.33","image_urls":["http://numismatics.org/collectionimages/19501999/1965/1965.66.33.rev.width350.jpg"]},{"from":145,"to":161,"title":"RIC III Antoninus Pius 831. 1931.126.7","image_urls":["http://numismatics.org/collectionimages/19001949/1931/1931.126.7.rev.width350.jpg"]},{"from":145,"to":161,"title":"RIC III Antoninus Pius 767A. 1984.176.27","image_urls":["http://numismatics.org/collectionimages/19501999/1984/1984.176.27.rev.width350.jpg"]},{"from":145,"to":160,"title":"RIC III Antoninus Pius 431. 1911.23.278","image_urls":["http://numismatics.org/collectionimages/19001949/1911/1911.23.278.rev.width350.jpg"]},{"from":145,"to":160,"title":"RIC III Antoninus Pius 429A. 1948.19.1298","image_urls":["http://numismatics.org/collectionimages/19001949/1948/1948.19.1298.rev.width350.jpg"]},{"from":145,"to":161,"title":"RIC III Antoninus Pius 1381. 1944.100.49250","image_urls":["http://numismatics.org/collectionimages/19001949/1944/1944.100.49250.rev.width350.jpg"]},{"from":145,"to":160,"title":"RIC III Antoninus Pius 431. 1956.127.743","image_urls":["http://numismatics.org/collectionimages/19501999/1956/1956.127.743.rev.width350.jpg"]},{"from":145,"to":161,"title":"RIC III Antoninus Pius 1383b. 1944.100.49259","image_urls":["http://numismatics.org/collectionimages/19001949/1944/1944.100.49259.rev.width350.jpg"]},{"from":145,"to":161,"title":"RIC III Antoninus Pius 1403b (as). 1947.2.497","image_urls":["http://numismatics.org/collectionimages/19001949/1947/1947.2.497.rev.width350.jpg"]},{"from":145,"to":161,"title":"RIC III Antoninus Pius 143 (denarius). 1956.127.395","image_urls":["http://numismatics.org/collectionimages/19501999/1956/1956.127.395.rev.width350.jpg"]},{"from":145,"to":161,"title":"RIC III Antoninus Pius 776. 1932.12.27","image_urls":["http://numismatics.org/collectionimages/19001949/1932/1932.12.27.rev.width350.jpg"]},{"from":145,"to":161,"title":"RIC III Antoninus Pius 1403b (as). 1974.95.152","image_urls":["http://numismatics.org/collectionimages/19501999/1974/1974.95.152.rev.width350.jpg"]},{"from":145,"to":161,"title":"Bronze Dupondius of Antoninus Pius, Rome, AD 145 - AD 161. 1944.100.48312","image_urls":["http://numismatics.org/collectionimages/19001949/1944/1944.100.48312.rev.width350.jpg"]},{"from":145,"to":161,"title":"RIC III Antoninus Pius 508A. 1911.23.335","image_urls":["http://numismatics.org/collectionimages/19001949/1911/1911.23.335.rev.width350.jpg"]},{"from":145,"to":161,"title":"RIC III Antoninus Pius 776. 1995.11.409","image_urls":["http://numismatics.org/collectionimages/19501999/1995/1995.11.409.rev.width350.jpg"]},{"from":145,"to":161,"title":"Bronze Dupondius of Antoninus Pius, Rome, AD 145 - AD 161. 1995.11.399","image_urls":["http://numismatics.org/collectionimages/19501999/1995/1995.11.399.rev.width350.jpg"]},{"from":145,"to":161,"title":"RIC III Antoninus Pius 131d. 1954.256.38","image_urls":["http://numismatics.org/collectionimages/19501999/1954/1954.256.38.rev.width350.jpg"]},{"from":145,"to":161,"title":"RIC III Antoninus Pius 129. 1935.117.415","image_urls":["http://numismatics.org/collectionimages/19001949/1935/1935.117.415.rev.width350.jpg"]},{"from":145,"to":161,"title":"RIC III Antoninus Pius 137. 1956.127.1849","image_urls":["http://numismatics.org/collectionimages/19501999/1956/1956.127.1849.rev.width350.jpg"]},{"from":145,"to":161,"title":"RIC III Antoninus Pius 762. 1995.11.153","image_urls":["http://numismatics.org/collectionimages/19501999/1995/1995.11.153.rev.width350.jpg"]},{"from":145,"to":160,"title":"RIC III Antoninus Pius 429A. 1956.127.731","image_urls":["http://numismatics.org/collectionimages/19501999/1956/1956.127.731.rev.width350.jpg"]},{"from":145,"to":161,"title":"RIC III Antoninus Pius 155 (denarius). 1956.127.1855","image_urls":["http://numismatics.org/collectionimages/19501999/1956/1956.127.1855.rev.width350.jpg"]},{"from":145,"to":161,"title":"RIC III Antoninus Pius 495A. 1956.127.938","image_urls":["http://numismatics.org/collectionimages/19501999/1956/1956.127.938.rev.width350.jpg"]},{"from":145,"to":161,"title":"Bronze As of Antoninus Pius, Rome, AD 145 - AD 161. 1955.18.11","image_urls":["http://numismatics.org/collectionimages/19501999/1955/1955.18.11.rev.width350.jpg"]},{"from":145,"to":161,"title":"RIC III Antoninus Pius 500Bb. 1905.57.401","image_urls":["http://numismatics.org/collectionimages/19001949/1905/1905.57.401.rev.width350.jpg"]},{"from":145,"to":161,"title":"RIC III Antoninus Pius 770. 1995.11.421","image_urls":["http://numismatics.org/collectionimages/19501999/1995/1995.11.421.rev.width350.jpg"]},{"from":145,"to":160,"title":"RIC III Antoninus Pius 429A. 1956.127.738","image_urls":["http://numismatics.org/collectionimages/19501999/1956/1956.127.738.rev.width350.jpg"]},{"from":145,"to":161,"title":"RIC III Antoninus Pius 517C (denarius). 1956.127.915","image_urls":["http://numismatics.org/collectionimages/19501999/1956/1956.127.915.rev.width350.jpg"]},{"from":145,"to":161,"title":"RIC III Antoninus Pius 782. 1944.100.48261","image_urls":["http://numismatics.org/collectionimages/19001949/1944/1944.100.48261.rev.width350.jpg"]},{"from":145,"to":161,"title":"RIC III Antoninus Pius 770. 1944.100.48255","image_urls":["http://numismatics.org/collectionimages/19001949/1944/1944.100.48255.rev.width350.jpg"]},{"from":145,"to":161,"title":"RIC III Antoninus Pius 137. 1956.127.1853","image_urls":["http://numismatics.org/collectionimages/19501999/1956/1956.127.1853.rev.width350.jpg"]},{"from":145,"to":160,"title":"RIC III Antoninus Pius 427B. 1965.66.18","image_urls":["http://numismatics.org/collectionimages/19501999/1965/1965.66.18.rev.width350.jpg"]},{"from":145,"to":161,"title":"RIC III Antoninus Pius 503Ab. 1954.256.24","image_urls":["http://numismatics.org/collectionimages/19501999/1954/1954.256.24.rev.width350.jpg"]},{"from":145,"to":161,"title":"RIC III Antoninus Pius 502Aa. 1944.100.49224","image_urls":["http://numismatics.org/collectionimages/19001949/1944/1944.100.49224.rev.width350.jpg"]},{"from":145,"to":161,"title":"RIC III Antoninus Pius 503Aa. 1997.122.2","image_urls":["http://numismatics.org/collectionimages/19501999/1997/1997.122.2.rev.width350.jpg"]},{"from":145,"to":161,"title":"RIC III Antoninus Pius 129. 1949.19.3","image_urls":["http://numismatics.org/collectionimages/19001949/1949/1949.19.3.rev.width350.jpg"]},{"from":145,"to":161,"title":"RIC III Antoninus Pius 1380. 1944.100.49251","image_urls":["http://numismatics.org/collectionimages/19001949/1944/1944.100.49251.rev.width350.jpg"]},{"from":145,"to":161,"title":"RIC III Antoninus Pius 497. 1956.127.936","image_urls":["http://numismatics.org/collectionimages/19501999/1956/1956.127.936.rev.width350.jpg"]},{"from":145,"to":161,"title":"RIC III Antoninus Pius 153c. 1911.23.201","image_urls":["http://numismatics.org/collectionimages/19001949/1911/1911.23.201.rev.width350.jpg"]},{"from":145,"to":161,"title":"RIC III Antoninus Pius 755. 1906.236.348","image_urls":["http://numismatics.org/collectionimages/19001949/1906/1906.236.348.rev.width350.jpg"]},{"from":145,"to":161,"title":"RIC III Antoninus Pius 1383b. 1995.11.450","image_urls":["http://numismatics.org/collectionimages/19501999/1995/1995.11.450.rev.width350.jpg"]},{"from":145,"to":161,"title":"RIC III Antoninus Pius 502Aa. 1956.127.917","image_urls":["http://numismatics.org/collectionimages/19501999/1956/1956.127.917.rev.width350.jpg"]},{"from":145,"to":161,"title":"RIC III Antoninus Pius 836. 1957.172.1722","image_urls":["http://numismatics.org/collectionimages/19501999/1957/1957.172.1722.rev.width350.jpg"]},{"from":145,"to":161,"title":"RIC III Antoninus Pius 1403b (dupondius). 1944.100.46612","image_urls":["http://numismatics.org/collectionimages/19001949/1944/1944.100.46612.rev.width350.jpg"]},{"from":145,"to":161,"title":"RIC III Antoninus Pius 140c. 1966.62.4","image_urls":["http://numismatics.org/collectionimages/19501999/1966/1966.62.4.rev.width350.jpg"]},{"from":145,"to":161,"title":"RIC III Antoninus Pius 506A (denarius). 1911.105.492","image_urls":["http://numismatics.org/collectionimages/19001949/1911/1911.105.492.rev.width350.jpg"]},{"from":145,"to":161,"title":"RIC III Antoninus Pius 1410A (as). 1995.11.471","image_urls":["http://numismatics.org/collectionimages/19501999/1995/1995.11.471.rev.width350.jpg"]},{"from":145,"to":161,"title":"RIC III Antoninus Pius 495A. 1944.100.49226","image_urls":["http://numismatics.org/collectionimages/19001949/1944/1944.100.49226.rev.width350.jpg"]},{"from":145,"to":161,"title":"RIC III Antoninus Pius 502Aa. 1956.127.923","image_urls":["http://numismatics.org/collectionimages/19501999/1956/1956.127.923.rev.width350.jpg"]},{"from":145,"to":161,"title":"RIC III Antoninus Pius 1396B (as). 1944.100.49253","image_urls":["http://numismatics.org/collectionimages/19001949/1944/1944.100.49253.rev.width350.jpg"]},{"from":145,"to":161,"title":"RIC III Antoninus Pius 512Ba. 1965.66.32","image_urls":["http://numismatics.org/collectionimages/19501999/1965/1965.66.32.rev.width350.jpg"]},{"from":145,"to":161,"title":"Bronze Dupondius of Antoninus Pius, Rome, AD 145 - AD 161. 1944.100.49518","image_urls":["http://numismatics.org/collectionimages/19001949/1944/1944.100.49518.rev.width350.jpg"]},{"from":145,"to":161,"title":"RIC III Antoninus Pius 147b. 1966.62.5","image_urls":["http://numismatics.org/collectionimages/19501999/1966/1966.62.5.rev.width350.jpg"]},{"from":145,"to":161,"title":"RIC III Antoninus Pius 1388B. 1935.117.439","image_urls":["http://numismatics.org/collectionimages/19001949/1935/1935.117.439.rev.width350.jpg"]},{"from":145,"to":161,"title":"RIC III Antoninus Pius 127c (denarius). 1956.127.383","image_urls":["http://numismatics.org/collectionimages/19501999/1956/1956.127.383.rev.width350.jpg"]},{"from":145,"to":161,"title":"RIC III Antoninus Pius 824A. 1965.32.30","image_urls":["http://numismatics.org/collectionimages/19501999/1965/1965.32.30.rev.width350.jpg"]},{"from":145,"to":161,"title":"RIC III Antoninus Pius 831A. 1944.100.48270","image_urls":["http://numismatics.org/collectionimages/19001949/1944/1944.100.48270.rev.width350.jpg"]},{"from":145,"to":161,"title":"RIC III Antoninus Pius 129. 1944.100.48138","image_urls":["http://numismatics.org/collectionimages/19001949/1944/1944.100.48138.rev.width350.jpg"]},{"from":145,"to":161,"title":"RIC III Antoninus Pius 809. 1906.236.349","image_urls":["http://numismatics.org/collectionimages/19001949/1906/1906.236.349.rev.width350.jpg"]},{"from":145,"to":161,"title":"RIC III Antoninus Pius 802. 1944.100.48264","image_urls":["http://numismatics.org/collectionimages/19001949/1944/1944.100.48264.rev.width350.jpg"]},{"from":145,"to":160,"title":"RIC III Antoninus Pius 429A. 1944.100.49014","image_urls":["http://numismatics.org/collectionimages/19001949/1944/1944.100.49014.rev.width350.jpg"]},{"from":145,"to":161,"title":"RIC III Antoninus Pius 147d. 1944.100.48144","image_urls":["http://numismatics.org/collectionimages/19001949/1944/1944.100.48144.rev.width350.jpg"]},{"from":145,"to":161,"title":"RIC III Antoninus Pius 772. 1995.11.148","image_urls":["http://numismatics.org/collectionimages/19501999/1995/1995.11.148.rev.width350.jpg"]},{"from":145,"to":161,"title":"RIC III Antoninus Pius 496. 1944.100.49227","image_urls":["http://numismatics.org/collectionimages/19001949/1944/1944.100.49227.rev.width350.jpg"]},{"from":145,"to":161,"title":"RIC III Antoninus Pius 505B. 1958.223.1","image_urls":["http://numismatics.org/collectionimages/19501999/1958/1958.223.1.rev.width350.jpg"]},{"from":145,"to":146,"title":"Bronze Drachm of Antoninus Pius, Alexandreia, AD 145 - AD 146. 1973.56.812","image_urls":["http://numismatics.org/collectionimages/19501999/1973/1973.56.812.rev.width350.jpg"]},{"from":145,"to":161,"title":"RIC III Antoninus Pius 517C (aureus). 1966.62.20","image_urls":["http://numismatics.org/collectionimages/19501999/1966/1966.62.20.rev.width350.jpg"]},{"from":145,"to":161,"title":"RIC III Antoninus Pius 503Aa. 1958.223.4","image_urls":["http://numismatics.org/collectionimages/19501999/1958/1958.223.4.rev.width350.jpg"]},{"from":145,"to":160,"title":"RIC III Antoninus Pius 429A. 1956.127.741","image_urls":["http://numismatics.org/collectionimages/19501999/1956/1956.127.741.rev.width350.jpg"]},{"from":145,"to":161,"title":"RIC III Antoninus Pius 156Aa. 1956.184.42","image_urls":["http://numismatics.org/collectionimages/19501999/1956/1956.184.42.rev.width350.jpg"]},{"from":145,"to":161,"title":"RIC III Antoninus Pius 765. 1965.30.5","image_urls":["http://numismatics.org/collectionimages/19501999/1965/1965.30.5.rev.width350.jpg"]},{"from":145,"to":161,"title":"RIC III Antoninus Pius 765. 1967.153.153","image_urls":["http://numismatics.org/collectionimages/19501999/1967/1967.153.153.rev.width350.jpg"]},{"from":145,"to":161,"title":"RIC III Antoninus Pius 143 (denarius). 1978.27.6","image_urls":["http://numismatics.org/collectionimages/19501999/1978/1978.27.6.rev.width350.jpg"]},{"from":145,"to":161,"title":"RIC III Antoninus Pius 785. 1952.41.2","image_urls":["http://numismatics.org/collectionimages/19501999/1952/1952.41.2.rev.width350.jpg"]},{"from":145,"to":161,"title":"RIC III Antoninus Pius 506A (denarius). 1956.127.909","image_urls":["http://numismatics.org/collectionimages/19501999/1956/1956.127.909.rev.width350.jpg"]},{"from":145,"to":160,"title":"RIC III Antoninus Pius 429A. 1948.19.1299","image_urls":["http://numismatics.org/collectionimages/19001949/1948/1948.19.1299.rev.width350.jpg"]},{"from":145,"to":161,"title":"RIC III Antoninus Pius 1409A (dupondius). 1995.11.364","image_urls":["http://numismatics.org/collectionimages/19501999/1995/1995.11.364.rev.width350.jpg"]},{"from":145,"to":161,"title":"RIC III Antoninus Pius 494A (aureus). 1958.223.7","image_urls":["http://numismatics.org/collectionimages/19501999/1958/1958.223.7.rev.width350.jpg"]},{"from":145,"to":161,"title":"RIC III Antoninus Pius 136. 1956.127.1847","image_urls":["http://numismatics.org/collectionimages/19501999/1956/1956.127.1847.rev.width350.jpg"]},{"from":145,"to":161,"title":"RIC III Antoninus Pius 761. 1995.11.166","image_urls":["http://numismatics.org/collectionimages/19501999/1995/1995.11.166.rev.width350.jpg"]},{"from":145,"to":161,"title":"RIC III Antoninus Pius 821. 1944.100.48267","image_urls":["http://numismatics.org/collectionimages/19001949/1944/1944.100.48267.rev.width350.jpg"]},{"from":145,"to":161,"title":"Bronze As of Antoninus Pius, Rome, AD 145 - AD 161. 1944.100.49262","image_urls":["http://numismatics.org/collectionimages/19001949/1944/1944.100.49262.rev.width350.jpg"]},{"from":145,"to":161,"title":"RIC III Antoninus Pius 129. 1956.127.386","image_urls":["http://numismatics.org/collectionimages/19501999/1956/1956.127.386.rev.width350.jpg"]},{"from":145,"to":146,"title":"Bronze Drachm of Antoninus Pius, Alexandreia, AD 145 - AD 146. 1944.100.60401","image_urls":["http://numismatics.org/collectionimages/19001949/1944/1944.100.60401.rev.width350.jpg"]},{"from":145,"to":161,"title":"RIC III Antoninus Pius 130. 1911.23.197","image_urls":["http://numismatics.org/collectionimages/19001949/1911/1911.23.197.rev.width350.jpg"]},{"from":145,"to":161,"title":"RIC III Antoninus Pius 124. 1982.50.1","image_urls":["http://numismatics.org/collectionimages/19501999/1982/1982.50.1.rev.width350.jpg"]},{"from":145,"to":161,"title":"RIC III Antoninus Pius 137. 1956.127.392","image_urls":["http://numismatics.org/collectionimages/19501999/1956/1956.127.392.rev.width350.jpg"]},{"from":145,"to":161,"title":"RIC III Antoninus Pius 502B. 1996.6.1","image_urls":["http://numismatics.org/collectionimages/19501999/1996/1996.6.1.rev.width350.jpg"]},{"from":145,"to":161,"title":"Bronze As of Antoninus Pius, Rome, AD 145 - AD 161. 1953.171.832","image_urls":["http://numismatics.org/collectionimages/19501999/1953/1953.171.832.rev.width350.jpg"]},{"from":145,"to":161,"title":"RIC III Antoninus Pius 502Aa. 1956.127.918","image_urls":["http://numismatics.org/collectionimages/19501999/1956/1956.127.918.rev.width350.jpg"]},{"from":145,"to":161,"title":"RIC III Antoninus Pius 130. 1956.127.1841","image_urls":["http://numismatics.org/collectionimages/19501999/1956/1956.127.1841.rev.width350.jpg"]},{"from":145,"to":161,"title":"RIC III Antoninus Pius 155 (denarius). 1956.127.398","image_urls":["http://numismatics.org/collectionimages/19501999/1956/1956.127.398.rev.width350.jpg"]},{"from":145,"to":161,"title":"RIC III Antoninus Pius 1408 (dupondius). 1906.236.412","image_urls":["http://numismatics.org/collectionimages/19001949/1906/1906.236.412.rev.width350.jpg"]},{"from":145,"to":161,"title":"RIC III Antoninus Pius 507A. 1948.19.1338","image_urls":["http://numismatics.org/collectionimages/19001949/1948/1948.19.1338.rev.width350.jpg"]},{"from":145,"to":161,"title":"RIC III Antoninus Pius 777. 1944.100.48258","image_urls":["http://numismatics.org/collectionimages/19001949/1944/1944.100.48258.rev.width350.jpg"]},{"from":145,"to":161,"title":"RIC III Antoninus Pius 155 (denarius). 1956.127.1856","image_urls":["http://numismatics.org/collectionimages/19501999/1956/1956.127.1856.rev.width350.jpg"]},{"from":145,"to":161,"title":"RIC III Antoninus Pius 136. 1911.23.198","image_urls":["http://numismatics.org/collectionimages/19001949/1911/1911.23.198.rev.width350.jpg"]},{"from":145,"to":161,"title":"RIC III Antoninus Pius 129. 1956.127.387","image_urls":["http://numismatics.org/collectionimages/19501999/1956/1956.127.387.rev.width350.jpg"]},{"from":145,"to":161,"title":"RIC III Antoninus Pius 506A (denarius). 1956.127.907","image_urls":["http://numismatics.org/collectionimages/19501999/1956/1956.127.907.rev.width350.jpg"]},{"from":145,"to":161,"title":"RIC III Antoninus Pius 137. 1905.57.381","image_urls":["http://numismatics.org/collectionimages/19001949/1905/1905.57.381.rev.width350.jpg"]},{"from":145,"to":161,"title":"RIC III Antoninus Pius 827A. 1995.11.428","image_urls":["http://numismatics.org/collectionimages/19501999/1995/1995.11.428.rev.width350.jpg"]},{"from":145,"to":161,"title":"RIC III Antoninus Pius 137. 1948.19.1255","image_urls":["http://numismatics.org/collectionimages/19001949/1948/1948.19.1255.rev.width350.jpg"]},{"from":145,"to":161,"title":"RIC III Antoninus Pius 823. 1944.100.48268","image_urls":["http://numismatics.org/collectionimages/19001949/1944/1944.100.48268.rev.width350.jpg"]},{"from":145,"to":160,"title":"RIC III Antoninus Pius 431. 1911.23.279","image_urls":["http://numismatics.org/collectionimages/19001949/1911/1911.23.279.rev.width350.jpg"]},{"from":145,"to":146,"title":"Bronze Drachm of Antoninus Pius, Alexandreia, AD 145 - AD 146. 1944.100.60405","image_urls":["http://numismatics.org/collectionimages/19001949/1944/1944.100.60405.rev.width350.jpg"]},{"from":145,"to":161,"title":"RIC III Antoninus Pius 495A. 1911.23.336","image_urls":["http://numismatics.org/collectionimages/19001949/1911/1911.23.336.rev.width350.jpg"]},{"from":145,"to":161,"title":"RIC III Antoninus Pius 143 (denarius). 1956.127.396","image_urls":["http://numismatics.org/collectionimages/19501999/1956/1956.127.396.rev.width350.jpg"]},{"from":145,"to":160,"title":"RIC III Antoninus Pius 429A. 1948.19.1300","image_urls":["http://numismatics.org/collectionimages/19001949/1948/1948.19.1300.rev.width350.jpg"]},{"from":145,"to":161,"title":"RIC III Antoninus Pius 775. 1984.176.28","image_urls":["http://numismatics.org/collectionimages/19501999/1984/1984.176.28.rev.width350.jpg"]},{"from":145,"to":161,"title":"RIC III Antoninus Pius 827A. 1920.102.35","image_urls":["http://numismatics.org/collectionimages/19001949/1920/1920.102.35.rev.width350.jpg"]},{"from":145,"to":161,"title":"RIC III Antoninus Pius 137. 1995.11.381","image_urls":["http://numismatics.org/collectionimages/19501999/1995/1995.11.381.rev.width350.jpg"]},{"from":145,"to":161,"title":"RIC III Antoninus Pius 129. 1956.127.1838","image_urls":["http://numismatics.org/collectionimages/19501999/1956/1956.127.1838.rev.width350.jpg"]},{"from":145,"to":161,"title":"RIC III Antoninus Pius 500Aa. 1955.191.15","image_urls":["http://numismatics.org/collectionimages/19501999/1955/1955.191.15.rev.width350.jpg"]},{"from":145,"to":161,"title":"RIC III Antoninus Pius 136. 1944.100.48141","image_urls":["http://numismatics.org/collectionimages/19001949/1944/1944.100.48141.rev.width350.jpg"]},{"from":145,"to":161,"title":"RIC III Antoninus Pius 1378C. 1995.11.363","image_urls":["http://numismatics.org/collectionimages/19501999/1995/1995.11.363.rev.width350.jpg"]},{"from":145,"to":146,"title":"Silver Tetradrachm, Seleuceia ad Tigrim, AD 145 - AD 146. 1944.100.83320","image_urls":["http://numismatics.org/collectionimages/19001949/1944/1944.100.83320.rev.width350.jpg"]},{"from":145,"to":161,"title":"RIC III Antoninus Pius 130. 1956.127.389","image_urls":["http://numismatics.org/collectionimages/19501999/1956/1956.127.389.rev.width350.jpg"]},{"from":145,"to":161,"title":"RIC III Antoninus Pius 497. 1956.127.935","image_urls":["http://numismatics.org/collectionimages/19501999/1956/1956.127.935.rev.width350.jpg"]},{"from":145,"to":160,"title":"RIC III Antoninus Pius 429A. 1956.127.737","image_urls":["http://numismatics.org/collectionimages/19501999/1956/1956.127.737.rev.width350.jpg"]},{"from":145,"to":161,"title":"RIC III Antoninus Pius 767A. 1995.11.414","image_urls":["http://numismatics.org/collectionimages/19501999/1995/1995.11.414.rev.width350.jpg"]},{"from":145,"to":176,"title":"Bronze Coin, Philippopolis, AD 145 - AD 176. 1997.32.180","image_urls":["http://numismatics.org/collectionimages/19501999/1997/1997.32.180.rev.width350.jpg"]},{"from":145,"to":161,"title":"RIC III Antoninus Pius 137. 1956.127.394","image_urls":["http://numismatics.org/collectionimages/19501999/1956/1956.127.394.rev.width350.jpg"]},{"from":145,"to":161,"title":"RIC III Antoninus Pius 130. 1956.127.388","image_urls":["http://numismatics.org/collectionimages/19501999/1956/1956.127.388.rev.width350.jpg"]},{"from":145,"to":161,"title":"RIC III Antoninus Pius 495A. 1956.127.929","image_urls":["http://numismatics.org/collectionimages/19501999/1956/1956.127.929.rev.width350.jpg"]},{"from":145,"to":161,"title":"RIC III Antoninus Pius 767A. 1944.100.48254","image_urls":["http://numismatics.org/collectionimages/19001949/1944/1944.100.48254.rev.width350.jpg"]},{"from":145,"to":161,"title":"RIC III Antoninus Pius 136. 1944.100.48140","image_urls":["http://numismatics.org/collectionimages/19001949/1944/1944.100.48140.rev.width350.jpg"]},{"from":145,"to":161,"title":"RIC III Antoninus Pius 137. 1956.127.1852","image_urls":["http://numismatics.org/collectionimages/19501999/1956/1956.127.1852.rev.width350.jpg"]},{"from":145,"to":161,"title":"RIC III Antoninus Pius 153c. 1911.23.200","image_urls":["http://numismatics.org/collectionimages/19001949/1911/1911.23.200.rev.width350.jpg"]},{"from":145,"to":161,"title":"RIC III Antoninus Pius 143 (denarius). 1911.23.199","image_urls":["http://numismatics.org/collectionimages/19001949/1911/1911.23.199.rev.width350.jpg"]},{"from":145,"to":161,"title":"RIC III Antoninus Pius 136. 1956.127.1846","image_urls":["http://numismatics.org/collectionimages/19501999/1956/1956.127.1846.rev.width350.jpg"]},{"from":145,"to":161,"title":"RIC III Antoninus Pius 517C (denarius). 1956.127.914","image_urls":["http://numismatics.org/collectionimages/19501999/1956/1956.127.914.rev.width350.jpg"]},{"from":145,"to":161,"title":"RIC III Antoninus Pius 780. 1944.100.48260","image_urls":["http://numismatics.org/collectionimages/19001949/1944/1944.100.48260.rev.width350.jpg"]},{"from":145,"to":161,"title":"RIC III Antoninus Pius 827A. 1944.100.48269","image_urls":["http://numismatics.org/collectionimages/19001949/1944/1944.100.48269.rev.width350.jpg"]},{"from":145,"to":160,"title":"RIC III Antoninus Pius 429A. 1935.117.429","image_urls":["http://numismatics.org/collectionimages/19001949/1935/1935.117.429.rev.width350.jpg"]},{"from":145,"to":161,"title":"RIC III Antoninus Pius 517C (denarius). 1944.100.49223","image_urls":["http://numismatics.org/collectionimages/19001949/1944/1944.100.49223.rev.width350.jpg"]},{"from":145,"to":161,"title":"RIC III Antoninus Pius 506A (denarius). 1956.127.908","image_urls":["http://numismatics.org/collectionimages/19501999/1956/1956.127.908.rev.width350.jpg"]},{"from":145,"to":161,"title":"RIC III Antoninus Pius 497. 1956.127.932","image_urls":["http://numismatics.org/collectionimages/19501999/1956/1956.127.932.rev.width350.jpg"]},{"from":145,"to":161,"title":"RIC III Antoninus Pius 155 (denarius). 1956.28.247","image_urls":["http://numismatics.org/collectionimages/19501999/1956/1956.28.247.rev.width350.jpg"]},{"from":145,"to":161,"title":"RIC III Antoninus Pius 500Aa. 1956.184.56","image_urls":["http://numismatics.org/collectionimages/19501999/1956/1956.184.56.rev.width350.jpg"]},{"from":145,"to":161,"title":"RIC III Antoninus Pius 500Bb. 1974.26.1116","image_urls":["http://numismatics.org/collectionimages/19501999/1974/1974.26.1116.rev.width350.jpg"]},{"from":145,"to":146,"title":"Bronze Drachm of Antoninus Pius, Alexandreia, AD 145 - AD 146. 1973.56.811","image_urls":["http://numismatics.org/collectionimages/19501999/1973/1973.56.811.rev.width350.jpg"]},{"from":145,"to":160,"title":"RIC III Antoninus Pius 429A. 1956.127.740","image_urls":["http://numismatics.org/collectionimages/19501999/1956/1956.127.740.rev.width350.jpg"]},{"from":145,"to":160,"title":"RIC III Antoninus Pius 429A. 1956.127.734","image_urls":["http://numismatics.org/collectionimages/19501999/1956/1956.127.734.rev.width350.jpg"]},{"from":145,"to":161,"title":"RIC III Antoninus Pius 136. 1956.127.1843","image_urls":["http://numismatics.org/collectionimages/19501999/1956/1956.127.1843.rev.width350.jpg"]},{"from":145,"to":161,"title":"Bronze Drachm of Marcus Aurelius, Alexandreia, AD 145 - AD 161. 1944.100.61333","image_urls":["http://numismatics.org/collectionimages/19001949/1944/1944.100.61333.rev.width350.jpg"]},{"from":145,"to":161,"title":"RIC III Antoninus Pius 127c (denarius). 1911.23.196","image_urls":["http://numismatics.org/collectionimages/19001949/1911/1911.23.196.rev.width350.jpg"]},{"from":145,"to":161,"title":"RIC III Antoninus Pius 129. 1956.127.1837","image_urls":["http://numismatics.org/collectionimages/19501999/1956/1956.127.1837.rev.width350.jpg"]},{"from":145,"to":161,"title":"RIC III Antoninus Pius 507A. 1956.127.911","image_urls":["http://numismatics.org/collectionimages/19501999/1956/1956.127.911.rev.width350.jpg"]},{"from":145,"to":160,"title":"RIC III Antoninus Pius 432B. 1965.66.20","image_urls":["http://numismatics.org/collectionimages/19501999/1965/1965.66.20.rev.width350.jpg"]},{"from":145,"to":161,"title":"RIC III Antoninus Pius 808. 1944.100.48266","image_urls":["http://numismatics.org/collectionimages/19001949/1944/1944.100.48266.rev.width350.jpg"]},{"from":145,"to":161,"title":"RIC III Antoninus Pius 517C (denarius). 1911.23.332","image_urls":["http://numismatics.org/collectionimages/19001949/1911/1911.23.332.rev.width350.jpg"]},{"from":145,"to":161,"title":"RIC III Antoninus Pius 155 (quinarius aureus). 1950.57.4","image_urls":["http://numismatics.org/collectionimages/19501999/1950/1950.57.4.rev.width350.jpg"]},{"from":145,"to":161,"title":"RIC III Antoninus Pius 156Ab. 1905.57.382","image_urls":["http://numismatics.org/collectionimages/19001949/1905/1905.57.382.rev.width350.jpg"]},{"from":145,"to":146,"title":"Bronze Drachm of Marcus Aurelius, Alexandreia, AD 145 - AD 146. 1944.100.61201","image_urls":["http://numismatics.org/collectionimages/19001949/1944/1944.100.61201.rev.width350.jpg"]},{"from":145,"to":161,"title":"RIC III Antoninus Pius 503Ba. 1958.223.6","image_urls":["http://numismatics.org/collectionimages/19501999/1958/1958.223.6.rev.width350.jpg"]},{"from":145,"to":161,"title":"RIC III Antoninus Pius 1388A. 1929.66.16","image_urls":["http://numismatics.org/collectionimages/19001949/1929/1929.66.16.rev.width350.jpg"]},{"from":145,"to":161,"title":"RIC III Antoninus Pius 756. 1951.61.64","image_urls":["http://numismatics.org/collectionimages/19501999/1951/1951.61.64.rev.width350.jpg"]},{"from":145,"to":161,"title":"RIC III Antoninus Pius 513B. 1997.122.1","image_urls":["http://numismatics.org/collectionimages/19501999/1997/1997.122.1.rev.width350.jpg"]},{"from":145,"to":161,"title":"RIC III Antoninus Pius 1404B (dupondius). 1984.176.35","image_urls":["http://numismatics.org/collectionimages/19501999/1984/1984.176.35.rev.width350.jpg"]},{"from":145,"to":161,"title":"RIC III Antoninus Pius 777. 1944.100.48257","image_urls":["http://numismatics.org/collectionimages/19001949/1944/1944.100.48257.rev.width350.jpg"]},{"from":145,"to":161,"title":"RIC III Antoninus Pius 502Aa. 1941.131.843","image_urls":["http://numismatics.org/collectionimages/19001949/1941/1941.131.843.rev.width350.jpg"]},{"from":145,"to":161,"title":"RIC III Antoninus Pius 784. 1984.176.29","image_urls":["http://numismatics.org/collectionimages/19501999/1984/1984.176.29.rev.width350.jpg"]},{"from":145,"to":161,"title":"RIC III Antoninus Pius 136. 1981.110.290","image_urls":["http://numismatics.org/collectionimages/19501999/1981/1981.110.290.rev.width350.jpg"]},{"from":145,"to":161,"title":"RIC III Antoninus Pius 127c (denarius). 1956.127.382","image_urls":["http://numismatics.org/collectionimages/19501999/1956/1956.127.382.rev.width350.jpg"]},{"from":145,"to":161,"title":"RIC III Antoninus Pius 763. 1957.172.1721","image_urls":["http://numismatics.org/collectionimages/19501999/1957/1957.172.1721.rev.width350.jpg"]},{"from":145,"to":161,"title":"RIC III Antoninus Pius 495A. 1978.64.425","image_urls":["http://numismatics.org/collectionimages/19501999/1978/1978.64.425.rev.width350.jpg"]},{"from":145,"to":161,"title":"RIC III Antoninus Pius 800. 1944.100.48263","image_urls":["http://numismatics.org/collectionimages/19001949/1944/1944.100.48263.rev.width350.jpg"]},{"from":145,"to":161,"title":"RIC III Antoninus Pius 1391 (dupondius). 1944.100.49517","image_urls":["http://numismatics.org/collectionimages/19001949/1944/1944.100.49517.rev.width350.jpg"]},{"from":145,"to":161,"title":"RIC III Antoninus Pius 1378C. 1954.203.215","image_urls":["http://numismatics.org/collectionimages/19501999/1954/1954.203.215.rev.width350.jpg"]},{"from":145,"to":161,"title":"RIC III Antoninus Pius 154. 1956.127.397","image_urls":["http://numismatics.org/collectionimages/19501999/1956/1956.127.397.rev.width350.jpg"]},{"from":145,"to":161,"title":"RIC III Antoninus Pius 497. 1964.238.2","image_urls":["http://numismatics.org/collectionimages/19501999/1964/1964.238.2.rev.width350.jpg"]},{"from":145,"to":161,"title":"RIC III Antoninus Pius 137. 1944.100.48143","image_urls":["http://numismatics.org/collectionimages/19001949/1944/1944.100.48143.rev.width350.jpg"]},{"from":145,"to":161,"title":"RIC III Antoninus Pius 127c (denarius). 1944.100.48137","image_urls":["http://numismatics.org/collectionimages/19001949/1944/1944.100.48137.rev.width350.jpg"]},{"from":145,"to":146,"title":"Billon Tetradrachm of Antoninus Pius, Alexandreia, AD 145 - AD 146. 1944.100.58708","image_urls":["http://numismatics.org/collectionimages/19001949/1944/1944.100.58708.rev.width350.jpg"]},{"from":145,"to":161,"title":"RIC III Antoninus Pius 129. 1956.127.1840","image_urls":["http://numismatics.org/collectionimages/19501999/1956/1956.127.1840.rev.width350.jpg"]},{"from":145,"to":160,"title":"RIC III Antoninus Pius 429A. 1944.100.49013","image_urls":["http://numismatics.org/collectionimages/19001949/1944/1944.100.49013.rev.width350.jpg"]},{"from":145,"to":161,"title":"RIC III Antoninus Pius 784. 1995.11.177","image_urls":["http://numismatics.org/collectionimages/19501999/1995/1995.11.177.rev.width350.jpg"]},{"from":145,"to":161,"title":"RIC III Antoninus Pius 495A. 1956.127.926","image_urls":["http://numismatics.org/collectionimages/19501999/1956/1956.127.926.rev.width350.jpg"]},{"from":145,"to":161,"title":"RIC III Antoninus Pius 1410A (as). 1944.100.49256","image_urls":["http://numismatics.org/collectionimages/19001949/1944/1944.100.49256.rev.width350.jpg"]},{"from":145,"to":161,"title":"RIC III Antoninus Pius 156Aa. 1956.184.41","image_urls":["http://numismatics.org/collectionimages/19501999/1956/1956.184.41.rev.width350.jpg"]},{"from":145,"to":161,"title":"RIC III Antoninus Pius 147b. 1972.62.4","image_urls":["http://numismatics.org/collectionimages/19501999/1972/1972.62.4.rev.width350.jpg"]},{"from":145,"to":161,"title":"Bronze Sestertius of Antoninus Pius, Rome, AD 145 - AD 161. 1953.171.834","image_urls":["http://numismatics.org/collectionimages/19501999/1953/1953.171.834.rev.width350.jpg"]},{"from":145,"to":161,"title":"RIC III Antoninus Pius 506C (aureus). 1958.223.3","image_urls":["http://numismatics.org/collectionimages/19501999/1958/1958.223.3.rev.width350.jpg"]},{"from":145,"to":161,"title":"RIC III Antoninus Pius 1371. 1995.11.453","image_urls":["http://numismatics.org/collectionimages/19501999/1995/1995.11.453.rev.width350.jpg"]},{"from":145,"to":161,"title":"RIC III Antoninus Pius 502Aa. 1956.127.920","image_urls":["http://numismatics.org/collectionimages/19501999/1956/1956.127.920.rev.width350.jpg"]},{"from":145,"to":161,"title":"RIC III Antoninus Pius 792. 1995.11.179","image_urls":["http://numismatics.org/collectionimages/19501999/1995/1995.11.179.rev.width350.jpg"]},{"from":145,"to":161,"title":"RIC III Antoninus Pius 497. 1956.127.934","image_urls":["http://numismatics.org/collectionimages/19501999/1956/1956.127.934.rev.width350.jpg"]},{"from":145,"to":161,"title":"RIC III Antoninus Pius 1383b. 1944.100.49258","image_urls":["http://numismatics.org/collectionimages/19001949/1944/1944.100.49258.rev.width350.jpg"]},{"from":145,"to":161,"title":"RIC III Antoninus Pius 137. 1956.127.1851","image_urls":["http://numismatics.org/collectionimages/19501999/1956/1956.127.1851.rev.width350.jpg"]},{"from":145,"to":146,"title":"Bronze Hemidrachm of Antoninus Pius, Alexandreia, AD 145 - AD 146. 1973.56.813","image_urls":["http://numismatics.org/collectionimages/19501999/1973/1973.56.813.rev.width350.jpg"]},{"from":145,"to":160,"title":"RIC III Antoninus Pius 428B (quinarius aureus). 1954.256.22","image_urls":["http://numismatics.org/collectionimages/19501999/1954/1954.256.22.rev.width350.jpg"]},{"from":145,"to":160,"title":"RIC III Antoninus Pius 432A. 1965.66.19","image_urls":["http://numismatics.org/collectionimages/19501999/1965/1965.66.19.rev.width350.jpg"]},{"from":145,"to":161,"title":"RIC III Antoninus Pius 497. 1956.127.937","image_urls":["http://numismatics.org/collectionimages/19501999/1956/1956.127.937.rev.width350.jpg"]},{"from":145,"to":161,"title":"RIC III Antoninus Pius 513B. 0000.999.20923","image_urls":["http://numismatics.org/collectionimages/00001899/0000/0000.999.20923.rev.width350.jpg"]},{"from":145,"to":161,"title":"RIC III Antoninus Pius 129. 1956.127.384","image_urls":["http://numismatics.org/collectionimages/19501999/1956/1956.127.384.rev.width350.jpg"]},{"from":145,"to":161,"title":"RIC III Antoninus Pius 1405a (dupondius). 1944.100.49260","image_urls":["http://numismatics.org/collectionimages/19001949/1944/1944.100.49260.rev.width350.jpg"]},{"from":145,"to":161,"title":"RIC III Antoninus Pius 1396B (as). 1944.100.49254","image_urls":["http://numismatics.org/collectionimages/19001949/1944/1944.100.49254.rev.width350.jpg"]},{"from":145,"to":161,"title":"RIC III Antoninus Pius 506A (denarius). 1960.170.372","image_urls":["http://numismatics.org/collectionimages/19501999/1960/1960.170.372.rev.width350.jpg"]},{"from":145,"to":160,"title":"RIC III Antoninus Pius 429A. 1956.127.735","image_urls":["http://numismatics.org/collectionimages/19501999/1956/1956.127.735.rev.width350.jpg"]},{"from":145,"to":160,"title":"RIC III Antoninus Pius 429A. 1956.127.729","image_urls":["http://numismatics.org/collectionimages/19501999/1956/1956.127.729.rev.width350.jpg"]},{"from":145,"to":161,"title":"RIC III Antoninus Pius 136. 1956.127.1844","image_urls":["http://numismatics.org/collectionimages/19501999/1956/1956.127.1844.rev.width350.jpg"]},{"from":145,"to":161,"title":"RIC III Antoninus Pius 767A. 1929.66.14","image_urls":["http://numismatics.org/collectionimages/19001949/1929/1929.66.14.rev.width350.jpg"]},{"from":145,"to":161,"title":"RIC III Antoninus Pius 137. 1948.19.1254","image_urls":["http://numismatics.org/collectionimages/19001949/1948/1948.19.1254.rev.width350.jpg"]},{"from":145,"to":161,"title":"RIC III Antoninus Pius 517C (denarius). 1952.142.151","image_urls":["http://numismatics.org/collectionimages/19501999/1952/1952.142.151.rev.width350.jpg"]},{"from":145,"to":161,"title":"Bronze Sestertius of Antoninus Pius, Rome, AD 145 - AD 161. 1955.176.4","image_urls":["http://numismatics.org/collectionimages/19501999/1955/1955.176.4.rev.width350.jpg"]},{"from":145,"to":161,"title":"RIC III Antoninus Pius 156. 1956.127.399","image_urls":["http://numismatics.org/collectionimages/19501999/1956/1956.127.399.rev.width350.jpg"]},{"from":145,"to":161,"title":"RIC III Antoninus Pius 1369. 1906.236.413","image_urls":["http://numismatics.org/collectionimages/19001949/1906/1906.236.413.rev.width350.jpg"]},{"from":145,"to":161,"title":"RIC III Antoninus Pius 517C (denarius). 1948.19.1339","image_urls":["http://numismatics.org/collectionimages/19001949/1948/1948.19.1339.rev.width350.jpg"]},{"from":145,"to":161,"title":"RIC III Antoninus Pius 151. 1951.117.13","image_urls":["http://numismatics.org/collectionimages/19501999/1951/1951.117.13.rev.width350.jpg"]},{"from":145,"to":161,"title":"RIC III Antoninus Pius 778. 1944.100.48259","image_urls":["http://numismatics.org/collectionimages/19001949/1944/1944.100.48259.rev.width350.jpg"]},{"from":145,"to":161,"title":"RIC III Antoninus Pius 156. 1956.127.1857","image_urls":["http://numismatics.org/collectionimages/19501999/1956/1956.127.1857.rev.width350.jpg"]},{"from":145,"to":160,"title":"RIC III Antoninus Pius 429A. 1911.23.277","image_urls":["http://numismatics.org/collectionimages/19001949/1911/1911.23.277.rev.width350.jpg"]}]