[{"from":146,"to":146,"title":"KENT-8463C8: A coin issued by Antoninus Pius","image_urls":["https://finds.org.uk/images/arichardson/PAK169-025%20copy.jpg"]},{"from":146,"to":146,"title":"SUR-C47AE1: A coin issued by Antoninus Pius","image_urls":["https://finds.org.uk/images/dwilliams/11-1833a.jpg"]},{"from":146,"to":175,"title":"NARC-C2C933: A coin issued by Faustina II","image_urls":["https://finds.org.uk/images/jcassidy/NARCC2C933a.JPG"]},{"from":146,"to":146,"title":"SUR-F9BD44: A coin issued by Antoninus Pius","image_urls":["https://finds.org.uk/images/dwilliams/07.262.JPG"]},{"from":146,"to":146,"title":"SUR-376518: A coin issued by Antoninus Pius","image_urls":["https://finds.org.uk/images/dwilliams/07.205.JPG"]},{"from":146,"to":146,"title":"DENO-5A5433: A coin issued by Antoninus Pius","image_urls":["https://finds.org.uk/images/arohde/E5686%20denarius.jpg"]},{"from":146,"to":175,"title":"NARC-707A45: A coin issued by Faustina II","image_urls":["https://finds.org.uk/images/jcassidy/NARC707A45a.JPG"]},{"from":146,"to":147,"title":"LIN-13FDA5: A coin issued by Marcus Aurelius (as Caesar)","image_urls":["https://finds.org.uk/images/adaubney/LIN13FDA5.jpg"]},{"from":146,"to":146,"title":"LVPL-9EC392: A coin issued by Antoninus Pius","image_urls":["https://finds.org.uk/images/voakden/LVPL-9EC392.jpg"]},{"from":146,"to":147,"title":"SUSS-249E65: A coin issued by Marcus Aurelius (as Caesar)","image_urls":["https://finds.org.uk/images/stephaniesmith/SUSS249E65.jpg"]},{"from":146,"to":180,"title":"BERK-11365C: A coin issued by Faustina II","image_urls":["https://finds.org.uk/images/abyard/2014425.jpg"]},{"from":146,"to":176,"title":"Bronze Coin, Amphipolis, AD 146 - AD 176. 1944.100.10336","image_urls":["http://numismatics.org/collectionimages/19001949/1944/1944.100.10336.rev.width350.jpg"]},{"from":146,"to":147,"title":"Bronze Drachm of Antoninus Pius, Alexandreia, AD 146 - AD 147. 1944.100.60435","image_urls":["http://numismatics.org/collectionimages/19001949/1944/1944.100.60435.rev.width350.jpg"]},{"from":146,"to":176,"title":"Bronze Coin, Pompeiopolis, AD 146 - AD 176. 1944.100.41555","image_urls":["http://numismatics.org/collectionimages/19001949/1944/1944.100.41555.rev.width350.jpg"]},{"from":146,"to":176,"title":"Bronze Coin, Larissa, AD 146 - AD 176. 1944.100.17768","image_urls":["http://numismatics.org/collectionimages/19001949/1944/1944.100.17768.rev.width350.jpg"]},{"from":146,"to":147,"title":"Silver Tetradrachm, Seleuceia ad Tigrim, AD 146 - AD 147. 1944.100.83321","image_urls":["http://numismatics.org/collectionimages/19001949/1944/1944.100.83321.rev.width350.jpg"]},{"from":146,"to":147,"title":"RIC III Antoninus Pius 437. 1956.127.744","image_urls":["http://numismatics.org/collectionimages/19501999/1956/1956.127.744.rev.width350.jpg"]},{"from":146,"to":176,"title":"Bronze Coin, Saitta, AD 146 - AD 176. 1974.226.88","image_urls":["http://numismatics.org/collectionimages/19501999/1974/1974.226.88.rev.width350.jpg"]},{"from":146,"to":147,"title":"RIC III Antoninus Pius 437. 1956.127.745","image_urls":["http://numismatics.org/collectionimages/19501999/1956/1956.127.745.rev.width350.jpg"]},{"from":146,"to":147,"title":"Bronze Drachm of Antoninus Pius, Alexandreia, AD 146 - AD 147. 1944.100.60480","image_urls":["http://numismatics.org/collectionimages/19001949/1944/1944.100.60480.rev.width350.jpg"]},{"from":146,"to":176,"title":"Bronze Coin, Cestrus, AD 146 - AD 176. 1944.100.53220","image_urls":["http://numismatics.org/collectionimages/19001949/1944/1944.100.53220.rev.width350.jpg"]},{"from":146,"to":176,"title":"Bronze Coin, Elaeusa, AD 146 - AD 176. 1948.4.122","image_urls":["http://numismatics.org/collectionimages/19001949/1948/1948.4.122.rev.width350.jpg"]},{"from":146,"to":147,"title":"Bronze Drachm of Antoninus Pius, Alexandreia, AD 146 - AD 147. 1973.56.816","image_urls":["http://numismatics.org/collectionimages/19501999/1973/1973.56.816.rev.width350.jpg"]},{"from":146,"to":176,"title":"Bronze Coin, Cyzicus, AD 146 - AD 176. 1944.100.42835","image_urls":["http://numismatics.org/collectionimages/19001949/1944/1944.100.42835.rev.width350.jpg"]},{"from":146,"to":176,"title":"Bronze Coin, Gordus Julia, AD 146 - AD 176. 1944.100.48940","image_urls":["http://numismatics.org/collectionimages/19001949/1944/1944.100.48940.rev.width350.jpg"]},{"from":146,"to":147,"title":"Bronze Drachm of Antoninus Pius, Alexandreia, AD 146 - AD 147. 1973.56.857","image_urls":["http://numismatics.org/collectionimages/19501999/1973/1973.56.857.rev.width350.jpg"]},{"from":146,"to":147,"title":"Bronze Drachm of Antoninus Pius, Alexandreia, AD 146 - AD 147. 1944.100.60426","image_urls":["http://numismatics.org/collectionimages/19001949/1944/1944.100.60426.rev.width350.jpg"]},{"from":146,"to":176,"title":"Bronze Coin, Amastris, AD 146 - AD 176. 1944.100.41519","image_urls":["http://numismatics.org/collectionimages/19001949/1944/1944.100.41519.rev.width350.jpg"]},{"from":146,"to":147,"title":"RIC III Antoninus Pius 437. 1944.100.49015","image_urls":["http://numismatics.org/collectionimages/19001949/1944/1944.100.49015.rev.width350.jpg"]},{"from":146,"to":176,"title":"Bronze Coin, Callatis, AD 146 - AD 176. 1957.52.193","image_urls":["http://numismatics.org/collectionimages/19501999/1957/1957.52.193.rev.width350.jpg"]},{"from":146,"to":176,"title":"Bronze Coin, Cibyra, AD 146 - AD 176. 1944.100.50337","image_urls":["http://numismatics.org/collectionimages/19001949/1944/1944.100.50337.rev.width350.jpg"]},{"from":146,"to":176,"title":"Bronze Coin, Amastris, AD 146 - AD 176. 1944.100.41515","image_urls":["http://numismatics.org/collectionimages/19001949/1944/1944.100.41515.rev.width350.jpg"]},{"from":146,"to":176,"title":"Bronze Coin, Hypaepa, AD 146 - AD 176. 1944.100.48963","image_urls":["http://numismatics.org/collectionimages/19001949/1944/1944.100.48963.rev.width350.jpg"]},{"from":146,"to":176,"title":"Bronze Coin, Selge, AD 146 - AD 176. 1944.100.52166","image_urls":["http://numismatics.org/collectionimages/19001949/1944/1944.100.52166.rev.width350.jpg"]},{"from":146,"to":147,"title":"Bronze Drachm of Antoninus Pius, Alexandreia, AD 146 - AD 147. 1944.100.60467","image_urls":["http://numismatics.org/collectionimages/19001949/1944/1944.100.60467.rev.width350.jpg"]},{"from":146,"to":176,"title":"Bronze Coin, Larissa, AD 146 - AD 176. 1944.100.17767","image_urls":["http://numismatics.org/collectionimages/19001949/1944/1944.100.17767.rev.width350.jpg"]},{"from":146,"to":147,"title":"Bronze Drachm of Marcus Aurelius, Alexandreia, AD 146 - AD 147. 1944.100.61204","image_urls":["http://numismatics.org/collectionimages/19001949/1944/1944.100.61204.rev.width350.jpg"]},{"from":146,"to":147,"title":"Bronze Diobol of Antoninus Pius, Alexandreia, AD 146 - AD 147. 1974.26.3686","image_urls":["http://numismatics.org/collectionimages/19501999/1974/1974.26.3686.rev.width350.jpg"]},{"from":146,"to":176,"title":"Bronze Coin, Tralles, AD 146 - AD 176. 1944.100.49799","image_urls":["http://numismatics.org/collectionimages/19001949/1944/1944.100.49799.rev.width350.jpg"]},{"from":146,"to":176,"title":"Bronze Coin, Amastris, AD 146 - AD 176. 1944.100.41518","image_urls":["http://numismatics.org/collectionimages/19001949/1944/1944.100.41518.rev.width350.jpg"]},{"from":146,"to":147,"title":"Bronze Drachm of Antoninus Pius, Alexandreia, AD 146 - AD 147. 1944.100.60455","image_urls":["http://numismatics.org/collectionimages/19001949/1944/1944.100.60455.rev.width350.jpg"]},{"from":146,"to":176,"title":"Bronze Coin, Bizya, AD 146 - AD 176. 1944.100.15575","image_urls":["http://numismatics.org/collectionimages/19001949/1944/1944.100.15575.rev.width350.jpg"]},{"from":146,"to":147,"title":"Bronze Drachm of Antoninus Pius, Alexandreia, AD 146 - AD 147. 1944.100.60446","image_urls":["http://numismatics.org/collectionimages/19001949/1944/1944.100.60446.rev.width350.jpg"]},{"from":146,"to":147,"title":"Bronze Drachm of Antoninus Pius, Alexandreia, AD 146 - AD 147. 1944.100.60437","image_urls":["http://numismatics.org/collectionimages/19001949/1944/1944.100.60437.rev.width350.jpg"]},{"from":146,"to":147,"title":"Bronze Obol of Antoninus Pius, Alexandreia, AD 146 - AD 147. 1944.100.60490","image_urls":["http://numismatics.org/collectionimages/19001949/1944/1944.100.60490.rev.width350.jpg"]},{"from":146,"to":147,"title":"Bronze Drachm of Antoninus Pius, Alexandreia, AD 146 - AD 147. 1944.100.60443","image_urls":["http://numismatics.org/collectionimages/19001949/1944/1944.100.60443.rev.width350.jpg"]},{"from":146,"to":176,"title":"Bronze Coin, Alinda, AD 146 - AD 176. 1974.226.79","image_urls":["http://numismatics.org/collectionimages/19501999/1974/1974.226.79.rev.width350.jpg"]},{"from":146,"to":147,"title":"Bronze Diobol of Antoninus Pius, Alexandreia, AD 146 - AD 147. 1973.56.815","image_urls":["http://numismatics.org/collectionimages/19501999/1973/1973.56.815.rev.width350.jpg"]},{"from":146,"to":147,"title":"Bronze Diobol of Antoninus Pius, Alexandreia, AD 146 - AD 147. 1944.100.60488","image_urls":["http://numismatics.org/collectionimages/19001949/1944/1944.100.60488.rev.width350.jpg"]},{"from":146,"to":176,"title":"Bronze Coin, Plotinopolis, AD 146 - AD 176. 1944.100.16444","image_urls":["http://numismatics.org/collectionimages/19001949/1944/1944.100.16444.rev.width350.jpg"]},{"from":146,"to":176,"title":"Bronze Coin, Tarsus, AD 146 - AD 176. 1973.191.141","image_urls":["http://numismatics.org/collectionimages/19501999/1973/1973.191.141.rev.width350.jpg"]},{"from":146,"to":147,"title":"Bronze Drachm of Antoninus Pius, Alexandreia, AD 146 - AD 147. 1944.100.60445","image_urls":["http://numismatics.org/collectionimages/19001949/1944/1944.100.60445.rev.width350.jpg"]},{"from":146,"to":147,"title":"Billon Tetradrachm of Antoninus Pius, Alexandreia, AD 146 - AD 147. 1974.26.3562","image_urls":["http://numismatics.org/collectionimages/19501999/1974/1974.26.3562.rev.width350.jpg"]},{"from":146,"to":176,"title":"Bronze Coin, Amastris, AD 146 - AD 176. 1944.100.41514","image_urls":["http://numismatics.org/collectionimages/19001949/1944/1944.100.41514.rev.width350.jpg"]},{"from":146,"to":147,"title":"Bronze Drachm of Antoninus Pius, Alexandreia, AD 146 - AD 147. 1944.100.60442","image_urls":["http://numismatics.org/collectionimages/19001949/1944/1944.100.60442.rev.width350.jpg"]},{"from":146,"to":176,"title":"Bronze Coin, Larissa, AD 146 - AD 176. 1944.100.17766","image_urls":["http://numismatics.org/collectionimages/19001949/1944/1944.100.17766.rev.width350.jpg"]},{"from":146,"to":147,"title":"Billon Tetradrachm of Antoninus Pius, Alexandreia, AD 146 - AD 147. 1944.100.58735","image_urls":["http://numismatics.org/collectionimages/19001949/1944/1944.100.58735.rev.width350.jpg"]},{"from":146,"to":176,"title":"Bronze Coin, Byzantium, AD 146 - AD 176. 1935.117.153","image_urls":["http://numismatics.org/collectionimages/19001949/1935/1935.117.153.rev.width350.jpg"]},{"from":146,"to":147,"title":"Bronze Drachm of Antoninus Pius, Alexandreia, AD 146 - AD 147. 1974.26.3679","image_urls":["http://numismatics.org/collectionimages/19501999/1974/1974.26.3679.rev.width350.jpg"]},{"from":146,"to":147,"title":"Bronze Drachm of Antoninus Pius, Alexandreia, AD 146 - AD 147. 1944.100.60468","image_urls":["http://numismatics.org/collectionimages/19001949/1944/1944.100.60468.rev.width350.jpg"]},{"from":146,"to":147,"title":"Bronze Chalkous of Antoninus Pius, Alexandreia, AD 146 - AD 147. 1944.100.61032","image_urls":["http://numismatics.org/collectionimages/19001949/1944/1944.100.61032.rev.width350.jpg"]},{"from":146,"to":147,"title":"Bronze Drachm of Antoninus Pius, Alexandreia, AD 146 - AD 147. 1944.100.61029","image_urls":["http://numismatics.org/collectionimages/19001949/1944/1944.100.61029.rev.width350.jpg"]}]