[{"from":147,"to":161,"title":"IOW-8A6A00: A coin issued by Faustina II under Antoninus Pius","image_urls":["https://finds.org.uk/images/fbasford/IOW2011-4-132.JPG"]},{"from":147,"to":217,"title":"WAW-F4D537: A coin issued by Uncertain - 1st-mid 3rd century","image_urls":["https://finds.org.uk/images/abolton/WAW-F4D537.jpg"]},{"from":147,"to":148,"title":"SWYOR-BD43D3: A coin issued by Constans","image_urls":["https://finds.org.uk/images/dcrowther/PAS_1124_43D3.jpg"]},{"from":147,"to":161,"title":"NARC-81DA68: A coin issued by Faustina II under Antoninus Pius","image_urls":["https://finds.org.uk/images/tbrindle/NARC-81DA68.jpg"]},{"from":147,"to":157,"title":"SWYOR-0B1E56: A coin issued by Antoninus Pius","image_urls":["https://finds.org.uk/images/wakefield/PAS_1131_1e56.jpg"]},{"from":147,"to":175,"title":"SUR-585966: A coin issued by Faustina II","image_urls":["https://finds.org.uk/images/dwilliams/08.746.JPG"]},{"from":147,"to":175,"title":"SF-717DD8: A coin issued by Faustina II","image_urls":["https://finds.org.uk/images/abrown/SDG_SF-717DD8.jpg"]},{"from":147,"to":161,"title":"NCL-ADC515: A coin issued by Faustina II","image_urls":["https://finds.org.uk/images/pwalton/1116.jpg"]},{"from":147,"to":175,"title":"IOW-EB81D5: A coin issued by Faustina II","image_urls":["https://finds.org.uk/images/fbasford/IOW2013-1-328.JPG"]},{"from":147,"to":147,"title":"SUSS-E9F134: A coin issued by Faustina the Elder","image_urls":["https://finds.org.uk/images/lwilson/1-99%20p.jpg"]},{"from":147,"to":161,"title":"NCL-BE2840: A coin issued by Faustina II","image_urls":["https://finds.org.uk/images/pwalton/1017.jpg"]},{"from":147,"to":175,"title":"CORN-1656F7: A coin issued by Faustina II","image_urls":["https://finds.org.uk/images/atyacke/May2013finds26.JPG"]},{"from":147,"to":175,"title":"CAM-C4B7D3: A coin issued by Faustina II","image_urls":["https://finds.org.uk/images/egill/CAM-C4B7D3.jpg"]},{"from":147,"to":175,"title":"HAMP-669738: A coin issued by Faustina II","image_urls":["https://finds.org.uk/images/khindshamp/HAMP-669738.jpg"]},{"from":147,"to":148,"title":"LEIC-F431B1: A coin issued by Antoninus Pius","image_urls":["https://finds.org.uk/images/wscott/DSCN0901.JPG"]},{"from":147,"to":175,"title":"LIN-0A31F5: A coin issued by Faustina II","image_urls":["https://finds.org.uk/images/adaubney/GL141.jpg"]},{"from":147,"to":161,"title":"YORYM-1C45D7: A coin issued by Faustina II under Antoninus Pius","image_urls":["https://finds.org.uk/images/yorkvol/MAS0114.jpg"]},{"from":147,"to":150,"title":"LIN-88E842: A coin issued by Faustina the Elder","image_urls":["https://finds.org.uk/images/adaubney/LW299.jpg"]},{"from":147,"to":161,"title":"DENO-8ACDE4: A coin issued by Faustina II","image_urls":["https://finds.org.uk/images/pdavidson/Sestertuis_faus_E6624.jpg"]},{"from":147,"to":175,"title":"LON-50E733: A coin issued by Faustina II","image_urls":["https://finds.org.uk/images/fwinkley/Davey%20-%20faustina%20-%20Nov%2009.jpg"]},{"from":147,"to":175,"title":"SUR-DFCB13: A coin issued by Faustina II","image_urls":["https://finds.org.uk/images/dwilliams/07.861.JPG"]},{"from":147,"to":175,"title":"GLO-6C35C0: A coin issued by Faustina II","image_urls":["https://finds.org.uk/images/kadams/GLO6C35C0.JPG"]},{"from":147,"to":270,"title":"LIN-084605: A coin issued by Faustina the Elder","image_urls":["https://finds.org.uk/images/adaubney/LIN7764.JPG"]},{"from":147,"to":175,"title":"KENT-A545D4: A coin issued by Faustina II","image_urls":["https://finds.org.uk/images/jjackson/KENT-A545D4.jpg"]},{"from":147,"to":175,"title":"YORYM-5909B5: A coin issued by Faustina II","image_urls":["https://finds.org.uk/images/law/MW0001.jpg"]},{"from":147,"to":175,"title":"BH-9823D6: A coin issued by Faustina II","image_urls":["https://finds.org.uk/images/jwatters/Roman_coin_14_36_4.jpg"]},{"from":147,"to":161,"title":"SUR-717BA1: A coin issued by Faustina II under Antoninus Pius","image_urls":["https://finds.org.uk/images/margaretb/08.1491.JPG"]},{"from":147,"to":161,"title":"HAMP-77EDC5: A coin issued by Faustina II under Antoninus Pius","image_urls":["https://finds.org.uk/images/rwebley/HAMP-77EDC5FaustinaIIas.jpg"]},{"from":147,"to":175,"title":"SUSS-A20CEC: A coin issued by Faustina II","image_urls":["https://finds.org.uk/images/stephaniesmith/SUSSA20CEC.jpg"]},{"from":147,"to":147,"title":"LEIC-2DE311: A coin issued by Faustina the Elder","image_urls":["https://finds.org.uk/images/wscott/2DE311.JPG"]},{"from":147,"to":175,"title":"ESS-5B0C93: A coin issued by Faustina II","image_urls":["https://finds.org.uk/images/cmcdonald/mcbride%20sestertius.jpg"]},{"from":147,"to":175,"title":"SUSS-A89783: A coin issued by Antonine Empress, uncertain, 138-185","image_urls":["https://finds.org.uk/images/lburnett/SUSS-A89783.jpg"]},{"from":147,"to":161,"title":"SUR-644F42: A coin issued by Faustina II under Antoninus Pius","image_urls":["https://finds.org.uk/images/margaretb/12-785.JPG"]},{"from":147,"to":175,"title":"SUR-C2E8F4: A coin issued by Faustina II","image_urls":["https://finds.org.uk/images/dwilliams/06.654b.JPG"]},{"from":147,"to":148,"title":"PUBLIC-9D1643: A coin issued by Antoninus Pius","image_urls":["https://finds.org.uk/images/strebor/Antoninus%20Pius%20denarius.jpg"]},{"from":147,"to":175,"title":"DOR-FA2F91: A coin issued by Faustina II","image_urls":["https://finds.org.uk/images/caht/FA2F91.jpg"]},{"from":147,"to":175,"title":"LIN-4EFA48: A coin issued by Faustina II","image_urls":["https://finds.org.uk/images/adaubney/LIN9857.jpg"]},{"from":147,"to":161,"title":"ESS-C01AC3: A coin issued by Faustina II under Antoninus Pius","image_urls":["https://finds.org.uk/images/cmcdonald/James%20pierced%20coin.jpg"]},{"from":147,"to":161,"title":"BH-164E91: A coin issued by Faustina II under Antoninus Pius","image_urls":["https://finds.org.uk/images/jwatters/Roman_coin_11_128_2.jpg"]},{"from":147,"to":175,"title":"WAW-0AE5C0: A coin issued by Faustina II","image_urls":["https://finds.org.uk/images/abolton/WAW-0AE5C0.jpg"]},{"from":147,"to":175,"title":"BH-177FF7: A coin issued by Faustina II under Antoninus Pius","image_urls":["https://finds.org.uk/images/jwatters/Roman_coin_11_124_19.jpg"]},{"from":147,"to":175,"title":"DOR-E64727: A coin issued by Faustina II","image_urls":["https://finds.org.uk/images/caht/E64727.jpg"]},{"from":147,"to":147,"title":"LIN-C5D553: A coin issued by Faustina the Elder","image_urls":["https://finds.org.uk/images/adaubney/LIN2013-988.jpg"]},{"from":147,"to":175,"title":"GLO-486B82: A coin issued by Faustina II","image_urls":["https://finds.org.uk/images/kadams/5922SestertiusofFaustinaII.jpg"]},{"from":147,"to":175,"title":"DEV-E085C4: A coin issued by Faustina II","image_urls":["https://finds.org.uk/images/ncorey/DEV-E085C4.jpg"]},{"from":147,"to":175,"title":"YORYM-7BFA46: A coin issued by Faustina II","image_urls":["https://finds.org.uk/images/bmorris/JBY0199.jpg"]},{"from":147,"to":148,"title":"CAM-598E05: A coin issued by Antoninus Pius","image_urls":["https://finds.org.uk/images/hfowler/CAM-598E05.jpg"]},{"from":147,"to":148,"title":"SF-631235: A coin issued by Antoninus Pius","image_urls":["https://finds.org.uk/images/abrown/MNL_SF-631235.jpg"]},{"from":147,"to":161,"title":"NARC-82E423: A coin issued by Faustina II under Antoninus Pius","image_urls":["https://finds.org.uk/images/rwebley/NARC-82E423denariusFaustinaIIobv.jpg"]},{"from":147,"to":191,"title":"NARC-601B67: A coin with an unrecorded/uncertain issuer.","image_urls":["https://finds.org.uk/images/jcassidy/601B67a.jpg"]},{"from":147,"to":161,"title":"FAPJW-6060D7: A coin issued by Faustina II","image_urls":["https://finds.org.uk/images/pwalton/7035.jpg"]},{"from":147,"to":161,"title":"KENT-023778: A coin issued by Faustina II under Antoninus Pius","image_urls":["https://finds.org.uk/images/sjburgess/KENT-023778.jpg"]},{"from":147,"to":161,"title":"SUSS-A20C42: A coin issued by Faustina II under Antoninus Pius","image_urls":["https://finds.org.uk/images/tclifford/1-184w.jpg"]},{"from":147,"to":157,"title":"SWYOR-1447F1: A coin issued by Antoninus Pius","image_urls":["https://finds.org.uk/images/acooper/PAS_761_Faustina.jpg"]},{"from":147,"to":180,"title":"WAW-AF8320: A coin issued by Antonine (uncertain)","image_urls":["https://finds.org.uk/images/abolton/WAW-AF8320.jpg"]},{"from":147,"to":161,"title":"HAMP-8E8BB2: A coin issued by Faustina II","image_urls":["https://finds.org.uk/images/khindshamp/HAMP-8E8BB2.jpg"]},{"from":147,"to":175,"title":"WILT-90E573: A coin issued by Faustina II","image_urls":["https://finds.org.uk/images/awillis/WILT-90E573.jpg"]},{"from":147,"to":147,"title":"LEIC-FBBA08: A coin issued by Faustina the Elder","image_urls":["https://finds.org.uk/images/wscott/FBBA08.JPG"]},{"from":147,"to":175,"title":"ESS-701B17: A coin issued by Faustina II","image_urls":["https://finds.org.uk/images/lmclean/ESS-701B17.jpg"]},{"from":147,"to":175,"title":"WMID-D72A21: A coin issued by Faustina II","image_urls":["https://finds.org.uk/images/tgilmore/WMID-D72A21.jpg"]},{"from":147,"to":148,"title":"NCL-EF0285: A coin issued by Antoninus Pius","image_urls":["https://finds.org.uk/images/pwalton/873.jpg"]},{"from":147,"to":175,"title":"BH-8BB61B: A coin issued by Faustina II","image_urls":["https://finds.org.uk/images/jwatters/Roman_coin_15_68_10.jpg"]},{"from":147,"to":147,"title":"SUSS-9ABCB0: A coin issued by Faustina the Elder","image_urls":["https://finds.org.uk/images/lburnett/SUSS-9ABCB0.JPG"]},{"from":147,"to":147,"title":"SUR-4AEC11: A coin issued by Faustina the Elder","image_urls":["https://finds.org.uk/images/dwilliams/B10.209.jpg"]},{"from":147,"to":148,"title":"BM-99DC98: A coin issued by Marcus Aurelius (as Caesar)","image_urls":["https://finds.org.uk/images/vdrost/BM_99DC98_R.JPG"]},{"from":147,"to":161,"title":"NCL-CBB7C6: A coin issued by Faustina II","image_urls":["https://finds.org.uk/images/pwalton/1434.jpg"]},{"from":147,"to":148,"title":"SF-E6EA12: A coin issued by Antoninus Pius","image_urls":["https://finds.org.uk/images/abrown/SUT_SF-E6EA12.jpg"]},{"from":147,"to":161,"title":"LIN-EDADB4: A coin issued by Faustina II","image_urls":["https://finds.org.uk/images/adaubney/LIN5148.JPG"]},{"from":147,"to":175,"title":"SUSS-D39C21: A coin issued by Faustina II","image_urls":["https://finds.org.uk/images/lburnett/SUSS-D39C21%20.JPG"]},{"from":147,"to":161,"title":"SUSS-417717: A coin issued by Faustina II under Antoninus Pius","image_urls":["https://finds.org.uk/images/04bowmant/pete%20sheffield%203%20%282%29.jpg"]},{"from":147,"to":161,"title":"NCL-C43738: A coin issued by Faustina II","image_urls":["https://finds.org.uk/images/pwalton/1135.jpg"]},{"from":147,"to":175,"title":"WILT-F05E78: A coin issued by Faustina II","image_urls":["https://finds.org.uk/images/jblake/Barrett0210faustina.jpg"]},{"from":147,"to":180,"title":"NCL-073D71: A coin issued by Antonine (uncertain)","image_urls":["https://finds.org.uk/images/pwalton/1069.jpg"]},{"from":147,"to":161,"title":"LVPL-848634: A coin issued by Faustina II under Antoninus Pius","image_urls":["https://finds.org.uk/images/fmcintosh/m.ridings%20sestertius-%20LVPL-848634.jpg"]},{"from":147,"to":175,"title":"SUSS-CE8E01: A coin issued by Faustina II","image_urls":["https://finds.org.uk/images/lburnett/suss-CE8E01.JPG"]},{"from":147,"to":147,"title":"LIN-9395E7: A coin issued by Faustina the Elder","image_urls":["https://finds.org.uk/images/adaubney/LIN2013-846.jpg"]},{"from":147,"to":175,"title":"WMID-CA82F2: A coin issued by Faustina II","image_urls":["https://finds.org.uk/images/dslarke/sest%20obv.jpg"]},{"from":147,"to":148,"title":"YORYM-0D4EC5: A coin issued by Antoninus Pius","image_urls":["https://finds.org.uk/images/ellie/DRH0027.jpg"]},{"from":147,"to":151,"title":"PUBLIC-7AFDA6: A coin issued by Antoninus Pius","image_urls":["https://finds.org.uk/images/calow1/FLE14.%20608.JPG"]},{"from":147,"to":161,"title":"NLM-530C57: A coin issued by Faustina the Elder","image_urls":["https://finds.org.uk/images/mforeman/NLM27452.jpg"]},{"from":147,"to":161,"title":"SOM-D312E4: A coin issued by Faustina II under Antoninus Pius","image_urls":["https://finds.org.uk/images/npayne/D312E4.JPG"]},{"from":147,"to":147,"title":"LEIC-8EB8D6: A coin issued by Faustina the Elder","image_urls":["https://finds.org.uk/images/wscott/8EB8D6%20.JPG"]},{"from":147,"to":161,"title":"YORYM-895586: A coin with an unrecorded/uncertain issuer.","image_urls":["https://finds.org.uk/images/law/coin0001.jpg"]},{"from":147,"to":175,"title":"SOMDOR-227171: A coin issued by Faustina II","image_urls":["https://finds.org.uk/images/caht/227171.jpg"]},{"from":147,"to":175,"title":"BUC-560874: A coin issued by Faustina II","image_urls":["https://finds.org.uk/images/lbuckley/Dscn8688.jpg"]},{"from":147,"to":161,"title":"GLO-FADF81: A coin issued by Faustina II","image_urls":["https://finds.org.uk/images/kadams/GLOFADF81.jpg"]},{"from":147,"to":161,"title":"LVPL-FE4E33: A coin issued by Faustina the Elder","image_urls":["https://finds.org.uk/images/fmcintosh/plated%20denarius.jpg"]},{"from":147,"to":161,"title":"WMID-8047B2: A coin issued by Faustina II under Antoninus Pius","image_urls":["https://finds.org.uk/images/cjohnson/WMID-8047B2.JPG"]},{"from":147,"to":175,"title":"GLO-71C6C7: A coin issued by Faustina II","image_urls":["https://finds.org.uk/images/kadams/5580SestertiusofFaustinaII.jpg"]},{"from":147,"to":161,"title":"NCL-2B5171: A coin issued by Faustina II","image_urls":["https://finds.org.uk/images/pwalton/1011.jpg"]},{"from":147,"to":147,"title":"SUR-F5E062: A coin issued by Antoninus Pius","image_urls":["https://finds.org.uk/images/dwilliams/06.851.JPG"]},{"from":147,"to":159,"title":"SWYOR-BC50B1: A coin issued by Faustina the Elder","image_urls":["https://finds.org.uk/images/acooper/PAS_1707_sestertius.jpg"]},{"from":147,"to":175,"title":"LEIC-DF62F3: A coin issued by Faustina II","image_urls":["https://finds.org.uk/images/wscott/DF62F3.JPG"]},{"from":147,"to":161,"title":"HAMP3006: A coin issued by Faustina II under Antoninus Pius","image_urls":["https://finds.org.uk/images/sworrell/hamp%203006.JPG"]},{"from":147,"to":148,"title":"WILT-B685CC: A coin issued by Antoninus Pius","image_urls":["https://finds.org.uk/images/jshoemark/WILTB685CC.jpg"]},{"from":147,"to":161,"title":"BH-E7CC03: A coin issued by Faustina II under Antoninus Pius","image_urls":["https://finds.org.uk/images/jwatters/Roman_coin_11_92.jpg"]},{"from":147,"to":175,"title":"GLO-510D95: A coin issued by Faustina II","image_urls":["https://finds.org.uk/images/kadams/DSC_0005copy.jpg"]},{"from":147,"to":176,"title":"LIN-3A8992: A coin issued by Faustina II","image_urls":["https://finds.org.uk/images/adaubney/LIN4795.JPG"]},{"from":147,"to":161,"title":"LEIC-98C106: A coin issued by Faustina II under Antoninus Pius","image_urls":["https://finds.org.uk/images/wscott/98C106.JPG"]},{"from":147,"to":175,"title":"WAW-69E2C3: A coin issued by Faustina II","image_urls":["https://finds.org.uk/images/rshenry/WAW-69E2C3.jpg"]},{"from":147,"to":175,"title":"SUR-4082D7: A coin issued by Faustina II","image_urls":["https://finds.org.uk/images/dwilliams/B14-773.JPG"]},{"from":147,"to":175,"title":"NLM-B5B5E5: A coin issued by Faustina II","image_urls":["https://finds.org.uk/images/lstaves/NLM12253.jpg"]},{"from":147,"to":175,"title":"SUR-449E51: A coin issued by Faustina II","image_urls":["https://finds.org.uk/images/dwilliams/08.1055.JPG"]},{"from":147,"to":161,"title":"CAM-784DC2: A coin issued by Faustina II under Antoninus Pius","image_urls":["https://finds.org.uk/images/pjw/CAM_784DC2.jpg"]},{"from":147,"to":175,"title":"SUSS-514625: A coin issued by Faustina II","image_urls":["https://finds.org.uk/images/lburnett/suss-514625.JPG"]},{"from":147,"to":175,"title":"LEIC-39AED7: A coin issued by Faustina II","image_urls":["https://finds.org.uk/images/MeredithLaing/LEIC-39AED7.jpg"]},{"from":147,"to":175,"title":"WAW-814444: A coin issued by Faustina II","image_urls":["https://finds.org.uk/images/kleahy2/062%20814444.jpg"]},{"from":147,"to":175,"title":"SUSS-E4B641: A coin issued by Faustina II","image_urls":["https://finds.org.uk/images/stephaniesmith/SUSS-E4B641FaustinaII.jpg"]},{"from":147,"to":161,"title":"DUR-5FDA61: A coin issued by Faustina the Elder","image_urls":["https://finds.org.uk/images/emorris/DUR-5FDA61.jpg"]},{"from":147,"to":161,"title":"NARC-75A025: A coin issued by Faustina II under Antoninus Pius","image_urls":["https://finds.org.uk/images/jcassidy/75a025%20a.jpg"]},{"from":147,"to":148,"title":"LANCUM-325007: A coin issued by Antoninus Pius","image_urls":["https://finds.org.uk/images/AlexIdris/mrc1.jpg"]},{"from":147,"to":161,"title":"FASW-1042A0: A coin issued by Faustina II under Antoninus Pius","image_urls":["https://finds.org.uk/images/sworrell/Jim%20D7.jpg"]},{"from":147,"to":175,"title":"SUSS-C037F4: A coin issued by Faustina II","image_urls":["https://finds.org.uk/images/lburnett/suss-C037F4.jpg"]},{"from":147,"to":148,"title":"NCL-615366: A coin issued by Antoninus Pius","image_urls":["https://finds.org.uk/images/pwalton/1104.jpg"]},{"from":147,"to":175,"title":"YORYM-3ED764: A coin issued by Faustina II","image_urls":["https://finds.org.uk/images/bmorris/DSY0252.jpg"]},{"from":147,"to":161,"title":"LANCUM-874966: A coin issued by Faustina II","image_urls":["https://finds.org.uk/images/dboughton/LANCUM874966.jpg"]},{"from":147,"to":148,"title":"ESS-6B6D94: A coin issued by Antoninus Pius","image_urls":["https://finds.org.uk/images/kmarsden/ESS-6B6D94.jpg"]},{"from":147,"to":175,"title":"WAW-790DB7: A coin issued by Faustina II","image_urls":["https://finds.org.uk/images/kleahy2/Claverdon%20790DB7.jpg"]},{"from":147,"to":180,"title":"NCL-A9EE64: A coin issued by Faustina II","image_urls":["https://finds.org.uk/images/pwalton/1086.jpg"]},{"from":147,"to":180,"title":"NCL-AAAC57: A coin issued by Antonine Empress, uncertain, 138-185","image_urls":["https://finds.org.uk/images/pwalton/629.jpg"]},{"from":147,"to":161,"title":"SUSS-72E706: A coin issued by Faustina the Elder","image_urls":["https://finds.org.uk/images/paulacohen/SUSS-72E706.jpg"]},{"from":147,"to":147,"title":"LVPL-B465C4: A coin issued by Faustina the Elder","image_urls":["https://finds.org.uk/images/voakden/LVPL-B465C4.jpg"]},{"from":147,"to":175,"title":"BUC-799B96: A coin issued by Faustina II","image_urls":["https://finds.org.uk/images/Helen Low/4DSCN7533.JPG"]},{"from":147,"to":175,"title":"NARC-11E6D0: A coin issued by Faustina II","image_urls":["https://finds.org.uk/images/tbrindle/Faustina%20sestertius.jpg"]},{"from":147,"to":147,"title":"LEIC-E5AB92: A coin issued by Antoninus Pius","image_urls":["https://finds.org.uk/images/wscott/E5AB92.JPG"]},{"from":147,"to":175,"title":"SUSS-E4FDE4: A coin issued by Faustina II","image_urls":["https://finds.org.uk/images/lburnett/SUSS-E4FDE4.JPG"]},{"from":147,"to":175,"title":"SUR-282FE3: A coin issued by Faustina II","image_urls":["https://finds.org.uk/images/dwilliams/B11-395.jpg"]},{"from":147,"to":151,"title":"LEIC-74F9F6: A coin issued by Antoninus Pius","image_urls":["https://finds.org.uk/images/philharding/CAd2367d.jpg"]},{"from":147,"to":147,"title":"LIN-DF6B66: A coin issued by Faustina the Elder","image_urls":["https://finds.org.uk/images/adaubney/LIN8448.JPG"]},{"from":147,"to":175,"title":"HAMP-DD6C54: A coin issued by Faustina II","image_urls":["https://finds.org.uk/images/rwebley/HAMP-DD6C54FaustinaIIsestertius.jpg"]},{"from":147,"to":175,"title":"SUR-D32A06: A coin issued by Faustina II","image_urls":["https://finds.org.uk/images/dwilliams/10.443.jpg"]},{"from":147,"to":148,"title":"ESS-181492: A coin issued by Antoninus Pius","image_urls":["https://finds.org.uk/images/cmcdonald/Spall%20denarius%20Ant%20pius%20ob.jpg"]},{"from":147,"to":175,"title":"SF-165F42: A coin issued by Faustina II","image_urls":["https://finds.org.uk/images/abrown/HCH_SF-165F42.jpg"]},{"from":147,"to":148,"title":"SF-B92355: A coin issued by Antoninus Pius","image_urls":["https://finds.org.uk/images/abrown/SPX_SF-B92355.jpg"]},{"from":147,"to":175,"title":"CAM-6B3651: A coin issued by Faustina II","image_urls":["https://finds.org.uk/images/hfowler/CAM-6B3651.jpg"]},{"from":147,"to":175,"title":"WILT-0BC385: A coin issued by Faustina II","image_urls":["https://finds.org.uk/images/rhenry2/WILT-0BC385.jpg"]},{"from":147,"to":175,"title":"CORN-BC88E7: A coin issued by Faustina II","image_urls":["https://finds.org.uk/images/atyacke/SCdupondiusobv.jpg"]},{"from":147,"to":175,"title":"LVPL-019113: A coin issued by Faustina II","image_urls":["https://finds.org.uk/images/voakden/LVPL-019113.jpg"]},{"from":147,"to":161,"title":"SWYOR-F5D986: A coin issued by Antoninus Pius","image_urls":["https://finds.org.uk/images/acooper/PAS_1355_denarius.jpg"]},{"from":147,"to":161,"title":"HAMP-18D937: A coin issued by Faustina II under Antoninus Pius","image_urls":["https://finds.org.uk/images/rwebley/HAMP-18D937FaustinaIIdupas.jpg"]},{"from":147,"to":161,"title":"SUR-5DB740: A coin issued by Faustina II under Antoninus Pius","image_urls":["https://finds.org.uk/images/margaretb/11-946.jpg"]},{"from":147,"to":175,"title":"NLM-A84568: A coin issued by Faustina II","image_urls":["https://finds.org.uk/images/mforeman/NLM14464.jpg"]},{"from":147,"to":148,"title":"BM-F43D84: A coin issued by Antoninus Pius","image_urls":["https://finds.org.uk/images/jasonlundock/5215.jpg"]},{"from":147,"to":148,"title":"CORN-F4A620: A coin issued by Antoninus Pius","image_urls":["https://finds.org.uk/images/atyacke/June2013finds32.JPG"]},{"from":147,"to":161,"title":"NCL-523656: A coin issued by Faustina II under Antoninus Pius","image_urls":["https://finds.org.uk/images/pwalton/NCL_523656.jpg"]},{"from":147,"to":175,"title":"HAMP-952DD4: A coin issued by Faustina II","image_urls":["https://finds.org.uk/images/rwebley/HAMP-952DD4FaustinaIIsestertius.jpg"]},{"from":147,"to":161,"title":"CORN-DC7103: A coin issued by Faustina II under Antoninus Pius","image_urls":["https://finds.org.uk/images/atyacke/FaustinaIIdupondiusobv.jpg"]},{"from":147,"to":169,"title":"YORYM-7E5753: A coin issued by Faustina II","image_urls":["https://finds.org.uk/images/bmorris/DE0200.jpg"]},{"from":147,"to":161,"title":"DOR-F012B5: A coin issued by Faustina II under Antoninus Pius","image_urls":["https://finds.org.uk/images/caht/F012B5.jpg"]},{"from":147,"to":175,"title":"SF-57575C: A coin issued by Faustina II","image_urls":["https://finds.org.uk/images/abrown/WMH_SF57575C.jpg"]},{"from":147,"to":147,"title":"LEIC-6125E2: A coin issued by Faustina the Elder","image_urls":["https://finds.org.uk/images/wscott/6125E2.JPG"]},{"from":147,"to":147,"title":"LIN-B89535: A coin issued by Antoninus Pius","image_urls":["https://finds.org.uk/images/adaubney/LIN5989.JPG"]},{"from":147,"to":157,"title":"SWYOR-D7A167: A coin issued by Faustina the Elder","image_urls":["https://finds.org.uk/images/mblevins/Doncaster_945_Coin8.jpg"]},{"from":147,"to":175,"title":"SOM-C18573: A coin issued by Faustina II","image_urls":["https://finds.org.uk/images/annab/SOM-C18573.jpg"]},{"from":147,"to":175,"title":"WILT-A86768: A coin issued by Faustina II","image_urls":["https://finds.org.uk/images/rhenry2/WILTA86768.jpg"]},{"from":147,"to":175,"title":"ESS-041523: A coin issued by Faustina II","image_urls":["https://finds.org.uk/images/cmcdonald/Scan%2042.jpg"]},{"from":147,"to":161,"title":"SUSS-025EB1: A coin issued by Faustina II under Antoninus Pius","image_urls":["https://finds.org.uk/images/lwilson/1-63%20r.jpg"]},{"from":147,"to":161,"title":"YORYM-1AFF07: A coin issued by Faustina II under Antoninus Pius","image_urls":["https://finds.org.uk/images/law/SS0248.jpg"]},{"from":147,"to":147,"title":"LVPL-32D094: A coin issued by Faustina the Elder","image_urls":["https://finds.org.uk/images/fmcintosh/LVPL-32D094-%20Faustina.jpg"]},{"from":147,"to":148,"title":"ESS-506375: A coin issued by Antoninus Pius","image_urls":["https://finds.org.uk/images/lmclean/ESS-506375.jpg"]},{"from":147,"to":161,"title":"SUR-DB9CB8: A coin issued by Faustina II under Antoninus Pius","image_urls":["https://finds.org.uk/images/dwilliams/04.595a.jpg"]},{"from":147,"to":161,"title":"NCL-C8B266: A coin issued by Faustina II under Antoninus Pius","image_urls":["https://finds.org.uk/images/dgumby/1436.jpg"]},{"from":147,"to":161,"title":"NLM-0D6366: A coin issued by Faustina the Elder","image_urls":["https://finds.org.uk/images/mforeman/NLM28504.jpg"]},{"from":147,"to":175,"title":"CAM-4F8EA1: A coin issued by Faustina II","image_urls":["https://finds.org.uk/images/pjw/CAM_4F8EA1.jpg"]},{"from":147,"to":161,"title":"NCL-B029F4: A coin issued by Faustina II under Antoninus Pius","image_urls":["https://finds.org.uk/images/rcollins/IMG_8224.jpg"]},{"from":147,"to":161,"title":"WAW-12EFB4: A coin issued by Faustina II under Antoninus Pius","image_urls":["https://finds.org.uk/images/rshenry/WAW-12EFB4.jpg"]},{"from":147,"to":175,"title":"WILT-EC82D6: A coin issued by Faustina II","image_urls":["https://finds.org.uk/images/khinds/Crisp1109Faustina.jpg"]},{"from":147,"to":175,"title":"HAMP-EF3DE4: A coin issued by Faustina II","image_urls":["https://finds.org.uk/images/khindshamp/HAMPEF3DE4.jpg"]},{"from":147,"to":148,"title":"SF-ABC1BD: A coin issued by Antoninus Pius","image_urls":["https://finds.org.uk/images/abrown/LYM_SF-ABC1BD.jpg"]},{"from":147,"to":161,"title":"IOW-2B6866: A coin issued by Faustina II","image_urls":["https://finds.org.uk/images/fbasford/IOW2012-2-50.JPG"]},{"from":147,"to":175,"title":"WILT-191AEE: A coin issued by Faustina II","image_urls":["https://finds.org.uk/images/kiwidigger/Romanunknown16Aug2015obverse.JPG"]},{"from":147,"to":175,"title":"NARC-93F4F9: A coin issued by Faustina II","image_urls":["https://finds.org.uk/images/jcassidy/NARC-93F4F9b.jpg"]},{"from":147,"to":175,"title":"HAMP-41F2B6: A coin issued by Faustina II","image_urls":["https://finds.org.uk/images/jmccrohan/Hamp%2041F2B6.tif"]},{"from":147,"to":161,"title":"LEIC-7A9A20: A coin issued by Faustina II under Antoninus Pius","image_urls":["https://finds.org.uk/images/leicvol/LEIC-7A9A20.JPG"]},{"from":147,"to":156,"title":"WMID-4DA71A: A coin issued by Antoninus Pius","image_urls":["https://finds.org.uk/images/tgilmore/WMID-4DA71A.jpg"]},{"from":147,"to":157,"title":"KENT-320A67: A coin issued by Faustina the Elder","image_urls":["https://finds.org.uk/images/karend1/KENT-320A67.jpg"]},{"from":147,"to":147,"title":"IOW-E794A1: A coin issued by Faustina the Elder","image_urls":["https://finds.org.uk/images/fbasford/IOW2004-108-4o%26r.jpeg"]},{"from":147,"to":161,"title":"WAW-C503D1: A coin issued by Antoninus Pius","image_urls":["https://finds.org.uk/images/abolton/WAW-C503D1.jpg"]},{"from":147,"to":175,"title":"SUSS-E5D8C4: A coin issued by Lucilla","image_urls":["https://finds.org.uk/images/lburnett/SUSS-E5D8C4.jpg"]},{"from":147,"to":161,"title":"BUC-5CD0D2: A coin issued by Faustina II","image_urls":["https://finds.org.uk/images/jmoss/3DSCN2702.JPG"]},{"from":147,"to":175,"title":"GLO-7BFD70: A coin issued by Faustina II","image_urls":["https://finds.org.uk/images/kadams/5240.jpg"]},{"from":147,"to":148,"title":"NMS-0A6B94: A coin issued by Antoninus Pius","image_urls":["https://finds.org.uk/images/amarsden/KLMD052013antpiusdenarius.jpg"]},{"from":147,"to":175,"title":"NLM-BE8B01: A coin issued by Faustina II under Antoninus Pius","image_urls":["https://finds.org.uk/images/mforeman/NLM25711.jpg"]},{"from":147,"to":148,"title":"ESS-C70DA3: A coin issued by Marcus Aurelius (as Caesar)","image_urls":["https://finds.org.uk/images/cmcdonald/heyes%20MAurelus%20denarius.jpg"]},{"from":147,"to":161,"title":"FAPJW-60EAC0: A coin issued by Faustina II under Antoninus Pius","image_urls":["https://finds.org.uk/images/pwalton/7034.jpg"]},{"from":147,"to":161,"title":"SF-C73B66: A coin issued by Faustina II under Antoninus Pius","image_urls":["https://finds.org.uk/images/fminter/WMH005SF-C73B66.JPG"]},{"from":147,"to":148,"title":"ESS-70F50C: A coin issued by Antoninus Pius","image_urls":["https://finds.org.uk/images/kmarsden/ESS-70F50C.jpg"]},{"from":147,"to":161,"title":"SUSS-D335F5: A coin issued by Faustina II under Antoninus Pius","image_urls":["https://finds.org.uk/images/corbie01/SUSS-D335F5DupFaustinaII.jpg"]},{"from":147,"to":161,"title":"DEV-029431: A coin issued by Faustina II under Antoninus Pius","image_urls":["https://finds.org.uk/images/dwootton/dev029431.jpg"]},{"from":147,"to":161,"title":"HAMP-B25302: A coin issued by Faustina II under Antoninus Pius","image_urls":["https://finds.org.uk/images/rwebley/HAMP-B25302FaustinaIIsestertius.jpg"]},{"from":147,"to":147,"title":"SUR-9589BD: A coin issued by Faustina the Elder","image_urls":["https://finds.org.uk/images/dwilliams/B14-758.JPG"]},{"from":147,"to":180,"title":"LANCUM-349813: A coin issued by Faustina II","image_urls":["https://finds.org.uk/images/dboughton/IrthingtonRallyRomanCoinFaustinaJuniorSestertius1Merge.jpg"]},{"from":147,"to":150,"title":"LEIC-9978DC: A coin issued by Faustina II under Antoninus Pius","image_urls":["https://finds.org.uk/images/philharding/CAD2555c.jpg"]},{"from":147,"to":147,"title":"ESS-F76D75: A coin issued by Marcus Aurelius (as Caesar)","image_urls":["https://finds.org.uk/images/cmcdonald/Lumsden%20Marcus%20Aurelius.jpg"]},{"from":147,"to":175,"title":"WAW-04DD40: A coin issued by Faustina II","image_urls":["https://finds.org.uk/images/abolton/WAW-04DD40.jpg"]},{"from":147,"to":175,"title":"SUR-4C3B67: A coin issued by Faustina II","image_urls":["https://finds.org.uk/images/dwilliams/08.173.JPG"]},{"from":147,"to":160,"title":"LEIC-261C20: A coin issued by Faustina the Elder","image_urls":["https://finds.org.uk/images/wscott/261C20.JPG"]},{"from":147,"to":161,"title":"LEIC-D1C542: A coin issued by Faustina II under Antoninus Pius","image_urls":["https://finds.org.uk/images/wscott/D1C542.JPG"]},{"from":147,"to":147,"title":"SWYOR-017458: A coin issued by Faustina the Elder","image_urls":["https://finds.org.uk/images/acooper/b3%20coin%204.jpg"]},{"from":147,"to":175,"title":"LEIC-F051F2: A coin issued by Faustina II","image_urls":["https://finds.org.uk/images/wscott/F051F2.JPG"]},{"from":147,"to":161,"title":"LEIC-9848A1: A coin issued by Faustina II under Antoninus Pius","image_urls":["https://finds.org.uk/images/wscott/9848A1%20.JPG"]},{"from":147,"to":175,"title":"BH-4D1972: A coin issued by Faustina II","image_urls":["https://finds.org.uk/images/jwatters/Roman_coin_13_33_15.jpg"]},{"from":147,"to":175,"title":"SUR-4ADE33: A coin issued by Faustina II","image_urls":["https://finds.org.uk/images/dwilliams/B10.208.jpg"]},{"from":147,"to":175,"title":"ESS-0FD5E1: A coin issued by Faustina II","image_urls":["https://finds.org.uk/images/cmcdonald/Smith%20october%20faustina%20ob.jpg"]},{"from":147,"to":175,"title":"SUSS-A6CE73: A coin issued by Faustina II","image_urls":["https://finds.org.uk/images/lburnett/SUSS-A6CE73.JPG"]},{"from":147,"to":161,"title":"HAMP-777AB1: A coin issued by Faustina II under Antoninus Pius","image_urls":["https://finds.org.uk/images/ljellis/HAMP-777AB1FaustinaIIdenarius.jpg"]},{"from":147,"to":161,"title":"NCL-527EC4: A coin issued by Faustina II under Antoninus Pius","image_urls":["https://finds.org.uk/images/pwalton/679.jpg"]},{"from":147,"to":161,"title":"GLO-FBF3D3: A coin issued by Faustina II under Antoninus Pius","image_urls":["https://finds.org.uk/images/kadams/182%20Roman%20coin%2C%20face.JPG"]},{"from":147,"to":175,"title":"LANCUM-34F8E5: A coin issued by Faustina II","image_urls":["https://finds.org.uk/images/dboughton/IrthingtonRallyprobLucilla1Merge.jpg"]},{"from":147,"to":175,"title":"WILT-903643: A coin issued by Faustina II","image_urls":["https://finds.org.uk/images/awillis/WILT-903643.jpg"]},{"from":147,"to":159,"title":"SWYOR-BBB6B1: A coin issued by Faustina the Elder","image_urls":["https://finds.org.uk/images/acooper/PAS_1707_denarius.jpg"]},{"from":147,"to":161,"title":"LANCUM-7258A6: A coin issued by Faustina II under Antoninus Pius","image_urls":["https://finds.org.uk/images/dboughton/LANCUM7258A6.jpg"]},{"from":147,"to":161,"title":"DOR-0AD4D7: A coin issued by Faustina II","image_urls":["https://finds.org.uk/images/caht/0AD4D7.jpg"]},{"from":147,"to":175,"title":"HAMP-FB77D3: A coin issued by Faustina II","image_urls":["https://finds.org.uk/images/rwebley/HAMP-FB77D3FaustinaIIsestertius.jpg"]},{"from":147,"to":175,"title":"SUSS-1EC596: A coin issued by Faustina II","image_urls":["https://finds.org.uk/images/stephaniesmith/SUSS-1EC596.jpg"]},{"from":147,"to":147,"title":"HAMP-B224E3: A coin issued by Faustina the Elder","image_urls":["https://finds.org.uk/images/kcreed/HAMP-B224E3FaustinaIdenarius.jpg"]},{"from":147,"to":161,"title":"SUR-C977E2: A coin issued by Faustina II under Antoninus Pius","image_urls":["https://finds.org.uk/images/dwilliams/10.624.JPG"]},{"from":147,"to":161,"title":"SUR-25F816: A coin issued by Faustina the Elder","image_urls":["https://finds.org.uk/images/margaretb/12-1355.JPG"]},{"from":147,"to":161,"title":"HESH-806295: A coin issued by Faustina II under Antoninus Pius","image_urls":["https://finds.org.uk/images/preavill/HESH-806295.jpg"]},{"from":147,"to":175,"title":"DUR-D09685: A coin issued by Faustina II","image_urls":["https://finds.org.uk/images/frances/DUR-D09685.jpg"]},{"from":147,"to":175,"title":"SUR-6B9983: A coin issued by Faustina II","image_urls":["https://finds.org.uk/images/dwilliams/08.825.JPG"]},{"from":147,"to":161,"title":"LANCUM-AAC531: A coin issued by Faustina II under Antoninus Pius","image_urls":["https://finds.org.uk/images/dboughton/SRMGR_AAC531.jpg"]},{"from":147,"to":161,"title":"SUSS-578978: A coin issued by Faustina the Elder","image_urls":["https://finds.org.uk/images/lburnett/SUSS-578978.JPG"]},{"from":147,"to":161,"title":"HAMP-F43FD7: A coin issued by Faustina II under Antoninus Pius","image_urls":["https://finds.org.uk/images/rwebley/HAMP-F43FD7FaustinaIIdupas.jpg"]},{"from":147,"to":157,"title":"LVPL-B42344: A coin issued by Faustina the Elder","image_urls":["https://finds.org.uk/images/voakden/LVPL-B42344.jpg"]},{"from":147,"to":161,"title":"DENO-8AE298: A coin issued by Faustina II under Antoninus Pius","image_urls":["https://finds.org.uk/images/ratherton/E5375%20as.jpg"]},{"from":147,"to":175,"title":"LANCUM-2CA344: A coin issued by Faustina II","image_urls":["https://finds.org.uk/images/dboughton/LVCrooklandsRomanCoin1ab.jpg"]},{"from":147,"to":161,"title":"HAMP-B11193: A coin issued by Faustina II under Antoninus Pius","image_urls":["https://finds.org.uk/images/rwebley/HAMP-B11193FaustinaIIsestertius.jpg"]},{"from":147,"to":147,"title":"SUSS-072E16: A coin issued by Faustina the Elder","image_urls":["https://finds.org.uk/images/lwilson/1-200q.jpg"]},{"from":147,"to":161,"title":"LEIC-9AC7B4: A coin issued by Faustina II under Antoninus Pius","image_urls":["https://finds.org.uk/images/wscott/988341.JPG"]},{"from":147,"to":161,"title":"WAW-3170E7: A coin issued by Faustina II under Antoninus Pius","image_urls":["https://finds.org.uk/images/abolton/WAW-3170E7.jpg"]},{"from":147,"to":175,"title":"SOMDOR-4C4064: A coin issued by Faustina II","image_urls":["https://finds.org.uk/images/caht/SOMDOR4C4064obv.jpg"]},{"from":147,"to":161,"title":"DEV-CDA7D7: A coin issued by Faustina II under Antoninus Pius","image_urls":["https://finds.org.uk/images/dwootton/DEV-CDA7D7-R64%20COMPLETED.jpg"]},{"from":147,"to":161,"title":"LEIC-8ECD01: A coin issued by Faustina II under Antoninus Pius","image_urls":["https://finds.org.uk/images/wscott/8ECD01.JPG"]},{"from":147,"to":161,"title":"PUBLIC-52FDF6: A coin issued by Faustina the Elder","image_urls":["https://finds.org.uk/images/ikb1/PAS%20Faustina%201.jpg"]},{"from":147,"to":175,"title":"BERK-F23305: A coin issued by Faustina II","image_urls":["https://finds.org.uk/images/abyard/2010493.jpg"]},{"from":147,"to":175,"title":"WILT-172229: A coin issued by Faustina II","image_urls":["https://finds.org.uk/images/rhenry2/WILT172229.jpg"]},{"from":147,"to":157,"title":"SWYOR-272836: A coin issued by Faustina the Elder","image_urls":["https://finds.org.uk/images/dcrowther/PAS_111_272836.jpg"]},{"from":147,"to":185,"title":"IOW-24ED20: A coin with an unrecorded/uncertain issuer.","image_urls":["https://finds.org.uk/images/fbasford/IOW2011-1-550.JPG"]},{"from":147,"to":175,"title":"SUSS-9AD7D3: A coin issued by Faustina II","image_urls":["https://finds.org.uk/images/jjackson/suss-9AD703.jpg"]},{"from":147,"to":161,"title":"NCL-C14123: A coin issued by Faustina II","image_urls":["https://finds.org.uk/images/pwalton/1160.jpg"]},{"from":147,"to":161,"title":"LIN-B52741: A coin issued by Faustina II under Antoninus Pius","image_urls":["https://finds.org.uk/images/adaubney/GL52.jpg"]},{"from":147,"to":161,"title":"GLO-11F210: A coin issued by Faustina II under Antoninus Pius","image_urls":["https://finds.org.uk/images/kadams/3290%20Sestertius%20of%20Faustina%20II.jpg"]},{"from":147,"to":175,"title":"LIN-208D65: A coin issued by Faustina II","image_urls":["https://finds.org.uk/images/adaubney/LIN859.JPG"]},{"from":147,"to":161,"title":"YORYM-7E1EE4: A coin issued by Faustina II under Antoninus Pius","image_urls":["https://finds.org.uk/images/bmorris/SF0001.jpg"]},{"from":147,"to":149,"title":"NCL-746251: A coin issued by Antoninus Pius","image_urls":["https://finds.org.uk/images/pwalton/713.jpg"]},{"from":147,"to":175,"title":"WAW-FA61B1: A coin issued by Faustina II","image_urls":["https://finds.org.uk/images/abolton/WAW-FA61B1.jpg"]},{"from":147,"to":161,"title":"LIN-A38832: A coin issued by Faustina II under Antoninus Pius","image_urls":["https://finds.org.uk/images/adaubney/LIN5479.JPG"]},{"from":147,"to":161,"title":"LVPL-B4A1D7: A coin issued by Antoninus Pius","image_urls":["https://finds.org.uk/images/fmcintosh/faustina%20denarius.jpg"]},{"from":147,"to":161,"title":"LEIC-B76EB0: A coin issued by Faustina II under Antoninus Pius","image_urls":["https://finds.org.uk/images/wscott/B76EB0a.jpg"]},{"from":147,"to":147,"title":"LIN-C5C195: A coin issued by Faustina the Elder","image_urls":["https://finds.org.uk/images/adaubney/LIN2013-989.jpg"]},{"from":147,"to":161,"title":"BM-73A690: A coin issued by Faustina II under Antoninus Pius","image_urls":["https://finds.org.uk/images/jasonlundock/910a.jpg"]},{"from":147,"to":161,"title":"KENT-1C4953: A coin issued by Faustina II under Antoninus Pius","image_urls":["https://finds.org.uk/images/lmclean/KENT-1C4953.jpg"]},{"from":147,"to":175,"title":"IOW-567196: A coin issued by Faustina II","image_urls":["https://finds.org.uk/images/fbasford/IOW2010-2-134.JPG"]},{"from":147,"to":175,"title":"LEIC-D61357: A coin issued by Faustina II under Antoninus Pius","image_urls":["https://finds.org.uk/images/MeredithLaing/LEIC-D61357.jpg"]},{"from":147,"to":175,"title":"BH-44FDE1: A coin issued by Faustina II","image_urls":["https://finds.org.uk/images/jwatters/Roman_coin_11_141.jpg"]},{"from":147,"to":175,"title":"SUR-EEB098: A coin issued by Faustina II","image_urls":["https://finds.org.uk/images/dwilliams/04.174a.jpg"]},{"from":147,"to":147,"title":"LVPL-81EE43: A coin issued by Faustina II","image_urls":["https://finds.org.uk/images/voakden/LVPL-81EE43.jpg"]},{"from":147,"to":175,"title":"SUR-CEE9C5: A coin issued by Faustina II","image_urls":["https://finds.org.uk/images/dwilliams/B13-439.JPG"]},{"from":147,"to":175,"title":"BUC-C546C6: A coin issued by Faustina II","image_urls":["https://finds.org.uk/images/rtyrrell/Dscn4297.jpg"]},{"from":147,"to":175,"title":"WMID-00E9E2: A coin issued by Faustina II","image_urls":["https://finds.org.uk/images/cjohnson/WMID-00E9E2.JPG"]},{"from":147,"to":161,"title":"BUC-CB7D51: A coin issued by Faustina II under Antoninus Pius","image_urls":["https://finds.org.uk/images/jmoss/TC59.jpg"]},{"from":147,"to":161,"title":"NLM-C2D371: A coin issued by Faustina II under Antoninus Pius","image_urls":["https://finds.org.uk/images/mforeman/NLM16158.jpg"]},{"from":147,"to":175,"title":"KENT-0EB9B8: A coin with an unrecorded/uncertain issuer.","image_urls":["https://finds.org.uk/images/jjackson/KENT-0EB9B8.jpg"]},{"from":147,"to":175,"title":"BH-F24717: A coin issued by Faustina II","image_urls":["https://finds.org.uk/images/jwatters/Roman%20coin%2009%20162%20-%206.jpg"]},{"from":147,"to":175,"title":"NCL-91DE84: A coin issued by Faustina II","image_urls":["https://finds.org.uk/images/pwalton/4598.jpg"]},{"from":147,"to":161,"title":"LEIC-8E94E6: A coin issued by Faustina II under Antoninus Pius","image_urls":["https://finds.org.uk/images/rebecca/LEIC-8E94E6.JPG"]},{"from":147,"to":192,"title":"WAW-A7DD64: A coin issued by Faustina II","image_urls":["https://finds.org.uk/images/abolton/WAW-A7DD64.JPG"]},{"from":147,"to":148,"title":"Gold Aureus of Antoninus Pius, Rome, AD 147 - AD 148. 1973.16.1","image_urls":["http://numismatics.org/collectionimages/19501999/1973/1973.16.1.rev.width350.jpg"]},{"from":147,"to":148,"title":"Bronze Dichalkon of Antoninus Pius, Alexandreia, AD 147 - AD 148. 1973.56.822","image_urls":["http://numismatics.org/collectionimages/19501999/1973/1973.56.822.rev.width350.jpg"]},{"from":147,"to":191,"title":"Silver Drachm, Ecbatana, AD 147 - AD 191. 1944.100.83465","image_urls":["http://numismatics.org/collectionimages/19001949/1944/1944.100.83465.rev.width350.jpg"]},{"from":147,"to":148,"title":"Billon Tetradrachm of Antoninus Pius, Alexandreia, AD 147 - AD 148. 1944.100.58764","image_urls":["http://numismatics.org/collectionimages/19001949/1944/1944.100.58764.rev.width350.jpg"]},{"from":147,"to":191,"title":"Silver Drachm, Ecbatana, AD 147 - AD 191. 0000.999.75703","image_urls":["http://numismatics.org/collectionimages/00001899/0000/0000.999.75703.rev.width350.jpg"]},{"from":147,"to":148,"title":"RIC III Antoninus Pius 853A. 0000.999.20758","image_urls":["http://numismatics.org/collectionimages/00001899/0000/0000.999.20758.rev.width350.jpg"]},{"from":147,"to":191,"title":"Bronze Coin, Ecbatana, AD 147 - AD 191. 1944.100.83480","image_urls":["http://numismatics.org/collectionimages/19001949/1944/1944.100.83480.rev.width350.jpg"]},{"from":147,"to":148,"title":"RIC III Antoninus Pius 847. 1947.2.475","image_urls":["http://numismatics.org/collectionimages/19001949/1947/1947.2.475.rev.width350.jpg"]},{"from":147,"to":191,"title":"Bronze Coin, Seleuceia ad Tigrim, AD 147 - AD 191. 1944.100.83474","image_urls":["http://numismatics.org/collectionimages/19001949/1944/1944.100.83474.rev.width350.jpg"]},{"from":147,"to":191,"title":"Silver Drachm, Ecbatana, AD 147 - AD 191. 1944.100.83468","image_urls":["http://numismatics.org/collectionimages/19001949/1944/1944.100.83468.rev.width350.jpg"]},{"from":147,"to":148,"title":"Bronze Hemidrachm of Antoninus Pius, Alexandreia, AD 147 - AD 148. 1944.100.60492","image_urls":["http://numismatics.org/collectionimages/19001949/1944/1944.100.60492.rev.width350.jpg"]},{"from":147,"to":148,"title":"Bronze Drachm of Antoninus Pius, Alexandreia, AD 147 - AD 148. 1944.100.60494","image_urls":["http://numismatics.org/collectionimages/19001949/1944/1944.100.60494.rev.width350.jpg"]},{"from":147,"to":148,"title":"RIC III Antoninus Pius 1271B (dupondius). 1944.100.49041","image_urls":["http://numismatics.org/collectionimages/19001949/1944/1944.100.49041.rev.width350.jpg"]},{"from":147,"to":191,"title":"Silver Drachm, Ecbatana, AD 147 - AD 191. 1944.100.83462","image_urls":["http://numismatics.org/collectionimages/19001949/1944/1944.100.83462.rev.width350.jpg"]},{"from":147,"to":148,"title":"RIC III Antoninus Pius 166. 1956.127.406","image_urls":["http://numismatics.org/collectionimages/19501999/1956/1956.127.406.rev.width350.jpg"]},{"from":147,"to":191,"title":"Bronze Coin, Ecbatana, AD 147 - AD 191. 1944.100.83483","image_urls":["http://numismatics.org/collectionimages/19001949/1944/1944.100.83483.rev.width350.jpg"]},{"from":147,"to":148,"title":"RIC III Antoninus Pius 438B. 1948.19.1301","image_urls":["http://numismatics.org/collectionimages/19001949/1948/1948.19.1301.rev.width350.jpg"]},{"from":147,"to":148,"title":"Bronze Drachm, Alexandreia, AD 147 - AD 148. 1973.56.921","image_urls":["http://numismatics.org/collectionimages/19501999/1973/1973.56.921.rev.width350.jpg"]},{"from":147,"to":148,"title":"RIC III Antoninus Pius 167 (denarius). 1956.127.1859","image_urls":["http://numismatics.org/collectionimages/19501999/1956/1956.127.1859.rev.width350.jpg"]},{"from":147,"to":191,"title":"Silver Drachm, Ecbatana, AD 147 - AD 191. 1944.100.83467","image_urls":["http://numismatics.org/collectionimages/19001949/1944/1944.100.83467.rev.width350.jpg"]},{"from":147,"to":148,"title":"RIC III Antoninus Pius 840. 2000.5.25","image_urls":["http://numismatics.org/collectionimages/20002049/2000/2000.5.25.rev.width350.jpg"]},{"from":147,"to":148,"title":"Bronze Diobol of Antoninus Pius, Alexandreia, AD 147 - AD 148. 1944.100.60529","image_urls":["http://numismatics.org/collectionimages/19001949/1944/1944.100.60529.rev.width350.jpg"]},{"from":147,"to":191,"title":"Silver Drachm, Ecbatana, AD 147 - AD 191. 1977.158.806","image_urls":["http://numismatics.org/collectionimages/19501999/1977/1977.158.806.rev.width350.jpg"]},{"from":147,"to":148,"title":"RIC III Antoninus Pius 162. 1956.127.403","image_urls":["http://numismatics.org/collectionimages/19501999/1956/1956.127.403.rev.width350.jpg"]},{"from":147,"to":148,"title":"RIC III Antoninus Pius 172. 1944.100.48148","image_urls":["http://numismatics.org/collectionimages/19001949/1944/1944.100.48148.rev.width350.jpg"]},{"from":147,"to":191,"title":"Silver Drachm, Ecbatana, AD 147 - AD 191. 1993.45.12","image_urls":["http://numismatics.org/collectionimages/19501999/1993/1993.45.12.rev.width350.jpg"]},{"from":147,"to":148,"title":"Gold Aureus of Antoninus Pius, Rome, AD 147 - AD 148. 1956.184.43","image_urls":["http://numismatics.org/collectionimages/19501999/1956/1956.184.43.rev.width350.jpg"]},{"from":147,"to":148,"title":"RIC III Antoninus Pius 171A (denarius). 1935.117.416","image_urls":["http://numismatics.org/collectionimages/19001949/1935/1935.117.416.rev.width350.jpg"]},{"from":147,"to":191,"title":"Bronze Coin, Seleuceia ad Tigrim, AD 147 - AD 191. 1973.56.1710","image_urls":["http://numismatics.org/collectionimages/19501999/1973/1973.56.1710.rev.width350.jpg"]},{"from":147,"to":191,"title":"Bronze Coin, Seleuceia ad Tigrim, AD 147 - AD 191. 1944.100.83471","image_urls":["http://numismatics.org/collectionimages/19001949/1944/1944.100.83471.rev.width350.jpg"]},{"from":147,"to":148,"title":"Bronze Drachm of Antoninus Pius, Alexandreia, AD 147 - AD 148. 1944.100.60501","image_urls":["http://numismatics.org/collectionimages/19001949/1944/1944.100.60501.rev.width350.jpg"]},{"from":147,"to":191,"title":"Bronze Coin, Ecbatana, AD 147 - AD 191. 1944.100.83479","image_urls":["http://numismatics.org/collectionimages/19001949/1944/1944.100.83479.rev.width350.jpg"]},{"from":147,"to":148,"title":"RIC III Antoninus Pius 438A (denarius). 1956.127.747","image_urls":["http://numismatics.org/collectionimages/19501999/1956/1956.127.747.rev.width350.jpg"]},{"from":147,"to":191,"title":"Bronze Coin, Seleuceia ad Tigrim, AD 147 - AD 191. 1944.100.83470","image_urls":["http://numismatics.org/collectionimages/19001949/1944/1944.100.83470.rev.width350.jpg"]},{"from":147,"to":148,"title":"Bronze Drachm of Antoninus Pius, Alexandreia, AD 147 - AD 148. 1944.100.60507","image_urls":["http://numismatics.org/collectionimages/19001949/1944/1944.100.60507.rev.width350.jpg"]},{"from":147,"to":191,"title":"Bronze Coin, Ecbatana, AD 147 - AD 191. 1944.100.83481","image_urls":["http://numismatics.org/collectionimages/19001949/1944/1944.100.83481.rev.width350.jpg"]},{"from":147,"to":191,"title":"Bronze Coin, Seleuceia ad Tigrim, AD 147 - AD 191. 1973.56.1709","image_urls":["http://numismatics.org/collectionimages/19501999/1973/1973.56.1709.rev.width350.jpg"]},{"from":147,"to":148,"title":"RIC III Antoninus Pius 172. 1994.59.4","image_urls":["http://numismatics.org/collectionimages/19501999/1994/1994.59.4.rev.width350.jpg"]},{"from":147,"to":148,"title":"RIC III Antoninus Pius 440C. 1956.184.53","image_urls":["http://numismatics.org/collectionimages/19501999/1956/1956.184.53.rev.width350.jpg"]},{"from":147,"to":191,"title":"Silver Drachm, Ecbatana, AD 147 - AD 191. 1944.100.83463","image_urls":["http://numismatics.org/collectionimages/19001949/1944/1944.100.83463.rev.width350.jpg"]},{"from":147,"to":148,"title":"RIC III Antoninus Pius 162. 1911.23.203","image_urls":["http://numismatics.org/collectionimages/19001949/1911/1911.23.203.rev.width350.jpg"]},{"from":147,"to":148,"title":"RIC III Antoninus Pius 167 (denarius). 1956.127.405","image_urls":["http://numismatics.org/collectionimages/19501999/1956/1956.127.405.rev.width350.jpg"]},{"from":147,"to":148,"title":"Bronze Drachm of Antoninus Pius, Alexandreia, AD 147 - AD 148. 1944.100.60524","image_urls":["http://numismatics.org/collectionimages/19001949/1944/1944.100.60524.rev.width350.jpg"]},{"from":147,"to":148,"title":"RIC III Antoninus Pius 171A (aureus). 1954.256.18","image_urls":["http://numismatics.org/collectionimages/19501999/1954/1954.256.18.rev.width350.jpg"]},{"from":147,"to":191,"title":"Bronze Chalkous, Ecbatana, AD 147 - AD 191. 1991.3.56","image_urls":["http://numismatics.org/collectionimages/19501999/1991/1991.3.56.rev.width350.jpg"]},{"from":147,"to":148,"title":"Bronze Drachm of Antoninus Pius, Alexandreia, AD 147 - AD 148. 1944.100.61033","image_urls":["http://numismatics.org/collectionimages/19001949/1944/1944.100.61033.rev.width350.jpg"]},{"from":147,"to":191,"title":"Bronze Coin, Seleuceia ad Tigrim, AD 147 - AD 191. 0000.999.75737","image_urls":["http://numismatics.org/collectionimages/00001899/0000/0000.999.75737.rev.width350.jpg"]},{"from":147,"to":191,"title":"Silver Drachm, Ecbatana, AD 147 - AD 191. 1923.150.405","image_urls":["http://numismatics.org/collectionimages/19001949/1923/1923.150.405.rev.width350.jpg"]},{"from":147,"to":148,"title":"RIC III Antoninus Pius 438B. 1956.127.746","image_urls":["http://numismatics.org/collectionimages/19501999/1956/1956.127.746.rev.width350.jpg"]},{"from":147,"to":148,"title":"Billon Tetradrachm of Antoninus Pius, Alexandreia, AD 147 - AD 148. 1944.100.58744","image_urls":["http://numismatics.org/collectionimages/19001949/1944/1944.100.58744.rev.width350.jpg"]},{"from":147,"to":148,"title":"Billon Tetradrachm of Antoninus Pius, Alexandreia, AD 147 - AD 148. 1944.100.58736","image_urls":["http://numismatics.org/collectionimages/19001949/1944/1944.100.58736.rev.width350.jpg"]},{"from":147,"to":148,"title":"RIC III Antoninus Pius 440B. 1957.172.1743","image_urls":["http://numismatics.org/collectionimages/19501999/1957/1957.172.1743.rev.width350.jpg"]},{"from":147,"to":148,"title":"RIC III Antoninus Pius 167 (denarius). 1911.23.204","image_urls":["http://numismatics.org/collectionimages/19001949/1911/1911.23.204.rev.width350.jpg"]},{"from":147,"to":148,"title":"Billon Tetradrachm of Antoninus Pius, Alexandreia, AD 147 - AD 148. 1944.100.58745","image_urls":["http://numismatics.org/collectionimages/19001949/1944/1944.100.58745.rev.width350.jpg"]},{"from":147,"to":148,"title":"RIC III Antoninus Pius 167 (denarius). 1956.127.2312","image_urls":["http://numismatics.org/collectionimages/19501999/1956/1956.127.2312.rev.width350.jpg"]},{"from":147,"to":148,"title":"RIC III Antoninus Pius 168 (denarius). 1948.19.1257","image_urls":["http://numismatics.org/collectionimages/19001949/1948/1948.19.1257.rev.width350.jpg"]},{"from":147,"to":148,"title":"RIC III Antoninus Pius 440B. 1944.100.49017","image_urls":["http://numismatics.org/collectionimages/19001949/1944/1944.100.49017.rev.width350.jpg"]},{"from":147,"to":148,"title":"RIC III Antoninus Pius 840. 1995.11.412","image_urls":["http://numismatics.org/collectionimages/19501999/1995/1995.11.412.rev.width350.jpg"]},{"from":147,"to":148,"title":"Billon Tetradrachm of Antoninus Pius, Alexandreia, AD 147 - AD 148. 1944.100.58739","image_urls":["http://numismatics.org/collectionimages/19001949/1944/1944.100.58739.rev.width350.jpg"]},{"from":147,"to":148,"title":"RIC III Antoninus Pius 162. 1956.127.402","image_urls":["http://numismatics.org/collectionimages/19501999/1956/1956.127.402.rev.width350.jpg"]},{"from":147,"to":191,"title":"Bronze Coin, Ecbatana, AD 147 - AD 191. 1944.100.83482","image_urls":["http://numismatics.org/collectionimages/19001949/1944/1944.100.83482.rev.width350.jpg"]},{"from":147,"to":191,"title":"Silver Drachm, Ecbatana, AD 147 - AD 191. 1944.100.83464","image_urls":["http://numismatics.org/collectionimages/19001949/1944/1944.100.83464.rev.width350.jpg"]},{"from":147,"to":161,"title":"Bronze uncertain, Paros, AD 147 - AD 161. 1944.100.27952","image_urls":["http://numismatics.org/collectionimages/19001949/1944/1944.100.27952.rev.width350.jpg"]},{"from":147,"to":148,"title":"RIC III Antoninus Pius 840. 1965.30.6","image_urls":["http://numismatics.org/collectionimages/19501999/1965/1965.30.6.rev.width350.jpg"]},{"from":147,"to":148,"title":"Billon Tetradrachm of Antoninus Pius, Alexandreia, AD 147 - AD 148. 1944.100.58753","image_urls":["http://numismatics.org/collectionimages/19001949/1944/1944.100.58753.rev.width350.jpg"]},{"from":147,"to":148,"title":"RIC III Antoninus Pius 162. 1948.19.1256","image_urls":["http://numismatics.org/collectionimages/19001949/1948/1948.19.1256.rev.width350.jpg"]},{"from":147,"to":148,"title":"RIC III Antoninus Pius 167 (denarius). 1956.127.2311","image_urls":["http://numismatics.org/collectionimages/19501999/1956/1956.127.2311.rev.width350.jpg"]},{"from":147,"to":148,"title":"RIC III Antoninus Pius 162. 1956.127.1858","image_urls":["http://numismatics.org/collectionimages/19501999/1956/1956.127.1858.rev.width350.jpg"]},{"from":147,"to":148,"title":"RIC III Antoninus Pius 851. 1944.100.48272","image_urls":["http://numismatics.org/collectionimages/19001949/1944/1944.100.48272.rev.width350.jpg"]},{"from":147,"to":191,"title":"Silver Drachm, Ecbatana, AD 147 - AD 191. 1973.56.1708","image_urls":["http://numismatics.org/collectionimages/19501999/1973/1973.56.1708.rev.width350.jpg"]},{"from":147,"to":148,"title":"RIC III Antoninus Pius 438B. 1957.172.1742","image_urls":["http://numismatics.org/collectionimages/19501999/1957/1957.172.1742.rev.width350.jpg"]},{"from":147,"to":191,"title":"Bronze Coin, Seleuceia ad Tigrim, AD 147 - AD 191. 1944.100.83472","image_urls":["http://numismatics.org/collectionimages/19001949/1944/1944.100.83472.rev.width350.jpg"]},{"from":147,"to":148,"title":"Bronze Drachm of Marcus Aurelius, Alexandreia, AD 147 - AD 148. 1944.100.61207","image_urls":["http://numismatics.org/collectionimages/19001949/1944/1944.100.61207.rev.width350.jpg"]},{"from":147,"to":191,"title":"Silver Drachm, Ecbatana, AD 147 - AD 191. 1944.100.83466","image_urls":["http://numismatics.org/collectionimages/19001949/1944/1944.100.83466.rev.width350.jpg"]},{"from":147,"to":148,"title":"Silver Denarius of Antoninus Pius, Rome, AD 147 - AD 148. 1956.127.401","image_urls":["http://numismatics.org/collectionimages/19501999/1956/1956.127.401.rev.width350.jpg"]},{"from":147,"to":148,"title":"RIC III Antoninus Pius 438B. 1944.100.49016","image_urls":["http://numismatics.org/collectionimages/19001949/1944/1944.100.49016.rev.width350.jpg"]},{"from":147,"to":191,"title":"Bronze Coin, Seleuceia ad Tigrim, AD 147 - AD 191. 1944.100.83469","image_urls":["http://numismatics.org/collectionimages/19001949/1944/1944.100.83469.rev.width350.jpg"]},{"from":147,"to":148,"title":"Bronze Drachm of Antoninus Pius, Alexandreia, AD 147 - AD 148. 1944.100.60523","image_urls":["http://numismatics.org/collectionimages/19001949/1944/1944.100.60523.rev.width350.jpg"]},{"from":147,"to":148,"title":"RIC III Antoninus Pius 167 (denarius). 1960.170.235","image_urls":["http://numismatics.org/collectionimages/19501999/1960/1960.170.235.rev.width350.jpg"]},{"from":147,"to":191,"title":"Silver Drachm, Ecbatana, AD 147 - AD 191. 1923.150.404","image_urls":["http://numismatics.org/collectionimages/19001949/1923/1923.150.404.rev.width350.jpg"]},{"from":147,"to":148,"title":"RIC III Antoninus Pius 438A (aureus). 1965.66.21","image_urls":["http://numismatics.org/collectionimages/19501999/1965/1965.66.21.rev.width350.jpg"]},{"from":147,"to":148,"title":"RIC III Antoninus Pius 162. 1944.100.48147","image_urls":["http://numismatics.org/collectionimages/19001949/1944/1944.100.48147.rev.width350.jpg"]},{"from":147,"to":175,"title":"Bronze Coin, Poimanenum, AD 147 - AD 175. 2003.26.1","image_urls":["http://numismatics.org/collectionimages/20002049/2003/2003.26.1.rev.width350.jpg"]},{"from":147,"to":191,"title":"Silver Drachm, Ecbatana, AD 147 - AD 191. 1974.52.30","image_urls":["http://numismatics.org/collectionimages/19501999/1974/1974.52.30.rev.width350.jpg"]},{"from":147,"to":148,"title":"RIC III Antoninus Pius 168 (denarius). 1911.23.205","image_urls":["http://numismatics.org/collectionimages/19001949/1911/1911.23.205.rev.width350.jpg"]},{"from":147,"to":148,"title":"RIC III Antoninus Pius 167 (denarius). 1956.127.404","image_urls":["http://numismatics.org/collectionimages/19501999/1956/1956.127.404.rev.width350.jpg"]}]