[{"from":148,"to":149,"title":"SWYOR-6EE7F4: A coin issued by Antoninus Pius","image_urls":["https://finds.org.uk/images/acooper/Don%20857%20coin.jpg"]},{"from":148,"to":149,"title":"NCL-9B4F03: A coin issued by Antoninus Pius","image_urls":["https://finds.org.uk/images/pwalton/NCL9b4f03.jpg"]},{"from":148,"to":149,"title":"LIN-135823: A coin issued by Antoninus Pius","image_urls":["https://finds.org.uk/images/adaubney/87.jpg"]},{"from":148,"to":149,"title":"CORN-CB1A6A: A coin issued by Marcus Aurelius (as Caesar)","image_urls":["https://finds.org.uk/images/atyacke/May15finds053.JPG"]},{"from":148,"to":149,"title":"DUR-1B6E27: A coin issued by Antoninus Pius","image_urls":["https://finds.org.uk/images/frances/DUR-1B6E27%20mcbride%20denarius.jpg"]},{"from":148,"to":149,"title":"BH-AB0BB8: A coin issued by Antoninus Pius","image_urls":["https://finds.org.uk/images/jwatters/Roman_coin_11_188_67.jpg"]},{"from":148,"to":149,"title":"BH-DB008E: A coin issued by Antoninus Pius","image_urls":["https://finds.org.uk/images/jwatters/Roman_coin_15_29_28.jpg"]},{"from":148,"to":155,"title":"NARC-60B534: A coin issued by Antoninus Pius","image_urls":["https://finds.org.uk/images/jcassidy/NARC-60B534%20b.jpg"]},{"from":148,"to":148,"title":"LIN-735C21: A coin issued by Antoninus Pius","image_urls":["https://finds.org.uk/images/adaubney/LIN7721.JPG"]},{"from":148,"to":148,"title":"LEIC-7D8D32: A coin issued by Antoninus Pius","image_urls":["https://finds.org.uk/images/wscott/7D8D32.JPG"]},{"from":148,"to":149,"title":"PUBLIC-30FB66: A coin issued by Marcus Aurelius (as Caesar)","image_urls":["https://finds.org.uk/images/clivenobbs/AP%20Sestertius.jpg"]},{"from":148,"to":156,"title":"SF-E6E650: A coin issued by Antoninus Pius","image_urls":["https://finds.org.uk/images/abrown/WSW%20SF-E6E650.jpg"]},{"from":148,"to":149,"title":"NARC-2D7B37: A coin issued by Antoninus Pius","image_urls":["https://finds.org.uk/images/tbrindle/NARC-2D7B37denariusrev.jpg"]},{"from":148,"to":149,"title":"SUR-019786: A coin issued by Antoninus Pius","image_urls":["https://finds.org.uk/images/dwilliams/11-608.jpg"]},{"from":148,"to":149,"title":"LEIC-AD6145: A coin issued by Antoninus Pius","image_urls":["https://finds.org.uk/images/wscott/AD6145.JPG"]},{"from":148,"to":149,"title":"LANCUM-6858E8: A coin issued by Antoninus Pius","image_urls":["https://finds.org.uk/images/dboughton/KDMDIT6858E8.jpg"]},{"from":148,"to":149,"title":"BM-75A4C7: A coin issued by Antoninus Pius","image_urls":["https://finds.org.uk/images/jasonlundock/909a.jpg"]},{"from":148,"to":149,"title":"IOW-F148A6: A coin issued by Marcus Aurelius (as Caesar)","image_urls":["https://finds.org.uk/images/fbasford/IOW2009-1-255.JPG"]},{"from":148,"to":161,"title":"SF-CCCE77: A coin issued by Marcus Aurelius (as Caesar)","image_urls":["https://finds.org.uk/images/abrown/RBY_SF-CCCE77.jpg"]},{"from":148,"to":160,"title":"LVPL-C91E55: A coin issued by Antoninus Pius","image_urls":["https://finds.org.uk/images/voakden/LVPL-C91E55.JPG"]},{"from":148,"to":149,"title":"WMID-B61B01: A coin issued by Antoninus Pius","image_urls":["https://finds.org.uk/images/hglenn/WMIDB61B01.jpg"]},{"from":148,"to":149,"title":"SWYOR-A42C81: A coin issued by Marcus Aurelius (as Caesar)","image_urls":["https://finds.org.uk/images/acooper/PAS_1420_denarius.jpg"]},{"from":148,"to":149,"title":"LANCUM-891615: A coin issued by Antoninus Pius","image_urls":["https://finds.org.uk/images/dboughton/LVMDRB891615.jpg"]},{"from":148,"to":149,"title":"NCL-E6E901: A coin issued by Antoninus Pius","image_urls":["https://finds.org.uk/images/pwalton/750.jpg"]},{"from":148,"to":161,"title":"LEIC-7B1853: A coin issued by Faustina the Elder","image_urls":["https://finds.org.uk/images/wscott/LEIC-7B1853.JPG"]},{"from":148,"to":150,"title":"BUC-EA6604: A coin issued by Marcus Aurelius (as Caesar)","image_urls":["https://finds.org.uk/images/lbuckley/DSCN8956.JPG"]},{"from":148,"to":149,"title":"LVPL-72F093: A coin issued by Antoninus Pius","image_urls":["https://finds.org.uk/images/voakden/72fo93copy.jpg"]},{"from":148,"to":157,"title":"SF-200233: A coin issued by Antoninus Pius","image_urls":["https://finds.org.uk/images/abrown/SNP_SF-200233.jpg"]},{"from":148,"to":149,"title":"SOM-56A7B5: A coin issued by Marcus Aurelius (as Caesar)","image_urls":["https://finds.org.uk/images/npayne/56A7B5.JPG"]},{"from":148,"to":149,"title":"LIN-741B37: A coin issued by Antoninus Pius","image_urls":["https://finds.org.uk/images/adaubney/LW230.jpg"]},{"from":148,"to":149,"title":"KENT-32AAC3: A coin issued by Antoninus Pius","image_urls":["https://finds.org.uk/images/karend1/KENT-32AAC3.jpg"]},{"from":148,"to":149,"title":"SOM-0DE0A4: A coin issued by Marcus Aurelius (as Caesar)","image_urls":["https://finds.org.uk/images/npayne/0DE0A4.JPG"]},{"from":148,"to":149,"title":"BM-F9A2E1: A coin issued by Antoninus Pius","image_urls":["https://finds.org.uk/images/jasonlundock/5276.jpg"]},{"from":148,"to":148,"title":"LEIC-772358: A coin issued by Marcus Aurelius (as Caesar)","image_urls":["https://finds.org.uk/images/wscott/772358.%20.JPG"]},{"from":148,"to":149,"title":"LEIC-242D66: A coin issued by Marcus Aurelius (as Caesar)","image_urls":["https://finds.org.uk/images/wscott/242D66.JPG"]},{"from":148,"to":149,"title":"WMID-C68E35: A coin issued by Marcus Aurelius (as Caesar)","image_urls":["https://finds.org.uk/images/gehitchens/WMIDC68E35.jpg"]},{"from":148,"to":149,"title":"DUR-0C23FE: A coin issued by Antoninus Pius","image_urls":["https://finds.org.uk/images/a8622912/DUR0C23FE.jpg"]},{"from":148,"to":149,"title":"BM-F00F46: A coin issued by Antoninus Pius","image_urls":["https://finds.org.uk/images/jasonlundock/5214a.jpg"]},{"from":148,"to":149,"title":"YORYM-8FA2E7: A coin issued by Antoninus Pius","image_urls":["https://finds.org.uk/images/law/BR0318.jpg"]},{"from":148,"to":149,"title":"HESH-9E1AB4: A coin issued by Marcus Aurelius (as Caesar)","image_urls":["https://finds.org.uk/images/vickyallnatt/HESH9E1AB4.jpg"]},{"from":148,"to":149,"title":"SOMDOR-DFDE73: A coin issued by Antoninus Pius","image_urls":["https://finds.org.uk/images/npayne/DFDE73.jpg"]},{"from":148,"to":148,"title":"DUR-415581: A coin issued by Marcus Aurelius (as Caesar)","image_urls":["https://finds.org.uk/images/emorris/DUR-415581-Marcus-Aurelius.jpg"]},{"from":148,"to":149,"title":"CORN-390D2D: A coin issued by Antoninus Pius","image_urls":["https://finds.org.uk/images/atyacke/Jan15finds048.JPG"]},{"from":148,"to":149,"title":"DUR-2A0C75: A coin issued by Antoninus Pius","image_urls":["https://finds.org.uk/images/frances/4%20of%2010%20DUR-2A0C75.jpg"]},{"from":148,"to":149,"title":"SUR-C58E36: A coin issued by Antoninus Pius","image_urls":["https://finds.org.uk/images/dwilliams/B12-244.JPG"]},{"from":148,"to":150,"title":"DENO-610F27: A coin issued by Antoninus Pius","image_urls":["https://finds.org.uk/images/arohde/E6381%20denarius.jpg"]},{"from":148,"to":148,"title":"WAW-2667F7: A coin issued by Republic","image_urls":["https://finds.org.uk/images/abolton/WAW-2667F7.jpg"]},{"from":148,"to":149,"title":"YORYM-594F80: A coin issued by Antoninus Pius","image_urls":["https://finds.org.uk/images/law/PM0004.jpg"]},{"from":148,"to":157,"title":"SUSS-662B93: A coin issued by Antoninus Pius","image_urls":["https://finds.org.uk/images/stephaniesmith/SUSS-662B93.jpg"]},{"from":148,"to":149,"title":"RIC III Antoninus Pius 444. 1948.19.1304","image_urls":["http://numismatics.org/collectionimages/19001949/1948/1948.19.1304.rev.width350.jpg"]},{"from":148,"to":149,"title":"RIC III Antoninus Pius 446. 1956.127.754","image_urls":["http://numismatics.org/collectionimages/19501999/1956/1956.127.754.rev.width350.jpg"]},{"from":148,"to":149,"title":"RIC III Antoninus Pius 444. 1956.127.748","image_urls":["http://numismatics.org/collectionimages/19501999/1956/1956.127.748.rev.width350.jpg"]},{"from":148,"to":149,"title":"RIC III Antoninus Pius 181. 1944.100.48152","image_urls":["http://numismatics.org/collectionimages/19001949/1944/1944.100.48152.rev.width350.jpg"]},{"from":148,"to":149,"title":"RIC III Antoninus Pius 855. 1923.150.104","image_urls":["http://numismatics.org/collectionimages/19001949/1923/1923.150.104.rev.width350.jpg"]},{"from":148,"to":149,"title":"RIC III Antoninus Pius 175. 1956.127.412","image_urls":["http://numismatics.org/collectionimages/19501999/1956/1956.127.412.rev.width350.jpg"]},{"from":148,"to":149,"title":"Bronze Drachm of Marcus Aurelius, Alexandreia, AD 148 - AD 149. 1944.100.61338","image_urls":["http://numismatics.org/collectionimages/19001949/1944/1944.100.61338.rev.width350.jpg"]},{"from":148,"to":149,"title":"RIC III Antoninus Pius 175. 1956.127.1860","image_urls":["http://numismatics.org/collectionimages/19501999/1956/1956.127.1860.rev.width350.jpg"]},{"from":148,"to":149,"title":"RIC III Antoninus Pius 862A. 1944.100.48277","image_urls":["http://numismatics.org/collectionimages/19001949/1944/1944.100.48277.rev.width350.jpg"]},{"from":148,"to":149,"title":"RIC III Antoninus Pius 181. 1956.127.421","image_urls":["http://numismatics.org/collectionimages/19501999/1956/1956.127.421.rev.width350.jpg"]},{"from":148,"to":149,"title":"RIC III Antoninus Pius 178. 1956.127.415","image_urls":["http://numismatics.org/collectionimages/19501999/1956/1956.127.415.rev.width350.jpg"]},{"from":148,"to":149,"title":"RIC III Antoninus Pius 175. 1956.127.409","image_urls":["http://numismatics.org/collectionimages/19501999/1956/1956.127.409.rev.width350.jpg"]},{"from":148,"to":149,"title":"RIC III Antoninus Pius 175. 1956.127.1863","image_urls":["http://numismatics.org/collectionimages/19501999/1956/1956.127.1863.rev.width350.jpg"]},{"from":148,"to":149,"title":"RIC III Antoninus Pius 1274A. 1944.100.49042","image_urls":["http://numismatics.org/collectionimages/19001949/1944/1944.100.49042.rev.width350.jpg"]},{"from":148,"to":149,"title":"RIC III Antoninus Pius 178. 1944.100.48151","image_urls":["http://numismatics.org/collectionimages/19001949/1944/1944.100.48151.rev.width350.jpg"]},{"from":148,"to":149,"title":"RIC III Antoninus Pius 177b. 1972.62.6","image_urls":["http://numismatics.org/collectionimages/19501999/1972/1972.62.6.rev.width350.jpg"]},{"from":148,"to":149,"title":"RIC III Antoninus Pius 181. 1956.127.1866","image_urls":["http://numismatics.org/collectionimages/19501999/1956/1956.127.1866.rev.width350.jpg"]},{"from":148,"to":149,"title":"RIC III Antoninus Pius 183. 1944.100.48192","image_urls":["http://numismatics.org/collectionimages/19001949/1944/1944.100.48192.rev.width350.jpg"]},{"from":148,"to":149,"title":"Bronze Drachm of Antoninus Pius, Alexandreia, AD 148 - AD 149. 1944.100.60588","image_urls":["http://numismatics.org/collectionimages/19001949/1944/1944.100.60588.rev.width350.jpg"]},{"from":148,"to":149,"title":"Bronze Diobol, Alexandreia, AD 148 - AD 149. 1944.100.61536","image_urls":["http://numismatics.org/collectionimages/19001949/1944/1944.100.61536.rev.width350.jpg"]},{"from":148,"to":149,"title":"Silver Tetradrachm, Seleuceia ad Tigrim, AD 148 - AD 149. 1944.100.83399","image_urls":["http://numismatics.org/collectionimages/19001949/1944/1944.100.83399.rev.width350.jpg"]},{"from":148,"to":149,"title":"RIC III Antoninus Pius 857. 1995.11.178","image_urls":["http://numismatics.org/collectionimages/19501999/1995/1995.11.178.rev.width350.jpg"]},{"from":148,"to":149,"title":"Bronze Drachm of Antoninus Pius, Alexandreia, AD 148 - AD 149. 1944.100.60590","image_urls":["http://numismatics.org/collectionimages/19001949/1944/1944.100.60590.rev.width350.jpg"]},{"from":148,"to":149,"title":"RIC III Antoninus Pius 175. 1911.23.207","image_urls":["http://numismatics.org/collectionimages/19001949/1911/1911.23.207.rev.width350.jpg"]},{"from":148,"to":149,"title":"RIC III Antoninus Pius 1274A. 1944.100.49044","image_urls":["http://numismatics.org/collectionimages/19001949/1944/1944.100.49044.rev.width350.jpg"]},{"from":148,"to":149,"title":"Bronze Drachm, Alexandreia, AD 148 - AD 149. 1944.100.61530","image_urls":["http://numismatics.org/collectionimages/19001949/1944/1944.100.61530.rev.width350.jpg"]},{"from":148,"to":149,"title":"Bronze Drachm of Antoninus Pius, Alexandreia, AD 148 - AD 149. 1944.100.60576","image_urls":["http://numismatics.org/collectionimages/19001949/1944/1944.100.60576.rev.width350.jpg"]},{"from":148,"to":149,"title":"RIC III Antoninus Pius 446. 1911.23.280","image_urls":["http://numismatics.org/collectionimages/19001949/1911/1911.23.280.rev.width350.jpg"]},{"from":148,"to":149,"title":"RIC III Antoninus Pius 183. 1944.100.48154","image_urls":["http://numismatics.org/collectionimages/19001949/1944/1944.100.48154.rev.width350.jpg"]},{"from":148,"to":149,"title":"RIC III Antoninus Pius 860A. 1995.11.397","image_urls":["http://numismatics.org/collectionimages/19501999/1995/1995.11.397.rev.width350.jpg"]},{"from":148,"to":149,"title":"RIC III Antoninus Pius 175. 1911.23.208","image_urls":["http://numismatics.org/collectionimages/19001949/1911/1911.23.208.rev.width350.jpg"]},{"from":148,"to":149,"title":"RIC III Antoninus Pius 855. 1944.100.48274","image_urls":["http://numismatics.org/collectionimages/19001949/1944/1944.100.48274.rev.width350.jpg"]},{"from":148,"to":149,"title":"RIC III Antoninus Pius 444. 1956.127.750","image_urls":["http://numismatics.org/collectionimages/19501999/1956/1956.127.750.rev.width350.jpg"]},{"from":148,"to":149,"title":"RIC III Antoninus Pius 175. 1995.11.391","image_urls":["http://numismatics.org/collectionimages/19501999/1995/1995.11.391.rev.width350.jpg"]},{"from":148,"to":149,"title":"RIC III Antoninus Pius 177b. 1948.19.1258","image_urls":["http://numismatics.org/collectionimages/19001949/1948/1948.19.1258.rev.width350.jpg"]},{"from":148,"to":149,"title":"RIC III Antoninus Pius 445Ac. 1956.184.55","image_urls":["http://numismatics.org/collectionimages/19501999/1956/1956.184.55.rev.width350.jpg"]},{"from":148,"to":149,"title":"RIC III Antoninus Pius 444. 1948.19.1303","image_urls":["http://numismatics.org/collectionimages/19001949/1948/1948.19.1303.rev.width350.jpg"]},{"from":148,"to":149,"title":"RIC III Antoninus Pius 444. 1947.2.492","image_urls":["http://numismatics.org/collectionimages/19001949/1947/1947.2.492.rev.width350.jpg"]},{"from":148,"to":149,"title":"Bronze Drachm of Antoninus Pius, Alexandreia, AD 148 - AD 149. 1944.100.60575","image_urls":["http://numismatics.org/collectionimages/19001949/1944/1944.100.60575.rev.width350.jpg"]},{"from":148,"to":149,"title":"Bronze Drachm of Antoninus Pius, Alexandreia, AD 148 - AD 149. 1944.100.60586","image_urls":["http://numismatics.org/collectionimages/19001949/1944/1944.100.60586.rev.width350.jpg"]},{"from":148,"to":149,"title":"Bronze Drachm, Alexandreia, AD 148 - AD 149. 1944.100.61534","image_urls":["http://numismatics.org/collectionimages/19001949/1944/1944.100.61534.rev.width350.jpg"]},{"from":148,"to":149,"title":"Bronze Drachm, Alexandreia, AD 148 - AD 149. 1974.26.3842","image_urls":["http://numismatics.org/collectionimages/19501999/1974/1974.26.3842.rev.width350.jpg"]},{"from":148,"to":149,"title":"RIC III Antoninus Pius 862A. 1947.97.451","image_urls":["http://numismatics.org/collectionimages/19001949/1947/1947.97.451.rev.width350.jpg"]},{"from":148,"to":149,"title":"RIC III Antoninus Pius 177c. 1973.16.2","image_urls":["http://numismatics.org/collectionimages/19501999/1973/1973.16.2.rev.width350.jpg"]},{"from":148,"to":149,"title":"RIC III Antoninus Pius 175. 1957.172.1708","image_urls":["http://numismatics.org/collectionimages/19501999/1957/1957.172.1708.rev.width350.jpg"]},{"from":148,"to":149,"title":"Bronze Drachm of Antoninus Pius, Alexandreia, AD 148 - AD 149. 1944.100.60566","image_urls":["http://numismatics.org/collectionimages/19001949/1944/1944.100.60566.rev.width350.jpg"]},{"from":148,"to":149,"title":"Bronze Drachm of Antoninus Pius, Alexandreia, AD 148 - AD 149. 1944.100.60539","image_urls":["http://numismatics.org/collectionimages/19001949/1944/1944.100.60539.rev.width350.jpg"]},{"from":148,"to":149,"title":"RIC III Antoninus Pius 175. 1956.127.411","image_urls":["http://numismatics.org/collectionimages/19501999/1956/1956.127.411.rev.width350.jpg"]},{"from":148,"to":149,"title":"RIC III Antoninus Pius 862A. 1906.236.352","image_urls":["http://numismatics.org/collectionimages/19001949/1906/1906.236.352.rev.width350.jpg"]},{"from":148,"to":149,"title":"RIC III Antoninus Pius 177f. 1969.26.2","image_urls":["http://numismatics.org/collectionimages/19501999/1969/1969.26.2.rev.width350.jpg"]},{"from":148,"to":149,"title":"RIC III Antoninus Pius 444. 1948.19.1302","image_urls":["http://numismatics.org/collectionimages/19001949/1948/1948.19.1302.rev.width350.jpg"]},{"from":148,"to":149,"title":"RIC III Antoninus Pius 444. 1956.127.752","image_urls":["http://numismatics.org/collectionimages/19501999/1956/1956.127.752.rev.width350.jpg"]},{"from":148,"to":149,"title":"RIC III Antoninus Pius 175. 1956.127.1861","image_urls":["http://numismatics.org/collectionimages/19501999/1956/1956.127.1861.rev.width350.jpg"]},{"from":148,"to":149,"title":"RIC III Antoninus Pius 444. 1906.236.381","image_urls":["http://numismatics.org/collectionimages/19001949/1906/1906.236.381.rev.width350.jpg"]},{"from":148,"to":149,"title":"RIC III Antoninus Pius 181. 1956.127.422","image_urls":["http://numismatics.org/collectionimages/19501999/1956/1956.127.422.rev.width350.jpg"]},{"from":148,"to":149,"title":"RIC III Antoninus Pius 178. 1956.127.414","image_urls":["http://numismatics.org/collectionimages/19501999/1956/1956.127.414.rev.width350.jpg"]},{"from":148,"to":149,"title":"RIC III Antoninus Pius 1276. 1995.11.430","image_urls":["http://numismatics.org/collectionimages/19501999/1995/1995.11.430.rev.width350.jpg"]},{"from":148,"to":149,"title":"RIC III Antoninus Pius 862A. 1944.100.48279","image_urls":["http://numismatics.org/collectionimages/19001949/1944/1944.100.48279.rev.width350.jpg"]},{"from":148,"to":149,"title":"RIC III Antoninus Pius 446. 1944.100.49020","image_urls":["http://numismatics.org/collectionimages/19001949/1944/1944.100.49020.rev.width350.jpg"]},{"from":148,"to":149,"title":"Bronze Drachm of Antoninus Pius, Alexandreia, AD 148 - AD 149. 1944.100.60533","image_urls":["http://numismatics.org/collectionimages/19001949/1944/1944.100.60533.rev.width350.jpg"]},{"from":148,"to":149,"title":"RIC III Antoninus Pius 446. 1956.127.756","image_urls":["http://numismatics.org/collectionimages/19501999/1956/1956.127.756.rev.width350.jpg"]},{"from":148,"to":149,"title":"Gold Aureus of Antoninus Pius, Rome, AD 148 - AD 149. 1972.62.23","image_urls":["http://numismatics.org/collectionimages/19501999/1972/1972.62.23.rev.width350.jpg"]},{"from":148,"to":149,"title":"RIC III Antoninus Pius 175. 1956.127.1865","image_urls":["http://numismatics.org/collectionimages/19501999/1956/1956.127.1865.rev.width350.jpg"]},{"from":148,"to":149,"title":"RIC III Antoninus Pius 179. 1956.127.417","image_urls":["http://numismatics.org/collectionimages/19501999/1956/1956.127.417.rev.width350.jpg"]},{"from":148,"to":149,"title":"RIC III Antoninus Pius 855. 1944.100.48273","image_urls":["http://numismatics.org/collectionimages/19001949/1944/1944.100.48273.rev.width350.jpg"]},{"from":148,"to":149,"title":"RIC III Antoninus Pius 177c. 1972.62.5","image_urls":["http://numismatics.org/collectionimages/19501999/1972/1972.62.5.rev.width350.jpg"]},{"from":148,"to":149,"title":"RIC III Antoninus Pius 857. 1944.100.48276","image_urls":["http://numismatics.org/collectionimages/19001949/1944/1944.100.48276.rev.width350.jpg"]},{"from":148,"to":149,"title":"RIC III Antoninus Pius 177e. 1973.16.3","image_urls":["http://numismatics.org/collectionimages/19501999/1973/1973.16.3.rev.width350.jpg"]},{"from":148,"to":149,"title":"RIC III Antoninus Pius 183. 1944.100.48153","image_urls":["http://numismatics.org/collectionimages/19001949/1944/1944.100.48153.rev.width350.jpg"]},{"from":148,"to":149,"title":"RIC III Antoninus Pius 446. 1956.127.755","image_urls":["http://numismatics.org/collectionimages/19501999/1956/1956.127.755.rev.width350.jpg"]},{"from":148,"to":149,"title":"RIC III Antoninus Pius 862A. 1995.11.427","image_urls":["http://numismatics.org/collectionimages/19501999/1995/1995.11.427.rev.width350.jpg"]},{"from":148,"to":149,"title":"RIC III Antoninus Pius 445Bb. 1956.184.54","image_urls":["http://numismatics.org/collectionimages/19501999/1956/1956.184.54.rev.width350.jpg"]},{"from":148,"to":149,"title":"RIC III Antoninus Pius 177d (denarius). 1944.100.48150","image_urls":["http://numismatics.org/collectionimages/19001949/1944/1944.100.48150.rev.width350.jpg"]},{"from":148,"to":149,"title":"RIC III Antoninus Pius 175. 1956.127.408","image_urls":["http://numismatics.org/collectionimages/19501999/1956/1956.127.408.rev.width350.jpg"]},{"from":148,"to":149,"title":"RIC III Antoninus Pius 179. 1956.127.420","image_urls":["http://numismatics.org/collectionimages/19501999/1956/1956.127.420.rev.width350.jpg"]},{"from":148,"to":149,"title":"RIC III Antoninus Pius 179. 1956.127.418","image_urls":["http://numismatics.org/collectionimages/19501999/1956/1956.127.418.rev.width350.jpg"]},{"from":148,"to":149,"title":"RIC III Antoninus Pius 861. 1922.116.1","image_urls":["http://numismatics.org/collectionimages/19001949/1922/1922.116.1.rev.width350.jpg"]},{"from":148,"to":149,"title":"RIC III Antoninus Pius 854. 1995.11.413","image_urls":["http://numismatics.org/collectionimages/19501999/1995/1995.11.413.rev.width350.jpg"]},{"from":148,"to":149,"title":"RIC III Antoninus Pius 444. 1944.100.49018","image_urls":["http://numismatics.org/collectionimages/19001949/1944/1944.100.49018.rev.width350.jpg"]},{"from":148,"to":149,"title":"RIC III Antoninus Pius 855. 0000.999.20763","image_urls":["http://numismatics.org/collectionimages/00001899/0000/0000.999.20763.rev.width350.jpg"]},{"from":148,"to":149,"title":"RIC III Antoninus Pius 1280. 1957.172.1746","image_urls":["http://numismatics.org/collectionimages/19501999/1957/1957.172.1746.rev.width350.jpg"]},{"from":148,"to":149,"title":"Gold Aureus of Antoninus Pius, Rome, AD 148 - AD 149. 1965.66.3","image_urls":["http://numismatics.org/collectionimages/19501999/1965/1965.66.3.rev.width350.jpg"]},{"from":148,"to":149,"title":"RIC III Antoninus Pius 179. 1956.127.419","image_urls":["http://numismatics.org/collectionimages/19501999/1956/1956.127.419.rev.width350.jpg"]},{"from":148,"to":149,"title":"RIC III Antoninus Pius 177f. 1944.100.48149","image_urls":["http://numismatics.org/collectionimages/19001949/1944/1944.100.48149.rev.width350.jpg"]},{"from":148,"to":149,"title":"RIC III Antoninus Pius 178. 1911.23.209","image_urls":["http://numismatics.org/collectionimages/19001949/1911/1911.23.209.rev.width350.jpg"]},{"from":148,"to":149,"title":"RIC III Antoninus Pius 855. 1944.100.48275","image_urls":["http://numismatics.org/collectionimages/19001949/1944/1944.100.48275.rev.width350.jpg"]},{"from":148,"to":149,"title":"RIC III Antoninus Pius 446. 1944.100.49019","image_urls":["http://numismatics.org/collectionimages/19001949/1944/1944.100.49019.rev.width350.jpg"]},{"from":148,"to":149,"title":"Bronze Drachm of Marcus Aurelius, Alexandreia, AD 148 - AD 149. 1944.100.61213","image_urls":["http://numismatics.org/collectionimages/19001949/1944/1944.100.61213.rev.width350.jpg"]},{"from":148,"to":149,"title":"Bronze Drachm of Antoninus Pius, Alexandreia, AD 148 - AD 149. 1944.100.60556","image_urls":["http://numismatics.org/collectionimages/19001949/1944/1944.100.60556.rev.width350.jpg"]},{"from":148,"to":149,"title":"Billon Tetradrachm, Alexandreia, AD 148 - AD 149. 1973.56.910","image_urls":["http://numismatics.org/collectionimages/19501999/1973/1973.56.910.rev.width350.jpg"]},{"from":148,"to":149,"title":"RIC III Antoninus Pius 444. 1956.127.749","image_urls":["http://numismatics.org/collectionimages/19501999/1956/1956.127.749.rev.width350.jpg"]},{"from":148,"to":149,"title":"RIC III Antoninus Pius 445Ac. 1972.62.22","image_urls":["http://numismatics.org/collectionimages/19501999/1972/1972.62.22.rev.width350.jpg"]},{"from":148,"to":149,"title":"RIC III Antoninus Pius 177d (denarius). 1911.23.206","image_urls":["http://numismatics.org/collectionimages/19001949/1911/1911.23.206.rev.width350.jpg"]},{"from":148,"to":149,"title":"RIC III Antoninus Pius 175. 1956.127.1864","image_urls":["http://numismatics.org/collectionimages/19501999/1956/1956.127.1864.rev.width350.jpg"]},{"from":148,"to":149,"title":"RIC III Antoninus Pius 1293A (dupondius). 1944.100.49043","image_urls":["http://numismatics.org/collectionimages/19001949/1944/1944.100.49043.rev.width350.jpg"]},{"from":148,"to":149,"title":"RIC III Antoninus Pius 177d (aureus). 1967.50.2","image_urls":["http://numismatics.org/collectionimages/19501999/1967/1967.50.2.rev.width350.jpg"]},{"from":148,"to":149,"title":"RIC III Antoninus Pius 180. 1935.117.417","image_urls":["http://numismatics.org/collectionimages/19001949/1935/1935.117.417.rev.width350.jpg"]},{"from":148,"to":149,"title":"RIC III Antoninus Pius 183. 1948.19.1259","image_urls":["http://numismatics.org/collectionimages/19001949/1948/1948.19.1259.rev.width350.jpg"]},{"from":148,"to":149,"title":"RIC III Antoninus Pius 180. 1956.127.413","image_urls":["http://numismatics.org/collectionimages/19501999/1956/1956.127.413.rev.width350.jpg"]},{"from":148,"to":149,"title":"RIC III Antoninus Pius 177d (denarius). 1956.127.407","image_urls":["http://numismatics.org/collectionimages/19501999/1956/1956.127.407.rev.width350.jpg"]},{"from":148,"to":149,"title":"RIC III Antoninus Pius 863. 1944.100.48278","image_urls":["http://numismatics.org/collectionimages/19001949/1944/1944.100.48278.rev.width350.jpg"]},{"from":148,"to":149,"title":"Bronze Drachm, Alexandreia, AD 148 - AD 149. 1944.100.61531","image_urls":["http://numismatics.org/collectionimages/19001949/1944/1944.100.61531.rev.width350.jpg"]},{"from":148,"to":149,"title":"RIC III Antoninus Pius 178. 1956.127.416","image_urls":["http://numismatics.org/collectionimages/19501999/1956/1956.127.416.rev.width350.jpg"]},{"from":148,"to":149,"title":"RIC III Antoninus Pius 860A. 1906.236.351","image_urls":["http://numismatics.org/collectionimages/19001949/1906/1906.236.351.rev.width350.jpg"]},{"from":148,"to":149,"title":"RIC III Antoninus Pius 175. 1956.127.410","image_urls":["http://numismatics.org/collectionimages/19501999/1956/1956.127.410.rev.width350.jpg"]},{"from":148,"to":149,"title":"RIC III Antoninus Pius 448D. 1956.127.757","image_urls":["http://numismatics.org/collectionimages/19501999/1956/1956.127.757.rev.width350.jpg"]},{"from":148,"to":149,"title":"RIC III Antoninus Pius 175. 1956.127.1887","image_urls":["http://numismatics.org/collectionimages/19501999/1956/1956.127.1887.rev.width350.jpg"]},{"from":148,"to":149,"title":"RIC III Antoninus Pius 444. 1956.127.751","image_urls":["http://numismatics.org/collectionimages/19501999/1956/1956.127.751.rev.width350.jpg"]},{"from":148,"to":149,"title":"RIC III Antoninus Pius 862A. 1921.100.7","image_urls":["http://numismatics.org/collectionimages/19001949/1921/1921.100.7.rev.width350.jpg"]},{"from":148,"to":149,"title":"RIC III Antoninus Pius 444. 1956.127.753","image_urls":["http://numismatics.org/collectionimages/19501999/1956/1956.127.753.rev.width350.jpg"]},{"from":148,"to":149,"title":"RIC III Antoninus Pius 175. 1956.127.1862","image_urls":["http://numismatics.org/collectionimages/19501999/1956/1956.127.1862.rev.width350.jpg"]},{"from":148,"to":149,"title":"RIC III Antoninus Pius 179. 1911.23.210","image_urls":["http://numismatics.org/collectionimages/19001949/1911/1911.23.210.rev.width350.jpg"]},{"from":148,"to":149,"title":"RIC III Antoninus Pius 181. 1956.28.248","image_urls":["http://numismatics.org/collectionimages/19501999/1956/1956.28.248.rev.width350.jpg"]},{"from":148,"to":149,"title":"RIC III Antoninus Pius 181. 1911.23.211","image_urls":["http://numismatics.org/collectionimages/19001949/1911/1911.23.211.rev.width350.jpg"]},{"from":148,"to":149,"title":"Silver Tetradrachm, Seleuceia ad Tigrim, AD 148 - AD 149. 1944.100.83454","image_urls":["http://numismatics.org/collectionimages/19001949/1944/1944.100.83454.rev.width350.jpg"]}]