[{"from":1485,"to":1509,"title":"SUSS-8BFFB7: A coin issued by Henry VIII of England","image_urls":["https://finds.org.uk/images/lwalker/1-142m.jpg"]},{"from":1485,"to":1509,"title":"SUR-F90A62: A coin issued by Henry VII of England","image_urls":["https://finds.org.uk/images/dwilliams/06.146a.JPG"]},{"from":1485,"to":1501,"title":"BH-9E94F2: A coin issued by Henry VII of England","image_urls":["https://finds.org.uk/images/jwatters/Med%20coin%200464-189%20obv.jpg"]},{"from":1485,"to":1509,"title":"SUR-C8E695: A coin issued by Henry VII of England","image_urls":["https://finds.org.uk/images/dwilliams/04.728a.jpg"]},{"from":1485,"to":1509,"title":"LIN-80E7F3: A coin issued by Henry VII of England","image_urls":["https://finds.org.uk/images/adaubney/LIN1740.jpg"]},{"from":1485,"to":1509,"title":"SUR-2ABD80: A coin issued by Henry VII of England","image_urls":["https://finds.org.uk/images/dwilliams/04.658a.jpg"]}]