[{"from":149,"to":150,"title":"NMS-318464: A coin issued by Antoninus Pius","image_urls":["https://finds.org.uk/images/amarsden/E14383antpiusden.jpg"]},{"from":149,"to":150,"title":"DUR-21B234: A coin issued by Antoninus Pius","image_urls":["https://finds.org.uk/images/frances/DUR-21B234.JPG"]},{"from":149,"to":150,"title":"HAMP2945: A coin issued by Antoninus Pius","image_urls":["https://finds.org.uk/images/sworrell/hamp%202945.jpg"]},{"from":149,"to":150,"title":"Bronze Drachm, Alexandreia, AD 149 - AD 150. 1944.100.61539","image_urls":["http://numismatics.org/collectionimages/19001949/1944/1944.100.61539.rev.width350.jpg"]},{"from":149,"to":150,"title":"Billon Tetradrachm of Antoninus Pius, Alexandreia, AD 149 - AD 150. 1944.100.58785","image_urls":["http://numismatics.org/collectionimages/19001949/1944/1944.100.58785.rev.width350.jpg"]},{"from":149,"to":150,"title":"Billon Tetradrachm of Marcus Aurelius, Alexandreia, AD 149 - AD 150. 1944.100.61076","image_urls":["http://numismatics.org/collectionimages/19001949/1944/1944.100.61076.rev.width350.jpg"]},{"from":149,"to":150,"title":"Billon Tetradrachm, Alexandreia, AD 149 - AD 150. 1973.56.912","image_urls":["http://numismatics.org/collectionimages/19501999/1973/1973.56.912.rev.width350.jpg"]},{"from":149,"to":150,"title":"Billon Tetradrachm of Marcus Aurelius, Alexandreia, AD 149 - AD 150. 1944.100.61073","image_urls":["http://numismatics.org/collectionimages/19001949/1944/1944.100.61073.rev.width350.jpg"]},{"from":149,"to":150,"title":"RIC III Antoninus Pius 189. 1966.286.27","image_urls":["http://numismatics.org/collectionimages/19501999/1966/1966.286.27.rev.width350.jpg"]},{"from":149,"to":150,"title":"Billon Tetradrachm of Antoninus Pius, Alexandreia, AD 149 - AD 150. 1944.100.58816","image_urls":["http://numismatics.org/collectionimages/19001949/1944/1944.100.58816.rev.width350.jpg"]},{"from":149,"to":150,"title":"Bronze Drachm of Antoninus Pius, Alexandreia, AD 149 - AD 150. 1944.100.60621","image_urls":["http://numismatics.org/collectionimages/19001949/1944/1944.100.60621.rev.width350.jpg"]},{"from":149,"to":150,"title":"Billon Tetradrachm of Antoninus Pius, Alexandreia, AD 149 - AD 150. 1944.100.58809","image_urls":["http://numismatics.org/collectionimages/19001949/1944/1944.100.58809.rev.width350.jpg"]},{"from":149,"to":150,"title":"Billon Tetradrachm of Antoninus Pius, Alexandreia, AD 149 - AD 150. 1944.100.58799","image_urls":["http://numismatics.org/collectionimages/19001949/1944/1944.100.58799.rev.width350.jpg"]},{"from":149,"to":150,"title":"RIC III Antoninus Pius 451. 1956.127.758","image_urls":["http://numismatics.org/collectionimages/19501999/1956/1956.127.758.rev.width350.jpg"]},{"from":149,"to":150,"title":"Bronze Drachm of Marcus Aurelius, Alexandreia, AD 149 - AD 150. 1944.100.61219","image_urls":["http://numismatics.org/collectionimages/19001949/1944/1944.100.61219.rev.width350.jpg"]},{"from":149,"to":150,"title":"Silver Tetradrachm, Seleuceia ad Tigrim, AD 149 - AD 150. 1944.100.83455","image_urls":["http://numismatics.org/collectionimages/19001949/1944/1944.100.83455.rev.width350.jpg"]},{"from":149,"to":150,"title":"Billon Tetradrachm of Antoninus Pius, Alexandreia, AD 149 - AD 150. 1944.100.58814","image_urls":["http://numismatics.org/collectionimages/19001949/1944/1944.100.58814.rev.width350.jpg"]},{"from":149,"to":150,"title":"Billon Tetradrachm of Marcus Aurelius, Alexandreia, AD 149 - AD 150. 1944.100.61075","image_urls":["http://numismatics.org/collectionimages/19001949/1944/1944.100.61075.rev.width350.jpg"]},{"from":149,"to":150,"title":"RIC III Antoninus Pius 188. 1956.127.423","image_urls":["http://numismatics.org/collectionimages/19501999/1956/1956.127.423.rev.width350.jpg"]},{"from":149,"to":150,"title":"Bronze Tetradrachm, Alexandreia, AD 149 - AD 150. 1973.56.914","image_urls":["http://numismatics.org/collectionimages/19501999/1973/1973.56.914.rev.width350.jpg"]},{"from":149,"to":150,"title":"Silver Tetradrachm, Seleuceia ad Tigrim, AD 149 - AD 150. 1944.100.83461","image_urls":["http://numismatics.org/collectionimages/19001949/1944/1944.100.83461.rev.width350.jpg"]},{"from":149,"to":150,"title":"Billon Tetradrachm of Antoninus Pius, Alexandreia, AD 149 - AD 150. 1944.100.58817","image_urls":["http://numismatics.org/collectionimages/19001949/1944/1944.100.58817.rev.width350.jpg"]},{"from":149,"to":150,"title":"Bronze Coin, Caesareia ad Libanum, AD 149 - AD 150. 1944.100.70922","image_urls":["http://numismatics.org/collectionimages/19001949/1944/1944.100.70922.rev.width350.jpg"]},{"from":149,"to":150,"title":"RIC III Antoninus Pius 451. 1956.127.759","image_urls":["http://numismatics.org/collectionimages/19501999/1956/1956.127.759.rev.width350.jpg"]},{"from":149,"to":150,"title":"Billon Tetradrachm of Antoninus Pius, Alexandreia, AD 149 - AD 150. 1974.26.3579","image_urls":["http://numismatics.org/collectionimages/19501999/1974/1974.26.3579.rev.width350.jpg"]},{"from":149,"to":150,"title":"Bronze Drachm of Antoninus Pius, Alexandreia, AD 149 - AD 150. 1944.100.60622","image_urls":["http://numismatics.org/collectionimages/19001949/1944/1944.100.60622.rev.width350.jpg"]},{"from":149,"to":150,"title":"RIC III Antoninus Pius 188. 1911.23.212","image_urls":["http://numismatics.org/collectionimages/19001949/1911/1911.23.212.rev.width350.jpg"]},{"from":149,"to":150,"title":"Bronze Drachm of Antoninus Pius, Alexandreia, AD 149 - AD 150. 1944.100.60604","image_urls":["http://numismatics.org/collectionimages/19001949/1944/1944.100.60604.rev.width350.jpg"]},{"from":149,"to":150,"title":"Bronze Drachm of Antoninus Pius, Alexandreia, AD 149 - AD 150. 1944.100.60594","image_urls":["http://numismatics.org/collectionimages/19001949/1944/1944.100.60594.rev.width350.jpg"]},{"from":149,"to":150,"title":"Bronze Drachm of Antoninus Pius, Alexandreia, AD 149 - AD 150. 1944.100.60610","image_urls":["http://numismatics.org/collectionimages/19001949/1944/1944.100.60610.rev.width350.jpg"]},{"from":149,"to":150,"title":"Silver Tetradrachm, Seleuceia ad Tigrim, AD 149 - AD 150. 1944.100.83400","image_urls":["http://numismatics.org/collectionimages/19001949/1944/1944.100.83400.rev.width350.jpg"]},{"from":149,"to":150,"title":"Billon Tetradrachm of Marcus Aurelius, Alexandreia, AD 149 - AD 150. 1944.100.61074","image_urls":["http://numismatics.org/collectionimages/19001949/1944/1944.100.61074.rev.width350.jpg"]},{"from":149,"to":150,"title":"Bronze Drachm, Alexandreia, AD 149 - AD 150. 1944.100.61538","image_urls":["http://numismatics.org/collectionimages/19001949/1944/1944.100.61538.rev.width350.jpg"]},{"from":149,"to":150,"title":"Bronze Drachm of Antoninus Pius, Alexandreia, AD 149 - AD 150. 1944.100.60616","image_urls":["http://numismatics.org/collectionimages/19001949/1944/1944.100.60616.rev.width350.jpg"]},{"from":149,"to":150,"title":"RIC III Antoninus Pius 188. 1944.100.48155","image_urls":["http://numismatics.org/collectionimages/19001949/1944/1944.100.48155.rev.width350.jpg"]},{"from":149,"to":150,"title":"Billon Tetradrachm of Antoninus Pius, Alexandreia, AD 149 - AD 150. 1974.26.3583","image_urls":["http://numismatics.org/collectionimages/19501999/1974/1974.26.3583.rev.width350.jpg"]}]