[{"from":15,"to":16,"title":"LIN-3F2432: A coin issued by Tiberius","image_urls":["https://finds.org.uk/images/adaubney/LIN6533.JPG"]},{"from":15,"to":16,"title":"Bronze Coin of Tiberius, Aradus, AD 15 - AD 16. 1944.100.70730","image_urls":["http://numismatics.org/collectionimages/19001949/1944/1944.100.70730.rev.width350.jpg"]},{"from":15,"to":16,"title":"RIC I (second edition) Tiberius 34. 1944.100.39275","image_urls":["http://numismatics.org/collectionimages/19001949/1944/1944.100.39275.rev.width350.jpg"]},{"from":15,"to":16,"title":"RIC I (second edition) Tiberius 5. 1944.100.39242","image_urls":["http://numismatics.org/collectionimages/19001949/1944/1944.100.39242.rev.width350.jpg"]},{"from":15,"to":16,"title":"RIC I (second edition) Tiberius 33. 1944.100.39274","image_urls":["http://numismatics.org/collectionimages/19001949/1944/1944.100.39274.rev.width350.jpg"]},{"from":15,"to":16,"title":"RIC I (second edition) Tiberius 33. 1905.98.3","image_urls":["http://numismatics.org/collectionimages/19001949/1905/1905.98.3.rev.width350.jpg"]},{"from":15,"to":16,"title":"RIC I (second edition) Tiberius 34. 1944.100.39276","image_urls":["http://numismatics.org/collectionimages/19001949/1944/1944.100.39276.rev.width350.jpg"]},{"from":15,"to":16,"title":"RIC I (second edition) Tiberius 34. 1957.172.1515","image_urls":["http://numismatics.org/collectionimages/19501999/1957/1957.172.1515.rev.width350.jpg"]},{"from":15,"to":16,"title":"RIC I (second edition) Tiberius 72. 1944.100.39229","image_urls":["http://numismatics.org/collectionimages/19001949/1944/1944.100.39229.rev.width350.jpg"]},{"from":15,"to":16,"title":"RIC I (second edition) Tiberius 34. 1947.2.417","image_urls":["http://numismatics.org/collectionimages/19001949/1947/1947.2.417.rev.width350.jpg"]},{"from":15,"to":16,"title":"RIC I (second edition) Tiberius 33. 1924.154.1","image_urls":["http://numismatics.org/collectionimages/19001949/1924/1924.154.1.rev.width350.jpg"]},{"from":15,"to":16,"title":"RIC I (second edition) Tiberius 72. 1906.236.203","image_urls":["http://numismatics.org/collectionimages/19001949/1906/1906.236.203.rev.width350.jpg"]},{"from":15,"to":16,"title":"RIC I (second edition) Tiberius 4. 1944.100.39240","image_urls":["http://numismatics.org/collectionimages/19001949/1944/1944.100.39240.rev.width350.jpg"]},{"from":15,"to":16,"title":"RIC I (second edition) Tiberius 4. 1987.26.133","image_urls":["http://numismatics.org/collectionimages/19501999/1987/1987.26.133.rev.width350.jpg"]},{"from":15,"to":16,"title":"RIC I (second edition) Tiberius 34. 1906.236.207","image_urls":["http://numismatics.org/collectionimages/19001949/1906/1906.236.207.rev.width350.jpg"]},{"from":15,"to":16,"title":"RIC I (second edition) Tiberius 72. 1953.171.1316","image_urls":["http://numismatics.org/collectionimages/19501999/1953/1953.171.1316.rev.width350.jpg"]},{"from":15,"to":16,"title":"RIC I (second edition) Tiberius 72. 1944.100.39230","image_urls":["http://numismatics.org/collectionimages/19001949/1944/1944.100.39230.rev.width350.jpg"]},{"from":15,"to":16,"title":"RIC I (second edition) Tiberius 3. 1944.100.39239","image_urls":["http://numismatics.org/collectionimages/19001949/1944/1944.100.39239.rev.width350.jpg"]}]