[{"from":150,"to":260,"title":"SOM-D6F8B6: A coin issued by Uncertain - 1st-mid 3rd century","image_urls":["https://finds.org.uk/images/elburnett/SOM-D6F8B6.JPG"]},{"from":150,"to":200,"title":"IOW-44B4A1: A coin issued by Commodus","image_urls":["https://finds.org.uk/images/fbasford/IOW2006-100-3.JPG"]},{"from":150,"to":200,"title":"HESH-14CFE6: A coin issued by Marcus Aurelius (as Augustus)","image_urls":["https://finds.org.uk/images/preavill/HESH-14CFE6a.jpg"]},{"from":150,"to":151,"title":"SUR-020831: A coin issued by Antoninus Pius","image_urls":["https://finds.org.uk/images/dwilliams/11-1464.jpg"]},{"from":150,"to":250,"title":"BERK-BC9577: A coin issued by Severan (uncertain)","image_urls":["https://finds.org.uk/images/abyard/2010677.jpg"]},{"from":150,"to":151,"title":"FAPJW-2D0DF7: A coin issued by Antoninus Pius","image_urls":["https://finds.org.uk/images/pwalton/FAPJW-2DODF7.jpg"]},{"from":150,"to":151,"title":"GLO-2809B5: A coin issued by Antoninus Pius","image_urls":["https://finds.org.uk/images/kadams/DSC_0302%20copy.jpg"]},{"from":150,"to":151,"title":"YORYM-F353D4: A coin issued by Antoninus Pius","image_urls":["https://finds.org.uk/images/bmorris/RW0112.jpg"]},{"from":150,"to":156,"title":"WILT-305671: A coin issued by Antoninus Pius","image_urls":["https://finds.org.uk/images/khinds/Stone0311sestertius.jpg"]},{"from":150,"to":402,"title":"NARC-B4C265: A coin issued by Uncertain - 1st-mid 3rd century","image_urls":["https://finds.org.uk/images/jcassidy/NARC-B4C265%20b.jpg"]},{"from":150,"to":153,"title":"NCL-AACD26: A coin issued by Antoninus Pius","image_urls":["https://finds.org.uk/images/pwalton/1047.jpg"]},{"from":150,"to":151,"title":"LEIC-1318C5: A coin issued by Antoninus Pius","image_urls":["https://finds.org.uk/images/wscott/LEIC1318C5.jpg"]},{"from":150,"to":158,"title":"LIN-903785: A coin issued by Marcus Aurelius (as Caesar)","image_urls":["https://finds.org.uk/images/adaubney/ST129.jpg"]},{"from":150,"to":151,"title":"SWYOR-B3C343: A coin issued by Antoninus Pius","image_urls":["https://finds.org.uk/images/acooper/PAS_2582_coin_1.jpg"]},{"from":150,"to":150,"title":"HAMP-13E360: A coin issued by Faustina the Elder","image_urls":["https://finds.org.uk/images/rwebley/HAMP-13E360FaustinaIdenarius.jpg"]},{"from":150,"to":150,"title":"SWYOR-5FF6E4: A coin issued by Faustina II under Antoninus Pius","image_urls":["https://finds.org.uk/images/acooper/PAS_2414_denarius.jpg"]},{"from":150,"to":260,"title":"NARC-7E3098: A coin issued by Uncertain - 1st-mid 3rd century","image_urls":["https://finds.org.uk/images/jcassidy/NARC-7E3098b.JPG"]},{"from":150,"to":151,"title":"WILT-6F6C15: A coin issued by Antoninus Pius","image_urls":["https://finds.org.uk/images/khinds/WILT-6F6C15.jpg"]},{"from":150,"to":151,"title":"SWYOR-D56C35: A coin issued by Antoninus Pius","image_urls":["https://finds.org.uk/images/bloom/PAS_1846_denarius.jpg"]},{"from":150,"to":151,"title":"RIC III Antoninus Pius 202b. 1995.11.380","image_urls":["http://numismatics.org/collectionimages/19501999/1995/1995.11.380.rev.width350.jpg"]},{"from":150,"to":151,"title":"Bronze Tetradrachm of Marcus Aurelius, Alexandreia, AD 150 - AD 151. 1973.56.915","image_urls":["http://numismatics.org/collectionimages/19501999/1973/1973.56.915.rev.width350.jpg"]},{"from":150,"to":151,"title":"Bronze Drachm of Antoninus Pius, Alexandreia, AD 150 - AD 151. 1944.100.60633","image_urls":["http://numismatics.org/collectionimages/19001949/1944/1944.100.60633.rev.width350.jpg"]},{"from":150,"to":151,"title":"Billon Tetradrachm of Antoninus Pius, Alexandreia, AD 150 - AD 151. 1944.100.58842","image_urls":["http://numismatics.org/collectionimages/19001949/1944/1944.100.58842.rev.width350.jpg"]},{"from":150,"to":151,"title":"RIC III Antoninus Pius 877. 1995.11.425","image_urls":["http://numismatics.org/collectionimages/19501999/1995/1995.11.425.rev.width350.jpg"]},{"from":150,"to":151,"title":"Bronze Drachm of Marcus Aurelius, Alexandreia, AD 150 - AD 151. 1974.26.3792","image_urls":["http://numismatics.org/collectionimages/19501999/1974/1974.26.3792.rev.width350.jpg"]},{"from":150,"to":151,"title":"RIC III Antoninus Pius 201. 1980.109.345","image_urls":["http://numismatics.org/collectionimages/19501999/1980/1980.109.345.rev.width350.jpg"]},{"from":150,"to":151,"title":"RIC III Antoninus Pius 201. 1956.127.430","image_urls":["http://numismatics.org/collectionimages/19501999/1956/1956.127.430.rev.width350.jpg"]},{"from":150,"to":151,"title":"RIC III Antoninus Pius 196. 1956.127.424","image_urls":["http://numismatics.org/collectionimages/19501999/1956/1956.127.424.rev.width350.jpg"]},{"from":150,"to":151,"title":"Billon Tetradrachm of Antoninus Pius, Alexandreia, AD 150 - AD 151. 1973.56.741","image_urls":["http://numismatics.org/collectionimages/19501999/1973/1973.56.741.rev.width350.jpg"]},{"from":150,"to":151,"title":"RIC III Antoninus Pius 199C. 1954.256.19","image_urls":["http://numismatics.org/collectionimages/19501999/1954/1954.256.19.rev.width350.jpg"]},{"from":150,"to":151,"title":"RIC III Antoninus Pius 200C (denarius). 1956.127.427","image_urls":["http://numismatics.org/collectionimages/19501999/1956/1956.127.427.rev.width350.jpg"]},{"from":150,"to":151,"title":"RIC III Antoninus Pius 202b. 1911.23.217","image_urls":["http://numismatics.org/collectionimages/19001949/1911/1911.23.217.rev.width350.jpg"]},{"from":150,"to":151,"title":"RIC III Antoninus Pius 871A. 1906.236.353","image_urls":["http://numismatics.org/collectionimages/19001949/1906/1906.236.353.rev.width350.jpg"]},{"from":150,"to":151,"title":"RIC III Antoninus Pius 196. 1911.23.213","image_urls":["http://numismatics.org/collectionimages/19001949/1911/1911.23.213.rev.width350.jpg"]},{"from":150,"to":151,"title":"RIC III Antoninus Pius 202b. 1948.19.1261","image_urls":["http://numismatics.org/collectionimages/19001949/1948/1948.19.1261.rev.width350.jpg"]},{"from":150,"to":151,"title":"RIC III Antoninus Pius 202b. 1944.100.48157","image_urls":["http://numismatics.org/collectionimages/19001949/1944/1944.100.48157.rev.width350.jpg"]},{"from":150,"to":151,"title":"Bronze Drachm, Alexandreia, AD 150 - AD 151. 1944.100.61541","image_urls":["http://numismatics.org/collectionimages/19001949/1944/1944.100.61541.rev.width350.jpg"]},{"from":150,"to":151,"title":"RIC III Antoninus Pius 192D. 1966.62.6","image_urls":["http://numismatics.org/collectionimages/19501999/1966/1966.62.6.rev.width350.jpg"]},{"from":150,"to":151,"title":"RIC III Antoninus Pius 871A. 1978.64.433","image_urls":["http://numismatics.org/collectionimages/19501999/1978/1978.64.433.rev.width350.jpg"]},{"from":150,"to":151,"title":"RIC III Antoninus Pius 872. 1957.172.1723","image_urls":["http://numismatics.org/collectionimages/19501999/1957/1957.172.1723.rev.width350.jpg"]},{"from":150,"to":151,"title":"RIC III Antoninus Pius 200C (denarius). 1956.127.1867","image_urls":["http://numismatics.org/collectionimages/19501999/1956/1956.127.1867.rev.width350.jpg"]},{"from":150,"to":151,"title":"RIC III Antoninus Pius 871A. 1906.236.354","image_urls":["http://numismatics.org/collectionimages/19001949/1906/1906.236.354.rev.width350.jpg"]},{"from":150,"to":151,"title":"Silver Tetradrachm, Seleuceia ad Tigrim, AD 150 - AD 151. 1944.100.83401","image_urls":["http://numismatics.org/collectionimages/19001949/1944/1944.100.83401.rev.width350.jpg"]},{"from":150,"to":151,"title":"RIC III Antoninus Pius 202b. 1956.127.1868","image_urls":["http://numismatics.org/collectionimages/19501999/1956/1956.127.1868.rev.width350.jpg"]},{"from":150,"to":151,"title":"RIC III Antoninus Pius 200C (denarius). 1911.23.216","image_urls":["http://numismatics.org/collectionimages/19001949/1911/1911.23.216.rev.width350.jpg"]},{"from":150,"to":151,"title":"RIC III Antoninus Pius 200C (denarius). 1956.127.428","image_urls":["http://numismatics.org/collectionimages/19501999/1956/1956.127.428.rev.width350.jpg"]},{"from":150,"to":151,"title":"Bronze Drachm of Antoninus Pius, Alexandreia, AD 150 - AD 151. 1944.100.60632","image_urls":["http://numismatics.org/collectionimages/19001949/1944/1944.100.60632.rev.width350.jpg"]},{"from":150,"to":151,"title":"RIC III Antoninus Pius 200C (denarius). 1956.127.429","image_urls":["http://numismatics.org/collectionimages/19501999/1956/1956.127.429.rev.width350.jpg"]},{"from":150,"to":151,"title":"RIC III Antoninus Pius 202b. 1948.19.1260","image_urls":["http://numismatics.org/collectionimages/19001949/1948/1948.19.1260.rev.width350.jpg"]},{"from":150,"to":151,"title":"Silver Denarius of Antoninus Pius, Rome, AD 150 - AD 151. 1956.127.426","image_urls":["http://numismatics.org/collectionimages/19501999/1956/1956.127.426.rev.width350.jpg"]},{"from":150,"to":151,"title":"RIC III Antoninus Pius 202b. 1997.123.4","image_urls":["http://numismatics.org/collectionimages/19501999/1997/1997.123.4.rev.width350.jpg"]},{"from":150,"to":151,"title":"RIC III Antoninus Pius 200A. 1967.50.3","image_urls":["http://numismatics.org/collectionimages/19501999/1967/1967.50.3.rev.width350.jpg"]},{"from":150,"to":151,"title":"RIC III Antoninus Pius 874. 1984.176.30","image_urls":["http://numismatics.org/collectionimages/19501999/1984/1984.176.30.rev.width350.jpg"]},{"from":150,"to":151,"title":"Bronze Drachm of Antoninus Pius, Alexandreia, AD 150 - AD 151. 1944.100.60623","image_urls":["http://numismatics.org/collectionimages/19001949/1944/1944.100.60623.rev.width350.jpg"]},{"from":150,"to":151,"title":"RIC III Antoninus Pius 202b. 1956.127.432","image_urls":["http://numismatics.org/collectionimages/19501999/1956/1956.127.432.rev.width350.jpg"]},{"from":150,"to":151,"title":"RIC III Antoninus Pius 202b. 1944.100.48156","image_urls":["http://numismatics.org/collectionimages/19001949/1944/1944.100.48156.rev.width350.jpg"]},{"from":150,"to":151,"title":"Bronze Drachm of Antoninus Pius, Alexandreia, AD 150 - AD 151. 1944.100.60626","image_urls":["http://numismatics.org/collectionimages/19001949/1944/1944.100.60626.rev.width350.jpg"]},{"from":150,"to":151,"title":"RIC III Antoninus Pius 880. 1944.100.48280","image_urls":["http://numismatics.org/collectionimages/19001949/1944/1944.100.48280.rev.width350.jpg"]},{"from":150,"to":151,"title":"Billon Tetradrachm, Alexandreia, AD 150 - AD 151. 1944.100.61463","image_urls":["http://numismatics.org/collectionimages/19001949/1944/1944.100.61463.rev.width350.jpg"]},{"from":150,"to":151,"title":"Billon Tetradrachm of Antoninus Pius, Alexandreia, AD 150 - AD 151. 1944.100.58827","image_urls":["http://numismatics.org/collectionimages/19001949/1944/1944.100.58827.rev.width350.jpg"]},{"from":150,"to":175,"title":"Silver tetradrachm, Mylasa, AD 175 - AD 150. 2010.26.2","image_urls":["http://numismatics.org/collectionimages/20002049/2010/2010.26.2.rev.width350.jpg"]},{"from":150,"to":155,"title":"Billon Tetradrachm of Marcus Aurelius, Alexandreia, AD 150 - AD 155. 1944.100.61198","image_urls":["http://numismatics.org/collectionimages/19001949/1944/1944.100.61198.rev.width350.jpg"]},{"from":150,"to":175,"title":"Silver tetradrachm, Mylasa, AD 175 - AD 150. 2010.26.1","image_urls":["http://numismatics.org/collectionimages/20002049/2010/2010.26.1.rev.width350.jpg"]},{"from":150,"to":151,"title":"RIC III Antoninus Pius 201. 1956.127.431","image_urls":["http://numismatics.org/collectionimages/19501999/1956/1956.127.431.rev.width350.jpg"]},{"from":150,"to":151,"title":"Bronze Coin, Caesareia ad Libanum, AD 150 - AD 151. 1944.100.70923","image_urls":["http://numismatics.org/collectionimages/19001949/1944/1944.100.70923.rev.width350.jpg"]},{"from":150,"to":151,"title":"RIC III Antoninus Pius 880. 1944.100.48281","image_urls":["http://numismatics.org/collectionimages/19001949/1944/1944.100.48281.rev.width350.jpg"]},{"from":150,"to":151,"title":"RIC III Antoninus Pius 194. 1911.23.215","image_urls":["http://numismatics.org/collectionimages/19001949/1911/1911.23.215.rev.width350.jpg"]},{"from":150,"to":151,"title":"Bronze Drachm of Antoninus Pius, Alexandreia, AD 150 - AD 151. 1944.100.60655","image_urls":["http://numismatics.org/collectionimages/19001949/1944/1944.100.60655.rev.width350.jpg"]},{"from":150,"to":151,"title":"Bronze Drachm of Antoninus Pius, Alexandreia, AD 150 - AD 151. 1944.100.60640","image_urls":["http://numismatics.org/collectionimages/19001949/1944/1944.100.60640.rev.width350.jpg"]},{"from":150,"to":151,"title":"Billon Tetradrachm of Antoninus Pius, Alexandreia, AD 150 - AD 151. 1944.100.58837","image_urls":["http://numismatics.org/collectionimages/19001949/1944/1944.100.58837.rev.width350.jpg"]},{"from":150,"to":151,"title":"RIC III Antoninus Pius 194. 1956.127.425","image_urls":["http://numismatics.org/collectionimages/19501999/1956/1956.127.425.rev.width350.jpg"]},{"from":150,"to":151,"title":"Bronze Diobol of Antoninus Pius, Alexandreia, AD 150 - AD 151. 1944.100.60646","image_urls":["http://numismatics.org/collectionimages/19001949/1944/1944.100.60646.rev.width350.jpg"]},{"from":150,"to":151,"title":"RIC III Antoninus Pius 880. 1995.11.423","image_urls":["http://numismatics.org/collectionimages/19501999/1995/1995.11.423.rev.width350.jpg"]},{"from":150,"to":151,"title":"Bronze Drachm of Antoninus Pius, Alexandreia, AD 150 - AD 151. 1973.56.826","image_urls":["http://numismatics.org/collectionimages/19501999/1973/1973.56.826.rev.width350.jpg"]},{"from":150,"to":151,"title":"RIC III Antoninus Pius 192D. 1972.62.7","image_urls":["http://numismatics.org/collectionimages/19501999/1972/1972.62.7.rev.width350.jpg"]},{"from":150,"to":151,"title":"RIC III Antoninus Pius 880. 1974.26.1052","image_urls":["http://numismatics.org/collectionimages/19501999/1974/1974.26.1052.rev.width350.jpg"]},{"from":150,"to":151,"title":"RIC III Antoninus Pius 193. 1911.23.214","image_urls":["http://numismatics.org/collectionimages/19001949/1911/1911.23.214.rev.width350.jpg"]},{"from":150,"to":151,"title":"Bronze Drachm of Antoninus Pius, Alexandreia, AD 150 - AD 151. 1944.100.60635","image_urls":["http://numismatics.org/collectionimages/19001949/1944/1944.100.60635.rev.width350.jpg"]}]