[{"from":1509,"to":1547,"title":"LIN-1E5A03: A coin issued by Henry VIII of England","image_urls":["https://finds.org.uk/images/adaubney/LIN3912.jpg"]},{"from":1509,"to":1547,"title":"LIN-C707D4: A coin issued by Henry VIII of England","image_urls":["https://finds.org.uk/images/adaubney/LIN676.JPG"]},{"from":1509,"to":1547,"title":"LIN-7DB644: A coin issued by Henry VIII of England","image_urls":["https://finds.org.uk/images/adaubney/LIN3853.jpg"]},{"from":1509,"to":1526,"title":"CAM-7F48D2: A coin issued by Henry VIII of England","image_urls":["https://finds.org.uk/images/pjw/henviiicanterhg.jpg"]}]