[{"from":151,"to":154,"title":"LVPL-F17185: A coin issued by Antoninus Pius","image_urls":["https://finds.org.uk/images/fmcintosh/pay%20109.jpg"]},{"from":151,"to":153,"title":"NCL-027006: A coin issued by Antoninus Pius","image_urls":["https://finds.org.uk/images/pwalton/1103.jpg"]},{"from":151,"to":152,"title":"SF-F57135: A coin issued by Antoninus Pius","image_urls":["https://finds.org.uk/images/jcarr/SEY%20SF-F57135.jpg"]},{"from":151,"to":152,"title":"FAPJW-6091B3: A coin issued by Antoninus Pius","image_urls":["https://finds.org.uk/images/pwalton/7038.jpg"]},{"from":151,"to":152,"title":"NCL-37D545: A coin issued by Antoninus Pius","image_urls":["https://finds.org.uk/images/pwalton/710.jpg"]},{"from":151,"to":152,"title":"WAW-62AEF6: A coin issued by Marcus Aurelius (as Caesar)","image_urls":["https://finds.org.uk/images/tgilmore/WAW-62AEF6.jpg"]},{"from":151,"to":152,"title":"LANCUM-4275B5: A coin issued by Antoninus Pius","image_urls":["https://finds.org.uk/images/dboughton/THDA4275B5.jpg"]},{"from":151,"to":153,"title":"SUSS-F68E52: A coin issued by Antoninus Pius","image_urls":["https://finds.org.uk/images/lwalker/SUSS-F68E52AntPSestertius.jpg"]},{"from":151,"to":156,"title":"NCL-0933E0: A coin issued by Antoninus Pius","image_urls":["https://finds.org.uk/images/pwalton/448.jpg"]},{"from":151,"to":152,"title":"NCL-66FDE1: A coin issued by Antoninus Pius","image_urls":["https://finds.org.uk/images/rcollins/NCL-66FDE1.JPG"]},{"from":151,"to":152,"title":"NCL-EF20A6: A coin issued by Antoninus Pius","image_urls":["https://finds.org.uk/images/pwalton/915.jpg"]},{"from":151,"to":152,"title":"LEIC-D393B2: A coin issued by Antoninus Pius","image_urls":["https://finds.org.uk/images/annab/LEIC-D393B2.jpg"]},{"from":151,"to":152,"title":"SF-7C43D0: A coin issued by Antoninus Pius","image_urls":["https://finds.org.uk/images/abrown/BND_SF7C43D0.jpg"]},{"from":151,"to":152,"title":"WILT-48ED06: A coin issued by Antoninus Pius","image_urls":["https://finds.org.uk/images/khinds/cherhill%20coin.jpg"]},{"from":151,"to":152,"title":"CORN-91F4F7: A coin issued by Marcus Aurelius (as Caesar)","image_urls":["https://finds.org.uk/images/atyacke/MarcusAureliusasrev.JPG"]},{"from":151,"to":152,"title":"HESH-6EAE80: A coin issued by Antoninus Pius","image_urls":["https://finds.org.uk/images/preavill/HESH-6EAE80.jpg"]},{"from":151,"to":153,"title":"SOM-1D2723: A coin issued by Antoninus Pius","image_urls":["https://finds.org.uk/images/elburnett/SOM-1D2723.JPG"]},{"from":151,"to":152,"title":"WMID-C8393B: A coin issued by Antoninus Pius","image_urls":["https://finds.org.uk/images/hglenn/WMID-C8393B.jpg"]},{"from":151,"to":152,"title":"LANCUM-6EFCC3: A coin issued by Marcus Aurelius (as Caesar)","image_urls":["https://finds.org.uk/images/dboughton/THTT6EFCC3.jpg"]},{"from":151,"to":153,"title":"BM-53FC71: A coin with an unrecorded/uncertain issuer.","image_urls":["https://finds.org.uk/images/jasonlundock/1511.jpg"]},{"from":151,"to":153,"title":"SOMDOR-979390: A coin issued by Antoninus Pius","image_urls":["https://finds.org.uk/images/npayne/979390.jpg"]},{"from":151,"to":152,"title":"BM-27CE72: A coin issued by Marcus Aurelius (as Caesar)","image_urls":["https://finds.org.uk/images/jasonlundock/1042.jpg"]},{"from":151,"to":154,"title":"DUR-3821E6: A coin issued by Marcus Aurelius (as Caesar)","image_urls":["https://finds.org.uk/images/frances/turner%203%20DUR-3821E6.jpg"]},{"from":151,"to":153,"title":"DOR-995004: A coin issued by Antoninus Pius","image_urls":["https://finds.org.uk/images/caht/995004.jpg"]},{"from":151,"to":153,"title":"WILT-D77FC3: A coin issued by Marcus Aurelius (as Caesar)","image_urls":["https://finds.org.uk/images/jshoemark/WILT-D77FC3.jpg"]},{"from":151,"to":154,"title":"HESH-E2F325: A coin issued by Antoninus Pius","image_urls":["https://finds.org.uk/images/preavill/HESH-E2F325.jpg"]},{"from":151,"to":152,"title":"RIC III Antoninus Pius 1305A (dupondius). 1976.205.1","image_urls":["http://numismatics.org/collectionimages/19501999/1976/1976.205.1.rev.width350.jpg"]},{"from":151,"to":152,"title":"RIC III Antoninus Pius 885. 1995.11.170","image_urls":["http://numismatics.org/collectionimages/19501999/1995/1995.11.170.rev.width350.jpg"]},{"from":151,"to":152,"title":"RIC III Antoninus Pius 204. 1911.23.220","image_urls":["http://numismatics.org/collectionimages/19001949/1911/1911.23.220.rev.width350.jpg"]},{"from":151,"to":152,"title":"Billon Tetradrachm, Alexandreia, AD 151 - AD 152. 1973.56.918","image_urls":["http://numismatics.org/collectionimages/19501999/1973/1973.56.918.rev.width350.jpg"]},{"from":151,"to":152,"title":"RIC III Antoninus Pius 453A. 1944.100.49021","image_urls":["http://numismatics.org/collectionimages/19001949/1944/1944.100.49021.rev.width350.jpg"]},{"from":151,"to":152,"title":"Bronze Drachm, Alexandreia, AD 151 - AD 152. 1973.56.924","image_urls":["http://numismatics.org/collectionimages/19501999/1973/1973.56.924.rev.width350.jpg"]},{"from":151,"to":152,"title":"RIC III Antoninus Pius 203. 1956.127.436","image_urls":["http://numismatics.org/collectionimages/19501999/1956/1956.127.436.rev.width350.jpg"]},{"from":151,"to":152,"title":"RIC III Antoninus Pius 204. 1956.127.439","image_urls":["http://numismatics.org/collectionimages/19501999/1956/1956.127.439.rev.width350.jpg"]},{"from":151,"to":152,"title":"Bronze Obol of Antoninus Pius, Alexandreia, AD 151 - AD 152. 1944.100.61038","image_urls":["http://numismatics.org/collectionimages/19001949/1944/1944.100.61038.rev.width350.jpg"]},{"from":151,"to":152,"title":"RIC III Antoninus Pius 210. 1995.11.385","image_urls":["http://numismatics.org/collectionimages/19501999/1995/1995.11.385.rev.width350.jpg"]},{"from":151,"to":152,"title":"RIC III Antoninus Pius 897. 1906.236.355","image_urls":["http://numismatics.org/collectionimages/19001949/1906/1906.236.355.rev.width350.jpg"]},{"from":151,"to":152,"title":"Billon Tetradrachm of Marcus Aurelius, Alexandreia, AD 151 - AD 152. 1973.56.866","image_urls":["http://numismatics.org/collectionimages/19501999/1973/1973.56.866.rev.width350.jpg"]},{"from":151,"to":152,"title":"Bronze Drachm of Antoninus Pius, Alexandreia, AD 151 - AD 152. 1944.100.61040","image_urls":["http://numismatics.org/collectionimages/19001949/1944/1944.100.61040.rev.width350.jpg"]},{"from":151,"to":152,"title":"Bronze Drachm, Alexandreia, AD 151 - AD 152. 1944.100.61565","image_urls":["http://numismatics.org/collectionimages/19001949/1944/1944.100.61565.rev.width350.jpg"]},{"from":151,"to":152,"title":"RIC III Antoninus Pius 218. 1956.127.435","image_urls":["http://numismatics.org/collectionimages/19501999/1956/1956.127.435.rev.width350.jpg"]},{"from":151,"to":152,"title":"RIC III Antoninus Pius 204. 1956.127.1869","image_urls":["http://numismatics.org/collectionimages/19501999/1956/1956.127.1869.rev.width350.jpg"]},{"from":151,"to":152,"title":"RIC III Antoninus Pius 203. 1956.127.433","image_urls":["http://numismatics.org/collectionimages/19501999/1956/1956.127.433.rev.width350.jpg"]},{"from":151,"to":152,"title":"RIC III Antoninus Pius 891. 1995.11.146","image_urls":["http://numismatics.org/collectionimages/19501999/1995/1995.11.146.rev.width350.jpg"]},{"from":151,"to":152,"title":"Bronze Drachm of Marcus Aurelius, Alexandreia, AD 151 - AD 152. 1944.100.61230","image_urls":["http://numismatics.org/collectionimages/19001949/1944/1944.100.61230.rev.width350.jpg"]},{"from":151,"to":152,"title":"Bronze Drachm of Antoninus Pius, Alexandreia, AD 151 - AD 152. 1944.100.60683","image_urls":["http://numismatics.org/collectionimages/19001949/1944/1944.100.60683.rev.width350.jpg"]},{"from":151,"to":152,"title":"RIC III Antoninus Pius 889. 1983.42.5","image_urls":["http://numismatics.org/collectionimages/19501999/1983/1983.42.5.rev.width350.jpg"]},{"from":151,"to":152,"title":"RIC III Antoninus Pius 204. 1956.127.438","image_urls":["http://numismatics.org/collectionimages/19501999/1956/1956.127.438.rev.width350.jpg"]},{"from":151,"to":152,"title":"Bronze Drachm of Antoninus Pius, Alexandreia, AD 151 - AD 152. 1944.100.61041","image_urls":["http://numismatics.org/collectionimages/19001949/1944/1944.100.61041.rev.width350.jpg"]},{"from":151,"to":152,"title":"RIC III Antoninus Pius 453A. 1956.127.760","image_urls":["http://numismatics.org/collectionimages/19501999/1956/1956.127.760.rev.width350.jpg"]},{"from":151,"to":152,"title":"Bronze Obol of Marcus Aurelius, Alexandreia, AD 151 - AD 152. 1973.56.888","image_urls":["http://numismatics.org/collectionimages/19501999/1973/1973.56.888.rev.width350.jpg"]},{"from":151,"to":152,"title":"RIC III Antoninus Pius 213. 1965.66.4","image_urls":["http://numismatics.org/collectionimages/19501999/1965/1965.66.4.rev.width350.jpg"]},{"from":151,"to":152,"title":"Billon Tetradrachm of Antoninus Pius, Alexandreia, AD 151 - AD 152. 1944.100.58845","image_urls":["http://numismatics.org/collectionimages/19001949/1944/1944.100.58845.rev.width350.jpg"]},{"from":151,"to":152,"title":"Billon Tetradrachm, Alexandreia, AD 151 - AD 152. 1944.100.61472","image_urls":["http://numismatics.org/collectionimages/19001949/1944/1944.100.61472.rev.width350.jpg"]},{"from":151,"to":152,"title":"Bronze Drachm of Antoninus Pius, Alexandreia, AD 151 - AD 152. 1944.100.60680","image_urls":["http://numismatics.org/collectionimages/19001949/1944/1944.100.60680.rev.width350.jpg"]},{"from":151,"to":152,"title":"Billon Tetradrachm, Alexandreia, AD 151 - AD 152. 1973.56.917","image_urls":["http://numismatics.org/collectionimages/19501999/1973/1973.56.917.rev.width350.jpg"]},{"from":151,"to":152,"title":"RIC III Antoninus Pius 216E. 1969.26.3","image_urls":["http://numismatics.org/collectionimages/19501999/1969/1969.26.3.rev.width350.jpg"]},{"from":151,"to":152,"title":"RIC III Antoninus Pius 887. 1947.2.476","image_urls":["http://numismatics.org/collectionimages/19001949/1947/1947.2.476.rev.width350.jpg"]},{"from":151,"to":152,"title":"RIC III Antoninus Pius 1303. 1991.9.151","image_urls":["http://numismatics.org/collectionimages/19501999/1991/1991.9.151.rev.width350.jpg"]},{"from":151,"to":152,"title":"RIC III Antoninus Pius 890A. 1967.160.6","image_urls":["http://numismatics.org/collectionimages/19501999/1967/1967.160.6.rev.width350.jpg"]},{"from":151,"to":152,"title":"Bronze Drachm of Antoninus Pius, Alexandreia, AD 151 - AD 152. 1944.100.61039","image_urls":["http://numismatics.org/collectionimages/19001949/1944/1944.100.61039.rev.width350.jpg"]},{"from":151,"to":152,"title":"RIC III Antoninus Pius 891. 1995.11.147","image_urls":["http://numismatics.org/collectionimages/19501999/1995/1995.11.147.rev.width350.jpg"]},{"from":151,"to":152,"title":"RIC III Antoninus Pius 216Aa. 1956.127.434","image_urls":["http://numismatics.org/collectionimages/19501999/1956/1956.127.434.rev.width350.jpg"]},{"from":151,"to":152,"title":"RIC III Antoninus Pius 216Aa. 1911.23.218","image_urls":["http://numismatics.org/collectionimages/19001949/1911/1911.23.218.rev.width350.jpg"]},{"from":151,"to":152,"title":"Bronze Drachm of Antoninus Pius, Alexandreia, AD 151 - AD 152. 1944.100.60659","image_urls":["http://numismatics.org/collectionimages/19001949/1944/1944.100.60659.rev.width350.jpg"]},{"from":151,"to":152,"title":"RIC III Antoninus Pius 204. 1944.100.48162","image_urls":["http://numismatics.org/collectionimages/19001949/1944/1944.100.48162.rev.width350.jpg"]},{"from":151,"to":152,"title":"Bronze Drachm of Antoninus Pius, Alexandreia, AD 151 - AD 152. 1944.100.60671","image_urls":["http://numismatics.org/collectionimages/19001949/1944/1944.100.60671.rev.width350.jpg"]},{"from":151,"to":152,"title":"Bronze Hemidrachm of Antoninus Pius, Alexandreia, AD 151 - AD 152. 1975.118.4","image_urls":["http://numismatics.org/collectionimages/19501999/1975/1975.118.4.rev.width350.jpg"]},{"from":151,"to":152,"title":"RIC III Antoninus Pius 206. 1972.62.8","image_urls":["http://numismatics.org/collectionimages/19501999/1972/1972.62.8.rev.width350.jpg"]},{"from":151,"to":152,"title":"Bronze Drachm of Antoninus Pius, Alexandreia, AD 151 - AD 152. 1944.100.60667","image_urls":["http://numismatics.org/collectionimages/19001949/1944/1944.100.60667.rev.width350.jpg"]},{"from":151,"to":152,"title":"RIC III Antoninus Pius 885. 1944.100.48284","image_urls":["http://numismatics.org/collectionimages/19001949/1944/1944.100.48284.rev.width350.jpg"]},{"from":151,"to":152,"title":"RIC III Antoninus Pius 217. 1944.100.48159","image_urls":["http://numismatics.org/collectionimages/19001949/1944/1944.100.48159.rev.width350.jpg"]},{"from":151,"to":152,"title":"RIC III Antoninus Pius 1302A. 1920.102.37","image_urls":["http://numismatics.org/collectionimages/19001949/1920/1920.102.37.rev.width350.jpg"]},{"from":151,"to":152,"title":"RIC III Antoninus Pius 894. 1963.267.11","image_urls":["http://numismatics.org/collectionimages/19501999/1963/1963.267.11.rev.width350.jpg"]},{"from":151,"to":152,"title":"RIC III Antoninus Pius 203. 1985.140.163","image_urls":["http://numismatics.org/collectionimages/19501999/1985/1985.140.163.rev.width350.jpg"]},{"from":151,"to":152,"title":"RIC III Antoninus Pius 204. 1956.127.1871","image_urls":["http://numismatics.org/collectionimages/19501999/1956/1956.127.1871.rev.width350.jpg"]},{"from":151,"to":152,"title":"Bronze Drachm of Antoninus Pius, Alexandreia, AD 151 - AD 152. 1973.56.827","image_urls":["http://numismatics.org/collectionimages/19501999/1973/1973.56.827.rev.width350.jpg"]},{"from":151,"to":152,"title":"RIC III Antoninus Pius 888. 1944.100.48282","image_urls":["http://numismatics.org/collectionimages/19001949/1944/1944.100.48282.rev.width350.jpg"]},{"from":151,"to":152,"title":"RIC III Antoninus Pius 456A (denarius). 1956.127.761","image_urls":["http://numismatics.org/collectionimages/19501999/1956/1956.127.761.rev.width350.jpg"]},{"from":151,"to":152,"title":"Billon Tetradrachm, Alexandreia, AD 151 - AD 152. 1944.100.61471","image_urls":["http://numismatics.org/collectionimages/19001949/1944/1944.100.61471.rev.width350.jpg"]},{"from":151,"to":152,"title":"RIC III Antoninus Pius 886. 1984.176.31","image_urls":["http://numismatics.org/collectionimages/19501999/1984/1984.176.31.rev.width350.jpg"]},{"from":151,"to":152,"title":"Bronze Drachm, Alexandreia, AD 151 - AD 152. 1944.100.61568","image_urls":["http://numismatics.org/collectionimages/19001949/1944/1944.100.61568.rev.width350.jpg"]},{"from":151,"to":152,"title":"RIC III Antoninus Pius 218. 1944.100.48160","image_urls":["http://numismatics.org/collectionimages/19001949/1944/1944.100.48160.rev.width350.jpg"]},{"from":151,"to":152,"title":"RIC III Antoninus Pius 205. 1944.100.48163","image_urls":["http://numismatics.org/collectionimages/19001949/1944/1944.100.48163.rev.width350.jpg"]},{"from":151,"to":152,"title":"RIC III Antoninus Pius 1305A (dupondius). 1951.61.66","image_urls":["http://numismatics.org/collectionimages/19501999/1951/1951.61.66.rev.width350.jpg"]},{"from":151,"to":152,"title":"RIC III Antoninus Pius 895. 1894.999.1","image_urls":["http://numismatics.org/collectionimages/00001899/1894/1894.999.1.rev.width350.jpg"]},{"from":151,"to":152,"title":"Bronze Drachm of Antoninus Pius, Alexandreia, AD 151 - AD 152. 1944.100.60670","image_urls":["http://numismatics.org/collectionimages/19001949/1944/1944.100.60670.rev.width350.jpg"]},{"from":151,"to":152,"title":"RIC III Antoninus Pius 1305B (dupondius). 1995.11.123","image_urls":["http://numismatics.org/collectionimages/19501999/1995/1995.11.123.rev.width350.jpg"]},{"from":151,"to":152,"title":"RIC III Antoninus Pius 1305A (dupondius). 1944.100.49046","image_urls":["http://numismatics.org/collectionimages/19001949/1944/1944.100.49046.rev.width350.jpg"]},{"from":151,"to":152,"title":"Bronze Drachm, Alexandreia, AD 151 - AD 152. 1944.100.61560","image_urls":["http://numismatics.org/collectionimages/19001949/1944/1944.100.61560.rev.width350.jpg"]},{"from":151,"to":152,"title":"RIC III Antoninus Pius 203. 1944.100.48161","image_urls":["http://numismatics.org/collectionimages/19001949/1944/1944.100.48161.rev.width350.jpg"]},{"from":151,"to":152,"title":"RIC III Antoninus Pius 216A. 1965.66.5","image_urls":["http://numismatics.org/collectionimages/19501999/1965/1965.66.5.rev.width350.jpg"]},{"from":151,"to":152,"title":"RIC III Antoninus Pius 889. 1995.11.159","image_urls":["http://numismatics.org/collectionimages/19501999/1995/1995.11.159.rev.width350.jpg"]},{"from":151,"to":152,"title":"Bronze Drachm, Alexandreia, AD 151 - AD 152. 1973.56.925","image_urls":["http://numismatics.org/collectionimages/19501999/1973/1973.56.925.rev.width350.jpg"]},{"from":151,"to":152,"title":"RIC III Antoninus Pius 203. 1947.2.467","image_urls":["http://numismatics.org/collectionimages/19001949/1947/1947.2.467.rev.width350.jpg"]},{"from":151,"to":152,"title":"RIC III Antoninus Pius 206. 1966.62.7","image_urls":["http://numismatics.org/collectionimages/19501999/1966/1966.62.7.rev.width350.jpg"]},{"from":151,"to":152,"title":"RIC III Antoninus Pius 886. 1963.267.10","image_urls":["http://numismatics.org/collectionimages/19501999/1963/1963.267.10.rev.width350.jpg"]},{"from":151,"to":152,"title":"Bronze Diobol, Alexandreia, AD 151 - AD 152. 1944.100.61575","image_urls":["http://numismatics.org/collectionimages/19001949/1944/1944.100.61575.rev.width350.jpg"]},{"from":151,"to":152,"title":"RIC III Antoninus Pius 209. 1944.100.48158","image_urls":["http://numismatics.org/collectionimages/19001949/1944/1944.100.48158.rev.width350.jpg"]},{"from":151,"to":152,"title":"Bronze Drachm, Alexandreia, AD 151 - AD 152. 1944.100.61563","image_urls":["http://numismatics.org/collectionimages/19001949/1944/1944.100.61563.rev.width350.jpg"]},{"from":151,"to":152,"title":"Bronze Dichalkon, Alexandreia, AD 151 - AD 152. 1974.26.3856","image_urls":["http://numismatics.org/collectionimages/19501999/1974/1974.26.3856.rev.width350.jpg"]},{"from":151,"to":152,"title":"RIC III Antoninus Pius 891. 1988.5.39","image_urls":["http://numismatics.org/collectionimages/19501999/1988/1988.5.39.rev.width350.jpg"]},{"from":151,"to":152,"title":"Bronze Drachm of Antoninus Pius, Alexandreia, AD 151 - AD 152. 1944.100.60661","image_urls":["http://numismatics.org/collectionimages/19001949/1944/1944.100.60661.rev.width350.jpg"]},{"from":151,"to":152,"title":"RIC III Antoninus Pius 204. 1956.127.437","image_urls":["http://numismatics.org/collectionimages/19501999/1956/1956.127.437.rev.width350.jpg"]},{"from":151,"to":152,"title":"Billon Tetradrachm of Marcus Aurelius, Alexandreia, AD 151 - AD 152. 1935.117.786","image_urls":["http://numismatics.org/collectionimages/19001949/1935/1935.117.786.rev.width350.jpg"]},{"from":151,"to":152,"title":"RIC III Antoninus Pius 204. 1956.127.1870","image_urls":["http://numismatics.org/collectionimages/19501999/1956/1956.127.1870.rev.width350.jpg"]},{"from":151,"to":152,"title":"RIC III Antoninus Pius 1304A. 1944.100.49045","image_urls":["http://numismatics.org/collectionimages/19001949/1944/1944.100.49045.rev.width350.jpg"]},{"from":151,"to":152,"title":"Bronze Drachm of Antoninus Pius, Alexandreia, AD 151 - AD 152. 1944.100.60663","image_urls":["http://numismatics.org/collectionimages/19001949/1944/1944.100.60663.rev.width350.jpg"]},{"from":151,"to":152,"title":"RIC III Antoninus Pius 889. 1944.100.48283","image_urls":["http://numismatics.org/collectionimages/19001949/1944/1944.100.48283.rev.width350.jpg"]},{"from":151,"to":152,"title":"Silver Tetradrachm, Seleuceia ad Tigrim, AD 151 - AD 152. 1944.100.83402","image_urls":["http://numismatics.org/collectionimages/19001949/1944/1944.100.83402.rev.width350.jpg"]},{"from":151,"to":152,"title":"RIC III Antoninus Pius 203. 1911.23.219","image_urls":["http://numismatics.org/collectionimages/19001949/1911/1911.23.219.rev.width350.jpg"]},{"from":151,"to":152,"title":"RIC III Antoninus Pius 1301. 1988.5.47","image_urls":["http://numismatics.org/collectionimages/19501999/1988/1988.5.47.rev.width350.jpg"]}]