[{"from":152,"to":156,"title":"BH-17B0F8: A coin issued by Antoninus Pius","image_urls":["https://finds.org.uk/images/jwatters/Roman%20coin%2006%20269%20-%205.jpg"]},{"from":152,"to":153,"title":"NCL-7177C3: A coin issued by Antoninus Pius","image_urls":["https://finds.org.uk/images/pwalton/899.jpg"]},{"from":152,"to":156,"title":"BERK-1D7AE3: A coin issued by Antoninus Pius","image_urls":["https://finds.org.uk/images/abyard/Rericha079.jpg"]},{"from":152,"to":155,"title":"WMID-4FC252: A coin issued by Antoninus Pius","image_urls":["https://finds.org.uk/images/tgilmore/wmid-4fc252.jpg"]},{"from":152,"to":153,"title":"NCL-EF5DA1: A coin issued by Antoninus Pius","image_urls":["https://finds.org.uk/images/pwalton/1133.jpg"]},{"from":152,"to":153,"title":"LIN-238382: A coin issued by Antoninus Pius","image_urls":["https://finds.org.uk/images/adaubney/LIN2011-613.jpg"]},{"from":152,"to":153,"title":"PUBLIC-7B0F34: A coin issued by Antoninus Pius","image_urls":["https://finds.org.uk/images/calow1/FLE151081.JPG"]},{"from":152,"to":153,"title":"WILT-EF8E57: A coin issued by Antoninus Pius","image_urls":["https://finds.org.uk/images/alysontanner/WILT-EF8E57.jpg"]},{"from":152,"to":153,"title":"DENO-3EDDC2: A coin issued by Antoninus Pius","image_urls":["https://finds.org.uk/images/arohde/E6418%20denarius%20-%20Antoninus%20Pius.jpg"]},{"from":152,"to":153,"title":"IOW-69FA46: A coin issued by Antoninus Pius","image_urls":["https://finds.org.uk/images/fbasford/IOW2014-5-9a.JPG"]},{"from":152,"to":153,"title":"KENT-D5E377: A coin issued by Antoninus Pius","image_urls":["https://finds.org.uk/images/jjackson/KENT-D5E377.jpg"]},{"from":152,"to":153,"title":"LIN-D79463: A coin issued by Antoninus Pius","image_urls":["https://finds.org.uk/images/adaubney/LIN2011-1008.jpg"]},{"from":152,"to":153,"title":"SWYOR-EC4E4E: A coin issued by Antoninus Pius","image_urls":["https://finds.org.uk/images/acooper/PAS_2450_Roman.jpg"]},{"from":152,"to":153,"title":"LIN-5DD64B: A coin issued by Antoninus Pius","image_urls":["https://finds.org.uk/images/adaubney/LIN2014_116.jpg"]},{"from":152,"to":153,"title":"FASAM-74D624: A coin issued by Antoninus Pius","image_urls":["https://finds.org.uk/images/sam/5328a.jpg"]},{"from":152,"to":156,"title":"WAW-CAC9A6: A coin issued by Antoninus Pius","image_urls":["https://finds.org.uk/images/rshenry/WAW-CAC9A6.jpg"]},{"from":152,"to":154,"title":"BUC-CB02B4: A coin issued by Antoninus Pius","image_urls":["https://finds.org.uk/images/jmoss/TC51.jpg"]},{"from":152,"to":153,"title":"WILT-EA86FC: A coin issued by Antoninus Pius","image_urls":["https://finds.org.uk/images/jshoemark/WILTEA86FC.jpg"]},{"from":152,"to":161,"title":"WILT-F038C5: A coin issued by Marcus Aurelius (as Caesar)","image_urls":["https://finds.org.uk/images/rhenry2/WILTF038C5.jpg"]},{"from":152,"to":155,"title":"DOR-E5C9E4: A coin issued by Antoninus Pius","image_urls":["https://finds.org.uk/images/caht/E5C9E4.jpg"]},{"from":152,"to":153,"title":"LVPL-72A636: A coin issued by Antoninus Pius","image_urls":["https://finds.org.uk/images/voakden/72A636%20copy.jpg"]},{"from":152,"to":153,"title":"FAPJW-BA6E45: A coin issued by Antoninus Pius","image_urls":["https://finds.org.uk/images/pwalton/4109.jpg"]},{"from":152,"to":154,"title":"BUC-592277: A coin issued by Antoninus Pius","image_urls":["https://finds.org.uk/images/jmoss/29.9.05c.jpg"]},{"from":152,"to":153,"title":"FAPJW-3AC6E1: A coin issued by Antoninus Pius","image_urls":["https://finds.org.uk/images/pwalton/7041.jpg"]},{"from":152,"to":153,"title":"IOW-CF0092: A coin issued by Antoninus Pius","image_urls":["https://finds.org.uk/images/fbasford/IOW2009-13-5.JPG"]},{"from":152,"to":153,"title":"DUR-CBCFE4: A coin issued by Antoninus Pius","image_urls":["https://finds.org.uk/images/emorris/DUR-CBCFE4.jpg"]},{"from":152,"to":153,"title":"RIC III Antoninus Pius 219. 1995.11.389","image_urls":["http://numismatics.org/collectionimages/19501999/1995/1995.11.389.rev.width350.jpg"]},{"from":152,"to":153,"title":"RIC III Antoninus Pius 226D. 1969.26.4","image_urls":["http://numismatics.org/collectionimages/19501999/1969/1969.26.4.rev.width350.jpg"]},{"from":152,"to":153,"title":"RIC III Antoninus Pius 219. 1956.127.442","image_urls":["http://numismatics.org/collectionimages/19501999/1956/1956.127.442.rev.width350.jpg"]},{"from":152,"to":153,"title":"Bronze Drachm of Marcus Aurelius, Alexandreia, AD 152 - AD 153. 1944.100.61341","image_urls":["http://numismatics.org/collectionimages/19001949/1944/1944.100.61341.rev.width350.jpg"]},{"from":152,"to":153,"title":"RIC III Antoninus Pius 219. 1956.127.1872","image_urls":["http://numismatics.org/collectionimages/19501999/1956/1956.127.1872.rev.width350.jpg"]},{"from":152,"to":153,"title":"RIC III Antoninus Pius 221. 1956.127.445","image_urls":["http://numismatics.org/collectionimages/19501999/1956/1956.127.445.rev.width350.jpg"]},{"from":152,"to":153,"title":"Bronze Chalkous of Antoninus Pius, Alexandreia, AD 152 - AD 153. 1944.100.61044","image_urls":["http://numismatics.org/collectionimages/19001949/1944/1944.100.61044.rev.width350.jpg"]},{"from":152,"to":153,"title":"Bronze Drachm of Antoninus Pius, Alexandreia, AD 152 - AD 153. 1944.100.60700","image_urls":["http://numismatics.org/collectionimages/19001949/1944/1944.100.60700.rev.width350.jpg"]},{"from":152,"to":153,"title":"RIC III Antoninus Pius 458. 1956.127.763","image_urls":["http://numismatics.org/collectionimages/19501999/1956/1956.127.763.rev.width350.jpg"]},{"from":152,"to":153,"title":"Bronze Drachm of Antoninus Pius, Alexandreia, AD 152 - AD 153. 1944.100.60689","image_urls":["http://numismatics.org/collectionimages/19001949/1944/1944.100.60689.rev.width350.jpg"]},{"from":152,"to":153,"title":"Bronze Drachm of Antoninus Pius, Alexandreia, AD 152 - AD 153. 1973.56.830","image_urls":["http://numismatics.org/collectionimages/19501999/1973/1973.56.830.rev.width350.jpg"]},{"from":152,"to":153,"title":"RIC III Antoninus Pius 222. 1956.127.448","image_urls":["http://numismatics.org/collectionimages/19501999/1956/1956.127.448.rev.width350.jpg"]},{"from":152,"to":153,"title":"Billon Tetradrachm of Antoninus Pius, Alexandreia, AD 152 - AD 153. 1974.26.3601","image_urls":["http://numismatics.org/collectionimages/19501999/1974/1974.26.3601.rev.width350.jpg"]},{"from":152,"to":153,"title":"RIC III Antoninus Pius 226C. 1972.62.9","image_urls":["http://numismatics.org/collectionimages/19501999/1972/1972.62.9.rev.width350.jpg"]},{"from":152,"to":153,"title":"RIC III Antoninus Pius 901. 1941.131.827","image_urls":["http://numismatics.org/collectionimages/19001949/1941/1941.131.827.rev.width350.jpg"]},{"from":152,"to":153,"title":"RIC III Antoninus Pius 221. 1956.127.444","image_urls":["http://numismatics.org/collectionimages/19501999/1956/1956.127.444.rev.width350.jpg"]},{"from":152,"to":153,"title":"Silver Tetradrachm, Seleuceia ad Tigrim, AD 152 - AD 153. 1944.100.83403","image_urls":["http://numismatics.org/collectionimages/19001949/1944/1944.100.83403.rev.width350.jpg"]},{"from":152,"to":153,"title":"RIC III Antoninus Pius 904. 1978.64.436","image_urls":["http://numismatics.org/collectionimages/19501999/1978/1978.64.436.rev.width350.jpg"]},{"from":152,"to":153,"title":"RIC III Antoninus Pius 904. 1944.100.48286","image_urls":["http://numismatics.org/collectionimages/19001949/1944/1944.100.48286.rev.width350.jpg"]},{"from":152,"to":153,"title":"RIC III Antoninus Pius 219. 1956.127.441","image_urls":["http://numismatics.org/collectionimages/19501999/1956/1956.127.441.rev.width350.jpg"]},{"from":152,"to":153,"title":"Billon Tetradrachm of Antoninus Pius, Alexandreia, AD 152 - AD 153. 1944.100.58862","image_urls":["http://numismatics.org/collectionimages/19001949/1944/1944.100.58862.rev.width350.jpg"]},{"from":152,"to":153,"title":"Bronze Drachm of Antoninus Pius, Alexandreia, AD 152 - AD 153. 1973.56.829","image_urls":["http://numismatics.org/collectionimages/19501999/1973/1973.56.829.rev.width350.jpg"]},{"from":152,"to":153,"title":"RIC III Antoninus Pius 221. 1956.127.1873","image_urls":["http://numismatics.org/collectionimages/19501999/1956/1956.127.1873.rev.width350.jpg"]},{"from":152,"to":153,"title":"Bronze Drachm of Antoninus Pius, Alexandreia, AD 152 - AD 153. 1944.100.60691","image_urls":["http://numismatics.org/collectionimages/19001949/1944/1944.100.60691.rev.width350.jpg"]},{"from":152,"to":153,"title":"RIC III Antoninus Pius 221. 1911.23.221","image_urls":["http://numismatics.org/collectionimages/19001949/1911/1911.23.221.rev.width350.jpg"]},{"from":152,"to":153,"title":"Bronze Obol of Marcus Aurelius, Alexandreia, AD 152 - AD 153. 1944.100.61339","image_urls":["http://numismatics.org/collectionimages/19001949/1944/1944.100.61339.rev.width350.jpg"]},{"from":152,"to":153,"title":"Bronze Drachm of Antoninus Pius, Alexandreia, AD 152 - AD 153. 1944.100.60694","image_urls":["http://numismatics.org/collectionimages/19001949/1944/1944.100.60694.rev.width350.jpg"]},{"from":152,"to":153,"title":"RIC III Antoninus Pius 219. 1956.127.440","image_urls":["http://numismatics.org/collectionimages/19501999/1956/1956.127.440.rev.width350.jpg"]},{"from":152,"to":153,"title":"RIC III Antoninus Pius 226F. 1972.62.11","image_urls":["http://numismatics.org/collectionimages/19501999/1972/1972.62.11.rev.width350.jpg"]},{"from":152,"to":153,"title":"RIC III Antoninus Pius 222. 1956.127.447","image_urls":["http://numismatics.org/collectionimages/19501999/1956/1956.127.447.rev.width350.jpg"]},{"from":152,"to":153,"title":"Billon Tetradrachm of Marcus Aurelius, Alexandreia, AD 152 - AD 153. 1944.100.61105","image_urls":["http://numismatics.org/collectionimages/19001949/1944/1944.100.61105.rev.width350.jpg"]},{"from":152,"to":153,"title":"RIC III Antoninus Pius 222. 1995.11.369","image_urls":["http://numismatics.org/collectionimages/19501999/1995/1995.11.369.rev.width350.jpg"]},{"from":152,"to":153,"title":"RIC III Antoninus Pius 901. 1944.100.48285","image_urls":["http://numismatics.org/collectionimages/19001949/1944/1944.100.48285.rev.width350.jpg"]},{"from":152,"to":153,"title":"RIC III Antoninus Pius 222. 1944.100.48165","image_urls":["http://numismatics.org/collectionimages/19001949/1944/1944.100.48165.rev.width350.jpg"]},{"from":152,"to":153,"title":"RIC III Antoninus Pius 458. 1944.100.49023","image_urls":["http://numismatics.org/collectionimages/19001949/1944/1944.100.49023.rev.width350.jpg"]},{"from":152,"to":153,"title":"RIC III Antoninus Pius 226C. 1948.19.1263","image_urls":["http://numismatics.org/collectionimages/19001949/1948/1948.19.1263.rev.width350.jpg"]},{"from":152,"to":153,"title":"RIC III Antoninus Pius 229 (aureus). 1956.184.45","image_urls":["http://numismatics.org/collectionimages/19501999/1956/1956.184.45.rev.width350.jpg"]},{"from":152,"to":153,"title":"RIC III Antoninus Pius 222. 1956.127.1874","image_urls":["http://numismatics.org/collectionimages/19501999/1956/1956.127.1874.rev.width350.jpg"]},{"from":152,"to":153,"title":"RIC III Antoninus Pius 219. 1984.184.9","image_urls":["http://numismatics.org/collectionimages/19501999/1984/1984.184.9.rev.width350.jpg"]},{"from":152,"to":153,"title":"RIC III Antoninus Pius 458. 1911.23.281","image_urls":["http://numismatics.org/collectionimages/19001949/1911/1911.23.281.rev.width350.jpg"]},{"from":152,"to":153,"title":"Bronze Drachm of Antoninus Pius, Alexandreia, AD 152 - AD 153. 1944.100.60697","image_urls":["http://numismatics.org/collectionimages/19001949/1944/1944.100.60697.rev.width350.jpg"]},{"from":152,"to":153,"title":"RIC III Antoninus Pius 906. 1947.2.477","image_urls":["http://numismatics.org/collectionimages/19001949/1947/1947.2.477.rev.width350.jpg"]},{"from":152,"to":153,"title":"RIC III Antoninus Pius 222. 1911.23.222","image_urls":["http://numismatics.org/collectionimages/19001949/1911/1911.23.222.rev.width350.jpg"]},{"from":152,"to":153,"title":"Bronze Obol, Alexandreia, AD 152 - AD 153. 1944.100.61576","image_urls":["http://numismatics.org/collectionimages/19001949/1944/1944.100.61576.rev.width350.jpg"]},{"from":152,"to":153,"title":"Bronze Coin, Tyre, AD 152 - AD 153. 1944.100.73058","image_urls":["http://numismatics.org/collectionimages/19001949/1944/1944.100.73058.rev.width350.jpg"]},{"from":152,"to":153,"title":"RIC III Antoninus Pius 458. 1956.127.762","image_urls":["http://numismatics.org/collectionimages/19501999/1956/1956.127.762.rev.width350.jpg"]},{"from":152,"to":153,"title":"RIC III Antoninus Pius 907. 1974.95.147","image_urls":["http://numismatics.org/collectionimages/19501999/1974/1974.95.147.rev.width350.jpg"]},{"from":152,"to":153,"title":"Bronze Drachm of Antoninus Pius, Alexandreia, AD 152 - AD 153. 1944.100.60686","image_urls":["http://numismatics.org/collectionimages/19001949/1944/1944.100.60686.rev.width350.jpg"]},{"from":152,"to":153,"title":"RIC III Antoninus Pius 904. 1927.165.17","image_urls":["http://numismatics.org/collectionimages/19001949/1927/1927.165.17.rev.width350.jpg"]},{"from":152,"to":153,"title":"RIC III Antoninus Pius 222. 1956.127.446","image_urls":["http://numismatics.org/collectionimages/19501999/1956/1956.127.446.rev.width350.jpg"]},{"from":152,"to":153,"title":"RIC III Antoninus Pius 226D. 1965.66.6","image_urls":["http://numismatics.org/collectionimages/19501999/1965/1965.66.6.rev.width350.jpg"]},{"from":152,"to":153,"title":"RIC III Antoninus Pius 221. 1948.19.1262","image_urls":["http://numismatics.org/collectionimages/19001949/1948/1948.19.1262.rev.width350.jpg"]},{"from":152,"to":153,"title":"Silver Tetradrachm, Seleuceia ad Tigrim, AD 152 - AD 153. 1944.100.83448","image_urls":["http://numismatics.org/collectionimages/19001949/1944/1944.100.83448.rev.width350.jpg"]},{"from":152,"to":153,"title":"RIC III Antoninus Pius 906. 1944.100.48287","image_urls":["http://numismatics.org/collectionimages/19001949/1944/1944.100.48287.rev.width350.jpg"]},{"from":152,"to":153,"title":"RIC III Antoninus Pius 457B. 1944.100.49022","image_urls":["http://numismatics.org/collectionimages/19001949/1944/1944.100.49022.rev.width350.jpg"]},{"from":152,"to":153,"title":"RIC III Antoninus Pius 229 (aureus). 1956.184.44","image_urls":["http://numismatics.org/collectionimages/19501999/1956/1956.184.44.rev.width350.jpg"]},{"from":152,"to":153,"title":"RIC III Antoninus Pius 222. 1944.100.48164","image_urls":["http://numismatics.org/collectionimages/19001949/1944/1944.100.48164.rev.width350.jpg"]},{"from":152,"to":153,"title":"RIC III Antoninus Pius 904. 1928.999.269","image_urls":["http://numismatics.org/collectionimages/19001949/1928/1928.999.269.rev.width350.jpg"]},{"from":152,"to":153,"title":"RIC III Antoninus Pius 457A (aureus). 1969.26.10","image_urls":["http://numismatics.org/collectionimages/19501999/1969/1969.26.10.rev.width350.jpg"]},{"from":152,"to":153,"title":"RIC III Antoninus Pius 221. 1956.127.443","image_urls":["http://numismatics.org/collectionimages/19501999/1956/1956.127.443.rev.width350.jpg"]},{"from":152,"to":153,"title":"RIC III Antoninus Pius 1309B. 1952.21.7","image_urls":["http://numismatics.org/collectionimages/19501999/1952/1952.21.7.rev.width350.jpg"]},{"from":152,"to":153,"title":"RIC III Antoninus Pius 226E. 1972.62.10","image_urls":["http://numismatics.org/collectionimages/19501999/1972/1972.62.10.rev.width350.jpg"]},{"from":152,"to":153,"title":"RIC III Antoninus Pius 458. 1987.26.168","image_urls":["http://numismatics.org/collectionimages/19501999/1987/1987.26.168.rev.width350.jpg"]},{"from":152,"to":153,"title":"RIC III Antoninus Pius 221. 1985.140.121","image_urls":["http://numismatics.org/collectionimages/19501999/1985/1985.140.121.rev.width350.jpg"]},{"from":152,"to":153,"title":"Silver Tetradrachm, Seleuceia ad Tigrim, AD 152 - AD 153. 1944.100.83460","image_urls":["http://numismatics.org/collectionimages/19001949/1944/1944.100.83460.rev.width350.jpg"]},{"from":152,"to":153,"title":"Billon Tetradrachm, Alexandreia, AD 152 - AD 153. 1944.100.61476","image_urls":["http://numismatics.org/collectionimages/19001949/1944/1944.100.61476.rev.width350.jpg"]}]