[{"from":153,"to":154,"title":"HAMP809: A coin issued by Antoninus Pius","image_urls":["https://finds.org.uk/images/sworrell/Hamp809a.jpg"]},{"from":153,"to":154,"title":"WILT-6FB421: A coin issued by Antoninus Pius","image_urls":["https://finds.org.uk/images/rhenry2/WILT-6FB421.jpg"]},{"from":153,"to":154,"title":"HAMP-9B30D7: A coin issued by Antoninus Pius","image_urls":["https://finds.org.uk/images/rwebley/HAMP-9B30D7AntoninusPiusdupondius.jpg"]},{"from":153,"to":154,"title":"LIN-8A1BF2: A coin issued by Antoninus Pius","image_urls":["https://finds.org.uk/images/adaubney/LIN2013-982.jpg"]},{"from":153,"to":155,"title":"BH-96B784: A coin issued by Antoninus Pius","image_urls":["https://finds.org.uk/images/jwatters/Roman%20coin%2010%2043%20-%2018.jpg"]},{"from":153,"to":154,"title":"IOW-1358B5: A coin issued by Faustina II under Antoninus Pius","image_urls":["https://finds.org.uk/images/fbasford/IOW2010-2-275.JPG"]},{"from":153,"to":154,"title":"HAMP-111DA2: A coin issued by Antoninus Pius","image_urls":["https://finds.org.uk/images/jasonlundock/HAMP-111DA2Romanas.jpg"]},{"from":153,"to":154,"title":"SUSS-55FE46: A coin issued by Antoninus Pius","image_urls":["https://finds.org.uk/images/04bowmant/SUSS-55FE46RomanCoin.jpg"]},{"from":153,"to":155,"title":"SUSS-4528E6: A coin issued by Faustina II under Antoninus Pius","image_urls":["https://finds.org.uk/images/stephaniesmith/SUSS-4528E6%20Roman%20Gold%20Coin.JPG"]},{"from":153,"to":154,"title":"NCL-9F4CB7: A coin issued by Marcus Aurelius (as Caesar)","image_urls":["https://finds.org.uk/images/pwalton/848.jpg"]},{"from":153,"to":154,"title":"NLM-C03203: A coin issued by Marcus Aurelius (as Caesar)","image_urls":["https://finds.org.uk/images/mforeman/NLM24189.jpg"]},{"from":153,"to":155,"title":"HAMP-775877: A coin issued by Faustina the Elder","image_urls":["https://finds.org.uk/images/rwebley/HAMP-775877FaustinaIIas.jpg"]},{"from":153,"to":154,"title":"BM-028C48: A coin issued by Antoninus Pius","image_urls":["https://finds.org.uk/images/jasonlundock/bm028c48.jpg"]},{"from":153,"to":158,"title":"PUBLIC-5B8605: A coin with an unrecorded/uncertain issuer.","image_urls":["https://finds.org.uk/images/calow1/FLE11.52.JPG"]},{"from":153,"to":154,"title":"SUR-65DFB6: A coin issued by Antoninus Pius","image_urls":["https://finds.org.uk/images/margaretb/14-1225.JPG"]},{"from":153,"to":155,"title":"HAMP-5485E8: A coin issued by Antoninus Pius","image_urls":["https://finds.org.uk/images/khindshamp/HAMP-5485E8.jpg"]},{"from":153,"to":154,"title":"WILT-D1C626: A coin issued by Antoninus Pius","image_urls":["https://finds.org.uk/images/khinds/WILT-D1C626.jpg"]},{"from":153,"to":154,"title":"LANCUM-7234C1: A coin issued by Antoninus Pius","image_urls":["https://finds.org.uk/images/dboughton/LANCUM7234C1.jpg"]},{"from":153,"to":154,"title":"NLM-F28EC2: A coin issued by Antoninus Pius","image_urls":["https://finds.org.uk/images/mforeman/NLM24794.jpg"]},{"from":153,"to":154,"title":"BM-AFED66: A coin issued by Marcus Aurelius (as Caesar)","image_urls":["https://finds.org.uk/images/vdrost/BM-AFED66_REV.JPG"]},{"from":153,"to":154,"title":"HAMP-CEADF6: A coin issued by Antoninus Pius","image_urls":["https://finds.org.uk/images/rwebley/HAMP-CEADF6AntoninusPiusdupondius.jpg"]},{"from":153,"to":154,"title":"WILT-6C14A0: A coin issued by Antoninus Pius","image_urls":["https://finds.org.uk/images/rhenry2/WILT6C14A0.jpg"]},{"from":153,"to":154,"title":"FAPJW-1E06B1: A coin issued by Antoninus Pius","image_urls":["https://finds.org.uk/images/pwalton/fapjw-1e06b1.jpg"]},{"from":153,"to":154,"title":"BUC-CAA094: A coin issued by Antoninus Pius","image_urls":["https://finds.org.uk/images/jmoss/TC44.jpg"]},{"from":153,"to":154,"title":"YORYM-F5F820: A coin issued by Antoninus Pius","image_urls":["https://finds.org.uk/images/bmorris/JAB0003.jpg"]},{"from":153,"to":154,"title":"SWYOR-668641: A coin issued by Antoninus Pius","image_urls":["https://finds.org.uk/images/bloom/Don_936_15_denarius.jpg"]},{"from":153,"to":156,"title":"PUBLIC-6D4821: A coin issued by Antoninus Pius","image_urls":["https://finds.org.uk/images/nickb/booth0611farmhouseAntoniniusPius.jpg"]},{"from":153,"to":154,"title":"NCL-1BE331: A coin issued by Antoninus Pius","image_urls":["https://finds.org.uk/images/pwalton/1528.jpg"]},{"from":153,"to":154,"title":"BH-566357: A coin issued by Antoninus Pius","image_urls":["https://finds.org.uk/images/jwatters/Roman_coin_12_135.jpg"]},{"from":153,"to":157,"title":"BH-CD4DA3: A coin issued by Marcus Aurelius (as Caesar)","image_urls":["https://finds.org.uk/images/jwatters/Roman_coin_10_165_4.jpg"]},{"from":153,"to":154,"title":"SWYOR-A6D626: A coin issued by Antoninus Pius","image_urls":["https://finds.org.uk/images/acooper/PAS_1107_Faustina_coin.jpg"]},{"from":153,"to":155,"title":"LIN-4F1A12: A coin issued by Antoninus Pius","image_urls":["https://finds.org.uk/images/adaubney/LIN9859.jpg"]},{"from":153,"to":154,"title":"LANCUM-A014A2: A coin issued by Antoninus Pius","image_urls":["https://finds.org.uk/images/snoon/LANCUM-9E8EC3.jpg"]},{"from":153,"to":155,"title":"YORYM-3237A2: A coin issued by Antoninus Pius","image_urls":["https://finds.org.uk/images/law/BL0048.jpg"]},{"from":153,"to":155,"title":"SWYOR-A4C05C: A coin issued by Antoninus Pius","image_urls":["https://finds.org.uk/images/acooper/Don_1005_24.jpg"]},{"from":153,"to":155,"title":"CORN-FEA3F1: A coin issued by Antoninus Pius","image_urls":["https://finds.org.uk/images/atyacke/November10finds%20001.jpg"]},{"from":153,"to":155,"title":"NCL-139C53: A coin issued by Faustina the Elder","image_urls":["https://finds.org.uk/images/pwalton/NCL139c53.jpg"]},{"from":153,"to":154,"title":"NCL-200A56: A coin issued by Antoninus Pius","image_urls":["https://finds.org.uk/images/dgumby/1155.jpg"]},{"from":153,"to":154,"title":"LIN-190F05: A coin issued by Antoninus Pius","image_urls":["https://finds.org.uk/images/adaubney/LIN6985.JPG"]},{"from":153,"to":154,"title":"BH-CC6191: A coin issued by Antoninus Pius","image_urls":["https://finds.org.uk/images/jwatters/Roman%20coin%2007%2051%20-%2024.jpg"]},{"from":153,"to":155,"title":"IOW-2A5926: A coin issued by Faustina the Elder","image_urls":["https://finds.org.uk/images/fbasford/IOW2011-1-105.JPG"]},{"from":153,"to":154,"title":"WAW-16B443: A coin issued by Antoninus Pius","image_urls":["https://finds.org.uk/images/abolton/WAW-16B443.jpg"]},{"from":153,"to":155,"title":"NCL-CB75B2: A coin issued by Marcus Aurelius (as Caesar)","image_urls":["https://finds.org.uk/images/pwalton/1408.jpg"]},{"from":153,"to":154,"title":"Bronze Drachm of Antoninus Pius, Alexandreia, AD 153 - AD 154. 1944.100.60706","image_urls":["http://numismatics.org/collectionimages/19001949/1944/1944.100.60706.rev.width350.jpg"]},{"from":153,"to":154,"title":"Billon Tetradrachm of Antoninus Pius, Alexandreia, AD 153 - AD 154. 1944.100.58887","image_urls":["http://numismatics.org/collectionimages/19001949/1944/1944.100.58887.rev.width350.jpg"]},{"from":153,"to":154,"title":"Bronze Drachm of Antoninus Pius, Alexandreia, AD 153 - AD 154. 1944.100.60744","image_urls":["http://numismatics.org/collectionimages/19001949/1944/1944.100.60744.rev.width350.jpg"]},{"from":153,"to":154,"title":"RIC III Antoninus Pius 233B. 1957.172.1709","image_urls":["http://numismatics.org/collectionimages/19501999/1957/1957.172.1709.rev.width350.jpg"]},{"from":153,"to":154,"title":"RIC III Antoninus Pius 231. 1956.127.1875","image_urls":["http://numismatics.org/collectionimages/19501999/1956/1956.127.1875.rev.width350.jpg"]},{"from":153,"to":154,"title":"RIC III Antoninus Pius 229A. 1911.23.223","image_urls":["http://numismatics.org/collectionimages/19001949/1911/1911.23.223.rev.width350.jpg"]},{"from":153,"to":154,"title":"Silver Tetradrachm, Seleuceia ad Tigrim, AD 153 - AD 154. 1944.100.83450","image_urls":["http://numismatics.org/collectionimages/19001949/1944/1944.100.83450.rev.width350.jpg"]},{"from":153,"to":154,"title":"RIC III Antoninus Pius 229B. 1944.100.48166","image_urls":["http://numismatics.org/collectionimages/19001949/1944/1944.100.48166.rev.width350.jpg"]},{"from":153,"to":154,"title":"RIC III Antoninus Pius 233A. 1967.50.4","image_urls":["http://numismatics.org/collectionimages/19501999/1967/1967.50.4.rev.width350.jpg"]},{"from":153,"to":154,"title":"Bronze Diobol of Antoninus Pius, Alexandreia, AD 153 - AD 154. 1944.100.60762","image_urls":["http://numismatics.org/collectionimages/19001949/1944/1944.100.60762.rev.width350.jpg"]},{"from":153,"to":154,"title":"Bronze Drachm of Antoninus Pius, Alexandreia, AD 153 - AD 154. 1944.100.60756","image_urls":["http://numismatics.org/collectionimages/19001949/1944/1944.100.60756.rev.width350.jpg"]},{"from":153,"to":154,"title":"RIC III Antoninus Pius 460. 1965.66.22","image_urls":["http://numismatics.org/collectionimages/19501999/1965/1965.66.22.rev.width350.jpg"]},{"from":153,"to":154,"title":"RIC III Antoninus Pius 229B. 1956.127.453","image_urls":["http://numismatics.org/collectionimages/19501999/1956/1956.127.453.rev.width350.jpg"]},{"from":153,"to":154,"title":"Bronze Drachm of Antoninus Pius, Alexandreia, AD 153 - AD 154. 1944.100.60723","image_urls":["http://numismatics.org/collectionimages/19001949/1944/1944.100.60723.rev.width350.jpg"]},{"from":153,"to":154,"title":"RIC III Antoninus Pius 916A. 1995.11.169","image_urls":["http://numismatics.org/collectionimages/19501999/1995/1995.11.169.rev.width350.jpg"]},{"from":153,"to":154,"title":"RIC III Antoninus Pius 914. 1952.41.3","image_urls":["http://numismatics.org/collectionimages/19501999/1952/1952.41.3.rev.width350.jpg"]},{"from":153,"to":154,"title":"RIC III Antoninus Pius 1314. 1980.187.16","image_urls":["http://numismatics.org/collectionimages/19501999/1980/1980.187.16.rev.width350.jpg"]},{"from":153,"to":154,"title":"RIC III Antoninus Pius 915. 1995.11.167","image_urls":["http://numismatics.org/collectionimages/19501999/1995/1995.11.167.rev.width350.jpg"]},{"from":153,"to":154,"title":"Billon Tetradrachm of Antoninus Pius, Alexandreia, AD 153 - AD 154. 1944.100.58869","image_urls":["http://numismatics.org/collectionimages/19001949/1944/1944.100.58869.rev.width350.jpg"]},{"from":153,"to":154,"title":"RIC III Antoninus Pius 231. 1956.127.454","image_urls":["http://numismatics.org/collectionimages/19501999/1956/1956.127.454.rev.width350.jpg"]},{"from":153,"to":154,"title":"RIC III Antoninus Pius 916A. 1944.100.48288","image_urls":["http://numismatics.org/collectionimages/19001949/1944/1944.100.48288.rev.width350.jpg"]},{"from":153,"to":154,"title":"Bronze Drachm of Antoninus Pius, Alexandreia, AD 153 - AD 154. 1944.100.60749","image_urls":["http://numismatics.org/collectionimages/19001949/1944/1944.100.60749.rev.width350.jpg"]},{"from":153,"to":154,"title":"Bronze Drachm of Antoninus Pius, Alexandreia, AD 153 - AD 154. 1973.56.833","image_urls":["http://numismatics.org/collectionimages/19501999/1973/1973.56.833.rev.width350.jpg"]},{"from":153,"to":154,"title":"Bronze Diobol of Antoninus Pius, Alexandreia, AD 153 - AD 154. 1944.100.60761","image_urls":["http://numismatics.org/collectionimages/19001949/1944/1944.100.60761.rev.width350.jpg"]},{"from":153,"to":154,"title":"RIC III Antoninus Pius 914. 1957.172.1724","image_urls":["http://numismatics.org/collectionimages/19501999/1957/1957.172.1724.rev.width350.jpg"]},{"from":153,"to":154,"title":"RIC III Antoninus Pius 231. 1956.127.457","image_urls":["http://numismatics.org/collectionimages/19501999/1956/1956.127.457.rev.width350.jpg"]},{"from":153,"to":154,"title":"RIC III Antoninus Pius 461. 1911.23.282","image_urls":["http://numismatics.org/collectionimages/19001949/1911/1911.23.282.rev.width350.jpg"]},{"from":153,"to":154,"title":"RIC III Antoninus Pius 920. 2003.27.1","image_urls":["http://numismatics.org/collectionimages/20002049/2003/2003.27.1.rev.width350.jpg"]},{"from":153,"to":154,"title":"Bronze obol of Antoninus Pius, Alexandreia, AD 153 - AD 154. 2001.14.1","image_urls":["http://numismatics.org/collectionimages/20002049/2001/2001.14.1.rev.width350.jpg"]},{"from":153,"to":154,"title":"Bronze Drachm of Antoninus Pius, Alexandreia, AD 153 - AD 154. 1944.100.60747","image_urls":["http://numismatics.org/collectionimages/19001949/1944/1944.100.60747.rev.width350.jpg"]},{"from":153,"to":154,"title":"Billon Tetradrachm of Marcus Aurelius, Alexandreia, AD 153 - AD 154. 1974.26.3759","image_urls":["http://numismatics.org/collectionimages/19501999/1974/1974.26.3759.rev.width350.jpg"]},{"from":153,"to":154,"title":"Billon Tetradrachm of Antoninus Pius, Alexandreia, AD 153 - AD 154. 1944.100.58883","image_urls":["http://numismatics.org/collectionimages/19001949/1944/1944.100.58883.rev.width350.jpg"]},{"from":153,"to":154,"title":"RIC III Antoninus Pius 921. 1954.18.168","image_urls":["http://numismatics.org/collectionimages/19501999/1954/1954.18.168.rev.width350.jpg"]},{"from":153,"to":154,"title":"RIC III Antoninus Pius 231. 1956.127.456","image_urls":["http://numismatics.org/collectionimages/19501999/1956/1956.127.456.rev.width350.jpg"]},{"from":153,"to":154,"title":"RIC III Antoninus Pius 232. 1911.23.225","image_urls":["http://numismatics.org/collectionimages/19001949/1911/1911.23.225.rev.width350.jpg"]},{"from":153,"to":154,"title":"RIC III Antoninus Pius 459. 1956.127.764","image_urls":["http://numismatics.org/collectionimages/19501999/1956/1956.127.764.rev.width350.jpg"]},{"from":153,"to":154,"title":"Billon Tetradrachm of Antoninus Pius, Alexandreia, AD 153 - AD 154. 1944.100.58873","image_urls":["http://numismatics.org/collectionimages/19001949/1944/1944.100.58873.rev.width350.jpg"]},{"from":153,"to":154,"title":"Billon Tetradrachm of Antoninus Pius, Alexandreia, AD 153 - AD 154. 1944.100.58876","image_urls":["http://numismatics.org/collectionimages/19001949/1944/1944.100.58876.rev.width350.jpg"]},{"from":153,"to":154,"title":"RIC III Antoninus Pius 231. 1911.23.224","image_urls":["http://numismatics.org/collectionimages/19001949/1911/1911.23.224.rev.width350.jpg"]},{"from":153,"to":154,"title":"Bronze Drachm of Antoninus Pius, Alexandreia, AD 153 - AD 154. 1973.56.838","image_urls":["http://numismatics.org/collectionimages/19501999/1973/1973.56.838.rev.width350.jpg"]},{"from":153,"to":154,"title":"Bronze Coin, Seleuceia ad Tigrim, AD 153 - AD 154. 1944.100.83478","image_urls":["http://numismatics.org/collectionimages/19001949/1944/1944.100.83478.rev.width350.jpg"]},{"from":153,"to":154,"title":"RIC III Antoninus Pius 461. 1905.57.398","image_urls":["http://numismatics.org/collectionimages/19001949/1905/1905.57.398.rev.width350.jpg"]},{"from":153,"to":154,"title":"RIC III Antoninus Pius 459. 1946.7.19","image_urls":["http://numismatics.org/collectionimages/19001949/1946/1946.7.19.rev.width350.jpg"]},{"from":153,"to":154,"title":"RIC III Antoninus Pius 1315. 1944.100.49047","image_urls":["http://numismatics.org/collectionimages/19001949/1944/1944.100.49047.rev.width350.jpg"]},{"from":153,"to":154,"title":"Billon Tetradrachm of Antoninus Pius, Alexandreia, AD 153 - AD 154. 1944.100.58868","image_urls":["http://numismatics.org/collectionimages/19001949/1944/1944.100.58868.rev.width350.jpg"]},{"from":153,"to":154,"title":"Billon Tetradrachm of Marcus Aurelius, Alexandreia, AD 153 - AD 154. 1944.100.61093","image_urls":["http://numismatics.org/collectionimages/19001949/1944/1944.100.61093.rev.width350.jpg"]},{"from":153,"to":154,"title":"RIC III Antoninus Pius 1312. 1980.187.15","image_urls":["http://numismatics.org/collectionimages/19501999/1980/1980.187.15.rev.width350.jpg"]},{"from":153,"to":154,"title":"Bronze Drachm of Antoninus Pius, Alexandreia, AD 153 - AD 154. 1944.100.60743","image_urls":["http://numismatics.org/collectionimages/19001949/1944/1944.100.60743.rev.width350.jpg"]},{"from":153,"to":154,"title":"RIC III Antoninus Pius 231. 1956.127.455","image_urls":["http://numismatics.org/collectionimages/19501999/1956/1956.127.455.rev.width350.jpg"]},{"from":153,"to":154,"title":"RIC III Antoninus Pius 229A. 1956.127.449","image_urls":["http://numismatics.org/collectionimages/19501999/1956/1956.127.449.rev.width350.jpg"]},{"from":153,"to":154,"title":"RIC III Antoninus Pius 921. 1944.100.48290","image_urls":["http://numismatics.org/collectionimages/19001949/1944/1944.100.48290.rev.width350.jpg"]},{"from":153,"to":154,"title":"Billon Tetradrachm of Marcus Aurelius, Alexandreia, AD 153 - AD 154. 1944.100.61096","image_urls":["http://numismatics.org/collectionimages/19001949/1944/1944.100.61096.rev.width350.jpg"]},{"from":153,"to":154,"title":"Billon Tetradrachm of Marcus Aurelius, Alexandreia, AD 153 - AD 154. 1944.100.61195","image_urls":["http://numismatics.org/collectionimages/19001949/1944/1944.100.61195.rev.width350.jpg"]},{"from":153,"to":154,"title":"RIC III Antoninus Pius 229A. 1956.127.450","image_urls":["http://numismatics.org/collectionimages/19501999/1956/1956.127.450.rev.width350.jpg"]},{"from":153,"to":154,"title":"RIC III Antoninus Pius 232. 1956.127.459","image_urls":["http://numismatics.org/collectionimages/19501999/1956/1956.127.459.rev.width350.jpg"]},{"from":153,"to":154,"title":"Bronze Drachm of Marcus Aurelius, Alexandreia, AD 153 - AD 154. 1944.100.61235","image_urls":["http://numismatics.org/collectionimages/19001949/1944/1944.100.61235.rev.width350.jpg"]},{"from":153,"to":154,"title":"Bronze Obol, Alexandreia, AD 153 - AD 154. 1944.100.61610","image_urls":["http://numismatics.org/collectionimages/19001949/1944/1944.100.61610.rev.width350.jpg"]},{"from":153,"to":154,"title":"RIC III Antoninus Pius 233D. 1966.62.8","image_urls":["http://numismatics.org/collectionimages/19501999/1966/1966.62.8.rev.width350.jpg"]},{"from":153,"to":154,"title":"Silver Tetradrachm, Seleuceia ad Tigrim, AD 153 - AD 154. 1944.100.83449","image_urls":["http://numismatics.org/collectionimages/19001949/1944/1944.100.83449.rev.width350.jpg"]},{"from":153,"to":154,"title":"Billon Tetradrachm of Marcus Aurelius, Alexandreia, AD 153 - AD 154. 1973.56.868","image_urls":["http://numismatics.org/collectionimages/19501999/1973/1973.56.868.rev.width350.jpg"]},{"from":153,"to":154,"title":"Bronze Drachm of Antoninus Pius, Alexandreia, AD 153 - AD 154. 1944.100.60707","image_urls":["http://numismatics.org/collectionimages/19001949/1944/1944.100.60707.rev.width350.jpg"]},{"from":153,"to":154,"title":"Bronze Diobol of Antoninus Pius, Alexandreia, AD 153 - AD 154. 1938.127.169","image_urls":["http://numismatics.org/collectionimages/19001949/1938/1938.127.169.rev.width350.jpg"]},{"from":153,"to":154,"title":"Billon Tetradrachm, Alexandreia, AD 153 - AD 154. 1944.100.61480","image_urls":["http://numismatics.org/collectionimages/19001949/1944/1944.100.61480.rev.width350.jpg"]},{"from":153,"to":154,"title":"Bronze Drachm of Antoninus Pius, Alexandreia, AD 153 - AD 154. 1944.100.60764","image_urls":["http://numismatics.org/collectionimages/19001949/1944/1944.100.60764.rev.width350.jpg"]},{"from":153,"to":154,"title":"Bronze Drachm, Alexandreia, AD 153 - AD 154. 1944.100.61582","image_urls":["http://numismatics.org/collectionimages/19001949/1944/1944.100.61582.rev.width350.jpg"]},{"from":153,"to":154,"title":"Bronze Drachm, Alexandreia, AD 153 - AD 154. 1944.100.61579","image_urls":["http://numismatics.org/collectionimages/19001949/1944/1944.100.61579.rev.width350.jpg"]},{"from":153,"to":154,"title":"Bronze Drachm, Alexandreia, AD 153 - AD 154. 1944.100.61580","image_urls":["http://numismatics.org/collectionimages/19001949/1944/1944.100.61580.rev.width350.jpg"]},{"from":153,"to":154,"title":"Bronze Drachm of Antoninus Pius, Alexandreia, AD 153 - AD 154. 1944.100.60714","image_urls":["http://numismatics.org/collectionimages/19001949/1944/1944.100.60714.rev.width350.jpg"]},{"from":153,"to":154,"title":"Bronze Drachm of Antoninus Pius, Alexandreia, AD 153 - AD 154. 1944.100.60708","image_urls":["http://numismatics.org/collectionimages/19001949/1944/1944.100.60708.rev.width350.jpg"]},{"from":153,"to":154,"title":"Bronze Drachm of Antoninus Pius, Alexandreia, AD 153 - AD 154. 1944.100.60741","image_urls":["http://numismatics.org/collectionimages/19001949/1944/1944.100.60741.rev.width350.jpg"]},{"from":153,"to":154,"title":"RIC III Antoninus Pius 1315. 1957.172.1747","image_urls":["http://numismatics.org/collectionimages/19501999/1957/1957.172.1747.rev.width350.jpg"]},{"from":153,"to":154,"title":"RIC III Antoninus Pius 459. 1956.127.765","image_urls":["http://numismatics.org/collectionimages/19501999/1956/1956.127.765.rev.width350.jpg"]},{"from":153,"to":154,"title":"Bronze Drachm, Alexandreia, AD 153 - AD 154. 1944.100.61577","image_urls":["http://numismatics.org/collectionimages/19001949/1944/1944.100.61577.rev.width350.jpg"]},{"from":153,"to":154,"title":"Billon Tetradrachm, Alexandreia, AD 153 - AD 154. 1944.100.61484","image_urls":["http://numismatics.org/collectionimages/19001949/1944/1944.100.61484.rev.width350.jpg"]},{"from":153,"to":154,"title":"Silver Tetradrachm, Seleuceia ad Tigrim, AD 153 - AD 154. 1944.100.83404","image_urls":["http://numismatics.org/collectionimages/19001949/1944/1944.100.83404.rev.width350.jpg"]},{"from":153,"to":154,"title":"RIC III Antoninus Pius 232. 1956.127.458","image_urls":["http://numismatics.org/collectionimages/19501999/1956/1956.127.458.rev.width350.jpg"]},{"from":153,"to":154,"title":"RIC III Antoninus Pius 232. 1944.100.48168","image_urls":["http://numismatics.org/collectionimages/19001949/1944/1944.100.48168.rev.width350.jpg"]},{"from":153,"to":154,"title":"Billon Tetradrachm, Alexandreia, AD 153 - AD 154. 1966.286.32","image_urls":["http://numismatics.org/collectionimages/19501999/1966/1966.286.32.rev.width350.jpg"]},{"from":153,"to":154,"title":"RIC III Antoninus Pius 229A. 1956.127.452","image_urls":["http://numismatics.org/collectionimages/19501999/1956/1956.127.452.rev.width350.jpg"]},{"from":153,"to":154,"title":"RIC III Antoninus Pius 237. 1998.121.2","image_urls":["http://numismatics.org/collectionimages/19501999/1998/1998.121.2.rev.width350.jpg"]},{"from":153,"to":154,"title":"RIC III Antoninus Pius 916A. 0000.999.20759","image_urls":["http://numismatics.org/collectionimages/00001899/0000/0000.999.20759.rev.width350.jpg"]},{"from":153,"to":154,"title":"Bronze Drachm of Antoninus Pius, Alexandreia, AD 153 - AD 154. 1944.100.60742","image_urls":["http://numismatics.org/collectionimages/19001949/1944/1944.100.60742.rev.width350.jpg"]},{"from":153,"to":154,"title":"RIC III Antoninus Pius 459. 1995.11.138","image_urls":["http://numismatics.org/collectionimages/19501999/1995/1995.11.138.rev.width350.jpg"]},{"from":153,"to":155,"title":"Silver Denarius of Antoninus Pius, Rome, AD 153 - AD 155. 1956.127.1945","image_urls":["http://numismatics.org/collectionimages/19501999/1956/1956.127.1945.rev.width350.jpg"]},{"from":153,"to":154,"title":"Bronze Drachm of Marcus Aurelius, Alexandreia, AD 153 - AD 154. 1944.100.61234","image_urls":["http://numismatics.org/collectionimages/19001949/1944/1944.100.61234.rev.width350.jpg"]},{"from":153,"to":154,"title":"RIC III Antoninus Pius 231. 1944.100.48167","image_urls":["http://numismatics.org/collectionimages/19001949/1944/1944.100.48167.rev.width350.jpg"]},{"from":153,"to":154,"title":"Bronze Drachm of Antoninus Pius, Alexandreia, AD 153 - AD 154. 1944.100.60733","image_urls":["http://numismatics.org/collectionimages/19001949/1944/1944.100.60733.rev.width350.jpg"]},{"from":153,"to":154,"title":"Bronze Drachm of Antoninus Pius, Alexandreia, AD 153 - AD 154. 1973.56.832","image_urls":["http://numismatics.org/collectionimages/19501999/1973/1973.56.832.rev.width350.jpg"]},{"from":153,"to":154,"title":"RIC III Antoninus Pius 232. 1987.26.160","image_urls":["http://numismatics.org/collectionimages/19501999/1987/1987.26.160.rev.width350.jpg"]},{"from":153,"to":154,"title":"Bronze Drachm of Antoninus Pius, Alexandreia, AD 153 - AD 154. 1944.100.60724","image_urls":["http://numismatics.org/collectionimages/19001949/1944/1944.100.60724.rev.width350.jpg"]},{"from":153,"to":154,"title":"RIC III Antoninus Pius 461. 1956.127.766","image_urls":["http://numismatics.org/collectionimages/19501999/1956/1956.127.766.rev.width350.jpg"]},{"from":153,"to":154,"title":"RIC III Antoninus Pius 235. 1956.127.460","image_urls":["http://numismatics.org/collectionimages/19501999/1956/1956.127.460.rev.width350.jpg"]},{"from":153,"to":154,"title":"Silver Denarius of Antoninus Pius, Rome, AD 153 - AD 154. 1956.127.1896","image_urls":["http://numismatics.org/collectionimages/19501999/1956/1956.127.1896.rev.width350.jpg"]},{"from":153,"to":154,"title":"Bronze Drachm of Antoninus Pius, Alexandreia, AD 153 - AD 154. 1944.100.60730","image_urls":["http://numismatics.org/collectionimages/19001949/1944/1944.100.60730.rev.width350.jpg"]},{"from":153,"to":154,"title":"RIC III Antoninus Pius 921. 1919.75.10","image_urls":["http://numismatics.org/collectionimages/19001949/1919/1919.75.10.rev.width350.jpg"]},{"from":153,"to":154,"title":"Billon Tetradrachm of Marcus Aurelius, Alexandreia, AD 153 - AD 154. 1944.100.61095","image_urls":["http://numismatics.org/collectionimages/19001949/1944/1944.100.61095.rev.width350.jpg"]},{"from":153,"to":154,"title":"RIC III Antoninus Pius 233C. 1973.16.5","image_urls":["http://numismatics.org/collectionimages/19501999/1973/1973.16.5.rev.width350.jpg"]},{"from":153,"to":154,"title":"Billon Tetradrachm of Antoninus Pius, Alexandreia, AD 153 - AD 154. 1944.100.58879","image_urls":["http://numismatics.org/collectionimages/19001949/1944/1944.100.58879.rev.width350.jpg"]},{"from":153,"to":154,"title":"RIC III Antoninus Pius 921. 1944.100.48289","image_urls":["http://numismatics.org/collectionimages/19001949/1944/1944.100.48289.rev.width350.jpg"]},{"from":153,"to":154,"title":"RIC III Antoninus Pius 229A. 1956.127.451","image_urls":["http://numismatics.org/collectionimages/19501999/1956/1956.127.451.rev.width350.jpg"]},{"from":153,"to":154,"title":"Bronze Drachm of Antoninus Pius, Alexandreia, AD 153 - AD 154. 1944.100.60765","image_urls":["http://numismatics.org/collectionimages/19001949/1944/1944.100.60765.rev.width350.jpg"]},{"from":153,"to":154,"title":"RIC III Antoninus Pius 233A. 1972.62.12","image_urls":["http://numismatics.org/collectionimages/19501999/1972/1972.62.12.rev.width350.jpg"]},{"from":153,"to":154,"title":"Bronze Drachm of Antoninus Pius, Alexandreia, AD 153 - AD 154. 1944.100.60728","image_urls":["http://numismatics.org/collectionimages/19001949/1944/1944.100.60728.rev.width350.jpg"]},{"from":153,"to":154,"title":"RIC III Antoninus Pius 1312. 1995.11.396","image_urls":["http://numismatics.org/collectionimages/19501999/1995/1995.11.396.rev.width350.jpg"]},{"from":153,"to":154,"title":"RIC III Antoninus Pius 233B. 1973.16.4","image_urls":["http://numismatics.org/collectionimages/19501999/1973/1973.16.4.rev.width350.jpg"]},{"from":153,"to":154,"title":"Bronze Drachm of Antoninus Pius, Alexandreia, AD 153 - AD 154. 1944.100.60721","image_urls":["http://numismatics.org/collectionimages/19001949/1944/1944.100.60721.rev.width350.jpg"]},{"from":153,"to":154,"title":"Bronze Drachm, Alexandreia, AD 153 - AD 154. 1944.100.61581","image_urls":["http://numismatics.org/collectionimages/19001949/1944/1944.100.61581.rev.width350.jpg"]}]