[{"from":154,"to":155,"title":"SOM-067BE7: A coin issued by Marcus Aurelius (as Caesar)","image_urls":["https://finds.org.uk/images/annab/SOM-067BE7.jpg"]},{"from":154,"to":155,"title":"NARC-850CF6: A coin issued by Marcus Aurelius (as Caesar)","image_urls":["https://finds.org.uk/images/jcassidy/NARC-850CF6%20b.jpg"]},{"from":154,"to":155,"title":"NCL-5C9F51: A coin issued by Antoninus Pius","image_urls":["https://finds.org.uk/images/pwalton/NCL5C9F51.jpg"]},{"from":154,"to":155,"title":"WMID-6CD026: A coin issued by Antoninus Pius","image_urls":["https://finds.org.uk/images/tgilmore/WMID-6CD026.jpg"]},{"from":154,"to":155,"title":"HAMP1589: A coin issued by Antoninus Pius","image_urls":["https://finds.org.uk/images/sworrell/Hamp%201589a.jpg"]},{"from":154,"to":155,"title":"BH-642FA1: A coin issued by Antoninus Pius","image_urls":["https://finds.org.uk/images/laural/Roman%20coin%2008%2016%20-%202.jpg"]},{"from":154,"to":155,"title":"SWYOR-17A9A6: A coin issued by Antoninus Pius","image_urls":["https://finds.org.uk/images/sward/PAS%20094%2023.jpg"]},{"from":154,"to":155,"title":"NCL-B89B06: A coin issued by Antoninus Pius","image_urls":["https://finds.org.uk/images/pwalton/1088.jpg"]},{"from":154,"to":155,"title":"NCL-42D945: A coin issued by Antoninus Pius","image_urls":["https://finds.org.uk/images/pwalton/433.jpg"]},{"from":154,"to":155,"title":"SWYOR-237EF7: A coin issued by Marcus Aurelius (as Caesar)","image_urls":["https://finds.org.uk/images/acooper/PAS_2428_coin.jpg"]},{"from":154,"to":156,"title":"YORYM-43D803: A coin issued by Antoninus Pius","image_urls":["https://finds.org.uk/images/law/BR0281.jpg"]},{"from":154,"to":155,"title":"LANCUM-759423: A coin issued by Marcus Aurelius (as Caesar)","image_urls":["https://finds.org.uk/images/dboughton/KDMDRH759423.jpg"]},{"from":154,"to":155,"title":"NCL-0222A7: A coin issued by Antoninus Pius","image_urls":["https://finds.org.uk/images/pwalton/1170.jpg"]},{"from":154,"to":155,"title":"BH-EA6503: A coin issued by Antoninus Pius","image_urls":["https://finds.org.uk/images/jwatters/Roman%20coin%2010%2019%20-%203.jpg"]},{"from":154,"to":155,"title":"SWYOR-085A55: A coin issued by Antoninus Pius","image_urls":["https://finds.org.uk/images/acooper/Don_927_coin_31.jpg"]},{"from":154,"to":156,"title":"SF-44A540: A coin issued by Antoninus Pius","image_urls":["https://finds.org.uk/images/abrown/ADT_SF-44A540.jpg"]},{"from":154,"to":155,"title":"WAW-295EA3: A coin issued by Antoninus Pius","image_urls":["https://finds.org.uk/images/abolton/WAW-295EA3.jpg"]},{"from":154,"to":155,"title":"NCL-08F2C7: A coin issued by Antoninus Pius","image_urls":["https://finds.org.uk/images/pwalton/SF433merg.jpg"]},{"from":154,"to":155,"title":"LIN-729040: A coin issued by Antoninus Pius","image_urls":["https://finds.org.uk/images/adaubney/LIN7417.JPG"]},{"from":154,"to":155,"title":"KENT-8411A2: A coin issued by Antoninus Pius","image_urls":["https://finds.org.uk/images/jjackson/5a%20010.jpg"]},{"from":154,"to":155,"title":"WILT-31BA82: A coin issued by Antoninus Pius","image_urls":["https://finds.org.uk/images/rhenry2/WILT-31BA82.jpg"]},{"from":154,"to":155,"title":"WILT-858549: A coin issued by Antoninus Pius","image_urls":["https://finds.org.uk/images/jshoemark/WILT858549.jpg"]},{"from":154,"to":155,"title":"HAMP-770452: A coin issued by Marcus Aurelius (as Caesar)","image_urls":["https://finds.org.uk/images/rwebley/HAMP-770452MarcusAureliusasCaesaras.jpg"]},{"from":154,"to":155,"title":"SUR-C34227: A coin issued by Marcus Aurelius (as Caesar)","image_urls":["https://finds.org.uk/images/dwilliams/06.655a.JPG"]},{"from":154,"to":155,"title":"WMID-5F7512: A coin issued by Marcus Aurelius (as Caesar)","image_urls":["https://finds.org.uk/images/cjohnson/WMID-5F7512.jpg"]},{"from":154,"to":155,"title":"BM-F49586: A coin issued by Antoninus Pius","image_urls":["https://finds.org.uk/images/jasonlundock/5289a.jpg"]},{"from":154,"to":155,"title":"BM-4DAD71: A coin issued by Antoninus Pius","image_urls":["https://finds.org.uk/images/jasonlundock/BM-4dad71.jpg"]},{"from":154,"to":155,"title":"HAMP-1F48E2: A coin issued by Antoninus Pius","image_urls":["https://finds.org.uk/images/rwebley/HAMP-1F48E2AntoninusPiusas.jpg"]},{"from":154,"to":155,"title":"HAMP287: A coin issued by Antoninus Pius","image_urls":["https://finds.org.uk/images/sworrell/hamp287a.jpg"]},{"from":154,"to":155,"title":"HAMP-F394D6: A coin issued by Antoninus Pius","image_urls":["https://finds.org.uk/images/rwebley/HAMP-F394D6AntoninusPiusas.jpg"]},{"from":154,"to":155,"title":"WMID-771127: A coin issued by Antoninus Pius","image_urls":["https://finds.org.uk/images/cjohnson/WMID-771127.JPG"]},{"from":154,"to":155,"title":"KENT-CFF802: A coin issued by Antoninus Pius","image_urls":["https://finds.org.uk/images/jbryan/KENTCFF802.jpg"]},{"from":154,"to":155,"title":"SUSS-BE5B87: A coin issued by Marcus Aurelius (as Caesar)","image_urls":["https://finds.org.uk/images/jjackson/AG%20068.jpg"]},{"from":154,"to":155,"title":"LON-DEFA02: A coin issued by Antoninus Pius","image_urls":["https://finds.org.uk/images/ksumnall/Love%20-%20Roman%20Ant%20P%20-%20Aug%2010.jpg"]},{"from":154,"to":155,"title":"NCL-70EB47: A coin issued by Antoninus Pius","image_urls":["https://finds.org.uk/images/pwalton/1187.jpg"]},{"from":154,"to":155,"title":"LANCUM-ECDD57: A coin issued by Antoninus Pius","image_urls":["https://finds.org.uk/images/dboughton/SRMGRECDD57.jpg"]},{"from":154,"to":156,"title":"HAMP-98F572: A coin issued by Antoninus Pius","image_urls":["https://finds.org.uk/images/awillishamp/HAMP-98F572.jpg"]},{"from":154,"to":155,"title":"SWYOR-3A0B22: A coin issued by Antoninus Pius","image_urls":["https://finds.org.uk/images/acooper/PAS_2430_Roman_coin.jpg"]},{"from":154,"to":155,"title":"IOW-09A766: A coin issued by Antoninus Pius","image_urls":["https://finds.org.uk/images/fbasford/IOW2008-2-179.JPG"]},{"from":154,"to":161,"title":"SOM-E770D2: A coin issued by Marcus Aurelius (as Caesar)","image_urls":["https://finds.org.uk/images/elburnett/SOM-E770D2.JPG"]},{"from":154,"to":160,"title":"LVPL-210CF6: A coin issued by Marcus Aurelius (as Caesar)","image_urls":["https://finds.org.uk/images/voakden/LVPL-210CF6.jpg"]},{"from":154,"to":155,"title":"HESH-2E6B48: A coin issued by Antoninus Pius","image_urls":["https://finds.org.uk/images/preavill/HESH-2E6B48a.jpg"]},{"from":154,"to":155,"title":"ESS-5A2744: A coin issued by Antoninus Pius","image_urls":["https://finds.org.uk/images/cmcdonald/Brown%20ant%20pius%20britannia.jpg"]},{"from":154,"to":155,"title":"WILT-C46D85: A coin issued by Antoninus Pius","image_urls":["https://finds.org.uk/images/jblake/Booth0111antoninuspiusas.jpg"]},{"from":154,"to":155,"title":"WILT-83D9A5: A coin issued by Antoninus Pius","image_urls":["https://finds.org.uk/images/rhenry2/WILT-83D9A5.jpg"]},{"from":154,"to":156,"title":"LIN-1D37B7: A coin issued by Antoninus Pius","image_urls":["https://finds.org.uk/images/adaubney/LIN6467.JPG"]},{"from":154,"to":155,"title":"IOW-4CA936: A coin issued by Antoninus Pius","image_urls":["https://finds.org.uk/images/fbasford/IOW2012-2-292.JPG"]},{"from":154,"to":155,"title":"LIN-D1B7D7: A coin issued by Antoninus Pius","image_urls":["https://finds.org.uk/images/adaubney/LIN6648.JPG"]},{"from":154,"to":156,"title":"LIN-617962: A coin issued by Faustina II","image_urls":["https://finds.org.uk/images/adaubney/LIN2012-260.jpg"]},{"from":154,"to":154,"title":"NARC-855EA2: A coin issued by Antoninus Pius","image_urls":["https://finds.org.uk/images/jcassidy/855EA2%20a.jpg"]},{"from":154,"to":155,"title":"PUBLIC-E6CAD2: A coin issued by Antoninus Pius","image_urls":["https://finds.org.uk/images/calow1/FLE14.%20892.JPG"]},{"from":154,"to":155,"title":"ESS-77B2D2: A coin issued by Antoninus Pius","image_urls":["https://finds.org.uk/images/srdeacon2/034-C0033ESS-77B2D2.jpg"]},{"from":154,"to":155,"title":"IOW-2F9085: A coin issued by Antoninus Pius","image_urls":["https://finds.org.uk/images/fbasford/IOW2012-4-378.JPG"]},{"from":154,"to":156,"title":"BH-9C1755: A coin issued by Antoninus Pius","image_urls":["https://finds.org.uk/images/jwatters/Roman%20coin%200464-13%20obv.jpg"]},{"from":154,"to":155,"title":"WILT-59E3A0: A coin issued by Antoninus Pius","image_urls":["https://finds.org.uk/images/khinds/Shoults0110antoninuspius.jpg"]},{"from":154,"to":155,"title":"NARC-855301: A coin issued by Antoninus Pius","image_urls":["https://finds.org.uk/images/jcassidy/NARC-855301%20b.jpg"]},{"from":154,"to":155,"title":"BM-4DE9B7: A coin issued by Antoninus Pius","image_urls":["https://finds.org.uk/images/jasonlundock/BM-4de9b7.jpg"]},{"from":154,"to":155,"title":"SUSS-6B34E4: A coin issued by Antoninus Pius","image_urls":["https://finds.org.uk/images/lburnett/SUSS-6B34E4.JPG"]},{"from":154,"to":155,"title":"SOM-CE5990: A coin issued by Antoninus Pius","image_urls":["https://finds.org.uk/images/npayne/CE5990.JPG"]},{"from":154,"to":155,"title":"HESH-790AB6: A coin issued by Antoninus Pius","image_urls":["https://finds.org.uk/images/preavill/HESH-790AB6.jpg"]},{"from":154,"to":155,"title":"BUC-08C674: A coin issued by Antoninus Pius","image_urls":["https://finds.org.uk/images/jmoss/2dscn9315.jpg"]},{"from":154,"to":155,"title":"NCL-F67565: A coin issued by Antoninus Pius","image_urls":["https://finds.org.uk/images/pwalton/NCL-F67565.jpg"]},{"from":154,"to":155,"title":"IOW-7CA0B2: A coin issued by Antoninus Pius","image_urls":["https://finds.org.uk/images/fbasford/IOW2008-1-308.JPG"]},{"from":154,"to":155,"title":"NCL-C25043: A coin issued by Antoninus Pius","image_urls":["https://finds.org.uk/images/pwalton/1186.jpg"]},{"from":154,"to":155,"title":"SUR-575CC4: A coin issued by Antoninus Pius","image_urls":["https://finds.org.uk/images/margaretb/10.110.JPG"]},{"from":154,"to":155,"title":"NCL-875C34: A coin issued by Antoninus Pius","image_urls":["https://finds.org.uk/images/pwalton/623.jpg"]},{"from":154,"to":155,"title":"WILT-0824F2: A coin issued by Antoninus Pius","image_urls":["https://finds.org.uk/images/kcreed/WILT-0824F2%20Antoninus%20Pius%20dupondius.jpg"]},{"from":154,"to":155,"title":"LIN-0F9205: A coin issued by Antoninus Pius","image_urls":["https://finds.org.uk/images/adaubney/ST45.jpg"]},{"from":154,"to":155,"title":"SUSS-7F1986: A coin issued by Marcus Aurelius (as Caesar)","image_urls":["https://finds.org.uk/images/tcrnlje/SUSS-7F1986DenariusMarcusAurelius.jpg"]},{"from":154,"to":155,"title":"NMGW-9F5E52: A coin issued by Antoninus Pius","image_urls":["https://finds.org.uk/images/wenkedomscheit/2014782jpg.jpg"]},{"from":154,"to":155,"title":"BERK-13B4E0: A coin issued by Antoninus Pius","image_urls":["https://finds.org.uk/images/plevick/y68.jpg"]},{"from":154,"to":155,"title":"LEIC-7B2311: A coin issued by Marcus Aurelius (as Caesar)","image_urls":["https://finds.org.uk/images/wscott/7B2311.JPG"]},{"from":154,"to":155,"title":"BH-F24584: A coin issued by Antoninus Pius","image_urls":["https://finds.org.uk/images/jwatters/Roman%20coin%2009%20115%20-%207.jpg"]},{"from":154,"to":155,"title":"SOM-1F9DD7: A coin issued by Antoninus Pius","image_urls":["https://finds.org.uk/images/elburnett/SOM-1F9DD7.JPG"]},{"from":154,"to":155,"title":"NCL-5C87B3: A coin issued by Antoninus Pius","image_urls":["https://finds.org.uk/images/pwalton/NCL5C87B3.jpg"]},{"from":154,"to":155,"title":"BM-EE6752: A coin issued by Marcus Aurelius (as Caesar)","image_urls":["https://finds.org.uk/images/jasonlundock/5223.jpg"]},{"from":154,"to":155,"title":"DENO-6FA781: A coin issued by Antoninus Pius","image_urls":["https://finds.org.uk/images/ratherton/E6672%20beard%20dup%20as.jpg"]},{"from":154,"to":155,"title":"BH-3E7907: A coin issued by Antoninus Pius","image_urls":["https://finds.org.uk/images/jwatters/Roman%20coin%2007%2036%20-%2022.jpg"]},{"from":154,"to":155,"title":"LEIC-F0B191: A coin issued by Antoninus Pius","image_urls":["https://finds.org.uk/images/wscott/DSCN5938.JPG"]},{"from":154,"to":155,"title":"PUBLIC-E8D54E: A coin issued by Antoninus Pius","image_urls":["https://finds.org.uk/images/fisher1266x/Antoninus%20Pius%20denarius.jpg"]},{"from":154,"to":155,"title":"BH-BD2755: A coin issued by Antoninus Pius","image_urls":["https://finds.org.uk/images/jwatters/Roman%20coin%2009%20152%20-%201.jpg"]},{"from":154,"to":155,"title":"WMID-526DE2: A coin issued by Antoninus Pius","image_urls":["https://finds.org.uk/images/cjohnson/WMID-526DE2%20obv.jpg"]},{"from":154,"to":155,"title":"LANCUM-CB2812: A coin issued by Antoninus Pius","image_urls":["https://finds.org.uk/images/dboughton/LANCUMCB2812.jpg"]},{"from":154,"to":155,"title":"KENT-A96B67: A coin issued by Antoninus Pius","image_urls":["https://finds.org.uk/images/arichardson/PAK98-047.JPG"]},{"from":154,"to":155,"title":"SUSS-9A4A61: A coin issued by Antoninus Pius","image_urls":["https://finds.org.uk/images/jjackson/SUSS-9A4A61.jpg"]},{"from":154,"to":155,"title":"HAMP-3364B5: A coin issued by Antoninus Pius","image_urls":["https://finds.org.uk/images/rhenry/HAMP-3364B5.jpg"]},{"from":154,"to":155,"title":"BH-B38ED0: A coin issued by Antoninus Pius","image_urls":["https://finds.org.uk/images/jwatters/Roman_coin_13_8_30.jpg"]},{"from":154,"to":155,"title":"HESH-0CF3E6: A coin issued by Marcus Aurelius (as Caesar)","image_urls":["https://finds.org.uk/images/preavill/HESH0CF3E6.jpg"]},{"from":154,"to":155,"title":"NCL-5AEF96: A coin issued by Antoninus Pius","image_urls":["https://finds.org.uk/images/pwalton/852.jpg"]},{"from":154,"to":155,"title":"NCL-13B834: A coin issued by Antoninus Pius","image_urls":["https://finds.org.uk/images/pwalton/NCL13b834.jpg"]},{"from":154,"to":155,"title":"BERK-3E7AA1: A coin issued by Antoninus Pius","image_urls":["https://finds.org.uk/images/abyard/2011396.jpg"]},{"from":154,"to":155,"title":"BM-51C242: A coin issued by Antoninus Pius","image_urls":["https://finds.org.uk/images/jasonlundock/5497.jpg"]},{"from":154,"to":155,"title":"LANCUM-AB44D5: A coin issued by Antoninus Pius","image_urls":["https://finds.org.uk/images/dboughton/SRMGRAB44D5.jpg"]},{"from":154,"to":160,"title":"BH-8B8E53: A coin issued by Marcus Aurelius (as Caesar)","image_urls":["https://finds.org.uk/images/jwatters/Roman_coin_15_68_6.jpg"]},{"from":154,"to":155,"title":"NCL-CA6D76: A coin issued by Antoninus Pius","image_urls":["https://finds.org.uk/images/pwalton/1441.jpg"]},{"from":154,"to":155,"title":"BERK-19B1C4: A coin issued by Antoninus Pius","image_urls":["https://finds.org.uk/images/abyard/2014505.jpg"]},{"from":154,"to":155,"title":"RIC III Antoninus Pius 239. 1956.127.1878","image_urls":["http://numismatics.org/collectionimages/19501999/1956/1956.127.1878.rev.width350.jpg"]},{"from":154,"to":155,"title":"RIC III Antoninus Pius 239. 1956.127.463","image_urls":["http://numismatics.org/collectionimages/19501999/1956/1956.127.463.rev.width350.jpg"]},{"from":154,"to":155,"title":"RIC III Antoninus Pius 934. 1944.100.48292","image_urls":["http://numismatics.org/collectionimages/19001949/1944/1944.100.48292.rev.width350.jpg"]},{"from":154,"to":155,"title":"RIC III Antoninus Pius 464A. 1972.62.24","image_urls":["http://numismatics.org/collectionimages/19501999/1972/1972.62.24.rev.width350.jpg"]},{"from":154,"to":155,"title":"Bronze Drachm of Antoninus Pius, Alexandreia, AD 154 - AD 155. 1974.26.3733","image_urls":["http://numismatics.org/collectionimages/19501999/1974/1974.26.3733.rev.width350.jpg"]},{"from":154,"to":155,"title":"RIC III Antoninus Pius 241. 1972.62.14","image_urls":["http://numismatics.org/collectionimages/19501999/1972/1972.62.14.rev.width350.jpg"]},{"from":154,"to":155,"title":"Bronze Drachm of Antoninus Pius, Alexandreia, AD 154 - AD 155. 1944.100.60786","image_urls":["http://numismatics.org/collectionimages/19001949/1944/1944.100.60786.rev.width350.jpg"]},{"from":154,"to":155,"title":"RIC III Antoninus Pius 240. 1948.19.1264","image_urls":["http://numismatics.org/collectionimages/19001949/1948/1948.19.1264.rev.width350.jpg"]},{"from":154,"to":155,"title":"Bronze Drachm of Antoninus Pius, Alexandreia, AD 154 - AD 155. 1944.100.60776","image_urls":["http://numismatics.org/collectionimages/19001949/1944/1944.100.60776.rev.width350.jpg"]},{"from":154,"to":155,"title":"RIC III Antoninus Pius 239. 1995.11.376","image_urls":["http://numismatics.org/collectionimages/19501999/1995/1995.11.376.rev.width350.jpg"]},{"from":154,"to":155,"title":"Billon Tetradrachm of Antoninus Pius, Alexandreia, AD 154 - AD 155. 1944.100.58899","image_urls":["http://numismatics.org/collectionimages/19001949/1944/1944.100.58899.rev.width350.jpg"]},{"from":154,"to":155,"title":"Bronze Drachm of Antoninus Pius, Alexandreia, AD 154 - AD 155. 1944.100.60789","image_urls":["http://numismatics.org/collectionimages/19001949/1944/1944.100.60789.rev.width350.jpg"]},{"from":154,"to":155,"title":"Silver Tetradrachm, Seleuceia ad Tigrim, AD 154 - AD 155. 1944.100.83405","image_urls":["http://numismatics.org/collectionimages/19001949/1944/1944.100.83405.rev.width350.jpg"]},{"from":154,"to":155,"title":"Bronze Drachm of Antoninus Pius, Alexandreia, AD 154 - AD 155. 1944.100.60791","image_urls":["http://numismatics.org/collectionimages/19001949/1944/1944.100.60791.rev.width350.jpg"]},{"from":154,"to":155,"title":"RIC III Antoninus Pius 929. 1906.236.356","image_urls":["http://numismatics.org/collectionimages/19001949/1906/1906.236.356.rev.width350.jpg"]},{"from":154,"to":155,"title":"Billon Tetradrachm of Marcus Aurelius, Alexandreia, AD 154 - AD 155. 1944.100.61196","image_urls":["http://numismatics.org/collectionimages/19001949/1944/1944.100.61196.rev.width350.jpg"]},{"from":154,"to":155,"title":"RIC III Antoninus Pius 238. 1911.23.226","image_urls":["http://numismatics.org/collectionimages/19001949/1911/1911.23.226.rev.width350.jpg"]},{"from":154,"to":155,"title":"RIC III Antoninus Pius 238. 1985.140.122","image_urls":["http://numismatics.org/collectionimages/19501999/1985/1985.140.122.rev.width350.jpg"]},{"from":154,"to":155,"title":"RIC III Antoninus Pius 934. 1944.100.48291","image_urls":["http://numismatics.org/collectionimages/19001949/1944/1944.100.48291.rev.width350.jpg"]},{"from":154,"to":155,"title":"RIC III Antoninus Pius 239. 1956.127.462","image_urls":["http://numismatics.org/collectionimages/19501999/1956/1956.127.462.rev.width350.jpg"]},{"from":154,"to":155,"title":"RIC III Antoninus Pius 239. 1956.127.1877","image_urls":["http://numismatics.org/collectionimages/19501999/1956/1956.127.1877.rev.width350.jpg"]},{"from":154,"to":155,"title":"RIC III Antoninus Pius 238. 1964.134.9","image_urls":["http://numismatics.org/collectionimages/19501999/1964/1964.134.9.rev.width350.jpg"]},{"from":154,"to":155,"title":"Bronze Drachm of Antoninus Pius, Alexandreia, AD 154 - AD 155. 1944.100.60809","image_urls":["http://numismatics.org/collectionimages/19001949/1944/1944.100.60809.rev.width350.jpg"]},{"from":154,"to":155,"title":"Bronze Drachm of Antoninus Pius, Alexandreia, AD 154 - AD 155. 1944.100.60790","image_urls":["http://numismatics.org/collectionimages/19001949/1944/1944.100.60790.rev.width350.jpg"]},{"from":154,"to":155,"title":"Bronze Drachm of Antoninus Pius, Alexandreia, AD 154 - AD 155. 1944.100.60784","image_urls":["http://numismatics.org/collectionimages/19001949/1944/1944.100.60784.rev.width350.jpg"]},{"from":154,"to":155,"title":"Bronze Drachm of Antoninus Pius, Alexandreia, AD 154 - AD 155. 1944.100.60799","image_urls":["http://numismatics.org/collectionimages/19001949/1944/1944.100.60799.rev.width350.jpg"]},{"from":154,"to":155,"title":"Bronze Drachm of Antoninus Pius, Alexandreia, AD 154 - AD 155. 1944.100.60793","image_urls":["http://numismatics.org/collectionimages/19001949/1944/1944.100.60793.rev.width350.jpg"]},{"from":154,"to":155,"title":"RIC III Antoninus Pius 238. 1956.127.461","image_urls":["http://numismatics.org/collectionimages/19501999/1956/1956.127.461.rev.width350.jpg"]},{"from":154,"to":155,"title":"RIC III Antoninus Pius 937. 1951.61.65","image_urls":["http://numismatics.org/collectionimages/19501999/1951/1951.61.65.rev.width350.jpg"]},{"from":154,"to":155,"title":"RIC III Antoninus Pius 241. 1972.62.13","image_urls":["http://numismatics.org/collectionimages/19501999/1972/1972.62.13.rev.width350.jpg"]},{"from":154,"to":155,"title":"RIC III Antoninus Pius 1324A (dupondius). 1944.100.49049","image_urls":["http://numismatics.org/collectionimages/19001949/1944/1944.100.49049.rev.width350.jpg"]},{"from":154,"to":155,"title":"Billon Tetradrachm of Antoninus Pius, Alexandreia, AD 154 - AD 155. 1944.100.58897","image_urls":["http://numismatics.org/collectionimages/19001949/1944/1944.100.58897.rev.width350.jpg"]},{"from":154,"to":155,"title":"Bronze Medallion, Rome, AD 154 - AD 155. 1944.100.48321","image_urls":["http://numismatics.org/collectionimages/19001949/1944/1944.100.48321.rev.width350.jpg"]},{"from":154,"to":155,"title":"RIC III Antoninus Pius 239. 1956.127.1876","image_urls":["http://numismatics.org/collectionimages/19501999/1956/1956.127.1876.rev.width350.jpg"]},{"from":154,"to":155,"title":"RIC III Antoninus Pius 928. 1980.187.7","image_urls":["http://numismatics.org/collectionimages/19501999/1980/1980.187.7.rev.width350.jpg"]},{"from":154,"to":155,"title":"RIC III Antoninus Pius 464A. 1967.50.9","image_urls":["http://numismatics.org/collectionimages/19501999/1967/1967.50.9.rev.width350.jpg"]},{"from":154,"to":155,"title":"RIC III Antoninus Pius 240. 1956.127.464","image_urls":["http://numismatics.org/collectionimages/19501999/1956/1956.127.464.rev.width350.jpg"]},{"from":154,"to":155,"title":"Bronze Drachm of Antoninus Pius, Alexandreia, AD 154 - AD 155. 1944.100.60818","image_urls":["http://numismatics.org/collectionimages/19001949/1944/1944.100.60818.rev.width350.jpg"]},{"from":154,"to":155,"title":"RIC III Antoninus Pius 926. 1988.5.41","image_urls":["http://numismatics.org/collectionimages/19501999/1988/1988.5.41.rev.width350.jpg"]},{"from":154,"to":155,"title":"Billon Tetradrachm of Antoninus Pius, Alexandreia, AD 154 - AD 155. 1944.100.58895","image_urls":["http://numismatics.org/collectionimages/19001949/1944/1944.100.58895.rev.width350.jpg"]},{"from":154,"to":155,"title":"Billon Tetradrachm, Alexandreia, AD 154 - AD 155. 1974.26.3828","image_urls":["http://numismatics.org/collectionimages/19501999/1974/1974.26.3828.rev.width350.jpg"]},{"from":154,"to":155,"title":"RIC III Antoninus Pius 929. 1988.5.40","image_urls":["http://numismatics.org/collectionimages/19501999/1988/1988.5.40.rev.width350.jpg"]},{"from":154,"to":155,"title":"Bronze Drachm of Antoninus Pius, Alexandreia, AD 154 - AD 155. 1944.100.60815","image_urls":["http://numismatics.org/collectionimages/19001949/1944/1944.100.60815.rev.width350.jpg"]},{"from":154,"to":155,"title":"Billon Tetradrachm of Antoninus Pius, Alexandreia, AD 154 - AD 155. 1944.100.58904","image_urls":["http://numismatics.org/collectionimages/19001949/1944/1944.100.58904.rev.width350.jpg"]},{"from":154,"to":155,"title":"RIC III Antoninus Pius 935A. 1995.110.32","image_urls":["http://numismatics.org/collectionimages/19501999/1995/1995.110.32.rev.width350.jpg"]},{"from":154,"to":155,"title":"RIC III Antoninus Pius 934. 1954.203.206","image_urls":["http://numismatics.org/collectionimages/19501999/1954/1954.203.206.rev.width350.jpg"]},{"from":154,"to":155,"title":"Bronze Drachm of Antoninus Pius, Alexandreia, AD 154 - AD 155. 1944.100.60775","image_urls":["http://numismatics.org/collectionimages/19001949/1944/1944.100.60775.rev.width350.jpg"]},{"from":154,"to":155,"title":"Billon Tetradrachm of Marcus Aurelius, Alexandreia, AD 154 - AD 155. 1944.100.61197","image_urls":["http://numismatics.org/collectionimages/19001949/1944/1944.100.61197.rev.width350.jpg"]},{"from":154,"to":155,"title":"RIC III Antoninus Pius 937. 1944.100.48293","image_urls":["http://numismatics.org/collectionimages/19001949/1944/1944.100.48293.rev.width350.jpg"]},{"from":154,"to":155,"title":"RIC III Antoninus Pius 463B. 1911.23.283","image_urls":["http://numismatics.org/collectionimages/19001949/1911/1911.23.283.rev.width350.jpg"]},{"from":154,"to":155,"title":"RIC III Antoninus Pius 464A. 1967.50.8","image_urls":["http://numismatics.org/collectionimages/19501999/1967/1967.50.8.rev.width350.jpg"]},{"from":154,"to":155,"title":"Billon Tetradrachm, Alexandreia, AD 154 - AD 155. 1944.100.61491","image_urls":["http://numismatics.org/collectionimages/19001949/1944/1944.100.61491.rev.width350.jpg"]},{"from":154,"to":155,"title":"RIC III Antoninus Pius 928. 1995.11.402","image_urls":["http://numismatics.org/collectionimages/19501999/1995/1995.11.402.rev.width350.jpg"]},{"from":154,"to":155,"title":"Bronze Diobol of Antoninus Pius, Alexandreia, AD 154 - AD 155. 1973.56.858","image_urls":["http://numismatics.org/collectionimages/19501999/1973/1973.56.858.rev.width350.jpg"]},{"from":154,"to":155,"title":"RIC III Antoninus Pius 240. 1956.127.1879","image_urls":["http://numismatics.org/collectionimages/19501999/1956/1956.127.1879.rev.width350.jpg"]},{"from":154,"to":155,"title":"RIC III Antoninus Pius 935A. 1906.236.357","image_urls":["http://numismatics.org/collectionimages/19001949/1906/1906.236.357.rev.width350.jpg"]},{"from":154,"to":155,"title":"Bronze Hemidrachm, Alexandreia, AD 154 - AD 155. 1944.100.61587","image_urls":["http://numismatics.org/collectionimages/19001949/1944/1944.100.61587.rev.width350.jpg"]},{"from":154,"to":155,"title":"RIC III Antoninus Pius 934. 1941.131.828","image_urls":["http://numismatics.org/collectionimages/19001949/1941/1941.131.828.rev.width350.jpg"]},{"from":154,"to":155,"title":"RIC III Antoninus Pius 929. 1947.2.478","image_urls":["http://numismatics.org/collectionimages/19001949/1947/1947.2.478.rev.width350.jpg"]},{"from":154,"to":155,"title":"RIC III Antoninus Pius 1321. 1944.100.49048","image_urls":["http://numismatics.org/collectionimages/19001949/1944/1944.100.49048.rev.width350.jpg"]},{"from":154,"to":155,"title":"RIC III Antoninus Pius 929. 1995.11.394","image_urls":["http://numismatics.org/collectionimages/19501999/1995/1995.11.394.rev.width350.jpg"]},{"from":154,"to":155,"title":"RIC III Antoninus Pius 1324A (as). 1944.100.49050","image_urls":["http://numismatics.org/collectionimages/19001949/1944/1944.100.49050.rev.width350.jpg"]},{"from":154,"to":155,"title":"Bronze Drachm of Antoninus Pius, Alexandreia, AD 154 - AD 155. 1944.100.60827","image_urls":["http://numismatics.org/collectionimages/19001949/1944/1944.100.60827.rev.width350.jpg"]},{"from":154,"to":155,"title":"Billon Tetradrachm of Marcus Aurelius, Alexandreia, AD 154 - AD 155. 1944.100.61099","image_urls":["http://numismatics.org/collectionimages/19001949/1944/1944.100.61099.rev.width350.jpg"]},{"from":154,"to":155,"title":"Bronze Drachm of Antoninus Pius, Alexandreia, AD 154 - AD 155. 1944.100.60796","image_urls":["http://numismatics.org/collectionimages/19001949/1944/1944.100.60796.rev.width350.jpg"]},{"from":154,"to":155,"title":"Billon Tetradrachm of Antoninus Pius, Alexandreia, AD 154 - AD 155. 1974.26.3610","image_urls":["http://numismatics.org/collectionimages/19501999/1974/1974.26.3610.rev.width350.jpg"]}]