[{"from":1544,"to":1547,"title":"ESS-E64B45: A coin issued by Henry VIII of England","image_urls":["https://finds.org.uk/images/cmcdonald/P9230013.JPG"]},{"from":1544,"to":1547,"title":"BUC-01EF82: A coin issued by Henry VIII of England","image_urls":["https://finds.org.uk/images/jmoss/DSCN2699.JPG"]},{"from":1544,"to":1547,"title":"SUR-F900A8: A coin issued by Henry VIII of England","image_urls":["https://finds.org.uk/images/dwilliams/06.145a.JPG"]},{"from":1544,"to":1547,"title":"LIN-42C8F2: A coin issued by Henry VIII of England","image_urls":["https://finds.org.uk/images/adaubney/LIN1083.JPG"]}]