[{"from":155,"to":156,"title":"PUBLIC-BD13B5: A coin issued by Antoninus Pius","image_urls":["https://finds.org.uk/images/calow1/FLE14.%20635.JPG"]},{"from":155,"to":156,"title":"SUSS-E8E7B7: A coin issued by Antoninus Pius","image_urls":["https://finds.org.uk/images/lwilson/Coin%20%28obverse%29.jpg"]},{"from":155,"to":155,"title":"LIN-7AC452: A coin issued by Antoninus Pius","image_urls":["https://finds.org.uk/images/adaubney/LIN2013-815.jpg"]},{"from":155,"to":156,"title":"NCL-0C73E7: A coin issued by Antoninus Pius","image_urls":["https://finds.org.uk/images/pwalton/5588.jpg"]},{"from":155,"to":156,"title":"SUR-831B48: A coin issued by Antoninus Pius","image_urls":["https://finds.org.uk/images/dwilliams/05.1163a.jpg.JPG"]},{"from":155,"to":156,"title":"WILT-85C1A8: A coin issued by Antoninus Pius","image_urls":["https://finds.org.uk/images/khinds/Bulley0908hoardcoin2.jpg"]},{"from":155,"to":156,"title":"YORYM-73EE75: A coin issued by Antoninus Pius","image_urls":["https://finds.org.uk/images/bmorris/DHB0001.jpg"]},{"from":155,"to":156,"title":"NCL-B2BDE2: A coin issued by Marcus Aurelius (as Caesar)","image_urls":["https://finds.org.uk/images/pwalton/570.jpg"]},{"from":155,"to":156,"title":"SOMDOR-EBF750: A coin issued by Antoninus Pius","image_urls":["https://finds.org.uk/images/npayne/EBF750.jpg"]},{"from":155,"to":155,"title":"SUSS-9B14A1: A coin issued by Antoninus Pius","image_urls":["https://finds.org.uk/images/jjackson/SUSS-9B14A1.jpg"]},{"from":155,"to":156,"title":"BM-99A8EC: A coin with an unrecorded/uncertain issuer.","image_urls":["https://finds.org.uk/images/vdrost/BM_99A8EC_R.JPG"]},{"from":155,"to":156,"title":"WMID-987955: A coin issued by Antoninus Pius","image_urls":["https://finds.org.uk/images/dslarke/bowles%20den%200109%20copy.jpg"]},{"from":155,"to":156,"title":"SWYOR-A10C39: A coin issued by Antoninus Pius","image_urls":["https://finds.org.uk/images/acooper/PAS_2175_plated_denari.jpg"]},{"from":155,"to":156,"title":"NCL-79F165: A coin issued by Antoninus Pius","image_urls":["https://finds.org.uk/images/pwalton/662.jpg"]},{"from":155,"to":156,"title":"NCL-0C0EC8: A coin issued by Antoninus Pius","image_urls":["https://finds.org.uk/images/pwalton/1504.jpg"]},{"from":155,"to":156,"title":"NCL-A9B3A5: A coin issued by Antoninus Pius","image_urls":["https://finds.org.uk/images/pwalton/1145.jpg"]},{"from":155,"to":157,"title":"SF-1667BB: A coin issued by Antoninus Pius","image_urls":["https://finds.org.uk/images/annab/BLN_SF1667BB.jpg"]},{"from":155,"to":156,"title":"DENO-130192: A coin issued by Antoninus Pius","image_urls":["https://finds.org.uk/images/cburrill2/E6945_AntPius_Anonna_Denarius_.jpg"]},{"from":155,"to":156,"title":"NARC-BDC6C1: A coin issued by Antoninus Pius","image_urls":["https://finds.org.uk/images/sashby/NARC-BDC6C1ib%20roman%20coin.JPG"]},{"from":155,"to":156,"title":"WILT-907053: A coin issued by Marcus Aurelius (as Caesar)","image_urls":["https://finds.org.uk/images/cshenry/WILT-907053.jpg"]},{"from":155,"to":156,"title":"DUR-F99FF5: A coin issued by Antoninus Pius","image_urls":["https://finds.org.uk/images/emorris/Fred%20Simpson%20Coin.jpg"]},{"from":155,"to":156,"title":"WILT-8B5195: A coin issued by Antoninus Pius","image_urls":["https://finds.org.uk/images/awillis/WILT-8B5195.jpg"]},{"from":155,"to":156,"title":"CAM-DE3E21: A coin issued by Marcus Aurelius (as Caesar)","image_urls":["https://finds.org.uk/images/hfowler/CAM-DE3E21.jpg"]},{"from":155,"to":156,"title":"NCL-616395: A coin issued by Antoninus Pius","image_urls":["https://finds.org.uk/images/pwalton/4850.jpg"]},{"from":155,"to":156,"title":"DENO-645577: A coin issued by Antoninus Pius","image_urls":["https://finds.org.uk/images/cburrill2/E7700_Roman_Denarius_Whole_Ant_Pius.jpg"]},{"from":155,"to":156,"title":"LIN-BA42D8: A coin issued by Marcus Aurelius (as Caesar)","image_urls":["https://finds.org.uk/images/adaubney/LIN2013-1296c.jpg"]},{"from":155,"to":156,"title":"NCL-5CD9D3: A coin issued by Lucius Verus","image_urls":["https://finds.org.uk/images/pwalton/NCL5CD9D3.jpg"]},{"from":155,"to":157,"title":"IOW-A2E423: A coin issued by Antoninus Pius","image_urls":["https://finds.org.uk/images/fbasford/IOW2008-2-80.JPG"]},{"from":155,"to":157,"title":"WMID-FA7100: A coin issued by Antoninus Pius","image_urls":["https://finds.org.uk/images/tbrindle/WMID-FA7100.jpg"]},{"from":155,"to":156,"title":"RIC III Antoninus Pius 956. 2003.15.5","image_urls":["http://numismatics.org/collectionimages/20002049/2003/2003.15.5.rev.width350.jpg"]},{"from":155,"to":156,"title":"RIC III Antoninus Pius 250. 1956.127.466","image_urls":["http://numismatics.org/collectionimages/19501999/1956/1956.127.466.rev.width350.jpg"]},{"from":155,"to":156,"title":"RIC III Antoninus Pius 256a. 1972.62.15","image_urls":["http://numismatics.org/collectionimages/19501999/1972/1972.62.15.rev.width350.jpg"]},{"from":155,"to":156,"title":"Billon Tetradrachm of Marcus Aurelius, Alexandreia, AD 155 - AD 156. 1944.100.61107","image_urls":["http://numismatics.org/collectionimages/19001949/1944/1944.100.61107.rev.width350.jpg"]},{"from":155,"to":156,"title":"Silver Tetradrachm, Seleuceia ad Tigrim, AD 155 - AD 156. 1944.100.83406","image_urls":["http://numismatics.org/collectionimages/19001949/1944/1944.100.83406.rev.width350.jpg"]},{"from":155,"to":156,"title":"RIC III Antoninus Pius 251. 1911.23.229","image_urls":["http://numismatics.org/collectionimages/19001949/1911/1911.23.229.rev.width350.jpg"]},{"from":155,"to":156,"title":"RIC III Antoninus Pius 243. 1998.121.3","image_urls":["http://numismatics.org/collectionimages/19501999/1998/1998.121.3.rev.width350.jpg"]},{"from":155,"to":156,"title":"Billon Tetradrachm of Antoninus Pius, Alexandreia, AD 155 - AD 156. 1944.100.58908","image_urls":["http://numismatics.org/collectionimages/19001949/1944/1944.100.58908.rev.width350.jpg"]},{"from":155,"to":156,"title":"RIC III Antoninus Pius 958. 2003.27.4","image_urls":["http://numismatics.org/collectionimages/20002049/2003/2003.27.4.rev.width350.jpg"]},{"from":155,"to":156,"title":"RIC III Antoninus Pius 941A. 2003.15.2","image_urls":["http://numismatics.org/collectionimages/20002049/2003/2003.15.2.rev.width350.jpg"]},{"from":155,"to":156,"title":"RIC III Antoninus Pius 255a. 1973.16.6","image_urls":["http://numismatics.org/collectionimages/19501999/1973/1973.16.6.rev.width350.jpg"]},{"from":155,"to":156,"title":"RIC III Antoninus Pius 955. 1944.100.48294","image_urls":["http://numismatics.org/collectionimages/19001949/1944/1944.100.48294.rev.width350.jpg"]},{"from":155,"to":156,"title":"Silver Tetradrachm, Seleuceia ad Tigrim, AD 155 - AD 156. 1944.100.83452","image_urls":["http://numismatics.org/collectionimages/19001949/1944/1944.100.83452.rev.width350.jpg"]},{"from":155,"to":156,"title":"RIC III Antoninus Pius 943A. 1980.109.346","image_urls":["http://numismatics.org/collectionimages/19501999/1980/1980.109.346.rev.width350.jpg"]},{"from":155,"to":156,"title":"RIC III Antoninus Pius 953. 0000.999.20761","image_urls":["http://numismatics.org/collectionimages/00001899/0000/0000.999.20761.rev.width350.jpg"]},{"from":155,"to":156,"title":"RIC III Antoninus Pius 468. 1944.100.49024","image_urls":["http://numismatics.org/collectionimages/19001949/1944/1944.100.49024.rev.width350.jpg"]},{"from":155,"to":156,"title":"RIC III Antoninus Pius 251. 1956.127.468","image_urls":["http://numismatics.org/collectionimages/19501999/1956/1956.127.468.rev.width350.jpg"]},{"from":155,"to":156,"title":"Billon Tetradrachm, Alexandreia, AD 155 - AD 156. 1944.100.61503","image_urls":["http://numismatics.org/collectionimages/19001949/1944/1944.100.61503.rev.width350.jpg"]},{"from":155,"to":156,"title":"Billon Tetradrachm of Marcus Aurelius, Alexandreia, AD 155 - AD 156. 1973.56.869","image_urls":["http://numismatics.org/collectionimages/19501999/1973/1973.56.869.rev.width350.jpg"]},{"from":155,"to":156,"title":"Bronze Dupondius of Antoninus Pius, Rome, AD 155 - AD 156. 2003.15.4","image_urls":["http://numismatics.org/collectionimages/20002049/2003/2003.15.4.rev.width350.jpg"]},{"from":155,"to":156,"title":"RIC III Antoninus Pius 943A. 0000.999.20760","image_urls":["http://numismatics.org/collectionimages/00001899/0000/0000.999.20760.rev.width350.jpg"]},{"from":155,"to":156,"title":"RIC III Antoninus Pius 468. 1995.11.976","image_urls":["http://numismatics.org/collectionimages/19501999/1995/1995.11.976.rev.width350.jpg"]},{"from":155,"to":156,"title":"RIC III Antoninus Pius 468. 1956.127.768","image_urls":["http://numismatics.org/collectionimages/19501999/1956/1956.127.768.rev.width350.jpg"]},{"from":155,"to":156,"title":"RIC III Antoninus Pius 1333 (as). 1944.100.49052","image_urls":["http://numismatics.org/collectionimages/19001949/1944/1944.100.49052.rev.width350.jpg"]},{"from":155,"to":156,"title":"RIC III Antoninus Pius 251. 1956.127.467","image_urls":["http://numismatics.org/collectionimages/19501999/1956/1956.127.467.rev.width350.jpg"]},{"from":155,"to":156,"title":"RIC III Antoninus Pius 945. 1947.2.479","image_urls":["http://numismatics.org/collectionimages/19001949/1947/1947.2.479.rev.width350.jpg"]},{"from":155,"to":156,"title":"RIC III Antoninus Pius 468. 1956.127.767","image_urls":["http://numismatics.org/collectionimages/19501999/1956/1956.127.767.rev.width350.jpg"]},{"from":155,"to":156,"title":"RIC III Antoninus Pius 253A. 1911.23.230","image_urls":["http://numismatics.org/collectionimages/19001949/1911/1911.23.230.rev.width350.jpg"]},{"from":155,"to":156,"title":"RIC III Antoninus Pius 955. 2003.15.3","image_urls":["http://numismatics.org/collectionimages/20002049/2003/2003.15.3.rev.width350.jpg"]},{"from":155,"to":156,"title":"RIC III Antoninus Pius 243. 1976.172.2","image_urls":["http://numismatics.org/collectionimages/19501999/1976/1976.172.2.rev.width350.jpg"]},{"from":155,"to":156,"title":"RIC III Antoninus Pius 957. 2003.27.3","image_urls":["http://numismatics.org/collectionimages/20002049/2003/2003.27.3.rev.width350.jpg"]},{"from":155,"to":156,"title":"RIC III Antoninus Pius 466A. 1911.23.284","image_urls":["http://numismatics.org/collectionimages/19001949/1911/1911.23.284.rev.width350.jpg"]},{"from":155,"to":156,"title":"RIC III Antoninus Pius 953. 1948.19.1278","image_urls":["http://numismatics.org/collectionimages/19001949/1948/1948.19.1278.rev.width350.jpg"]},{"from":155,"to":156,"title":"RIC III Antoninus Pius 1329B. 1954.203.213","image_urls":["http://numismatics.org/collectionimages/19501999/1954/1954.203.213.rev.width350.jpg"]},{"from":155,"to":156,"title":"Bronze Diobol of Antoninus Pius, Alexandreia, AD 155 - AD 156. 1973.56.859","image_urls":["http://numismatics.org/collectionimages/19501999/1973/1973.56.859.rev.width350.jpg"]},{"from":155,"to":156,"title":"Bronze Coin, Caesareia ad Libanum, AD 155 - AD 156. 1961.154.250","image_urls":["http://numismatics.org/collectionimages/19501999/1961/1961.154.250.rev.width350.jpg"]},{"from":155,"to":156,"title":"RIC III Antoninus Pius 250. 1956.127.465","image_urls":["http://numismatics.org/collectionimages/19501999/1956/1956.127.465.rev.width350.jpg"]},{"from":155,"to":156,"title":"RIC III Antoninus Pius 949. 1906.236.358","image_urls":["http://numismatics.org/collectionimages/19001949/1906/1906.236.358.rev.width350.jpg"]},{"from":155,"to":156,"title":"RIC III Antoninus Pius 951. 2003.15.7","image_urls":["http://numismatics.org/collectionimages/20002049/2003/2003.15.7.rev.width350.jpg"]},{"from":155,"to":156,"title":"RIC III Antoninus Pius 250. 1911.23.228","image_urls":["http://numismatics.org/collectionimages/19001949/1911/1911.23.228.rev.width350.jpg"]},{"from":155,"to":156,"title":"Billon Tetradrachm, Alexandreia, AD 155 - AD 156. 1944.100.61498","image_urls":["http://numismatics.org/collectionimages/19001949/1944/1944.100.61498.rev.width350.jpg"]},{"from":155,"to":156,"title":"RIC III Antoninus Pius 248 (denarius). 1987.26.164","image_urls":["http://numismatics.org/collectionimages/19501999/1987/1987.26.164.rev.width350.jpg"]},{"from":155,"to":156,"title":"RIC III Antoninus Pius 466B. 1985.140.130","image_urls":["http://numismatics.org/collectionimages/19501999/1985/1985.140.130.rev.width350.jpg"]},{"from":155,"to":156,"title":"Silver Tetradrachm, Seleuceia ad Tigrim, AD 155 - AD 156. 1944.100.83458","image_urls":["http://numismatics.org/collectionimages/19001949/1944/1944.100.83458.rev.width350.jpg"]},{"from":155,"to":156,"title":"Bronze Drachm of Antoninus Pius, Alexandreia, AD 155 - AD 156. 1944.100.60828","image_urls":["http://numismatics.org/collectionimages/19001949/1944/1944.100.60828.rev.width350.jpg"]},{"from":155,"to":156,"title":"RIC III Antoninus Pius 253A. 1944.100.48169","image_urls":["http://numismatics.org/collectionimages/19001949/1944/1944.100.48169.rev.width350.jpg"]},{"from":155,"to":156,"title":"Billon Tetradrachm of Antoninus Pius, Alexandreia, AD 155 - AD 156. 1944.100.58911","image_urls":["http://numismatics.org/collectionimages/19001949/1944/1944.100.58911.rev.width350.jpg"]},{"from":155,"to":156,"title":"Silver Denarius of Marcus Aurelius, Rome, AD 155 - AD 156. 1911.23.285","image_urls":["http://numismatics.org/collectionimages/19001949/1911/1911.23.285.rev.width350.jpg"]},{"from":155,"to":156,"title":"RIC III Antoninus Pius 250. 1956.127.1895","image_urls":["http://numismatics.org/collectionimages/19501999/1956/1956.127.1895.rev.width350.jpg"]},{"from":155,"to":156,"title":"Bronze Dupondius of Antoninus Pius, Rome, AD 155 - AD 156. 2003.15.1","image_urls":["http://numismatics.org/collectionimages/20002049/2003/2003.15.1.rev.width350.jpg"]},{"from":155,"to":156,"title":"RIC III Antoninus Pius 954A. 2003.27.2","image_urls":["http://numismatics.org/collectionimages/20002049/2003/2003.27.2.rev.width350.jpg"]},{"from":155,"to":156,"title":"RIC III Antoninus Pius 249. 1985.140.123","image_urls":["http://numismatics.org/collectionimages/19501999/1985/1985.140.123.rev.width350.jpg"]},{"from":155,"to":156,"title":"RIC III Antoninus Pius 256a. 1969.26.5","image_urls":["http://numismatics.org/collectionimages/19501999/1969/1969.26.5.rev.width350.jpg"]},{"from":155,"to":156,"title":"RIC III Antoninus Pius 252. 1951.117.14","image_urls":["http://numismatics.org/collectionimages/19501999/1951/1951.117.14.rev.width350.jpg"]},{"from":155,"to":156,"title":"RIC III Antoninus Pius 245. 1911.23.227","image_urls":["http://numismatics.org/collectionimages/19001949/1911/1911.23.227.rev.width350.jpg"]},{"from":155,"to":160,"title":"Bronze As of Antoninus Pius, Rome, AD 155 - AD 160. 1944.100.49220","image_urls":["http://numismatics.org/collectionimages/19001949/1944/1944.100.49220.rev.width350.jpg"]},{"from":155,"to":156,"title":"RIC III Antoninus Pius 1325A. 2009.3.8","image_urls":["http://numismatics.org/collectionimages/20002049/2009/2009.3.8.rev.width350.jpg"]},{"from":155,"to":156,"title":"RIC III Antoninus Pius 254. 1995.11.386","image_urls":["http://numismatics.org/collectionimages/19501999/1995/1995.11.386.rev.width350.jpg"]},{"from":155,"to":156,"title":"Bronze Drachm of Antoninus Pius, Alexandreia, AD 155 - AD 156. 1944.100.60838","image_urls":["http://numismatics.org/collectionimages/19001949/1944/1944.100.60838.rev.width350.jpg"]},{"from":155,"to":156,"title":"RIC III Antoninus Pius 465A. 1980.109.166","image_urls":["http://numismatics.org/collectionimages/19501999/1980/1980.109.166.rev.width350.jpg"]},{"from":155,"to":156,"title":"RIC III Antoninus Pius 251. 1956.127.469","image_urls":["http://numismatics.org/collectionimages/19501999/1956/1956.127.469.rev.width350.jpg"]},{"from":155,"to":156,"title":"RIC III Antoninus Pius 255b. 1944.100.48170","image_urls":["http://numismatics.org/collectionimages/19001949/1944/1944.100.48170.rev.width350.jpg"]},{"from":155,"to":156,"title":"RIC III Antoninus Pius 1331 (as). 2003.27.5","image_urls":["http://numismatics.org/collectionimages/20002049/2003/2003.27.5.rev.width350.jpg"]},{"from":155,"to":156,"title":"Bronze Drachm of Antoninus Pius, Alexandreia, AD 155 - AD 156. 1944.100.60832","image_urls":["http://numismatics.org/collectionimages/19001949/1944/1944.100.60832.rev.width350.jpg"]},{"from":155,"to":156,"title":"Silver Tetradrachm, Seleuceia ad Tigrim, AD 155 - AD 156. 1944.100.83451","image_urls":["http://numismatics.org/collectionimages/19001949/1944/1944.100.83451.rev.width350.jpg"]},{"from":155,"to":156,"title":"Billon Tetradrachm of Antoninus Pius, Alexandreia, AD 155 - AD 156. 1944.100.58924","image_urls":["http://numismatics.org/collectionimages/19001949/1944/1944.100.58924.rev.width350.jpg"]},{"from":155,"to":156,"title":"RIC III Antoninus Pius 941A. 1944.100.48295","image_urls":["http://numismatics.org/collectionimages/19001949/1944/1944.100.48295.rev.width350.jpg"]},{"from":155,"to":156,"title":"RIC III Antoninus Pius 1325B. 1944.100.49051","image_urls":["http://numismatics.org/collectionimages/19001949/1944/1944.100.49051.rev.width350.jpg"]},{"from":155,"to":156,"title":"RIC III Antoninus Pius 956. 1948.19.1279","image_urls":["http://numismatics.org/collectionimages/19001949/1948/1948.19.1279.rev.width350.jpg"]},{"from":155,"to":156,"title":"Bronze Drachm of Antoninus Pius, Alexandreia, AD 155 - AD 156. 1944.100.60833","image_urls":["http://numismatics.org/collectionimages/19001949/1944/1944.100.60833.rev.width350.jpg"]},{"from":155,"to":156,"title":"RIC III Antoninus Pius 252. 1956.127.470","image_urls":["http://numismatics.org/collectionimages/19501999/1956/1956.127.470.rev.width350.jpg"]},{"from":155,"to":156,"title":"RIC III Antoninus Pius 952. 2003.15.6","image_urls":["http://numismatics.org/collectionimages/20002049/2003/2003.15.6.rev.width350.jpg"]}]