[{"from":156,"to":157,"title":"ESS-8E9C74: A coin issued by Antoninus Pius","image_urls":["https://finds.org.uk/images/cmcdonald/Morgan%20ant%20pius%20ob.jpg"]},{"from":156,"to":157,"title":"HAMP-4D7D83: A coin issued by Antoninus Pius","image_urls":["https://finds.org.uk/images/rwebley/HAMP-4D7D83AntoninusPiusdenarius.jpg"]},{"from":156,"to":157,"title":"LEIC-53E4E6: A coin issued by Antoninus Pius","image_urls":["https://finds.org.uk/images/philharding/CAD1733d.jpg"]},{"from":156,"to":156,"title":"LEIC-5FA233: A coin issued by Antoninus Pius","image_urls":["https://finds.org.uk/images/wscott/5FA233.JPG"]},{"from":156,"to":157,"title":"LEIC-A9EFB5: A coin issued by Marcus Aurelius (as Caesar)","image_urls":["https://finds.org.uk/images/wscott/A9EFB5.JPG"]},{"from":156,"to":157,"title":"HAMP-AFED65: A coin issued by Marcus Aurelius (as Caesar)","image_urls":["https://finds.org.uk/images/rwebley/HAMP-AFED65MarcusAureliussestertius.jpg"]},{"from":156,"to":157,"title":"ESS-31B943: A coin issued by Antoninus Pius","image_urls":["https://finds.org.uk/images/lmclean/1a%20ESS-31B943.jpg"]},{"from":156,"to":157,"title":"NCL-CC9D52: A coin issued by Antoninus Pius","image_urls":["https://finds.org.uk/images/pwalton/901.jpg"]},{"from":156,"to":157,"title":"ESS-6D8872: A coin issued by Antoninus Pius","image_urls":["https://finds.org.uk/images/samatthews/029-C0110.jpg"]},{"from":156,"to":157,"title":"NARC-6D78B2: A coin issued by Antoninus Pius","image_urls":["https://finds.org.uk/images/jcassidy/NARC-6D78B2%20b.jpg"]},{"from":156,"to":157,"title":"BH-82FF98: A coin issued by Marcus Aurelius (as Caesar)","image_urls":["https://finds.org.uk/images/jwatters/Roman%20coin%20Bedford%202370%20-%201.jpg"]},{"from":156,"to":157,"title":"DUR-2970F0: A coin issued by Faustina the Elder","image_urls":["https://finds.org.uk/images/frances/DUR-2970F0.jpg"]},{"from":156,"to":158,"title":"LANCUM-E5B3C5: A coin issued by Antoninus Pius","image_urls":["https://finds.org.uk/images/dboughton/CCKSE5B3C5.jpg"]},{"from":156,"to":157,"title":"NCL-EAD3F3: A coin issued by Antoninus Pius","image_urls":["https://finds.org.uk/images/rcollins/NCL-EAD3F3.JPG"]},{"from":156,"to":159,"title":"SUR-887214: A coin issued by Marcus Aurelius (as Caesar)","image_urls":["https://finds.org.uk/images/dwilliams/07.922.JPG"]},{"from":156,"to":161,"title":"NLM-B14CD6: A coin issued by Antoninus Pius","image_urls":["https://finds.org.uk/images/mforeman/NLM15211.jpg"]},{"from":156,"to":157,"title":"SWYOR-915985: A coin issued by Antoninus Pius","image_urls":["https://finds.org.uk/images/wakefield/PAS_1754_Sestertius.jpg"]},{"from":156,"to":157,"title":"NLM-97DFC2: A coin issued by Antoninus Pius","image_urls":["https://finds.org.uk/images/mforeman/NLM25014.jpg"]},{"from":156,"to":157,"title":"BUC-17E9C8: A coin issued by Antoninus Pius","image_urls":["https://finds.org.uk/images/rtyrrell/DSCN8572.JPG"]},{"from":156,"to":159,"title":"WILT-BF741C: A coin issued by Marcus Aurelius (as Caesar)","image_urls":["https://finds.org.uk/images/alysontanner/WILT-BF741C.jpg"]},{"from":156,"to":161,"title":"BM-0FB6C9: A coin issued by Faustina II","image_urls":["https://finds.org.uk/images/vdrost/BM-0FB6C9.jpg"]},{"from":156,"to":157,"title":"BH-07B013: A coin issued by Marcus Aurelius (as Caesar)","image_urls":["https://finds.org.uk/images/jwatters/Roman%20coin%2008%2043%20-%209.jpg"]},{"from":156,"to":157,"title":"SF-B95B76: A coin issued by Antoninus Pius","image_urls":["https://finds.org.uk/images/abrown/SPX_SF-B95B76.jpg"]},{"from":156,"to":157,"title":"RIC III Antoninus Pius 964a. 1906.236.359","image_urls":["http://numismatics.org/collectionimages/19001949/1906/1906.236.359.rev.width350.jpg"]},{"from":156,"to":157,"title":"RIC III Antoninus Pius 264. 1956.127.472","image_urls":["http://numismatics.org/collectionimages/19501999/1956/1956.127.472.rev.width350.jpg"]},{"from":156,"to":157,"title":"Billon Tetradrachm of Antoninus Pius, Alexandreia, AD 156 - AD 157. 1944.100.58920","image_urls":["http://numismatics.org/collectionimages/19001949/1944/1944.100.58920.rev.width350.jpg"]},{"from":156,"to":157,"title":"RIC III Antoninus Pius 969. 1906.236.362","image_urls":["http://numismatics.org/collectionimages/19001949/1906/1906.236.362.rev.width350.jpg"]},{"from":156,"to":157,"title":"Bronze Drachm of Antoninus Pius, Alexandreia, AD 156 - AD 157. 1944.100.60846","image_urls":["http://numismatics.org/collectionimages/19001949/1944/1944.100.60846.rev.width350.jpg"]},{"from":156,"to":157,"title":"Billon Tetradrachm, Alexandreia, AD 156 - AD 157. 1944.100.61512","image_urls":["http://numismatics.org/collectionimages/19001949/1944/1944.100.61512.rev.width350.jpg"]},{"from":156,"to":157,"title":"Bronze Drachm of Antoninus Pius, Alexandreia, AD 156 - AD 157. 1944.100.60855","image_urls":["http://numismatics.org/collectionimages/19001949/1944/1944.100.60855.rev.width350.jpg"]},{"from":156,"to":157,"title":"Bronze Drachm, Alexandreia, AD 156 - AD 157. 1944.100.61611","image_urls":["http://numismatics.org/collectionimages/19001949/1944/1944.100.61611.rev.width350.jpg"]},{"from":156,"to":157,"title":"Silver Denarius of Antoninus Pius, Rome, AD 156 - AD 157. 1966.286.28","image_urls":["http://numismatics.org/collectionimages/19501999/1966/1966.286.28.rev.width350.jpg"]},{"from":156,"to":157,"title":"Bronze Drachm of Antoninus Pius, Alexandreia, AD 156 - AD 157. 1973.56.842","image_urls":["http://numismatics.org/collectionimages/19501999/1973/1973.56.842.rev.width350.jpg"]},{"from":156,"to":157,"title":"RIC III Antoninus Pius 964a. 1983.42.2","image_urls":["http://numismatics.org/collectionimages/19501999/1983/1983.42.2.rev.width350.jpg"]},{"from":156,"to":157,"title":"Bronze Drachm of Antoninus Pius, Alexandreia, AD 156 - AD 157. 1944.100.61049","image_urls":["http://numismatics.org/collectionimages/19001949/1944/1944.100.61049.rev.width350.jpg"]},{"from":156,"to":157,"title":"RIC III Antoninus Pius 264. 1911.23.231","image_urls":["http://numismatics.org/collectionimages/19001949/1911/1911.23.231.rev.width350.jpg"]},{"from":156,"to":157,"title":"Bronze Drachm of Antoninus Pius, Alexandreia, AD 156 - AD 157. 1974.26.3738","image_urls":["http://numismatics.org/collectionimages/19501999/1974/1974.26.3738.rev.width350.jpg"]},{"from":156,"to":157,"title":"RIC III Antoninus Pius 966. 1987.26.261","image_urls":["http://numismatics.org/collectionimages/19501999/1987/1987.26.261.rev.width350.jpg"]},{"from":156,"to":157,"title":"RIC III Antoninus Pius 964a. 1995.11.173","image_urls":["http://numismatics.org/collectionimages/19501999/1995/1995.11.173.rev.width350.jpg"]},{"from":156,"to":157,"title":"Bronze Drachm of Antoninus Pius, Alexandreia, AD 156 - AD 157. 1944.100.60858","image_urls":["http://numismatics.org/collectionimages/19001949/1944/1944.100.60858.rev.width350.jpg"]},{"from":156,"to":157,"title":"Bronze Drachm of Antoninus Pius, Alexandreia, AD 156 - AD 157. 1944.100.60854","image_urls":["http://numismatics.org/collectionimages/19001949/1944/1944.100.60854.rev.width350.jpg"]},{"from":156,"to":157,"title":"RIC III Antoninus Pius 266A. 1969.26.6","image_urls":["http://numismatics.org/collectionimages/19501999/1969/1969.26.6.rev.width350.jpg"]},{"from":156,"to":157,"title":"RIC III Antoninus Pius 1341A (as). 1906.236.385","image_urls":["http://numismatics.org/collectionimages/19001949/1906/1906.236.385.rev.width350.jpg"]},{"from":156,"to":157,"title":"RIC III Antoninus Pius 264. 1956.127.1884","image_urls":["http://numismatics.org/collectionimages/19501999/1956/1956.127.1884.rev.width350.jpg"]},{"from":156,"to":157,"title":"RIC III Antoninus Pius 473. 1956.127.775","image_urls":["http://numismatics.org/collectionimages/19501999/1956/1956.127.775.rev.width350.jpg"]},{"from":156,"to":157,"title":"RIC III Antoninus Pius 470. 1956.127.769","image_urls":["http://numismatics.org/collectionimages/19501999/1956/1956.127.769.rev.width350.jpg"]},{"from":156,"to":157,"title":"Bronze Dupondius of Antoninus Pius, Rome, AD 156 - AD 157. 1989.11.3","image_urls":["http://numismatics.org/collectionimages/19501999/1989/1989.11.3.rev.width350.jpg"]},{"from":156,"to":157,"title":"RIC III Antoninus Pius 262. 1944.100.48172","image_urls":["http://numismatics.org/collectionimages/19001949/1944/1944.100.48172.rev.width350.jpg"]},{"from":156,"to":157,"title":"Billon Tetradrachm of Antoninus Pius, Alexandreia, AD 156 - AD 157. 1944.100.58941","image_urls":["http://numismatics.org/collectionimages/19001949/1944/1944.100.58941.rev.width350.jpg"]},{"from":156,"to":157,"title":"Bronze Drachm of Antoninus Pius, Alexandreia, AD 156 - AD 157. 1944.100.60852","image_urls":["http://numismatics.org/collectionimages/19001949/1944/1944.100.60852.rev.width350.jpg"]},{"from":156,"to":157,"title":"Silver Tetradrachm, Seleuceia ad Tigrim, AD 156 - AD 157. 1944.100.83453","image_urls":["http://numismatics.org/collectionimages/19001949/1944/1944.100.83453.rev.width350.jpg"]},{"from":156,"to":157,"title":"RIC III Antoninus Pius 473. 1956.127.777","image_urls":["http://numismatics.org/collectionimages/19501999/1956/1956.127.777.rev.width350.jpg"]},{"from":156,"to":157,"title":"RIC III Antoninus Pius 968. 1906.236.361","image_urls":["http://numismatics.org/collectionimages/19001949/1906/1906.236.361.rev.width350.jpg"]},{"from":156,"to":157,"title":"RIC III Antoninus Pius 473. 1956.127.774","image_urls":["http://numismatics.org/collectionimages/19501999/1956/1956.127.774.rev.width350.jpg"]},{"from":156,"to":157,"title":"RIC III Antoninus Pius 263. 1956.127.1883","image_urls":["http://numismatics.org/collectionimages/19501999/1956/1956.127.1883.rev.width350.jpg"]},{"from":156,"to":157,"title":"RIC III Antoninus Pius 264. 1956.127.473","image_urls":["http://numismatics.org/collectionimages/19501999/1956/1956.127.473.rev.width350.jpg"]},{"from":156,"to":157,"title":"Bronze Drachm of Antoninus Pius, Alexandreia, AD 156 - AD 157. 1944.100.61051","image_urls":["http://numismatics.org/collectionimages/19001949/1944/1944.100.61051.rev.width350.jpg"]},{"from":156,"to":157,"title":"Bronze Coin, Ascalon, AD 156 - AD 157. 1947.97.515","image_urls":["http://numismatics.org/collectionimages/19001949/1947/1947.97.515.rev.width350.jpg"]},{"from":156,"to":157,"title":"Bronze Hemidrachm, Alexandreia, AD 156 - AD 157. 1944.100.61612","image_urls":["http://numismatics.org/collectionimages/19001949/1944/1944.100.61612.rev.width350.jpg"]},{"from":156,"to":157,"title":"RIC III Antoninus Pius 470. 1956.127.770","image_urls":["http://numismatics.org/collectionimages/19501999/1956/1956.127.770.rev.width350.jpg"]},{"from":156,"to":157,"title":"RIC III Antoninus Pius 469B. 1965.66.23","image_urls":["http://numismatics.org/collectionimages/19501999/1965/1965.66.23.rev.width350.jpg"]},{"from":156,"to":157,"title":"Silver Tetradrachm, Seleuceia ad Tigrim, AD 156 - AD 157. 1944.100.83407","image_urls":["http://numismatics.org/collectionimages/19001949/1944/1944.100.83407.rev.width350.jpg"]},{"from":156,"to":157,"title":"Bronze Drachm of Antoninus Pius, Alexandreia, AD 156 - AD 157. 1944.100.60859","image_urls":["http://numismatics.org/collectionimages/19001949/1944/1944.100.60859.rev.width350.jpg"]},{"from":156,"to":157,"title":"RIC III Antoninus Pius 967. 1906.236.360","image_urls":["http://numismatics.org/collectionimages/19001949/1906/1906.236.360.rev.width350.jpg"]},{"from":156,"to":157,"title":"RIC III Antoninus Pius 266A. 1980.109.164","image_urls":["http://numismatics.org/collectionimages/19501999/1980/1980.109.164.rev.width350.jpg"]},{"from":156,"to":157,"title":"Silver Denarius of Antoninus Pius, Rome, AD 156 - AD 157. 1969.234.12","image_urls":["http://numismatics.org/collectionimages/19501999/1969/1969.234.12.rev.width350.jpg"]},{"from":156,"to":157,"title":"RIC III Antoninus Pius 967. 1944.100.48297","image_urls":["http://numismatics.org/collectionimages/19001949/1944/1944.100.48297.rev.width350.jpg"]},{"from":156,"to":157,"title":"Billon Tetradrachm of Antoninus Pius, Alexandreia, AD 156 - AD 157. 1944.100.58931","image_urls":["http://numismatics.org/collectionimages/19001949/1944/1944.100.58931.rev.width350.jpg"]},{"from":156,"to":157,"title":"RIC III Antoninus Pius 473. 1978.64.438","image_urls":["http://numismatics.org/collectionimages/19501999/1978/1978.64.438.rev.width350.jpg"]},{"from":156,"to":157,"title":"Bronze Drachm of Antoninus Pius, Alexandreia, AD 156 - AD 157. 1944.100.60842","image_urls":["http://numismatics.org/collectionimages/19001949/1944/1944.100.60842.rev.width350.jpg"]},{"from":156,"to":157,"title":"RIC III Antoninus Pius 972. 1944.100.48300","image_urls":["http://numismatics.org/collectionimages/19001949/1944/1944.100.48300.rev.width350.jpg"]},{"from":156,"to":157,"title":"RIC III Antoninus Pius 970. 1944.100.48299","image_urls":["http://numismatics.org/collectionimages/19001949/1944/1944.100.48299.rev.width350.jpg"]},{"from":156,"to":157,"title":"RIC III Antoninus Pius 473. 1956.127.1897","image_urls":["http://numismatics.org/collectionimages/19501999/1956/1956.127.1897.rev.width350.jpg"]},{"from":156,"to":157,"title":"RIC III Antoninus Pius 262. 1956.127.1882","image_urls":["http://numismatics.org/collectionimages/19501999/1956/1956.127.1882.rev.width350.jpg"]},{"from":156,"to":157,"title":"Bronze Drachm of Antoninus Pius, Alexandreia, AD 156 - AD 157. 1944.100.60851","image_urls":["http://numismatics.org/collectionimages/19001949/1944/1944.100.60851.rev.width350.jpg"]},{"from":156,"to":157,"title":"RIC III Antoninus Pius 259. 1944.100.48171","image_urls":["http://numismatics.org/collectionimages/19001949/1944/1944.100.48171.rev.width350.jpg"]},{"from":156,"to":157,"title":"RIC III Antoninus Pius 473. 1956.127.773","image_urls":["http://numismatics.org/collectionimages/19501999/1956/1956.127.773.rev.width350.jpg"]},{"from":156,"to":157,"title":"Billon Tetradrachm of Antoninus Pius, Alexandreia, AD 156 - AD 157. 1944.100.58940","image_urls":["http://numismatics.org/collectionimages/19001949/1944/1944.100.58940.rev.width350.jpg"]},{"from":156,"to":157,"title":"Billon Tetradrachm of Antoninus Pius, Alexandreia, AD 156 - AD 157. 1944.100.58928","image_urls":["http://numismatics.org/collectionimages/19001949/1944/1944.100.58928.rev.width350.jpg"]},{"from":156,"to":157,"title":"RIC III Antoninus Pius 264. 1944.100.48174","image_urls":["http://numismatics.org/collectionimages/19001949/1944/1944.100.48174.rev.width350.jpg"]},{"from":156,"to":157,"title":"Bronze Drachm of Antoninus Pius, Alexandreia, AD 156 - AD 157. 1944.100.60857","image_urls":["http://numismatics.org/collectionimages/19001949/1944/1944.100.60857.rev.width350.jpg"]},{"from":156,"to":157,"title":"Bronze Drachm of Antoninus Pius, Alexandreia, AD 156 - AD 157. 1944.100.60845","image_urls":["http://numismatics.org/collectionimages/19001949/1944/1944.100.60845.rev.width350.jpg"]},{"from":156,"to":157,"title":"RIC III Antoninus Pius 963. 1957.172.1725","image_urls":["http://numismatics.org/collectionimages/19501999/1957/1957.172.1725.rev.width350.jpg"]},{"from":156,"to":157,"title":"Billon Tetradrachm of Antoninus Pius, Alexandreia, AD 156 - AD 157. 1944.100.58937","image_urls":["http://numismatics.org/collectionimages/19001949/1944/1944.100.58937.rev.width350.jpg"]},{"from":156,"to":157,"title":"RIC III Antoninus Pius 473. 1948.19.1305","image_urls":["http://numismatics.org/collectionimages/19001949/1948/1948.19.1305.rev.width350.jpg"]},{"from":156,"to":157,"title":"RIC III Antoninus Pius 473. 1956.127.776","image_urls":["http://numismatics.org/collectionimages/19501999/1956/1956.127.776.rev.width350.jpg"]},{"from":156,"to":157,"title":"Silver Denarius of Antoninus Pius, Rome, AD 156 - AD 157. 1956.127.1885","image_urls":["http://numismatics.org/collectionimages/19501999/1956/1956.127.1885.rev.width350.jpg"]},{"from":156,"to":157,"title":"Bronze Sestertius of Antoninus Pius, Rome, AD 156 - AD 157. 1906.236.406","image_urls":["http://numismatics.org/collectionimages/19001949/1906/1906.236.406.rev.width350.jpg"]},{"from":156,"to":157,"title":"Bronze Drachm of Antoninus Pius, Alexandreia, AD 156 - AD 157. 1944.100.60849","image_urls":["http://numismatics.org/collectionimages/19001949/1944/1944.100.60849.rev.width350.jpg"]},{"from":156,"to":157,"title":"RIC III Antoninus Pius 259. 1956.127.471","image_urls":["http://numismatics.org/collectionimages/19501999/1956/1956.127.471.rev.width350.jpg"]},{"from":156,"to":157,"title":"Bronze Drachm of Antoninus Pius, Alexandreia, AD 156 - AD 157. 1944.100.61052","image_urls":["http://numismatics.org/collectionimages/19001949/1944/1944.100.61052.rev.width350.jpg"]},{"from":156,"to":157,"title":"RIC III Antoninus Pius 470. 1956.127.771","image_urls":["http://numismatics.org/collectionimages/19501999/1956/1956.127.771.rev.width350.jpg"]},{"from":156,"to":157,"title":"RIC III Antoninus Pius 259. 1956.127.1880","image_urls":["http://numismatics.org/collectionimages/19501999/1956/1956.127.1880.rev.width350.jpg"]},{"from":156,"to":157,"title":"Billon Tetradrachm of Antoninus Pius, Alexandreia, AD 156 - AD 157. 1944.100.58930","image_urls":["http://numismatics.org/collectionimages/19001949/1944/1944.100.58930.rev.width350.jpg"]},{"from":156,"to":157,"title":"Billon Tetradrachm of Antoninus Pius, Alexandreia, AD 156 - AD 157. 1944.100.58939","image_urls":["http://numismatics.org/collectionimages/19001949/1944/1944.100.58939.rev.width350.jpg"]},{"from":156,"to":157,"title":"Bronze Drachm of Antoninus Pius, Alexandreia, AD 156 - AD 157. 1944.100.60853","image_urls":["http://numismatics.org/collectionimages/19001949/1944/1944.100.60853.rev.width350.jpg"]},{"from":156,"to":157,"title":"RIC III Antoninus Pius 266A. 1967.50.5","image_urls":["http://numismatics.org/collectionimages/19501999/1967/1967.50.5.rev.width350.jpg"]},{"from":156,"to":157,"title":"Billon Tetradrachm of Antoninus Pius, Alexandreia, AD 156 - AD 157. 1944.100.58942","image_urls":["http://numismatics.org/collectionimages/19001949/1944/1944.100.58942.rev.width350.jpg"]},{"from":156,"to":157,"title":"Billon Tetradrachm of Antoninus Pius, Alexandreia, AD 156 - AD 157. 1944.100.58936","image_urls":["http://numismatics.org/collectionimages/19001949/1944/1944.100.58936.rev.width350.jpg"]},{"from":156,"to":157,"title":"RIC III Antoninus Pius 262. 1944.100.48173","image_urls":["http://numismatics.org/collectionimages/19001949/1944/1944.100.48173.rev.width350.jpg"]},{"from":156,"to":157,"title":"Billon Tetradrachm, Alexandreia, AD 156 - AD 157. 1974.26.3835","image_urls":["http://numismatics.org/collectionimages/19501999/1974/1974.26.3835.rev.width350.jpg"]},{"from":156,"to":157,"title":"RIC III Antoninus Pius 967. 1921.54.491","image_urls":["http://numismatics.org/collectionimages/19001949/1921/1921.54.491.rev.width350.jpg"]},{"from":156,"to":157,"title":"RIC III Antoninus Pius 470. 1956.127.772","image_urls":["http://numismatics.org/collectionimages/19501999/1956/1956.127.772.rev.width350.jpg"]},{"from":156,"to":157,"title":"Bronze Drachm of Antoninus Pius, Alexandreia, AD 156 - AD 157. 1944.100.60847","image_urls":["http://numismatics.org/collectionimages/19001949/1944/1944.100.60847.rev.width350.jpg"]},{"from":156,"to":157,"title":"RIC III Antoninus Pius 259. 1956.127.1881","image_urls":["http://numismatics.org/collectionimages/19501999/1956/1956.127.1881.rev.width350.jpg"]},{"from":156,"to":157,"title":"RIC III Antoninus Pius 968. 1944.100.48298","image_urls":["http://numismatics.org/collectionimages/19001949/1944/1944.100.48298.rev.width350.jpg"]},{"from":156,"to":157,"title":"RIC III Antoninus Pius 473. 1944.100.49025","image_urls":["http://numismatics.org/collectionimages/19001949/1944/1944.100.49025.rev.width350.jpg"]}]