[{"from":157,"to":158,"title":"KENT-D8C2B6: A coin issued by Antoninus Pius","image_urls":["https://finds.org.uk/images/arichardson/PAK197-069%20copy.jpg"]},{"from":157,"to":158,"title":"BH-74E577: A coin issued by Antoninus Pius","image_urls":["https://finds.org.uk/images/jwatters/Roman%20coin%2010%20110%20-%202.jpg"]},{"from":157,"to":161,"title":"SUR-0F0D81: A coin issued by Faustina II","image_urls":["https://finds.org.uk/images/margaretb/12-1335.JPG"]},{"from":157,"to":158,"title":"HAMP-14C4E2: A coin issued by Antoninus Pius","image_urls":["https://finds.org.uk/images/catherineo92/HAMP-14C4E2b.jpg"]},{"from":157,"to":158,"title":"LVPL-A80BD2: A coin issued by Antoninus Pius","image_urls":["https://finds.org.uk/images/voakden/LVPL-A80BD2.jpg"]},{"from":157,"to":161,"title":"LVPL-460D3E: A coin issued by Faustina II under Antoninus Pius","image_urls":["https://finds.org.uk/images/samrowe/SL%202.jpg"]},{"from":157,"to":158,"title":"PUBLIC-7347F5: A coin issued by Antoninus Pius","image_urls":["https://finds.org.uk/images/Linz/PUBLIC-7347F5%20COIN.jpg"]},{"from":157,"to":158,"title":"BERK-2DFD62: A coin issued by Marcus Aurelius (as Caesar)","image_urls":["https://finds.org.uk/images/abyard/2013969.jpg"]},{"from":157,"to":158,"title":"NMS-F80A31: A coin issued by Antoninus Pius","image_urls":["https://finds.org.uk/images/norfolkarcher1/186.jpg"]},{"from":157,"to":158,"title":"NLM-039DB6: A coin issued by Antoninus Pius","image_urls":["https://finds.org.uk/images/mforeman/NLM15038.jpg"]},{"from":157,"to":158,"title":"WMID-21BE50: A coin issued by Antoninus Pius","image_urls":["https://finds.org.uk/images/dslarke/pearson%20den%200709_edited-1.jpg"]},{"from":157,"to":158,"title":"SWYOR-162D11: A coin issued by Antoninus Pius","image_urls":["https://finds.org.uk/images/bloom/PAS_1498_dupondius.jpg"]},{"from":157,"to":158,"title":"LEIC-507A95: A coin issued by Antoninus Pius","image_urls":["https://finds.org.uk/images/rebecca/LEIC-507A95.JPG"]},{"from":157,"to":159,"title":"WAW-EFFCD2: A coin issued by Antoninus Pius","image_urls":["https://finds.org.uk/images/abolton/WAW-EFFCD2.jpg"]},{"from":157,"to":161,"title":"LEIC-3D7AC1: A coin issued by Faustina II","image_urls":["https://finds.org.uk/images/wscott/3D7AC1.JPG"]},{"from":157,"to":158,"title":"LANCUM-C81456: A coin issued by Antoninus Pius","image_urls":["https://finds.org.uk/images/dboughton/KDMDNVC81456.jpg"]},{"from":157,"to":175,"title":"DENO-3FF273: A coin issued by Faustina the Elder","image_urls":["https://finds.org.uk/images/arohde/E6426%2001%20sestertius%20-%20Faustina.jpg"]},{"from":157,"to":158,"title":"Billon Tetradrachm of Antoninus Pius, Alexandreia, AD 157 - AD 158. 1944.100.58950","image_urls":["http://numismatics.org/collectionimages/19001949/1944/1944.100.58950.rev.width350.jpg"]},{"from":157,"to":158,"title":"RIC III Antoninus Pius 993. 1995.11.164","image_urls":["http://numismatics.org/collectionimages/19501999/1995/1995.11.164.rev.width350.jpg"]},{"from":157,"to":158,"title":"RIC III Antoninus Pius 272A. 1995.11.377","image_urls":["http://numismatics.org/collectionimages/19501999/1995/1995.11.377.rev.width350.jpg"]},{"from":157,"to":158,"title":"Bronze Drachm of Antoninus Pius, Alexandreia, AD 157 - AD 158. 1944.100.60876","image_urls":["http://numismatics.org/collectionimages/19001949/1944/1944.100.60876.rev.width350.jpg"]},{"from":157,"to":158,"title":"RIC III Antoninus Pius 995. 1944.100.48305","image_urls":["http://numismatics.org/collectionimages/19001949/1944/1944.100.48305.rev.width350.jpg"]},{"from":157,"to":158,"title":"RIC III Antoninus Pius 475A. 1956.127.778","image_urls":["http://numismatics.org/collectionimages/19501999/1956/1956.127.778.rev.width350.jpg"]},{"from":157,"to":158,"title":"Silver Tetradrachm, Seleuceia ad Tigrim, AD 157 - AD 158. 1944.100.83408","image_urls":["http://numismatics.org/collectionimages/19001949/1944/1944.100.83408.rev.width350.jpg"]},{"from":157,"to":158,"title":"RIC III Antoninus Pius 274. 1956.127.474","image_urls":["http://numismatics.org/collectionimages/19501999/1956/1956.127.474.rev.width350.jpg"]},{"from":157,"to":158,"title":"RIC III Antoninus Pius 272A. 1956.127.477","image_urls":["http://numismatics.org/collectionimages/19501999/1956/1956.127.477.rev.width350.jpg"]},{"from":157,"to":158,"title":"Bronze Drachm of Antoninus Pius, Alexandreia, AD 157 - AD 158. 1944.100.60879","image_urls":["http://numismatics.org/collectionimages/19001949/1944/1944.100.60879.rev.width350.jpg"]},{"from":157,"to":158,"title":"Billon Tetradrachm, Alexandreia, AD 157 - AD 158. 1944.100.61515","image_urls":["http://numismatics.org/collectionimages/19001949/1944/1944.100.61515.rev.width350.jpg"]},{"from":157,"to":158,"title":"RIC III Antoninus Pius 990. 1906.236.364","image_urls":["http://numismatics.org/collectionimages/19001949/1906/1906.236.364.rev.width350.jpg"]},{"from":157,"to":158,"title":"Bronze Drachm of Antoninus Pius, Alexandreia, AD 157 - AD 158. 1944.100.60888","image_urls":["http://numismatics.org/collectionimages/19001949/1944/1944.100.60888.rev.width350.jpg"]},{"from":157,"to":158,"title":"RIC III Antoninus Pius 990. 1944.100.48302","image_urls":["http://numismatics.org/collectionimages/19001949/1944/1944.100.48302.rev.width350.jpg"]},{"from":157,"to":158,"title":"RIC III Antoninus Pius 275. 1911.23.232","image_urls":["http://numismatics.org/collectionimages/19001949/1911/1911.23.232.rev.width350.jpg"]},{"from":157,"to":158,"title":"RIC III Antoninus Pius 476. 1956.127.781","image_urls":["http://numismatics.org/collectionimages/19501999/1956/1956.127.781.rev.width350.jpg"]},{"from":157,"to":158,"title":"RIC III Antoninus Pius 982A. 1980.187.8","image_urls":["http://numismatics.org/collectionimages/19501999/1980/1980.187.8.rev.width350.jpg"]},{"from":157,"to":158,"title":"RIC III Antoninus Pius 475A. 1956.127.780","image_urls":["http://numismatics.org/collectionimages/19501999/1956/1956.127.780.rev.width350.jpg"]},{"from":157,"to":158,"title":"Billon Tetradrachm of Marcus Aurelius, Alexandreia, AD 157 - AD 158. 1944.100.61113","image_urls":["http://numismatics.org/collectionimages/19001949/1944/1944.100.61113.rev.width350.jpg"]},{"from":157,"to":158,"title":"RIC III Antoninus Pius 275. 1946.7.14","image_urls":["http://numismatics.org/collectionimages/19001949/1946/1946.7.14.rev.width350.jpg"]},{"from":157,"to":158,"title":"Bronze Drachm of Antoninus Pius, Alexandreia, AD 157 - AD 158. 1944.100.60866","image_urls":["http://numismatics.org/collectionimages/19001949/1944/1944.100.60866.rev.width350.jpg"]},{"from":157,"to":158,"title":"Bronze Drachm of Antoninus Pius, Alexandreia, AD 157 - AD 158. 1973.56.845","image_urls":["http://numismatics.org/collectionimages/19501999/1973/1973.56.845.rev.width350.jpg"]},{"from":157,"to":158,"title":"RIC III Antoninus Pius 989. 1944.100.48301","image_urls":["http://numismatics.org/collectionimages/19001949/1944/1944.100.48301.rev.width350.jpg"]},{"from":157,"to":158,"title":"Bronze Drachm of Antoninus Pius, Alexandreia, AD 157 - AD 158. 1944.100.60877","image_urls":["http://numismatics.org/collectionimages/19001949/1944/1944.100.60877.rev.width350.jpg"]},{"from":157,"to":158,"title":"RIC III Antoninus Pius 475A. 1966.286.29","image_urls":["http://numismatics.org/collectionimages/19501999/1966/1966.286.29.rev.width350.jpg"]},{"from":157,"to":158,"title":"RIC III Antoninus Pius 993. 1906.236.369","image_urls":["http://numismatics.org/collectionimages/19001949/1906/1906.236.369.rev.width350.jpg"]},{"from":157,"to":158,"title":"Bronze Drachm of Antoninus Pius, Alexandreia, AD 157 - AD 158. 1944.100.60892","image_urls":["http://numismatics.org/collectionimages/19001949/1944/1944.100.60892.rev.width350.jpg"]},{"from":157,"to":158,"title":"RIC III Antoninus Pius 981. 1995.11.168","image_urls":["http://numismatics.org/collectionimages/19501999/1995/1995.11.168.rev.width350.jpg"]},{"from":157,"to":158,"title":"Bronze Drachm of Antoninus Pius, Alexandreia, AD 157 - AD 158. 1973.56.844","image_urls":["http://numismatics.org/collectionimages/19501999/1973/1973.56.844.rev.width350.jpg"]},{"from":157,"to":158,"title":"Billon Tetradrachm of Antoninus Pius, Alexandreia, AD 157 - AD 158. 1944.100.58952","image_urls":["http://numismatics.org/collectionimages/19001949/1944/1944.100.58952.rev.width350.jpg"]},{"from":157,"to":158,"title":"RIC III Antoninus Pius 474A. 1967.153.158","image_urls":["http://numismatics.org/collectionimages/19501999/1967/1967.153.158.rev.width350.jpg"]},{"from":157,"to":158,"title":"Silver Tetradrachm, Seleuceia ad Tigrim, AD 157 - AD 158. 1944.100.83457","image_urls":["http://numismatics.org/collectionimages/19001949/1944/1944.100.83457.rev.width350.jpg"]},{"from":157,"to":158,"title":"Billon Tetradrachm of Antoninus Pius, Alexandreia, AD 157 - AD 158. 1944.100.58954","image_urls":["http://numismatics.org/collectionimages/19001949/1944/1944.100.58954.rev.width350.jpg"]},{"from":157,"to":158,"title":"RIC III Antoninus Pius 269. 1948.19.1266","image_urls":["http://numismatics.org/collectionimages/19001949/1948/1948.19.1266.rev.width350.jpg"]},{"from":157,"to":158,"title":"Billon Tetradrachm of Antoninus Pius, Alexandreia, AD 157 - AD 158. 1944.100.58955","image_urls":["http://numismatics.org/collectionimages/19001949/1944/1944.100.58955.rev.width350.jpg"]},{"from":157,"to":158,"title":"Bronze Drachm, Alexandreia, AD 157 - AD 158. 1944.100.61591","image_urls":["http://numismatics.org/collectionimages/19001949/1944/1944.100.61591.rev.width350.jpg"]},{"from":157,"to":158,"title":"RIC III Antoninus Pius 275. 1956.127.1886","image_urls":["http://numismatics.org/collectionimages/19501999/1956/1956.127.1886.rev.width350.jpg"]},{"from":157,"to":158,"title":"Bronze Drachm of Antoninus Pius, Alexandreia, AD 157 - AD 158. 1944.100.60881","image_urls":["http://numismatics.org/collectionimages/19001949/1944/1944.100.60881.rev.width350.jpg"]},{"from":157,"to":158,"title":"RIC III Antoninus Pius 476. 1944.100.49026","image_urls":["http://numismatics.org/collectionimages/19001949/1944/1944.100.49026.rev.width350.jpg"]},{"from":157,"to":158,"title":"RIC III Antoninus Pius 283 (denarius). 1996.4.6","image_urls":["http://numismatics.org/collectionimages/19501999/1996/1996.4.6.rev.width350.jpg"]},{"from":157,"to":158,"title":"Bronze Drachm, Alexandreia, AD 157 - AD 158. 1944.100.61613","image_urls":["http://numismatics.org/collectionimages/19001949/1944/1944.100.61613.rev.width350.jpg"]},{"from":157,"to":158,"title":"Billon Tetradrachm, Alexandreia, AD 157 - AD 158. 1944.100.61514","image_urls":["http://numismatics.org/collectionimages/19001949/1944/1944.100.61514.rev.width350.jpg"]},{"from":157,"to":158,"title":"RIC III Antoninus Pius 1345. 1944.100.49053","image_urls":["http://numismatics.org/collectionimages/19001949/1944/1944.100.49053.rev.width350.jpg"]},{"from":157,"to":158,"title":"Bronze Drachm of Antoninus Pius, Alexandreia, AD 157 - AD 158. 1944.100.60863","image_urls":["http://numismatics.org/collectionimages/19001949/1944/1944.100.60863.rev.width350.jpg"]},{"from":157,"to":158,"title":"RIC III Antoninus Pius 274. 1956.127.476","image_urls":["http://numismatics.org/collectionimages/19501999/1956/1956.127.476.rev.width350.jpg"]},{"from":157,"to":158,"title":"RIC III Antoninus Pius 1344. 1974.95.149","image_urls":["http://numismatics.org/collectionimages/19501999/1974/1974.95.149.rev.width350.jpg"]},{"from":157,"to":158,"title":"RIC III Antoninus Pius 476. 1995.11.137","image_urls":["http://numismatics.org/collectionimages/19501999/1995/1995.11.137.rev.width350.jpg"]},{"from":157,"to":158,"title":"RIC III Antoninus Pius 474A. 1966.62.15","image_urls":["http://numismatics.org/collectionimages/19501999/1966/1966.62.15.rev.width350.jpg"]},{"from":157,"to":158,"title":"RIC III Antoninus Pius 279A. 1965.66.7","image_urls":["http://numismatics.org/collectionimages/19501999/1965/1965.66.7.rev.width350.jpg"]},{"from":157,"to":158,"title":"Bronze Drachm, Alexandreia, AD 157 - AD 158. 1974.26.3855","image_urls":["http://numismatics.org/collectionimages/19501999/1974/1974.26.3855.rev.width350.jpg"]},{"from":157,"to":158,"title":"Bronze Drachm of Antoninus Pius, Alexandreia, AD 157 - AD 158. 1944.100.60880","image_urls":["http://numismatics.org/collectionimages/19001949/1944/1944.100.60880.rev.width350.jpg"]},{"from":157,"to":158,"title":"Bronze Drachm of Antoninus Pius, Alexandreia, AD 157 - AD 158. 1944.100.60898","image_urls":["http://numismatics.org/collectionimages/19001949/1944/1944.100.60898.rev.width350.jpg"]},{"from":157,"to":158,"title":"RIC III Antoninus Pius 475A. 1956.127.779","image_urls":["http://numismatics.org/collectionimages/19501999/1956/1956.127.779.rev.width350.jpg"]},{"from":157,"to":158,"title":"Billon Tetradrachm of Antoninus Pius, Alexandreia, AD 157 - AD 158. 1944.100.58951","image_urls":["http://numismatics.org/collectionimages/19001949/1944/1944.100.58951.rev.width350.jpg"]},{"from":157,"to":158,"title":"Billon Tetradrachm of Antoninus Pius, Alexandreia, AD 157 - AD 158. 1944.100.58963","image_urls":["http://numismatics.org/collectionimages/19001949/1944/1944.100.58963.rev.width350.jpg"]},{"from":157,"to":158,"title":"RIC III Antoninus Pius 272A. 1911.23.233","image_urls":["http://numismatics.org/collectionimages/19001949/1911/1911.23.233.rev.width350.jpg"]},{"from":157,"to":158,"title":"RIC III Antoninus Pius 981. 1906.236.363","image_urls":["http://numismatics.org/collectionimages/19001949/1906/1906.236.363.rev.width350.jpg"]},{"from":157,"to":158,"title":"RIC III Antoninus Pius 476. 1911.23.286","image_urls":["http://numismatics.org/collectionimages/19001949/1911/1911.23.286.rev.width350.jpg"]},{"from":157,"to":158,"title":"RIC III Antoninus Pius 280B. 1965.66.8","image_urls":["http://numismatics.org/collectionimages/19501999/1965/1965.66.8.rev.width350.jpg"]},{"from":157,"to":158,"title":"RIC III Antoninus Pius 274. 1956.127.475","image_urls":["http://numismatics.org/collectionimages/19501999/1956/1956.127.475.rev.width350.jpg"]},{"from":157,"to":158,"title":"RIC III Antoninus Pius 275. 1948.19.1265","image_urls":["http://numismatics.org/collectionimages/19001949/1948/1948.19.1265.rev.width350.jpg"]},{"from":157,"to":158,"title":"Billon Tetradrachm of Antoninus Pius, Alexandreia, AD 157 - AD 158. 1944.100.58957","image_urls":["http://numismatics.org/collectionimages/19001949/1944/1944.100.58957.rev.width350.jpg"]},{"from":157,"to":158,"title":"Billon Tetradrachm of Marcus Aurelius, Alexandreia, AD 157 - AD 158. 1944.100.61114","image_urls":["http://numismatics.org/collectionimages/19001949/1944/1944.100.61114.rev.width350.jpg"]},{"from":157,"to":158,"title":"Bronze Drachm of Antoninus Pius, Alexandreia, AD 157 - AD 158. 1944.100.60874","image_urls":["http://numismatics.org/collectionimages/19001949/1944/1944.100.60874.rev.width350.jpg"]},{"from":157,"to":158,"title":"Billon Tetradrachm of Antoninus Pius, Alexandreia, AD 157 - AD 158. 1974.26.3626","image_urls":["http://numismatics.org/collectionimages/19501999/1974/1974.26.3626.rev.width350.jpg"]},{"from":157,"to":158,"title":"RIC III Antoninus Pius 1347 (as). 1944.100.49054","image_urls":["http://numismatics.org/collectionimages/19001949/1944/1944.100.49054.rev.width350.jpg"]},{"from":157,"to":158,"title":"RIC III Antoninus Pius 980. 1944.100.48296","image_urls":["http://numismatics.org/collectionimages/19001949/1944/1944.100.48296.rev.width350.jpg"]}]