[{"from":158,"to":159,"title":"WMID-DFFAA1: A coin issued by Antoninus Pius","image_urls":["https://finds.org.uk/images/cjohnson/WMID-DFFAA1.JPG"]},{"from":158,"to":159,"title":"NLM-D2333D: A coin issued by Antoninus Pius","image_urls":["https://finds.org.uk/images/mforeman/NLM29198.jpg"]},{"from":158,"to":159,"title":"HAMP2835: A coin issued by Antoninus Pius","image_urls":["https://finds.org.uk/images/sworrell/hamp%202835.JPG"]},{"from":158,"to":159,"title":"SUSS-26DA33: A coin issued by Antoninus Pius","image_urls":["https://finds.org.uk/images/stephaniesmith/SUSS-26DA33AntoninusPiusDenarius.jpg"]},{"from":158,"to":159,"title":"BUC-663571: A coin issued by Antoninus Pius","image_urls":["https://finds.org.uk/images/rtyrrell/TC187.jpg"]},{"from":158,"to":159,"title":"YORYM-848422: A coin issued by Antoninus Pius","image_urls":["https://finds.org.uk/images/bmorris/CR0119.jpg"]},{"from":158,"to":159,"title":"FASAM-53B538: A coin issued by Antoninus Pius","image_urls":["https://finds.org.uk/images/sam/fasam53b538.jpg"]},{"from":158,"to":159,"title":"ESS-557195: A coin issued by Marcus Aurelius (as Caesar)","image_urls":["https://finds.org.uk/images/kmarsden/ESS-557195.jpg"]},{"from":158,"to":159,"title":"IOW-DE0F44: A coin issued by Antoninus Pius","image_urls":["https://finds.org.uk/images/fbasford/IOW2010-2-346.JPG"]},{"from":158,"to":159,"title":"KENT-AE13E8: A coin issued by Antoninus Pius","image_urls":["https://finds.org.uk/images/gburr/DSCN5429.JPG"]},{"from":158,"to":159,"title":"YORYM-5E60B5: A coin issued by Antoninus Pius","image_urls":["https://finds.org.uk/images/bmorris/JAB0034.jpg"]},{"from":158,"to":159,"title":"KENT-AD9D76: A coin issued by Marcus Aurelius (as Caesar)","image_urls":["https://finds.org.uk/images/jjackson/KENT-AD9D76.jpg"]},{"from":158,"to":159,"title":"LIN-BBB154: A coin issued by Antoninus Pius","image_urls":["https://finds.org.uk/images/adaubney/LIN7189.jpg"]},{"from":158,"to":159,"title":"LANCUM-C91DB2: A coin issued by Antoninus Pius","image_urls":["https://finds.org.uk/images/dboughton/LANCUMC91DB2.jpg"]},{"from":158,"to":159,"title":"BH-21A808: A coin issued by Antoninus Pius","image_urls":["https://finds.org.uk/images/jwatters/Roman_coin_13_46_31.jpg"]},{"from":158,"to":159,"title":"SF-1594E2: A coin issued by Antoninus Pius","image_urls":["https://finds.org.uk/images/annab/BLN_SF1594E2.jpg"]},{"from":158,"to":159,"title":"ESS-EAC544: A coin issued by Marcus Aurelius (as Caesar)","image_urls":["https://finds.org.uk/images/srdeacon2/ESS-EAC544.jpg"]},{"from":158,"to":159,"title":"SWYOR-26A306: A coin issued by Marcus Aurelius (as Caesar)","image_urls":["https://finds.org.uk/images/acooper/PAS_1181_7.jpg"]},{"from":158,"to":160,"title":"ESS-6C48B6: A coin issued by Antoninus Pius","image_urls":["https://finds.org.uk/images/lmclean/ESS-6C48B6%20Roman%20coin%20denarius%20of%20Antoninus%20Pius.jpg"]},{"from":158,"to":159,"title":"HESH-03A033: A coin issued by Antoninus Pius","image_urls":["https://finds.org.uk/images/preavill/HESH-03A033.jpg"]},{"from":158,"to":159,"title":"WILT-4EE845: A coin issued by Antoninus Pius","image_urls":["https://finds.org.uk/images/cshenry/WILT-4EE845.jpg"]},{"from":158,"to":159,"title":"BUC-6623D6: A coin issued by Antoninus Pius","image_urls":["https://finds.org.uk/images/rtyrrell/TC186.jpg"]},{"from":158,"to":159,"title":"HAMP-1352A2: A coin issued by Antoninus Pius","image_urls":["https://finds.org.uk/images/rwebley/HAMP-1352A2AntoninusPiussestertius.jpg"]},{"from":158,"to":159,"title":"RIC III Antoninus Pius 293A. 1956.127.484","image_urls":["http://numismatics.org/collectionimages/19501999/1956/1956.127.484.rev.width350.jpg"]},{"from":158,"to":159,"title":"Billon Tetradrachm of Antoninus Pius, Alexandreia, AD 158 - AD 159. 1944.100.58992","image_urls":["http://numismatics.org/collectionimages/19001949/1944/1944.100.58992.rev.width350.jpg"]},{"from":158,"to":159,"title":"RIC III Antoninus Pius 1349Bb. 1906.236.386","image_urls":["http://numismatics.org/collectionimages/19001949/1906/1906.236.386.rev.width350.jpg"]},{"from":158,"to":159,"title":"RIC III Antoninus Pius 1002. 1983.42.6","image_urls":["http://numismatics.org/collectionimages/19501999/1983/1983.42.6.rev.width350.jpg"]},{"from":158,"to":159,"title":"RIC III Antoninus Pius 290A. 1911.23.235","image_urls":["http://numismatics.org/collectionimages/19001949/1911/1911.23.235.rev.width350.jpg"]},{"from":158,"to":159,"title":"RIC III Antoninus Pius 291A. 1956.184.46","image_urls":["http://numismatics.org/collectionimages/19501999/1956/1956.184.46.rev.width350.jpg"]},{"from":158,"to":159,"title":"RIC III Antoninus Pius 1022A. 1944.100.48308","image_urls":["http://numismatics.org/collectionimages/19001949/1944/1944.100.48308.rev.width350.jpg"]},{"from":158,"to":159,"title":"RIC III Antoninus Pius 290A. 1948.19.1267","image_urls":["http://numismatics.org/collectionimages/19001949/1948/1948.19.1267.rev.width350.jpg"]},{"from":158,"to":159,"title":"RIC III Antoninus Pius 1004. 1937.158.505","image_urls":["http://numismatics.org/collectionimages/19001949/1937/1937.158.505.rev.width350.jpg"]},{"from":158,"to":159,"title":"Bronze Drachm of Antoninus Pius, Alexandreia, AD 158 - AD 159. 1973.56.849","image_urls":["http://numismatics.org/collectionimages/19501999/1973/1973.56.849.rev.width350.jpg"]},{"from":158,"to":159,"title":"Billon Tetradrachm of Antoninus Pius, Alexandreia, AD 158 - AD 159. 1974.26.3634","image_urls":["http://numismatics.org/collectionimages/19501999/1974/1974.26.3634.rev.width350.jpg"]},{"from":158,"to":159,"title":"RIC III Antoninus Pius 1004. 1935.117.420","image_urls":["http://numismatics.org/collectionimages/19001949/1935/1935.117.420.rev.width350.jpg"]},{"from":158,"to":159,"title":"RIC III Antoninus Pius 290A. 1956.127.480","image_urls":["http://numismatics.org/collectionimages/19501999/1956/1956.127.480.rev.width350.jpg"]},{"from":158,"to":159,"title":"RIC III Antoninus Pius 999. 1995.11.152","image_urls":["http://numismatics.org/collectionimages/19501999/1995/1995.11.152.rev.width350.jpg"]},{"from":158,"to":159,"title":"Billon Tetradrachm of Antoninus Pius, Alexandreia, AD 158 - AD 159. 1944.100.59001","image_urls":["http://numismatics.org/collectionimages/19001949/1944/1944.100.59001.rev.width350.jpg"]},{"from":158,"to":159,"title":"RIC III Antoninus Pius 1010. 1944.100.48304","image_urls":["http://numismatics.org/collectionimages/19001949/1944/1944.100.48304.rev.width350.jpg"]},{"from":158,"to":159,"title":"RIC III Antoninus Pius 1028. 1995.11.163","image_urls":["http://numismatics.org/collectionimages/19501999/1995/1995.11.163.rev.width350.jpg"]},{"from":158,"to":159,"title":"RIC III Antoninus Pius 290A. 1995.11.382","image_urls":["http://numismatics.org/collectionimages/19501999/1995/1995.11.382.rev.width350.jpg"]},{"from":158,"to":159,"title":"RIC III Antoninus Pius 294Ba. 1956.127.1892","image_urls":["http://numismatics.org/collectionimages/19501999/1956/1956.127.1892.rev.width350.jpg"]},{"from":158,"to":159,"title":"Bronze Drachm of Antoninus Pius, Alexandreia, AD 158 - AD 159. 1944.100.60904","image_urls":["http://numismatics.org/collectionimages/19001949/1944/1944.100.60904.rev.width350.jpg"]},{"from":158,"to":159,"title":"Billon Tetradrachm of Antoninus Pius, Alexandreia, AD 158 - AD 159. 1974.26.3631","image_urls":["http://numismatics.org/collectionimages/19501999/1974/1974.26.3631.rev.width350.jpg"]},{"from":158,"to":159,"title":"RIC III Antoninus Pius 290A. 1941.131.825","image_urls":["http://numismatics.org/collectionimages/19001949/1941/1941.131.825.rev.width350.jpg"]},{"from":158,"to":159,"title":"RIC III Antoninus Pius 286A (denarius). 1956.127.478","image_urls":["http://numismatics.org/collectionimages/19501999/1956/1956.127.478.rev.width350.jpg"]},{"from":158,"to":159,"title":"Billon Tetradrachm of Antoninus Pius, Alexandreia, AD 158 - AD 159. 1944.100.58998","image_urls":["http://numismatics.org/collectionimages/19001949/1944/1944.100.58998.rev.width350.jpg"]},{"from":158,"to":159,"title":"RIC III Antoninus Pius 294Ba. 1956.127.1890","image_urls":["http://numismatics.org/collectionimages/19501999/1956/1956.127.1890.rev.width350.jpg"]},{"from":158,"to":159,"title":"Bronze Drachm of Antoninus Pius, Alexandreia, AD 158 - AD 159. 1973.56.860","image_urls":["http://numismatics.org/collectionimages/19501999/1973/1973.56.860.rev.width350.jpg"]},{"from":158,"to":159,"title":"Bronze Drachm of Antoninus Pius, Alexandreia, AD 158 - AD 159. 1944.100.60906","image_urls":["http://numismatics.org/collectionimages/19001949/1944/1944.100.60906.rev.width350.jpg"]},{"from":158,"to":159,"title":"RIC III Antoninus Pius 290A. 1956.127.1889","image_urls":["http://numismatics.org/collectionimages/19501999/1956/1956.127.1889.rev.width350.jpg"]},{"from":158,"to":159,"title":"Bronze Drachm of Antoninus Pius, Alexandreia, AD 158 - AD 159. 1944.100.61055","image_urls":["http://numismatics.org/collectionimages/19001949/1944/1944.100.61055.rev.width350.jpg"]},{"from":158,"to":159,"title":"RIC III Antoninus Pius 293A. 1956.127.483","image_urls":["http://numismatics.org/collectionimages/19501999/1956/1956.127.483.rev.width350.jpg"]},{"from":158,"to":159,"title":"RIC III Antoninus Pius 1009A. 1944.100.48306","image_urls":["http://numismatics.org/collectionimages/19001949/1944/1944.100.48306.rev.width350.jpg"]},{"from":158,"to":159,"title":"Billon Tetradrachm of Antoninus Pius, Alexandreia, AD 158 - AD 159. 1944.100.58993","image_urls":["http://numismatics.org/collectionimages/19001949/1944/1944.100.58993.rev.width350.jpg"]},{"from":158,"to":159,"title":"RIC III Antoninus Pius 1022A. 1995.11.400","image_urls":["http://numismatics.org/collectionimages/19501999/1995/1995.11.400.rev.width350.jpg"]},{"from":158,"to":159,"title":"Billon Tetradrachm of Antoninus Pius, Alexandreia, AD 158 - AD 159. 1973.56.745","image_urls":["http://numismatics.org/collectionimages/19501999/1973/1973.56.745.rev.width350.jpg"]},{"from":158,"to":159,"title":"Bronze Drachm of Antoninus Pius, Alexandreia, AD 158 - AD 159. 1944.100.61054","image_urls":["http://numismatics.org/collectionimages/19001949/1944/1944.100.61054.rev.width350.jpg"]},{"from":158,"to":159,"title":"Billon Tetradrachm of Antoninus Pius, Alexandreia, AD 158 - AD 159. 1944.100.59000","image_urls":["http://numismatics.org/collectionimages/19001949/1944/1944.100.59000.rev.width350.jpg"]},{"from":158,"to":159,"title":"RIC III Antoninus Pius 1010. 1944.100.48307","image_urls":["http://numismatics.org/collectionimages/19001949/1944/1944.100.48307.rev.width350.jpg"]},{"from":158,"to":159,"title":"RIC III Antoninus Pius 290A. 1935.117.418","image_urls":["http://numismatics.org/collectionimages/19001949/1935/1935.117.418.rev.width350.jpg"]},{"from":158,"to":159,"title":"RIC III Antoninus Pius 292A (denarius). 1956.127.482","image_urls":["http://numismatics.org/collectionimages/19501999/1956/1956.127.482.rev.width350.jpg"]},{"from":158,"to":159,"title":"RIC III Antoninus Pius 480E. 1911.23.287","image_urls":["http://numismatics.org/collectionimages/19001949/1911/1911.23.287.rev.width350.jpg"]},{"from":158,"to":159,"title":"RIC III Antoninus Pius 286A (denarius). 1911.23.234","image_urls":["http://numismatics.org/collectionimages/19001949/1911/1911.23.234.rev.width350.jpg"]},{"from":158,"to":159,"title":"RIC III Antoninus Pius 1009A. 1906.236.367","image_urls":["http://numismatics.org/collectionimages/19001949/1906/1906.236.367.rev.width350.jpg"]},{"from":158,"to":159,"title":"RIC III Antoninus Pius 294Ad. 1944.100.48177","image_urls":["http://numismatics.org/collectionimages/19001949/1944/1944.100.48177.rev.width350.jpg"]},{"from":158,"to":159,"title":"RIC III Antoninus Pius 294Ba. 1956.127.1891","image_urls":["http://numismatics.org/collectionimages/19501999/1956/1956.127.1891.rev.width350.jpg"]},{"from":158,"to":159,"title":"RIC III Antoninus Pius 1349Bb. 1995.11.122","image_urls":["http://numismatics.org/collectionimages/19501999/1995/1995.11.122.rev.width350.jpg"]},{"from":158,"to":159,"title":"RIC III Antoninus Pius 294Ad. 1973.16.7","image_urls":["http://numismatics.org/collectionimages/19501999/1973/1973.16.7.rev.width350.jpg"]},{"from":158,"to":159,"title":"RIC III Antoninus Pius 286B. 1966.62.9","image_urls":["http://numismatics.org/collectionimages/19501999/1966/1966.62.9.rev.width350.jpg"]},{"from":158,"to":159,"title":"RIC III Antoninus Pius 284. 1944.100.48175","image_urls":["http://numismatics.org/collectionimages/19001949/1944/1944.100.48175.rev.width350.jpg"]},{"from":158,"to":159,"title":"RIC III Antoninus Pius 1004. 1937.158.504","image_urls":["http://numismatics.org/collectionimages/19001949/1937/1937.158.504.rev.width350.jpg"]},{"from":158,"to":159,"title":"RIC III Antoninus Pius 294Ba. 1956.127.486","image_urls":["http://numismatics.org/collectionimages/19501999/1956/1956.127.486.rev.width350.jpg"]},{"from":158,"to":159,"title":"Bronze Drachm of Antoninus Pius, Alexandreia, AD 158 - AD 159. 1944.100.60912","image_urls":["http://numismatics.org/collectionimages/19001949/1944/1944.100.60912.rev.width350.jpg"]},{"from":158,"to":159,"title":"RIC III Antoninus Pius 480B. 1965.66.24","image_urls":["http://numismatics.org/collectionimages/19501999/1965/1965.66.24.rev.width350.jpg"]},{"from":158,"to":159,"title":"RIC III Antoninus Pius 294Ba. 1956.127.485","image_urls":["http://numismatics.org/collectionimages/19501999/1956/1956.127.485.rev.width350.jpg"]},{"from":158,"to":159,"title":"Bronze Drachm of Antoninus Pius, Alexandreia, AD 158 - AD 159. 1973.56.847","image_urls":["http://numismatics.org/collectionimages/19501999/1973/1973.56.847.rev.width350.jpg"]},{"from":158,"to":159,"title":"RIC III Antoninus Pius 290A. 1956.127.479","image_urls":["http://numismatics.org/collectionimages/19501999/1956/1956.127.479.rev.width350.jpg"]},{"from":158,"to":159,"title":"RIC III Antoninus Pius 293A. 1911.23.236","image_urls":["http://numismatics.org/collectionimages/19001949/1911/1911.23.236.rev.width350.jpg"]},{"from":158,"to":159,"title":"RIC III Antoninus Pius 290A. 1956.127.1888","image_urls":["http://numismatics.org/collectionimages/19501999/1956/1956.127.1888.rev.width350.jpg"]},{"from":158,"to":159,"title":"RIC III Antoninus Pius 479B. 1995.11.378","image_urls":["http://numismatics.org/collectionimages/19501999/1995/1995.11.378.rev.width350.jpg"]},{"from":158,"to":159,"title":"RIC III Antoninus Pius 290A. 1944.100.48176","image_urls":["http://numismatics.org/collectionimages/19001949/1944/1944.100.48176.rev.width350.jpg"]},{"from":158,"to":159,"title":"RIC III Antoninus Pius 998. 1988.5.42","image_urls":["http://numismatics.org/collectionimages/19501999/1988/1988.5.42.rev.width350.jpg"]},{"from":158,"to":159,"title":"RIC III Antoninus Pius 294Ba. 1956.127.487","image_urls":["http://numismatics.org/collectionimages/19501999/1956/1956.127.487.rev.width350.jpg"]},{"from":158,"to":159,"title":"RIC III Antoninus Pius 1016. 1995.11.426","image_urls":["http://numismatics.org/collectionimages/19501999/1995/1995.11.426.rev.width350.jpg"]},{"from":158,"to":159,"title":"RIC III Antoninus Pius 1004. 1944.100.48303","image_urls":["http://numismatics.org/collectionimages/19001949/1944/1944.100.48303.rev.width350.jpg"]},{"from":158,"to":159,"title":"Billon Tetradrachm of Antoninus Pius, Alexandreia, AD 158 - AD 159. 1944.100.59002","image_urls":["http://numismatics.org/collectionimages/19001949/1944/1944.100.59002.rev.width350.jpg"]},{"from":158,"to":159,"title":"RIC III Antoninus Pius 1010. 1995.11.417","image_urls":["http://numismatics.org/collectionimages/19501999/1995/1995.11.417.rev.width350.jpg"]},{"from":158,"to":159,"title":"Silver Tetradrachm, Seleuceia ad Tigrim, AD 158 - AD 159. 1944.100.83409","image_urls":["http://numismatics.org/collectionimages/19001949/1944/1944.100.83409.rev.width350.jpg"]},{"from":158,"to":159,"title":"RIC III Antoninus Pius 292C. 1956.184.47","image_urls":["http://numismatics.org/collectionimages/19501999/1956/1956.184.47.rev.width350.jpg"]},{"from":158,"to":159,"title":"RIC III Antoninus Pius 290A. 1956.127.481","image_urls":["http://numismatics.org/collectionimages/19501999/1956/1956.127.481.rev.width350.jpg"]},{"from":158,"to":159,"title":"Billon Tetradrachm of Antoninus Pius, Alexandreia, AD 158 - AD 159. 1944.100.58995","image_urls":["http://numismatics.org/collectionimages/19001949/1944/1944.100.58995.rev.width350.jpg"]},{"from":158,"to":159,"title":"RIC III Antoninus Pius 289C. 1954.256.20","image_urls":["http://numismatics.org/collectionimages/19501999/1954/1954.256.20.rev.width350.jpg"]},{"from":158,"to":159,"title":"Billon Tetradrachm of Antoninus Pius, Alexandreia, AD 158 - AD 159. 1944.100.58984","image_urls":["http://numismatics.org/collectionimages/19001949/1944/1944.100.58984.rev.width350.jpg"]},{"from":158,"to":159,"title":"RIC III Antoninus Pius 286B. 1958.38.8","image_urls":["http://numismatics.org/collectionimages/19501999/1958/1958.38.8.rev.width350.jpg"]},{"from":158,"to":159,"title":"Bronze Drachm of Antoninus Pius, Alexandreia, AD 158 - AD 159. 1944.100.60926","image_urls":["http://numismatics.org/collectionimages/19001949/1944/1944.100.60926.rev.width350.jpg"]}]