[{"from":159,"to":161,"title":"NARC-92ABE7: A coin issued by Antoninus Pius","image_urls":["https://finds.org.uk/images/tbrindle/NARC-92ABE7antpiusdenarius.jpg"]},{"from":159,"to":160,"title":"YORYM-803782: A coin issued by Antoninus Pius","image_urls":["https://finds.org.uk/images/bmorris/antoninus%20pius%20denari%20obverse.jpg"]},{"from":159,"to":160,"title":"LVPL-74F003: A coin issued by Antoninus Pius","image_urls":["https://finds.org.uk/images/voakden/a.jpg"]},{"from":159,"to":160,"title":"DUR-3DBC08: A coin issued by Antoninus Pius","image_urls":["https://finds.org.uk/images/a8622912/DUR3DBC08.jpg"]},{"from":159,"to":160,"title":"SF-B91282: A coin issued by Antoninus Pius","image_urls":["https://finds.org.uk/images/abrown/SPX_SF-B91282.jpg"]},{"from":159,"to":160,"title":"YORYM-18FC45: A coin issued by Antoninus Pius","image_urls":["https://finds.org.uk/images/law/GW0005.jpg"]},{"from":159,"to":160,"title":"DENO-D0BEC6: A coin issued by Antoninus Pius","image_urls":["https://finds.org.uk/images/arohde/E6609%20sestertius.jpg"]},{"from":159,"to":160,"title":"SUR-431FA1: A coin issued by Antoninus Pius","image_urls":["https://finds.org.uk/images/dwilliams/06.327a.JPG"]},{"from":159,"to":160,"title":"NARC-27BB07: A coin issued by Antoninus Pius","image_urls":["https://finds.org.uk/images/jcassidy/narc27bb07a.jpg"]},{"from":159,"to":160,"title":"HAMP-152018: A coin issued by Antoninus Pius","image_urls":["https://finds.org.uk/images/rwebley/HAMP-152018AntoninusPiusdenarius.jpg"]},{"from":159,"to":160,"title":"DEV-174937: A coin issued by Antoninus Pius","image_urls":["https://finds.org.uk/images/dwootton/DEV-174937%20Roman%20coin%20denarius%20of%20Antoninius%20Pius.jpg"]},{"from":159,"to":160,"title":"FAPJW-CD9E44: A coin issued by Marcus Aurelius (as Caesar)","image_urls":["https://finds.org.uk/images/pwalton/667.jpg"]},{"from":159,"to":160,"title":"LEIC-864BC6: A coin issued by Antoninus Pius","image_urls":["https://finds.org.uk/images/philharding/CAD1733c.jpg"]},{"from":159,"to":160,"title":"HAMP-3696DB: A coin issued by Marcus Aurelius (as Caesar)","image_urls":["https://finds.org.uk/images/khindshamp/HAMP-3696DB.jpg"]},{"from":159,"to":160,"title":"BERK-447AB8: A coin issued by Antoninus Pius","image_urls":["https://finds.org.uk/images/abyard/BERK%20447AB8.jpg"]},{"from":159,"to":160,"title":"NARC-4CE317: A coin issued by Marcus Aurelius (as Caesar)","image_urls":["https://finds.org.uk/images/rwebley/NARC-4CE317dupondiusobv.JPG"]},{"from":159,"to":176,"title":"BERK-50FD53: A coin issued by Marcus Aurelius (as Caesar)","image_urls":["https://finds.org.uk/images/abyard/2013223.jpg"]},{"from":159,"to":161,"title":"WILT-F4EBC5: A coin issued by Antoninus Pius","image_urls":["https://finds.org.uk/images/jshoemark/WILT-F4EBC5.jpg"]},{"from":159,"to":160,"title":"IOW-2BF031: A coin issued by Antoninus Pius","image_urls":["https://finds.org.uk/images/fbasford/IOW2012-2-182.JPG"]},{"from":159,"to":160,"title":"LEIC-C8BC15: A coin issued by Antoninus Pius","image_urls":["https://finds.org.uk/images/wscott/DSCN9636.JPG"]},{"from":159,"to":160,"title":"RIC III Antoninus Pius 302A. 1969.26.18","image_urls":["http://numismatics.org/collectionimages/19501999/1969/1969.26.18.rev.width350.jpg"]},{"from":159,"to":160,"title":"RIC III Antoninus Pius 481B. 1944.100.49027","image_urls":["http://numismatics.org/collectionimages/19001949/1944/1944.100.49027.rev.width350.jpg"]},{"from":159,"to":160,"title":"Bronze Drachm of Antoninus Pius, Alexandreia, AD 159 - AD 160. 1944.100.60945","image_urls":["http://numismatics.org/collectionimages/19001949/1944/1944.100.60945.rev.width350.jpg"]},{"from":159,"to":160,"title":"RIC III Antoninus Pius 297. 1956.127.489","image_urls":["http://numismatics.org/collectionimages/19501999/1956/1956.127.489.rev.width350.jpg"]},{"from":159,"to":160,"title":"RIC III Antoninus Pius 302A. 1967.153.150","image_urls":["http://numismatics.org/collectionimages/19501999/1967/1967.153.150.rev.width350.jpg"]},{"from":159,"to":160,"title":"RIC III Antoninus Pius 1039. 1906.236.368","image_urls":["http://numismatics.org/collectionimages/19001949/1906/1906.236.368.rev.width350.jpg"]},{"from":159,"to":160,"title":"RIC III Antoninus Pius 301. 1911.23.238","image_urls":["http://numismatics.org/collectionimages/19001949/1911/1911.23.238.rev.width350.jpg"]},{"from":159,"to":160,"title":"RIC III Antoninus Pius 300A. 1944.100.48178","image_urls":["http://numismatics.org/collectionimages/19001949/1944/1944.100.48178.rev.width350.jpg"]},{"from":159,"to":160,"title":"RIC III Antoninus Pius 299. 1956.127.490","image_urls":["http://numismatics.org/collectionimages/19501999/1956/1956.127.490.rev.width350.jpg"]},{"from":159,"to":160,"title":"Bronze Drachm of Antoninus Pius, Alexandreia, AD 159 - AD 160. 1944.100.61056","image_urls":["http://numismatics.org/collectionimages/19001949/1944/1944.100.61056.rev.width350.jpg"]},{"from":159,"to":160,"title":"RIC III Antoninus Pius 1352Ba. 1988.5.48","image_urls":["http://numismatics.org/collectionimages/19501999/1988/1988.5.48.rev.width350.jpg"]},{"from":159,"to":160,"title":"RIC III Antoninus Pius 300A. 1956.127.492","image_urls":["http://numismatics.org/collectionimages/19501999/1956/1956.127.492.rev.width350.jpg"]},{"from":159,"to":160,"title":"RIC III Antoninus Pius 486. 1956.127.783","image_urls":["http://numismatics.org/collectionimages/19501999/1956/1956.127.783.rev.width350.jpg"]},{"from":159,"to":160,"title":"Billon Tetradrachm of Antoninus Pius, Alexandreia, AD 159 - AD 160. 1944.100.59007","image_urls":["http://numismatics.org/collectionimages/19001949/1944/1944.100.59007.rev.width350.jpg"]},{"from":159,"to":160,"title":"RIC III Antoninus Pius 1352Ab. 1941.131.839","image_urls":["http://numismatics.org/collectionimages/19001949/1941/1941.131.839.rev.width350.jpg"]},{"from":159,"to":160,"title":"RIC III Antoninus Pius 301. 1956.127.1894","image_urls":["http://numismatics.org/collectionimages/19501999/1956/1956.127.1894.rev.width350.jpg"]},{"from":159,"to":160,"title":"RIC III Antoninus Pius 301. 1905.57.383","image_urls":["http://numismatics.org/collectionimages/19001949/1905/1905.57.383.rev.width350.jpg"]},{"from":159,"to":160,"title":"RIC III Antoninus Pius 1031. 1927.165.18","image_urls":["http://numismatics.org/collectionimages/19001949/1927/1927.165.18.rev.width350.jpg"]},{"from":159,"to":160,"title":"RIC III Antoninus Pius 1031. 1956.28.250","image_urls":["http://numismatics.org/collectionimages/19501999/1956/1956.28.250.rev.width350.jpg"]},{"from":159,"to":160,"title":"RIC III Antoninus Pius 481A. 1973.16.11","image_urls":["http://numismatics.org/collectionimages/19501999/1973/1973.16.11.rev.width350.jpg"]},{"from":159,"to":160,"title":"Bronze Drachm of Antoninus Pius, Alexandreia, AD 159 - AD 160. 1944.100.60943","image_urls":["http://numismatics.org/collectionimages/19001949/1944/1944.100.60943.rev.width350.jpg"]},{"from":159,"to":160,"title":"RIC III Antoninus Pius 305. 1911.23.239","image_urls":["http://numismatics.org/collectionimages/19001949/1911/1911.23.239.rev.width350.jpg"]},{"from":159,"to":160,"title":"Bronze Drachm of Antoninus Pius, Alexandreia, AD 159 - AD 160. 1944.100.60931","image_urls":["http://numismatics.org/collectionimages/19001949/1944/1944.100.60931.rev.width350.jpg"]},{"from":159,"to":160,"title":"RIC III Antoninus Pius 1039. 1995.11.424","image_urls":["http://numismatics.org/collectionimages/19501999/1995/1995.11.424.rev.width350.jpg"]},{"from":159,"to":160,"title":"RIC III Antoninus Pius 486. 1944.100.49029","image_urls":["http://numismatics.org/collectionimages/19001949/1944/1944.100.49029.rev.width350.jpg"]},{"from":159,"to":160,"title":"RIC III Antoninus Pius 302B. 1965.66.9","image_urls":["http://numismatics.org/collectionimages/19501999/1965/1965.66.9.rev.width350.jpg"]},{"from":159,"to":160,"title":"Bronze Drachm of Antoninus Pius, Alexandreia, AD 159 - AD 160. 1944.100.60938","image_urls":["http://numismatics.org/collectionimages/19001949/1944/1944.100.60938.rev.width350.jpg"]},{"from":159,"to":160,"title":"RIC III Antoninus Pius 1031. 1995.11.403","image_urls":["http://numismatics.org/collectionimages/19501999/1995/1995.11.403.rev.width350.jpg"]},{"from":159,"to":160,"title":"RIC III Antoninus Pius 305. 1944.100.48180","image_urls":["http://numismatics.org/collectionimages/19001949/1944/1944.100.48180.rev.width350.jpg"]},{"from":159,"to":160,"title":"RIC III Antoninus Pius 302A. 1947.2.468","image_urls":["http://numismatics.org/collectionimages/19001949/1947/1947.2.468.rev.width350.jpg"]},{"from":159,"to":160,"title":"RIC III Antoninus Pius 1034. 1954.203.207","image_urls":["http://numismatics.org/collectionimages/19501999/1954/1954.203.207.rev.width350.jpg"]},{"from":159,"to":160,"title":"RIC III Antoninus Pius 300A. 1956.127.494","image_urls":["http://numismatics.org/collectionimages/19501999/1956/1956.127.494.rev.width350.jpg"]},{"from":159,"to":160,"title":"Silver Tetradrachm, Seleuceia ad Tigrim, AD 159 - AD 160. 1944.100.83410","image_urls":["http://numismatics.org/collectionimages/19001949/1944/1944.100.83410.rev.width350.jpg"]},{"from":159,"to":160,"title":"RIC III Antoninus Pius 302C. 1967.50.6","image_urls":["http://numismatics.org/collectionimages/19501999/1967/1967.50.6.rev.width350.jpg"]},{"from":159,"to":160,"title":"Bronze Drachm of Antoninus Pius, Alexandreia, AD 159 - AD 160. 1944.100.61057","image_urls":["http://numismatics.org/collectionimages/19001949/1944/1944.100.61057.rev.width350.jpg"]},{"from":159,"to":160,"title":"RIC III Antoninus Pius 303. 1985.140.124","image_urls":["http://numismatics.org/collectionimages/19501999/1985/1985.140.124.rev.width350.jpg"]},{"from":159,"to":160,"title":"RIC III Antoninus Pius 305. 1956.127.497","image_urls":["http://numismatics.org/collectionimages/19501999/1956/1956.127.497.rev.width350.jpg"]},{"from":159,"to":160,"title":"Bronze Drachm of Antoninus Pius, Alexandreia, AD 159 - AD 160. 1944.100.61058","image_urls":["http://numismatics.org/collectionimages/19001949/1944/1944.100.61058.rev.width350.jpg"]},{"from":159,"to":160,"title":"RIC III Antoninus Pius 300A. 1911.23.237","image_urls":["http://numismatics.org/collectionimages/19001949/1911/1911.23.237.rev.width350.jpg"]},{"from":159,"to":160,"title":"RIC III Antoninus Pius 1354Aa (as). 1995.11.119","image_urls":["http://numismatics.org/collectionimages/19501999/1995/1995.11.119.rev.width350.jpg"]},{"from":159,"to":160,"title":"RIC III Antoninus Pius 301. 1956.127.495","image_urls":["http://numismatics.org/collectionimages/19501999/1956/1956.127.495.rev.width350.jpg"]},{"from":159,"to":160,"title":"RIC III Antoninus Pius 482. 1956.127.782","image_urls":["http://numismatics.org/collectionimages/19501999/1956/1956.127.782.rev.width350.jpg"]},{"from":159,"to":160,"title":"RIC III Antoninus Pius 300A. 1956.127.491","image_urls":["http://numismatics.org/collectionimages/19501999/1956/1956.127.491.rev.width350.jpg"]},{"from":159,"to":160,"title":"RIC III Antoninus Pius 298. 1956.127.488","image_urls":["http://numismatics.org/collectionimages/19501999/1956/1956.127.488.rev.width350.jpg"]},{"from":159,"to":160,"title":"RIC III Antoninus Pius 1031. 1967.153.155","image_urls":["http://numismatics.org/collectionimages/19501999/1967/1967.153.155.rev.width350.jpg"]},{"from":159,"to":160,"title":"RIC III Antoninus Pius 302B. 1964.79.17","image_urls":["http://numismatics.org/collectionimages/19501999/1964/1964.79.17.rev.width350.jpg"]},{"from":159,"to":160,"title":"Bronze Drachm of Antoninus Pius, Alexandreia, AD 159 - AD 160. 1944.100.60928","image_urls":["http://numismatics.org/collectionimages/19001949/1944/1944.100.60928.rev.width350.jpg"]},{"from":159,"to":160,"title":"RIC III Antoninus Pius 482. 1927.38.54","image_urls":["http://numismatics.org/collectionimages/19001949/1927/1927.38.54.rev.width350.jpg"]},{"from":159,"to":160,"title":"RIC III Antoninus Pius 1354Ab (as). 1974.95.151","image_urls":["http://numismatics.org/collectionimages/19501999/1974/1974.95.151.rev.width350.jpg"]},{"from":159,"to":160,"title":"RIC III Antoninus Pius 483. 1944.100.49028","image_urls":["http://numismatics.org/collectionimages/19001949/1944/1944.100.49028.rev.width350.jpg"]},{"from":159,"to":160,"title":"Bronze Drachm of Antoninus Pius, Alexandreia, AD 159 - AD 160. 1944.100.60937","image_urls":["http://numismatics.org/collectionimages/19001949/1944/1944.100.60937.rev.width350.jpg"]},{"from":159,"to":160,"title":"RIC III Antoninus Pius 301. 1944.100.48179","image_urls":["http://numismatics.org/collectionimages/19001949/1944/1944.100.48179.rev.width350.jpg"]},{"from":159,"to":160,"title":"RIC III Antoninus Pius 301. 1956.127.496","image_urls":["http://numismatics.org/collectionimages/19501999/1956/1956.127.496.rev.width350.jpg"]},{"from":159,"to":160,"title":"RIC III Antoninus Pius 1031. 1920.102.36","image_urls":["http://numismatics.org/collectionimages/19001949/1920/1920.102.36.rev.width350.jpg"]},{"from":159,"to":160,"title":"RIC III Antoninus Pius 302A. 1972.62.16","image_urls":["http://numismatics.org/collectionimages/19501999/1972/1972.62.16.rev.width350.jpg"]},{"from":159,"to":160,"title":"RIC III Antoninus Pius 300A. 1956.127.493","image_urls":["http://numismatics.org/collectionimages/19501999/1956/1956.127.493.rev.width350.jpg"]},{"from":159,"to":160,"title":"RIC III Antoninus Pius 298. 1956.127.1893","image_urls":["http://numismatics.org/collectionimages/19501999/1956/1956.127.1893.rev.width350.jpg"]},{"from":159,"to":160,"title":"Billon Tetradrachm of Antoninus Pius, Alexandreia, AD 159 - AD 160. 1944.100.59024","image_urls":["http://numismatics.org/collectionimages/19001949/1944/1944.100.59024.rev.width350.jpg"]},{"from":159,"to":160,"title":"RIC III Antoninus Pius 1352Ab. 1920.102.38","image_urls":["http://numismatics.org/collectionimages/19001949/1920/1920.102.38.rev.width350.jpg"]},{"from":159,"to":160,"title":"RIC III Antoninus Pius 483. 1911.23.288","image_urls":["http://numismatics.org/collectionimages/19001949/1911/1911.23.288.rev.width350.jpg"]}]