[{"from":16,"to":37,"title":"SF-3BB041: A coin issued by Tiberius","image_urls":["https://finds.org.uk/images/justineemma/OUS_SF-3BB041.jpg"]},{"from":16,"to":37,"title":"SUR-1FB787: A coin issued by Tiberius","image_urls":["https://finds.org.uk/images/dwilliams/B12-67.JPG"]},{"from":16,"to":34,"title":"PUBLIC-F8B1C7: A coin issued by Tiberius","image_urls":["https://finds.org.uk/images/zoom/R12ES02787.JPG"]},{"from":16,"to":16,"title":"WMID-9BED85: A coin issued by Augustus","image_urls":["https://finds.org.uk/images/cjohnson/WMID-9BED85%20rev.jpg"]},{"from":16,"to":37,"title":"SUR-7AECC7: A coin issued by Tiberius","image_urls":["https://finds.org.uk/images/margaretb/13-715.JPG"]},{"from":16,"to":16,"title":"SUR-970218: A coin issued by Tiberius","image_urls":["https://finds.org.uk/images/dwilliams/DSCN0848.JPG"]},{"from":16,"to":37,"title":"DENO-6BFA91: A coin issued by Tiberius","image_urls":["https://finds.org.uk/images/ratherton/E5997%20den.jpg"]},{"from":16,"to":16,"title":"LEIC-3A8740: A coin issued by Tiberius","image_urls":["https://finds.org.uk/images/rebecca/LEIC-3A8740.JPG"]},{"from":16,"to":16,"title":"LEIC-CEFC62: A coin issued by Tiberius","image_urls":["https://finds.org.uk/images/wscott/CEFC62.JPG"]},{"from":16,"to":16,"title":"LIN-7F2471: A coin issued by Tiberius","image_urls":["https://finds.org.uk/images/adaubney/LIN2011-1138.jpg"]},{"from":16,"to":37,"title":"LON-5D8581: A coin issued by Tiberius","image_urls":["https://finds.org.uk/images/fwinkley/Smith%20-%20siliqua%20-%20Sept%2009.jpg"]},{"from":16,"to":37,"title":"LEIC-5D3475: A coin issued by Tiberius","image_urls":["https://finds.org.uk/images/wscott/5D3475.JPG"]},{"from":16,"to":16,"title":"LIN-9AB554: A coin issued by Tiberius","image_urls":["https://finds.org.uk/images/adaubney/LIN9507.jpg"]},{"from":16,"to":21,"title":"Bronze Coin of Tiberius, Thapsus, AD 16 - AD 21. 1984.66.424","image_urls":["http://numismatics.org/collectionimages/19501999/1984/1984.66.424.rev.width350.jpg"]},{"from":16,"to":22,"title":"RIC I (second edition) Tiberius 39. 1953.171.1056","image_urls":["http://numismatics.org/collectionimages/19501999/1953/1953.171.1056.rev.width350.jpg"]},{"from":16,"to":22,"title":"RIC I (second edition) Tiberius 38. 1944.100.39282","image_urls":["http://numismatics.org/collectionimages/19001949/1944/1944.100.39282.rev.width350.jpg"]},{"from":16,"to":17,"title":"Bronze Coin of Tiberius, Damascus, AD 16 - AD 17. 1944.100.79334","image_urls":["http://numismatics.org/collectionimages/19001949/1944/1944.100.79334.rev.width350.jpg"]},{"from":16,"to":22,"title":"RIC I (second edition) Tiberius 38. 1944.100.39283","image_urls":["http://numismatics.org/collectionimages/19001949/1944/1944.100.39283.rev.width350.jpg"]},{"from":16,"to":22,"title":"RIC I (second edition) Tiberius 39. 1944.100.39284","image_urls":["http://numismatics.org/collectionimages/19001949/1944/1944.100.39284.rev.width350.jpg"]}]