[{"from":160,"to":180,"title":"LANCUM-32ADD6: A coin issued by Marcus Aurelius (as Augustus)","image_urls":["https://finds.org.uk/images/AlexIdris/mrc4c.jpg"]},{"from":160,"to":161,"title":"KENT-F19450: A coin issued by Antoninus Pius","image_urls":["https://finds.org.uk/images/karend1/KENT-F19450.jpg"]},{"from":160,"to":160,"title":"NARC-01A152: A coin issued by Antoninus Pius","image_urls":["https://finds.org.uk/images/tbrindle/NARC-01A152denariusobv.jpg"]},{"from":160,"to":166,"title":"LIN-C039F7: A coin issued by Marcus Aurelius (as Augustus)","image_urls":["https://finds.org.uk/images/adaubney/LIN8200.JPG"]},{"from":160,"to":160,"title":"LEIC-81AA65: A coin issued by Marcus Aurelius (as Caesar)","image_urls":["https://finds.org.uk/images/wscott/81AA65a.JPG"]},{"from":160,"to":161,"title":"FAPJW-5FD252: A coin issued by Antoninus Pius","image_urls":["https://finds.org.uk/images/pwalton/7040.jpg"]},{"from":160,"to":192,"title":"SUR-99E440: A coin issued by Marcus Aurelius (as Augustus)","image_urls":["https://finds.org.uk/images/margaretb/11-598.jpg"]},{"from":160,"to":175,"title":"SUR-DBB995: A coin issued by Faustina II","image_urls":["https://finds.org.uk/images/dwilliams/04.594a.jpg"]},{"from":160,"to":161,"title":"NCL-DBC943: A coin issued by Antoninus Pius","image_urls":["https://finds.org.uk/images/rcollins/NCL-DBC943.JPG"]},{"from":160,"to":161,"title":"WILT-90FCF6: A coin issued by Antoninus Pius","image_urls":["https://finds.org.uk/images/cshenry/WILT-90FCF6.jpg"]},{"from":160,"to":161,"title":"Bronze Dichalkon of Antoninus Pius, Alexandreia, AD 160 - AD 161. 1973.56.861","image_urls":["http://numismatics.org/collectionimages/19501999/1973/1973.56.861.rev.width350.jpg"]},{"from":160,"to":161,"title":"RIC III Antoninus Pius 308. 1956.127.498","image_urls":["http://numismatics.org/collectionimages/19501999/1956/1956.127.498.rev.width350.jpg"]},{"from":160,"to":161,"title":"RIC III Antoninus Pius 1052. 1944.100.48311","image_urls":["http://numismatics.org/collectionimages/19001949/1944/1944.100.48311.rev.width350.jpg"]},{"from":160,"to":161,"title":"RIC III Antoninus Pius 1045. 1927.165.19","image_urls":["http://numismatics.org/collectionimages/19001949/1927/1927.165.19.rev.width350.jpg"]},{"from":160,"to":161,"title":"RIC III Antoninus Pius 313B. 1965.66.10","image_urls":["http://numismatics.org/collectionimages/19501999/1965/1965.66.10.rev.width350.jpg"]},{"from":160,"to":161,"title":"RIC III Antoninus Pius 488. 1965.66.25","image_urls":["http://numismatics.org/collectionimages/19501999/1965/1965.66.25.rev.width350.jpg"]},{"from":160,"to":161,"title":"RIC III Antoninus Pius 313C. 1911.23.240","image_urls":["http://numismatics.org/collectionimages/19001949/1911/1911.23.240.rev.width350.jpg"]},{"from":160,"to":161,"title":"RIC III Antoninus Pius 310. 1956.127.499","image_urls":["http://numismatics.org/collectionimages/19501999/1956/1956.127.499.rev.width350.jpg"]},{"from":160,"to":161,"title":"Bronze Drachm of Antoninus Pius, Alexandreia, AD 160 - AD 161. 1974.26.3747","image_urls":["http://numismatics.org/collectionimages/19501999/1974/1974.26.3747.rev.width350.jpg"]},{"from":160,"to":161,"title":"RIC III Antoninus Pius 1045. 1944.100.48309","image_urls":["http://numismatics.org/collectionimages/19001949/1944/1944.100.48309.rev.width350.jpg"]},{"from":160,"to":161,"title":"Bronze Drachm of Antoninus Pius, Alexandreia, AD 160 - AD 161. 1944.100.60956","image_urls":["http://numismatics.org/collectionimages/19001949/1944/1944.100.60956.rev.width350.jpg"]},{"from":160,"to":161,"title":"RIC III Antoninus Pius 490 (aureus). 1973.16.12","image_urls":["http://numismatics.org/collectionimages/19501999/1973/1973.16.12.rev.width350.jpg"]},{"from":160,"to":161,"title":"RIC III Antoninus Pius 1051. 1944.100.48310","image_urls":["http://numismatics.org/collectionimages/19001949/1944/1944.100.48310.rev.width350.jpg"]},{"from":160,"to":161,"title":"Silver Tetradrachm, Seleuceia ad Tigrim, AD 160 - AD 161. 1944.100.83411","image_urls":["http://numismatics.org/collectionimages/19001949/1944/1944.100.83411.rev.width350.jpg"]},{"from":160,"to":161,"title":"RIC III Antoninus Pius 487B. 1944.100.49030","image_urls":["http://numismatics.org/collectionimages/19001949/1944/1944.100.49030.rev.width350.jpg"]},{"from":160,"to":161,"title":"RIC III Antoninus Pius 313C. 1956.127.500","image_urls":["http://numismatics.org/collectionimages/19501999/1956/1956.127.500.rev.width350.jpg"]},{"from":160,"to":161,"title":"Bronze Drachm of Antoninus Pius, Alexandreia, AD 160 - AD 161. 1973.56.851","image_urls":["http://numismatics.org/collectionimages/19501999/1973/1973.56.851.rev.width350.jpg"]}]