[{"from":162,"to":162,"title":"YORYM-3541A2: A coin issued by Marcus Aurelius (as Caesar)","image_urls":["https://finds.org.uk/images/bmorris/DCYK0011.jpg"]},{"from":162,"to":162,"title":"SUSS-A6E281: A coin issued by Marcus Aurelius (as Augustus)","image_urls":["https://finds.org.uk/images/stephaniesmith/SUSS-A6E281%20COINPOSSIBLEDUPONDIUS.jpg"]},{"from":162,"to":163,"title":"YORYM-D0B127: A coin issued by Lucius Verus","image_urls":["https://finds.org.uk/images/yorkvol/RL0002.jpg"]},{"from":162,"to":163,"title":"LVPL-7311C1: A coin issued by Marcus Aurelius (as Augustus)","image_urls":["https://finds.org.uk/images/voakden/LVPL-7311C1.jpg"]},{"from":162,"to":163,"title":"PUBLIC-ED18A2: A coin issued by Lucius Verus","image_urls":["https://finds.org.uk/images/atyacke/Sep15finds005.JPG"]},{"from":162,"to":163,"title":"LVPL-844992: A coin issued by Lucius Verus","image_urls":["https://finds.org.uk/images/voakden/LVPL-844992.JPG"]},{"from":162,"to":162,"title":"LEIC-F7ED16: A coin issued by Marcus Aurelius (as Augustus)","image_urls":["https://finds.org.uk/images/wscott/F7ED16a.JPG"]},{"from":162,"to":163,"title":"NMS-1E5B32: A coin issued by Marcus Aurelius (as Augustus)","image_urls":["https://finds.org.uk/images/amarsden/AMD092012aureliusden.jpg"]},{"from":162,"to":162,"title":"LIN-BC2E77: A coin issued by Marcus Aurelius (as Augustus)","image_urls":["https://finds.org.uk/images/adaubney/LIN7191.jpg"]},{"from":162,"to":162,"title":"LVPL-1C1217: A coin issued by Marcus Aurelius (as Augustus)","image_urls":["https://finds.org.uk/images/voakden/LVPL-1C1217.jpg"]},{"from":162,"to":163,"title":"ESS-0EB536: A coin issued by Marcus Aurelius (as Augustus)","image_urls":["https://finds.org.uk/images/lmclean/ESS-0EB536.jpg"]},{"from":162,"to":163,"title":"SUSS-364A6A: A coin issued by Marcus Aurelius (as Augustus)","image_urls":["https://finds.org.uk/images/stephaniesmith/SUSS364A6A.jpg"]},{"from":162,"to":163,"title":"WMID-D9A1B7: A coin issued by Lucius Verus","image_urls":["https://finds.org.uk/images/cjohnson/WMID-D9A1B7.jpg"]},{"from":162,"to":163,"title":"BH-416347: A coin issued by Marcus Aurelius (as Augustus)","image_urls":["https://finds.org.uk/images/jwatters/Roman_coin_12_4_1.jpg"]},{"from":162,"to":162,"title":"SWYOR-FA4807: A coin issued by Marcus Aurelius (as Augustus)","image_urls":["https://finds.org.uk/images/wakefield/PAS_2028_antoninus.jpg"]},{"from":162,"to":163,"title":"BM-A844F2: A coin issued by Marcus Aurelius (as Augustus)","image_urls":["https://finds.org.uk/images/vdrost/BM_A844F2_R.JPG"]},{"from":162,"to":162,"title":"LVPL-204C82: A coin issued by Lucius Verus","image_urls":["https://finds.org.uk/images/voakden/LVPL-204C82.JPG"]},{"from":162,"to":163,"title":"IOW-FCF103: A coin issued by Marcus Aurelius (as Augustus)","image_urls":["https://finds.org.uk/images/fbasford/IOW2007-1-587.JPG"]},{"from":162,"to":162,"title":"LIN-C60662: A coin issued by Antoninus Pius","image_urls":["https://finds.org.uk/images/adaubney/LIN2013-986.jpg"]},{"from":162,"to":163,"title":"WILT-8DD0B1: A coin issued by Marcus Aurelius (as Augustus)","image_urls":["https://finds.org.uk/images/rhenry2/WILT-8DD0B1.jpg"]},{"from":162,"to":162,"title":"DENO-451EF1: A coin issued by Marcus Aurelius (as Augustus)","image_urls":["https://finds.org.uk/images/ratherton/E6078%20vwilmott%20sest.jpg"]},{"from":162,"to":163,"title":"LVPL2395: A coin issued by Lucius Verus","image_urls":["https://finds.org.uk/images/nherepath/2395.jpg"]},{"from":162,"to":169,"title":"SOM-3D9FB5: A coin issued by Faustina II","image_urls":["https://finds.org.uk/images/elburnett/SOM3D9FB5.JPG"]},{"from":162,"to":162,"title":"DUR-7684E2: A coin issued by Marcus Aurelius (as Augustus)","image_urls":["https://finds.org.uk/images/frances/DUR-7684E2.jpg"]},{"from":162,"to":162,"title":"LEIC-A27227: A coin issued by Antoninus Pius","image_urls":["https://finds.org.uk/images/wscott/A27227.JPG"]},{"from":162,"to":162,"title":"SUR-10FE03: A coin issued by Lucius Verus","image_urls":["https://finds.org.uk/images/dwilliams/07.119.JPG"]},{"from":162,"to":162,"title":"LIN-035227: A coin issued by Marcus Aurelius (as Augustus)","image_urls":["https://finds.org.uk/images/adaubney/LIN2011-11.jpg"]},{"from":162,"to":162,"title":"DUR-0F4C01: A coin issued by Marcus Aurelius (as Augustus)","image_urls":["https://finds.org.uk/images/emorris/DUR-0F4C01.jpg"]},{"from":162,"to":163,"title":"FAPJW-63FD93: A coin issued by Marcus Aurelius (as Caesar)","image_urls":["https://finds.org.uk/images/pwalton/5357.jpg"]},{"from":162,"to":163,"title":"Bronze Drachm, Alexandreia, AD 162 - AD 163. 1944.100.61770","image_urls":["http://numismatics.org/collectionimages/19001949/1944/1944.100.61770.rev.width350.jpg"]},{"from":162,"to":163,"title":"Bronze Drachm, Alexandreia, AD 162 - AD 163. 1944.100.61697","image_urls":["http://numismatics.org/collectionimages/19001949/1944/1944.100.61697.rev.width350.jpg"]},{"from":162,"to":163,"title":"RIC III Marcus Aurelius 75. 1976.81.6","image_urls":["http://numismatics.org/collectionimages/19501999/1976/1976.81.6.rev.width350.jpg"]},{"from":162,"to":163,"title":"RIC III Marcus Aurelius 843. 1995.11.128","image_urls":["http://numismatics.org/collectionimages/19501999/1995/1995.11.128.rev.width350.jpg"]},{"from":162,"to":163,"title":"RIC III Marcus Aurelius 493. 1959.228.10","image_urls":["http://numismatics.org/collectionimages/19501999/1959/1959.228.10.rev.width350.jpg"]},{"from":162,"to":163,"title":"RIC III Marcus Aurelius 843. 1944.100.49150","image_urls":["http://numismatics.org/collectionimages/19001949/1944/1944.100.49150.rev.width350.jpg"]},{"from":162,"to":163,"title":"Billon Tetradrachm, Alexandreia, AD 162 - AD 163. 1935.117.790","image_urls":["http://numismatics.org/collectionimages/19001949/1935/1935.117.790.rev.width350.jpg"]},{"from":162,"to":163,"title":"Bronze Drachm of Marcus Aurelius, Alexandreia, AD 162 - AD 163. 1944.100.61253","image_urls":["http://numismatics.org/collectionimages/19001949/1944/1944.100.61253.rev.width350.jpg"]},{"from":162,"to":163,"title":"Billon Tetradrachm of Marcus Aurelius, Alexandreia, AD 162 - AD 163. 1944.100.61146","image_urls":["http://numismatics.org/collectionimages/19001949/1944/1944.100.61146.rev.width350.jpg"]},{"from":162,"to":163,"title":"Bronze Diobol, Alexandreia, AD 162 - AD 163. 1944.100.61614","image_urls":["http://numismatics.org/collectionimages/19001949/1944/1944.100.61614.rev.width350.jpg"]},{"from":162,"to":163,"title":"RIC III Marcus Aurelius 494. 1944.100.49558","image_urls":["http://numismatics.org/collectionimages/19001949/1944/1944.100.49558.rev.width350.jpg"]},{"from":162,"to":163,"title":"Billon Tetradrachm of Marcus Aurelius, Alexandreia, AD 162 - AD 163. 1944.100.61142","image_urls":["http://numismatics.org/collectionimages/19001949/1944/1944.100.61142.rev.width350.jpg"]},{"from":162,"to":163,"title":"Bronze Drachm, Alexandreia, AD 162 - AD 163. 1944.100.61693","image_urls":["http://numismatics.org/collectionimages/19001949/1944/1944.100.61693.rev.width350.jpg"]},{"from":162,"to":163,"title":"RIC III Marcus Aurelius 1356. 1944.100.49588","image_urls":["http://numismatics.org/collectionimages/19001949/1944/1944.100.49588.rev.width350.jpg"]},{"from":162,"to":163,"title":"Bronze Drachm of Marcus Aurelius, Alexandreia, AD 162 - AD 163. 1944.100.61353","image_urls":["http://numismatics.org/collectionimages/19001949/1944/1944.100.61353.rev.width350.jpg"]},{"from":162,"to":163,"title":"RIC III Marcus Aurelius 1345. 1965.32.32","image_urls":["http://numismatics.org/collectionimages/19501999/1965/1965.32.32.rev.width350.jpg"]},{"from":162,"to":163,"title":"Bronze Drachm of Marcus Aurelius, Alexandreia, AD 162 - AD 163. 1944.100.61248","image_urls":["http://numismatics.org/collectionimages/19001949/1944/1944.100.61248.rev.width350.jpg"]},{"from":162,"to":163,"title":"Bronze Drachm of Marcus Aurelius, Alexandreia, AD 162 - AD 163. 1974.26.3795","image_urls":["http://numismatics.org/collectionimages/19501999/1974/1974.26.3795.rev.width350.jpg"]},{"from":162,"to":163,"title":"RIC III Marcus Aurelius 491. 1956.127.1050","image_urls":["http://numismatics.org/collectionimages/19501999/1956/1956.127.1050.rev.width350.jpg"]},{"from":162,"to":163,"title":"RIC III Marcus Aurelius 59. 1974.26.1103","image_urls":["http://numismatics.org/collectionimages/19501999/1974/1974.26.1103.rev.width350.jpg"]},{"from":162,"to":163,"title":"RIC III Marcus Aurelius 841. 1988.5.50","image_urls":["http://numismatics.org/collectionimages/19501999/1988/1988.5.50.rev.width350.jpg"]},{"from":162,"to":163,"title":"Bronze Drachm of Marcus Aurelius, Alexandreia, AD 162 - AD 163. 1944.100.61244","image_urls":["http://numismatics.org/collectionimages/19001949/1944/1944.100.61244.rev.width350.jpg"]},{"from":162,"to":163,"title":"RIC III Marcus Aurelius 843. 1935.117.431","image_urls":["http://numismatics.org/collectionimages/19001949/1935/1935.117.431.rev.width350.jpg"]},{"from":162,"to":163,"title":"Bronze Drachm, Alexandreia, AD 162 - AD 163. 1944.100.61691","image_urls":["http://numismatics.org/collectionimages/19001949/1944/1944.100.61691.rev.width350.jpg"]},{"from":162,"to":163,"title":"RIC III Marcus Aurelius 77. 1974.62.4","image_urls":["http://numismatics.org/collectionimages/19501999/1974/1974.62.4.rev.width350.jpg"]},{"from":162,"to":163,"title":"RIC III Marcus Aurelius 850. 1929.66.15","image_urls":["http://numismatics.org/collectionimages/19001949/1929/1929.66.15.rev.width350.jpg"]},{"from":162,"to":163,"title":"RIC III Marcus Aurelius 1351. 1944.100.49587","image_urls":["http://numismatics.org/collectionimages/19001949/1944/1944.100.49587.rev.width350.jpg"]},{"from":162,"to":163,"title":"RIC III Marcus Aurelius 64. 1956.127.1904","image_urls":["http://numismatics.org/collectionimages/19501999/1956/1956.127.1904.rev.width350.jpg"]},{"from":162,"to":163,"title":"RIC III Marcus Aurelius 844. 1944.100.49151","image_urls":["http://numismatics.org/collectionimages/19001949/1944/1944.100.49151.rev.width350.jpg"]},{"from":162,"to":163,"title":"RIC III Marcus Aurelius 491. 1947.50.28","image_urls":["http://numismatics.org/collectionimages/19001949/1947/1947.50.28.rev.width350.jpg"]},{"from":162,"to":163,"title":"Bronze Drachm of Marcus Aurelius, Alexandreia, AD 162 - AD 163. 1944.100.61243","image_urls":["http://numismatics.org/collectionimages/19001949/1944/1944.100.61243.rev.width350.jpg"]},{"from":162,"to":163,"title":"RIC III Marcus Aurelius 847. 1944.100.49152","image_urls":["http://numismatics.org/collectionimages/19001949/1944/1944.100.49152.rev.width350.jpg"]},{"from":162,"to":163,"title":"RIC III Marcus Aurelius 491. 1987.26.176","image_urls":["http://numismatics.org/collectionimages/19501999/1987/1987.26.176.rev.width350.jpg"]},{"from":162,"to":163,"title":"Bronze Drachm of Marcus Aurelius, Alexandreia, AD 162 - AD 163. 1944.100.61351","image_urls":["http://numismatics.org/collectionimages/19001949/1944/1944.100.61351.rev.width350.jpg"]},{"from":162,"to":163,"title":"RIC III Marcus Aurelius 77. 1969.26.11","image_urls":["http://numismatics.org/collectionimages/19501999/1969/1969.26.11.rev.width350.jpg"]},{"from":162,"to":163,"title":"RIC III Marcus Aurelius 1349. 1944.100.49586","image_urls":["http://numismatics.org/collectionimages/19001949/1944/1944.100.49586.rev.width350.jpg"]},{"from":162,"to":163,"title":"Bronze Hemidrachm, Alexandreia, AD 162 - AD 163. 1944.100.61699","image_urls":["http://numismatics.org/collectionimages/19001949/1944/1944.100.61699.rev.width350.jpg"]},{"from":162,"to":163,"title":"Bronze Drachm, Alexandreia, AD 162 - AD 163. 1944.100.61690","image_urls":["http://numismatics.org/collectionimages/19001949/1944/1944.100.61690.rev.width350.jpg"]},{"from":162,"to":163,"title":"RIC III Marcus Aurelius 491. 1956.127.1049","image_urls":["http://numismatics.org/collectionimages/19501999/1956/1956.127.1049.rev.width350.jpg"]},{"from":162,"to":163,"title":"RIC III Marcus Aurelius 70. 1944.100.49065","image_urls":["http://numismatics.org/collectionimages/19001949/1944/1944.100.49065.rev.width350.jpg"]},{"from":162,"to":163,"title":"RIC III Marcus Aurelius 1342. 1980.187.21","image_urls":["http://numismatics.org/collectionimages/19501999/1980/1980.187.21.rev.width350.jpg"]},{"from":162,"to":163,"title":"Bronze Drachm of Marcus Aurelius, Alexandreia, AD 162 - AD 163. 1944.100.61255","image_urls":["http://numismatics.org/collectionimages/19001949/1944/1944.100.61255.rev.width350.jpg"]},{"from":162,"to":163,"title":"Bronze Drachm of Marcus Aurelius, Alexandreia, AD 162 - AD 163. 1944.100.61249","image_urls":["http://numismatics.org/collectionimages/19001949/1944/1944.100.61249.rev.width350.jpg"]},{"from":162,"to":163,"title":"RIC III Marcus Aurelius 491. 1950.84.3","image_urls":["http://numismatics.org/collectionimages/19501999/1950/1950.84.3.rev.width350.jpg"]},{"from":162,"to":163,"title":"RIC III Marcus Aurelius 59. 1911.23.296","image_urls":["http://numismatics.org/collectionimages/19001949/1911/1911.23.296.rev.width350.jpg"]},{"from":162,"to":163,"title":"RIC III Marcus Aurelius 73. 1956.127.801","image_urls":["http://numismatics.org/collectionimages/19501999/1956/1956.127.801.rev.width350.jpg"]},{"from":162,"to":163,"title":"Bronze Drachm of Marcus Aurelius, Alexandreia, AD 162 - AD 163. 1973.56.892","image_urls":["http://numismatics.org/collectionimages/19501999/1973/1973.56.892.rev.width350.jpg"]},{"from":162,"to":163,"title":"RIC III Marcus Aurelius 62. 1950.70.12","image_urls":["http://numismatics.org/collectionimages/19501999/1950/1950.70.12.rev.width350.jpg"]},{"from":162,"to":163,"title":"Billon Tetradrachm, Alexandreia, AD 162 - AD 163. 1944.100.61646","image_urls":["http://numismatics.org/collectionimages/19001949/1944/1944.100.61646.rev.width350.jpg"]},{"from":162,"to":163,"title":"Bronze Drachm, Alexandreia, AD 162 - AD 163. 1944.100.61694","image_urls":["http://numismatics.org/collectionimages/19001949/1944/1944.100.61694.rev.width350.jpg"]},{"from":162,"to":163,"title":"RIC III Marcus Aurelius 70. 1956.127.1905","image_urls":["http://numismatics.org/collectionimages/19501999/1956/1956.127.1905.rev.width350.jpg"]},{"from":162,"to":163,"title":"Billon Tetradrachm of Marcus Aurelius, Alexandreia, AD 162 - AD 163. 1944.100.61145","image_urls":["http://numismatics.org/collectionimages/19001949/1944/1944.100.61145.rev.width350.jpg"]},{"from":162,"to":163,"title":"Bronze Drachm, Alexandreia, AD 162 - AD 163. 1944.100.61771","image_urls":["http://numismatics.org/collectionimages/19001949/1944/1944.100.61771.rev.width350.jpg"]},{"from":162,"to":163,"title":"RIC III Marcus Aurelius 491. 1986.76.99","image_urls":["http://numismatics.org/collectionimages/19501999/1986/1986.76.99.rev.width350.jpg"]},{"from":162,"to":163,"title":"RIC III Marcus Aurelius 1343. 1980.187.20","image_urls":["http://numismatics.org/collectionimages/19501999/1980/1980.187.20.rev.width350.jpg"]},{"from":162,"to":163,"title":"Bronze Drachm, Alexandreia, AD 162 - AD 163. 1944.100.61689","image_urls":["http://numismatics.org/collectionimages/19001949/1944/1944.100.61689.rev.width350.jpg"]},{"from":162,"to":163,"title":"RIC III Marcus Aurelius 496. 1959.228.11","image_urls":["http://numismatics.org/collectionimages/19501999/1959/1959.228.11.rev.width350.jpg"]},{"from":162,"to":163,"title":"RIC III Marcus Aurelius 62. 1956.127.800","image_urls":["http://numismatics.org/collectionimages/19501999/1956/1956.127.800.rev.width350.jpg"]},{"from":162,"to":163,"title":"RIC III Marcus Aurelius 59. 1956.127.799","image_urls":["http://numismatics.org/collectionimages/19501999/1956/1956.127.799.rev.width350.jpg"]},{"from":162,"to":163,"title":"RIC III Marcus Aurelius 64. 1987.26.166","image_urls":["http://numismatics.org/collectionimages/19501999/1987/1987.26.166.rev.width350.jpg"]},{"from":162,"to":163,"title":"RIC III Marcus Aurelius 59. 1944.100.49064","image_urls":["http://numismatics.org/collectionimages/19001949/1944/1944.100.49064.rev.width350.jpg"]},{"from":162,"to":163,"title":"RIC III Marcus Aurelius 70. 1952.142.150","image_urls":["http://numismatics.org/collectionimages/19501999/1952/1952.142.150.rev.width350.jpg"]},{"from":162,"to":163,"title":"Bronze Drachm of Marcus Aurelius, Alexandreia, AD 162 - AD 163. 1974.26.3796","image_urls":["http://numismatics.org/collectionimages/19501999/1974/1974.26.3796.rev.width350.jpg"]},{"from":162,"to":163,"title":"RIC III Marcus Aurelius 70. 1956.127.1906","image_urls":["http://numismatics.org/collectionimages/19501999/1956/1956.127.1906.rev.width350.jpg"]},{"from":162,"to":163,"title":"RIC III Marcus Aurelius 1349. 1951.61.73","image_urls":["http://numismatics.org/collectionimages/19501999/1951/1951.61.73.rev.width350.jpg"]},{"from":162,"to":163,"title":"RIC III Marcus Aurelius 59. 1911.23.295","image_urls":["http://numismatics.org/collectionimages/19001949/1911/1911.23.295.rev.width350.jpg"]},{"from":162,"to":163,"title":"Bronze Diobol, Alexandreia, AD 162 - AD 163. 1944.100.61593","image_urls":["http://numismatics.org/collectionimages/19001949/1944/1944.100.61593.rev.width350.jpg"]},{"from":162,"to":163,"title":"Bronze Drachm of Marcus Aurelius, Alexandreia, AD 162 - AD 163. 1973.56.904","image_urls":["http://numismatics.org/collectionimages/19501999/1973/1973.56.904.rev.width350.jpg"]},{"from":162,"to":163,"title":"RIC III Marcus Aurelius 73. 1956.127.802","image_urls":["http://numismatics.org/collectionimages/19501999/1956/1956.127.802.rev.width350.jpg"]},{"from":162,"to":163,"title":"Bronze Drachm of Marcus Aurelius, Alexandreia, AD 162 - AD 163. 1944.100.61352","image_urls":["http://numismatics.org/collectionimages/19001949/1944/1944.100.61352.rev.width350.jpg"]},{"from":162,"to":163,"title":"Billon Tetradrachm, Alexandreia, AD 162 - AD 163. 1944.100.61645","image_urls":["http://numismatics.org/collectionimages/19001949/1944/1944.100.61645.rev.width350.jpg"]},{"from":162,"to":163,"title":"RIC III Marcus Aurelius 1325. 1995.11.441","image_urls":["http://numismatics.org/collectionimages/19501999/1995/1995.11.441.rev.width350.jpg"]}]