[{"from":163,"to":165,"title":"KENT-ED5EB7: A coin issued by Marcus Aurelius (as Augustus)","image_urls":["https://finds.org.uk/images/jjackson/KENT-ED5EB7.jpg"]},{"from":163,"to":164,"title":"NARC-5CEC11: A coin issued by Marcus Aurelius (as Augustus)","image_urls":["https://finds.org.uk/images/jcassidy/NARC-5CEC11%20b.jpg"]},{"from":163,"to":163,"title":"WMID-FC1F93: A coin issued by Lucius Verus","image_urls":["https://finds.org.uk/images/tbrindle/WMID-FC1F93.jpg"]},{"from":163,"to":163,"title":"NARC-441FA3: A coin issued by Faustina II","image_urls":["https://finds.org.uk/images/jcassidy/NARC-441FA3%20b.jpg"]},{"from":163,"to":163,"title":"WILT-11BD47: A coin issued by Lucius Verus","image_urls":["https://finds.org.uk/images/rhenry2/WILT-11BD47.jpg"]},{"from":163,"to":168,"title":"DEV-C83CD2: A coin issued by Marcus Aurelius (as Augustus)","image_urls":["https://finds.org.uk/images/dwootton/DEV-C83CD2-R40%20COMPLETED.jpg"]},{"from":163,"to":165,"title":"DEV-037221: A coin issued by Marcus Aurelius (as Augustus)","image_urls":["https://finds.org.uk/images/dwootton/dev037221.jpg"]},{"from":163,"to":167,"title":"SUSS-518054: A coin issued by Marcus Aurelius (as Augustus)","image_urls":["https://finds.org.uk/images/lburnett/SUSS-518054.JPG"]},{"from":163,"to":164,"title":"PUBLIC-CE0EC1: A coin issued by Lucius Verus","image_urls":["https://finds.org.uk/images/calow1/FLE12-201.JPG"]},{"from":163,"to":165,"title":"IOW-DB16D5: A coin issued by Marcus Aurelius (as Augustus)","image_urls":["https://finds.org.uk/images/fbasford/IOW2011-1-150.JPG"]},{"from":163,"to":164,"title":"IOW-614494: A coin issued by Marcus Aurelius (as Augustus)","image_urls":["https://finds.org.uk/images/fbasford/IOW2013-2-329.JPG"]},{"from":163,"to":165,"title":"BH-FA19F5: A coin issued by Marcus Aurelius (as Augustus)","image_urls":["https://finds.org.uk/images/jwatters/Roman_coin_14_63_3.jpg"]},{"from":163,"to":164,"title":"DUR-D1FCE8: A coin issued by Marcus Aurelius (as Augustus)","image_urls":["https://finds.org.uk/images/emorris/John%20Crammond%20denarius.jpg"]},{"from":163,"to":165,"title":"WILT-F12AF0: A coin issued by Marcus Aurelius (as Augustus)","image_urls":["https://finds.org.uk/images/khinds/WILT-F12AF0.jpg"]},{"from":163,"to":165,"title":"IOW-9B4A44: A coin issued by Lucius Verus","image_urls":["https://finds.org.uk/images/fbasford/IOW2009-1-98.JPG"]},{"from":163,"to":165,"title":"NCL-8B1124: A coin issued by Lucius Verus","image_urls":["https://finds.org.uk/images/pwalton/606.jpg"]},{"from":163,"to":164,"title":"SUR-AE6BF5: A coin issued by Marcus Aurelius (as Augustus)","image_urls":["https://finds.org.uk/images/dwilliams/08.700.JPG"]},{"from":163,"to":164,"title":"PUBLIC-FFA4C3: A coin issued by Marcus Aurelius (as Augustus)","image_urls":["https://finds.org.uk/images/calow1/FLE11.38.JPG"]},{"from":163,"to":164,"title":"PUBLIC-0CB94D: A coin issued by Marcus Aurelius (as Augustus)","image_urls":["https://finds.org.uk/images/calow1/FLE14949.JPG"]},{"from":163,"to":164,"title":"SUR-FD3052: A coin issued by Marcus Aurelius (as Augustus)","image_urls":["https://finds.org.uk/images/margaretb/13-204.JPG"]},{"from":163,"to":165,"title":"IOW-695894: A coin issued by Marcus Aurelius (as Augustus)","image_urls":["https://finds.org.uk/images/fbasford/IOW2007-3-17.JPG"]},{"from":163,"to":166,"title":"PUBLIC-E16486: A coin issued by Marcus Aurelius (as Augustus)","image_urls":["https://finds.org.uk/images/calow1/FLE14.%20834.JPG"]},{"from":163,"to":164,"title":"LEIC-C5F2D4: A coin issued by Lucius Verus","image_urls":["https://finds.org.uk/images/wscott/C5F2D4.JPG"]},{"from":163,"to":166,"title":"DUR-C0B8A1: A coin issued by Lucius Verus","image_urls":["https://finds.org.uk/images/frances/beck%20market%20weighton%201%20DUR-C0B8A1.jpg"]},{"from":163,"to":164,"title":"SF-445995: A coin issued by Marcus Aurelius (as Augustus)","image_urls":["https://finds.org.uk/images/abrown/PAL_SF-445995.jpg"]},{"from":163,"to":164,"title":"PUBLIC-5CC2F4: A coin issued by Lucius Verus","image_urls":["https://finds.org.uk/images/calow1/FLE11.64.jpg"]},{"from":163,"to":164,"title":"NARC-5DCBB5: A coin issued by Lucius Verus","image_urls":["https://finds.org.uk/images/jcassidy/NARC-5DCBB5%20b.jpg"]},{"from":163,"to":164,"title":"SUSS-9AAF42: A coin issued by Lucius Verus","image_urls":["https://finds.org.uk/images/jjackson/SUSS-9AAF42.jpg"]},{"from":163,"to":164,"title":"HESH-AD66B6: A coin issued by Lucius Verus","image_urls":["https://finds.org.uk/images/preavill/HESH-AD66B6.jpg"]},{"from":163,"to":164,"title":"WILT-2D8E41: A coin issued by Marcus Aurelius (as Augustus)","image_urls":["https://finds.org.uk/images/rhenry2/WILT-2D8E41.jpg"]},{"from":163,"to":163,"title":"LEIC-E6C242: A coin issued by Lucius Verus","image_urls":["https://finds.org.uk/images/leicvol/LEIC-E6C242.jpg"]},{"from":163,"to":164,"title":"HESH-495328: A coin issued by Lucius Verus","image_urls":["https://finds.org.uk/images/preavill/HESH-495328.jpg"]},{"from":163,"to":164,"title":"LIN-791342: A coin issued by Marcus Aurelius (as Augustus)","image_urls":["https://finds.org.uk/images/adaubney/ST73.jpg"]},{"from":163,"to":166,"title":"IOW-EA6848: A coin issued by Lucius Verus","image_urls":["https://finds.org.uk/images/fbasford/IOW2014-5-163.JPG"]},{"from":163,"to":164,"title":"NARC-26D435: A coin issued by Marcus Aurelius (as Caesar)","image_urls":["https://finds.org.uk/images/jcassidy/NARC-26D435%20a.jpg"]},{"from":163,"to":164,"title":"HESH-4EA604: A coin issued by Lucius Verus","image_urls":["https://finds.org.uk/images/preavill/HESH-4EA604.jpg"]},{"from":163,"to":168,"title":"DEV-0C18B6: A coin issued by Marcus Aurelius (as Augustus)","image_urls":["https://finds.org.uk/images/dwootton/DEV-OC18B6-R73%20COMPLETED.jpg"]},{"from":163,"to":164,"title":"PUBLIC-E60F35: A coin issued by Marcus Aurelius (as Augustus)","image_urls":["https://finds.org.uk/images/archer/web-hd-dupondius.jpg"]},{"from":163,"to":165,"title":"IOW-69B651: A coin issued by Lucius Verus","image_urls":["https://finds.org.uk/images/fbasford/IOW2007-1-113.JPG"]},{"from":163,"to":164,"title":"WMID-A89507: A coin issued by Lucius Verus","image_urls":["https://finds.org.uk/images/cjohnson/WMID-A89507%20obv.jpg"]},{"from":163,"to":166,"title":"PUBLIC-2DB6BE: A coin issued by Marcus Aurelius (as Augustus)","image_urls":["https://finds.org.uk/images/mrdenarii/MarcusAurelius.jpg"]},{"from":163,"to":164,"title":"LIN-DFF1A7: A coin issued by Marcus Aurelius (as Augustus)","image_urls":["https://finds.org.uk/images/adaubney/LIN8449.JPG"]},{"from":163,"to":164,"title":"BM-A00153: A coin issued by Lucius Verus","image_urls":["https://finds.org.uk/images/jasonlundock/BM-A00153.jpg"]},{"from":163,"to":164,"title":"NCL-779171: A coin issued by Marcus Aurelius (as Augustus)","image_urls":["https://finds.org.uk/images/jswisko/Photoshopped%20IMG_2879.jpg"]},{"from":163,"to":164,"title":"BH-2E93C5: A coin issued by Marcus Aurelius (as Augustus)","image_urls":["https://finds.org.uk/images/jwatters/Roman_coin_15_93_1.jpg"]},{"from":163,"to":163,"title":"LVPL-A5DA9C: A coin issued by Lucius Verus","image_urls":["https://finds.org.uk/images/jebiddle/romancoin.jpg"]},{"from":163,"to":165,"title":"SUR-337FC4: A coin issued by Marcus Aurelius (as Caesar)","image_urls":["https://finds.org.uk/images/dwilliams/05.1098a.jpg.JPG"]},{"from":163,"to":164,"title":"BUC-CBB5B7: A coin issued by Lucius Verus","image_urls":["https://finds.org.uk/images/jmoss/TC63.jpg"]},{"from":163,"to":164,"title":"RIC III Marcus Aurelius 103. 1944.100.49066","image_urls":["http://numismatics.org/collectionimages/19001949/1944/1944.100.49066.rev.width350.jpg"]},{"from":163,"to":164,"title":"RIC III Marcus Aurelius 92. 1944.100.49069","image_urls":["http://numismatics.org/collectionimages/19001949/1944/1944.100.49069.rev.width350.jpg"]},{"from":163,"to":164,"title":"Bronze Hemidrachm, Alexandreia, AD 163 - AD 164. 1944.100.61707","image_urls":["http://numismatics.org/collectionimages/19001949/1944/1944.100.61707.rev.width350.jpg"]},{"from":163,"to":164,"title":"Billon Tetradrachm, Alexandreia, AD 163 - AD 164. 1973.56.936","image_urls":["http://numismatics.org/collectionimages/19501999/1973/1973.56.936.rev.width350.jpg"]},{"from":163,"to":164,"title":"RIC III Marcus Aurelius 1375. 1995.11.1003","image_urls":["http://numismatics.org/collectionimages/19501999/1995/1995.11.1003.rev.width350.jpg"]},{"from":163,"to":164,"title":"Billon Tetradrachm, Alexandreia, AD 163 - AD 164. 1944.100.61664","image_urls":["http://numismatics.org/collectionimages/19001949/1944/1944.100.61664.rev.width350.jpg"]},{"from":163,"to":164,"title":"RIC III Marcus Aurelius 516. 1944.100.49561","image_urls":["http://numismatics.org/collectionimages/19001949/1944/1944.100.49561.rev.width350.jpg"]},{"from":163,"to":164,"title":"RIC III Marcus Aurelius 1396. 1995.11.440","image_urls":["http://numismatics.org/collectionimages/19501999/1995/1995.11.440.rev.width350.jpg"]},{"from":163,"to":164,"title":"RIC III Marcus Aurelius 512. 1980.109.3313","image_urls":["http://numismatics.org/collectionimages/19501999/1980/1980.109.3313.rev.width350.jpg"]},{"from":163,"to":164,"title":"RIC III Marcus Aurelius 81. 1944.100.49072","image_urls":["http://numismatics.org/collectionimages/19001949/1944/1944.100.49072.rev.width350.jpg"]},{"from":163,"to":164,"title":"Billon Tetradrachm of Marcus Aurelius, Alexandreia, AD 163 - AD 164. 1944.100.61158","image_urls":["http://numismatics.org/collectionimages/19001949/1944/1944.100.61158.rev.width350.jpg"]},{"from":163,"to":164,"title":"RIC III Marcus Aurelius 890. 1944.57.10","image_urls":["http://numismatics.org/collectionimages/19001949/1944/1944.57.10.rev.width350.jpg"]},{"from":163,"to":164,"title":"Bronze Drachm of Marcus Aurelius, Alexandreia, AD 163 - AD 164. 1944.100.61257","image_urls":["http://numismatics.org/collectionimages/19001949/1944/1944.100.61257.rev.width350.jpg"]},{"from":163,"to":164,"title":"RIC III Marcus Aurelius 92. 1995.11.973","image_urls":["http://numismatics.org/collectionimages/19501999/1995/1995.11.973.rev.width350.jpg"]},{"from":163,"to":164,"title":"Billon Tetradrachm of Marcus Aurelius, Alexandreia, AD 163 - AD 164. 1944.100.61151","image_urls":["http://numismatics.org/collectionimages/19001949/1944/1944.100.61151.rev.width350.jpg"]},{"from":163,"to":164,"title":"RIC III Marcus Aurelius 1371. 1944.100.49590","image_urls":["http://numismatics.org/collectionimages/19001949/1944/1944.100.49590.rev.width350.jpg"]},{"from":163,"to":164,"title":"Silver Tetradrachm, Seleuceia ad Tigrim, AD 163 - AD 164. 1944.100.83414","image_urls":["http://numismatics.org/collectionimages/19001949/1944/1944.100.83414.rev.width350.jpg"]},{"from":163,"to":164,"title":"Billon Tetradrachm, Alexandreia, AD 163 - AD 164. 1973.56.935","image_urls":["http://numismatics.org/collectionimages/19501999/1973/1973.56.935.rev.width350.jpg"]},{"from":163,"to":164,"title":"RIC III Marcus Aurelius 515. 1948.19.1363","image_urls":["http://numismatics.org/collectionimages/19001949/1948/1948.19.1363.rev.width350.jpg"]},{"from":163,"to":164,"title":"RIC III Marcus Aurelius 525. 1959.228.13","image_urls":["http://numismatics.org/collectionimages/19501999/1959/1959.228.13.rev.width350.jpg"]},{"from":163,"to":164,"title":"RIC III Marcus Aurelius 120. 1905.57.399","image_urls":["http://numismatics.org/collectionimages/19001949/1905/1905.57.399.rev.width350.jpg"]},{"from":163,"to":164,"title":"RIC III Marcus Aurelius 1380. 1909.356.3","image_urls":["http://numismatics.org/collectionimages/19001949/1909/1909.356.3.rev.width350.jpg"]},{"from":163,"to":164,"title":"RIC III Marcus Aurelius 98. 1973.16.15","image_urls":["http://numismatics.org/collectionimages/19501999/1973/1973.16.15.rev.width350.jpg"]},{"from":163,"to":164,"title":"RIC III Marcus Aurelius 81. 1944.100.49071","image_urls":["http://numismatics.org/collectionimages/19001949/1944/1944.100.49071.rev.width350.jpg"]},{"from":163,"to":164,"title":"RIC III Marcus Aurelius 116. 1965.66.28","image_urls":["http://numismatics.org/collectionimages/19501999/1965/1965.66.28.rev.width350.jpg"]},{"from":163,"to":164,"title":"RIC III Marcus Aurelius 890. 1944.100.49156","image_urls":["http://numismatics.org/collectionimages/19001949/1944/1944.100.49156.rev.width350.jpg"]},{"from":163,"to":164,"title":"Billon Tetradrachm, Alexandreia, AD 163 - AD 164. 1944.100.61652","image_urls":["http://numismatics.org/collectionimages/19001949/1944/1944.100.61652.rev.width350.jpg"]},{"from":163,"to":164,"title":"RIC III Marcus Aurelius 87. 1911.23.297","image_urls":["http://numismatics.org/collectionimages/19001949/1911/1911.23.297.rev.width350.jpg"]},{"from":163,"to":164,"title":"Bronze Medallion, Rome, AD 163 - AD 164. 1950.89.2","image_urls":["http://numismatics.org/collectionimages/19501999/1950/1950.89.2.rev.width350.jpg"]},{"from":163,"to":164,"title":"RIC III Marcus Aurelius 91. 1956.127.805","image_urls":["http://numismatics.org/collectionimages/19501999/1956/1956.127.805.rev.width350.jpg"]},{"from":163,"to":164,"title":"Billon Tetradrachm, Alexandreia, AD 163 - AD 164. 1944.100.61518","image_urls":["http://numismatics.org/collectionimages/19001949/1944/1944.100.61518.rev.width350.jpg"]},{"from":163,"to":164,"title":"RIC III Marcus Aurelius 1364. 1944.100.49593","image_urls":["http://numismatics.org/collectionimages/19001949/1944/1944.100.49593.rev.width350.jpg"]},{"from":163,"to":164,"title":"RIC III Marcus Aurelius 515. 1995.11.446","image_urls":["http://numismatics.org/collectionimages/19501999/1995/1995.11.446.rev.width350.jpg"]},{"from":163,"to":164,"title":"RIC III Marcus Aurelius 861. 1944.100.49155","image_urls":["http://numismatics.org/collectionimages/19001949/1944/1944.100.49155.rev.width350.jpg"]},{"from":163,"to":164,"title":"Billon Tetradrachm of Marcus Aurelius, Alexandreia, AD 163 - AD 164. 1944.100.61154","image_urls":["http://numismatics.org/collectionimages/19001949/1944/1944.100.61154.rev.width350.jpg"]},{"from":163,"to":164,"title":"RIC III Marcus Aurelius 85. 1944.100.49073","image_urls":["http://numismatics.org/collectionimages/19001949/1944/1944.100.49073.rev.width350.jpg"]},{"from":163,"to":164,"title":"RIC III Marcus Aurelius 80. 1906.236.387","image_urls":["http://numismatics.org/collectionimages/19001949/1906/1906.236.387.rev.width350.jpg"]},{"from":163,"to":164,"title":"Billon Tetradrachm, Alexandreia, AD 163 - AD 164. 1944.100.61516","image_urls":["http://numismatics.org/collectionimages/19001949/1944/1944.100.61516.rev.width350.jpg"]},{"from":163,"to":164,"title":"RIC III Marcus Aurelius 863. 1944.100.49154","image_urls":["http://numismatics.org/collectionimages/19001949/1944/1944.100.49154.rev.width350.jpg"]},{"from":163,"to":164,"title":"RIC III Marcus Aurelius 1364. 0000.999.21160","image_urls":["http://numismatics.org/collectionimages/00001899/0000/0000.999.21160.rev.width350.jpg"]},{"from":163,"to":164,"title":"Bronze Drachm of Marcus Aurelius, Alexandreia, AD 163 - AD 164. 0000.999.25323","image_urls":["http://numismatics.org/collectionimages/00001899/0000/0000.999.25323.rev.width350.jpg"]},{"from":163,"to":164,"title":"RIC III Marcus Aurelius 515. 1956.127.1052","image_urls":["http://numismatics.org/collectionimages/19501999/1956/1956.127.1052.rev.width350.jpg"]},{"from":163,"to":164,"title":"RIC III Marcus Aurelius 1379. 1988.5.58","image_urls":["http://numismatics.org/collectionimages/19501999/1988/1988.5.58.rev.width350.jpg"]},{"from":163,"to":164,"title":"RIC III Marcus Aurelius 1401. 1906.236.424","image_urls":["http://numismatics.org/collectionimages/19001949/1906/1906.236.424.rev.width350.jpg"]},{"from":163,"to":164,"title":"RIC III Marcus Aurelius 515. 1944.100.49559","image_urls":["http://numismatics.org/collectionimages/19001949/1944/1944.100.49559.rev.width350.jpg"]},{"from":163,"to":164,"title":"RIC III Marcus Aurelius 1404. 1939.133.27","image_urls":["http://numismatics.org/collectionimages/19001949/1939/1939.133.27.rev.width350.jpg"]},{"from":163,"to":164,"title":"Bronze Drachm, Alexandreia, AD 163 - AD 164. 1944.100.61700","image_urls":["http://numismatics.org/collectionimages/19001949/1944/1944.100.61700.rev.width350.jpg"]},{"from":163,"to":164,"title":"RIC III Marcus Aurelius 106. 1956.127.804","image_urls":["http://numismatics.org/collectionimages/19501999/1956/1956.127.804.rev.width350.jpg"]},{"from":163,"to":164,"title":"RIC III Marcus Aurelius 1377. 1944.100.49592","image_urls":["http://numismatics.org/collectionimages/19001949/1944/1944.100.49592.rev.width350.jpg"]},{"from":163,"to":164,"title":"RIC III Marcus Aurelius 890. 1995.11.118","image_urls":["http://numismatics.org/collectionimages/19501999/1995/1995.11.118.rev.width350.jpg"]},{"from":163,"to":164,"title":"RIC III Marcus Aurelius 522. 1959.228.12","image_urls":["http://numismatics.org/collectionimages/19501999/1959/1959.228.12.rev.width350.jpg"]},{"from":163,"to":164,"title":"RIC III Marcus Aurelius 515. 1957.172.1758","image_urls":["http://numismatics.org/collectionimages/19501999/1957/1957.172.1758.rev.width350.jpg"]},{"from":163,"to":164,"title":"RIC III Marcus Aurelius 88. 1944.100.49070","image_urls":["http://numismatics.org/collectionimages/19001949/1944/1944.100.49070.rev.width350.jpg"]},{"from":163,"to":164,"title":"Bronze Diobol of Marcus Aurelius, Alexandreia, AD 163 - AD 164. 1944.100.61261","image_urls":["http://numismatics.org/collectionimages/19001949/1944/1944.100.61261.rev.width350.jpg"]},{"from":163,"to":164,"title":"RIC III Marcus Aurelius 1377. 1978.64.444","image_urls":["http://numismatics.org/collectionimages/19501999/1978/1978.64.444.rev.width350.jpg"]},{"from":163,"to":164,"title":"RIC III Marcus Aurelius 515. 1912.17.66","image_urls":["http://numismatics.org/collectionimages/19001949/1912/1912.17.66.rev.width350.jpg"]},{"from":163,"to":164,"title":"RIC III Marcus Aurelius 1388. 1995.11.442","image_urls":["http://numismatics.org/collectionimages/19501999/1995/1995.11.442.rev.width350.jpg"]},{"from":163,"to":164,"title":"RIC III Marcus Aurelius 890. 1984.84.4","image_urls":["http://numismatics.org/collectionimages/19501999/1984/1984.84.4.rev.width350.jpg"]},{"from":163,"to":164,"title":"RIC III Marcus Aurelius 92. 1944.100.49068","image_urls":["http://numismatics.org/collectionimages/19001949/1944/1944.100.49068.rev.width350.jpg"]},{"from":163,"to":164,"title":"Billon Tetradrachm of Marcus Aurelius, Alexandreia, AD 163 - AD 164. 1973.56.878","image_urls":["http://numismatics.org/collectionimages/19501999/1973/1973.56.878.rev.width350.jpg"]},{"from":163,"to":164,"title":"RIC III Marcus Aurelius 1370. 1944.100.49589","image_urls":["http://numismatics.org/collectionimages/19001949/1944/1944.100.49589.rev.width350.jpg"]},{"from":163,"to":164,"title":"Billon Tetradrachm of Marcus Aurelius, Alexandreia, AD 163 - AD 164. 1944.100.61156","image_urls":["http://numismatics.org/collectionimages/19001949/1944/1944.100.61156.rev.width350.jpg"]},{"from":163,"to":164,"title":"Billon Tetradrachm, Alexandreia, AD 163 - AD 164. 1944.100.61660","image_urls":["http://numismatics.org/collectionimages/19001949/1944/1944.100.61660.rev.width350.jpg"]},{"from":163,"to":164,"title":"RIC III Marcus Aurelius 865. 1957.172.1749","image_urls":["http://numismatics.org/collectionimages/19501999/1957/1957.172.1749.rev.width350.jpg"]},{"from":163,"to":164,"title":"RIC III Marcus Aurelius 514. 1944.100.49562","image_urls":["http://numismatics.org/collectionimages/19001949/1944/1944.100.49562.rev.width350.jpg"]},{"from":163,"to":164,"title":"RIC III Marcus Aurelius 103. 1944.100.49067","image_urls":["http://numismatics.org/collectionimages/19001949/1944/1944.100.49067.rev.width350.jpg"]},{"from":163,"to":164,"title":"RIC III Marcus Aurelius 515. 1956.127.1051","image_urls":["http://numismatics.org/collectionimages/19501999/1956/1956.127.1051.rev.width350.jpg"]},{"from":163,"to":164,"title":"Bronze Drachm, Alexandreia, AD 163 - AD 164. 1944.100.61705","image_urls":["http://numismatics.org/collectionimages/19001949/1944/1944.100.61705.rev.width350.jpg"]},{"from":163,"to":164,"title":"RIC III Marcus Aurelius 515. 1912.17.65","image_urls":["http://numismatics.org/collectionimages/19001949/1912/1912.17.65.rev.width350.jpg"]},{"from":163,"to":164,"title":"Billon Tetradrachm, Alexandreia, AD 163 - AD 164. 1973.56.919","image_urls":["http://numismatics.org/collectionimages/19501999/1973/1973.56.919.rev.width350.jpg"]},{"from":163,"to":164,"title":"Bronze Drachm of Marcus Aurelius, Alexandreia, AD 163 - AD 164. 1973.56.894","image_urls":["http://numismatics.org/collectionimages/19501999/1973/1973.56.894.rev.width350.jpg"]},{"from":163,"to":164,"title":"RIC III Marcus Aurelius 515. 1911.105.505","image_urls":["http://numismatics.org/collectionimages/19001949/1911/1911.105.505.rev.width350.jpg"]},{"from":163,"to":164,"title":"RIC III Marcus Aurelius 92. 1956.127.806","image_urls":["http://numismatics.org/collectionimages/19501999/1956/1956.127.806.rev.width350.jpg"]},{"from":163,"to":164,"title":"Billon Tetradrachm, Alexandreia, AD 163 - AD 164. 1944.100.61662","image_urls":["http://numismatics.org/collectionimages/19001949/1944/1944.100.61662.rev.width350.jpg"]},{"from":163,"to":164,"title":"RIC III Marcus Aurelius 861. 1906.236.389","image_urls":["http://numismatics.org/collectionimages/19001949/1906/1906.236.389.rev.width350.jpg"]},{"from":163,"to":164,"title":"Billon Tetradrachm, Alexandreia, AD 163 - AD 164. 1944.100.61656","image_urls":["http://numismatics.org/collectionimages/19001949/1944/1944.100.61656.rev.width350.jpg"]},{"from":163,"to":164,"title":"RIC III Marcus Aurelius 1384. 1944.100.49591","image_urls":["http://numismatics.org/collectionimages/19001949/1944/1944.100.49591.rev.width350.jpg"]},{"from":163,"to":164,"title":"RIC III Marcus Aurelius 1370. 1937.158.514","image_urls":["http://numismatics.org/collectionimages/19001949/1937/1937.158.514.rev.width350.jpg"]},{"from":163,"to":164,"title":"RIC III Marcus Aurelius 1397. 1995.110.29","image_urls":["http://numismatics.org/collectionimages/19501999/1995/1995.110.29.rev.width350.jpg"]},{"from":163,"to":164,"title":"Silver Tetradrachm, Seleuceia ad Tigrim, AD 163 - AD 164. 1944.100.83415","image_urls":["http://numismatics.org/collectionimages/19001949/1944/1944.100.83415.rev.width350.jpg"]},{"from":163,"to":164,"title":"RIC III Marcus Aurelius 852. 1911.105.491","image_urls":["http://numismatics.org/collectionimages/19001949/1911/1911.105.491.rev.width350.jpg"]},{"from":163,"to":164,"title":"RIC III Marcus Aurelius 1392. 1995.11.443","image_urls":["http://numismatics.org/collectionimages/19501999/1995/1995.11.443.rev.width350.jpg"]},{"from":163,"to":164,"title":"RIC III Marcus Aurelius 861. 1944.100.49153","image_urls":["http://numismatics.org/collectionimages/19001949/1944/1944.100.49153.rev.width350.jpg"]},{"from":163,"to":164,"title":"Bronze Coin, Anazarbus, AD 163 - AD 164. 2000.8.6","image_urls":["http://numismatics.org/collectionimages/20002049/2000/2000.8.6.rev.width350.jpg"]},{"from":163,"to":164,"title":"RIC III Marcus Aurelius 515. 1944.100.49560","image_urls":["http://numismatics.org/collectionimages/19001949/1944/1944.100.49560.rev.width350.jpg"]},{"from":163,"to":164,"title":"Billon Tetradrachm, Alexandreia, AD 163 - AD 164. 1944.100.61651","image_urls":["http://numismatics.org/collectionimages/19001949/1944/1944.100.61651.rev.width350.jpg"]},{"from":163,"to":164,"title":"Billon Tetradrachm of Marcus Aurelius, Alexandreia, AD 163 - AD 164. 1973.56.880","image_urls":["http://numismatics.org/collectionimages/19501999/1973/1973.56.880.rev.width350.jpg"]},{"from":163,"to":164,"title":"RIC III Marcus Aurelius 1391. 1957.172.1759","image_urls":["http://numismatics.org/collectionimages/19501999/1957/1957.172.1759.rev.width350.jpg"]},{"from":163,"to":164,"title":"RIC III Marcus Aurelius 511. 1975.269.1","image_urls":["http://numismatics.org/collectionimages/19501999/1975/1975.269.1.rev.width350.jpg"]},{"from":163,"to":164,"title":"RIC III Marcus Aurelius 1379. 1906.236.423","image_urls":["http://numismatics.org/collectionimages/19001949/1906/1906.236.423.rev.width350.jpg"]}]