[{"from":164,"to":169,"title":"BUC-F78701: A coin issued by Lucilla","image_urls":["https://finds.org.uk/images/rtyrrell/TC228.jpg"]},{"from":164,"to":169,"title":"YORYM-1CA3B5: A coin issued by Lucilla","image_urls":["https://finds.org.uk/images/bmorris/SW0004.jpg"]},{"from":164,"to":165,"title":"PUBLIC-E146E6: A coin issued by Marcus Aurelius (as Augustus)","image_urls":["https://finds.org.uk/images/calow1/FLE14.%20832.JPG"]},{"from":164,"to":169,"title":"BM-09EA65: A coin issued by Lucilla","image_urls":["https://finds.org.uk/images/jasonlundock/BM-09EA65.jpg"]},{"from":164,"to":164,"title":"WILT-902017: A coin issued by Marcus Aurelius (as Augustus)","image_urls":["https://finds.org.uk/images/khinds/Pounder1109sestertius.jpg"]},{"from":164,"to":169,"title":"KENT-B0D632: A coin issued by Lucilla","image_urls":["https://finds.org.uk/images/jjackson/KENT-B0D632.jpg"]},{"from":164,"to":169,"title":"WAW-1E18D6: A coin issued by Lucilla","image_urls":["https://finds.org.uk/images/abolton/WAW-1E18D6.jpg"]},{"from":164,"to":169,"title":"BH-E83476: A coin issued by Lucilla","image_urls":["https://finds.org.uk/images/jwatters/Roman_coin_12_55_4.jpg"]},{"from":164,"to":169,"title":"DUR-C72F07: A coin issued by Lucilla","image_urls":["https://finds.org.uk/images/frances/DUR-C72F07_hayton.jpg"]},{"from":164,"to":169,"title":"SUR-04F77E: A coin issued by Lucilla","image_urls":["https://finds.org.uk/images/margaretb/14-996.JPG"]},{"from":164,"to":169,"title":"NLM-40EC31: A coin issued by Lucilla","image_urls":["https://finds.org.uk/images/mforeman/NLM24263.jpg"]},{"from":164,"to":169,"title":"ESS-4E7166: A coin issued by Lucilla","image_urls":["https://finds.org.uk/images/cmcdonald/Marley%20Lucilla%20ob.jpg"]},{"from":164,"to":169,"title":"SUSS-347933: A coin issued by Lucilla","image_urls":["https://finds.org.uk/images/lburnett/SUSS-347933.JPG"]},{"from":164,"to":169,"title":"PUBLIC-D0C3E3: A coin issued by Lucilla","image_urls":["https://finds.org.uk/images/calow1/FLE11.006.JPG"]},{"from":164,"to":169,"title":"DUR-EE8423: A coin issued by Lucilla","image_urls":["https://finds.org.uk/images/frances/kirby%20fleetham%20DUR-EE8423.jpg"]},{"from":164,"to":169,"title":"SWYOR-9A0406: A coin issued by Lucilla","image_urls":["https://finds.org.uk/images/acooper/PAS_1911_sestertius.jpg"]},{"from":164,"to":169,"title":"BH-04F2A4: A coin issued by Lucilla","image_urls":["https://finds.org.uk/images/jwatters/Roman_coin_13_112_5.jpg"]},{"from":164,"to":169,"title":"SUR-F8A521: A coin issued by Lucilla","image_urls":["https://finds.org.uk/images/dwilliams/07.257.JPG"]},{"from":164,"to":169,"title":"IOW-564746: A coin issued by Lucilla","image_urls":["https://finds.org.uk/images/fbasford/IOW2010-2-132.JPG"]},{"from":164,"to":169,"title":"WMID-FBC232: A coin issued by Lucilla","image_urls":["https://finds.org.uk/images/tgilmore/WMID-FBC232.jpg"]},{"from":164,"to":169,"title":"SUSS-D0CEF1: A coin issued by Lucilla","image_urls":["https://finds.org.uk/images/lwalker/SUSS-D0CEF1.jpg"]},{"from":164,"to":169,"title":"HAMP264: A coin issued by Lucilla","image_urls":["https://finds.org.uk/images/sworrell/hamp264a.jpg"]},{"from":164,"to":169,"title":"HAMP263: A coin issued by Lucilla","image_urls":["https://finds.org.uk/images/sworrell/hamp263.jpg"]},{"from":164,"to":169,"title":"SUSS-6C54A7: A coin issued by Lucilla","image_urls":["https://finds.org.uk/images/lburnett/SUSS-6C54A7.jpg"]},{"from":164,"to":165,"title":"PUBLIC-D351E7: A coin issued by Marcus Aurelius (as Augustus)","image_urls":["https://finds.org.uk/images/calow1/FLE11.010.JPG"]},{"from":164,"to":169,"title":"NLM-A85B05: A coin issued by Lucilla","image_urls":["https://finds.org.uk/images/mforeman/NLM14465.jpg"]},{"from":164,"to":169,"title":"NARC-135FF6: A coin issued by Lucilla","image_urls":["https://finds.org.uk/images/tbrindle/NARC-135FF6sestertius.jpg"]},{"from":164,"to":169,"title":"HAMP1737: A coin issued by Lucilla","image_urls":["https://finds.org.uk/images/sworrell/hamp%201737a.JPG"]},{"from":164,"to":169,"title":"DOR-18E044: A coin issued by Lucilla","image_urls":["https://finds.org.uk/images/caht/18E044.jpg"]},{"from":164,"to":169,"title":"SUR-CF8524: A coin issued by Lucilla","image_urls":["https://finds.org.uk/images/dwilliams/B11-225.jpg"]},{"from":164,"to":169,"title":"HAMP-30C271: A coin issued by Lucilla","image_urls":["https://finds.org.uk/images/rwebley/HAMP-30C271Lucilladenarius.jpg"]},{"from":164,"to":169,"title":"CAM-542AB2: A coin issued by Lucilla","image_urls":["https://finds.org.uk/images/pjw/CAM_542AB2.jpg"]},{"from":164,"to":169,"title":"SUSS-872CE3: A coin issued by Lucilla","image_urls":["https://finds.org.uk/images/lwalker/1-238r.jpg"]},{"from":164,"to":169,"title":"NCL-A11DC1: A coin issued by Lucilla","image_urls":["https://finds.org.uk/images/pwalton/691.jpg"]},{"from":164,"to":169,"title":"IOW-05A6D3: A coin issued by Lucilla","image_urls":["https://finds.org.uk/images/fbasford/IOW2013-1-144.JPG"]},{"from":164,"to":169,"title":"NCL-0B8E83: A coin issued by Lucilla","image_urls":["https://finds.org.uk/images/pwalton/1440.jpg"]},{"from":164,"to":164,"title":"WILT-737EA4: A coin issued by Marcus Aurelius (as Augustus)","image_urls":["https://finds.org.uk/images/khinds/Green0311marcusaurelius.jpg"]},{"from":164,"to":165,"title":"CORN-6C63D7: A coin issued by Lucius Verus","image_urls":["https://finds.org.uk/images/atyacke/March2013obj15.JPG"]},{"from":164,"to":169,"title":"NCL-EDF238: A coin issued by Lucilla","image_urls":["https://finds.org.uk/images/pwalton/598.jpg"]},{"from":164,"to":166,"title":"HAMP-B7AC06: A coin issued by Marcus Aurelius (as Augustus)","image_urls":["https://finds.org.uk/images/kcreed/HAMP-B7AC06Commodussestertius.jpg"]},{"from":164,"to":169,"title":"HESH-7D8D25: A coin issued by Lucilla","image_urls":["https://finds.org.uk/images/eloisemarkwick/HESH-7D8D25.jpg"]},{"from":164,"to":169,"title":"YORYM-4AC467: A coin issued by Lucilla","image_urls":["https://finds.org.uk/images/bmorris/BL0794.jpg"]},{"from":164,"to":165,"title":"CORN-CBE3BB: A coin issued by Lucilla","image_urls":["https://finds.org.uk/images/atyacke/May14finds106.JPG"]},{"from":164,"to":169,"title":"ESS-41C2C7: A coin issued by Lucilla","image_urls":["https://finds.org.uk/images/cmcdonald/Mills%20faustina.jpg"]},{"from":164,"to":165,"title":"HAMP-FF9D98: A coin issued by Marcus Aurelius (as Augustus)","image_urls":["https://finds.org.uk/images/rhenry/HAMP-FF9D98.jpg"]},{"from":164,"to":169,"title":"IOW-DBA461: A coin issued by Lucilla","image_urls":["https://finds.org.uk/images/fbasford/IOW2008-1-404.JPG"]},{"from":164,"to":166,"title":"SWYOR-5C3442: A coin issued by Lucilla","image_urls":["https://finds.org.uk/images/akcassels/PAS_2337_sestertius.jpg"]},{"from":164,"to":169,"title":"NLM-94C783: A coin issued by Lucilla","image_urls":["https://finds.org.uk/images/mforeman/NLM19562.jpg"]},{"from":164,"to":180,"title":"IOW-5A9299: A coin issued by Lucilla","image_urls":["https://finds.org.uk/images/fbasford/IOW2014-4-119.JPG"]},{"from":164,"to":169,"title":"SUR-B01364: A coin issued by Lucilla","image_urls":["https://finds.org.uk/images/dwilliams/07.949.JPG"]},{"from":164,"to":169,"title":"NCL-3AA3F6: A coin issued by Lucilla","image_urls":["https://finds.org.uk/images/pwalton/676.jpg"]},{"from":164,"to":169,"title":"NARC-27E6B7: A coin issued by Lucilla","image_urls":["https://finds.org.uk/images/tbrindle/NARC-27E6B7.jpg"]},{"from":164,"to":169,"title":"LEIC-277695: A coin issued by Lucilla","image_urls":["https://finds.org.uk/images/philharding/CAD2297e.jpg"]},{"from":164,"to":169,"title":"LIN-9EC3E5: A coin issued by Lucilla","image_urls":["https://finds.org.uk/images/adaubney/NC211.jpg"]},{"from":164,"to":169,"title":"SWYOR-4C42F5: A coin issued by Lucilla","image_urls":["https://finds.org.uk/images/acooper/PAS%20974%20woman.jpg"]},{"from":164,"to":169,"title":"SUR-58B962: A coin issued by Lucilla","image_urls":["https://finds.org.uk/images/dwilliams/07.575.JPG"]},{"from":164,"to":164,"title":"PUBLIC-134670: A coin issued by Marcus Aurelius (as Augustus)","image_urls":["https://finds.org.uk/images/corderus/P1050458.JPG"]},{"from":164,"to":169,"title":"BUC-F7A487: A coin with an unrecorded/uncertain issuer.","image_urls":["https://finds.org.uk/images/rtyrrell/TC229.jpg"]},{"from":164,"to":169,"title":"IOW-1FE7F0: A coin issued by Lucilla","image_urls":["https://finds.org.uk/images/fbasford/IOW2012-21-3.JPG"]},{"from":164,"to":166,"title":"LEIC-EE6C16: A coin issued by Marcus Aurelius (as Augustus)","image_urls":["https://finds.org.uk/images/wscott/EE6C16.JPG"]},{"from":164,"to":169,"title":"LIN-4F2A58: A coin issued by Lucilla","image_urls":["https://finds.org.uk/images/adaubney/LIN3071.jpg"]},{"from":164,"to":169,"title":"SUSS-0765F5: A coin issued by Lucilla","image_urls":["https://finds.org.uk/images/lburnett/SUSS-0765F5.JPG"]},{"from":164,"to":169,"title":"NLM-94D8C7: A coin issued by Lucilla","image_urls":["https://finds.org.uk/images/mforeman/NLM19563.jpg"]},{"from":164,"to":169,"title":"SUR-A5A9F1: A coin issued by Lucilla","image_urls":["https://finds.org.uk/images/dwilliams/DSCF1809.JPG"]},{"from":164,"to":169,"title":"SOM-5562E1: A coin issued by Lucilla","image_urls":["https://finds.org.uk/images/rwebley2/SOM-5562E1.jpg"]},{"from":164,"to":169,"title":"SUSS-5BBD96: A coin issued by Lucilla","image_urls":["https://finds.org.uk/images/lburnett/SUSS-5BBD96.jpg"]},{"from":164,"to":169,"title":"LIN-19EB05: A coin issued by Lucilla","image_urls":["https://finds.org.uk/images/becky01/AL488.jpg"]},{"from":164,"to":169,"title":"PUBLIC-F1A7A8: A coin issued by Lucilla","image_urls":["https://finds.org.uk/images/calow1/FLE12.416.JPG"]},{"from":164,"to":169,"title":"LEIC-8E29B4: A coin issued by Lucilla","image_urls":["https://finds.org.uk/images/philharding/CAD2285c.jpg"]},{"from":164,"to":169,"title":"SF-C5EF23: A coin issued by Lucilla","image_urls":["https://finds.org.uk/images/abrown/BAC_SF-C5EF23.jpg"]},{"from":164,"to":180,"title":"PUBLIC-E01761: A coin issued by Lucilla","image_urls":["https://finds.org.uk/images/calow1/FLE11.29.JPG"]},{"from":164,"to":169,"title":"HAMP-81A743: A coin issued by Lucilla","image_urls":["https://finds.org.uk/images/rwebley/HAMP-81A743Lucillasestertius.jpg"]},{"from":164,"to":169,"title":"IOW-206FB1: A coin issued by Lucilla","image_urls":["https://finds.org.uk/images/fbasford/IOW2012-21-4.JPG"]},{"from":164,"to":169,"title":"SUR-7669D6: A coin issued by Lucilla","image_urls":["https://finds.org.uk/images/dwilliams/B12-183.JPG"]},{"from":164,"to":169,"title":"HAMP-8731A4: A coin issued by Lucilla","image_urls":["https://finds.org.uk/images/rwebley/HAMP-8731A4sestertius.jpg"]},{"from":164,"to":167,"title":"SUSS-44F1C1: A coin issued by Lucilla","image_urls":["https://finds.org.uk/images/lburnett/SUSS-44F1C1.JPG"]},{"from":164,"to":169,"title":"LVPL-1BBEC4: A coin issued by Lucilla","image_urls":["https://finds.org.uk/images/voakden/LVPL-1BBEC4.jpg"]},{"from":164,"to":169,"title":"SUSS-E7D4C4: A coin issued by Lucilla","image_urls":["https://finds.org.uk/images/jefft/H-3.jpg"]},{"from":164,"to":169,"title":"DEV-C82255: A coin issued by Lucilla","image_urls":["https://finds.org.uk/images/dwootton/DEV-C82255-R63%20RELOADED.jpg"]},{"from":164,"to":191,"title":"WMID-6C9290: A coin issued by Crispina","image_urls":["https://finds.org.uk/images/tbrindle/WMID-6C9290.jpg"]},{"from":164,"to":169,"title":"IOW-646051: A coin issued by Lucilla","image_urls":["https://finds.org.uk/images/fbasford/IOW2013-4-9.JPG"]},{"from":164,"to":169,"title":"DENO-F5D3D5: A coin issued by Lucilla","image_urls":["https://finds.org.uk/images/ratherton/E5181%20R%20den.jpg"]},{"from":164,"to":169,"title":"WMID-605E57: A coin issued by Lucilla","image_urls":["https://finds.org.uk/images/dslarke/palm%20rom%20coin%202%201108%20copy.jpg"]},{"from":164,"to":169,"title":"BERK-B3E731: A coin issued by Lucilla","image_urls":["https://finds.org.uk/images/plevick/Skuce%20-%20Roman%20coin%202%20-%20complete%20.jpg"]},{"from":164,"to":164,"title":"CORN-AD65D1: A coin issued by Lucilla","image_urls":["https://finds.org.uk/images/atyacke/LucillaRomeobv.jpg"]},{"from":164,"to":166,"title":"SUR-F80931: A coin issued by Lucilla","image_urls":["https://finds.org.uk/images/margaretb/09.481.JPG"]},{"from":164,"to":169,"title":"SUR-BC3095: A coin issued by Lucilla","image_urls":["https://finds.org.uk/images/margaretb/09.1180.JPG"]},{"from":164,"to":169,"title":"SWYOR-5D3E95: A coin issued by Lucilla","image_urls":["https://finds.org.uk/images/acooper/PAS_2407_coin.jpg"]},{"from":164,"to":169,"title":"NMGW-7FB5E1: A coin issued by Lucilla","image_urls":["https://finds.org.uk/images/mlodwick/2009.51.5.jpg"]},{"from":164,"to":169,"title":"CORN-4FE288: A coin issued by Lucilla","image_urls":["https://finds.org.uk/images/atyacke/Romcoin%20001.jpg"]},{"from":164,"to":169,"title":"DOR-2EDC74: A coin issued by Lucilla","image_urls":["https://finds.org.uk/images/caht/2EDC74.jpg"]},{"from":164,"to":169,"title":"BH-F812A8: A coin issued by Lucilla","image_urls":["https://finds.org.uk/images/jwatters/Roman%20coin%2008%2087%20-%201.jpg"]},{"from":164,"to":169,"title":"SUR-933001: A coin issued by Lucilla","image_urls":["https://finds.org.uk/images/dwilliams/B11-561.jpg"]},{"from":164,"to":169,"title":"SUSS-3BC851: A coin issued by Lucilla","image_urls":["https://finds.org.uk/images/tcrnlje/SUSS-3BC851.jpg"]},{"from":164,"to":165,"title":"BM-A7FA1C: A coin issued by Marcus Aurelius (as Augustus)","image_urls":["https://finds.org.uk/images/vdrost/BM_A7FA1C_r.JPG"]},{"from":164,"to":169,"title":"SUR-E96E43: A coin issued by Lucilla","image_urls":["https://finds.org.uk/images/dwilliams/11-1737.jpg"]},{"from":164,"to":169,"title":"IOW-046C61: A coin issued by Lucilla","image_urls":["https://finds.org.uk/images/fbasford/IOW2010-1-210.JPG"]},{"from":164,"to":169,"title":"LEIC-550E63: A coin issued by Lucilla","image_urls":["https://finds.org.uk/images/wscott/LEIC-550E63.jpg"]},{"from":164,"to":169,"title":"BUC-F7D130: A coin issued by Lucilla","image_urls":["https://finds.org.uk/images/rtyrrell/TC231.jpg"]},{"from":164,"to":169,"title":"BH-67CB33: A coin issued by Lucilla","image_urls":["https://finds.org.uk/images/jwatters/Hruzack%20007.jpg"]},{"from":164,"to":169,"title":"NCL-CC4924: A coin issued by Lucilla","image_urls":["https://finds.org.uk/images/pwalton/1412.jpg"]},{"from":164,"to":169,"title":"PUBLIC-0C3B52: A coin issued by Lucilla","image_urls":["https://finds.org.uk/images/calow1/FLE14940.JPG"]},{"from":164,"to":169,"title":"BM-864182: A coin issued by Lucilla","image_urls":["https://finds.org.uk/images/jasonlundock/5120.jpg"]},{"from":164,"to":169,"title":"HAMP-80CCB0: A coin issued by Lucilla","image_urls":["https://finds.org.uk/images/khindshamp/HAMP-80CCB0.jpg"]},{"from":164,"to":169,"title":"DEV-003955: A coin issued by Lucilla","image_urls":["https://finds.org.uk/images/npowell/bm21b4c3.jpg"]},{"from":164,"to":165,"title":"WAW-73E183: A coin issued by Marcus Aurelius (as Augustus)","image_urls":["https://finds.org.uk/images/abolton/WAW-73E183.jpg"]},{"from":164,"to":169,"title":"CAM-32F337: A coin issued by Lucilla","image_urls":["https://finds.org.uk/images/hfowler/CAM-32F337.jpg"]},{"from":164,"to":164,"title":"SWYOR-E7FD15: A coin issued by Marcus Aurelius (as Augustus)","image_urls":["https://finds.org.uk/images/acooper/PAS_720_sestertius.jpg"]},{"from":164,"to":169,"title":"IOW-2196A3: A coin issued by Lucilla","image_urls":["https://finds.org.uk/images/fbasford/IOW2013-5-162.JPG"]},{"from":164,"to":169,"title":"LIN-96B385: A coin issued by Lucilla","image_urls":["https://finds.org.uk/images/adaubney/LIN8501.JPG"]},{"from":164,"to":169,"title":"PUBLIC-715A81: A coin issued by Lucilla","image_urls":["https://finds.org.uk/images/calow1/FLE14.%20727.JPG"]},{"from":164,"to":169,"title":"PUBLIC-5E3298: A coin issued by Lucilla","image_urls":["https://finds.org.uk/images/calow1/FLE11.89.JPG"]},{"from":164,"to":169,"title":"HESH-D93A23: A coin issued by Lucilla","image_urls":["https://finds.org.uk/images/preavill/HESH-D93A23.jpg"]},{"from":164,"to":169,"title":"SF-6EC6C5: A coin issued by Lucilla","image_urls":["https://finds.org.uk/images/arw66/BTT_SF-6EC6C5.jpg"]},{"from":164,"to":169,"title":"LVPL-BAF656: A coin issued by Lucilla","image_urls":["https://finds.org.uk/images/voakden/LVPL-BAF656.JPG"]},{"from":164,"to":169,"title":"HAMP-194BF3: A coin issued by Lucilla","image_urls":["https://finds.org.uk/images/rwebley/HAMP-194BF3sestertius.jpg"]},{"from":164,"to":169,"title":"DUR-4986C4: A coin issued by Lucilla","image_urls":["https://finds.org.uk/images/emorris/DUR-4986C4.jpg"]},{"from":164,"to":169,"title":"DOR-F03396: A coin issued by Lucilla","image_urls":["https://finds.org.uk/images/caht/F03396.jpg"]},{"from":164,"to":169,"title":"CORN-9F0947: A coin issued by Lucilla","image_urls":["https://finds.org.uk/images/atyacke/Sept12finds0006.JPG"]},{"from":164,"to":169,"title":"LVPL-CFB955: A coin issued by Lucilla","image_urls":["https://finds.org.uk/images/voakden/LVPL-CFB955.jpg"]},{"from":164,"to":169,"title":"KENT-504EE6: A coin issued by Lucilla","image_urls":["https://finds.org.uk/images/ruiha/KENT-504EE6.jpg"]},{"from":164,"to":169,"title":"NARC-8CE165: A coin issued by Lucilla","image_urls":["https://finds.org.uk/images/rwebley/NARC-8CE165asobv.jpg"]},{"from":164,"to":169,"title":"DEV-C76317: A coin issued by Lucilla","image_urls":["https://finds.org.uk/images/dwootton/DEV-C76317-R113%20RELOADED.jpg"]},{"from":164,"to":169,"title":"SUSS-D82156: A coin issued by Lucilla","image_urls":["https://finds.org.uk/images/archer/SUSS-D82156.jpg"]},{"from":164,"to":169,"title":"HAMP-F91B32: A coin issued by Lucilla","image_urls":["https://finds.org.uk/images/kcreed/HAMP-F91B32FaustinaIIdenarius.jpg"]},{"from":164,"to":169,"title":"LEIC-C23096: A coin issued by Lucilla","image_urls":["https://finds.org.uk/images/wscott/C23096.JPG"]},{"from":164,"to":169,"title":"WAW-1347C2: A coin issued by Lucilla","image_urls":["https://finds.org.uk/images/rshenry/WAW-1347C2.jpg"]},{"from":164,"to":169,"title":"CAM-783331: A coin issued by Lucilla","image_urls":["https://finds.org.uk/images/pjw/CAM_783331.jpg"]},{"from":164,"to":169,"title":"CORN-BBB815: A coin issued by Lucilla","image_urls":["https://finds.org.uk/images/atyacke/Lucillasestertiusobv.jpg"]},{"from":164,"to":166,"title":"LVPL-F4E241: A coin issued by Lucilla","image_urls":["https://finds.org.uk/images/voakden/LVPL-F4E241.jpg"]},{"from":164,"to":169,"title":"YORYM-5193A6: A coin issued by Lucilla","image_urls":["https://finds.org.uk/images/law/RW0067.jpg"]},{"from":164,"to":169,"title":"LVPL-B6B6D3: A coin issued by Lucilla","image_urls":["https://finds.org.uk/images/voakden/emailedS.jpg"]},{"from":164,"to":169,"title":"IOW-856C00: A coin issued by Lucilla","image_urls":["https://finds.org.uk/images/fbasford/IOW2013-2-278.JPG"]},{"from":164,"to":169,"title":"SUR-33D3C6: A coin issued by Lucilla","image_urls":["https://finds.org.uk/images/dwilliams/04.564a.jpg"]},{"from":164,"to":169,"title":"ESS-76EF4E: A coin issued by Lucilla","image_urls":["https://finds.org.uk/images/bpaites/ESS-76EF4E.jpg"]},{"from":164,"to":169,"title":"BH-7E1E14: A coin issued by Lucilla","image_urls":["https://finds.org.uk/images/jwatters/Roman_coin_11_201_28.jpg"]},{"from":164,"to":169,"title":"WILT-F46544: A coin issued by Lucilla","image_urls":["https://finds.org.uk/images/acannings/Fuller0707denarius.jpg"]},{"from":164,"to":169,"title":"NARC-2B4055: A coin issued by Lucilla","image_urls":["https://finds.org.uk/images/tbrindle/NARC-2B4055denariusobv.jpg"]},{"from":164,"to":169,"title":"BH-6FF7E2: A coin issued by Lucilla","image_urls":["https://finds.org.uk/images/jwatters/Roman%20coin%2010%2055%20-%2010.jpg"]},{"from":164,"to":169,"title":"PUBLIC-E0EDF9: A coin issued by Lucilla","image_urls":["https://finds.org.uk/images/calow1/FLE14.%20822.JPG"]},{"from":164,"to":164,"title":"SUSS-4CCB24: A coin issued by Marcus Aurelius (as Augustus)","image_urls":["https://finds.org.uk/images/lburnett/SUSS-4CCB24.JPG"]},{"from":164,"to":169,"title":"BERK-923955: A coin issued by Lucilla","image_urls":["https://finds.org.uk/images/abyard/BERK923995.jpg"]},{"from":164,"to":165,"title":"HAMP1732: A coin issued by Marcus Aurelius (as Caesar)","image_urls":["https://finds.org.uk/images/sworrell/hamp%201732a.JPG"]},{"from":164,"to":164,"title":"CORN-1F8643: A coin issued by Lucilla","image_urls":["https://finds.org.uk/images/atyacke/DSCN8050.JPG"]},{"from":164,"to":169,"title":"NCL-2DA8E1: A coin issued by Lucilla","image_urls":["https://finds.org.uk/images/pwalton/278.jpg"]},{"from":164,"to":169,"title":"WAW-9DFB96: A coin issued by Lucilla","image_urls":["https://finds.org.uk/images/abolton/WAW-9DFB96.jpg"]},{"from":164,"to":165,"title":"BH-D824F2: A coin issued by Lucius Verus","image_urls":["https://finds.org.uk/images/jwatters/Roman%20coin%2007%2073%20-%205.jpg"]},{"from":164,"to":166,"title":"SWYOR-5E65B6: A coin issued by Lucilla","image_urls":["https://finds.org.uk/images/acooper/PAS_2282_cu_coin.jpg"]},{"from":164,"to":169,"title":"NLM-720B11: A coin issued by Lucilla","image_urls":["https://finds.org.uk/images/lstaves/NLM09849.jpg"]},{"from":164,"to":169,"title":"NARC-CBD3E0: A coin issued by Lucilla","image_urls":["https://finds.org.uk/images/jcassidy/NARC-CBD3E0%20obv.jpg"]},{"from":164,"to":169,"title":"IOW-1F0F36: A coin issued by Lucilla","image_urls":["https://finds.org.uk/images/fbasford/IOW2012-21-1.JPG"]},{"from":164,"to":169,"title":"WMID-A3A386: A coin issued by Lucilla","image_urls":["https://finds.org.uk/images/dslarke/webster%200208%20coin%202%20copy.jpg"]},{"from":164,"to":169,"title":"IOW-4CF141: A coin issued by Lucilla","image_urls":["https://finds.org.uk/images/fbasford/IOW2012-2-291.JPG"]},{"from":164,"to":165,"title":"LEIC-EEA583: A coin issued by Marcus Aurelius (as Augustus)","image_urls":["https://finds.org.uk/images/philharding/CAd2267c.jpg"]},{"from":164,"to":169,"title":"BUC-CAADC1: A coin issued by Lucilla","image_urls":["https://finds.org.uk/images/jmoss/TC45.jpg"]},{"from":164,"to":169,"title":"BH-196584: A coin issued by Lucilla","image_urls":["https://finds.org.uk/images/jwatters/Roman%20coin%2009%2088%20-%209.jpg"]},{"from":164,"to":169,"title":"WILT-A1FD42: A coin issued by Lucilla","image_urls":["https://finds.org.uk/images/rhenry2/WILT-A1FD42.jpg"]},{"from":164,"to":169,"title":"SUSS-E824D4: A coin issued by Lucilla","image_urls":["https://finds.org.uk/images/lburnett/SUSS-E824D4.JPG"]},{"from":164,"to":169,"title":"SUSS-4AB152: A coin issued by Lucilla","image_urls":["https://finds.org.uk/images/lwilson/1-188d.jpg"]},{"from":164,"to":169,"title":"DOR-04A795: A coin issued by Lucilla","image_urls":["https://finds.org.uk/images/caht/04A795.jpg"]},{"from":164,"to":169,"title":"CAM-F9F5A6: A coin issued by Lucilla","image_urls":["https://finds.org.uk/images/pjw/CAM_F9F5A6.jpg"]},{"from":164,"to":169,"title":"BH-9BE1B3: A coin issued by Lucilla","image_urls":["https://finds.org.uk/images/jwatters/Roman%20coin%200464-12%20obv.jpg"]},{"from":164,"to":165,"title":"RIC III Marcus Aurelius 1420. 1944.100.49594","image_urls":["http://numismatics.org/collectionimages/19001949/1944/1944.100.49594.rev.width350.jpg"]},{"from":164,"to":180,"title":"RIC III Marcus Aurelius 788. 1944.100.49615","image_urls":["http://numismatics.org/collectionimages/19001949/1944/1944.100.49615.rev.width350.jpg"]},{"from":164,"to":169,"title":"RIC III Marcus Aurelius 1756. 1906.236.425","image_urls":["http://numismatics.org/collectionimages/19001949/1906/1906.236.425.rev.width350.jpg"]},{"from":164,"to":180,"title":"RIC III Marcus Aurelius 757. 1956.127.1074","image_urls":["http://numismatics.org/collectionimages/19501999/1956/1956.127.1074.rev.width350.jpg"]},{"from":164,"to":180,"title":"RIC III Marcus Aurelius 784. 1956.127.1083","image_urls":["http://numismatics.org/collectionimages/19501999/1956/1956.127.1083.rev.width350.jpg"]},{"from":164,"to":180,"title":"RIC III Marcus Aurelius 758. 1956.127.1077","image_urls":["http://numismatics.org/collectionimages/19501999/1956/1956.127.1077.rev.width350.jpg"]},{"from":164,"to":180,"title":"RIC III Marcus Aurelius 772. 1990.26.5","image_urls":["http://numismatics.org/collectionimages/19501999/1990/1990.26.5.rev.width350.jpg"]},{"from":164,"to":180,"title":"RIC III Marcus Aurelius 770. 1944.100.49618","image_urls":["http://numismatics.org/collectionimages/19001949/1944/1944.100.49618.rev.width350.jpg"]},{"from":164,"to":169,"title":"RIC III Marcus Aurelius 1738. 1906.236.428","image_urls":["http://numismatics.org/collectionimages/19001949/1906/1906.236.428.rev.width350.jpg"]},{"from":164,"to":165,"title":"Billon Tetradrachm, Alexandreia, AD 164 - AD 165. 1944.100.61670","image_urls":["http://numismatics.org/collectionimages/19001949/1944/1944.100.61670.rev.width350.jpg"]},{"from":164,"to":169,"title":"RIC III Marcus Aurelius 1758. 1944.100.49630","image_urls":["http://numismatics.org/collectionimages/19001949/1944/1944.100.49630.rev.width350.jpg"]},{"from":164,"to":180,"title":"RIC III Marcus Aurelius 762. 1948.19.1375","image_urls":["http://numismatics.org/collectionimages/19001949/1948/1948.19.1375.rev.width350.jpg"]},{"from":164,"to":180,"title":"RIC III Marcus Aurelius 788. 1956.127.1086","image_urls":["http://numismatics.org/collectionimages/19501999/1956/1956.127.1086.rev.width350.jpg"]},{"from":164,"to":169,"title":"RIC III Marcus Aurelius 1756. 1944.100.49627","image_urls":["http://numismatics.org/collectionimages/19001949/1944/1944.100.49627.rev.width350.jpg"]},{"from":164,"to":165,"title":"Bronze Drachm, Alexandreia, AD 164 - AD 165. 1973.56.948","image_urls":["http://numismatics.org/collectionimages/19501999/1973/1973.56.948.rev.width350.jpg"]},{"from":164,"to":180,"title":"RIC III Marcus Aurelius 786. 1956.127.1102","image_urls":["http://numismatics.org/collectionimages/19501999/1956/1956.127.1102.rev.width350.jpg"]},{"from":164,"to":169,"title":"RIC III Marcus Aurelius 1766. 1987.26.288","image_urls":["http://numismatics.org/collectionimages/19501999/1987/1987.26.288.rev.width350.jpg"]},{"from":164,"to":169,"title":"RIC III Marcus Aurelius 1751. 1944.100.49633","image_urls":["http://numismatics.org/collectionimages/19001949/1944/1944.100.49633.rev.width350.jpg"]},{"from":164,"to":180,"title":"RIC III Marcus Aurelius 786. 1995.11.1476","image_urls":["http://numismatics.org/collectionimages/19501999/1995/1995.11.1476.rev.width350.jpg"]},{"from":164,"to":169,"title":"Bronze Medallion of Marcus Aurelius, Rome, AD 164 - AD 169. 1944.100.49638","image_urls":["http://numismatics.org/collectionimages/19001949/1944/1944.100.49638.rev.width350.jpg"]},{"from":164,"to":180,"title":"RIC III Marcus Aurelius 786. 1944.100.49621","image_urls":["http://numismatics.org/collectionimages/19001949/1944/1944.100.49621.rev.width350.jpg"]},{"from":164,"to":169,"title":"RIC III Marcus Aurelius 1751. 1980.187.22","image_urls":["http://numismatics.org/collectionimages/19501999/1980/1980.187.22.rev.width350.jpg"]},{"from":164,"to":165,"title":"RIC III Marcus Aurelius 128. 1972.62.27","image_urls":["http://numismatics.org/collectionimages/19501999/1972/1972.62.27.rev.width350.jpg"]},{"from":164,"to":169,"title":"RIC III Marcus Aurelius 1777. 1944.100.49636","image_urls":["http://numismatics.org/collectionimages/19001949/1944/1944.100.49636.rev.width350.jpg"]},{"from":164,"to":180,"title":"RIC III Marcus Aurelius 781. 1956.127.1095","image_urls":["http://numismatics.org/collectionimages/19501999/1956/1956.127.1095.rev.width350.jpg"]},{"from":164,"to":180,"title":"RIC III Marcus Aurelius 779. 1959.228.28","image_urls":["http://numismatics.org/collectionimages/19501999/1959/1959.228.28.rev.width350.jpg"]},{"from":164,"to":165,"title":"Bronze Drachm, Alexandreia, AD 164 - AD 165. 1944.100.61713","image_urls":["http://numismatics.org/collectionimages/19001949/1944/1944.100.61713.rev.width350.jpg"]},{"from":164,"to":165,"title":"RIC III Marcus Aurelius 132. 1956.127.807","image_urls":["http://numismatics.org/collectionimages/19501999/1956/1956.127.807.rev.width350.jpg"]},{"from":164,"to":165,"title":"RIC III Marcus Aurelius 901. 1944.100.49158","image_urls":["http://numismatics.org/collectionimages/19001949/1944/1944.100.49158.rev.width350.jpg"]},{"from":164,"to":180,"title":"RIC III Marcus Aurelius 788. 1956.127.1085","image_urls":["http://numismatics.org/collectionimages/19501999/1956/1956.127.1085.rev.width350.jpg"]},{"from":164,"to":169,"title":"RIC III Marcus Aurelius 1756. 1944.100.49626","image_urls":["http://numismatics.org/collectionimages/19001949/1944/1944.100.49626.rev.width350.jpg"]},{"from":164,"to":169,"title":"Bronze Medallion of Marcus Aurelius, Rome, AD 164 - AD 169. 1905.57.411","image_urls":["http://numismatics.org/collectionimages/19001949/1905/1905.57.411.rev.width350.jpg"]},{"from":164,"to":180,"title":"RIC III Marcus Aurelius 762. 1948.19.1374","image_urls":["http://numismatics.org/collectionimages/19001949/1948/1948.19.1374.rev.width350.jpg"]},{"from":164,"to":165,"title":"RIC III Marcus Aurelius 903. 1916.192.236","image_urls":["http://numismatics.org/collectionimages/19001949/1916/1916.192.236.rev.width350.jpg"]},{"from":164,"to":169,"title":"RIC III Marcus Aurelius 1746. 0000.999.21164","image_urls":["http://numismatics.org/collectionimages/00001899/0000/0000.999.21164.rev.width350.jpg"]},{"from":164,"to":180,"title":"RIC III Marcus Aurelius 786. 1956.127.1101","image_urls":["http://numismatics.org/collectionimages/19501999/1956/1956.127.1101.rev.width350.jpg"]},{"from":164,"to":180,"title":"RIC III Marcus Aurelius 772. 1956.127.1091","image_urls":["http://numismatics.org/collectionimages/19501999/1956/1956.127.1091.rev.width350.jpg"]},{"from":164,"to":180,"title":"RIC III Marcus Aurelius 777. 1959.228.24","image_urls":["http://numismatics.org/collectionimages/19501999/1959/1959.228.24.rev.width350.jpg"]},{"from":164,"to":165,"title":"RIC III Marcus Aurelius 1422. 1947.97.461","image_urls":["http://numismatics.org/collectionimages/19001949/1947/1947.97.461.rev.width350.jpg"]},{"from":164,"to":166,"title":"Bronze Sestertius of Marcus Aurelius, Rome, AD 164 - AD 166. 1995.11.983","image_urls":["http://numismatics.org/collectionimages/19501999/1995/1995.11.983.rev.width350.jpg"]},{"from":164,"to":165,"title":"Billon Tetradrachm, Alexandreia, AD 164 - AD 165. 1944.100.61671","image_urls":["http://numismatics.org/collectionimages/19001949/1944/1944.100.61671.rev.width350.jpg"]},{"from":164,"to":165,"title":"RIC III Marcus Aurelius 537. 1911.23.352","image_urls":["http://numismatics.org/collectionimages/19001949/1911/1911.23.352.rev.width350.jpg"]},{"from":164,"to":169,"title":"RIC III Marcus Aurelius 1742. 1995.11.1477","image_urls":["http://numismatics.org/collectionimages/19501999/1995/1995.11.1477.rev.width350.jpg"]},{"from":164,"to":180,"title":"RIC III Marcus Aurelius 786. 1956.127.1098","image_urls":["http://numismatics.org/collectionimages/19501999/1956/1956.127.1098.rev.width350.jpg"]},{"from":164,"to":169,"title":"RIC III Marcus Aurelius 1746. 1995.11.1483","image_urls":["http://numismatics.org/collectionimages/19501999/1995/1995.11.1483.rev.width350.jpg"]},{"from":164,"to":165,"title":"Billon Tetradrachm, Alexandreia, AD 164 - AD 165. 1944.100.61667","image_urls":["http://numismatics.org/collectionimages/19001949/1944/1944.100.61667.rev.width350.jpg"]},{"from":164,"to":169,"title":"RIC III Marcus Aurelius 1752. 1995.11.434","image_urls":["http://numismatics.org/collectionimages/19501999/1995/1995.11.434.rev.width350.jpg"]},{"from":164,"to":165,"title":"Billon Tetradrachm of Marcus Aurelius, Alexandreia, AD 164 - AD 165. 1973.56.881","image_urls":["http://numismatics.org/collectionimages/19501999/1973/1973.56.881.rev.width350.jpg"]},{"from":164,"to":169,"title":"RIC III Marcus Aurelius 1747. 1941.131.854","image_urls":["http://numismatics.org/collectionimages/19001949/1941/1941.131.854.rev.width350.jpg"]},{"from":164,"to":165,"title":"RIC III Marcus Aurelius 132. 1956.127.808","image_urls":["http://numismatics.org/collectionimages/19501999/1956/1956.127.808.rev.width350.jpg"]},{"from":164,"to":180,"title":"RIC III Marcus Aurelius 762. 1960.170.375","image_urls":["http://numismatics.org/collectionimages/19501999/1960/1960.170.375.rev.width350.jpg"]},{"from":164,"to":165,"title":"RIC III Marcus Aurelius 528. 1944.100.49563","image_urls":["http://numismatics.org/collectionimages/19001949/1944/1944.100.49563.rev.width350.jpg"]},{"from":164,"to":165,"title":"Billon Tetradrachm of Marcus Aurelius, Alexandreia, AD 164 - AD 165. 1944.100.61166","image_urls":["http://numismatics.org/collectionimages/19001949/1944/1944.100.61166.rev.width350.jpg"]},{"from":164,"to":165,"title":"Billon Tetradrachm, Alexandreia, AD 164 - AD 165. 1944.100.61676","image_urls":["http://numismatics.org/collectionimages/19001949/1944/1944.100.61676.rev.width350.jpg"]},{"from":164,"to":165,"title":"RIC III Marcus Aurelius 131. 1969.26.12","image_urls":["http://numismatics.org/collectionimages/19501999/1969/1969.26.12.rev.width350.jpg"]},{"from":164,"to":169,"title":"RIC III Marcus Aurelius 1751. 1995.11.431","image_urls":["http://numismatics.org/collectionimages/19501999/1995/1995.11.431.rev.width350.jpg"]},{"from":164,"to":165,"title":"Bronze Drachm, Alexandreia, AD 164 - AD 165. 1973.56.950","image_urls":["http://numismatics.org/collectionimages/19501999/1973/1973.56.950.rev.width350.jpg"]},{"from":164,"to":180,"title":"RIC III Marcus Aurelius 786. 1956.127.1097","image_urls":["http://numismatics.org/collectionimages/19501999/1956/1956.127.1097.rev.width350.jpg"]},{"from":164,"to":165,"title":"RIC III Marcus Aurelius 122A. 1944.100.49077","image_urls":["http://numismatics.org/collectionimages/19001949/1944/1944.100.49077.rev.width350.jpg"]},{"from":164,"to":180,"title":"RIC III Marcus Aurelius 781. 1997.19.1","image_urls":["http://numismatics.org/collectionimages/19501999/1997/1997.19.1.rev.width350.jpg"]},{"from":164,"to":180,"title":"RIC III Marcus Aurelius 784. 1956.127.1082","image_urls":["http://numismatics.org/collectionimages/19501999/1956/1956.127.1082.rev.width350.jpg"]},{"from":164,"to":165,"title":"RIC III Marcus Aurelius 1426. 1984.176.37","image_urls":["http://numismatics.org/collectionimages/19501999/1984/1984.176.37.rev.width350.jpg"]},{"from":164,"to":180,"title":"RIC III Marcus Aurelius 758. 1956.127.1076","image_urls":["http://numismatics.org/collectionimages/19501999/1956/1956.127.1076.rev.width350.jpg"]},{"from":164,"to":180,"title":"RIC III Marcus Aurelius 781. 1956.127.1093","image_urls":["http://numismatics.org/collectionimages/19501999/1956/1956.127.1093.rev.width350.jpg"]},{"from":164,"to":180,"title":"RIC III Marcus Aurelius 788. 1956.127.1087","image_urls":["http://numismatics.org/collectionimages/19501999/1956/1956.127.1087.rev.width350.jpg"]},{"from":164,"to":165,"title":"Bronze Drachm of Marcus Aurelius, Alexandreia, AD 164 - AD 165. 1944.100.61264","image_urls":["http://numismatics.org/collectionimages/19001949/1944/1944.100.61264.rev.width350.jpg"]},{"from":164,"to":180,"title":"RIC III Marcus Aurelius 790. 1959.228.26","image_urls":["http://numismatics.org/collectionimages/19501999/1959/1959.228.26.rev.width350.jpg"]},{"from":164,"to":169,"title":"RIC III Marcus Aurelius 1735. 1944.100.49622","image_urls":["http://numismatics.org/collectionimages/19001949/1944/1944.100.49622.rev.width350.jpg"]},{"from":164,"to":180,"title":"RIC III Marcus Aurelius 786. 1948.19.1379","image_urls":["http://numismatics.org/collectionimages/19001949/1948/1948.19.1379.rev.width350.jpg"]},{"from":164,"to":180,"title":"RIC III Marcus Aurelius 762. 1956.127.1081","image_urls":["http://numismatics.org/collectionimages/19501999/1956/1956.127.1081.rev.width350.jpg"]},{"from":164,"to":165,"title":"RIC III Marcus Aurelius 535. 1959.228.14","image_urls":["http://numismatics.org/collectionimages/19501999/1959/1959.228.14.rev.width350.jpg"]},{"from":164,"to":165,"title":"Bronze Drachm, Alexandreia, AD 164 - AD 165. 1944.100.61708","image_urls":["http://numismatics.org/collectionimages/19001949/1944/1944.100.61708.rev.width350.jpg"]},{"from":164,"to":169,"title":"RIC III Marcus Aurelius 1734. 1978.64.450","image_urls":["http://numismatics.org/collectionimages/19501999/1978/1978.64.450.rev.width350.jpg"]},{"from":164,"to":180,"title":"RIC III Marcus Aurelius 784. 1944.100.49614","image_urls":["http://numismatics.org/collectionimages/19001949/1944/1944.100.49614.rev.width350.jpg"]},{"from":164,"to":169,"title":"RIC III Marcus Aurelius 1741. 1944.100.49635","image_urls":["http://numismatics.org/collectionimages/19001949/1944/1944.100.49635.rev.width350.jpg"]},{"from":164,"to":165,"title":"Bronze Drachm, Alexandreia, AD 164 - AD 165. 1944.100.61774","image_urls":["http://numismatics.org/collectionimages/19001949/1944/1944.100.61774.rev.width350.jpg"]},{"from":164,"to":180,"title":"RIC III Marcus Aurelius 755. 1959.228.27","image_urls":["http://numismatics.org/collectionimages/19501999/1959/1959.228.27.rev.width350.jpg"]},{"from":164,"to":169,"title":"Silver Denarius of Marcus Aurelius, Rome, AD 164 - AD 169. 1948.19.1377","image_urls":["http://numismatics.org/collectionimages/19001949/1948/1948.19.1377.rev.width350.jpg"]},{"from":164,"to":180,"title":"RIC III Marcus Aurelius 786. 1956.127.1096","image_urls":["http://numismatics.org/collectionimages/19501999/1956/1956.127.1096.rev.width350.jpg"]},{"from":164,"to":165,"title":"RIC III Marcus Aurelius 534. 1944.100.49565","image_urls":["http://numismatics.org/collectionimages/19001949/1944/1944.100.49565.rev.width350.jpg"]},{"from":164,"to":165,"title":"RIC III Marcus Aurelius 125. 1944.100.49076","image_urls":["http://numismatics.org/collectionimages/19001949/1944/1944.100.49076.rev.width350.jpg"]},{"from":164,"to":169,"title":"RIC III Marcus Aurelius 1752. 1944.100.49637","image_urls":["http://numismatics.org/collectionimages/19001949/1944/1944.100.49637.rev.width350.jpg"]},{"from":164,"to":169,"title":"RIC III Marcus Aurelius 1746. 1980.187.23","image_urls":["http://numismatics.org/collectionimages/19501999/1980/1980.187.23.rev.width350.jpg"]},{"from":164,"to":180,"title":"RIC III Marcus Aurelius 757. 1956.127.1075","image_urls":["http://numismatics.org/collectionimages/19501999/1956/1956.127.1075.rev.width350.jpg"]},{"from":164,"to":180,"title":"RIC III Marcus Aurelius 786. 1956.127.1099","image_urls":["http://numismatics.org/collectionimages/19501999/1956/1956.127.1099.rev.width350.jpg"]},{"from":164,"to":169,"title":"RIC III Marcus Aurelius 1776. 1995.11.1481","image_urls":["http://numismatics.org/collectionimages/19501999/1995/1995.11.1481.rev.width350.jpg"]},{"from":164,"to":180,"title":"RIC III Marcus Aurelius 771. 1995.11.1475","image_urls":["http://numismatics.org/collectionimages/19501999/1995/1995.11.1475.rev.width350.jpg"]},{"from":164,"to":180,"title":"RIC III Marcus Aurelius 759. 1944.100.49617","image_urls":["http://numismatics.org/collectionimages/19001949/1944/1944.100.49617.rev.width350.jpg"]},{"from":164,"to":169,"title":"RIC III Marcus Aurelius 1770. 1906.236.427","image_urls":["http://numismatics.org/collectionimages/19001949/1906/1906.236.427.rev.width350.jpg"]},{"from":164,"to":165,"title":"Bronze Drachm of Marcus Aurelius, Alexandreia, AD 164 - AD 165. 1944.100.61267","image_urls":["http://numismatics.org/collectionimages/19001949/1944/1944.100.61267.rev.width350.jpg"]},{"from":164,"to":169,"title":"RIC III Marcus Aurelius 1776. 1978.64.447","image_urls":["http://numismatics.org/collectionimages/19501999/1978/1978.64.447.rev.width350.jpg"]},{"from":164,"to":169,"title":"RIC III Marcus Aurelius 1747. 1935.117.445","image_urls":["http://numismatics.org/collectionimages/19001949/1935/1935.117.445.rev.width350.jpg"]},{"from":164,"to":169,"title":"RIC III Marcus Aurelius 1756. 1947.2.501","image_urls":["http://numismatics.org/collectionimages/19001949/1947/1947.2.501.rev.width350.jpg"]},{"from":164,"to":165,"title":"RIC III Marcus Aurelius 1417. 0000.999.21161","image_urls":["http://numismatics.org/collectionimages/00001899/0000/0000.999.21161.rev.width350.jpg"]},{"from":164,"to":169,"title":"RIC III Marcus Aurelius 1738. 1944.100.49632","image_urls":["http://numismatics.org/collectionimages/19001949/1944/1944.100.49632.rev.width350.jpg"]},{"from":164,"to":169,"title":"RIC III Marcus Aurelius 1728. 1995.11.433","image_urls":["http://numismatics.org/collectionimages/19501999/1995/1995.11.433.rev.width350.jpg"]},{"from":164,"to":180,"title":"RIC III Marcus Aurelius 762. 1956.127.1079","image_urls":["http://numismatics.org/collectionimages/19501999/1956/1956.127.1079.rev.width350.jpg"]},{"from":164,"to":180,"title":"RIC III Marcus Aurelius 788. 1956.127.1088","image_urls":["http://numismatics.org/collectionimages/19501999/1956/1956.127.1088.rev.width350.jpg"]},{"from":164,"to":180,"title":"RIC III Marcus Aurelius 786. 1944.100.49620","image_urls":["http://numismatics.org/collectionimages/19001949/1944/1944.100.49620.rev.width350.jpg"]},{"from":164,"to":169,"title":"RIC III Marcus Aurelius 1768. 1906.236.430","image_urls":["http://numismatics.org/collectionimages/19001949/1906/1906.236.430.rev.width350.jpg"]},{"from":164,"to":169,"title":"RIC III Marcus Aurelius 1779. 1944.100.49629","image_urls":["http://numismatics.org/collectionimages/19001949/1944/1944.100.49629.rev.width350.jpg"]},{"from":164,"to":180,"title":"RIC III Marcus Aurelius 757. 1956.127.1073","image_urls":["http://numismatics.org/collectionimages/19501999/1956/1956.127.1073.rev.width350.jpg"]},{"from":164,"to":165,"title":"RIC III Marcus Aurelius 909. 1995.11.1002","image_urls":["http://numismatics.org/collectionimages/19501999/1995/1995.11.1002.rev.width350.jpg"]},{"from":164,"to":165,"title":"Billon Tetradrachm of Marcus Aurelius, Alexandreia, AD 164 - AD 165. 1944.100.61177","image_urls":["http://numismatics.org/collectionimages/19001949/1944/1944.100.61177.rev.width350.jpg"]},{"from":164,"to":169,"title":"RIC III Marcus Aurelius 1756. 1995.11.1478","image_urls":["http://numismatics.org/collectionimages/19501999/1995/1995.11.1478.rev.width350.jpg"]},{"from":164,"to":180,"title":"RIC III Marcus Aurelius 786. 1941.131.853","image_urls":["http://numismatics.org/collectionimages/19001949/1941/1941.131.853.rev.width350.jpg"]},{"from":164,"to":165,"title":"RIC III Marcus Aurelius 1424. 1944.100.49595","image_urls":["http://numismatics.org/collectionimages/19001949/1944/1944.100.49595.rev.width350.jpg"]},{"from":164,"to":165,"title":"Silver Tetradrachm, Seleuceia ad Tigrim, AD 164 - AD 165. 1944.100.83416","image_urls":["http://numismatics.org/collectionimages/19001949/1944/1944.100.83416.rev.width350.jpg"]},{"from":164,"to":169,"title":"RIC III Marcus Aurelius 1752. 1974.95.155","image_urls":["http://numismatics.org/collectionimages/19501999/1974/1974.95.155.rev.width350.jpg"]},{"from":164,"to":180,"title":"RIC III Marcus Aurelius 783. 1980.109.167","image_urls":["http://numismatics.org/collectionimages/19501999/1980/1980.109.167.rev.width350.jpg"]},{"from":164,"to":180,"title":"RIC III Marcus Aurelius 771. 1997.77.2","image_urls":["http://numismatics.org/collectionimages/19501999/1997/1997.77.2.rev.width350.jpg"]},{"from":164,"to":169,"title":"RIC III Marcus Aurelius 1742. 1944.100.49623","image_urls":["http://numismatics.org/collectionimages/19001949/1944/1944.100.49623.rev.width350.jpg"]},{"from":164,"to":169,"title":"RIC III Marcus Aurelius 1742. 1951.189.1","image_urls":["http://numismatics.org/collectionimages/19501999/1951/1951.189.1.rev.width350.jpg"]},{"from":164,"to":169,"title":"RIC III Marcus Aurelius 1776. 1975.102.3","image_urls":["http://numismatics.org/collectionimages/19501999/1975/1975.102.3.rev.width350.jpg"]},{"from":164,"to":165,"title":"Billon Tetradrachm, Alexandreia, AD 164 - AD 165. 1944.100.61673","image_urls":["http://numismatics.org/collectionimages/19001949/1944/1944.100.61673.rev.width350.jpg"]},{"from":164,"to":180,"title":"RIC III Marcus Aurelius 775. 1911.23.354","image_urls":["http://numismatics.org/collectionimages/19001949/1911/1911.23.354.rev.width350.jpg"]},{"from":164,"to":169,"title":"RIC III Marcus Aurelius 1763. 1995.11.1479","image_urls":["http://numismatics.org/collectionimages/19501999/1995/1995.11.1479.rev.width350.jpg"]},{"from":164,"to":165,"title":"RIC III Marcus Aurelius 124. 1944.100.49074","image_urls":["http://numismatics.org/collectionimages/19001949/1944/1944.100.49074.rev.width350.jpg"]},{"from":164,"to":165,"title":"RIC III Marcus Aurelius 123. 1985.140.131","image_urls":["http://numismatics.org/collectionimages/19501999/1985/1985.140.131.rev.width350.jpg"]},{"from":164,"to":165,"title":"Bronze Drachm of Marcus Aurelius, Alexandreia, AD 164 - AD 165. 1944.100.61265","image_urls":["http://numismatics.org/collectionimages/19001949/1944/1944.100.61265.rev.width350.jpg"]},{"from":164,"to":165,"title":"Bronze Hemidrachm, Alexandreia, AD 164 - AD 165. 1975.160.8","image_urls":["http://numismatics.org/collectionimages/19501999/1975/1975.160.8.rev.width350.jpg"]},{"from":164,"to":169,"title":"RIC III Marcus Aurelius 1732. 1988.5.59","image_urls":["http://numismatics.org/collectionimages/19501999/1988/1988.5.59.rev.width350.jpg"]},{"from":164,"to":180,"title":"RIC III Marcus Aurelius 781. 1956.127.1094","image_urls":["http://numismatics.org/collectionimages/19501999/1956/1956.127.1094.rev.width350.jpg"]},{"from":164,"to":169,"title":"RIC III Marcus Aurelius 1742. 1974.26.1153","image_urls":["http://numismatics.org/collectionimages/19501999/1974/1974.26.1153.rev.width350.jpg"]},{"from":164,"to":165,"title":"Billon Tetradrachm, Alexandreia, AD 164 - AD 165. 1944.100.61666","image_urls":["http://numismatics.org/collectionimages/19001949/1944/1944.100.61666.rev.width350.jpg"]},{"from":164,"to":165,"title":"Billon Tetradrachm, Alexandreia, AD 164 - AD 165. 1975.160.7","image_urls":["http://numismatics.org/collectionimages/19501999/1975/1975.160.7.rev.width350.jpg"]},{"from":164,"to":180,"title":"RIC III Marcus Aurelius 757. 1974.26.1152","image_urls":["http://numismatics.org/collectionimages/19501999/1974/1974.26.1152.rev.width350.jpg"]},{"from":164,"to":169,"title":"RIC III Marcus Aurelius 1741. 1944.100.49634","image_urls":["http://numismatics.org/collectionimages/19001949/1944/1944.100.49634.rev.width350.jpg"]},{"from":164,"to":169,"title":"RIC III Marcus Aurelius 1763. 1944.100.49628","image_urls":["http://numismatics.org/collectionimages/19001949/1944/1944.100.49628.rev.width350.jpg"]},{"from":164,"to":180,"title":"RIC III Marcus Aurelius 788. 1948.19.1376","image_urls":["http://numismatics.org/collectionimages/19001949/1948/1948.19.1376.rev.width350.jpg"]},{"from":164,"to":169,"title":"RIC III Marcus Aurelius 1779. 1957.172.1760","image_urls":["http://numismatics.org/collectionimages/19501999/1957/1957.172.1760.rev.width350.jpg"]},{"from":164,"to":165,"title":"Bronze Drachm, Alexandreia, AD 164 - AD 165. 1944.100.61773","image_urls":["http://numismatics.org/collectionimages/19001949/1944/1944.100.61773.rev.width350.jpg"]},{"from":164,"to":165,"title":"RIC III Marcus Aurelius 132. 1911.23.298","image_urls":["http://numismatics.org/collectionimages/19001949/1911/1911.23.298.rev.width350.jpg"]},{"from":164,"to":169,"title":"RIC III Marcus Aurelius 1738. 1980.109.349","image_urls":["http://numismatics.org/collectionimages/19501999/1980/1980.109.349.rev.width350.jpg"]},{"from":164,"to":169,"title":"RIC III Marcus Aurelius 1747. 1944.100.49625","image_urls":["http://numismatics.org/collectionimages/19001949/1944/1944.100.49625.rev.width350.jpg"]},{"from":164,"to":180,"title":"RIC III Marcus Aurelius 760. 1948.19.1373","image_urls":["http://numismatics.org/collectionimages/19001949/1948/1948.19.1373.rev.width350.jpg"]},{"from":164,"to":180,"title":"RIC III Marcus Aurelius 774. 1959.228.23","image_urls":["http://numismatics.org/collectionimages/19501999/1959/1959.228.23.rev.width350.jpg"]},{"from":164,"to":180,"title":"RIC III Marcus Aurelius 784. 1956.127.1084","image_urls":["http://numismatics.org/collectionimages/19501999/1956/1956.127.1084.rev.width350.jpg"]},{"from":164,"to":165,"title":"RIC III Marcus Aurelius 122. 1941.131.840","image_urls":["http://numismatics.org/collectionimages/19001949/1941/1941.131.840.rev.width350.jpg"]},{"from":164,"to":165,"title":"RIC III Marcus Aurelius 529. 1944.100.49564","image_urls":["http://numismatics.org/collectionimages/19001949/1944/1944.100.49564.rev.width350.jpg"]},{"from":164,"to":165,"title":"Bronze Drachm of Marcus Aurelius, Alexandreia, AD 164 - AD 165. 1944.100.61266","image_urls":["http://numismatics.org/collectionimages/19001949/1944/1944.100.61266.rev.width350.jpg"]},{"from":164,"to":180,"title":"RIC III Marcus Aurelius 757. 1995.11.1474","image_urls":["http://numismatics.org/collectionimages/19501999/1995/1995.11.1474.rev.width350.jpg"]},{"from":164,"to":165,"title":"RIC III Marcus Aurelius 124. 1944.100.49075","image_urls":["http://numismatics.org/collectionimages/19001949/1944/1944.100.49075.rev.width350.jpg"]},{"from":164,"to":169,"title":"RIC III Marcus Aurelius 1756. 1916.192.252","image_urls":["http://numismatics.org/collectionimages/19001949/1916/1916.192.252.rev.width350.jpg"]},{"from":164,"to":169,"title":"RIC III Marcus Aurelius 1763. 1906.236.426","image_urls":["http://numismatics.org/collectionimages/19001949/1906/1906.236.426.rev.width350.jpg"]},{"from":164,"to":169,"title":"RIC III Marcus Aurelius 1747. 1995.11.1480","image_urls":["http://numismatics.org/collectionimages/19501999/1995/1995.11.1480.rev.width350.jpg"]},{"from":164,"to":180,"title":"RIC III Marcus Aurelius 791. 1935.117.444","image_urls":["http://numismatics.org/collectionimages/19001949/1935/1935.117.444.rev.width350.jpg"]},{"from":164,"to":180,"title":"RIC III Marcus Aurelius 791. 1944.100.49616","image_urls":["http://numismatics.org/collectionimages/19001949/1944/1944.100.49616.rev.width350.jpg"]},{"from":164,"to":165,"title":"RIC III Marcus Aurelius 529. 1948.19.1364","image_urls":["http://numismatics.org/collectionimages/19001949/1948/1948.19.1364.rev.width350.jpg"]},{"from":164,"to":169,"title":"RIC III Marcus Aurelius 1755. 1906.236.429","image_urls":["http://numismatics.org/collectionimages/19001949/1906/1906.236.429.rev.width350.jpg"]},{"from":164,"to":180,"title":"RIC III Marcus Aurelius 757. 1905.57.410","image_urls":["http://numismatics.org/collectionimages/19001949/1905/1905.57.410.rev.width350.jpg"]},{"from":164,"to":169,"title":"RIC III Marcus Aurelius 1738. 1995.11.432","image_urls":["http://numismatics.org/collectionimages/19501999/1995/1995.11.432.rev.width350.jpg"]},{"from":164,"to":180,"title":"RIC III Marcus Aurelius 758. 1956.127.1078","image_urls":["http://numismatics.org/collectionimages/19501999/1956/1956.127.1078.rev.width350.jpg"]},{"from":164,"to":169,"title":"Silver Denarius of Marcus Aurelius, Rome, AD 164 - AD 169. 1956.127.1090","image_urls":["http://numismatics.org/collectionimages/19501999/1956/1956.127.1090.rev.width350.jpg"]},{"from":164,"to":180,"title":"RIC III Marcus Aurelius 781. 1944.100.49619","image_urls":["http://numismatics.org/collectionimages/19001949/1944/1944.100.49619.rev.width350.jpg"]},{"from":164,"to":169,"title":"RIC III Marcus Aurelius 1774. 1944.100.49631","image_urls":["http://numismatics.org/collectionimages/19001949/1944/1944.100.49631.rev.width350.jpg"]},{"from":164,"to":165,"title":"RIC III Marcus Aurelius 908. 1944.100.49157","image_urls":["http://numismatics.org/collectionimages/19001949/1944/1944.100.49157.rev.width350.jpg"]},{"from":164,"to":165,"title":"Billon Tetradrachm, Alexandreia, AD 164 - AD 165. 1944.100.61674","image_urls":["http://numismatics.org/collectionimages/19001949/1944/1944.100.61674.rev.width350.jpg"]},{"from":164,"to":169,"title":"RIC III Marcus Aurelius 1763. 1941.131.855","image_urls":["http://numismatics.org/collectionimages/19001949/1941/1941.131.855.rev.width350.jpg"]},{"from":164,"to":180,"title":"RIC III Marcus Aurelius 757. 1944.100.49613","image_urls":["http://numismatics.org/collectionimages/19001949/1944/1944.100.49613.rev.width350.jpg"]},{"from":164,"to":180,"title":"RIC III Marcus Aurelius 772. 1956.127.1092","image_urls":["http://numismatics.org/collectionimages/19501999/1956/1956.127.1092.rev.width350.jpg"]},{"from":164,"to":180,"title":"RIC III Marcus Aurelius 790. 1959.228.25","image_urls":["http://numismatics.org/collectionimages/19501999/1959/1959.228.25.rev.width350.jpg"]},{"from":164,"to":165,"title":"RIC III Marcus Aurelius 893. 1944.100.49159","image_urls":["http://numismatics.org/collectionimages/19001949/1944/1944.100.49159.rev.width350.jpg"]},{"from":164,"to":180,"title":"RIC III Marcus Aurelius 781. 1911.23.355","image_urls":["http://numismatics.org/collectionimages/19001949/1911/1911.23.355.rev.width350.jpg"]},{"from":164,"to":169,"title":"Silver Denarius of Marcus Aurelius, Rome, AD 164 - AD 169. 1948.19.1378","image_urls":["http://numismatics.org/collectionimages/19001949/1948/1948.19.1378.rev.width350.jpg"]},{"from":164,"to":180,"title":"RIC III Marcus Aurelius 762. 1987.26.177","image_urls":["http://numismatics.org/collectionimages/19501999/1987/1987.26.177.rev.width350.jpg"]},{"from":164,"to":180,"title":"RIC III Marcus Aurelius 762. 1956.127.1080","image_urls":["http://numismatics.org/collectionimages/19501999/1956/1956.127.1080.rev.width350.jpg"]},{"from":164,"to":180,"title":"RIC III Marcus Aurelius 791. 1956.127.1089","image_urls":["http://numismatics.org/collectionimages/19501999/1956/1956.127.1089.rev.width350.jpg"]},{"from":164,"to":169,"title":"RIC III Marcus Aurelius 1777. 1995.11.1482","image_urls":["http://numismatics.org/collectionimages/19501999/1995/1995.11.1482.rev.width350.jpg"]},{"from":164,"to":180,"title":"RIC III Marcus Aurelius 786. 1956.127.1100","image_urls":["http://numismatics.org/collectionimages/19501999/1956/1956.127.1100.rev.width350.jpg"]},{"from":164,"to":165,"title":"Bronze Drachm of Marcus Aurelius, Alexandreia, AD 164 - AD 165. 1944.100.61354","image_urls":["http://numismatics.org/collectionimages/19001949/1944/1944.100.61354.rev.width350.jpg"]},{"from":164,"to":169,"title":"RIC III Marcus Aurelius 1747. 1944.100.49624","image_urls":["http://numismatics.org/collectionimages/19001949/1944/1944.100.49624.rev.width350.jpg"]}]