[{"from":165,"to":166,"title":"NLM-30C104: A coin issued by Marcus Aurelius (as Augustus)","image_urls":["https://finds.org.uk/images/mforeman/NLM17791.jpg"]},{"from":165,"to":165,"title":"YORYM-8FC205: A coin issued by Lucius Verus","image_urls":["https://finds.org.uk/images/law/BR0319.jpg"]},{"from":165,"to":169,"title":"PUBLIC-4D2A06: A coin issued by Lucilla","image_urls":["https://finds.org.uk/images/calow1/FLE14.%20581.JPG"]},{"from":165,"to":166,"title":"IOW-DF4231: A coin issued by Marcus Aurelius (as Augustus)","image_urls":["https://finds.org.uk/images/fbasford/IOW2010-2-440.JPG"]},{"from":165,"to":169,"title":"IOW-015D05: A coin issued by Lucilla","image_urls":["https://finds.org.uk/images/fbasford/IOW2003-81-2o%26r.JPG"]},{"from":165,"to":166,"title":"NCL-62F621: A coin issued by Marcus Aurelius (as Augustus)","image_urls":["https://finds.org.uk/images/rcollins/NCL-62F621.jpg"]},{"from":165,"to":166,"title":"NARC-34DEA0: A coin issued by Marcus Aurelius (as Augustus)","image_urls":["https://finds.org.uk/images/jcassidy/NARC-34DEA0%20b.jpg"]},{"from":165,"to":165,"title":"WILT-A5D4F4: A coin issued by Marcus Aurelius (as Augustus)","image_urls":["https://finds.org.uk/images/rhenry2/WILT-A5D4F4.jpg"]},{"from":165,"to":180,"title":"PUBLIC-49DEA4: A coin issued by Lucilla","image_urls":["https://finds.org.uk/images/calow1/FLE12.%20256.JPG"]},{"from":165,"to":166,"title":"NMS-75885C: A coin issued by Lucius Verus","image_urls":["https://finds.org.uk/images/amarsden/KLMD102014luciusverussest.jpg"]},{"from":165,"to":166,"title":"HAMP-0F0592: A coin issued by Marcus Aurelius (as Augustus)","image_urls":["https://finds.org.uk/images/catherineo92/HAMP0F0592.jpg"]},{"from":165,"to":165,"title":"CAM-BA2BE1: A coin issued by Marcus Aurelius (as Augustus)","image_urls":["https://finds.org.uk/images/hfowler/CAM-BA2BE1.jpg"]},{"from":165,"to":166,"title":"YORYM-89A855: A coin issued by Marcus Aurelius (as Augustus)","image_urls":["https://finds.org.uk/images/law/CB0040.jpg"]},{"from":165,"to":169,"title":"BERK-32A293: A coin issued by Lucilla","image_urls":["https://finds.org.uk/images/abyard/2012055.jpg"]},{"from":165,"to":166,"title":"SUR-2B9A88: A coin issued by Marcus Aurelius (as Augustus)","image_urls":["https://finds.org.uk/images/dwilliams/B14-443.JPG"]},{"from":165,"to":165,"title":"BERK-BA0C13: A coin issued by Lucius Verus","image_urls":["https://finds.org.uk/images/abyard/2010681.jpg"]},{"from":165,"to":166,"title":"BM-4EF587: A coin issued by Lucius Verus","image_urls":["https://finds.org.uk/images/jasonlundock/1131.jpg"]},{"from":165,"to":165,"title":"BERK-0011A8: A coin issued by Lucius Verus","image_urls":["https://finds.org.uk/images/cburrill/Denarius%20of%20Lucius%20Verus.jpg"]},{"from":165,"to":166,"title":"NARC-E5E906: A coin issued by Lucius Verus","image_urls":["https://finds.org.uk/images/tbrindle/NARC-E5E906sestertiusobv.jpg"]},{"from":165,"to":175,"title":"BH-EB3304: A coin issued by Faustina II","image_urls":["https://finds.org.uk/images/jwatters/Roman%20coin%2009%20184%20-%203.jpg"]},{"from":165,"to":169,"title":"PUBLIC-E3E014: A coin issued by Lucilla","image_urls":["https://finds.org.uk/images/calow1/FLE12.%20240.JPG"]},{"from":165,"to":166,"title":"IOW-F9FA46: A coin issued by Lucius Verus","image_urls":["https://finds.org.uk/images/fbasford/IOW2014-4-98.JPG"]},{"from":165,"to":166,"title":"Bronze Drachm of Marcus Aurelius, Alexandreia, AD 165 - AD 166. 1944.100.61275","image_urls":["http://numismatics.org/collectionimages/19001949/1944/1944.100.61275.rev.width350.jpg"]},{"from":165,"to":166,"title":"RIC III Marcus Aurelius 549. 1944.100.49567","image_urls":["http://numismatics.org/collectionimages/19001949/1944/1944.100.49567.rev.width350.jpg"]},{"from":165,"to":166,"title":"Bronze Obol of Marcus Aurelius, Alexandreia, AD 165 - AD 166. 1944.100.61289","image_urls":["http://numismatics.org/collectionimages/19001949/1944/1944.100.61289.rev.width350.jpg"]},{"from":165,"to":166,"title":"RIC III Marcus Aurelius 1448. 1944.100.49600","image_urls":["http://numismatics.org/collectionimages/19001949/1944/1944.100.49600.rev.width350.jpg"]},{"from":165,"to":166,"title":"Bronze Drachm, Alexandreia, AD 165 - AD 166. 1944.100.61760","image_urls":["http://numismatics.org/collectionimages/19001949/1944/1944.100.61760.rev.width350.jpg"]},{"from":165,"to":166,"title":"RIC III Marcus Aurelius 149. 1956.127.813","image_urls":["http://numismatics.org/collectionimages/19501999/1956/1956.127.813.rev.width350.jpg"]},{"from":165,"to":166,"title":"Bronze Drachm, Alexandreia, AD 165 - AD 166. 1944.100.61604","image_urls":["http://numismatics.org/collectionimages/19001949/1944/1944.100.61604.rev.width350.jpg"]},{"from":165,"to":166,"title":"RIC III Marcus Aurelius 553. 1944.100.49569","image_urls":["http://numismatics.org/collectionimages/19001949/1944/1944.100.49569.rev.width350.jpg"]},{"from":165,"to":166,"title":"RIC III Marcus Aurelius 146. 1995.11.136","image_urls":["http://numismatics.org/collectionimages/19501999/1995/1995.11.136.rev.width350.jpg"]},{"from":165,"to":166,"title":"Bronze Drachm of Marcus Aurelius, Alexandreia, AD 165 - AD 166. 1944.100.61281","image_urls":["http://numismatics.org/collectionimages/19001949/1944/1944.100.61281.rev.width350.jpg"]},{"from":165,"to":166,"title":"Bronze Drachm, Alexandreia, AD 165 - AD 166. 1973.56.951","image_urls":["http://numismatics.org/collectionimages/19501999/1973/1973.56.951.rev.width350.jpg"]},{"from":165,"to":166,"title":"Bronze Drachm, Alexandreia, AD 165 - AD 166. 1944.100.61737","image_urls":["http://numismatics.org/collectionimages/19001949/1944/1944.100.61737.rev.width350.jpg"]},{"from":165,"to":166,"title":"RIC III Marcus Aurelius 921. 1944.100.49162","image_urls":["http://numismatics.org/collectionimages/19001949/1944/1944.100.49162.rev.width350.jpg"]},{"from":165,"to":166,"title":"Bronze Drachm, Alexandreia, AD 165 - AD 166. 1944.100.61722","image_urls":["http://numismatics.org/collectionimages/19001949/1944/1944.100.61722.rev.width350.jpg"]},{"from":165,"to":166,"title":"RIC III Marcus Aurelius 1440. 1944.100.49596","image_urls":["http://numismatics.org/collectionimages/19001949/1944/1944.100.49596.rev.width350.jpg"]},{"from":165,"to":166,"title":"RIC III Marcus Aurelius 555. 1905.57.406","image_urls":["http://numismatics.org/collectionimages/19001949/1905/1905.57.406.rev.width350.jpg"]},{"from":165,"to":166,"title":"RIC III Marcus Aurelius 157. 1944.100.49080","image_urls":["http://numismatics.org/collectionimages/19001949/1944/1944.100.49080.rev.width350.jpg"]},{"from":165,"to":166,"title":"RIC III Marcus Aurelius 148. 1956.127.811","image_urls":["http://numismatics.org/collectionimages/19501999/1956/1956.127.811.rev.width350.jpg"]},{"from":165,"to":166,"title":"Bronze Drachm of Marcus Aurelius, Alexandreia, AD 165 - AD 166. 1944.100.61274","image_urls":["http://numismatics.org/collectionimages/19001949/1944/1944.100.61274.rev.width350.jpg"]},{"from":165,"to":166,"title":"RIC III Marcus Aurelius 1440. 1974.140.87","image_urls":["http://numismatics.org/collectionimages/19501999/1974/1974.140.87.rev.width350.jpg"]},{"from":165,"to":166,"title":"Billon Tetradrachm, Alexandreia, AD 165 - AD 166. 1974.26.3870","image_urls":["http://numismatics.org/collectionimages/19501999/1974/1974.26.3870.rev.width350.jpg"]},{"from":165,"to":166,"title":"Bronze Drachm of Marcus Aurelius, Alexandreia, AD 165 - AD 166. 1944.100.61280","image_urls":["http://numismatics.org/collectionimages/19001949/1944/1944.100.61280.rev.width350.jpg"]},{"from":165,"to":166,"title":"Bronze Obol of Marcus Aurelius, Alexandreia, AD 165 - AD 166. 1944.100.61361","image_urls":["http://numismatics.org/collectionimages/19001949/1944/1944.100.61361.rev.width350.jpg"]},{"from":165,"to":166,"title":"Bronze Drachm, Alexandreia, AD 165 - AD 166. 1944.100.61736","image_urls":["http://numismatics.org/collectionimages/19001949/1944/1944.100.61736.rev.width350.jpg"]},{"from":165,"to":166,"title":"Silver Tetradrachm, Seleuceia ad Tigrim, AD 165 - AD 166. 1944.100.83417","image_urls":["http://numismatics.org/collectionimages/19001949/1944/1944.100.83417.rev.width350.jpg"]},{"from":165,"to":166,"title":"RIC III Marcus Aurelius 923. 1944.100.49161","image_urls":["http://numismatics.org/collectionimages/19001949/1944/1944.100.49161.rev.width350.jpg"]},{"from":165,"to":166,"title":"Bronze Drachm, Alexandreia, AD 165 - AD 166. 1944.100.61732","image_urls":["http://numismatics.org/collectionimages/19001949/1944/1944.100.61732.rev.width350.jpg"]},{"from":165,"to":166,"title":"Bronze Drachm of Marcus Aurelius, Alexandreia, AD 165 - AD 166. 1944.100.61357","image_urls":["http://numismatics.org/collectionimages/19001949/1944/1944.100.61357.rev.width350.jpg"]},{"from":165,"to":166,"title":"RIC III Marcus Aurelius 1454. 1944.100.49598","image_urls":["http://numismatics.org/collectionimages/19001949/1944/1944.100.49598.rev.width350.jpg"]},{"from":165,"to":166,"title":"RIC III Marcus Aurelius 1448. 1975.226.86","image_urls":["http://numismatics.org/collectionimages/19501999/1975/1975.226.86.rev.width350.jpg"]},{"from":165,"to":166,"title":"Bronze Drachm of Marcus Aurelius, Alexandreia, AD 165 - AD 166. 1944.100.61291","image_urls":["http://numismatics.org/collectionimages/19001949/1944/1944.100.61291.rev.width350.jpg"]},{"from":165,"to":166,"title":"RIC III Marcus Aurelius 154. 1966.62.17","image_urls":["http://numismatics.org/collectionimages/19501999/1966/1966.62.17.rev.width350.jpg"]},{"from":165,"to":166,"title":"Bronze Drachm, Alexandreia, AD 165 - AD 166. 1944.100.61735","image_urls":["http://numismatics.org/collectionimages/19001949/1944/1944.100.61735.rev.width350.jpg"]},{"from":165,"to":166,"title":"RIC III Marcus Aurelius 917. 1944.100.49160","image_urls":["http://numismatics.org/collectionimages/19001949/1944/1944.100.49160.rev.width350.jpg"]},{"from":165,"to":166,"title":"Bronze Drachm, Alexandreia, AD 165 - AD 166. 1944.100.61615","image_urls":["http://numismatics.org/collectionimages/19001949/1944/1944.100.61615.rev.width350.jpg"]},{"from":165,"to":166,"title":"RIC III Marcus Aurelius 920. 0000.999.20918","image_urls":["http://numismatics.org/collectionimages/00001899/0000/0000.999.20918.rev.width350.jpg"]},{"from":165,"to":166,"title":"RIC III Marcus Aurelius 549. 1959.228.15","image_urls":["http://numismatics.org/collectionimages/19501999/1959/1959.228.15.rev.width350.jpg"]},{"from":165,"to":166,"title":"Billon Tetradrachm of Marcus Aurelius, Alexandreia, AD 165 - AD 166. 1944.100.61180","image_urls":["http://numismatics.org/collectionimages/19001949/1944/1944.100.61180.rev.width350.jpg"]},{"from":165,"to":166,"title":"RIC III Marcus Aurelius 555. 1944.100.49568","image_urls":["http://numismatics.org/collectionimages/19001949/1944/1944.100.49568.rev.width350.jpg"]},{"from":165,"to":166,"title":"Bronze Drachm of Marcus Aurelius, Alexandreia, AD 165 - AD 166. 1944.100.61360","image_urls":["http://numismatics.org/collectionimages/19001949/1944/1944.100.61360.rev.width350.jpg"]},{"from":165,"to":166,"title":"RIC III Marcus Aurelius 153. 1944.100.49079","image_urls":["http://numismatics.org/collectionimages/19001949/1944/1944.100.49079.rev.width350.jpg"]},{"from":165,"to":166,"title":"RIC III Marcus Aurelius 146. 1911.23.300","image_urls":["http://numismatics.org/collectionimages/19001949/1911/1911.23.300.rev.width350.jpg"]},{"from":165,"to":166,"title":"Bronze Drachm of Marcus Aurelius, Alexandreia, AD 165 - AD 166. 1944.100.61285","image_urls":["http://numismatics.org/collectionimages/19001949/1944/1944.100.61285.rev.width350.jpg"]},{"from":165,"to":166,"title":"RIC III Marcus Aurelius 148. 1995.11.133","image_urls":["http://numismatics.org/collectionimages/19501999/1995/1995.11.133.rev.width350.jpg"]},{"from":165,"to":166,"title":"RIC III Marcus Aurelius 146. 1956.127.810","image_urls":["http://numismatics.org/collectionimages/19501999/1956/1956.127.810.rev.width350.jpg"]},{"from":165,"to":166,"title":"Billon Tetradrachm, Alexandreia, AD 165 - AD 166. 1944.100.61678","image_urls":["http://numismatics.org/collectionimages/19001949/1944/1944.100.61678.rev.width350.jpg"]},{"from":165,"to":166,"title":"RIC III Marcus Aurelius 146. 1956.127.1907","image_urls":["http://numismatics.org/collectionimages/19501999/1956/1956.127.1907.rev.width350.jpg"]},{"from":165,"to":166,"title":"RIC III Marcus Aurelius 1454. 1995.11.439","image_urls":["http://numismatics.org/collectionimages/19501999/1995/1995.11.439.rev.width350.jpg"]},{"from":165,"to":166,"title":"RIC III Marcus Aurelius 920. 1906.236.391","image_urls":["http://numismatics.org/collectionimages/19001949/1906/1906.236.391.rev.width350.jpg"]},{"from":165,"to":166,"title":"Bronze Drachm, Alexandreia, AD 165 - AD 166. 1944.100.61733","image_urls":["http://numismatics.org/collectionimages/19001949/1944/1944.100.61733.rev.width350.jpg"]},{"from":165,"to":166,"title":"Bronze Drachm of Marcus Aurelius, Alexandreia, AD 165 - AD 166. 1944.100.61276","image_urls":["http://numismatics.org/collectionimages/19001949/1944/1944.100.61276.rev.width350.jpg"]},{"from":165,"to":166,"title":"Billon Tetradrachm, Alexandreia, AD 165 - AD 166. 1973.56.940","image_urls":["http://numismatics.org/collectionimages/19501999/1973/1973.56.940.rev.width350.jpg"]},{"from":165,"to":166,"title":"RIC III Marcus Aurelius 1438. 1944.100.49597","image_urls":["http://numismatics.org/collectionimages/19001949/1944/1944.100.49597.rev.width350.jpg"]},{"from":165,"to":166,"title":"RIC III Marcus Aurelius 146. 1956.127.809","image_urls":["http://numismatics.org/collectionimages/19501999/1956/1956.127.809.rev.width350.jpg"]},{"from":165,"to":166,"title":"Bronze Drachm of Marcus Aurelius, Alexandreia, AD 165 - AD 166. 1944.100.61284","image_urls":["http://numismatics.org/collectionimages/19001949/1944/1944.100.61284.rev.width350.jpg"]},{"from":165,"to":166,"title":"Bronze Drachm, Alexandreia, AD 165 - AD 166. 1944.100.61723","image_urls":["http://numismatics.org/collectionimages/19001949/1944/1944.100.61723.rev.width350.jpg"]},{"from":165,"to":166,"title":"RIC III Marcus Aurelius 156. 1965.66.29","image_urls":["http://numismatics.org/collectionimages/19501999/1965/1965.66.29.rev.width350.jpg"]},{"from":165,"to":166,"title":"RIC III Marcus Aurelius 148. 1956.127.812","image_urls":["http://numismatics.org/collectionimages/19501999/1956/1956.127.812.rev.width350.jpg"]},{"from":165,"to":166,"title":"RIC III Marcus Aurelius 1445. 1944.100.49601","image_urls":["http://numismatics.org/collectionimages/19001949/1944/1944.100.49601.rev.width350.jpg"]},{"from":165,"to":166,"title":"RIC III Marcus Aurelius 923. 1995.11.989","image_urls":["http://numismatics.org/collectionimages/19501999/1995/1995.11.989.rev.width350.jpg"]},{"from":165,"to":166,"title":"Billon Tetradrachm, Alexandreia, AD 165 - AD 166. 1944.100.61677","image_urls":["http://numismatics.org/collectionimages/19001949/1944/1944.100.61677.rev.width350.jpg"]},{"from":165,"to":166,"title":"Bronze Drachm of Marcus Aurelius, Alexandreia, AD 165 - AD 166. 1974.26.3798","image_urls":["http://numismatics.org/collectionimages/19501999/1974/1974.26.3798.rev.width350.jpg"]},{"from":165,"to":166,"title":"RIC III Marcus Aurelius 1443. 1965.47.2","image_urls":["http://numismatics.org/collectionimages/19501999/1965/1965.47.2.rev.width350.jpg"]},{"from":165,"to":166,"title":"RIC III Marcus Aurelius 555. 1956.127.1056","image_urls":["http://numismatics.org/collectionimages/19501999/1956/1956.127.1056.rev.width350.jpg"]}]