[{"from":166,"to":168,"title":"SWYOR-6F49C3: A coin issued by Lucius Verus","image_urls":["https://finds.org.uk/images/acooper/PAS%20319%20roman.jpg"]},{"from":166,"to":166,"title":"CORN-748DB3: A coin issued by Marcus Aurelius (as Augustus)","image_urls":["https://finds.org.uk/images/atyacke/MarcAurVictsestertiusobv.jpg"]},{"from":166,"to":166,"title":"SUR-FCF462: A coin issued by Lucius Verus","image_urls":["https://finds.org.uk/images/margaretb/13-203.JPG"]},{"from":166,"to":168,"title":"IOW-641005: A coin issued by Lucius Verus","image_urls":["https://finds.org.uk/images/fbasford/IOW2011-2-233.JPG"]},{"from":166,"to":167,"title":"NCL-2944D8: A coin issued by Marcus Aurelius (as Augustus)","image_urls":["https://finds.org.uk/images/pwalton/582.jpg"]},{"from":166,"to":166,"title":"NMGW-3452F5: A coin issued by Marcus Aurelius (as Augustus)","image_urls":["https://finds.org.uk/images/wenkedomscheit/20141025jpg.jpg"]},{"from":166,"to":166,"title":"YORYM-CB4883: A coin issued by Marcus Aurelius (as Augustus)","image_urls":["https://finds.org.uk/images/rebeccam/RP0007.jpg"]},{"from":166,"to":166,"title":"DENO-2773C6: A coin issued by Lucius Verus","image_urls":["https://finds.org.uk/images/ptinkler/E4572%20sest.jpg"]},{"from":166,"to":166,"title":"SUSS-366822: A coin issued by Marcus Aurelius (as Augustus)","image_urls":["https://finds.org.uk/images/stephaniesmith/SUSS-366822SestertiusMAurelius.jpg"]},{"from":166,"to":166,"title":"DOR-352A65: A coin issued by Marcus Aurelius (as Augustus)","image_urls":["https://finds.org.uk/images/caht/352A65.jpg"]},{"from":166,"to":166,"title":"NARC-EA5071: A coin issued by Marcus Aurelius (as Augustus)","image_urls":["https://finds.org.uk/images/jcassidy/NARC-EA5071%20a.jpg"]},{"from":166,"to":166,"title":"DENO-D71E87: A coin issued by Marcus Aurelius (as Augustus)","image_urls":["https://finds.org.uk/images/ratherton/E7216%20beard%20amb%20vall%20sest%202.jpg"]},{"from":166,"to":166,"title":"IOW-0916F7: A coin issued by Lucius Verus","image_urls":["https://finds.org.uk/images/fbasford/IOW2009-1-265.JPG"]},{"from":166,"to":166,"title":"NMS-3708D5: A coin issued by Marcus Aurelius (as Augustus)","image_urls":["https://finds.org.uk/images/amarsden/AMD042014denarius.jpg"]},{"from":166,"to":167,"title":"LEIC-7D8344: A coin issued by Marcus Aurelius (as Caesar)","image_urls":["https://finds.org.uk/images/wscott/7D8344.JPG"]},{"from":166,"to":166,"title":"BH-93C175: A coin issued by Marcus Aurelius (as Augustus)","image_urls":["https://finds.org.uk/images/jwatters/Roman%20coin%2009%2070%20-%208.jpg"]},{"from":166,"to":166,"title":"NLM-69FA16: A coin issued by Marcus Aurelius (as Augustus)","image_urls":["https://finds.org.uk/images/mforeman/NLM20619.jpg"]},{"from":166,"to":166,"title":"BH-F21355: A coin issued by Marcus Aurelius (as Augustus)","image_urls":["https://finds.org.uk/images/jwatters/Roman%20coin%2009%20115%20-%204.jpg"]},{"from":166,"to":166,"title":"DENO-127CB6: A coin issued by Lucius Verus","image_urls":["https://finds.org.uk/images/cburrill2/E6945_LuciusVerus_Victory_Denarius_.jpg"]},{"from":166,"to":166,"title":"DENO-171CC2: A coin issued by Marcus Aurelius (as Augustus)","image_urls":["https://finds.org.uk/images/arohde/E5999%20denarius.jpg"]},{"from":166,"to":166,"title":"LIN-896A14: A coin issued by Septimius Severus","image_urls":["https://finds.org.uk/images/adaubney/LIN2012-950.jpg"]},{"from":166,"to":166,"title":"BM-66DC32: A coin issued by Marcus Aurelius (as Augustus)","image_urls":["https://finds.org.uk/images/jasonlundock/1014.jpg"]},{"from":166,"to":166,"title":"BERK-265927: A coin issued by Marcus Aurelius (as Augustus)","image_urls":["https://finds.org.uk/images/abyard/2011627.jpg"]},{"from":166,"to":166,"title":"LVPL-012EF6: A coin issued by Marcus Aurelius (as Augustus)","image_urls":["https://finds.org.uk/images/voakden/LVPL-012EF6.jpg"]},{"from":166,"to":167,"title":"IOW-8384C7: A coin issued by Lucius Verus","image_urls":["https://finds.org.uk/images/fbasford/IOW2012-4-126.JPG"]},{"from":166,"to":166,"title":"HAMP3701: A coin with an unrecorded/uncertain issuer.","image_urls":["https://finds.org.uk/images/sworrell/hamp%203701.JPG"]},{"from":166,"to":166,"title":"BERK-BB2985: A coin issued by Marcus Aurelius (as Augustus)","image_urls":["https://finds.org.uk/images/abyard/2010675.jpg"]},{"from":166,"to":166,"title":"SWYOR-16A3A1: A coin issued by Marcus Aurelius (as Augustus)","image_urls":["https://finds.org.uk/images/acooper/PAS_1181_5.jpg"]},{"from":166,"to":166,"title":"WMID-5F3C68: A coin issued by Marcus Aurelius (as Augustus)","image_urls":["https://finds.org.uk/images/tgilmore/WMID-5F3C68.jpg"]},{"from":166,"to":192,"title":"BERK-018B28: A coin issued by Commodus","image_urls":["https://finds.org.uk/images/plevick/or53.jpg"]},{"from":166,"to":166,"title":"DUR-BB76A2: A coin issued by Marcus Aurelius (as Augustus)","image_urls":["https://finds.org.uk/images/brander/IMG_7110.jpg"]},{"from":166,"to":168,"title":"FAPJW-E14CB2: A coin issued by Lucius Verus","image_urls":["https://finds.org.uk/images/pwalton/5072.jpg"]},{"from":166,"to":167,"title":"HESH-6F09D1: A coin issued by Marcus Aurelius (as Augustus)","image_urls":["https://finds.org.uk/images/preavill/HESH-6F09D1.jpg"]},{"from":166,"to":169,"title":"LIN-20F3F4: A coin issued by Lucilla","image_urls":["https://finds.org.uk/images/adaubney/LIN2011-908.jpg"]},{"from":166,"to":166,"title":"LVPL-752DD6: A coin issued by Marcus Aurelius (as Augustus)","image_urls":["https://finds.org.uk/images/voakden/LVPL-752DD6.jpg"]},{"from":166,"to":167,"title":"IOW-330136: A coin issued by Marcus Aurelius (as Augustus)","image_urls":["https://finds.org.uk/images/fbasford/IOW2011-4-151.JPG"]},{"from":166,"to":166,"title":"NCL-FEEE64: A coin issued by Lucius Verus","image_urls":["https://finds.org.uk/images/pwalton/1022.jpg"]},{"from":166,"to":168,"title":"IOW-9D3FC3: A coin issued by Marcus Aurelius (as Augustus)","image_urls":["https://finds.org.uk/images/fbasford/IOW2010-3-87.JPG"]},{"from":166,"to":167,"title":"RIC III Marcus Aurelius 171. 1956.127.1915","image_urls":["http://numismatics.org/collectionimages/19501999/1956/1956.127.1915.rev.width350.jpg"]},{"from":166,"to":167,"title":"RIC III Marcus Aurelius 576. 1956.127.1062","image_urls":["http://numismatics.org/collectionimages/19501999/1956/1956.127.1062.rev.width350.jpg"]},{"from":166,"to":167,"title":"RIC III Marcus Aurelius 576. 1974.26.1151","image_urls":["http://numismatics.org/collectionimages/19501999/1974/1974.26.1151.rev.width350.jpg"]},{"from":166,"to":167,"title":"RIC III Marcus Aurelius 572. 1959.228.19","image_urls":["http://numismatics.org/collectionimages/19501999/1959/1959.228.19.rev.width350.jpg"]},{"from":166,"to":167,"title":"Bronze Drachm, Alexandreia, AD 166 - AD 167. 1944.100.61748","image_urls":["http://numismatics.org/collectionimages/19001949/1944/1944.100.61748.rev.width350.jpg"]},{"from":166,"to":167,"title":"RIC III Marcus Aurelius 576. 1944.100.49572","image_urls":["http://numismatics.org/collectionimages/19001949/1944/1944.100.49572.rev.width350.jpg"]},{"from":166,"to":167,"title":"RIC III Marcus Aurelius 948. 1921.98.12","image_urls":["http://numismatics.org/collectionimages/19001949/1921/1921.98.12.rev.width350.jpg"]},{"from":166,"to":167,"title":"RIC III Marcus Aurelius 573. 1959.228.18","image_urls":["http://numismatics.org/collectionimages/19501999/1959/1959.228.18.rev.width350.jpg"]},{"from":166,"to":167,"title":"Bronze Drachm, Alexandreia, AD 166 - AD 167. 1944.100.61743","image_urls":["http://numismatics.org/collectionimages/19001949/1944/1944.100.61743.rev.width350.jpg"]},{"from":166,"to":167,"title":"RIC III Marcus Aurelius 573. 1944.100.49573","image_urls":["http://numismatics.org/collectionimages/19001949/1944/1944.100.49573.rev.width350.jpg"]},{"from":166,"to":167,"title":"RIC III Marcus Aurelius 171. 1944.100.49084","image_urls":["http://numismatics.org/collectionimages/19001949/1944/1944.100.49084.rev.width350.jpg"]},{"from":166,"to":167,"title":"RIC III Marcus Aurelius 174. 1967.50.10","image_urls":["http://numismatics.org/collectionimages/19501999/1967/1967.50.10.rev.width350.jpg"]},{"from":166,"to":167,"title":"Bronze Drachm, Alexandreia, AD 166 - AD 167. 1944.100.61745","image_urls":["http://numismatics.org/collectionimages/19001949/1944/1944.100.61745.rev.width350.jpg"]},{"from":166,"to":167,"title":"RIC III Marcus Aurelius 170. 1911.23.304","image_urls":["http://numismatics.org/collectionimages/19001949/1911/1911.23.304.rev.width350.jpg"]},{"from":166,"to":167,"title":"RIC III Marcus Aurelius 171. 1956.127.1914","image_urls":["http://numismatics.org/collectionimages/19501999/1956/1956.127.1914.rev.width350.jpg"]},{"from":166,"to":167,"title":"Billon Tetradrachm of Marcus Aurelius, Alexandreia, AD 166 - AD 167. 1944.100.61181","image_urls":["http://numismatics.org/collectionimages/19001949/1944/1944.100.61181.rev.width350.jpg"]},{"from":166,"to":167,"title":"Bronze Drachm, Alexandreia, AD 166 - AD 167. 1944.100.61616","image_urls":["http://numismatics.org/collectionimages/19001949/1944/1944.100.61616.rev.width350.jpg"]},{"from":166,"to":167,"title":"Bronze Drachm, Alexandreia, AD 166 - AD 167. 1944.100.61747","image_urls":["http://numismatics.org/collectionimages/19001949/1944/1944.100.61747.rev.width350.jpg"]},{"from":166,"to":167,"title":"RIC III Marcus Aurelius 948. 1944.100.49166","image_urls":["http://numismatics.org/collectionimages/19001949/1944/1944.100.49166.rev.width350.jpg"]},{"from":166,"to":167,"title":"RIC III Marcus Aurelius 574. 1905.57.408","image_urls":["http://numismatics.org/collectionimages/19001949/1905/1905.57.408.rev.width350.jpg"]},{"from":166,"to":167,"title":"RIC III Marcus Aurelius 576. 1956.127.1060","image_urls":["http://numismatics.org/collectionimages/19501999/1956/1956.127.1060.rev.width350.jpg"]},{"from":166,"to":167,"title":"RIC III Marcus Aurelius 171. 1956.127.818","image_urls":["http://numismatics.org/collectionimages/19501999/1956/1956.127.818.rev.width350.jpg"]},{"from":166,"to":167,"title":"RIC III Marcus Aurelius 171. 1911.23.303","image_urls":["http://numismatics.org/collectionimages/19001949/1911/1911.23.303.rev.width350.jpg"]},{"from":166,"to":167,"title":"RIC III Marcus Aurelius 576. 1956.127.1061","image_urls":["http://numismatics.org/collectionimages/19501999/1956/1956.127.1061.rev.width350.jpg"]},{"from":166,"to":167,"title":"RIC III Marcus Aurelius 574. 1944.100.49574","image_urls":["http://numismatics.org/collectionimages/19001949/1944/1944.100.49574.rev.width350.jpg"]},{"from":166,"to":167,"title":"RIC III Marcus Aurelius 170. 1944.100.49085","image_urls":["http://numismatics.org/collectionimages/19001949/1944/1944.100.49085.rev.width350.jpg"]},{"from":166,"to":167,"title":"Bronze Drachm, Alexandreia, AD 166 - AD 167. 1973.56.952","image_urls":["http://numismatics.org/collectionimages/19501999/1973/1973.56.952.rev.width350.jpg"]},{"from":166,"to":167,"title":"RIC III Marcus Aurelius 171. 1956.127.1916","image_urls":["http://numismatics.org/collectionimages/19501999/1956/1956.127.1916.rev.width350.jpg"]},{"from":166,"to":167,"title":"Billon Tetradrachm, Alexandreia, AD 166 - AD 167. 1944.100.61684","image_urls":["http://numismatics.org/collectionimages/19001949/1944/1944.100.61684.rev.width350.jpg"]},{"from":166,"to":167,"title":"RIC III Marcus Aurelius 576. 1956.127.1059","image_urls":["http://numismatics.org/collectionimages/19501999/1956/1956.127.1059.rev.width350.jpg"]},{"from":166,"to":167,"title":"Bronze Drachm of Marcus Aurelius, Alexandreia, AD 166 - AD 167. 1944.100.61364","image_urls":["http://numismatics.org/collectionimages/19001949/1944/1944.100.61364.rev.width350.jpg"]},{"from":166,"to":167,"title":"RIC III Marcus Aurelius 576. 1937.158.513","image_urls":["http://numismatics.org/collectionimages/19001949/1937/1937.158.513.rev.width350.jpg"]},{"from":166,"to":167,"title":"RIC III Marcus Aurelius 576. 1935.117.443","image_urls":["http://numismatics.org/collectionimages/19001949/1935/1935.117.443.rev.width350.jpg"]},{"from":166,"to":167,"title":"RIC III Marcus Aurelius 948. 1995.11.109","image_urls":["http://numismatics.org/collectionimages/19501999/1995/1995.11.109.rev.width350.jpg"]},{"from":166,"to":167,"title":"RIC III Marcus Aurelius 171. 1929.115.12","image_urls":["http://numismatics.org/collectionimages/19001949/1929/1929.115.12.rev.width350.jpg"]},{"from":166,"to":167,"title":"Bronze Drachm, Alexandreia, AD 166 - AD 167. 1944.100.61744","image_urls":["http://numismatics.org/collectionimages/19001949/1944/1944.100.61744.rev.width350.jpg"]},{"from":166,"to":167,"title":"RIC III Marcus Aurelius 1464. 1944.100.49605","image_urls":["http://numismatics.org/collectionimages/19001949/1944/1944.100.49605.rev.width350.jpg"]},{"from":166,"to":167,"title":"RIC III Marcus Aurelius 170. 1956.127.821","image_urls":["http://numismatics.org/collectionimages/19501999/1956/1956.127.821.rev.width350.jpg"]},{"from":166,"to":167,"title":"RIC III Marcus Aurelius 576. 1948.19.1367","image_urls":["http://numismatics.org/collectionimages/19001949/1948/1948.19.1367.rev.width350.jpg"]},{"from":166,"to":167,"title":"Bronze Drachm of Marcus Aurelius, Alexandreia, AD 166 - AD 167. 1944.100.61296","image_urls":["http://numismatics.org/collectionimages/19001949/1944/1944.100.61296.rev.width350.jpg"]},{"from":166,"to":167,"title":"Bronze Drachm of Marcus Aurelius, Alexandreia, AD 166 - AD 167. 1944.100.61362","image_urls":["http://numismatics.org/collectionimages/19001949/1944/1944.100.61362.rev.width350.jpg"]},{"from":166,"to":167,"title":"Bronze Drachm of Marcus Aurelius, Alexandreia, AD 166 - AD 167. 1944.100.61293","image_urls":["http://numismatics.org/collectionimages/19001949/1944/1944.100.61293.rev.width350.jpg"]},{"from":166,"to":167,"title":"Billon Tetradrachm, Alexandreia, AD 166 - AD 167. 1944.100.61683","image_urls":["http://numismatics.org/collectionimages/19001949/1944/1944.100.61683.rev.width350.jpg"]},{"from":166,"to":167,"title":"Bronze Drachm, Alexandreia, AD 166 - AD 167. 1944.100.61749","image_urls":["http://numismatics.org/collectionimages/19001949/1944/1944.100.61749.rev.width350.jpg"]},{"from":166,"to":167,"title":"RIC III Marcus Aurelius 174. 1969.26.13","image_urls":["http://numismatics.org/collectionimages/19501999/1969/1969.26.13.rev.width350.jpg"]},{"from":166,"to":167,"title":"RIC III Marcus Aurelius 1462. 1944.100.49604","image_urls":["http://numismatics.org/collectionimages/19001949/1944/1944.100.49604.rev.width350.jpg"]},{"from":166,"to":167,"title":"RIC III Marcus Aurelius 568. 1905.57.407","image_urls":["http://numismatics.org/collectionimages/19001949/1905/1905.57.407.rev.width350.jpg"]},{"from":166,"to":167,"title":"RIC III Marcus Aurelius 170. 1956.127.820","image_urls":["http://numismatics.org/collectionimages/19501999/1956/1956.127.820.rev.width350.jpg"]},{"from":166,"to":167,"title":"RIC III Marcus Aurelius 1464. 0000.999.21162","image_urls":["http://numismatics.org/collectionimages/00001899/0000/0000.999.21162.rev.width350.jpg"]}]