[{"from":167,"to":168,"title":"NMS-F914B7: A coin issued by Marcus Aurelius (as Augustus)","image_urls":["https://finds.org.uk/images/amarsden/NMD092014marcusaureliusden.jpg"]},{"from":167,"to":168,"title":"NCL-390D31: A coin issued by Marcus Aurelius (as Augustus)","image_urls":["https://finds.org.uk/images/pwalton/757.jpg"]},{"from":167,"to":168,"title":"KENT-343BB4: A coin issued by Antoninus Pius","image_urls":["https://finds.org.uk/images/gwithers/KENT-343BB4.jpg"]},{"from":167,"to":168,"title":"LANCUM-8D3A1D: A coin issued by Lucius Verus","image_urls":["https://finds.org.uk/images/snoon/johngrieves1.jpg"]},{"from":167,"to":168,"title":"NMGW-0999B7: A coin issued by Marcus Aurelius (as Caesar)","image_urls":["https://finds.org.uk/images/rbattye/2005.181.2.jpg"]},{"from":167,"to":168,"title":"SUR-CD9453: A coin issued by Lucius Verus","image_urls":["https://finds.org.uk/images/margaretb/DSCN7930.JPG"]},{"from":167,"to":168,"title":"Silver Tetradrachm, Seleuceia ad Tigrim, AD 167 - AD 168. 1944.100.83418","image_urls":["http://numismatics.org/collectionimages/19001949/1944/1944.100.83418.rev.width350.jpg"]},{"from":167,"to":168,"title":"Bronze Drachm, Alexandreia, AD 167 - AD 168. 1944.100.61752","image_urls":["http://numismatics.org/collectionimages/19001949/1944/1944.100.61752.rev.width350.jpg"]},{"from":167,"to":168,"title":"Bronze Drachm of Marcus Aurelius, Alexandreia, AD 167 - AD 168. 1944.100.61302","image_urls":["http://numismatics.org/collectionimages/19001949/1944/1944.100.61302.rev.width350.jpg"]},{"from":167,"to":168,"title":"Billon Tetradrachm of Marcus Aurelius, Alexandreia, AD 167 - AD 168. 1944.100.61184","image_urls":["http://numismatics.org/collectionimages/19001949/1944/1944.100.61184.rev.width350.jpg"]},{"from":167,"to":168,"title":"Bronze Drachm, Alexandreia, AD 167 - AD 168. 1944.100.61751","image_urls":["http://numismatics.org/collectionimages/19001949/1944/1944.100.61751.rev.width350.jpg"]},{"from":167,"to":168,"title":"RIC III Marcus Aurelius 178. 1956.127.822","image_urls":["http://numismatics.org/collectionimages/19501999/1956/1956.127.822.rev.width350.jpg"]},{"from":167,"to":168,"title":"Bronze Drachm of Marcus Aurelius, Alexandreia, AD 167 - AD 168. 1944.100.61621","image_urls":["http://numismatics.org/collectionimages/19001949/1944/1944.100.61621.rev.width350.jpg"]},{"from":167,"to":168,"title":"Billon Tetradrachm, Alexandreia, AD 167 - AD 168. 1944.100.61686","image_urls":["http://numismatics.org/collectionimages/19001949/1944/1944.100.61686.rev.width350.jpg"]},{"from":167,"to":169,"title":"Silver Didrachm, Caesareia in Cappadocia, AD 167 - AD 169. 1985.39.351","image_urls":["http://numismatics.org/collectionimages/19501999/1985/1985.39.351.rev.width350.jpg"]},{"from":167,"to":168,"title":"Billon Tetradrachm, Alexandreia, AD 167 - AD 168. 1974.26.3872","image_urls":["http://numismatics.org/collectionimages/19501999/1974/1974.26.3872.rev.width350.jpg"]},{"from":167,"to":168,"title":"Billon Tetradrachm, Alexandreia, AD 167 - AD 168. 1974.26.3840","image_urls":["http://numismatics.org/collectionimages/19501999/1974/1974.26.3840.rev.width350.jpg"]},{"from":167,"to":168,"title":"RIC III Marcus Aurelius 178. 1947.2.494","image_urls":["http://numismatics.org/collectionimages/19001949/1947/1947.2.494.rev.width350.jpg"]},{"from":167,"to":168,"title":"Bronze Drachm of Marcus Aurelius, Alexandreia, AD 167 - AD 168. 1944.100.61300","image_urls":["http://numismatics.org/collectionimages/19001949/1944/1944.100.61300.rev.width350.jpg"]},{"from":167,"to":168,"title":"Bronze Obol of Marcus Aurelius, Alexandreia, AD 167 - AD 168. 1944.100.61365","image_urls":["http://numismatics.org/collectionimages/19001949/1944/1944.100.61365.rev.width350.jpg"]},{"from":167,"to":168,"title":"Billon Tetradrachm, Alexandreia, AD 167 - AD 168. 1944.100.61685","image_urls":["http://numismatics.org/collectionimages/19001949/1944/1944.100.61685.rev.width350.jpg"]}]