[{"from":168,"to":169,"title":"BH-B99445: A coin issued by Marcus Aurelius (as Augustus)","image_urls":["https://finds.org.uk/images/jwatters/Roman_coin_14_61_14.jpg"]},{"from":168,"to":168,"title":"WILT-422414: A coin issued by Lucius Verus","image_urls":["https://finds.org.uk/images/awillis/WILT-422414.jpg"]},{"from":168,"to":168,"title":"LEIC-2AD9F5: A coin issued by Marcus Aurelius (as Augustus)","image_urls":["https://finds.org.uk/images/wscott/2AD9F5.JPG"]},{"from":168,"to":171,"title":"PUBLIC-F37D54: A coin issued by Marcus Aurelius (as Augustus)","image_urls":["https://finds.org.uk/images/calow1/FLE13.567.JPG"]},{"from":168,"to":170,"title":"IOW-ADCF00: A coin issued by Marcus Aurelius (as Augustus)","image_urls":["https://finds.org.uk/images/fbasford/IOW2012-2-344.JPG"]},{"from":168,"to":171,"title":"DEV-957F90: A coin issued by Marcus Aurelius (as Augustus)","image_urls":["https://finds.org.uk/images/dwootton/DEV-957F90.jpg"]},{"from":168,"to":168,"title":"BH-768118: A coin issued by Marcus Aurelius (as Augustus)","image_urls":["https://finds.org.uk/images/jwatters/Roman_coin_13_135_2.jpg"]},{"from":168,"to":169,"title":"BH-C71954: A coin issued by Marcus Aurelius (as Augustus)","image_urls":["https://finds.org.uk/images/jwatters/Roman_coin_13_72_2.jpg"]},{"from":168,"to":168,"title":"HAMP-AEBDCA: A coin issued by Lucius Verus","image_urls":["https://finds.org.uk/images/khindshamp/HAMP-AEBDCA.jpg"]},{"from":168,"to":169,"title":"SUR-4F7DB4: A coin issued by Lucius Verus","image_urls":["https://finds.org.uk/images/margaretb/DSCN3280.JPG"]},{"from":168,"to":168,"title":"CAM-5B85C3: A coin issued by Marcus Aurelius (as Augustus)","image_urls":["https://finds.org.uk/images/hfowler/CAM-5B85C3.jpg"]},{"from":168,"to":169,"title":"BM-F0A1C6: A coin issued by Marcus Aurelius (as Augustus)","image_urls":["https://finds.org.uk/images/jasonlundock/5287.jpg"]},{"from":168,"to":168,"title":"DENO-440891: A coin issued by Marcus Aurelius (as Augustus)","image_urls":["https://finds.org.uk/images/ptinkler/E4846%20denarius.JPG"]},{"from":168,"to":168,"title":"NMS-BE3891: A coin issued by Marcus Aurelius (as Augustus)","image_urls":["https://finds.org.uk/images/amarsden/NMD062013marcusaureliusden.jpg"]},{"from":168,"to":169,"title":"HAMP-43EBA5: A coin issued by Marcus Aurelius (as Augustus)","image_urls":["https://finds.org.uk/images/rwebley/HAMP-43EBA5marcusaurelius.jpg"]},{"from":168,"to":169,"title":"CAM-D061B0: A coin issued by Lucius Verus","image_urls":["https://finds.org.uk/images/hfowler/CAM-D061B0.jpg"]},{"from":168,"to":170,"title":"WMID-323767: A coin issued by Marcus Aurelius (as Augustus)","image_urls":["https://finds.org.uk/images/tgilmore/WMID-323767.jpg"]},{"from":168,"to":169,"title":"DEV-EE13D4: A coin issued by Marcus Aurelius (as Augustus)","image_urls":["https://finds.org.uk/images/dwootton/DEV-EE13D4%20Roman%20sestertius%20of%20Marcus%20Aurelius.jpg"]},{"from":168,"to":169,"title":"LANCUM-91C5E4: A coin issued by Marcus Aurelius (as Caesar)","image_urls":["https://finds.org.uk/images/snoon/LANCUM-91C5E4.jpg"]},{"from":168,"to":168,"title":"CAM-AA0B03: A coin issued by Marcus Aurelius (as Augustus)","image_urls":["https://finds.org.uk/images/hfowler/CAM-AA0B03.jpg"]},{"from":168,"to":170,"title":"IOW-5E1672: A coin issued by Marcus Aurelius (as Augustus)","image_urls":["https://finds.org.uk/images/fbasford/IOW2012-5-116.JPG"]},{"from":168,"to":168,"title":"WAW-EA09A3: A coin issued by Lucius Verus","image_urls":["https://finds.org.uk/images/abolton/WAW-EA09A3.jpg"]},{"from":168,"to":168,"title":"SUSS-113C77: A coin issued by Lucius Verus","image_urls":["https://finds.org.uk/images/lwalker/SUSS-113C77LuciusVerusD.jpg"]},{"from":168,"to":171,"title":"BH-1E6155: A coin issued by Marcus Aurelius (as Augustus)","image_urls":["https://finds.org.uk/images/jwatters/Roman_coin_11_189_1.jpg"]},{"from":168,"to":169,"title":"PUBLIC-7B646D: A coin issued by Marcus Aurelius (as Augustus)","image_urls":["https://finds.org.uk/images/calow1/FLE151085.JPG"]},{"from":168,"to":169,"title":"BH-A7E374: A coin issued by Marcus Aurelius (as Augustus)","image_urls":["https://finds.org.uk/images/jwatters/Roman_coin_12_57a.jpg"]},{"from":168,"to":171,"title":"HAMP-6221A0: A coin issued by Marcus Aurelius (as Augustus)","image_urls":["https://finds.org.uk/images/rwebley/HAMP-6221A0MarcusAureliussestertius.jpg"]},{"from":168,"to":171,"title":"NCL-5209E5: A coin issued by Marcus Aurelius (as Augustus)","image_urls":["https://finds.org.uk/images/pwalton/NCL_5209E5.jpg"]},{"from":168,"to":168,"title":"NMGW-5A4A12: A coin issued by Marcus Aurelius (as Caesar)","image_urls":["https://finds.org.uk/images/sianw/2006.103.TIF"]},{"from":168,"to":168,"title":"SWYOR-E1C7FA: A coin issued by Marcus Aurelius (as Augustus)","image_urls":["https://finds.org.uk/images/acooper/PAS_2336_denarius_2.jpg"]},{"from":168,"to":173,"title":"DOR-CF2BF8: A coin issued by Marcus Aurelius (as Augustus)","image_urls":["https://finds.org.uk/images/caht/CF2BF8.jpg"]},{"from":168,"to":169,"title":"NCL-132CC2: A coin issued by Marcus Aurelius (as Augustus)","image_urls":["https://finds.org.uk/images/pwalton/NCL132cc2.jpg"]},{"from":168,"to":169,"title":"PUBLIC-BC0622: A coin issued by Marcus Aurelius (as Augustus)","image_urls":["https://finds.org.uk/images/calow1/FLE13.518.JPG"]},{"from":168,"to":169,"title":"YORYM-1FAC64: A coin issued by Marcus Aurelius (as Augustus)","image_urls":["https://finds.org.uk/images/law/BL0517.jpg"]},{"from":168,"to":171,"title":"SOM-0E5146: A coin issued by Marcus Aurelius (as Augustus)","image_urls":["https://finds.org.uk/images/npayne/0E5146.JPG"]},{"from":168,"to":171,"title":"HAMP-100699: A coin issued by Marcus Aurelius (as Augustus)","image_urls":["https://finds.org.uk/images/jojocole/HAMP100699.jpg"]},{"from":168,"to":169,"title":"DENO-F19120: A coin issued by Marcus Aurelius (as Augustus)","image_urls":["https://finds.org.uk/images/cburrill2/E7601_Roman_Dupondius_Marcus_Aurelius.jpg"]},{"from":168,"to":169,"title":"RIC III Marcus Aurelius 964A. 1990.3.78","image_urls":["http://numismatics.org/collectionimages/19501999/1990/1990.3.78.rev.width350.jpg"]},{"from":168,"to":169,"title":"RIC III Marcus Aurelius 969. 1995.11.131","image_urls":["http://numismatics.org/collectionimages/19501999/1995/1995.11.131.rev.width350.jpg"]},{"from":168,"to":169,"title":"RIC III Marcus Aurelius 206. 1911.23.310","image_urls":["http://numismatics.org/collectionimages/19001949/1911/1911.23.310.rev.width350.jpg"]},{"from":168,"to":169,"title":"RIC III Marcus Aurelius 203. 1956.127.1920","image_urls":["http://numismatics.org/collectionimages/19501999/1956/1956.127.1920.rev.width350.jpg"]},{"from":168,"to":169,"title":"RIC III Marcus Aurelius 203. 1956.127.829","image_urls":["http://numismatics.org/collectionimages/19501999/1956/1956.127.829.rev.width350.jpg"]},{"from":168,"to":169,"title":"RIC III Marcus Aurelius 206. 1948.19.1315","image_urls":["http://numismatics.org/collectionimages/19001949/1948/1948.19.1315.rev.width350.jpg"]},{"from":168,"to":169,"title":"RIC III Marcus Aurelius 207. 1944.100.49095","image_urls":["http://numismatics.org/collectionimages/19001949/1944/1944.100.49095.rev.width350.jpg"]},{"from":168,"to":169,"title":"RIC III Marcus Aurelius 1484. 1939.133.28","image_urls":["http://numismatics.org/collectionimages/19001949/1939/1939.133.28.rev.width350.jpg"]},{"from":168,"to":169,"title":"RIC III Marcus Aurelius 206. 1987.26.167","image_urls":["http://numismatics.org/collectionimages/19501999/1987/1987.26.167.rev.width350.jpg"]},{"from":168,"to":169,"title":"RIC III Marcus Aurelius 203. 1956.127.828","image_urls":["http://numismatics.org/collectionimages/19501999/1956/1956.127.828.rev.width350.jpg"]},{"from":168,"to":169,"title":"Bronze Drachm of Marcus Aurelius, Alexandreia, AD 168 - AD 169. 1944.100.61625","image_urls":["http://numismatics.org/collectionimages/19001949/1944/1944.100.61625.rev.width350.jpg"]},{"from":168,"to":169,"title":"RIC III Marcus Aurelius 206. 1956.127.1921","image_urls":["http://numismatics.org/collectionimages/19501999/1956/1956.127.1921.rev.width350.jpg"]},{"from":168,"to":169,"title":"RIC III Marcus Aurelius 203. 1944.100.49090","image_urls":["http://numismatics.org/collectionimages/19001949/1944/1944.100.49090.rev.width350.jpg"]},{"from":168,"to":169,"title":"RIC III Marcus Aurelius 207. 1956.127.1923","image_urls":["http://numismatics.org/collectionimages/19501999/1956/1956.127.1923.rev.width350.jpg"]},{"from":168,"to":169,"title":"RIC III Marcus Aurelius 203. 1956.127.1917","image_urls":["http://numismatics.org/collectionimages/19501999/1956/1956.127.1917.rev.width350.jpg"]},{"from":168,"to":169,"title":"Bronze Drachm of Marcus Aurelius, Alexandreia, AD 168 - AD 169. 1944.100.61628","image_urls":["http://numismatics.org/collectionimages/19001949/1944/1944.100.61628.rev.width350.jpg"]},{"from":168,"to":169,"title":"Bronze Drachm of Marcus Aurelius, Alexandreia, AD 168 - AD 169. 1944.100.61305","image_urls":["http://numismatics.org/collectionimages/19001949/1944/1944.100.61305.rev.width350.jpg"]},{"from":168,"to":169,"title":"RIC III Marcus Aurelius 207. 1956.127.832","image_urls":["http://numismatics.org/collectionimages/19501999/1956/1956.127.832.rev.width350.jpg"]},{"from":168,"to":169,"title":"RIC III Marcus Aurelius 206. 1944.100.49092","image_urls":["http://numismatics.org/collectionimages/19001949/1944/1944.100.49092.rev.width350.jpg"]},{"from":168,"to":169,"title":"RIC III Marcus Aurelius 207. 1956.127.831","image_urls":["http://numismatics.org/collectionimages/19501999/1956/1956.127.831.rev.width350.jpg"]},{"from":168,"to":169,"title":"RIC III Marcus Aurelius 969. 1974.140.117","image_urls":["http://numismatics.org/collectionimages/19501999/1974/1974.140.117.rev.width350.jpg"]},{"from":168,"to":169,"title":"RIC III Marcus Aurelius 206. 1956.127.1919","image_urls":["http://numismatics.org/collectionimages/19501999/1956/1956.127.1919.rev.width350.jpg"]},{"from":168,"to":169,"title":"RIC III Marcus Aurelius 203. 1948.19.1314","image_urls":["http://numismatics.org/collectionimages/19001949/1948/1948.19.1314.rev.width350.jpg"]},{"from":168,"to":169,"title":"RIC III Marcus Aurelius 965. 1944.100.77982","image_urls":["http://numismatics.org/collectionimages/19001949/1944/1944.100.77982.rev.width350.jpg"]},{"from":168,"to":169,"title":"RIC III Marcus Aurelius 1489. 1995.11.444","image_urls":["http://numismatics.org/collectionimages/19501999/1995/1995.11.444.rev.width350.jpg"]},{"from":168,"to":169,"title":"RIC III Marcus Aurelius 206. 1956.127.830","image_urls":["http://numismatics.org/collectionimages/19501999/1956/1956.127.830.rev.width350.jpg"]},{"from":168,"to":169,"title":"Bronze Drachm, Alexandreia, AD 168 - AD 169. 1944.100.61762","image_urls":["http://numismatics.org/collectionimages/19001949/1944/1944.100.61762.rev.width350.jpg"]},{"from":168,"to":169,"title":"RIC III Marcus Aurelius 965. 1941.131.1085","image_urls":["http://numismatics.org/collectionimages/19001949/1941/1941.131.1085.rev.width350.jpg"]},{"from":168,"to":169,"title":"RIC III Marcus Aurelius 1488. 1951.61.74","image_urls":["http://numismatics.org/collectionimages/19501999/1951/1951.61.74.rev.width350.jpg"]},{"from":168,"to":169,"title":"RIC III Marcus Aurelius 1484. 1995.11.448","image_urls":["http://numismatics.org/collectionimages/19501999/1995/1995.11.448.rev.width350.jpg"]},{"from":168,"to":169,"title":"RIC III Marcus Aurelius 964. 1944.100.84981","image_urls":["http://numismatics.org/collectionimages/19001949/1944/1944.100.84981.rev.width350.jpg"]},{"from":168,"to":169,"title":"RIC III Marcus Aurelius 207. 1956.127.1922","image_urls":["http://numismatics.org/collectionimages/19501999/1956/1956.127.1922.rev.width350.jpg"]},{"from":168,"to":169,"title":"RIC III Marcus Aurelius 198. 1911.23.309","image_urls":["http://numismatics.org/collectionimages/19001949/1911/1911.23.309.rev.width350.jpg"]},{"from":168,"to":169,"title":"RIC III Marcus Aurelius 201. 1969.26.15","image_urls":["http://numismatics.org/collectionimages/19501999/1969/1969.26.15.rev.width350.jpg"]},{"from":168,"to":169,"title":"Silver Tetradrachm, Seleuceia ad Tigrim, AD 168 - AD 169. 1944.100.83420","image_urls":["http://numismatics.org/collectionimages/19001949/1944/1944.100.83420.rev.width350.jpg"]},{"from":168,"to":169,"title":"RIC III Marcus Aurelius 964. 1990.3.80","image_urls":["http://numismatics.org/collectionimages/19501999/1990/1990.3.80.rev.width350.jpg"]},{"from":168,"to":169,"title":"RIC III Marcus Aurelius 209. 1944.100.49089","image_urls":["http://numismatics.org/collectionimages/19001949/1944/1944.100.49089.rev.width350.jpg"]},{"from":168,"to":169,"title":"RIC III Marcus Aurelius 204. 1944.100.49091","image_urls":["http://numismatics.org/collectionimages/19001949/1944/1944.100.49091.rev.width350.jpg"]},{"from":168,"to":169,"title":"RIC III Marcus Aurelius 206. 1944.100.49094","image_urls":["http://numismatics.org/collectionimages/19001949/1944/1944.100.49094.rev.width350.jpg"]},{"from":168,"to":169,"title":"RIC III Marcus Aurelius 203. 1911.23.308","image_urls":["http://numismatics.org/collectionimages/19001949/1911/1911.23.308.rev.width350.jpg"]},{"from":168,"to":169,"title":"Billon Tetradrachm of Marcus Aurelius, Alexandreia, AD 168 - AD 169. 1944.100.61185","image_urls":["http://numismatics.org/collectionimages/19001949/1944/1944.100.61185.rev.width350.jpg"]},{"from":168,"to":169,"title":"RIC III Marcus Aurelius 206. 1956.127.1918","image_urls":["http://numismatics.org/collectionimages/19501999/1956/1956.127.1918.rev.width350.jpg"]},{"from":168,"to":169,"title":"RIC III Marcus Aurelius 206. 1944.100.49093","image_urls":["http://numismatics.org/collectionimages/19001949/1944/1944.100.49093.rev.width350.jpg"]},{"from":168,"to":169,"title":"RIC III Marcus Aurelius 205. 1956.127.827","image_urls":["http://numismatics.org/collectionimages/19501999/1956/1956.127.827.rev.width350.jpg"]},{"from":168,"to":169,"title":"Billon Tetradrachm of Marcus Aurelius, Alexandreia, AD 168 - AD 169. 1944.100.61618","image_urls":["http://numismatics.org/collectionimages/19001949/1944/1944.100.61618.rev.width350.jpg"]},{"from":168,"to":169,"title":"RIC III Marcus Aurelius 207. 1956.127.1924","image_urls":["http://numismatics.org/collectionimages/19501999/1956/1956.127.1924.rev.width350.jpg"]},{"from":168,"to":169,"title":"RIC III Marcus Aurelius 206. 1948.19.1316","image_urls":["http://numismatics.org/collectionimages/19001949/1948/1948.19.1316.rev.width350.jpg"]},{"from":168,"to":169,"title":"RIC III Marcus Aurelius 965. 1906.236.702","image_urls":["http://numismatics.org/collectionimages/19001949/1906/1906.236.702.rev.width350.jpg"]},{"from":168,"to":169,"title":"Bronze Drachm, Alexandreia, AD 168 - AD 169. 1944.100.61761","image_urls":["http://numismatics.org/collectionimages/19001949/1944/1944.100.61761.rev.width350.jpg"]},{"from":168,"to":169,"title":"RIC III Marcus Aurelius 197. 1985.140.132","image_urls":["http://numismatics.org/collectionimages/19501999/1985/1985.140.132.rev.width350.jpg"]},{"from":168,"to":169,"title":"Billon Tetradrachm of Marcus Aurelius, Alexandreia, AD 168 - AD 169. 1944.100.61620","image_urls":["http://numismatics.org/collectionimages/19001949/1944/1944.100.61620.rev.width350.jpg"]}]