[{"from":169,"to":170,"title":"LANCUM-A51B17: A coin issued by Marcus Aurelius (as Augustus)","image_urls":["https://finds.org.uk/images/dboughton/SRMDPWA51B17.jpg"]},{"from":169,"to":169,"title":"LIN-6766C7: A coin issued by Marcus Aurelius (as Augustus)","image_urls":["https://finds.org.uk/images/adaubney/LIN9571.jpg"]},{"from":169,"to":171,"title":"BM-098B68: A coin issued by Marcus Aurelius (as Augustus)","image_urls":["https://finds.org.uk/images/jasonlundock/bm098b68.jpg"]},{"from":169,"to":169,"title":"CORN-B7E4B4: A coin issued by Lucius Verus","image_urls":["https://finds.org.uk/images/atyacke/Nov12finz30.JPG"]},{"from":169,"to":170,"title":"HAMP388: A coin issued by Marcus Aurelius (as Caesar)","image_urls":["https://finds.org.uk/images/sworrell/hamp388a.jpg"]},{"from":169,"to":170,"title":"HAMP-4C2F71: A coin issued by Marcus Aurelius (as Augustus)","image_urls":["https://finds.org.uk/images/rwebley/HAMP-4C2F71MarcusAureliussestertius.jpg"]},{"from":169,"to":169,"title":"NCL-FD17A4: A coin issued by Antoninus Pius","image_urls":["https://finds.org.uk/images/pwalton/608.jpg"]},{"from":169,"to":170,"title":"SOM-D3C573: A coin issued by Marcus Aurelius (as Augustus)","image_urls":["https://finds.org.uk/images/elburnett/SOM-D3C573.JPG"]},{"from":169,"to":170,"title":"LEIC-072BD3: A coin issued by Marcus Aurelius (as Augustus)","image_urls":["https://finds.org.uk/images/wscott/072BD3..JPG"]},{"from":169,"to":170,"title":"DENO-D73A64: A coin issued by Marcus Aurelius (as Augustus)","image_urls":["https://finds.org.uk/images/ratherton/E7216%20beard%20alderwasley%20R%20coin%202.jpg"]},{"from":169,"to":170,"title":"CAM-D09120: A coin issued by Marcus Aurelius (as Augustus)","image_urls":["https://finds.org.uk/images/hfowler/CAM-D09120.jpg"]},{"from":169,"to":170,"title":"WAW-40E603: A coin issued by Marcus Aurelius (as Augustus)","image_urls":["https://finds.org.uk/images/abolton/WAW-40E603.jpg"]},{"from":169,"to":170,"title":"NLM-561932: A coin issued by Marcus Aurelius (as Augustus)","image_urls":["https://finds.org.uk/images/mforeman/NLM22985.jpg"]},{"from":169,"to":171,"title":"BM-7B8B45: A coin issued by Marcus Aurelius (as Augustus)","image_urls":["https://finds.org.uk/images/jasonlundock/1.jpg"]},{"from":169,"to":170,"title":"BH-347D93: A coin issued by Marcus Aurelius (as Augustus)","image_urls":["https://finds.org.uk/images/jwatters/Roman_coin_13_49_2.jpg"]},{"from":169,"to":169,"title":"SUR-60ADF4: A coin issued by Marcus Aurelius (as Augustus)","image_urls":["https://finds.org.uk/images/margaretb/11-989.jpg"]},{"from":169,"to":170,"title":"WAW-701D60: A coin issued by Lucius Verus","image_urls":["https://finds.org.uk/images/abolton/WAW-701D60.jpg"]},{"from":169,"to":171,"title":"HAMP-D41E85: A coin issued by Marcus Aurelius (as Augustus)","image_urls":["https://finds.org.uk/images/ppage/Roman-Denarius.jpg"]},{"from":169,"to":170,"title":"RIC III Marcus Aurelius 225. 1956.127.847","image_urls":["http://numismatics.org/collectionimages/19501999/1956/1956.127.847.rev.width350.jpg"]},{"from":169,"to":170,"title":"RIC III Marcus Aurelius 985. 1906.236.705","image_urls":["http://numismatics.org/collectionimages/19001949/1906/1906.236.705.rev.width350.jpg"]},{"from":169,"to":170,"title":"RIC III Marcus Aurelius 976. 1944.100.77983","image_urls":["http://numismatics.org/collectionimages/19001949/1944/1944.100.77983.rev.width350.jpg"]},{"from":169,"to":170,"title":"RIC III Marcus Aurelius 221. 1956.127.841","image_urls":["http://numismatics.org/collectionimages/19501999/1956/1956.127.841.rev.width350.jpg"]},{"from":169,"to":170,"title":"Bronze Drachm of Marcus Aurelius, Alexandreia, AD 169 - AD 170. 1944.100.61308","image_urls":["http://numismatics.org/collectionimages/19001949/1944/1944.100.61308.rev.width350.jpg"]},{"from":169,"to":170,"title":"RIC III Marcus Aurelius 977. 1947.2.772","image_urls":["http://numismatics.org/collectionimages/19001949/1947/1947.2.772.rev.width350.jpg"]},{"from":169,"to":170,"title":"RIC III Marcus Aurelius 979. 1995.1.3","image_urls":["http://numismatics.org/collectionimages/19501999/1995/1995.1.3.rev.width350.jpg"]},{"from":169,"to":170,"title":"RIC III Marcus Aurelius 215. 1956.127.838","image_urls":["http://numismatics.org/collectionimages/19501999/1956/1956.127.838.rev.width350.jpg"]},{"from":169,"to":170,"title":"RIC III Marcus Aurelius 226. 1911.23.312","image_urls":["http://numismatics.org/collectionimages/19001949/1911/1911.23.312.rev.width350.jpg"]},{"from":169,"to":170,"title":"RIC III Marcus Aurelius 226. 1944.100.49100","image_urls":["http://numismatics.org/collectionimages/19001949/1944/1944.100.49100.rev.width350.jpg"]},{"from":169,"to":170,"title":"RIC III Marcus Aurelius 222. 1944.100.49099","image_urls":["http://numismatics.org/collectionimages/19001949/1944/1944.100.49099.rev.width350.jpg"]},{"from":169,"to":170,"title":"RIC III Marcus Aurelius 218. 1948.19.1319","image_urls":["http://numismatics.org/collectionimages/19001949/1948/1948.19.1319.rev.width350.jpg"]},{"from":169,"to":170,"title":"Bronze Drachm, Alexandreia, AD 169 - AD 170. 1944.100.61764","image_urls":["http://numismatics.org/collectionimages/19001949/1944/1944.100.61764.rev.width350.jpg"]},{"from":169,"to":170,"title":"RIC III Marcus Aurelius 977. 1995.11.108","image_urls":["http://numismatics.org/collectionimages/19501999/1995/1995.11.108.rev.width350.jpg"]},{"from":169,"to":170,"title":"Billon Tetradrachm of Marcus Aurelius, Alexandreia, AD 169 - AD 170. 1944.100.61190","image_urls":["http://numismatics.org/collectionimages/19001949/1944/1944.100.61190.rev.width350.jpg"]},{"from":169,"to":170,"title":"RIC III Marcus Aurelius 225. 1956.127.1926","image_urls":["http://numismatics.org/collectionimages/19501999/1956/1956.127.1926.rev.width350.jpg"]},{"from":169,"to":170,"title":"RIC III Marcus Aurelius 977. 1995.11.1000","image_urls":["http://numismatics.org/collectionimages/19501999/1995/1995.11.1000.rev.width350.jpg"]},{"from":169,"to":170,"title":"RIC III Marcus Aurelius 215. 1948.19.1318","image_urls":["http://numismatics.org/collectionimages/19001949/1948/1948.19.1318.rev.width350.jpg"]},{"from":169,"to":170,"title":"RIC III Marcus Aurelius 211. 1944.100.49098","image_urls":["http://numismatics.org/collectionimages/19001949/1944/1944.100.49098.rev.width350.jpg"]},{"from":169,"to":170,"title":"RIC III Marcus Aurelius 225. 1956.127.846","image_urls":["http://numismatics.org/collectionimages/19501999/1956/1956.127.846.rev.width350.jpg"]},{"from":169,"to":170,"title":"RIC III Marcus Aurelius 222. 1956.127.842","image_urls":["http://numismatics.org/collectionimages/19501999/1956/1956.127.842.rev.width350.jpg"]},{"from":169,"to":170,"title":"RIC III Marcus Aurelius 212. 1956.127.836","image_urls":["http://numismatics.org/collectionimages/19501999/1956/1956.127.836.rev.width350.jpg"]},{"from":169,"to":170,"title":"RIC III Marcus Aurelius 222. 1956.127.845","image_urls":["http://numismatics.org/collectionimages/19501999/1956/1956.127.845.rev.width350.jpg"]},{"from":169,"to":170,"title":"RIC III Marcus Aurelius 979. 1995.11.124","image_urls":["http://numismatics.org/collectionimages/19501999/1995/1995.11.124.rev.width350.jpg"]},{"from":169,"to":170,"title":"RIC III Marcus Aurelius 212. 1956.127.837","image_urls":["http://numismatics.org/collectionimages/19501999/1956/1956.127.837.rev.width350.jpg"]},{"from":169,"to":170,"title":"RIC III Marcus Aurelius 215. 1956.127.1925","image_urls":["http://numismatics.org/collectionimages/19501999/1956/1956.127.1925.rev.width350.jpg"]},{"from":169,"to":170,"title":"RIC III Marcus Aurelius 216. 1956.127.839","image_urls":["http://numismatics.org/collectionimages/19501999/1956/1956.127.839.rev.width350.jpg"]},{"from":169,"to":170,"title":"RIC III Marcus Aurelius 211. 1948.19.1317","image_urls":["http://numismatics.org/collectionimages/19001949/1948/1948.19.1317.rev.width350.jpg"]},{"from":169,"to":170,"title":"RIC III Marcus Aurelius 979. 1988.5.52","image_urls":["http://numismatics.org/collectionimages/19501999/1988/1988.5.52.rev.width350.jpg"]},{"from":169,"to":170,"title":"RIC III Marcus Aurelius 979. 1906.236.703","image_urls":["http://numismatics.org/collectionimages/19001949/1906/1906.236.703.rev.width350.jpg"]},{"from":169,"to":170,"title":"RIC III Marcus Aurelius 217A. 1973.16.21","image_urls":["http://numismatics.org/collectionimages/19501999/1973/1973.16.21.rev.width350.jpg"]},{"from":169,"to":170,"title":"Bronze Coin, Seleuceia ad Tigrim, AD 169 - AD 170. 1944.100.83473","image_urls":["http://numismatics.org/collectionimages/19001949/1944/1944.100.83473.rev.width350.jpg"]},{"from":169,"to":170,"title":"Billon Tetradrachm of Marcus Aurelius, Alexandreia, AD 169 - AD 170. 1944.100.61192","image_urls":["http://numismatics.org/collectionimages/19001949/1944/1944.100.61192.rev.width350.jpg"]},{"from":169,"to":170,"title":"RIC III Marcus Aurelius 225. 1956.127.1928","image_urls":["http://numismatics.org/collectionimages/19501999/1956/1956.127.1928.rev.width350.jpg"]},{"from":169,"to":170,"title":"RIC III Marcus Aurelius 979. 1952.4.12","image_urls":["http://numismatics.org/collectionimages/19501999/1952/1952.4.12.rev.width350.jpg"]},{"from":169,"to":170,"title":"RIC III Marcus Aurelius 222. 1956.127.843","image_urls":["http://numismatics.org/collectionimages/19501999/1956/1956.127.843.rev.width350.jpg"]},{"from":169,"to":170,"title":"RIC III Marcus Aurelius 980. 1995.11.110","image_urls":["http://numismatics.org/collectionimages/19501999/1995/1995.11.110.rev.width350.jpg"]},{"from":169,"to":170,"title":"RIC III Marcus Aurelius 985. 1995.11.992","image_urls":["http://numismatics.org/collectionimages/19501999/1995/1995.11.992.rev.width350.jpg"]},{"from":169,"to":170,"title":"RIC III Marcus Aurelius 222. 1911.23.311","image_urls":["http://numismatics.org/collectionimages/19001949/1911/1911.23.311.rev.width350.jpg"]},{"from":169,"to":170,"title":"RIC III Marcus Aurelius 211. 1956.127.833","image_urls":["http://numismatics.org/collectionimages/19501999/1956/1956.127.833.rev.width350.jpg"]},{"from":169,"to":170,"title":"Silver Tetradrachm, Seleuceia ad Tigrim, AD 169 - AD 170. 1944.100.83421","image_urls":["http://numismatics.org/collectionimages/19001949/1944/1944.100.83421.rev.width350.jpg"]},{"from":169,"to":170,"title":"RIC III Marcus Aurelius 225. 1956.127.1927","image_urls":["http://numismatics.org/collectionimages/19501999/1956/1956.127.1927.rev.width350.jpg"]},{"from":169,"to":170,"title":"RIC III Marcus Aurelius 212. 1956.127.835","image_urls":["http://numismatics.org/collectionimages/19501999/1956/1956.127.835.rev.width350.jpg"]},{"from":169,"to":170,"title":"RIC III Marcus Aurelius 222. 1956.127.844","image_urls":["http://numismatics.org/collectionimages/19501999/1956/1956.127.844.rev.width350.jpg"]},{"from":169,"to":170,"title":"RIC III Marcus Aurelius 221. 1956.127.840","image_urls":["http://numismatics.org/collectionimages/19501999/1956/1956.127.840.rev.width350.jpg"]},{"from":169,"to":170,"title":"RIC III Marcus Aurelius 215. 1956.127.834","image_urls":["http://numismatics.org/collectionimages/19501999/1956/1956.127.834.rev.width350.jpg"]},{"from":169,"to":170,"title":"RIC III Marcus Aurelius 984. 1906.236.704","image_urls":["http://numismatics.org/collectionimages/19001949/1906/1906.236.704.rev.width350.jpg"]}]