[{"from":170,"to":171,"title":"LEIC-210732: A coin issued by Marcus Aurelius (as Augustus)","image_urls":["https://finds.org.uk/images/wscott/210732.JPG"]},{"from":170,"to":171,"title":"HAMP-70C2A2: A coin issued by Marcus Aurelius (as Augustus)","image_urls":["https://finds.org.uk/images/rwebley/HAMP-70C2A2MarcusAureliussestertius.jpg"]},{"from":170,"to":171,"title":"PUBLIC-4B50C5: A coin issued by Marcus Aurelius (as Augustus)","image_urls":["https://finds.org.uk/images/calow1/FLE12.%20269.jpg"]},{"from":170,"to":171,"title":"LANCUM-CB1582: A coin issued by Marcus Aurelius (as Augustus)","image_urls":["https://finds.org.uk/images/dboughton/LANCUMCB1582.jpg"]},{"from":170,"to":171,"title":"WAW-ECA4D6: A coin issued by Marcus Aurelius (as Caesar)","image_urls":["https://finds.org.uk/images/abolton/WAW-ECA4D6.jpg"]},{"from":170,"to":171,"title":"HAMP-80C382: A coin issued by Marcus Aurelius (as Augustus)","image_urls":["https://finds.org.uk/images/rwebley/HAMP-80C382MarcusAureliusdupondius.jpg"]},{"from":170,"to":173,"title":"BM-6109D2: A coin issued by Marcus Aurelius (as Augustus)","image_urls":["https://finds.org.uk/images/jasonlundock/5143.jpg"]},{"from":170,"to":171,"title":"YORYM-E98F81: A coin issued by Marcus Aurelius (as Augustus)","image_urls":["https://finds.org.uk/images/bmorris/BR1267.jpg"]},{"from":170,"to":171,"title":"HESH-BC7744: A coin issued by Marcus Aurelius (as Caesar)","image_urls":["https://finds.org.uk/images/preavill/HESH-BC7744.jpg"]},{"from":170,"to":171,"title":"CORN-D7D3F2: A coin issued by Marcus Aurelius (as Augustus)","image_urls":["https://finds.org.uk/images/atyacke/MarcusAureliussestobv.jpg"]},{"from":170,"to":171,"title":"SWYOR-50DE15: A coin issued by Marcus Aurelius (as Augustus)","image_urls":["https://finds.org.uk/images/acooper/PAS%2095%20coin.jpg"]},{"from":170,"to":171,"title":"CAM-BCA2B1: A coin issued by Marcus Aurelius (as Augustus)","image_urls":["https://finds.org.uk/images/hfowler/CAM-BCA2B1.jpg"]},{"from":170,"to":171,"title":"BERK-83D0B1: A coin issued by Marcus Aurelius (as Augustus)","image_urls":["https://finds.org.uk/images/maritime/596%20Berk%2083D0B1.jpg"]},{"from":170,"to":170,"title":"DENO-92D5E4: A coin issued by Marcus Aurelius (as Augustus)","image_urls":["https://finds.org.uk/images/arohde/E6073%20coin%2014.jpg"]},{"from":170,"to":170,"title":"NARC-7DC021: A coin issued by Marcus Aurelius (as Augustus)","image_urls":["https://finds.org.uk/images/jcassidy/NARC-7DC021%20obverse.jpg"]},{"from":170,"to":172,"title":"PUBLIC-6703A7: A coin issued by Marcus Aurelius (as Augustus)","image_urls":["https://finds.org.uk/images/Linz/Aurelius%20sestertius.jpg"]},{"from":170,"to":240,"title":"NARC-893717: A coin with an unrecorded/uncertain issuer.","image_urls":["https://finds.org.uk/images/rwebley/NARC-893717denariusobv.JPG"]},{"from":170,"to":171,"title":"PUBLIC-BD46C5: A coin issued by Marcus Aurelius (as Augustus)","image_urls":["https://finds.org.uk/images/calow1/FLE13.520.JPG"]},{"from":170,"to":175,"title":"LVPL-568CD5: A coin issued by Aurelian","image_urls":["https://finds.org.uk/images/fmcintosh/coin%2014.jpg"]},{"from":170,"to":171,"title":"IOW-B7E7C6: A coin issued by Marcus Aurelius (as Augustus)","image_urls":["https://finds.org.uk/images/fbasford/IOW2012-2-122.JPG"]},{"from":170,"to":171,"title":"IOW-FE5686: A coin issued by Marcus Aurelius (as Augustus)","image_urls":["https://finds.org.uk/images/fbasford/IOW2011-2-214.JPG"]},{"from":170,"to":171,"title":"PUBLIC-7DBF23: A coin issued by Marcus Aurelius (as Augustus)","image_urls":["https://finds.org.uk/images/calow1/FLE14.%20614.JPG"]},{"from":170,"to":171,"title":"WMID-34E581: A coin issued by Marcus Aurelius (as Augustus)","image_urls":["https://finds.org.uk/images/tbrindle/WMID-34E581.jpg"]},{"from":170,"to":174,"title":"PUBLIC-E22A77: A coin issued by Marcus Aurelius (as Augustus)","image_urls":["https://finds.org.uk/images/calow1/FLE14.%20849.jpg"]},{"from":170,"to":170,"title":"LIN-7C0EFC: A coin issued by Marcus Aurelius (as Augustus)","image_urls":["https://finds.org.uk/images/adaubney/LIN7C0EFC.jpg"]},{"from":170,"to":171,"title":"SUR-8CB5A3: A coin issued by Marcus Aurelius (as Augustus)","image_urls":["https://finds.org.uk/images/margaretb/13-927.JPG"]},{"from":170,"to":171,"title":"SUSS-D3BF81: A coin issued by Marcus Aurelius (as Augustus)","image_urls":["https://finds.org.uk/images/corbie01/SUSS-D3BF81DupMAurelius.jpg"]},{"from":170,"to":180,"title":"HAMP-FBDE83: A coin issued by Marcus Aurelius (as Augustus)","image_urls":["https://finds.org.uk/images/rwebley/HAMP-FBDE83MarcusAureliussestertius.jpg"]},{"from":170,"to":171,"title":"NCL-7CF5F7: A coin issued by Marcus Aurelius (as Augustus)","image_urls":["https://finds.org.uk/images/rcollins/Niel%20Stokoe%20Marcus%20Aurelius%20denarius.jpg"]},{"from":170,"to":172,"title":"HAMP-6DBFE8: A coin issued by Marcus Aurelius (as Augustus)","image_urls":["https://finds.org.uk/images/rwebley/HAMP-6DBFE8MarcusAureliusdenarius.jpg"]},{"from":170,"to":171,"title":"IOW-5FCB61: A coin issued by Marcus Aurelius (as Augustus)","image_urls":["https://finds.org.uk/images/fbasford/IOW2009-1-239.JPG"]},{"from":170,"to":172,"title":"BERK-6FBE92: A coin issued by Antoninus Pius","image_urls":["https://finds.org.uk/images/abyard/2011561.JPG"]},{"from":170,"to":171,"title":"BH-D403F7: A coin issued by Marcus Aurelius (as Augustus)","image_urls":["https://finds.org.uk/images/jwatters/Roman%20coin%2009%20195%20-%202.jpg"]},{"from":170,"to":171,"title":"NCL-139F21: A coin issued by Marcus Aurelius (as Augustus)","image_urls":["https://finds.org.uk/images/pwalton/4590.jpg"]},{"from":170,"to":171,"title":"NMGW-5CE36B: A coin issued by Marcus Aurelius (as Augustus)","image_urls":["https://finds.org.uk/images/wenkedomscheit/2013.134.8jpg.jpg"]},{"from":170,"to":171,"title":"WAW-9E4272: A coin issued by Marcus Aurelius (as Caesar)","image_urls":["https://finds.org.uk/images/abolton/WAW-9E4272.jpg"]},{"from":170,"to":172,"title":"PUBLIC-347985: A coin issued by Marcus Aurelius (as Augustus)","image_urls":["https://finds.org.uk/images/calow1/FLE14.%20676.JPG"]},{"from":170,"to":171,"title":"NCL-A4FA87: A coin issued by Marcus Aurelius (as Augustus)","image_urls":["https://finds.org.uk/images/pwalton/A4FA87.jpg"]},{"from":170,"to":172,"title":"CORN-CCEE70: A coin issued by Marcus Aurelius (as Caesar)","image_urls":["https://finds.org.uk/images/atyacke/Larkinfinds%20013.jpg"]},{"from":170,"to":171,"title":"WAW-3F5791: A coin issued by Marcus Aurelius (as Augustus)","image_urls":["https://finds.org.uk/images/abolton/WAW-3F5791.jpg"]},{"from":170,"to":171,"title":"SF-D336B7: A coin issued by Marcus Aurelius (as Augustus)","image_urls":["https://finds.org.uk/images/abrown/DLL_SF-D336B7.jpg"]},{"from":170,"to":171,"title":"RIC III Marcus Aurelius 233. 1956.127.853","image_urls":["http://numismatics.org/collectionimages/19501999/1956/1956.127.853.rev.width350.jpg"]},{"from":170,"to":193,"title":"Bronze Coin, Athens, AD 170 - AD 193. 1916.106.18","image_urls":["http://numismatics.org/collectionimages/19001949/1916/1916.106.18.rev.width350.jpg"]},{"from":170,"to":171,"title":"RIC III Marcus Aurelius 251. 1956.127.856","image_urls":["http://numismatics.org/collectionimages/19501999/1956/1956.127.856.rev.width350.jpg"]},{"from":170,"to":171,"title":"RIC III Marcus Aurelius 248. 1911.23.313","image_urls":["http://numismatics.org/collectionimages/19001949/1911/1911.23.313.rev.width350.jpg"]},{"from":170,"to":171,"title":"RIC III Marcus Aurelius 999. 1944.100.49173","image_urls":["http://numismatics.org/collectionimages/19001949/1944/1944.100.49173.rev.width350.jpg"]},{"from":170,"to":171,"title":"RIC III Marcus Aurelius 998. 1922.999.88","image_urls":["http://numismatics.org/collectionimages/19001949/1922/1922.999.88.rev.width350.jpg"]},{"from":170,"to":171,"title":"Bronze Drachm of Marcus Aurelius, Alexandreia, AD 170 - AD 171. 1944.100.61310","image_urls":["http://numismatics.org/collectionimages/19001949/1944/1944.100.61310.rev.width350.jpg"]},{"from":170,"to":171,"title":"RIC III Marcus Aurelius 989. 1989.11.2","image_urls":["http://numismatics.org/collectionimages/19501999/1989/1989.11.2.rev.width350.jpg"]},{"from":170,"to":171,"title":"RIC III Marcus Aurelius 1002. 1944.100.49168","image_urls":["http://numismatics.org/collectionimages/19001949/1944/1944.100.49168.rev.width350.jpg"]},{"from":170,"to":171,"title":"RIC III Marcus Aurelius 995. 1943.102.76","image_urls":["http://numismatics.org/collectionimages/19001949/1943/1943.102.76.rev.width350.jpg"]},{"from":170,"to":171,"title":"RIC III Marcus Aurelius 239. 1956.127.855","image_urls":["http://numismatics.org/collectionimages/19501999/1956/1956.127.855.rev.width350.jpg"]},{"from":170,"to":171,"title":"RIC III Marcus Aurelius 239. 1944.100.49102","image_urls":["http://numismatics.org/collectionimages/19001949/1944/1944.100.49102.rev.width350.jpg"]},{"from":170,"to":171,"title":"RIC III Marcus Aurelius 251. 1944.100.49105","image_urls":["http://numismatics.org/collectionimages/19001949/1944/1944.100.49105.rev.width350.jpg"]},{"from":170,"to":171,"title":"RIC III Marcus Aurelius 231. 1995.11.134","image_urls":["http://numismatics.org/collectionimages/19501999/1995/1995.11.134.rev.width350.jpg"]},{"from":170,"to":171,"title":"RIC III Marcus Aurelius 1001. 0000.999.20919","image_urls":["http://numismatics.org/collectionimages/00001899/0000/0000.999.20919.rev.width350.jpg"]},{"from":170,"to":171,"title":"RIC III Marcus Aurelius 251. 1987.26.170","image_urls":["http://numismatics.org/collectionimages/19501999/1987/1987.26.170.rev.width350.jpg"]},{"from":170,"to":171,"title":"RIC III Marcus Aurelius 1016. 1944.100.49172","image_urls":["http://numismatics.org/collectionimages/19001949/1944/1944.100.49172.rev.width350.jpg"]},{"from":170,"to":171,"title":"RIC III Marcus Aurelius 998. 1984.176.33","image_urls":["http://numismatics.org/collectionimages/19501999/1984/1984.176.33.rev.width350.jpg"]},{"from":170,"to":171,"title":"RIC III Marcus Aurelius 230. 1956.127.851","image_urls":["http://numismatics.org/collectionimages/19501999/1956/1956.127.851.rev.width350.jpg"]},{"from":170,"to":171,"title":"RIC III Marcus Aurelius 1004. 1944.100.49169","image_urls":["http://numismatics.org/collectionimages/19001949/1944/1944.100.49169.rev.width350.jpg"]},{"from":170,"to":171,"title":"RIC III Marcus Aurelius 1001. 1944.100.77984","image_urls":["http://numismatics.org/collectionimages/19001949/1944/1944.100.77984.rev.width350.jpg"]},{"from":170,"to":171,"title":"RIC III Marcus Aurelius 1006. 1978.64.440","image_urls":["http://numismatics.org/collectionimages/19501999/1978/1978.64.440.rev.width350.jpg"]},{"from":170,"to":171,"title":"RIC III Marcus Aurelius 239. 1944.100.49134","image_urls":["http://numismatics.org/collectionimages/19001949/1944/1944.100.49134.rev.width350.jpg"]},{"from":170,"to":171,"title":"Bronze Drachm of Marcus Aurelius, Alexandreia, AD 170 - AD 171. 1944.100.61366","image_urls":["http://numismatics.org/collectionimages/19001949/1944/1944.100.61366.rev.width350.jpg"]},{"from":170,"to":171,"title":"RIC III Marcus Aurelius 1006. 1944.100.49170","image_urls":["http://numismatics.org/collectionimages/19001949/1944/1944.100.49170.rev.width350.jpg"]},{"from":170,"to":171,"title":"RIC III Marcus Aurelius 234. 1980.109.350","image_urls":["http://numismatics.org/collectionimages/19501999/1980/1980.109.350.rev.width350.jpg"]},{"from":170,"to":171,"title":"RIC III Marcus Aurelius 240. 1956.127.854","image_urls":["http://numismatics.org/collectionimages/19501999/1956/1956.127.854.rev.width350.jpg"]},{"from":170,"to":171,"title":"RIC III Marcus Aurelius 245. 1944.100.49104","image_urls":["http://numismatics.org/collectionimages/19001949/1944/1944.100.49104.rev.width350.jpg"]},{"from":170,"to":171,"title":"RIC III Marcus Aurelius 1017. 1995.11.125","image_urls":["http://numismatics.org/collectionimages/19501999/1995/1995.11.125.rev.width350.jpg"]},{"from":170,"to":171,"title":"RIC III Marcus Aurelius 233. 1944.100.49101","image_urls":["http://numismatics.org/collectionimages/19001949/1944/1944.100.49101.rev.width350.jpg"]},{"from":170,"to":171,"title":"RIC III Marcus Aurelius 231. 1948.19.1320","image_urls":["http://numismatics.org/collectionimages/19001949/1948/1948.19.1320.rev.width350.jpg"]},{"from":170,"to":171,"title":"RIC III Marcus Aurelius 251. 1956.127.1930","image_urls":["http://numismatics.org/collectionimages/19501999/1956/1956.127.1930.rev.width350.jpg"]},{"from":170,"to":171,"title":"RIC III Marcus Aurelius 227. 1956.127.848","image_urls":["http://numismatics.org/collectionimages/19501999/1956/1956.127.848.rev.width350.jpg"]},{"from":170,"to":171,"title":"RIC III Marcus Aurelius 1017. 1980.187.11","image_urls":["http://numismatics.org/collectionimages/19501999/1980/1980.187.11.rev.width350.jpg"]},{"from":170,"to":171,"title":"RIC III Marcus Aurelius 248. 1937.158.511","image_urls":["http://numismatics.org/collectionimages/19001949/1937/1937.158.511.rev.width350.jpg"]},{"from":170,"to":171,"title":"RIC III Marcus Aurelius 239. 1995.11.974","image_urls":["http://numismatics.org/collectionimages/19501999/1995/1995.11.974.rev.width350.jpg"]},{"from":170,"to":171,"title":"RIC III Marcus Aurelius 1006. 1995.11.105","image_urls":["http://numismatics.org/collectionimages/19501999/1995/1995.11.105.rev.width350.jpg"]},{"from":170,"to":171,"title":"RIC III Marcus Aurelius 1015. 1944.100.49174","image_urls":["http://numismatics.org/collectionimages/19001949/1944/1944.100.49174.rev.width350.jpg"]},{"from":170,"to":171,"title":"RIC III Marcus Aurelius 228. 1944.100.49103","image_urls":["http://numismatics.org/collectionimages/19001949/1944/1944.100.49103.rev.width350.jpg"]},{"from":170,"to":171,"title":"RIC III Marcus Aurelius 995. 1995.11.986","image_urls":["http://numismatics.org/collectionimages/19501999/1995/1995.11.986.rev.width350.jpg"]},{"from":170,"to":171,"title":"RIC III Marcus Aurelius 1006. 1944.100.49171","image_urls":["http://numismatics.org/collectionimages/19001949/1944/1944.100.49171.rev.width350.jpg"]},{"from":170,"to":171,"title":"RIC III Marcus Aurelius 231. 1956.127.850","image_urls":["http://numismatics.org/collectionimages/19501999/1956/1956.127.850.rev.width350.jpg"]},{"from":170,"to":171,"title":"RIC III Marcus Aurelius 233. 1956.127.852","image_urls":["http://numismatics.org/collectionimages/19501999/1956/1956.127.852.rev.width350.jpg"]},{"from":170,"to":171,"title":"RIC III Marcus Aurelius 231. 1956.127.849","image_urls":["http://numismatics.org/collectionimages/19501999/1956/1956.127.849.rev.width350.jpg"]},{"from":170,"to":193,"title":"Bronze Coin, Athens, AD 170 - AD 193. 1944.100.26175","image_urls":["http://numismatics.org/collectionimages/19001949/1944/1944.100.26175.rev.width350.jpg"]},{"from":170,"to":171,"title":"RIC III Marcus Aurelius 233. 1956.127.1929","image_urls":["http://numismatics.org/collectionimages/19501999/1956/1956.127.1929.rev.width350.jpg"]}]