[{"from":171,"to":172,"title":"CORN-AC5F05: A coin issued by Marcus Aurelius (as Augustus)","image_urls":["https://finds.org.uk/images/atyacke/Hillpot%20001.jpg"]},{"from":171,"to":171,"title":"BERK-F20C56: A coin issued by Marcus Aurelius (as Augustus)","image_urls":["https://finds.org.uk/images/abyard/lovegrove321b.jpg"]},{"from":171,"to":171,"title":"LEIC-6F2137: A coin issued by Marcus Aurelius (as Augustus)","image_urls":["https://finds.org.uk/images/wscott/6F2137%20.JPG"]},{"from":171,"to":172,"title":"HAMP-D96F95: A coin issued by Marcus Aurelius (as Augustus)","image_urls":["https://finds.org.uk/images/rwebley/HAMP-D96F95MarcusAureliussestertius.jpg"]},{"from":171,"to":171,"title":"GLO-17B917: A coin issued by Marcus Aurelius (as Augustus)","image_urls":["https://finds.org.uk/images/kadams/DSC1377copy.jpg"]},{"from":171,"to":172,"title":"SWYOR-10BBD6: A coin issued by Marcus Aurelius (as Augustus)","image_urls":["https://finds.org.uk/images/acooper/PAS_2009_denarius.jpg"]},{"from":171,"to":174,"title":"SUR-A62A53: A coin issued by Marcus Aurelius (as Augustus)","image_urls":["https://finds.org.uk/images/dwilliams/07.163.JPG"]},{"from":171,"to":172,"title":"LEIC-CAA016: A coin issued by Marcus Aurelius (as Caesar)","image_urls":["https://finds.org.uk/images/wscott/CAA016%20.JPG"]},{"from":171,"to":171,"title":"LVPL-818EB8: A coin issued by Marcus Aurelius (as Augustus)","image_urls":["https://finds.org.uk/images/voakden/LVPL-818EB8.jpg"]},{"from":171,"to":172,"title":"WMID-322E47: A coin issued by Marcus Aurelius (as Augustus)","image_urls":["https://finds.org.uk/images/dslarke/pearson%202%200109%20copy.jpg"]},{"from":171,"to":172,"title":"LANCUM-551348: A coin issued by Marcus Aurelius (as Augustus)","image_urls":["https://finds.org.uk/images/dboughton/LVMDSG551348.jpg"]},{"from":171,"to":172,"title":"SUSS-25E1B6: A coin issued by Marcus Aurelius (as Augustus)","image_urls":["https://finds.org.uk/images/stephaniesmith/SUSS-25E1B6.jpg"]},{"from":171,"to":172,"title":"BH-CD8732: A coin issued by Marcus Aurelius (as Augustus)","image_urls":["https://finds.org.uk/images/jwatters/Roman_coin_12_64_28.jpg"]},{"from":171,"to":171,"title":"GLO-737C04: A coin issued by Marcus Aurelius (as Augustus)","image_urls":["https://finds.org.uk/images/kadams/GLO737C04.jpg"]},{"from":171,"to":172,"title":"BUC-52E337: A coin issued by Marcus Aurelius (as Augustus)","image_urls":["https://finds.org.uk/images/lbuckley/DSCN8640.JPG"]},{"from":171,"to":172,"title":"SF-C64838: A coin issued by Marcus Aurelius (as Augustus)","image_urls":["https://finds.org.uk/images/abrown/FOS_SF-C64838.jpg"]},{"from":171,"to":172,"title":"WMID-F9B201: A coin issued by Marcus Aurelius (as Augustus)","image_urls":["https://finds.org.uk/images/tbrindle/WMID-F9B201.jpg"]},{"from":171,"to":172,"title":"DEV-032603: A coin issued by Marcus Aurelius (as Augustus)","image_urls":["https://finds.org.uk/images/dwootton/dev032603.jpg"]},{"from":171,"to":173,"title":"SUR-B48174: A coin issued by Marcus Aurelius (as Augustus)","image_urls":["https://finds.org.uk/images/dwilliams/B10.72.JPG"]},{"from":171,"to":172,"title":"PUBLIC-56F01C: A coin issued by Marcus Aurelius (as Augustus)","image_urls":["https://finds.org.uk/images/whipet/ma2.JPG"]},{"from":171,"to":172,"title":"WILT-9E9643: A coin with an unrecorded/uncertain issuer.","image_urls":["https://finds.org.uk/images/rnicholls/Marcus%20Aurelius%20sestertius.jpg"]},{"from":171,"to":173,"title":"DEV-980B08: A coin issued by Marcus Aurelius (as Augustus)","image_urls":["https://finds.org.uk/images/dwootton/DEV-980B08%20Roman%20coin%20of%20Marcus%20Aurelius-.jpg"]},{"from":171,"to":171,"title":"GLO-73A874: A coin issued by Faustina the Elder","image_urls":["https://finds.org.uk/images/kadams/GLO73A874.jpg"]},{"from":171,"to":172,"title":"RIC III Marcus Aurelius 255. 1950.88.7","image_urls":["http://numismatics.org/collectionimages/19501999/1950/1950.88.7.rev.width350.jpg"]},{"from":171,"to":172,"title":"RIC III Marcus Aurelius 1034. 1944.100.49177","image_urls":["http://numismatics.org/collectionimages/19001949/1944/1944.100.49177.rev.width350.jpg"]},{"from":171,"to":172,"title":"Bronze Drachm of Marcus Aurelius, Alexandreia, AD 171 - AD 172. 1944.100.61368","image_urls":["http://numismatics.org/collectionimages/19001949/1944/1944.100.61368.rev.width350.jpg"]},{"from":171,"to":172,"title":"Silver Tetradrachm, Seleuceia ad Tigrim, AD 171 - AD 172. 1944.100.83423","image_urls":["http://numismatics.org/collectionimages/19001949/1944/1944.100.83423.rev.width350.jpg"]},{"from":171,"to":172,"title":"Bronze Drachm of Marcus Aurelius, Alexandreia, AD 171 - AD 172. 1944.100.61314","image_urls":["http://numismatics.org/collectionimages/19001949/1944/1944.100.61314.rev.width350.jpg"]},{"from":171,"to":172,"title":"RIC III Marcus Aurelius 1040. 1947.2.496","image_urls":["http://numismatics.org/collectionimages/19001949/1947/1947.2.496.rev.width350.jpg"]},{"from":171,"to":172,"title":"RIC III Marcus Aurelius 1028. 1906.236.394","image_urls":["http://numismatics.org/collectionimages/19001949/1906/1906.236.394.rev.width350.jpg"]},{"from":171,"to":172,"title":"RIC III Marcus Aurelius 252. 1911.23.316","image_urls":["http://numismatics.org/collectionimages/19001949/1911/1911.23.316.rev.width350.jpg"]},{"from":171,"to":180,"title":"Silver Denarius of Marcus Aurelius, Rome, AD 171 - AD 180. 1951.117.21","image_urls":["http://numismatics.org/collectionimages/19501999/1951/1951.117.21.rev.width350.jpg"]},{"from":171,"to":172,"title":"Bronze Drachm of Marcus Aurelius, Alexandreia, AD 171 - AD 172. 1944.100.61313","image_urls":["http://numismatics.org/collectionimages/19001949/1944/1944.100.61313.rev.width350.jpg"]},{"from":171,"to":180,"title":"Bronze Denarius of Marcus Aurelius, Rome, AD 171 - AD 180. 1953.45.15","image_urls":["http://numismatics.org/collectionimages/19501999/1953/1953.45.15.rev.width350.jpg"]},{"from":171,"to":172,"title":"RIC III Marcus Aurelius 1033. 1944.100.49176","image_urls":["http://numismatics.org/collectionimages/19001949/1944/1944.100.49176.rev.width350.jpg"]},{"from":171,"to":172,"title":"Bronze Drachm of Marcus Aurelius, Alexandreia, AD 171 - AD 172. 1944.100.61367","image_urls":["http://numismatics.org/collectionimages/19001949/1944/1944.100.61367.rev.width350.jpg"]},{"from":171,"to":172,"title":"RIC III Marcus Aurelius 264. 1966.62.19","image_urls":["http://numismatics.org/collectionimages/19501999/1966/1966.62.19.rev.width350.jpg"]},{"from":171,"to":172,"title":"RIC III Marcus Aurelius 261. 1956.127.1931","image_urls":["http://numismatics.org/collectionimages/19501999/1956/1956.127.1931.rev.width350.jpg"]},{"from":171,"to":172,"title":"RIC III Marcus Aurelius 259. 1911.23.315","image_urls":["http://numismatics.org/collectionimages/19001949/1911/1911.23.315.rev.width350.jpg"]},{"from":171,"to":172,"title":"RIC III Marcus Aurelius 1047. 1944.100.49181","image_urls":["http://numismatics.org/collectionimages/19001949/1944/1944.100.49181.rev.width350.jpg"]},{"from":171,"to":172,"title":"RIC III Marcus Aurelius 1023. 1944.100.49175","image_urls":["http://numismatics.org/collectionimages/19001949/1944/1944.100.49175.rev.width350.jpg"]},{"from":171,"to":172,"title":"RIC III Marcus Aurelius 259. 1956.28.271","image_urls":["http://numismatics.org/collectionimages/19501999/1956/1956.28.271.rev.width350.jpg"]},{"from":171,"to":172,"title":"RIC III Marcus Aurelius 1037. 1944.100.49179","image_urls":["http://numismatics.org/collectionimages/19001949/1944/1944.100.49179.rev.width350.jpg"]},{"from":171,"to":172,"title":"RIC III Marcus Aurelius 1037. 1944.100.49178","image_urls":["http://numismatics.org/collectionimages/19001949/1944/1944.100.49178.rev.width350.jpg"]},{"from":171,"to":172,"title":"Bronze Drachm of Marcus Aurelius, Alexandreia, AD 171 - AD 172. 1944.100.61369","image_urls":["http://numismatics.org/collectionimages/19001949/1944/1944.100.61369.rev.width350.jpg"]},{"from":171,"to":172,"title":"RIC III Marcus Aurelius 257. 1944.100.49107","image_urls":["http://numismatics.org/collectionimages/19001949/1944/1944.100.49107.rev.width350.jpg"]},{"from":171,"to":172,"title":"RIC III Marcus Aurelius 1029. 1995.11.127","image_urls":["http://numismatics.org/collectionimages/19501999/1995/1995.11.127.rev.width350.jpg"]},{"from":171,"to":172,"title":"RIC III Marcus Aurelius 259. 1956.127.858","image_urls":["http://numismatics.org/collectionimages/19501999/1956/1956.127.858.rev.width350.jpg"]},{"from":171,"to":172,"title":"RIC III Marcus Aurelius 260A. 1948.19.1321","image_urls":["http://numismatics.org/collectionimages/19001949/1948/1948.19.1321.rev.width350.jpg"]},{"from":171,"to":172,"title":"RIC III Marcus Aurelius 1029. 1978.64.439","image_urls":["http://numismatics.org/collectionimages/19501999/1978/1978.64.439.rev.width350.jpg"]},{"from":171,"to":172,"title":"RIC III Marcus Aurelius 1037. 1906.236.393","image_urls":["http://numismatics.org/collectionimages/19001949/1906/1906.236.393.rev.width350.jpg"]},{"from":171,"to":172,"title":"RIC III Marcus Aurelius 261. 1956.127.857","image_urls":["http://numismatics.org/collectionimages/19501999/1956/1956.127.857.rev.width350.jpg"]},{"from":171,"to":172,"title":"RIC III Marcus Aurelius 1037. 1995.11.126","image_urls":["http://numismatics.org/collectionimages/19501999/1995/1995.11.126.rev.width350.jpg"]},{"from":171,"to":172,"title":"RIC III Marcus Aurelius 1029. 1944.100.49180","image_urls":["http://numismatics.org/collectionimages/19001949/1944/1944.100.49180.rev.width350.jpg"]},{"from":171,"to":172,"title":"RIC III Marcus Aurelius 252. 1956.127.859","image_urls":["http://numismatics.org/collectionimages/19501999/1956/1956.127.859.rev.width350.jpg"]},{"from":171,"to":172,"title":"RIC III Marcus Aurelius 261. 1944.100.49106","image_urls":["http://numismatics.org/collectionimages/19001949/1944/1944.100.49106.rev.width350.jpg"]},{"from":171,"to":172,"title":"RIC III Marcus Aurelius 261. 1911.23.314","image_urls":["http://numismatics.org/collectionimages/19001949/1911/1911.23.314.rev.width350.jpg"]},{"from":171,"to":172,"title":"RIC III Marcus Aurelius 259. 1956.127.1932","image_urls":["http://numismatics.org/collectionimages/19501999/1956/1956.127.1932.rev.width350.jpg"]},{"from":171,"to":172,"title":"RIC III Marcus Aurelius 1031. 1944.100.49182","image_urls":["http://numismatics.org/collectionimages/19001949/1944/1944.100.49182.rev.width350.jpg"]},{"from":171,"to":172,"title":"RIC III Marcus Aurelius 257. 1956.127.860","image_urls":["http://numismatics.org/collectionimages/19501999/1956/1956.127.860.rev.width350.jpg"]},{"from":171,"to":172,"title":"Bronze Drachm of Marcus Aurelius, Alexandreia, AD 171 - AD 172. 1944.100.61311","image_urls":["http://numismatics.org/collectionimages/19001949/1944/1944.100.61311.rev.width350.jpg"]}]