[{"from":172,"to":176,"title":"DENO-839F0E: A coin issued by Commodus under Marcus Aurelius","image_urls":["https://finds.org.uk/images/cburrill2/ENQ210_BF_Coin_5_Bag4.jpg"]},{"from":172,"to":175,"title":"IOW-F9A9D1: A coin issued by Marcus Aurelius (as Augustus)","image_urls":["https://finds.org.uk/images/fbasford/IOW2011-5-85.JPG"]},{"from":172,"to":173,"title":"CAM-AA4187: A coin issued by Marcus Aurelius (as Augustus)","image_urls":["https://finds.org.uk/images/hfowler/CAM-AA4187.jpg"]},{"from":172,"to":173,"title":"BERK-70D521: A coin issued by Marcus Aurelius (as Augustus)","image_urls":["https://finds.org.uk/images/abyard/2013949.jpg"]},{"from":172,"to":176,"title":"BH-29C5F7: A coin issued by Marcus Aurelius (as Augustus)","image_urls":["https://finds.org.uk/images/jwatters/Roman%20coin%2009%2051%20-%2053.jpg"]},{"from":172,"to":174,"title":"SUSS-4CB802: A coin issued by Marcus Aurelius (as Augustus)","image_urls":["https://finds.org.uk/images/lburnett/SUSS-4CB802.jpg"]},{"from":172,"to":176,"title":"BM-036199: A coin issued by Commodus under Marcus Aurelius","image_urls":["https://finds.org.uk/images/vdrost/BM-036199_REV.JPG"]},{"from":172,"to":174,"title":"HAMP-77EE36: A coin issued by Marcus Aurelius (as Augustus)","image_urls":["https://finds.org.uk/images/rwebley/HAMP-77EE36MarcusAureliussestertius.jpg"]},{"from":172,"to":173,"title":"SUSS-366D24: A coin issued by Marcus Aurelius (as Augustus)","image_urls":["https://finds.org.uk/images/lburnett/suss-366d24.jpg"]},{"from":172,"to":173,"title":"PUBLIC-5D0542: A coin issued by Marcus Aurelius (as Augustus)","image_urls":["https://finds.org.uk/images/red72/397840_2821389208224_1528744745_n.jpg"]},{"from":172,"to":192,"title":"NARC-5D33C8: A coin issued by Commodus","image_urls":["https://finds.org.uk/images/jcassidy/NARC-5D33C8%20b.jpg"]},{"from":172,"to":174,"title":"LIN-382450: A coin issued by Marcus Aurelius (as Augustus)","image_urls":["https://finds.org.uk/images/adaubney/LIN6702.JPG"]},{"from":172,"to":173,"title":"NARC-1BC1D7: A coin issued by Marcus Aurelius (as Augustus)","image_urls":["https://finds.org.uk/images/tbrindle/NARC-1BC1D7.jpg"]},{"from":172,"to":173,"title":"KENT-121A72: A coin issued by Marcus Aurelius (as Augustus)","image_urls":["https://finds.org.uk/images/jjackson/KENT-121A72.jpg"]},{"from":172,"to":173,"title":"DENO-92C5E8: A coin issued by Marcus Aurelius (as Augustus)","image_urls":["https://finds.org.uk/images/arohde/E6073%20coin%2013.jpg"]},{"from":172,"to":173,"title":"YORYM-DA1255: A coin issued by Marcus Aurelius (as Augustus)","image_urls":["https://finds.org.uk/images/law/RM0024.jpg"]},{"from":172,"to":173,"title":"CAM-7E93F3: A coin issued by Marcus Aurelius (as Augustus)","image_urls":["https://finds.org.uk/images/pjw/CAM_7E93F3.jpg"]},{"from":172,"to":173,"title":"ESS-D54522: A coin issued by Marcus Aurelius (as Augustus)","image_urls":["https://finds.org.uk/images/lmclean/ESS-D54522.jpg"]},{"from":172,"to":173,"title":"WAW-5A0F81: A coin issued by Marcus Aurelius (as Augustus)","image_urls":["https://finds.org.uk/images/abolton/WAW-5A0F81.jpg"]},{"from":172,"to":173,"title":"DOR-CB74A1: A coin issued by Marcus Aurelius (as Augustus)","image_urls":["https://finds.org.uk/images/caht/CB74A1.jpg"]},{"from":172,"to":174,"title":"SUR-042769: A coin issued by Marcus Aurelius (as Augustus)","image_urls":["https://finds.org.uk/images/dwilliams/B15172.JPG"]},{"from":172,"to":173,"title":"SUSS-C3A2F1: A coin issued by Marcus Aurelius (as Augustus)","image_urls":["https://finds.org.uk/images/lburnett/coin%206.jpg"]},{"from":172,"to":174,"title":"IOW-901A81: A coin issued by Marcus Aurelius (as Augustus)","image_urls":["https://finds.org.uk/images/fbasford/IOW2012-1-122.JPG"]},{"from":172,"to":173,"title":"RIC III Marcus Aurelius 1085. 1954.18.169","image_urls":["http://numismatics.org/collectionimages/19501999/1954/1954.18.169.rev.width350.jpg"]},{"from":172,"to":173,"title":"RIC III Marcus Aurelius 276. 1944.100.49109","image_urls":["http://numismatics.org/collectionimages/19001949/1944/1944.100.49109.rev.width350.jpg"]},{"from":172,"to":173,"title":"Silver Tetradrachm, Seleuceia ad Tigrim, AD 172 - AD 173. 1944.100.83424","image_urls":["http://numismatics.org/collectionimages/19001949/1944/1944.100.83424.rev.width350.jpg"]},{"from":172,"to":173,"title":"RIC III Marcus Aurelius 1073. 1957.172.1751","image_urls":["http://numismatics.org/collectionimages/19501999/1957/1957.172.1751.rev.width350.jpg"]},{"from":172,"to":175,"title":"RIC III Marcus Aurelius 601. 1944.100.49639","image_urls":["http://numismatics.org/collectionimages/19001949/1944/1944.100.49639.rev.width350.jpg"]},{"from":172,"to":175,"title":"RIC III Marcus Aurelius 600. 1980.109.168","image_urls":["http://numismatics.org/collectionimages/19501999/1980/1980.109.168.rev.width350.jpg"]},{"from":172,"to":175,"title":"RIC III Marcus Aurelius 601. 1951.117.22","image_urls":["http://numismatics.org/collectionimages/19501999/1951/1951.117.22.rev.width350.jpg"]},{"from":172,"to":173,"title":"RIC III Marcus Aurelius 1058. 1974.140.84","image_urls":["http://numismatics.org/collectionimages/19501999/1974/1974.140.84.rev.width350.jpg"]},{"from":172,"to":173,"title":"RIC III Marcus Aurelius 1058. 1944.100.49183","image_urls":["http://numismatics.org/collectionimages/19001949/1944/1944.100.49183.rev.width350.jpg"]},{"from":172,"to":173,"title":"RIC III Marcus Aurelius 285. 1956.127.868","image_urls":["http://numismatics.org/collectionimages/19501999/1956/1956.127.868.rev.width350.jpg"]},{"from":172,"to":173,"title":"RIC III Marcus Aurelius 1074. 1944.100.49188","image_urls":["http://numismatics.org/collectionimages/19001949/1944/1944.100.49188.rev.width350.jpg"]},{"from":172,"to":173,"title":"RIC III Marcus Aurelius 276. 1944.100.49108","image_urls":["http://numismatics.org/collectionimages/19001949/1944/1944.100.49108.rev.width350.jpg"]},{"from":172,"to":173,"title":"RIC III Marcus Aurelius 284. 1956.127.867","image_urls":["http://numismatics.org/collectionimages/19501999/1956/1956.127.867.rev.width350.jpg"]},{"from":172,"to":175,"title":"RIC III Marcus Aurelius 601. 1956.127.1103","image_urls":["http://numismatics.org/collectionimages/19501999/1956/1956.127.1103.rev.width350.jpg"]},{"from":172,"to":173,"title":"RIC III Marcus Aurelius 273. 1956.127.863","image_urls":["http://numismatics.org/collectionimages/19501999/1956/1956.127.863.rev.width350.jpg"]},{"from":172,"to":173,"title":"RIC III Marcus Aurelius 1093. 1944.100.49193","image_urls":["http://numismatics.org/collectionimages/19001949/1944/1944.100.49193.rev.width350.jpg"]},{"from":172,"to":173,"title":"Bronze Coin, Seleuceia ad Tigrim, AD 172 - AD 173. 1944.100.83475","image_urls":["http://numismatics.org/collectionimages/19001949/1944/1944.100.83475.rev.width350.jpg"]},{"from":172,"to":173,"title":"RIC III Marcus Aurelius 1093. 1927.165.23","image_urls":["http://numismatics.org/collectionimages/19001949/1927/1927.165.23.rev.width350.jpg"]},{"from":172,"to":173,"title":"RIC III Marcus Aurelius 1518. 1944.100.49649","image_urls":["http://numismatics.org/collectionimages/19001949/1944/1944.100.49649.rev.width350.jpg"]},{"from":172,"to":173,"title":"RIC III Marcus Aurelius 1092. 1995.11.993","image_urls":["http://numismatics.org/collectionimages/19501999/1995/1995.11.993.rev.width350.jpg"]},{"from":172,"to":173,"title":"RIC III Marcus Aurelius 1064. 1995.11.987","image_urls":["http://numismatics.org/collectionimages/19501999/1995/1995.11.987.rev.width350.jpg"]},{"from":172,"to":173,"title":"RIC III Marcus Aurelius 1075. 1944.100.49187","image_urls":["http://numismatics.org/collectionimages/19001949/1944/1944.100.49187.rev.width350.jpg"]},{"from":172,"to":173,"title":"RIC III Marcus Aurelius 280. 1956.127.866","image_urls":["http://numismatics.org/collectionimages/19501999/1956/1956.127.866.rev.width350.jpg"]},{"from":172,"to":175,"title":"RIC III Marcus Aurelius 597. 1955.91.1","image_urls":["http://numismatics.org/collectionimages/19501999/1955/1955.91.1.rev.width350.jpg"]},{"from":172,"to":173,"title":"Bronze Drachm of Marcus Aurelius, Alexandreia, AD 172 - AD 173. 1944.100.61318","image_urls":["http://numismatics.org/collectionimages/19001949/1944/1944.100.61318.rev.width350.jpg"]},{"from":172,"to":173,"title":"RIC III Marcus Aurelius 285. 1944.100.49110","image_urls":["http://numismatics.org/collectionimages/19001949/1944/1944.100.49110.rev.width350.jpg"]},{"from":172,"to":173,"title":"RIC III Marcus Aurelius 1083. 1995.11.130","image_urls":["http://numismatics.org/collectionimages/19501999/1995/1995.11.130.rev.width350.jpg"]},{"from":172,"to":173,"title":"RIC III Marcus Aurelius 282. 1911.23.317","image_urls":["http://numismatics.org/collectionimages/19001949/1911/1911.23.317.rev.width350.jpg"]},{"from":172,"to":173,"title":"RIC III Marcus Aurelius 1057. 1951.61.68","image_urls":["http://numismatics.org/collectionimages/19501999/1951/1951.61.68.rev.width350.jpg"]},{"from":172,"to":173,"title":"RIC III Marcus Aurelius 1090. 1980.187.12","image_urls":["http://numismatics.org/collectionimages/19501999/1980/1980.187.12.rev.width350.jpg"]},{"from":172,"to":173,"title":"RIC III Marcus Aurelius 1058. 1944.100.49184","image_urls":["http://numismatics.org/collectionimages/19001949/1944/1944.100.49184.rev.width350.jpg"]},{"from":172,"to":173,"title":"RIC III Marcus Aurelius 285. 1948.19.1323","image_urls":["http://numismatics.org/collectionimages/19001949/1948/1948.19.1323.rev.width350.jpg"]},{"from":172,"to":173,"title":"RIC III Marcus Aurelius 1065. 1944.100.49191","image_urls":["http://numismatics.org/collectionimages/19001949/1944/1944.100.49191.rev.width350.jpg"]},{"from":172,"to":173,"title":"RIC III Marcus Aurelius 276. 1956.127.861","image_urls":["http://numismatics.org/collectionimages/19501999/1956/1956.127.861.rev.width350.jpg"]},{"from":172,"to":173,"title":"RIC III Marcus Aurelius 1063. 1944.100.49185","image_urls":["http://numismatics.org/collectionimages/19001949/1944/1944.100.49185.rev.width350.jpg"]},{"from":172,"to":175,"title":"RIC III Marcus Aurelius 601. 1956.127.1104","image_urls":["http://numismatics.org/collectionimages/19501999/1956/1956.127.1104.rev.width350.jpg"]},{"from":172,"to":173,"title":"RIC III Marcus Aurelius 282. 1956.127.864","image_urls":["http://numismatics.org/collectionimages/19501999/1956/1956.127.864.rev.width350.jpg"]},{"from":172,"to":173,"title":"RIC III Marcus Aurelius 1065. 1944.100.49192","image_urls":["http://numismatics.org/collectionimages/19001949/1944/1944.100.49192.rev.width350.jpg"]},{"from":172,"to":173,"title":"RIC III Marcus Aurelius 275. 1948.19.1322","image_urls":["http://numismatics.org/collectionimages/19001949/1948/1948.19.1322.rev.width350.jpg"]},{"from":172,"to":173,"title":"RIC III Marcus Aurelius 1082. 1995.11.111","image_urls":["http://numismatics.org/collectionimages/19501999/1995/1995.11.111.rev.width350.jpg"]},{"from":172,"to":173,"title":"RIC III Marcus Aurelius 278. 1956.127.865","image_urls":["http://numismatics.org/collectionimages/19501999/1956/1956.127.865.rev.width350.jpg"]},{"from":172,"to":173,"title":"RIC III Marcus Aurelius 1077. 1944.100.49189","image_urls":["http://numismatics.org/collectionimages/19001949/1944/1944.100.49189.rev.width350.jpg"]},{"from":172,"to":173,"title":"RIC III Marcus Aurelius 1076. 1995.11.1001","image_urls":["http://numismatics.org/collectionimages/19501999/1995/1995.11.1001.rev.width350.jpg"]},{"from":172,"to":173,"title":"RIC III Marcus Aurelius 1075. 1944.100.49186","image_urls":["http://numismatics.org/collectionimages/19001949/1944/1944.100.49186.rev.width350.jpg"]},{"from":172,"to":173,"title":"RIC III Marcus Aurelius 275. 1956.127.862","image_urls":["http://numismatics.org/collectionimages/19501999/1956/1956.127.862.rev.width350.jpg"]},{"from":172,"to":173,"title":"Bronze Drachm of Marcus Aurelius, Alexandreia, AD 172 - AD 173. 1944.100.61317","image_urls":["http://numismatics.org/collectionimages/19001949/1944/1944.100.61317.rev.width350.jpg"]},{"from":172,"to":173,"title":"RIC III Marcus Aurelius 1090. 1944.100.49190","image_urls":["http://numismatics.org/collectionimages/19001949/1944/1944.100.49190.rev.width350.jpg"]},{"from":172,"to":173,"title":"RIC III Marcus Aurelius 1087. 1948.146.10","image_urls":["http://numismatics.org/collectionimages/19001949/1948/1948.146.10.rev.width350.jpg"]}]