[{"from":173,"to":174,"title":"SF-4B639C: A coin issued by Marcus Aurelius (as Augustus)","image_urls":["https://finds.org.uk/images/gstewart/Steeple%20Bumpstead_SF-4B639C.jpg"]},{"from":173,"to":174,"title":"YORYM-1A2941: A coin issued by Marcus Aurelius (as Augustus)","image_urls":["https://finds.org.uk/images/yorkvol/DRob0002.jpg"]},{"from":173,"to":174,"title":"DOR-DEB9F6: A coin issued by Marcus Aurelius (as Augustus)","image_urls":["https://finds.org.uk/images/caht/DEB9F6.jpg"]},{"from":173,"to":174,"title":"SUR-A5C1D2: A coin issued by Marcus Aurelius (as Augustus)","image_urls":["https://finds.org.uk/images/dwilliams/07.160.JPG"]},{"from":173,"to":174,"title":"WMID-A9E2E3: A coin issued by Marcus Aurelius (as Augustus)","image_urls":["https://finds.org.uk/images/cjohnson/WMID-A9E2E3%20obv.jpg"]},{"from":173,"to":174,"title":"PUBLIC-E564C7: A coin issued by Marcus Aurelius (as Augustus)","image_urls":["https://finds.org.uk/images/calow1/FLE12.402.JPG"]},{"from":173,"to":174,"title":"LVPL-F1C251: A coin issued by Marcus Aurelius (as Augustus)","image_urls":["https://finds.org.uk/images/fmcintosh/pay%20111.jpg"]},{"from":173,"to":173,"title":"NLM-696464: A coin issued by Marcus Aurelius (as Augustus)","image_urls":["https://finds.org.uk/images/mforeman/NLM19016.jpg"]},{"from":173,"to":174,"title":"SUSS-F617C6: A coin issued by Marcus Aurelius (as Augustus)","image_urls":["https://finds.org.uk/images/lwalker/SUSS-F617C6.JPG"]},{"from":173,"to":174,"title":"SF-B53B41: A coin issued by Marcus Aurelius (as Augustus)","image_urls":["https://finds.org.uk/images/annab/THE_SFB53B41.jpg"]},{"from":173,"to":173,"title":"LIN-DD1221: A coin issued by Marcus Aurelius (as Augustus)","image_urls":["https://finds.org.uk/images/adaubney/LIN2013-1307.jpg"]},{"from":173,"to":173,"title":"NARC-E55997: A coin issued by Marcus Aurelius (as Augustus)","image_urls":["https://finds.org.uk/images/jcassidy/NARC-E55997%20a.jpg"]},{"from":173,"to":174,"title":"SF-6ED5F4: A coin issued by Marcus Aurelius (as Augustus)","image_urls":["https://finds.org.uk/images/abrown/WKS_SF-6ED5F4.jpg"]},{"from":173,"to":174,"title":"LEIC-01F257: A coin issued by Marcus Aurelius (as Augustus)","image_urls":["https://finds.org.uk/images/teeosw/LEIC-01F257.jpg"]},{"from":173,"to":174,"title":"IOW-D56E82: A coin issued by Marcus Aurelius (as Augustus)","image_urls":["https://finds.org.uk/images/fbasford/IOW2013-2-41.JPG"]},{"from":173,"to":174,"title":"RIC III Marcus Aurelius 287. 1911.23.318","image_urls":["http://numismatics.org/collectionimages/19001949/1911/1911.23.318.rev.width350.jpg"]},{"from":173,"to":174,"title":"RIC III Marcus Aurelius 298. 1948.19.1324","image_urls":["http://numismatics.org/collectionimages/19001949/1948/1948.19.1324.rev.width350.jpg"]},{"from":173,"to":174,"title":"RIC III Marcus Aurelius 287. 1944.100.49111","image_urls":["http://numismatics.org/collectionimages/19001949/1944/1944.100.49111.rev.width350.jpg"]},{"from":173,"to":174,"title":"RIC III Marcus Aurelius 290. 1911.23.319","image_urls":["http://numismatics.org/collectionimages/19001949/1911/1911.23.319.rev.width350.jpg"]},{"from":173,"to":174,"title":"RIC III Marcus Aurelius 292. 1911.23.320","image_urls":["http://numismatics.org/collectionimages/19001949/1911/1911.23.320.rev.width350.jpg"]},{"from":173,"to":174,"title":"RIC III Marcus Aurelius 1098. 1995.11.103","image_urls":["http://numismatics.org/collectionimages/19501999/1995/1995.11.103.rev.width350.jpg"]},{"from":173,"to":174,"title":"RIC III Marcus Aurelius 297. 1951.117.18","image_urls":["http://numismatics.org/collectionimages/19501999/1951/1951.117.18.rev.width350.jpg"]},{"from":173,"to":174,"title":"RIC III Marcus Aurelius 296. 1944.100.49113","image_urls":["http://numismatics.org/collectionimages/19001949/1944/1944.100.49113.rev.width350.jpg"]},{"from":173,"to":174,"title":"Silver Tetradrachm, Seleuceia ad Tigrim, AD 173 - AD 174. 1944.100.83425","image_urls":["http://numismatics.org/collectionimages/19001949/1944/1944.100.83425.rev.width350.jpg"]},{"from":173,"to":174,"title":"RIC III Marcus Aurelius 1106. 1944.100.49196","image_urls":["http://numismatics.org/collectionimages/19001949/1944/1944.100.49196.rev.width350.jpg"]},{"from":173,"to":174,"title":"RIC III Marcus Aurelius 1098. 1944.100.49194","image_urls":["http://numismatics.org/collectionimages/19001949/1944/1944.100.49194.rev.width350.jpg"]},{"from":173,"to":174,"title":"RIC III Marcus Aurelius 296. 1956.127.870","image_urls":["http://numismatics.org/collectionimages/19501999/1956/1956.127.870.rev.width350.jpg"]},{"from":173,"to":174,"title":"RIC III Marcus Aurelius 294. 1954.256.23","image_urls":["http://numismatics.org/collectionimages/19501999/1954/1954.256.23.rev.width350.jpg"]},{"from":173,"to":174,"title":"RIC III Marcus Aurelius 289. 1956.127.871","image_urls":["http://numismatics.org/collectionimages/19501999/1956/1956.127.871.rev.width350.jpg"]},{"from":173,"to":174,"title":"RIC III Marcus Aurelius 1098. 1944.100.49195","image_urls":["http://numismatics.org/collectionimages/19001949/1944/1944.100.49195.rev.width350.jpg"]},{"from":173,"to":174,"title":"RIC III Marcus Aurelius 288. 1944.100.49112","image_urls":["http://numismatics.org/collectionimages/19001949/1944/1944.100.49112.rev.width350.jpg"]},{"from":173,"to":174,"title":"Bronze Drachm of Marcus Aurelius, Alexandreia, AD 173 - AD 174. 1944.100.61320","image_urls":["http://numismatics.org/collectionimages/19001949/1944/1944.100.61320.rev.width350.jpg"]},{"from":173,"to":174,"title":"RIC III Marcus Aurelius 286. 1956.127.869","image_urls":["http://numismatics.org/collectionimages/19501999/1956/1956.127.869.rev.width350.jpg"]},{"from":173,"to":174,"title":"Silver Tetradrachm, Seleuceia ad Tigrim, AD 173 - AD 174. 1977.158.807","image_urls":["http://numismatics.org/collectionimages/19501999/1977/1977.158.807.rev.width350.jpg"]},{"from":173,"to":217,"title":"Bronze Coin, Trapezopolis, AD 173 - AD 217. 2007.15.31","image_urls":["http://numismatics.org/collectionimages/20002049/2007/2007.15.31.rev.width350.jpg"]},{"from":173,"to":174,"title":"RIC III Marcus Aurelius 297. 1944.100.49114","image_urls":["http://numismatics.org/collectionimages/19001949/1944/1944.100.49114.rev.width350.jpg"]},{"from":173,"to":174,"title":"RIC III Marcus Aurelius 1100. 1988.5.53","image_urls":["http://numismatics.org/collectionimages/19501999/1988/1988.5.53.rev.width350.jpg"]}]