[{"from":174,"to":175,"title":"As of Marcus Aurelius, Rome, A.D. 174-A.D. 175. 1989.19.13.","image_urls":["http://coins.lib.virginia.edu/images/coins/screen/n1989_19_13_rev.jpg"]},{"from":174,"to":175,"title":"IOW-91EAB3: A coin issued by Marcus Aurelius (as Augustus)","image_urls":["https://finds.org.uk/images/fbasford/IOW2010-2-268.JPG"]},{"from":174,"to":174,"title":"BERK-156E0D: A coin issued by Marcus Aurelius (as Augustus)","image_urls":["https://finds.org.uk/images/hse4/2013417.jpg"]},{"from":174,"to":177,"title":"PUBLIC-514381: A coin issued by Marcus Aurelius (as Augustus)","image_urls":["https://finds.org.uk/images/calow1/FLE14912.JPG"]},{"from":174,"to":175,"title":"BM-8AE1B5: A coin issued by Marcus Aurelius (as Augustus)","image_urls":["https://finds.org.uk/images/jasonlundock/5280.jpg"]},{"from":174,"to":175,"title":"BH-386FB5: A coin issued by Marcus Aurelius (as Augustus)","image_urls":["https://finds.org.uk/images/jwatters/Roman_coin_13_43_9.jpg"]},{"from":174,"to":174,"title":"WILT-910D33: A coin issued by Marcus Aurelius (as Augustus)","image_urls":["https://finds.org.uk/images/khinds/Crisp0608coin6.jpg"]},{"from":174,"to":174,"title":"BH-C78936: A coin issued by Marcus Aurelius (as Augustus)","image_urls":["https://finds.org.uk/images/jwatters/Roman_coin_13_72_3.jpg"]},{"from":174,"to":175,"title":"HAMP-49D813: A coin issued by Marcus Aurelius (as Augustus)","image_urls":["https://finds.org.uk/images/rwebley/HAMP-49D813MarcusAureliussestertius.jpg"]},{"from":174,"to":175,"title":"YORYM-7F3725: A coin issued by Marcus Aurelius (as Augustus)","image_urls":["https://finds.org.uk/images/law/DSY0071.jpg"]},{"from":174,"to":174,"title":"SUR-F7D247: A coin issued by Marcus Aurelius (as Augustus)","image_urls":["https://finds.org.uk/images/dwilliams/B12-56a.JPG"]},{"from":174,"to":174,"title":"SUR-AFFAA1: A coin issued by Marcus Aurelius (as Augustus)","image_urls":["https://finds.org.uk/images/dwilliams/07.948.JPG"]},{"from":174,"to":175,"title":"PUBLIC-258DB5: A coin issued by Marcus Aurelius (as Augustus)","image_urls":["https://finds.org.uk/images/leicvol/258DB5.jpg"]},{"from":174,"to":175,"title":"BM-875D42: A coin issued by Marcus Aurelius (as Augustus)","image_urls":["https://finds.org.uk/images/vdrost/BM2-875D42_rev.JPG"]},{"from":174,"to":175,"title":"RIC III Marcus Aurelius 1149. 1953.171.869","image_urls":["http://numismatics.org/collectionimages/19501999/1953/1953.171.869.rev.width350.jpg"]},{"from":174,"to":175,"title":"RIC III Marcus Aurelius 1136. 1995.11.104","image_urls":["http://numismatics.org/collectionimages/19501999/1995/1995.11.104.rev.width350.jpg"]},{"from":174,"to":175,"title":"RIC III Marcus Aurelius 319. 1965.66.30","image_urls":["http://numismatics.org/collectionimages/19501999/1965/1965.66.30.rev.width350.jpg"]},{"from":174,"to":175,"title":"RIC III Marcus Aurelius 316. 1911.23.322","image_urls":["http://numismatics.org/collectionimages/19001949/1911/1911.23.322.rev.width350.jpg"]},{"from":174,"to":175,"title":"Bronze Coin, Seleuceia ad Tigrim, AD 174 - AD 175. 1944.100.83477","image_urls":["http://numismatics.org/collectionimages/19001949/1944/1944.100.83477.rev.width350.jpg"]},{"from":174,"to":175,"title":"RIC III Marcus Aurelius 312. 1948.19.1325","image_urls":["http://numismatics.org/collectionimages/19001949/1948/1948.19.1325.rev.width350.jpg"]},{"from":174,"to":175,"title":"RIC III Marcus Aurelius 1122. 1977.149.1","image_urls":["http://numismatics.org/collectionimages/19501999/1977/1977.149.1.rev.width350.jpg"]},{"from":174,"to":175,"title":"RIC III Marcus Aurelius 312. 1956.127.876","image_urls":["http://numismatics.org/collectionimages/19501999/1956/1956.127.876.rev.width350.jpg"]},{"from":174,"to":175,"title":"RIC III Marcus Aurelius 314. 1911.23.323","image_urls":["http://numismatics.org/collectionimages/19001949/1911/1911.23.323.rev.width350.jpg"]},{"from":174,"to":175,"title":"RIC III Marcus Aurelius 1142. 1906.236.396","image_urls":["http://numismatics.org/collectionimages/19001949/1906/1906.236.396.rev.width350.jpg"]},{"from":174,"to":175,"title":"RIC III Marcus Aurelius 311. 1984.37.22","image_urls":["http://numismatics.org/collectionimages/19501999/1984/1984.37.22.rev.width350.jpg"]},{"from":174,"to":175,"title":"RIC III Marcus Aurelius 1142. 1944.100.49200","image_urls":["http://numismatics.org/collectionimages/19001949/1944/1944.100.49200.rev.width350.jpg"]},{"from":174,"to":175,"title":"RIC III Marcus Aurelius 1142. 1944.100.49201","image_urls":["http://numismatics.org/collectionimages/19001949/1944/1944.100.49201.rev.width350.jpg"]},{"from":174,"to":175,"title":"Silver Tetradrachm, Seleuceia ad Tigrim, AD 174 - AD 175. 1944.100.83426","image_urls":["http://numismatics.org/collectionimages/19001949/1944/1944.100.83426.rev.width350.jpg"]},{"from":174,"to":175,"title":"RIC III Marcus Aurelius 1142. 1974.95.237","image_urls":["http://numismatics.org/collectionimages/19501999/1974/1974.95.237.rev.width350.jpg"]},{"from":174,"to":175,"title":"RIC III Marcus Aurelius 1136. 1906.236.395","image_urls":["http://numismatics.org/collectionimages/19001949/1906/1906.236.395.rev.width350.jpg"]},{"from":174,"to":175,"title":"RIC III Marcus Aurelius 318. 1974.62.2","image_urls":["http://numismatics.org/collectionimages/19501999/1974/1974.62.2.rev.width350.jpg"]},{"from":174,"to":175,"title":"RIC III Marcus Aurelius 1147. 1944.100.49202","image_urls":["http://numismatics.org/collectionimages/19001949/1944/1944.100.49202.rev.width350.jpg"]},{"from":174,"to":175,"title":"RIC III Marcus Aurelius 1126. 0000.999.56690","image_urls":["http://numismatics.org/collectionimages/00001899/0000/0000.999.56690.rev.width350.jpg"]},{"from":174,"to":175,"title":"RIC III Marcus Aurelius 316. 1956.127.875","image_urls":["http://numismatics.org/collectionimages/19501999/1956/1956.127.875.rev.width350.jpg"]}]