[{"from":175,"to":192,"title":"SUSS-166668: A coin issued by Commodus","image_urls":["https://finds.org.uk/images/lwalker/1-205c.jpg"]},{"from":175,"to":192,"title":"SUSS-16D522: A coin issued by Commodus","image_urls":["https://finds.org.uk/images/lwalker/1-205i.jpg"]},{"from":175,"to":176,"title":"LANCUM-CB8973: A coin issued by Commodus","image_urls":["https://finds.org.uk/images/dboughton/LANCUMCB8973.jpg"]},{"from":175,"to":176,"title":"LEIC-4C4616: A coin issued by Commodus under Marcus Aurelius","image_urls":["https://finds.org.uk/images/wscott/4C4616%20.jpg"]},{"from":175,"to":192,"title":"ESS-F28451: A coin issued by Commodus","image_urls":["https://finds.org.uk/images/lmclean/ESS-F28451.jpg"]},{"from":175,"to":192,"title":"BH-8FE637: A coin issued by Commodus","image_urls":["https://finds.org.uk/images/jwatters/Roman%20coin%2010%201%20-%2055.jpg"]},{"from":175,"to":175,"title":"SUR-1A51DC: A coin issued by Marcus Aurelius (as Augustus)","image_urls":["https://finds.org.uk/images/dwilliams/15595.JPG"]},{"from":175,"to":176,"title":"KENT-747BF5: A coin issued by Marcus Aurelius (as Augustus)","image_urls":["https://finds.org.uk/images/jbryan/KENT747BF5.jpg"]},{"from":175,"to":176,"title":"HAMP-3C7AB2: A coin issued by Marcus Aurelius (as Augustus)","image_urls":["https://finds.org.uk/images/rhenry/HAMP-3C7AB2.jpg"]},{"from":175,"to":176,"title":"FASAM-7515F2: A coin issued by Marcus Aurelius (as Augustus)","image_urls":["https://finds.org.uk/images/sam/5327a.jpg"]},{"from":175,"to":192,"title":"LEIC-0F9CA7: A coin issued by Commodus","image_urls":["https://finds.org.uk/images/wscott/LEIC-0F9CA7.JPG"]},{"from":175,"to":176,"title":"KENT-AD3AC6: A coin issued by Commodus","image_urls":["https://finds.org.uk/images/jbryan/KENT.jpg"]},{"from":175,"to":192,"title":"LVPL-8690C2: A coin issued by Commodus","image_urls":["https://finds.org.uk/images/voakden/LVPL-8690C2.jpg"]},{"from":175,"to":192,"title":"SUR-F7002E: A coin issued by Commodus","image_urls":["https://finds.org.uk/images/dwilliams/B15303.JPG"]},{"from":175,"to":192,"title":"BH-343F47: A coin issued by Commodus","image_urls":["https://finds.org.uk/images/jwatters/Roman%20coin%2007%2013%20-%2021.jpg"]},{"from":175,"to":192,"title":"SOM-A6B965: A coin issued by Commodus","image_urls":["https://finds.org.uk/images/npayne/A6B965.JPG"]},{"from":175,"to":176,"title":"HESH-6251F5: A coin issued by Marcus Aurelius (as Augustus)","image_urls":["https://finds.org.uk/images/preavill/HESH-6251F5.jpg"]},{"from":175,"to":175,"title":"NCL-EFB310: A coin issued by Marcus Aurelius (as Augustus)","image_urls":["https://finds.org.uk/images/pwalton/916.jpg"]},{"from":175,"to":176,"title":"IOW-9CFAFB: A coin issued by Marcus Aurelius (as Augustus)","image_urls":["https://finds.org.uk/images/fbasford/IOW2014-4-210.JPG"]},{"from":175,"to":176,"title":"SUR-4B0CC2: A coin issued by Commodus","image_urls":["https://finds.org.uk/images/dwilliams/B10.211.jpg"]},{"from":175,"to":192,"title":"HAMP-BDA195: A coin issued by Commodus","image_urls":["https://finds.org.uk/images/rwebley/HAMP-BDA195Commodussestertius.jpg"]},{"from":175,"to":192,"title":"WILT-A7F51B: A coin issued by Commodus","image_urls":["https://finds.org.uk/images/rhenry2/WILTA7F51B.jpg"]},{"from":175,"to":192,"title":"LEIC-062AF0: A coin issued by Commodus","image_urls":["https://finds.org.uk/images/wscott/062AF0.JPG"]},{"from":175,"to":192,"title":"BUC-5632B2: A coin issued by Commodus","image_urls":["https://finds.org.uk/images/lbuckley/Dscn8692.jpg"]},{"from":175,"to":175,"title":"HAMP387: A coin issued by Marcus Aurelius (as Caesar)","image_urls":["https://finds.org.uk/images/sworrell/hamp387a.jpg"]},{"from":175,"to":192,"title":"SUR-245C51: A coin issued by Commodus","image_urls":["https://finds.org.uk/images/dwilliams/08.1251.JPG"]},{"from":175,"to":175,"title":"LVPL-3D3F84: A coin issued by Marcus Aurelius (as Augustus)","image_urls":["https://finds.org.uk/images/voakden/LVPL-3D3F84.jpg"]},{"from":175,"to":192,"title":"BH-4776A7: A coin issued by Commodus","image_urls":["https://finds.org.uk/images/jwatters/Roman%20coin%2007%2038%20-%202.jpg"]},{"from":175,"to":177,"title":"SF-5779DE: A coin issued by Marcus Aurelius (as Augustus)","image_urls":["https://finds.org.uk/images/abrown/WMH_SF5779DE.jpg"]},{"from":175,"to":175,"title":"CAM-FA2E23: A coin issued by Faustina II","image_urls":["https://finds.org.uk/images/pjw/CAM_FA2E23.jpg"]},{"from":175,"to":192,"title":"LVPL-882432: A coin issued by Commodus","image_urls":["https://finds.org.uk/images/voakden/LVPL-882432.jpg"]},{"from":175,"to":192,"title":"SUR-281066: A coin issued by Commodus","image_urls":["https://finds.org.uk/images/dwilliams/B11-392.jpg"]},{"from":175,"to":180,"title":"BH-FD1D72: A coin issued by Faustina II","image_urls":["https://finds.org.uk/images/jwatters/Roman_coin_12_159_22.jpg"]},{"from":175,"to":175,"title":"PUBLIC-A4FDB7: A coin issued by Faustina II","image_urls":["https://finds.org.uk/images/jennie/PUBLIC-A4FDB7DivaFaustinaIIsestertius.jpg"]},{"from":175,"to":176,"title":"IOW-9EDE85: A coin issued by Marcus Aurelius (as Augustus)","image_urls":["https://finds.org.uk/images/fbasford/IOW2007-3-35.JPG"]},{"from":175,"to":176,"title":"WMID-49C41E: A coin issued by Marcus Aurelius (as Augustus)","image_urls":["https://finds.org.uk/images/tgilmore/WMID49C41E.jpg"]},{"from":175,"to":177,"title":"HAMP-FD3398: A coin with an unrecorded/uncertain issuer.","image_urls":["https://finds.org.uk/images/khindshamp/HAMP-FD3398.jpg"]},{"from":175,"to":192,"title":"BUC-A40791: A coin issued by Commodus","image_urls":["https://finds.org.uk/images/rtyrrell/3DSCN0091.JPG"]},{"from":175,"to":175,"title":"HAMP-A36603: A coin issued by Faustina II","image_urls":["https://finds.org.uk/images/arwenjames/HAMP-A36603.jpg"]},{"from":175,"to":180,"title":"DEV-2E1996: A coin issued by Commodus","image_urls":["https://finds.org.uk/images/dwootton/DEV-2E1996-R4%20RELOADED.jpg"]},{"from":175,"to":192,"title":"WILT-381FA4: A coin issued by Commodus","image_urls":["https://finds.org.uk/images/alysontanner/WILT-381FA4.jpg"]},{"from":175,"to":176,"title":"BERK-E522B7: A coin issued by Commodus under Marcus Aurelius","image_urls":["https://finds.org.uk/images/abyard/2011418.jpg"]},{"from":175,"to":192,"title":"BH-314902: A coin issued by Commodus","image_urls":["https://finds.org.uk/images/jwatters/Roman_coin_11_189_67.jpg"]},{"from":175,"to":192,"title":"PUBLIC-074372: A coin issued by Commodus","image_urls":["https://finds.org.uk/images/smokedkelpie/PUBLIC-074372.jpg"]},{"from":175,"to":180,"title":"LVPL-72CBF5: A coin issued by Faustina II","image_urls":["https://finds.org.uk/images/voakden/72cbf5%20copy.jpg"]},{"from":175,"to":176,"title":"CORN-CBD778: A coin issued by Commodus under Marcus Aurelius","image_urls":["https://finds.org.uk/images/atyacke/May14finds104.JPG"]},{"from":175,"to":175,"title":"NMS-A30CD6: A coin issued by Faustina II","image_urls":["https://finds.org.uk/images/amarsden/NMD072013faustinaden.jpg"]},{"from":175,"to":176,"title":"WAW-D659C4: A coin issued by Marcus Aurelius (as Caesar)","image_urls":["https://finds.org.uk/images/eloisemarkwick/WAW-D659C4.jpg"]},{"from":175,"to":192,"title":"WMID-BEA923: A coin issued by Commodus","image_urls":["https://finds.org.uk/images/dslarke/3spiers%20sest%200309%20copy.jpg"]},{"from":175,"to":180,"title":"BH-E220A7: A coin issued by Faustina II","image_urls":["https://finds.org.uk/images/jwatters/Roman_coin_13_41_9.jpg"]},{"from":175,"to":180,"title":"IOW-D99BC4: A coin issued by Faustina II","image_urls":["https://finds.org.uk/images/fbasford/IOW2012-1-194.JPG"]},{"from":175,"to":192,"title":"CORN-529C42: A coin issued by Commodus","image_urls":["https://finds.org.uk/images/atyacke/jan08finds%20003.jpg"]},{"from":175,"to":192,"title":"BH-D82C75: A coin issued by Commodus","image_urls":["https://finds.org.uk/images/jwatters/Roman%20coin%2008%2037%20-%2048b.jpg"]},{"from":175,"to":192,"title":"YORYM-AB1D44: A coin issued by Commodus","image_urls":["https://finds.org.uk/images/rmort/PH0119.jpg"]},{"from":175,"to":175,"title":"CORN-E0C206: A coin issued by Faustina II","image_urls":["https://finds.org.uk/images/atyacke/April14finz020.JPG"]},{"from":175,"to":176,"title":"DENO-125CB1: A coin issued by Marcus Aurelius (as Augustus)","image_urls":["https://finds.org.uk/images/cburrill2/E6945_MarcusAurelius_Securitas_Denarius_.jpg"]},{"from":175,"to":176,"title":"DENO-D3ACE6: A coin issued by Commodus","image_urls":["https://finds.org.uk/images/arohde/E6269%20sestertius.jpg"]},{"from":175,"to":185,"title":"WILT-85452E: A coin issued by Faustina II","image_urls":["https://finds.org.uk/images/jshoemark/WILT85452E.jpg"]},{"from":175,"to":180,"title":"YORYM-0FB717: A coin issued by Commodus","image_urls":["https://finds.org.uk/images/bmorris/BR1208.jpg"]},{"from":175,"to":192,"title":"ESS-6DCBB0: A coin issued by Commodus","image_urls":["https://finds.org.uk/images/lmclean/ESS-6DCBB0.jpg"]},{"from":175,"to":192,"title":"SOM-7215B3: A coin issued by Commodus","image_urls":["https://finds.org.uk/images/npayne/7215B3.JPG"]},{"from":175,"to":180,"title":"BH-C917E3: A coin issued by Faustina II","image_urls":["https://finds.org.uk/images/jwatters/Roman_coin_13_8_80.jpg"]},{"from":175,"to":192,"title":"LEIC-842168: A coin issued by Commodus","image_urls":["https://finds.org.uk/images/wscott/LEIC-842168.JPG"]},{"from":175,"to":193,"title":"WILT-D09A58: A coin issued by Commodus","image_urls":["https://finds.org.uk/images/jshoemark/WILTD09A58.jpg"]},{"from":175,"to":180,"title":"SUR-9BD120: A coin issued by Faustina II","image_urls":["https://finds.org.uk/images/dwilliams/11-700.jpg"]},{"from":175,"to":192,"title":"NLM-54F337: A coin issued by Commodus","image_urls":["https://finds.org.uk/images/lstaves/NLM11473.jpg"]},{"from":175,"to":192,"title":"CAM-3B06D4: A coin issued by Commodus","image_urls":["https://finds.org.uk/images/pjw/CAM_3B06D4.jpg"]},{"from":175,"to":192,"title":"BH-75D653: A coin issued by Commodus","image_urls":["https://finds.org.uk/images/jwatters/Roman_coin_11_108_7.jpg"]},{"from":175,"to":192,"title":"YORYM-871D52: A coin issued by Commodus","image_urls":["https://finds.org.uk/images/bmorris/MPS0052.jpg"]},{"from":175,"to":176,"title":"NLM-B4C2B2: A coin issued by Marcus Aurelius (as Augustus)","image_urls":["https://finds.org.uk/images/mforeman/NLM25393.jpg"]},{"from":175,"to":192,"title":"SUSS-A286D1: A coin issued by Commodus","image_urls":["https://finds.org.uk/images/stephaniesmith/SUSS-A286D1.jpg"]},{"from":175,"to":180,"title":"IOW-996204: A coin issued by Lucilla","image_urls":["https://finds.org.uk/images/fbasford/IOW2012-2-167.JPG"]},{"from":175,"to":180,"title":"WAW-874081: A coin issued by Marcus Aurelius (as Augustus)","image_urls":["https://finds.org.uk/images/abolton/WAW-874081.jpg"]},{"from":175,"to":192,"title":"LVPL-892374: A coin issued by Commodus","image_urls":["https://finds.org.uk/images/voakden/DSCN8192.jpg"]},{"from":175,"to":176,"title":"BH-3EC0C0: A coin issued by Marcus Aurelius (as Augustus)","image_urls":["https://finds.org.uk/images/jwatters/Roman_coin_11_124_1.jpg"]},{"from":175,"to":176,"title":"RIC III Marcus Aurelius 1158. 1988.5.54","image_urls":["http://numismatics.org/collectionimages/19501999/1988/1988.5.54.rev.width350.jpg"]},{"from":175,"to":176,"title":"RIC III Marcus Aurelius 1539. 1992.52.13","image_urls":["http://numismatics.org/collectionimages/19501999/1992/1992.52.13.rev.width350.jpg"]},{"from":175,"to":176,"title":"RIC III Marcus Aurelius 1539. 1906.236.431","image_urls":["http://numismatics.org/collectionimages/19001949/1906/1906.236.431.rev.width350.jpg"]},{"from":175,"to":176,"title":"RIC III Marcus Aurelius 616. 1944.100.49642","image_urls":["http://numismatics.org/collectionimages/19001949/1944/1944.100.49642.rev.width350.jpg"]},{"from":175,"to":176,"title":"RIC III Marcus Aurelius 357. 1965.66.31","image_urls":["http://numismatics.org/collectionimages/19501999/1965/1965.66.31.rev.width350.jpg"]},{"from":175,"to":176,"title":"Silver Tetradrachm, Seleuceia ad Tigrim, AD 175 - AD 176. 1944.100.83444","image_urls":["http://numismatics.org/collectionimages/19001949/1944/1944.100.83444.rev.width350.jpg"]},{"from":175,"to":176,"title":"RIC III Marcus Aurelius 1544. 0000.999.21165","image_urls":["http://numismatics.org/collectionimages/00001899/0000/0000.999.21165.rev.width350.jpg"]},{"from":175,"to":176,"title":"Silver Tridrachm of Commodus, Caesareia in Cappadocia, AD 175 - AD 176. 1993.8.1","image_urls":["http://numismatics.org/collectionimages/19501999/1993/1993.8.1.rev.width350.jpg"]},{"from":175,"to":176,"title":"RIC III Marcus Aurelius 1177. 1941.131.842","image_urls":["http://numismatics.org/collectionimages/19001949/1941/1941.131.842.rev.width350.jpg"]},{"from":175,"to":176,"title":"RIC III Marcus Aurelius 352. 1911.23.324","image_urls":["http://numismatics.org/collectionimages/19001949/1911/1911.23.324.rev.width350.jpg"]},{"from":175,"to":177,"title":"RIC III Marcus Aurelius 346. 1951.117.19","image_urls":["http://numismatics.org/collectionimages/19501999/1951/1951.117.19.rev.width350.jpg"]},{"from":175,"to":176,"title":"RIC III Marcus Aurelius 356. 1905.57.400","image_urls":["http://numismatics.org/collectionimages/19001949/1905/1905.57.400.rev.width350.jpg"]},{"from":175,"to":176,"title":"Bronze Drachm of Marcus Aurelius, Alexandreia, AD 175 - AD 176. 1944.100.61323","image_urls":["http://numismatics.org/collectionimages/19001949/1944/1944.100.61323.rev.width350.jpg"]},{"from":175,"to":176,"title":"Bronze Diobol of Marcus Aurelius, Alexandreia, AD 175 - AD 176. 1944.100.61326","image_urls":["http://numismatics.org/collectionimages/19001949/1944/1944.100.61326.rev.width350.jpg"]},{"from":175,"to":176,"title":"RIC III Marcus Aurelius 1544. 1944.100.49651","image_urls":["http://numismatics.org/collectionimages/19001949/1944/1944.100.49651.rev.width350.jpg"]},{"from":175,"to":176,"title":"RIC III Marcus Aurelius 352. 1956.127.880","image_urls":["http://numismatics.org/collectionimages/19501999/1956/1956.127.880.rev.width350.jpg"]},{"from":175,"to":176,"title":"RIC III Marcus Aurelius 616. 1956.127.1108","image_urls":["http://numismatics.org/collectionimages/19501999/1956/1956.127.1108.rev.width350.jpg"]},{"from":175,"to":176,"title":"RIC III Marcus Aurelius 352. 1911.23.325","image_urls":["http://numismatics.org/collectionimages/19001949/1911/1911.23.325.rev.width350.jpg"]},{"from":175,"to":176,"title":"RIC III Marcus Aurelius 1544. 1951.61.75","image_urls":["http://numismatics.org/collectionimages/19501999/1951/1951.61.75.rev.width350.jpg"]},{"from":175,"to":176,"title":"RIC III Marcus Aurelius 356. 1956.127.882","image_urls":["http://numismatics.org/collectionimages/19501999/1956/1956.127.882.rev.width350.jpg"]},{"from":175,"to":176,"title":"RIC III Marcus Aurelius 1524. 1944.100.49650","image_urls":["http://numismatics.org/collectionimages/19001949/1944/1944.100.49650.rev.width350.jpg"]},{"from":175,"to":176,"title":"RIC III Marcus Aurelius 613. 1956.127.1107","image_urls":["http://numismatics.org/collectionimages/19501999/1956/1956.127.1107.rev.width350.jpg"]},{"from":175,"to":176,"title":"RIC III Marcus Aurelius 1544. 1944.100.50014","image_urls":["http://numismatics.org/collectionimages/19001949/1944/1944.100.50014.rev.width350.jpg"]},{"from":175,"to":176,"title":"Silver Tridrachm of Commodus, Caesareia in Cappadocia, AD 175 - AD 176. 1989.66.1","image_urls":["http://numismatics.org/collectionimages/19501999/1989/1989.66.1.rev.width350.jpg"]},{"from":175,"to":176,"title":"RIC III Marcus Aurelius 606. 1944.100.49640","image_urls":["http://numismatics.org/collectionimages/19001949/1944/1944.100.49640.rev.width350.jpg"]},{"from":175,"to":176,"title":"RIC III Marcus Aurelius 613. 1956.28.283","image_urls":["http://numismatics.org/collectionimages/19501999/1956/1956.28.283.rev.width350.jpg"]},{"from":175,"to":176,"title":"RIC III Marcus Aurelius 343. 1956.127.878","image_urls":["http://numismatics.org/collectionimages/19501999/1956/1956.127.878.rev.width350.jpg"]},{"from":175,"to":176,"title":"RIC III Marcus Aurelius 349. 1995.11.975","image_urls":["http://numismatics.org/collectionimages/19501999/1995/1995.11.975.rev.width350.jpg"]},{"from":175,"to":176,"title":"RIC III Marcus Aurelius 1173. 1944.100.49203","image_urls":["http://numismatics.org/collectionimages/19001949/1944/1944.100.49203.rev.width350.jpg"]},{"from":175,"to":176,"title":"Bronze Drachm of Marcus Aurelius, Alexandreia, AD 175 - AD 176. 1944.100.61322","image_urls":["http://numismatics.org/collectionimages/19001949/1944/1944.100.61322.rev.width350.jpg"]},{"from":175,"to":176,"title":"RIC III Marcus Aurelius 348. 1944.100.49119","image_urls":["http://numismatics.org/collectionimages/19001949/1944/1944.100.49119.rev.width350.jpg"]},{"from":175,"to":176,"title":"RIC III Marcus Aurelius 611. 1944.100.49641","image_urls":["http://numismatics.org/collectionimages/19001949/1944/1944.100.49641.rev.width350.jpg"]},{"from":175,"to":176,"title":"RIC III Marcus Aurelius 613. 1956.127.1106","image_urls":["http://numismatics.org/collectionimages/19501999/1956/1956.127.1106.rev.width350.jpg"]},{"from":175,"to":176,"title":"RIC III Marcus Aurelius 610. 1959.228.29","image_urls":["http://numismatics.org/collectionimages/19501999/1959/1959.228.29.rev.width350.jpg"]},{"from":175,"to":176,"title":"RIC III Marcus Aurelius 1544. 1882.13.5","image_urls":["http://numismatics.org/collectionimages/00001899/1882/1882.13.5.rev.width350.jpg"]},{"from":175,"to":176,"title":"RIC III Marcus Aurelius 352. 1935.117.430","image_urls":["http://numismatics.org/collectionimages/19001949/1935/1935.117.430.rev.width350.jpg"]},{"from":175,"to":176,"title":"RIC III Marcus Aurelius 359. 1956.127.881","image_urls":["http://numismatics.org/collectionimages/19501999/1956/1956.127.881.rev.width350.jpg"]},{"from":175,"to":176,"title":"RIC III Marcus Aurelius 359. 1985.140.133","image_urls":["http://numismatics.org/collectionimages/19501999/1985/1985.140.133.rev.width350.jpg"]},{"from":175,"to":176,"title":"RIC III Marcus Aurelius 1177. 1928.103.8","image_urls":["http://numismatics.org/collectionimages/19001949/1928/1928.103.8.rev.width350.jpg"]},{"from":175,"to":176,"title":"RIC III Marcus Aurelius 1161. 1984.176.34","image_urls":["http://numismatics.org/collectionimages/19501999/1984/1984.176.34.rev.width350.jpg"]},{"from":175,"to":176,"title":"RIC III Marcus Aurelius 343. 1956.127.879","image_urls":["http://numismatics.org/collectionimages/19501999/1956/1956.127.879.rev.width350.jpg"]},{"from":175,"to":176,"title":"RIC III Marcus Aurelius 615. 1967.153.161","image_urls":["http://numismatics.org/collectionimages/19501999/1967/1967.153.161.rev.width350.jpg"]},{"from":175,"to":176,"title":"RIC III Marcus Aurelius 611. 1927.38.57","image_urls":["http://numismatics.org/collectionimages/19001949/1927/1927.38.57.rev.width350.jpg"]},{"from":175,"to":176,"title":"RIC III Marcus Aurelius 1160. 1965.30.7","image_urls":["http://numismatics.org/collectionimages/19501999/1965/1965.30.7.rev.width350.jpg"]},{"from":175,"to":176,"title":"RIC III Marcus Aurelius 343. 1956.127.877","image_urls":["http://numismatics.org/collectionimages/19501999/1956/1956.127.877.rev.width350.jpg"]},{"from":175,"to":176,"title":"RIC III Marcus Aurelius 1544. 1944.100.49652","image_urls":["http://numismatics.org/collectionimages/19001949/1944/1944.100.49652.rev.width350.jpg"]},{"from":175,"to":176,"title":"RIC III Marcus Aurelius 359. 1944.100.49121","image_urls":["http://numismatics.org/collectionimages/19001949/1944/1944.100.49121.rev.width350.jpg"]},{"from":175,"to":176,"title":"RIC III Marcus Aurelius 611. 1956.127.1105","image_urls":["http://numismatics.org/collectionimages/19501999/1956/1956.127.1105.rev.width350.jpg"]},{"from":175,"to":176,"title":"Silver Didrachm of Commodus, Caesareia in Cappadocia, AD 175 - AD 176. 1992.153.3","image_urls":["http://numismatics.org/collectionimages/19501999/1992/1992.153.3.rev.width350.jpg"]},{"from":175,"to":176,"title":"RIC III Marcus Aurelius 352. 1956.127.1933","image_urls":["http://numismatics.org/collectionimages/19501999/1956/1956.127.1933.rev.width350.jpg"]},{"from":175,"to":176,"title":"RIC III Marcus Aurelius 360. 1985.167.1","image_urls":["http://numismatics.org/collectionimages/19501999/1985/1985.167.1.rev.width350.jpg"]},{"from":175,"to":176,"title":"RIC III Marcus Aurelius 1544. 1882.13.4","image_urls":["http://numismatics.org/collectionimages/00001899/1882/1882.13.4.rev.width350.jpg"]},{"from":175,"to":176,"title":"RIC III Marcus Aurelius 348. 1946.7.21","image_urls":["http://numismatics.org/collectionimages/19001949/1946/1946.7.21.rev.width350.jpg"]},{"from":175,"to":176,"title":"Silver Tetradrachm, Seleuceia ad Tigrim, AD 175 - AD 176. 1944.100.83427","image_urls":["http://numismatics.org/collectionimages/19001949/1944/1944.100.83427.rev.width350.jpg"]},{"from":175,"to":176,"title":"Bronze Drachm of Marcus Aurelius, Alexandreia, AD 175 - AD 176. 1944.100.61325","image_urls":["http://numismatics.org/collectionimages/19001949/1944/1944.100.61325.rev.width350.jpg"]},{"from":175,"to":176,"title":"RIC III Marcus Aurelius 1173. 1995.11.997","image_urls":["http://numismatics.org/collectionimages/19501999/1995/1995.11.997.rev.width350.jpg"]},{"from":175,"to":176,"title":"RIC III Marcus Aurelius 349. 1944.100.49120","image_urls":["http://numismatics.org/collectionimages/19001949/1944/1944.100.49120.rev.width350.jpg"]},{"from":175,"to":176,"title":"RIC III Marcus Aurelius 354. 1956.127.883","image_urls":["http://numismatics.org/collectionimages/19501999/1956/1956.127.883.rev.width350.jpg"]}]