[{"from":176,"to":180,"title":"HAMP-461512: A coin issued by Faustina II","image_urls":["https://finds.org.uk/images/rwebley/HAMP-461512DivaFaustinaIIsestertius.jpg"]},{"from":176,"to":176,"title":"DOR-BA5536: A coin issued by Faustina II","image_urls":["https://finds.org.uk/images/rhenry4/DOR-BA5536.jpg"]},{"from":176,"to":180,"title":"HESH-4CAC04: A coin issued by Faustina II","image_urls":["https://finds.org.uk/images/vickyallnatt/HESH-4CAC04edit.jpg"]},{"from":176,"to":177,"title":"LEIC-7A1204: A coin issued by Marcus Aurelius (as Augustus)","image_urls":["https://finds.org.uk/images/wscott/LEIC-7A1204.JPG"]},{"from":176,"to":177,"title":"BM-09B987: A coin issued by Marcus Aurelius (as Augustus)","image_urls":["https://finds.org.uk/images/jasonlundock/bm09b987.jpg"]},{"from":176,"to":180,"title":"LIN-FCB064: A coin issued by Faustina II","image_urls":["https://finds.org.uk/images/adaubney/PAS23.JPG"]},{"from":176,"to":177,"title":"PUBLIC-585486: A coin issued by Marcus Aurelius (as Augustus)","image_urls":["https://finds.org.uk/images/Linz/PUBLIC-585486%20COIN.jpg"]},{"from":176,"to":176,"title":"IOW-B08901: A coin issued by Faustina II","image_urls":["https://finds.org.uk/images/fbasford/IOW2007-3-30.JPG"]},{"from":176,"to":180,"title":"SUR-A553CC: A coin issued by Faustina II","image_urls":["https://finds.org.uk/images/dwilliams/14-881.JPG"]},{"from":176,"to":180,"title":"HAMP-44E8D7: A coin issued by Faustina II","image_urls":["https://finds.org.uk/images/rwebley/HAMP-44E8D7DivaFaustinaIIsestertius.jpg"]},{"from":176,"to":176,"title":"LON-5EA571: A coin issued by Faustina the Elder","image_urls":["https://finds.org.uk/images/fwinkley/Smith%20-%20Faustina%20-%20Sept%2009.jpg"]},{"from":176,"to":180,"title":"YORYM-248A51: A coin issued by Marcus Aurelius (as Augustus)","image_urls":["https://finds.org.uk/images/yorkvol/BR0699.jpg"]},{"from":176,"to":180,"title":"CAM-FBEC35: A coin issued by Faustina II","image_urls":["https://finds.org.uk/images/pjw/CAM_FBEC35.jpg"]},{"from":176,"to":180,"title":"LEIC-F0ABF3: A coin issued by Marcus Aurelius (as Augustus)","image_urls":["https://finds.org.uk/images/wscott/F0ABF3.JPG"]},{"from":176,"to":200,"title":"LANCUM-9AAF68: A coin issued by Faustina II","image_urls":["https://finds.org.uk/images/dboughton/FFDF9AAF68.jpg"]},{"from":176,"to":176,"title":"HAMP3306: A coin issued by Commodus","image_urls":["https://finds.org.uk/images/sworrell/hamp%203306.jpg"]},{"from":176,"to":180,"title":"LEIC-A5DD84: A coin issued by Faustina II","image_urls":["https://finds.org.uk/images/wscott/A5DD84%20..JPG"]},{"from":176,"to":177,"title":"DENO-4353B5: A coin issued by Marcus Aurelius (as Augustus)","image_urls":["https://finds.org.uk/images/ratherton/E6247%20hancock%20x%20sest%201.jpg"]},{"from":176,"to":180,"title":"CAM-ABE6A5: A coin issued by Faustina II","image_urls":["https://finds.org.uk/images/hfowler/CAM-ABE6A5.jpg"]},{"from":176,"to":180,"title":"WMID-84AD03: A coin issued by Faustina II","image_urls":["https://finds.org.uk/images/tbrindle/WMID-84AD03.jpg"]},{"from":176,"to":180,"title":"WILT-9E5A98: A coin issued by Faustina II","image_urls":["https://finds.org.uk/images/jshoemark/WILT-9E5A98.jpg"]},{"from":176,"to":177,"title":"KENT-FFB727: A coin issued by Marcus Aurelius (as Augustus)","image_urls":["https://finds.org.uk/images/arichardson/PAK197-071.JPG"]},{"from":176,"to":180,"title":"WMID-9D9E27: A coin issued by Faustina II","image_urls":["https://finds.org.uk/images/cjohnson/WMID-9D9E27%20obv.jpg"]},{"from":176,"to":180,"title":"HAMP-2284D1: A coin issued by Faustina II","image_urls":["https://finds.org.uk/images/rhenry/HAMP-2284D1faustinasestertius.jpg"]},{"from":176,"to":180,"title":"LEIC-509CA0: A coin issued by Faustina II","image_urls":["https://finds.org.uk/images/leicvol/509CA0.jpg"]},{"from":176,"to":180,"title":"KENT-CF2E41: A coin issued by Faustina II","image_urls":["https://finds.org.uk/images/jjackson/KENT-CF2E41.jpg"]},{"from":176,"to":180,"title":"SUSS-376F72: A coin issued by Faustina II","image_urls":["https://finds.org.uk/images/lburnett/SUSS-376F72.JPG"]},{"from":176,"to":176,"title":"NLM-FF48E5: A coin issued by Marcus Aurelius (as Augustus)","image_urls":["https://finds.org.uk/images/mforeman/NLM18435.JPG"]},{"from":176,"to":180,"title":"CORN-4FC514: A coin issued by Faustina II","image_urls":["https://finds.org.uk/images/atyacke/Decem09finds%20010.jpg"]},{"from":176,"to":180,"title":"IOW-F44807: A coin issued by Faustina II","image_urls":["https://finds.org.uk/images/fbasford/IOW2010-1-335.JPG"]},{"from":176,"to":177,"title":"SF-C625B4: A coin issued by Marcus Aurelius (as Augustus)","image_urls":["https://finds.org.uk/images/abrown/YAX_SF-C625B4.jpg"]},{"from":176,"to":180,"title":"DOR-9122D1: A coin issued by Faustina II","image_urls":["https://finds.org.uk/images/caht/9122D1.JPG"]},{"from":176,"to":180,"title":"HAMP-B2D9A0: A coin issued by Faustina II","image_urls":["https://finds.org.uk/images/rwebley/HAMP-B2D9A0FaustinaIIsestertius.jpg"]},{"from":176,"to":180,"title":"HAMP-F94256: A coin issued by Faustina II","image_urls":["https://finds.org.uk/images/rwebley/HAMP-F94256FaustinaIIsestertius.jpg"]},{"from":176,"to":180,"title":"IOW-330718: A coin issued by Faustina II","image_urls":["https://finds.org.uk/images/fbasford/IOW2009-2-332.JPG"]},{"from":176,"to":177,"title":"HAMP-6A2524: A coin issued by Marcus Aurelius (as Augustus)","image_urls":["https://finds.org.uk/images/rwebley/HAMP-6A2524marcussestertius.jpg"]},{"from":176,"to":180,"title":"SUSS-A55EF1: A coin issued by Faustina II","image_urls":["https://finds.org.uk/images/lburnett/SUSS-A55EF1.jpg"]},{"from":176,"to":180,"title":"SUSS-FE2922: A coin issued by Faustina II","image_urls":["https://finds.org.uk/images/04bowmant/SUSSFE2922.jpg"]},{"from":176,"to":180,"title":"WILT-EBF851: A coin issued by Faustina II","image_urls":["https://finds.org.uk/images/rhenry2/WILT-EBF851.jpg"]},{"from":176,"to":180,"title":"FAPJW-64AFB4: A coin issued by Faustina II","image_urls":["https://finds.org.uk/images/pwalton/5328.jpg"]},{"from":176,"to":180,"title":"SUSS-4936B4: A coin issued by Marcus Aurelius (as Augustus)","image_urls":["https://finds.org.uk/images/archer/SUSS-4936B4Coin354Firle5.jpg"]},{"from":176,"to":180,"title":"IOW-600E85: A coin issued by Faustina II","image_urls":["https://finds.org.uk/images/fbasford/IOW2009-1-245.JPG"]},{"from":176,"to":180,"title":"ESS-DF9A75: A coin issued by Faustina II","image_urls":["https://finds.org.uk/images/korr/021-C0014.jpg"]},{"from":176,"to":180,"title":"LANCUM-24F603: A coin issued by Faustina II","image_urls":["https://finds.org.uk/images/dboughton/LVMDCJ24F603.jpg"]},{"from":176,"to":177,"title":"IOW-FB4B46: A coin issued by Marcus Aurelius (as Augustus)","image_urls":["https://finds.org.uk/images/fbasford/IOW2010-2-228.JPG"]},{"from":176,"to":180,"title":"DUR-0BD9CB: A coin issued by Faustina II","image_urls":["https://finds.org.uk/images/a8622912/DUR0BD9CB.jpg"]},{"from":176,"to":180,"title":"SWYOR-16EE82: A coin issued by Marcus Aurelius (as Augustus)","image_urls":["https://finds.org.uk/images/acooper/PAS_1181_6.jpg"]},{"from":176,"to":180,"title":"HAMP-B9C4A2: A coin issued by Faustina II","image_urls":["https://finds.org.uk/images/khindshamp/HAMPB9C4A2.jpg"]},{"from":176,"to":180,"title":"PUBLIC-FE1906: A coin issued by Faustina II","image_urls":["https://finds.org.uk/images/calow1/FLE11.126.JPG"]},{"from":176,"to":180,"title":"PUBLIC-EB6F15: A coin issued by Faustina II","image_urls":["https://finds.org.uk/images/atyacke/Sep15finds003.JPG"]},{"from":176,"to":180,"title":"HAMP-A669E5: A coin issued by Faustina II","image_urls":["https://finds.org.uk/images/dwill2/DSCN0115.JPG"]},{"from":176,"to":177,"title":"PUBLIC-41B214: A coin issued by Marcus Aurelius (as Augustus)","image_urls":["https://finds.org.uk/images/jasonlundock/PUBLIC-41B214MarcusAureliussestertius.jpg"]},{"from":176,"to":176,"title":"IOW-6B5844: A coin issued by Commodus","image_urls":["https://finds.org.uk/images/fbasford/IOW2009-1-380.JPG"]},{"from":176,"to":176,"title":"CORN-838F06: A coin issued by Faustina II","image_urls":["https://finds.org.uk/images/atyacke/April14finz004.JPG"]},{"from":176,"to":180,"title":"RIC III Marcus Aurelius 1693. 1990.3.90","image_urls":["http://numismatics.org/collectionimages/19501999/1990/1990.3.90.rev.width350.jpg"]},{"from":176,"to":177,"title":"RIC III Marcus Aurelius 378. 1956.127.889","image_urls":["http://numismatics.org/collectionimages/19501999/1956/1956.127.889.rev.width350.jpg"]},{"from":176,"to":177,"title":"RIC III Marcus Aurelius 1184. 1995.11.114","image_urls":["http://numismatics.org/collectionimages/19501999/1995/1995.11.114.rev.width350.jpg"]},{"from":176,"to":177,"title":"RIC III Marcus Aurelius 367. 2000.5.26","image_urls":["http://numismatics.org/collectionimages/20002049/2000/2000.5.26.rev.width350.jpg"]},{"from":176,"to":180,"title":"RIC III Marcus Aurelius 745. 1948.19.1357","image_urls":["http://numismatics.org/collectionimages/19001949/1948/1948.19.1357.rev.width350.jpg"]},{"from":176,"to":177,"title":"RIC III Marcus Aurelius 1186. 1944.100.49207","image_urls":["http://numismatics.org/collectionimages/19001949/1944/1944.100.49207.rev.width350.jpg"]},{"from":176,"to":177,"title":"Bronze Obol of Marcus Aurelius, Alexandreia, AD 176 - AD 177. 1944.100.61373","image_urls":["http://numismatics.org/collectionimages/19001949/1944/1944.100.61373.rev.width350.jpg"]},{"from":176,"to":180,"title":"RIC III Marcus Aurelius 1693. 1941.131.851","image_urls":["http://numismatics.org/collectionimages/19001949/1941/1941.131.851.rev.width350.jpg"]},{"from":176,"to":180,"title":"RIC III Marcus Aurelius 753. 1944.100.49243","image_urls":["http://numismatics.org/collectionimages/19001949/1944/1944.100.49243.rev.width350.jpg"]},{"from":176,"to":177,"title":"Billon Tetradrachm of Commodus, Alexandreia, AD 176 - AD 177. 1973.56.954","image_urls":["http://numismatics.org/collectionimages/19501999/1973/1973.56.954.rev.width350.jpg"]},{"from":176,"to":180,"title":"RIC III Marcus Aurelius 1698. 1944.100.49549","image_urls":["http://numismatics.org/collectionimages/19001949/1944/1944.100.49549.rev.width350.jpg"]},{"from":176,"to":180,"title":"RIC III Marcus Aurelius 423. 1948.19.1328","image_urls":["http://numismatics.org/collectionimages/19001949/1948/1948.19.1328.rev.width350.jpg"]},{"from":176,"to":180,"title":"RIC III Marcus Aurelius 746. 1956.127.1032","image_urls":["http://numismatics.org/collectionimages/19501999/1956/1956.127.1032.rev.width350.jpg"]},{"from":176,"to":180,"title":"RIC III Marcus Aurelius 745. 1956.127.1026","image_urls":["http://numismatics.org/collectionimages/19501999/1956/1956.127.1026.rev.width350.jpg"]},{"from":176,"to":180,"title":"RIC III Marcus Aurelius 745. 1944.100.49248","image_urls":["http://numismatics.org/collectionimages/19001949/1944/1944.100.49248.rev.width350.jpg"]},{"from":176,"to":180,"title":"RIC III Marcus Aurelius 745. 1956.127.1029","image_urls":["http://numismatics.org/collectionimages/19501999/1956/1956.127.1029.rev.width350.jpg"]},{"from":176,"to":180,"title":"RIC III Marcus Aurelius 1715. 1997.32.207","image_urls":["http://numismatics.org/collectionimages/19501999/1997/1997.32.207.rev.width350.jpg"]},{"from":176,"to":180,"title":"RIC III Marcus Aurelius 1715. 1941.15.66","image_urls":["http://numismatics.org/collectionimages/19001949/1941/1941.15.66.rev.width350.jpg"]},{"from":176,"to":180,"title":"RIC III Marcus Aurelius 744. 1944.100.49246","image_urls":["http://numismatics.org/collectionimages/19001949/1944/1944.100.49246.rev.width350.jpg"]},{"from":176,"to":177,"title":"RIC III Marcus Aurelius 363. 1944.100.49126","image_urls":["http://numismatics.org/collectionimages/19001949/1944/1944.100.49126.rev.width350.jpg"]},{"from":176,"to":180,"title":"RIC III Marcus Aurelius 1703. 1995.11.470","image_urls":["http://numismatics.org/collectionimages/19501999/1995/1995.11.470.rev.width350.jpg"]},{"from":176,"to":180,"title":"RIC III Marcus Aurelius 1714. 1995.11.365","image_urls":["http://numismatics.org/collectionimages/19501999/1995/1995.11.365.rev.width350.jpg"]},{"from":176,"to":180,"title":"RIC III Marcus Aurelius 424. 1944.100.49122","image_urls":["http://numismatics.org/collectionimages/19001949/1944/1944.100.49122.rev.width350.jpg"]},{"from":176,"to":180,"title":"RIC III Marcus Aurelius 1692. 1995.11.469","image_urls":["http://numismatics.org/collectionimages/19501999/1995/1995.11.469.rev.width350.jpg"]},{"from":176,"to":180,"title":"RIC III Marcus Aurelius 1693. 1944.100.49548","image_urls":["http://numismatics.org/collectionimages/19001949/1944/1944.100.49548.rev.width350.jpg"]},{"from":176,"to":177,"title":"RIC III Marcus Aurelius 1193. 1946.7.22","image_urls":["http://numismatics.org/collectionimages/19001949/1946/1946.7.22.rev.width350.jpg"]},{"from":176,"to":180,"title":"RIC III Marcus Aurelius 1715. 1944.100.49552","image_urls":["http://numismatics.org/collectionimages/19001949/1944/1944.100.49552.rev.width350.jpg"]},{"from":176,"to":177,"title":"RIC III Marcus Aurelius 363. 1948.19.1331","image_urls":["http://numismatics.org/collectionimages/19001949/1948/1948.19.1331.rev.width350.jpg"]},{"from":176,"to":180,"title":"RIC III Marcus Aurelius 1702. 1995.11.467","image_urls":["http://numismatics.org/collectionimages/19501999/1995/1995.11.467.rev.width350.jpg"]},{"from":176,"to":177,"title":"Silver Tetradrachm of Marcus Aurelius, Antioch, AD 176 - AD 177. 1953.64.4","image_urls":["http://numismatics.org/collectionimages/19501999/1953/1953.64.4.rev.width350.jpg"]},{"from":176,"to":180,"title":"RIC III Marcus Aurelius 744. 1956.127.1023","image_urls":["http://numismatics.org/collectionimages/19501999/1956/1956.127.1023.rev.width350.jpg"]},{"from":176,"to":180,"title":"RIC III Marcus Aurelius 1697. 1955.59.23","image_urls":["http://numismatics.org/collectionimages/19501999/1955/1955.59.23.rev.width350.jpg"]},{"from":176,"to":180,"title":"RIC III Marcus Aurelius 745. 1995.11.484","image_urls":["http://numismatics.org/collectionimages/19501999/1995/1995.11.484.rev.width350.jpg"]},{"from":176,"to":180,"title":"RIC III Marcus Aurelius 744. 1948.19.1351","image_urls":["http://numismatics.org/collectionimages/19001949/1948/1948.19.1351.rev.width350.jpg"]},{"from":176,"to":180,"title":"RIC III Marcus Aurelius 1696. 1980.187.19","image_urls":["http://numismatics.org/collectionimages/19501999/1980/1980.187.19.rev.width350.jpg"]},{"from":176,"to":180,"title":"RIC III Marcus Aurelius 423. 1956.127.888","image_urls":["http://numismatics.org/collectionimages/19501999/1956/1956.127.888.rev.width350.jpg"]},{"from":176,"to":177,"title":"RIC III Marcus Aurelius 1188. 1995.11.113","image_urls":["http://numismatics.org/collectionimages/19501999/1995/1995.11.113.rev.width350.jpg"]},{"from":176,"to":180,"title":"RIC III Marcus Aurelius 425. 1948.19.1327","image_urls":["http://numismatics.org/collectionimages/19001949/1948/1948.19.1327.rev.width350.jpg"]},{"from":176,"to":177,"title":"RIC III Marcus Aurelius 375. 1948.19.1330","image_urls":["http://numismatics.org/collectionimages/19001949/1948/1948.19.1330.rev.width350.jpg"]},{"from":176,"to":180,"title":"RIC III Marcus Aurelius 1706. 1995.11.466","image_urls":["http://numismatics.org/collectionimages/19501999/1995/1995.11.466.rev.width350.jpg"]},{"from":176,"to":180,"title":"RIC III Marcus Aurelius 1697. 1995.110.1","image_urls":["http://numismatics.org/collectionimages/19501999/1995/1995.110.1.rev.width350.jpg"]},{"from":176,"to":180,"title":"RIC III Marcus Aurelius 738. 1944.100.49244","image_urls":["http://numismatics.org/collectionimages/19001949/1944/1944.100.49244.rev.width350.jpg"]},{"from":176,"to":177,"title":"RIC III Marcus Aurelius 377. 1941.131.841","image_urls":["http://numismatics.org/collectionimages/19001949/1941/1941.131.841.rev.width350.jpg"]},{"from":176,"to":180,"title":"RIC III Marcus Aurelius 1717. 1995.110.12","image_urls":["http://numismatics.org/collectionimages/19501999/1995/1995.110.12.rev.width350.jpg"]},{"from":176,"to":180,"title":"RIC III Marcus Aurelius 744. 1944.100.49247","image_urls":["http://numismatics.org/collectionimages/19001949/1944/1944.100.49247.rev.width350.jpg"]},{"from":176,"to":180,"title":"RIC III Marcus Aurelius 1702. 1983.42.1","image_urls":["http://numismatics.org/collectionimages/19501999/1983/1983.42.1.rev.width350.jpg"]},{"from":176,"to":180,"title":"RIC III Marcus Aurelius 745. 1911.23.350","image_urls":["http://numismatics.org/collectionimages/19001949/1911/1911.23.350.rev.width350.jpg"]},{"from":176,"to":180,"title":"RIC III Marcus Aurelius 1696. 1995.11.465","image_urls":["http://numismatics.org/collectionimages/19501999/1995/1995.11.465.rev.width350.jpg"]},{"from":176,"to":180,"title":"RIC III Marcus Aurelius 743. 1944.100.49245","image_urls":["http://numismatics.org/collectionimages/19001949/1944/1944.100.49245.rev.width350.jpg"]},{"from":176,"to":177,"title":"Bronze Coin, Seleuceia ad Tigrim, AD 176 - AD 177. 1944.100.83476","image_urls":["http://numismatics.org/collectionimages/19001949/1944/1944.100.83476.rev.width350.jpg"]},{"from":176,"to":177,"title":"RIC III Marcus Aurelius 378. 1944.100.49125","image_urls":["http://numismatics.org/collectionimages/19001949/1944/1944.100.49125.rev.width350.jpg"]},{"from":176,"to":177,"title":"RIC III Marcus Aurelius 369. 1956.127.890","image_urls":["http://numismatics.org/collectionimages/19501999/1956/1956.127.890.rev.width350.jpg"]},{"from":176,"to":180,"title":"RIC III Marcus Aurelius 1702. 1944.100.49550","image_urls":["http://numismatics.org/collectionimages/19001949/1944/1944.100.49550.rev.width350.jpg"]},{"from":176,"to":180,"title":"RIC III Marcus Aurelius 743. 1948.19.1350","image_urls":["http://numismatics.org/collectionimages/19001949/1948/1948.19.1350.rev.width350.jpg"]},{"from":176,"to":180,"title":"RIC III Marcus Aurelius 746. 1956.127.1034","image_urls":["http://numismatics.org/collectionimages/19501999/1956/1956.127.1034.rev.width350.jpg"]},{"from":176,"to":180,"title":"RIC III Marcus Aurelius 745. 1956.127.1028","image_urls":["http://numismatics.org/collectionimages/19501999/1956/1956.127.1028.rev.width350.jpg"]},{"from":176,"to":177,"title":"RIC III Marcus Aurelius 367. 1948.19.1332","image_urls":["http://numismatics.org/collectionimages/19001949/1948/1948.19.1332.rev.width350.jpg"]},{"from":176,"to":180,"title":"RIC III Marcus Aurelius 1715. 1974.95.236","image_urls":["http://numismatics.org/collectionimages/19501999/1974/1974.95.236.rev.width350.jpg"]},{"from":176,"to":180,"title":"RIC III Marcus Aurelius 753. 1985.140.139","image_urls":["http://numismatics.org/collectionimages/19501999/1985/1985.140.139.rev.width350.jpg"]},{"from":176,"to":180,"title":"RIC III Marcus Aurelius 745. 1948.19.1356","image_urls":["http://numismatics.org/collectionimages/19001949/1948/1948.19.1356.rev.width350.jpg"]},{"from":176,"to":180,"title":"RIC III Marcus Aurelius 424. 1956.127.887","image_urls":["http://numismatics.org/collectionimages/19501999/1956/1956.127.887.rev.width350.jpg"]},{"from":176,"to":177,"title":"Bronze Obol of Marcus Aurelius, Alexandreia, AD 176 - AD 177. 1944.100.61372","image_urls":["http://numismatics.org/collectionimages/19001949/1944/1944.100.61372.rev.width350.jpg"]},{"from":176,"to":177,"title":"RIC III Marcus Aurelius 1186. 1944.100.49206","image_urls":["http://numismatics.org/collectionimages/19001949/1944/1944.100.49206.rev.width350.jpg"]},{"from":176,"to":180,"title":"RIC III Marcus Aurelius 1706. 1954.203.216","image_urls":["http://numismatics.org/collectionimages/19501999/1954/1954.203.216.rev.width350.jpg"]},{"from":176,"to":177,"title":"RIC III Marcus Aurelius 1186. 1995.11.112","image_urls":["http://numismatics.org/collectionimages/19501999/1995/1995.11.112.rev.width350.jpg"]},{"from":176,"to":177,"title":"RIC III Marcus Aurelius 1188. 1970.156.340","image_urls":["http://numismatics.org/collectionimages/19501999/1970/1970.156.340.rev.width350.jpg"]},{"from":176,"to":180,"title":"RIC III Marcus Aurelius 744. 1948.19.1354","image_urls":["http://numismatics.org/collectionimages/19001949/1948/1948.19.1354.rev.width350.jpg"]},{"from":176,"to":177,"title":"RIC III Marcus Aurelius 371. 1944.100.49123","image_urls":["http://numismatics.org/collectionimages/19001949/1944/1944.100.49123.rev.width350.jpg"]},{"from":176,"to":180,"title":"RIC III Marcus Aurelius 421. 1956.127.885","image_urls":["http://numismatics.org/collectionimages/19501999/1956/1956.127.885.rev.width350.jpg"]},{"from":176,"to":177,"title":"RIC III Marcus Aurelius 1184. 1944.100.49204","image_urls":["http://numismatics.org/collectionimages/19001949/1944/1944.100.49204.rev.width350.jpg"]},{"from":176,"to":180,"title":"RIC III Marcus Aurelius 744. 1948.19.1353","image_urls":["http://numismatics.org/collectionimages/19001949/1948/1948.19.1353.rev.width350.jpg"]},{"from":176,"to":177,"title":"Silver Tetradrachm of Commodus, Antioch, AD 176 - AD 177. 1992.3.1","image_urls":["http://numismatics.org/collectionimages/19501999/1992/1992.3.1.rev.width350.jpg"]},{"from":176,"to":180,"title":"RIC III Marcus Aurelius 417. 1948.19.1329","image_urls":["http://numismatics.org/collectionimages/19001949/1948/1948.19.1329.rev.width350.jpg"]},{"from":176,"to":180,"title":"RIC III Marcus Aurelius 745. 1956.127.1031","image_urls":["http://numismatics.org/collectionimages/19501999/1956/1956.127.1031.rev.width350.jpg"]},{"from":176,"to":177,"title":"Silver Tetradrachm, Seleuceia ad Tigrim, AD 176 - AD 177. 1944.100.83428","image_urls":["http://numismatics.org/collectionimages/19001949/1944/1944.100.83428.rev.width350.jpg"]},{"from":176,"to":180,"title":"RIC III Marcus Aurelius 744. 1956.127.1025","image_urls":["http://numismatics.org/collectionimages/19501999/1956/1956.127.1025.rev.width350.jpg"]},{"from":176,"to":180,"title":"RIC III Marcus Aurelius 745. 1956.127.1030","image_urls":["http://numismatics.org/collectionimages/19501999/1956/1956.127.1030.rev.width350.jpg"]},{"from":176,"to":177,"title":"Bronze Diobol of Commodus, Alexandreia, AD 176 - AD 177. 1944.100.61893","image_urls":["http://numismatics.org/collectionimages/19001949/1944/1944.100.61893.rev.width350.jpg"]},{"from":176,"to":180,"title":"RIC III Marcus Aurelius 750. 1948.19.1355","image_urls":["http://numismatics.org/collectionimages/19001949/1948/1948.19.1355.rev.width350.jpg"]},{"from":176,"to":177,"title":"RIC III Marcus Aurelius 377. 1944.100.49124","image_urls":["http://numismatics.org/collectionimages/19001949/1944/1944.100.49124.rev.width350.jpg"]},{"from":176,"to":180,"title":"RIC III Marcus Aurelius 1715. 1995.11.468","image_urls":["http://numismatics.org/collectionimages/19501999/1995/1995.11.468.rev.width350.jpg"]},{"from":176,"to":180,"title":"RIC III Marcus Aurelius 746. 1905.57.404","image_urls":["http://numismatics.org/collectionimages/19001949/1905/1905.57.404.rev.width350.jpg"]},{"from":176,"to":177,"title":"RIC III Marcus Aurelius 1192. 1944.100.49208","image_urls":["http://numismatics.org/collectionimages/19001949/1944/1944.100.49208.rev.width350.jpg"]},{"from":176,"to":180,"title":"RIC III Marcus Aurelius 418. 1911.23.326","image_urls":["http://numismatics.org/collectionimages/19001949/1911/1911.23.326.rev.width350.jpg"]},{"from":176,"to":177,"title":"RIC III Marcus Aurelius 378. 1956.127.1936","image_urls":["http://numismatics.org/collectionimages/19501999/1956/1956.127.1936.rev.width350.jpg"]},{"from":176,"to":180,"title":"RIC III Marcus Aurelius 744. 1956.127.1024","image_urls":["http://numismatics.org/collectionimages/19501999/1956/1956.127.1024.rev.width350.jpg"]},{"from":176,"to":180,"title":"RIC III Marcus Aurelius 745. 1974.26.1119","image_urls":["http://numismatics.org/collectionimages/19501999/1974/1974.26.1119.rev.width350.jpg"]},{"from":176,"to":177,"title":"RIC III Marcus Aurelius 366. 1967.50.11","image_urls":["http://numismatics.org/collectionimages/19501999/1967/1967.50.11.rev.width350.jpg"]},{"from":176,"to":177,"title":"RIC III Marcus Aurelius 1196. 1995.11.995","image_urls":["http://numismatics.org/collectionimages/19501999/1995/1995.11.995.rev.width350.jpg"]},{"from":176,"to":180,"title":"RIC III Marcus Aurelius 746. 1935.117.438","image_urls":["http://numismatics.org/collectionimages/19001949/1935/1935.117.438.rev.width350.jpg"]},{"from":176,"to":180,"title":"RIC III Marcus Aurelius 745. 1956.127.1027","image_urls":["http://numismatics.org/collectionimages/19501999/1956/1956.127.1027.rev.width350.jpg"]},{"from":176,"to":180,"title":"RIC III Marcus Aurelius 424. 1956.127.886","image_urls":["http://numismatics.org/collectionimages/19501999/1956/1956.127.886.rev.width350.jpg"]},{"from":176,"to":180,"title":"RIC III Marcus Aurelius 746. 1956.127.1033","image_urls":["http://numismatics.org/collectionimages/19501999/1956/1956.127.1033.rev.width350.jpg"]},{"from":176,"to":180,"title":"RIC III Marcus Aurelius 746. 1948.19.1358","image_urls":["http://numismatics.org/collectionimages/19001949/1948/1948.19.1358.rev.width350.jpg"]},{"from":176,"to":177,"title":"RIC III Marcus Aurelius 1205. 1944.100.49205","image_urls":["http://numismatics.org/collectionimages/19001949/1944/1944.100.49205.rev.width350.jpg"]},{"from":176,"to":180,"title":"RIC III Marcus Aurelius 1714. 1944.100.49553","image_urls":["http://numismatics.org/collectionimages/19001949/1944/1944.100.49553.rev.width350.jpg"]},{"from":176,"to":180,"title":"RIC III Marcus Aurelius 1712. 1944.100.49547","image_urls":["http://numismatics.org/collectionimages/19001949/1944/1944.100.49547.rev.width350.jpg"]},{"from":176,"to":180,"title":"RIC III Marcus Aurelius 744. 1948.19.1352","image_urls":["http://numismatics.org/collectionimages/19001949/1948/1948.19.1352.rev.width350.jpg"]},{"from":176,"to":180,"title":"RIC III Marcus Aurelius 1715. 1906.236.420","image_urls":["http://numismatics.org/collectionimages/19001949/1906/1906.236.420.rev.width350.jpg"]},{"from":176,"to":180,"title":"RIC III Marcus Aurelius 744. 1960.170.373","image_urls":["http://numismatics.org/collectionimages/19501999/1960/1960.170.373.rev.width350.jpg"]},{"from":176,"to":180,"title":"RIC III Marcus Aurelius 1703. 1944.100.49551","image_urls":["http://numismatics.org/collectionimages/19001949/1944/1944.100.49551.rev.width350.jpg"]},{"from":176,"to":180,"title":"RIC III Marcus Aurelius 746. 1911.23.351","image_urls":["http://numismatics.org/collectionimages/19001949/1911/1911.23.351.rev.width350.jpg"]},{"from":176,"to":177,"title":"RIC III Marcus Aurelius 377. 1956.127.1935","image_urls":["http://numismatics.org/collectionimages/19501999/1956/1956.127.1935.rev.width350.jpg"]},{"from":176,"to":177,"title":"Billon Tetradrachm of Marcus Aurelius, Alexandreia, AD 176 - AD 177. 1973.56.887","image_urls":["http://numismatics.org/collectionimages/19501999/1973/1973.56.887.rev.width350.jpg"]},{"from":176,"to":180,"title":"RIC III Marcus Aurelius 746. 1944.100.49249","image_urls":["http://numismatics.org/collectionimages/19001949/1944/1944.100.49249.rev.width350.jpg"]}]