[{"from":177,"to":192,"title":"LEIC-3B5773: A coin issued by Commodus","image_urls":["https://finds.org.uk/images/wscott/3B5773.JPG"]},{"from":177,"to":192,"title":"LEIC-9EBCB1: A coin issued by Commodus","image_urls":["https://finds.org.uk/images/wscott/9EBCB1.JPG"]},{"from":177,"to":177,"title":"SWYOR-733946: A coin issued by Marcus Aurelius (as Augustus)","image_urls":["https://finds.org.uk/images/acooper/PAS%20398%20dupondius.jpg"]},{"from":177,"to":177,"title":"BERK-4C7243: A coin issued by Commodus","image_urls":["https://finds.org.uk/images/cedbury/4C7243.jpg"]},{"from":177,"to":192,"title":"NLM-1E074A: A coin issued by Commodus","image_urls":["https://finds.org.uk/images/mforeman/NLM27712.jpg"]},{"from":177,"to":180,"title":"DEV-DE79C3: A coin issued by Commodus","image_urls":["https://finds.org.uk/images/ncorey/DEV-DE79C3.jpg"]},{"from":177,"to":177,"title":"LEIC-B13061: A coin issued by Marcus Aurelius (as Augustus)","image_urls":["https://finds.org.uk/images/wscott/B13061.JPG"]},{"from":177,"to":192,"title":"BUC-A42BB7: A coin issued by Commodus","image_urls":["https://finds.org.uk/images/rtyrrell/3DSCN0093.JPG"]},{"from":177,"to":178,"title":"NCL-0BAEC6: A coin issued by Marcus Aurelius (as Augustus)","image_urls":["https://finds.org.uk/images/pwalton/1433.jpg"]},{"from":177,"to":192,"title":"GLO-B21F66: A coin issued by Commodus","image_urls":["https://finds.org.uk/images/kadams/5075SestertiusofCommodus.jpg"]},{"from":177,"to":180,"title":"NLM-C17546: A coin issued by Commodus","image_urls":["https://finds.org.uk/images/mforeman/NLM15419.jpg"]},{"from":177,"to":179,"title":"LVPL-F1EDC4: A coin issued by Marcus Aurelius (as Augustus)","image_urls":["https://finds.org.uk/images/fmcintosh/pay%20114.jpg"]},{"from":177,"to":179,"title":"KENT-099707: A coin issued by Marcus Aurelius (as Caesar)","image_urls":["https://finds.org.uk/images/arichardson/PAK103-103.JPG"]},{"from":177,"to":192,"title":"SUSS-33DF75: A coin issued by Commodus","image_urls":["https://finds.org.uk/images/stephaniesmith/SUSS33DF75.jpg"]},{"from":177,"to":177,"title":"BH-10BC16: A coin issued by Marcus Aurelius (as Augustus)","image_urls":["https://finds.org.uk/images/jwatters/Roman%20coin%2009%2016%20-%202.jpg"]},{"from":177,"to":179,"title":"SOM-041233: A coin issued by Marcus Aurelius (as Augustus)","image_urls":["https://finds.org.uk/images/elburnett/SOM-041233.JPG"]},{"from":177,"to":179,"title":"PUBLIC-0CEA58: A coin issued by Marcus Aurelius (as Augustus)","image_urls":["https://finds.org.uk/images/simj3/2009.174.2.jpg"]},{"from":177,"to":177,"title":"IOW-9F5724: A coin issued by Marcus Aurelius (as Augustus)","image_urls":["https://finds.org.uk/images/fbasford/IOW2009-2-192.JPG"]},{"from":177,"to":179,"title":"NCL-2F7CC5: A coin issued by Marcus Aurelius (as Augustus)","image_urls":["https://finds.org.uk/images/rcollins/NCL-2F7CC5.JPG"]},{"from":177,"to":192,"title":"BM-45A4E6: A coin issued by Commodus","image_urls":["https://finds.org.uk/images/lczebotar/John%20Park%208.jpg"]},{"from":177,"to":192,"title":"SUR-8A48F7: A coin issued by Commodus","image_urls":["https://finds.org.uk/images/dwilliams/B12-346.JPG"]},{"from":177,"to":178,"title":"IOW-1A1E65: A coin issued by Marcus Aurelius (as Augustus)","image_urls":["https://finds.org.uk/images/fbasford/IOW2012-1-363.JPG"]},{"from":177,"to":192,"title":"BH-0C1362: A coin with an unrecorded/uncertain issuer.","image_urls":["https://finds.org.uk/images/jwatters/Roman_coin_15_99.jpg"]},{"from":177,"to":187,"title":"BERK-42E7C3: A coin issued by Crispina","image_urls":["https://finds.org.uk/images/abyard/2012110.jpg"]},{"from":177,"to":178,"title":"HAMP-C7A845: A coin issued by Marcus Aurelius (as Augustus)","image_urls":["https://finds.org.uk/images/ellysg1/HAMP-C7A845MarcusAurelius.jpg"]},{"from":177,"to":179,"title":"LANCUM-A47583: A coin issued by Marcus Aurelius (as Augustus)","image_urls":["https://finds.org.uk/images/dboughton/LVMDMLA47583.jpg"]},{"from":177,"to":179,"title":"HAMP-FD36F6: A coin issued by Marcus Aurelius (as Augustus)","image_urls":["https://finds.org.uk/images/rwebley/HAMP-FD36F6MAureliussestertius.jpg"]},{"from":177,"to":192,"title":"LEIC-4C7B77: A coin issued by Crispina","image_urls":["https://finds.org.uk/images/wscott/4C7B77%20.jpg"]},{"from":177,"to":192,"title":"GLO-57E191: A coin issued by Commodus","image_urls":["https://finds.org.uk/images/kadams/3158%20Copper%20alloy%20Sestertius%20of%20Commodus.jpg"]},{"from":177,"to":192,"title":"NARC-38D7A5: A coin issued by Commodus","image_urls":["https://finds.org.uk/images/jcassidy/NARC-38D7A5%20a.jpg"]},{"from":177,"to":192,"title":"KENT-CFE812: A coin issued by Commodus","image_urls":["https://finds.org.uk/images/jbryan/KENTCFE812.jpg"]},{"from":177,"to":180,"title":"NARC-5812E1: A coin issued by Commodus","image_urls":["https://finds.org.uk/images/rwebley/NARC-5812E1Commodusdupasobv.jpg"]},{"from":177,"to":178,"title":"HAMP-2872F2: A coin issued by Marcus Aurelius (as Augustus)","image_urls":["https://finds.org.uk/images/rwebley/HAMP-2872F2MarcusAureliussestertius.jpg"]},{"from":177,"to":192,"title":"SUR-37C7D4: A coin issued by Commodus","image_urls":["https://finds.org.uk/images/dwilliams/07.580.JPG"]},{"from":177,"to":192,"title":"SWYOR-078568: A coin issued by Commodus","image_urls":["https://finds.org.uk/images/acooper/PAS_1918_dupondius.jpg"]},{"from":177,"to":192,"title":"LEIC-7F3D32: A coin issued by Commodus","image_urls":["https://finds.org.uk/images/wscott/7F3D32.JPG"]},{"from":177,"to":177,"title":"WILT-809576: A coin issued by Commodus","image_urls":["https://finds.org.uk/images/khinds/Zebeddee1109denarius.jpg"]},{"from":177,"to":192,"title":"LIN-3A4332: A coin issued by Antoninus Pius","image_urls":["https://finds.org.uk/images/adaubney/LIN4794.JPG"]},{"from":177,"to":192,"title":"LEIC-FF1034: A coin issued by Commodus","image_urls":["https://finds.org.uk/images/wscott/FF1034.JPG"]},{"from":177,"to":179,"title":"HAMP-9FF840: A coin issued by Marcus Aurelius (as Augustus)","image_urls":["https://finds.org.uk/images/rwebley/HAMP-9FF840MarcusAureliussestertius.jpg"]},{"from":177,"to":192,"title":"LIN-21E730: A coin issued by Commodus","image_urls":["https://finds.org.uk/images/adaubney/LIN2012-850.jpg"]},{"from":177,"to":178,"title":"FASAM-FEA67D: A coin issued by Marcus Aurelius (as Augustus)","image_urls":["https://finds.org.uk/images/sam/Laurence%20Marcus%20Aurelius%20sestertius.jpg"]},{"from":177,"to":180,"title":"PUBLIC-DEE46C: A coin issued by Commodus under Marcus Aurelius","image_urls":["https://finds.org.uk/images/calow1/FLE14.%20817.JPG"]},{"from":177,"to":192,"title":"LEIC-432143: A coin issued by Commodus","image_urls":["https://finds.org.uk/images/wscott/432143.JPG"]},{"from":177,"to":180,"title":"HAMP-00E056: A coin issued by Commodus under Marcus Aurelius","image_urls":["https://finds.org.uk/images/rhenry/HAMP-00E056.jpg"]},{"from":177,"to":192,"title":"LVPL-B53138: A coin issued by Commodus","image_urls":["https://finds.org.uk/images/samrowe/LVPLB53138.jpg"]},{"from":177,"to":192,"title":"SUR-8758EE: A coin issued by Commodus","image_urls":["https://finds.org.uk/images/dwilliams/B14-679.JPG"]},{"from":177,"to":179,"title":"DEV-958790: A coin issued by Marcus Aurelius (as Augustus)","image_urls":["https://finds.org.uk/images/dwootton/DEV-958790.jpg"]},{"from":177,"to":187,"title":"HAMP-1B8318: A coin issued by Crispina","image_urls":["https://finds.org.uk/images/rhenry/HAMP-1B8318.jpg"]},{"from":177,"to":177,"title":"HAMP-95A6A2: A coin issued by Commodus under Marcus Aurelius","image_urls":["https://finds.org.uk/images/ellysg1/HAMP-95A6A2Commodusestertius.jpg"]},{"from":177,"to":177,"title":"WILT-EF1712: A coin issued by Marcus Aurelius (as Augustus)","image_urls":["https://finds.org.uk/images/alysontanner/WILT-EF1712.jpg"]},{"from":177,"to":178,"title":"GLO-C0A544: A coin issued by Marcus Aurelius (as Augustus)","image_urls":["https://finds.org.uk/images/kadams/GLOC0A544.jpg"]},{"from":177,"to":192,"title":"NLM-75BC01: A coin issued by Commodus","image_urls":["https://finds.org.uk/images/lstaves/NLM12131.jpg"]},{"from":177,"to":178,"title":"RIC III Marcus Aurelius 649. 1956.127.1114","image_urls":["http://numismatics.org/collectionimages/19501999/1956/1956.127.1114.rev.width350.jpg"]},{"from":177,"to":192,"title":"Bronze Coin, Odessus, AD 177 - AD 192. 1998.13.5","image_urls":["http://numismatics.org/collectionimages/19501999/1998/1998.13.5.rev.width350.jpg"]},{"from":177,"to":192,"title":"Bronze Coin, Laertes, AD 177 - AD 192. 1998.18.129","image_urls":["http://numismatics.org/collectionimages/19501999/1998/1998.18.129.rev.width350.jpg"]},{"from":177,"to":178,"title":"RIC III Marcus Aurelius 385. 1911.23.328","image_urls":["http://numismatics.org/collectionimages/19001949/1911/1911.23.328.rev.width350.jpg"]},{"from":177,"to":178,"title":"RIC III Marcus Aurelius 648. 1955.191.19","image_urls":["http://numismatics.org/collectionimages/19501999/1955/1955.191.19.rev.width350.jpg"]},{"from":177,"to":192,"title":"Bronze Coin, Nicomedia, AD 177 - AD 192. 1998.18.36","image_urls":["http://numismatics.org/collectionimages/19501999/1998/1998.18.36.rev.width350.jpg"]},{"from":177,"to":178,"title":"RIC III Marcus Aurelius 1227. 1932.12.29","image_urls":["http://numismatics.org/collectionimages/19001949/1932/1932.12.29.rev.width350.jpg"]},{"from":177,"to":192,"title":"Bronze Coin, Antioch, AD 177 - AD 192. 1998.18.84","image_urls":["http://numismatics.org/collectionimages/19501999/1998/1998.18.84.rev.width350.jpg"]},{"from":177,"to":178,"title":"RIC III Marcus Aurelius 649. 1956.127.1113","image_urls":["http://numismatics.org/collectionimages/19501999/1956/1956.127.1113.rev.width350.jpg"]},{"from":177,"to":179,"title":"RIC III Marcus Aurelius 1604. 1944.100.49661","image_urls":["http://numismatics.org/collectionimages/19001949/1944/1944.100.49661.rev.width350.jpg"]},{"from":177,"to":178,"title":"RIC III Marcus Aurelius 389. 1967.50.12","image_urls":["http://numismatics.org/collectionimages/19501999/1967/1967.50.12.rev.width350.jpg"]},{"from":177,"to":178,"title":"RIC III Marcus Aurelius 652. 1987.26.178","image_urls":["http://numismatics.org/collectionimages/19501999/1987/1987.26.178.rev.width350.jpg"]},{"from":177,"to":178,"title":"RIC III Marcus Aurelius 1227. 1965.30.8","image_urls":["http://numismatics.org/collectionimages/19501999/1965/1965.30.8.rev.width350.jpg"]},{"from":177,"to":178,"title":"Bronze As of Marcus Aurelius, Rome, AD 177 - AD 178. 1995.11.139","image_urls":["http://numismatics.org/collectionimages/19501999/1995/1995.11.139.rev.width350.jpg"]},{"from":177,"to":178,"title":"RIC III Marcus Aurelius 649. 1944.100.49643","image_urls":["http://numismatics.org/collectionimages/19001949/1944/1944.100.49643.rev.width350.jpg"]},{"from":177,"to":178,"title":"RIC III Marcus Aurelius 649. 1948.19.1380","image_urls":["http://numismatics.org/collectionimages/19001949/1948/1948.19.1380.rev.width350.jpg"]},{"from":177,"to":178,"title":"RIC III Marcus Aurelius 654. 1956.127.1112","image_urls":["http://numismatics.org/collectionimages/19501999/1956/1956.127.1112.rev.width350.jpg"]},{"from":177,"to":178,"title":"RIC III Marcus Aurelius 385. 1956.127.1937","image_urls":["http://numismatics.org/collectionimages/19501999/1956/1956.127.1937.rev.width350.jpg"]},{"from":177,"to":192,"title":"Coin, Hadrianopolis Phrygia/Sebaste, AD 177 - AD 192. 1998.18.77","image_urls":["http://numismatics.org/collectionimages/19501999/1998/1998.18.77.rev.width350.jpg"]},{"from":177,"to":178,"title":"RIC III Marcus Aurelius 393. 1956.127.893","image_urls":["http://numismatics.org/collectionimages/19501999/1956/1956.127.893.rev.width350.jpg"]},{"from":177,"to":178,"title":"Silver Tetradrachm, Seleuceia ad Tigrim, AD 177 - AD 178. 1944.100.83422","image_urls":["http://numismatics.org/collectionimages/19001949/1944/1944.100.83422.rev.width350.jpg"]},{"from":177,"to":178,"title":"RIC III Marcus Aurelius 385. 1956.127.1938","image_urls":["http://numismatics.org/collectionimages/19501999/1956/1956.127.1938.rev.width350.jpg"]},{"from":177,"to":178,"title":"RIC III Marcus Aurelius 651. 1956.127.1110","image_urls":["http://numismatics.org/collectionimages/19501999/1956/1956.127.1110.rev.width350.jpg"]},{"from":177,"to":178,"title":"RIC III Marcus Aurelius 649. 1956.127.1115","image_urls":["http://numismatics.org/collectionimages/19501999/1956/1956.127.1115.rev.width350.jpg"]},{"from":177,"to":178,"title":"Silver Tetradrachm, Seleuceia ad Tigrim, AD 177 - AD 178. 1944.100.83433","image_urls":["http://numismatics.org/collectionimages/19001949/1944/1944.100.83433.rev.width350.jpg"]},{"from":177,"to":183,"title":"Bronze Coin, Anchialus, AD 177 - AD 183. 1998.13.9","image_urls":["http://numismatics.org/collectionimages/19501999/1998/1998.13.9.rev.width350.jpg"]},{"from":177,"to":178,"title":"RIC III Marcus Aurelius 385. 1951.117.20","image_urls":["http://numismatics.org/collectionimages/19501999/1951/1951.117.20.rev.width350.jpg"]},{"from":177,"to":178,"title":"RIC III Marcus Aurelius 653. 1956.127.1111","image_urls":["http://numismatics.org/collectionimages/19501999/1956/1956.127.1111.rev.width350.jpg"]},{"from":177,"to":178,"title":"RIC III Marcus Aurelius 385. 1944.100.49127","image_urls":["http://numismatics.org/collectionimages/19001949/1944/1944.100.49127.rev.width350.jpg"]},{"from":177,"to":178,"title":"RIC III Marcus Aurelius 384. 1956.127.892","image_urls":["http://numismatics.org/collectionimages/19501999/1956/1956.127.892.rev.width350.jpg"]},{"from":177,"to":178,"title":"RIC III Marcus Aurelius 385. 1956.127.895","image_urls":["http://numismatics.org/collectionimages/19501999/1956/1956.127.895.rev.width350.jpg"]},{"from":177,"to":178,"title":"RIC III Marcus Aurelius 648. 1959.228.31","image_urls":["http://numismatics.org/collectionimages/19501999/1959/1959.228.31.rev.width350.jpg"]},{"from":177,"to":178,"title":"RIC III Marcus Aurelius 1232. 1906.236.397","image_urls":["http://numismatics.org/collectionimages/19001949/1906/1906.236.397.rev.width350.jpg"]},{"from":177,"to":178,"title":"RIC III Marcus Aurelius 1230. 1950.88.8","image_urls":["http://numismatics.org/collectionimages/19501999/1950/1950.88.8.rev.width350.jpg"]},{"from":177,"to":178,"title":"RIC III Marcus Aurelius 390. 1956.127.894","image_urls":["http://numismatics.org/collectionimages/19501999/1956/1956.127.894.rev.width350.jpg"]}]