[{"from":178,"to":191,"title":"Dupondius of Commodus, Rome, A.D. 178 - A.D. 191. 1994.10.7.","image_urls":["http://coins.lib.virginia.edu/images/coins/screen/n1994_10_7_rev.jpg"]},{"from":178,"to":178,"title":"SUSS-7FD4D5: A coin issued by Commodus under Marcus Aurelius","image_urls":["https://finds.org.uk/images/corbie01/SUSS7FD4D5.jpg"]},{"from":178,"to":178,"title":"PUBLIC-5EA077: A coin issued by Commodus under Marcus Aurelius","image_urls":["https://finds.org.uk/images/calow1/FLE12.%20286.JPG"]},{"from":178,"to":178,"title":"LIN-D1B030: A coin issued by Hadrian","image_urls":["https://finds.org.uk/images/adaubney/LIN8728.JPG"]},{"from":178,"to":187,"title":"WILT-A2A384: A coin issued by Crispina","image_urls":["https://finds.org.uk/images/cshenry/WILT-A2A384.jpg"]},{"from":178,"to":187,"title":"WAW-1B14D6: A coin issued by Crispina","image_urls":["https://finds.org.uk/images/abolton/WAW-1B14D6.jpg"]},{"from":178,"to":191,"title":"FAPJW-2AA266: A coin issued by Crispina","image_urls":["https://finds.org.uk/images/pwalton/8090.jpg"]},{"from":178,"to":187,"title":"DOR-03D024: A coin issued by Crispina","image_urls":["https://finds.org.uk/images/caht/03D024.jpg"]},{"from":178,"to":187,"title":"LON-F49CA7: A coin issued by Crispina","image_urls":["https://finds.org.uk/images/fwinkley/Steele%20-%20crispina%20-%20Aug%2009.jpg"]},{"from":178,"to":178,"title":"SUR-910EC3: A coin issued by Commodus","image_urls":["https://finds.org.uk/images/margaretb/SUR-910EC3ascomm.jpg"]},{"from":178,"to":191,"title":"NMS-9D8E2E: A coin issued by Crispina","image_urls":["https://finds.org.uk/images/amarsden/NMD042014crispinaden.jpg"]},{"from":178,"to":180,"title":"HAMP-620FE0: A coin issued by Crispina","image_urls":["https://finds.org.uk/images/rwebley/HAMP-620FE0Crispinasestertius.jpg"]},{"from":178,"to":178,"title":"CAM-810D44: A coin issued by Commodus","image_urls":["https://finds.org.uk/images/pjw/CAM_810D44.jpg"]},{"from":178,"to":187,"title":"LEIC-8C7C07: A coin issued by Crispina","image_urls":["https://finds.org.uk/images/lmellor/8C7C07.JPG"]},{"from":178,"to":187,"title":"BUC-103F08: A coin issued by Crispina","image_urls":["https://finds.org.uk/images/rtyrrell/TC218.jpg"]},{"from":178,"to":178,"title":"KENT-585122: A coin issued by Commodus","image_urls":["https://finds.org.uk/images/jbryan/KENT585122.jpg"]},{"from":178,"to":187,"title":"HAMP-46C922: A coin issued by Crispina","image_urls":["https://finds.org.uk/images/rwebley/HAMP-46C922Crispinasestertius.jpg"]},{"from":178,"to":178,"title":"PUBLIC-4A6B65: A coin issued by Commodus under Marcus Aurelius","image_urls":["https://finds.org.uk/images/calow1/FLE12.%20260.JPG"]},{"from":178,"to":187,"title":"BUC-472EE4: A coin issued by Crispina","image_urls":["https://finds.org.uk/images/Helen Low/3DSCN4317.JPG"]},{"from":178,"to":178,"title":"DEV-719A44: A coin issued by Commodus under Marcus Aurelius","image_urls":["https://finds.org.uk/images/sam/DSC09287.JPG"]},{"from":178,"to":178,"title":"LEIC-AC8136: A coin issued by Commodus","image_urls":["https://finds.org.uk/images/wscott/AC8136%20.JPG"]},{"from":178,"to":191,"title":"NCL-ABB582: A coin issued by Crispina","image_urls":["https://finds.org.uk/images/pwalton/620.jpg"]},{"from":178,"to":178,"title":"SUSS-3B04E5: A coin issued by Commodus","image_urls":["https://finds.org.uk/images/stephaniesmith/SUSS-3B04E5AsofCommodus.jpg"]},{"from":178,"to":178,"title":"DENO-CFF117: A coin issued by Commodus under Marcus Aurelius","image_urls":["https://finds.org.uk/images/cburrill2/ENQ09_Commodus_sestertius.jpg"]},{"from":178,"to":187,"title":"ESS-3B9994: A coin issued by Crispina","image_urls":["https://finds.org.uk/images/cmcdonald/Heyes%20Crispina%20ob.jpg"]},{"from":178,"to":187,"title":"HAMP-94A7B6: A coin issued by Crispina","image_urls":["https://finds.org.uk/images/rwebley/HAMP-94A7B6Crispinasestertius.jpg"]},{"from":178,"to":187,"title":"SUR-AE7C64: A coin issued by Commodus","image_urls":["https://finds.org.uk/images/dwilliams/07.943.JPG"]},{"from":178,"to":178,"title":"IOW-21BE26: A coin issued by Commodus","image_urls":["https://finds.org.uk/images/fbasford/IOW2013-5-164.JPG"]},{"from":178,"to":187,"title":"SUR-AEA957: A coin issued by Commodus","image_urls":["https://finds.org.uk/images/dwilliams/07.944.JPG"]},{"from":178,"to":187,"title":"KENT-A1C302: A coin issued by Crispina","image_urls":["https://finds.org.uk/images/arichardson/PAK112-015.JPG"]},{"from":178,"to":187,"title":"BERK-E85251: A coin issued by Crispina","image_urls":["https://finds.org.uk/images/abyard/2013763.jpg"]},{"from":178,"to":187,"title":"SOM-57426D: A coin issued by Crispina","image_urls":["https://finds.org.uk/images/elburnett/SOM57426D.JPG"]},{"from":178,"to":187,"title":"NLM-1603B4: A coin issued by Crispina","image_urls":["https://finds.org.uk/images/mforeman/NLM21710.jpg"]},{"from":178,"to":179,"title":"YORYM-A15E56: A coin issued by Antoninus Pius","image_urls":["https://finds.org.uk/images/bmorris/JA0001.jpg"]},{"from":178,"to":179,"title":"LON-83EE32: A coin issued by Marcus Aurelius (as Augustus)","image_urls":["https://finds.org.uk/images/kcreed/Romancoin.jpg"]},{"from":178,"to":187,"title":"CAM-7CC987: A coin issued by Crispina","image_urls":["https://finds.org.uk/images/hfowler/CAM-7CC987.jpg"]},{"from":178,"to":187,"title":"WILT-E54887: A coin issued by Crispina","image_urls":["https://finds.org.uk/images/rhenry2/WILTE54887.jpg"]},{"from":178,"to":187,"title":"WILT-0D57A3: A coin issued by Crispina","image_urls":["https://finds.org.uk/images/rhenry2/WILT-0D57A3.jpg"]},{"from":178,"to":191,"title":"RIC III Commodus 675 (as). 1944.100.50036","image_urls":["http://numismatics.org/collectionimages/19001949/1944/1944.100.50036.rev.width350.jpg"]},{"from":178,"to":191,"title":"RIC III Commodus 279b. 1948.19.1403","image_urls":["http://numismatics.org/collectionimages/19001949/1948/1948.19.1403.rev.width350.jpg"]},{"from":178,"to":191,"title":"RIC III Commodus 672B. 1957.172.1771","image_urls":["http://numismatics.org/collectionimages/19501999/1957/1957.172.1771.rev.width350.jpg"]},{"from":178,"to":191,"title":"RIC III Commodus 669. 1995.11.332","image_urls":["http://numismatics.org/collectionimages/19501999/1995/1995.11.332.rev.width350.jpg"]},{"from":178,"to":191,"title":"RIC III Commodus 669. 1906.236.470","image_urls":["http://numismatics.org/collectionimages/19001949/1906/1906.236.470.rev.width350.jpg"]},{"from":178,"to":191,"title":"RIC III Commodus 276. 1944.100.50024","image_urls":["http://numismatics.org/collectionimages/19001949/1944/1944.100.50024.rev.width350.jpg"]},{"from":178,"to":191,"title":"RIC III Commodus 669. 1916.192.266","image_urls":["http://numismatics.org/collectionimages/19001949/1916/1916.192.266.rev.width350.jpg"]},{"from":178,"to":191,"title":"RIC III Commodus 672A. 1944.100.50032","image_urls":["http://numismatics.org/collectionimages/19001949/1944/1944.100.50032.rev.width350.jpg"]},{"from":178,"to":191,"title":"RIC III Commodus 281b. 1944.100.50026","image_urls":["http://numismatics.org/collectionimages/19001949/1944/1944.100.50026.rev.width350.jpg"]},{"from":178,"to":179,"title":"RIC III Marcus Aurelius 1237. 1944.100.49210","image_urls":["http://numismatics.org/collectionimages/19001949/1944/1944.100.49210.rev.width350.jpg"]},{"from":178,"to":191,"title":"RIC III Commodus 677 (as). 1995.11.338","image_urls":["http://numismatics.org/collectionimages/19501999/1995/1995.11.338.rev.width350.jpg"]},{"from":178,"to":191,"title":"RIC III Commodus 680 (as). 1906.236.473","image_urls":["http://numismatics.org/collectionimages/19001949/1906/1906.236.473.rev.width350.jpg"]},{"from":178,"to":191,"title":"RIC III Commodus 680 (as). 1950.70.15","image_urls":["http://numismatics.org/collectionimages/19501999/1950/1950.70.15.rev.width350.jpg"]},{"from":178,"to":191,"title":"RIC III Commodus 281b. 0000.999.21872","image_urls":["http://numismatics.org/collectionimages/00001899/0000/0000.999.21872.rev.width350.jpg"]},{"from":178,"to":191,"title":"RIC III Commodus 290. 1950.57.5","image_urls":["http://numismatics.org/collectionimages/19501999/1950/1950.57.5.rev.width350.jpg"]},{"from":178,"to":191,"title":"RIC III Commodus 680 (as). 1995.11.340","image_urls":["http://numismatics.org/collectionimages/19501999/1995/1995.11.340.rev.width350.jpg"]},{"from":178,"to":191,"title":"RIC III Commodus 673. 1995.11.334","image_urls":["http://numismatics.org/collectionimages/19501999/1995/1995.11.334.rev.width350.jpg"]},{"from":178,"to":179,"title":"RIC III Marcus Aurelius 1237. 1906.236.398","image_urls":["http://numismatics.org/collectionimages/19001949/1906/1906.236.398.rev.width350.jpg"]},{"from":178,"to":191,"title":"RIC III Commodus 285. 1955.191.20","image_urls":["http://numismatics.org/collectionimages/19501999/1955/1955.191.20.rev.width350.jpg"]},{"from":178,"to":191,"title":"RIC III Commodus 276. 1956.127.1234","image_urls":["http://numismatics.org/collectionimages/19501999/1956/1956.127.1234.rev.width350.jpg"]},{"from":178,"to":191,"title":"RIC III Commodus 279b. 1995.11.341","image_urls":["http://numismatics.org/collectionimages/19501999/1995/1995.11.341.rev.width350.jpg"]},{"from":178,"to":191,"title":"RIC III Commodus 283. 1935.117.449","image_urls":["http://numismatics.org/collectionimages/19001949/1935/1935.117.449.rev.width350.jpg"]},{"from":178,"to":191,"title":"RIC III Commodus 278. 1956.127.1236","image_urls":["http://numismatics.org/collectionimages/19501999/1956/1956.127.1236.rev.width350.jpg"]},{"from":178,"to":191,"title":"RIC III Commodus 680 (as). 1944.100.50038","image_urls":["http://numismatics.org/collectionimages/19001949/1944/1944.100.50038.rev.width350.jpg"]},{"from":178,"to":191,"title":"RIC III Commodus 680 (as). 1906.236.472","image_urls":["http://numismatics.org/collectionimages/19001949/1906/1906.236.472.rev.width350.jpg"]},{"from":178,"to":191,"title":"RIC III Commodus 288. 1956.127.1248","image_urls":["http://numismatics.org/collectionimages/19501999/1956/1956.127.1248.rev.width350.jpg"]},{"from":178,"to":191,"title":"RIC III Commodus 276. 1948.19.1402","image_urls":["http://numismatics.org/collectionimages/19001949/1948/1948.19.1402.rev.width350.jpg"]},{"from":178,"to":191,"title":"RIC III Commodus 288. 1944.100.50029","image_urls":["http://numismatics.org/collectionimages/19001949/1944/1944.100.50029.rev.width350.jpg"]},{"from":178,"to":191,"title":"RIC III Commodus 684 (as). 1944.100.50041","image_urls":["http://numismatics.org/collectionimages/19001949/1944/1944.100.50041.rev.width350.jpg"]},{"from":178,"to":191,"title":"RIC III Commodus 674 (as). 1944.100.50035","image_urls":["http://numismatics.org/collectionimages/19001949/1944/1944.100.50035.rev.width350.jpg"]},{"from":178,"to":191,"title":"RIC III Commodus 281a. 1911.23.362","image_urls":["http://numismatics.org/collectionimages/19001949/1911/1911.23.362.rev.width350.jpg"]},{"from":178,"to":191,"title":"RIC III Commodus 672B. 1945.38.1","image_urls":["http://numismatics.org/collectionimages/19001949/1945/1945.38.1.rev.width350.jpg"]},{"from":178,"to":191,"title":"RIC III Commodus 278. 1944.100.50025","image_urls":["http://numismatics.org/collectionimages/19001949/1944/1944.100.50025.rev.width350.jpg"]},{"from":178,"to":191,"title":"RIC III Commodus 678 (as). 1906.236.471","image_urls":["http://numismatics.org/collectionimages/19001949/1906/1906.236.471.rev.width350.jpg"]},{"from":178,"to":191,"title":"RIC III Commodus 286A (denarius). 1944.100.50028","image_urls":["http://numismatics.org/collectionimages/19001949/1944/1944.100.50028.rev.width350.jpg"]},{"from":178,"to":191,"title":"RIC III Commodus 283. 1956.127.1238","image_urls":["http://numismatics.org/collectionimages/19501999/1956/1956.127.1238.rev.width350.jpg"]},{"from":178,"to":179,"title":"Silver Tetradrachm, Seleuceia ad Tigrim, AD 178 - AD 179. 1944.100.83434","image_urls":["http://numismatics.org/collectionimages/19001949/1944/1944.100.83434.rev.width350.jpg"]},{"from":178,"to":179,"title":"Bronze Medallion of Marcus Aurelius, Rome, AD 178 - AD 179. 1995.110.41","image_urls":["http://numismatics.org/collectionimages/19501999/1995/1995.110.41.rev.width350.jpg"]},{"from":178,"to":191,"title":"RIC III Commodus 680 (as). 1906.236.474","image_urls":["http://numismatics.org/collectionimages/19001949/1906/1906.236.474.rev.width350.jpg"]},{"from":178,"to":191,"title":"RIC III Commodus 281a. 1948.19.1401","image_urls":["http://numismatics.org/collectionimages/19001949/1948/1948.19.1401.rev.width350.jpg"]},{"from":178,"to":191,"title":"RIC III Commodus 286A (denarius). 1974.26.1587","image_urls":["http://numismatics.org/collectionimages/19501999/1974/1974.26.1587.rev.width350.jpg"]},{"from":178,"to":191,"title":"RIC III Commodus 279a. 1957.172.1770","image_urls":["http://numismatics.org/collectionimages/19501999/1957/1957.172.1770.rev.width350.jpg"]},{"from":178,"to":191,"title":"RIC III Commodus 286A (denarius). 1956.127.1247","image_urls":["http://numismatics.org/collectionimages/19501999/1956/1956.127.1247.rev.width350.jpg"]},{"from":178,"to":191,"title":"RIC III Commodus 680 (as). 1941.131.871","image_urls":["http://numismatics.org/collectionimages/19001949/1941/1941.131.871.rev.width350.jpg"]},{"from":178,"to":191,"title":"RIC III Commodus 279a. 1944.100.50023","image_urls":["http://numismatics.org/collectionimages/19001949/1944/1944.100.50023.rev.width350.jpg"]},{"from":178,"to":191,"title":"RIC III Commodus 684 (as). 1951.61.77","image_urls":["http://numismatics.org/collectionimages/19501999/1951/1951.61.77.rev.width350.jpg"]},{"from":178,"to":191,"title":"RIC III Commodus 278. 1956.127.1235","image_urls":["http://numismatics.org/collectionimages/19501999/1956/1956.127.1235.rev.width350.jpg"]},{"from":178,"to":191,"title":"RIC III Commodus 283. 1948.19.1404","image_urls":["http://numismatics.org/collectionimages/19001949/1948/1948.19.1404.rev.width350.jpg"]},{"from":178,"to":191,"title":"RIC III Commodus 281b. 1941.131.868","image_urls":["http://numismatics.org/collectionimages/19001949/1941/1941.131.868.rev.width350.jpg"]},{"from":178,"to":191,"title":"RIC III Commodus 279b. 1935.117.448","image_urls":["http://numismatics.org/collectionimages/19001949/1935/1935.117.448.rev.width350.jpg"]},{"from":178,"to":179,"title":"RIC III Marcus Aurelius 399. 1956.127.896","image_urls":["http://numismatics.org/collectionimages/19501999/1956/1956.127.896.rev.width350.jpg"]},{"from":178,"to":191,"title":"RIC III Commodus 286A (denarius). 1956.127.1244","image_urls":["http://numismatics.org/collectionimages/19501999/1956/1956.127.1244.rev.width350.jpg"]},{"from":178,"to":191,"title":"RIC III Commodus 684 (as). 1995.11.337","image_urls":["http://numismatics.org/collectionimages/19501999/1995/1995.11.337.rev.width350.jpg"]},{"from":178,"to":191,"title":"RIC III Commodus 673. 1944.100.50034","image_urls":["http://numismatics.org/collectionimages/19001949/1944/1944.100.50034.rev.width350.jpg"]},{"from":178,"to":191,"title":"RIC III Commodus 683 (as). 1944.100.50040","image_urls":["http://numismatics.org/collectionimages/19001949/1944/1944.100.50040.rev.width350.jpg"]},{"from":178,"to":191,"title":"RIC III Commodus 665. 1995.11.331","image_urls":["http://numismatics.org/collectionimages/19501999/1995/1995.11.331.rev.width350.jpg"]},{"from":178,"to":191,"title":"RIC III Commodus 286A (denarius). 1956.127.1242","image_urls":["http://numismatics.org/collectionimages/19501999/1956/1956.127.1242.rev.width350.jpg"]},{"from":178,"to":191,"title":"RIC III Commodus 672A. 1995.11.335","image_urls":["http://numismatics.org/collectionimages/19501999/1995/1995.11.335.rev.width350.jpg"]},{"from":178,"to":191,"title":"RIC III Commodus 288. 1941.131.869","image_urls":["http://numismatics.org/collectionimages/19001949/1941/1941.131.869.rev.width350.jpg"]},{"from":178,"to":191,"title":"RIC III Commodus 683 (as). 1911.105.527","image_urls":["http://numismatics.org/collectionimages/19001949/1911/1911.105.527.rev.width350.jpg"]},{"from":178,"to":191,"title":"RIC III Commodus 288. 1954.203.226","image_urls":["http://numismatics.org/collectionimages/19501999/1954/1954.203.226.rev.width350.jpg"]},{"from":178,"to":191,"title":"RIC III Commodus 283. 1956.127.1239","image_urls":["http://numismatics.org/collectionimages/19501999/1956/1956.127.1239.rev.width350.jpg"]},{"from":178,"to":191,"title":"RIC III Commodus 286A (denarius). 1911.23.363","image_urls":["http://numismatics.org/collectionimages/19001949/1911/1911.23.363.rev.width350.jpg"]},{"from":178,"to":191,"title":"RIC III Commodus 679 (as). 1944.100.50037","image_urls":["http://numismatics.org/collectionimages/19001949/1944/1944.100.50037.rev.width350.jpg"]},{"from":178,"to":191,"title":"RIC III Commodus 286A (denarius). 1956.127.1241","image_urls":["http://numismatics.org/collectionimages/19501999/1956/1956.127.1241.rev.width350.jpg"]},{"from":178,"to":191,"title":"RIC III Commodus 669. 1944.100.50031","image_urls":["http://numismatics.org/collectionimages/19001949/1944/1944.100.50031.rev.width350.jpg"]},{"from":178,"to":191,"title":"RIC III Commodus 281b. 1960.170.380","image_urls":["http://numismatics.org/collectionimages/19501999/1960/1960.170.380.rev.width350.jpg"]},{"from":178,"to":191,"title":"RIC III Commodus 286A (denarius). 1956.127.1243","image_urls":["http://numismatics.org/collectionimages/19501999/1956/1956.127.1243.rev.width350.jpg"]},{"from":178,"to":191,"title":"RIC III Commodus 281b. 0000.999.21871","image_urls":["http://numismatics.org/collectionimages/00001899/0000/0000.999.21871.rev.width350.jpg"]},{"from":178,"to":191,"title":"RIC III Commodus 283. 1956.127.1240","image_urls":["http://numismatics.org/collectionimages/19501999/1956/1956.127.1240.rev.width350.jpg"]},{"from":178,"to":191,"title":"RIC III Commodus 670. 1995.11.333","image_urls":["http://numismatics.org/collectionimages/19501999/1995/1995.11.333.rev.width350.jpg"]},{"from":178,"to":191,"title":"RIC III Commodus 283. 1956.127.1237","image_urls":["http://numismatics.org/collectionimages/19501999/1956/1956.127.1237.rev.width350.jpg"]},{"from":178,"to":191,"title":"RIC III Commodus 286A (denarius). 1956.127.1246","image_urls":["http://numismatics.org/collectionimages/19501999/1956/1956.127.1246.rev.width350.jpg"]},{"from":178,"to":191,"title":"RIC III Commodus 678 (as). 1988.5.66","image_urls":["http://numismatics.org/collectionimages/19501999/1988/1988.5.66.rev.width350.jpg"]},{"from":178,"to":191,"title":"RIC III Commodus 679 (as). 1995.11.339","image_urls":["http://numismatics.org/collectionimages/19501999/1995/1995.11.339.rev.width350.jpg"]},{"from":178,"to":191,"title":"RIC III Commodus 673. 1944.100.50033","image_urls":["http://numismatics.org/collectionimages/19001949/1944/1944.100.50033.rev.width350.jpg"]},{"from":178,"to":191,"title":"RIC III Commodus 283. 1944.100.50027","image_urls":["http://numismatics.org/collectionimages/19001949/1944/1944.100.50027.rev.width350.jpg"]},{"from":178,"to":191,"title":"RIC III Commodus 673. 1941.131.870","image_urls":["http://numismatics.org/collectionimages/19001949/1941/1941.131.870.rev.width350.jpg"]},{"from":178,"to":191,"title":"RIC III Commodus 665. 1944.100.50030","image_urls":["http://numismatics.org/collectionimages/19001949/1944/1944.100.50030.rev.width350.jpg"]},{"from":178,"to":191,"title":"RIC III Commodus 680 (as). 1944.100.50039","image_urls":["http://numismatics.org/collectionimages/19001949/1944/1944.100.50039.rev.width350.jpg"]},{"from":178,"to":179,"title":"Bronze Drachm of Marcus Aurelius, Alexandreia, AD 178 - AD 179. 1973.56.900","image_urls":["http://numismatics.org/collectionimages/19501999/1973/1973.56.900.rev.width350.jpg"]},{"from":178,"to":191,"title":"RIC III Commodus 683 (as). 1995.110.34","image_urls":["http://numismatics.org/collectionimages/19501999/1995/1995.110.34.rev.width350.jpg"]},{"from":178,"to":191,"title":"RIC III Commodus 286A (denarius). 1956.127.1245","image_urls":["http://numismatics.org/collectionimages/19501999/1956/1956.127.1245.rev.width350.jpg"]},{"from":178,"to":179,"title":"Silver Tetradrachm, Seleuceia ad Tigrim, AD 178 - AD 179. 1947.70.5","image_urls":["http://numismatics.org/collectionimages/19001949/1947/1947.70.5.rev.width350.jpg"]},{"from":178,"to":191,"title":"RIC III Commodus 287. 1967.153.165","image_urls":["http://numismatics.org/collectionimages/19501999/1967/1967.153.165.rev.width350.jpg"]},{"from":178,"to":191,"title":"RIC III Commodus 684 (as). 1906.236.475","image_urls":["http://numismatics.org/collectionimages/19001949/1906/1906.236.475.rev.width350.jpg"]},{"from":178,"to":191,"title":"RIC III Commodus 686 (as). 1921.54.703","image_urls":["http://numismatics.org/collectionimages/19001949/1921/1921.54.703.rev.width350.jpg"]},{"from":178,"to":191,"title":"RIC III Commodus 276. 1956.127.1233","image_urls":["http://numismatics.org/collectionimages/19501999/1956/1956.127.1233.rev.width350.jpg"]},{"from":178,"to":191,"title":"RIC III Commodus 678 (as). 1995.11.336","image_urls":["http://numismatics.org/collectionimages/19501999/1995/1995.11.336.rev.width350.jpg"]}]