[{"from":179,"to":179,"title":"IOW-9E87D3: A coin issued by Marcus Aurelius (as Augustus)","image_urls":["https://finds.org.uk/images/fbasford/IOW2007-3-34.JPG"]},{"from":179,"to":179,"title":"LVPL-205BA8: A coin issued by Marcus Aurelius (as Augustus)","image_urls":["https://finds.org.uk/images/voakden/LVPL-205BA8.jpg"]},{"from":179,"to":180,"title":"IOW-588931: A coin issued by Marcus Aurelius (as Augustus)","image_urls":["https://finds.org.uk/images/fbasford/IOW2010-2-527.JPG"]},{"from":179,"to":179,"title":"LANCUM-799C11: A coin issued by Marcus Aurelius (as Augustus)","image_urls":["https://finds.org.uk/images/dboughton/DSCN5087a.jpg"]},{"from":179,"to":179,"title":"ESS-34A871: A coin issued by Commodus","image_urls":["https://finds.org.uk/images/kabishop/019C0010.jpg"]},{"from":179,"to":179,"title":"HAMP-95BEC4: A coin issued by Commodus","image_urls":["https://finds.org.uk/images/rwebley/HAMP-95BEC4Commodussestertius.jpg"]},{"from":179,"to":179,"title":"HAMP-720A85: A coin issued by Commodus","image_urls":["https://finds.org.uk/images/rwebley/HAMP-720A85Commodussestertius.jpg"]},{"from":179,"to":192,"title":"LEIC-20DFF6: A coin issued by Commodus","image_urls":["https://finds.org.uk/images/wscott/20DFF6.JPG"]},{"from":179,"to":179,"title":"NCL-71C2E3: A coin issued by Commodus under Marcus Aurelius","image_urls":["https://finds.org.uk/images/pwalton/1110.jpg"]},{"from":179,"to":179,"title":"HAMP-BECE61: A coin issued by Marcus Aurelius (as Caesar)","image_urls":["https://finds.org.uk/images/jmccrohan/Hamp%20BECE61.tif"]},{"from":179,"to":180,"title":"WILT-EB82E1: A coin issued by Commodus","image_urls":["https://finds.org.uk/images/khinds/WILT-EB82E1.jpg"]},{"from":179,"to":179,"title":"DEV-C2AA23: A coin issued by Commodus under Marcus Aurelius","image_urls":["https://finds.org.uk/images/dwootton/DEV-C2AA23%20Roman%20coin%20Commodus%20as%20Caesar%20.jpg"]},{"from":179,"to":192,"title":"DOR-04CBE4: A coin issued by Commodus","image_urls":["https://finds.org.uk/images/caht/04CBE4.jpg"]},{"from":179,"to":180,"title":"WMID-71D8A2: A coin issued by Commodus","image_urls":["https://finds.org.uk/images/hglenn/WMID-71D8A2.jpg"]},{"from":179,"to":179,"title":"IOW-7765F5: A coin issued by Commodus under Marcus Aurelius","image_urls":["https://finds.org.uk/images/fbasford/IOW2012-2-324.JPG"]},{"from":179,"to":179,"title":"PUBLIC-70E1A2: A coin issued by Marcus Aurelius (as Augustus)","image_urls":["https://finds.org.uk/images/alav/maurel.JPG"]},{"from":179,"to":179,"title":"HAMP-FBE581: A coin issued by Commodus","image_urls":["https://finds.org.uk/images/rhenry/HAMP-FBE581Commodusdenarius.jpg"]},{"from":179,"to":230,"title":"DENO-3EB283: A coin issued by Commodus","image_urls":["https://finds.org.uk/images/arohde/E6416%20sestertius.jpg"]},{"from":179,"to":180,"title":"WILT-F5A427: A coin issued by Marcus Aurelius (as Augustus)","image_urls":["https://finds.org.uk/images/khinds/WILT-F5A427.jpg"]},{"from":179,"to":180,"title":"PUBLIC-885418: A coin issued by Marcus Aurelius (as Augustus)","image_urls":["https://finds.org.uk/images/strebor/PUBLIC-885418%20Roman%20bronze%20sestertius%20Marcus%20Aurelius%20AD161-80.jpg"]},{"from":179,"to":179,"title":"WILT-2243F8: A coin issued by Commodus","image_urls":["https://finds.org.uk/images/khinds/Green0611sestertius.jpg"]},{"from":179,"to":179,"title":"SWYOR-3EEF67: A coin issued by Commodus","image_urls":["https://finds.org.uk/images/acooper/PAS_2299_denarius.jpg"]},{"from":179,"to":180,"title":"WILT-559E91: A coin issued by Marcus Aurelius (as Augustus)","image_urls":["https://finds.org.uk/images/alysontanner/WILT-559E91.jpg"]},{"from":179,"to":180,"title":"YORYM-7F4A67: A coin issued by Marcus Aurelius (as Augustus)","image_urls":["https://finds.org.uk/images/law/DSY0072.jpg"]},{"from":179,"to":192,"title":"Bronze Coin, Ptolemais-Ake, AD 179 - AD 192. 1944.100.71216","image_urls":["http://numismatics.org/collectionimages/19001949/1944/1944.100.71216.rev.width350.jpg"]},{"from":179,"to":180,"title":"RIC III Marcus Aurelius 1247. 1974.26.1115","image_urls":["http://numismatics.org/collectionimages/19501999/1974/1974.26.1115.rev.width350.jpg"]},{"from":179,"to":180,"title":"RIC III Commodus 2. 1944.100.49648","image_urls":["http://numismatics.org/collectionimages/19001949/1944/1944.100.49648.rev.width350.jpg"]},{"from":179,"to":180,"title":"RIC III Commodus 2. 1948.19.1381","image_urls":["http://numismatics.org/collectionimages/19001949/1948/1948.19.1381.rev.width350.jpg"]},{"from":179,"to":180,"title":"Bronze Diobol of Commodus, Alexandreia, AD 179 - AD 180. 1944.100.61895","image_urls":["http://numismatics.org/collectionimages/19001949/1944/1944.100.61895.rev.width350.jpg"]},{"from":179,"to":180,"title":"RIC III Commodus 292Aj. 1965.30.9","image_urls":["http://numismatics.org/collectionimages/19501999/1965/1965.30.9.rev.width350.jpg"]},{"from":179,"to":180,"title":"RIC III Commodus 2. 1956.127.1120","image_urls":["http://numismatics.org/collectionimages/19501999/1956/1956.127.1120.rev.width350.jpg"]},{"from":179,"to":180,"title":"RIC III Commodus 2. 1935.117.446","image_urls":["http://numismatics.org/collectionimages/19001949/1935/1935.117.446.rev.width350.jpg"]},{"from":179,"to":180,"title":"RIC III Commodus 291d. 1944.100.49665","image_urls":["http://numismatics.org/collectionimages/19001949/1944/1944.100.49665.rev.width350.jpg"]},{"from":179,"to":180,"title":"RIC III Marcus Aurelius 409. 1944.100.49133","image_urls":["http://numismatics.org/collectionimages/19001949/1944/1944.100.49133.rev.width350.jpg"]},{"from":179,"to":180,"title":"Silver Tetradrachm, Seleuceia ad Tigrim, AD 179 - AD 180. 1947.70.4","image_urls":["http://numismatics.org/collectionimages/19001949/1947/1947.70.4.rev.width350.jpg"]},{"from":179,"to":180,"title":"RIC III Marcus Aurelius 411. 1948.19.2525","image_urls":["http://numismatics.org/collectionimages/19001949/1948/1948.19.2525.rev.width350.jpg"]},{"from":179,"to":180,"title":"RIC III Marcus Aurelius 411. 1956.127.899","image_urls":["http://numismatics.org/collectionimages/19501999/1956/1956.127.899.rev.width350.jpg"]},{"from":179,"to":180,"title":"RIC III Commodus 2. 1944.100.49647","image_urls":["http://numismatics.org/collectionimages/19001949/1944/1944.100.49647.rev.width350.jpg"]},{"from":179,"to":180,"title":"RIC III Marcus Aurelius 1247. 1944.100.49212","image_urls":["http://numismatics.org/collectionimages/19001949/1944/1944.100.49212.rev.width350.jpg"]},{"from":179,"to":180,"title":"RIC III Marcus Aurelius 409. 1948.19.1333","image_urls":["http://numismatics.org/collectionimages/19001949/1948/1948.19.1333.rev.width350.jpg"]},{"from":179,"to":180,"title":"RIC III Commodus 293a. 1906.236.437","image_urls":["http://numismatics.org/collectionimages/19001949/1906/1906.236.437.rev.width350.jpg"]},{"from":179,"to":180,"title":"RIC III Commodus 2. 1956.127.1119","image_urls":["http://numismatics.org/collectionimages/19501999/1956/1956.127.1119.rev.width350.jpg"]},{"from":179,"to":180,"title":"RIC III Commodus 292. 1995.11.286","image_urls":["http://numismatics.org/collectionimages/19501999/1995/1995.11.286.rev.width350.jpg"]},{"from":179,"to":180,"title":"RIC III Commodus 2. 1911.23.357","image_urls":["http://numismatics.org/collectionimages/19001949/1911/1911.23.357.rev.width350.jpg"]},{"from":179,"to":180,"title":"RIC III Marcus Aurelius 1244. 1906.236.400","image_urls":["http://numismatics.org/collectionimages/19001949/1906/1906.236.400.rev.width350.jpg"]},{"from":179,"to":180,"title":"RIC III Marcus Aurelius 409. 1956.127.898","image_urls":["http://numismatics.org/collectionimages/19501999/1956/1956.127.898.rev.width350.jpg"]},{"from":179,"to":180,"title":"Silver Tetradrachm, Seleuceia ad Tigrim, AD 179 - AD 180. 1944.100.83446","image_urls":["http://numismatics.org/collectionimages/19001949/1944/1944.100.83446.rev.width350.jpg"]}]