[{"from":180,"to":192,"title":"LON-DCB3F1: A coin issued by Commodus","image_urls":["https://finds.org.uk/images/fwinkley/Garrard%20-%20coin%20-%20Jan%2010.jpg"]},{"from":180,"to":183,"title":"WILT-814921: A coin issued by Crispina","image_urls":["https://finds.org.uk/images/rhenry2/WILT814921.jpg"]},{"from":180,"to":192,"title":"WMID-BCBB1A: A coin issued by Commodus","image_urls":["https://finds.org.uk/images/hglenn/WMID-BCBB1A.jpg"]},{"from":180,"to":180,"title":"SUSS-70A328: A coin issued by Commodus","image_urls":["https://finds.org.uk/images/lburnett/SUSS-70A328.jpg"]},{"from":180,"to":180,"title":"BUC-BC4314: A coin issued by Commodus under Marcus Aurelius","image_urls":["https://finds.org.uk/images/Helen Low/3DSCN4227.JPG"]},{"from":180,"to":193,"title":"NMGW-2E7441: A coin issued by Commodus","image_urls":["https://finds.org.uk/images/mlodwick/2009.20.9.jpg"]},{"from":180,"to":183,"title":"BH-A41C92: A coin issued by Crispina","image_urls":["https://finds.org.uk/images/jwatters/Roman%20coin%2009%20155.jpg"]},{"from":180,"to":192,"title":"KENT-796193: A coin issued by Commodus","image_urls":["https://finds.org.uk/images/jjackson/KENT-796193.jpg"]},{"from":180,"to":192,"title":"SUR-D21AF2: A coin issued by Commodus","image_urls":["https://finds.org.uk/images/dwilliams/B15490.JPG"]},{"from":180,"to":193,"title":"BUC-545BE3: A coin issued by Commodus","image_urls":["https://finds.org.uk/images/jmoss/MW3.jpg"]},{"from":180,"to":192,"title":"PUBLIC-DF3FDD: A coin issued by Commodus","image_urls":["https://finds.org.uk/images/calow1/FLE14.%20818.JPG"]},{"from":180,"to":192,"title":"ESS-E284B6: A coin issued by Commodus","image_urls":["https://finds.org.uk/images/lmclean/ESS-E284B6%20Commodus.jpg"]},{"from":180,"to":192,"title":"IOW-EAB698: A coin issued by Commodus","image_urls":["https://finds.org.uk/images/fbasford/IOW2013-1-322.JPG"]},{"from":180,"to":192,"title":"DENO-A71FB7: A coin issued by Commodus","image_urls":["https://finds.org.uk/images/cburrill2/E7704_Roman_Coin_of_commodus.jpg"]},{"from":180,"to":180,"title":"SUSS-E1D706: A coin issued by Marcus Aurelius (as Augustus)","image_urls":["https://finds.org.uk/images/lburnett/SUSS-E1D706.jpg"]},{"from":180,"to":181,"title":"NARC-A41634: A coin issued by Commodus","image_urls":["https://finds.org.uk/images/rwebley/NARC-A41634denariusobv.jpg"]},{"from":180,"to":184,"title":"DEV-529115: A coin issued by Commodus","image_urls":["https://finds.org.uk/images/dwootton/DEV-529115%20Roman%20copper%20alloy%20coin%20of%20Commodus.jpg"]},{"from":180,"to":183,"title":"DEV-718362: A coin issued by Faustina II","image_urls":["https://finds.org.uk/images/dwootton/LAURENCE%20FAUSTINA%20COIN.jpg"]},{"from":180,"to":192,"title":"NARC-6E2C25: A coin issued by Commodus","image_urls":["https://finds.org.uk/images/jcassidy/NARC-6E2C25%20b.jpg"]},{"from":180,"to":192,"title":"WILT-A279D2: A coin issued by Commodus","image_urls":["https://finds.org.uk/images/rhenry2/WILT-A279D2.jpg"]},{"from":180,"to":192,"title":"BERK-C1B74C: A coin issued by Commodus","image_urls":["https://finds.org.uk/images/abyard/Export_DSmith012.jpg"]},{"from":180,"to":180,"title":"GLO-5A576B: A coin issued by Commodus","image_urls":["https://finds.org.uk/images/kadams/GLO5A576B.jpg"]},{"from":180,"to":180,"title":"IOW-999FA3: A coin issued by Commodus","image_urls":["https://finds.org.uk/images/fbasford/IOW2007-10-103.JPG"]},{"from":180,"to":192,"title":"DENO-3FF577: A coin issued by Commodus","image_urls":["https://finds.org.uk/images/arohde/E6426%2002%20sestertius%20-%20Commodus.jpg"]},{"from":180,"to":192,"title":"FAKL-C36626: A coin issued by Commodus","image_urls":["https://finds.org.uk/images/kleahy/244.jpg"]},{"from":180,"to":192,"title":"SWYOR-4C4EF8: A coin issued by Commodus","image_urls":["https://finds.org.uk/images/amarshall/LF%2011a.jpg"]},{"from":180,"to":183,"title":"PUBLIC-E4AC27: A coin issued by Crispina","image_urls":["https://finds.org.uk/images/calow1/FLE13.437.JPG"]},{"from":180,"to":180,"title":"IOW-C058D8: A coin issued by Marcus Aurelius (as Caesar)","image_urls":["https://finds.org.uk/images/fbasford/IOW2012-11-1.JPG"]},{"from":180,"to":193,"title":"BUC-535781: A coin issued by Commodus","image_urls":["https://finds.org.uk/images/lbuckley/DSCN8649.JPG"]},{"from":180,"to":192,"title":"WMID-223E93: A coin issued by Commodus","image_urls":["https://finds.org.uk/images/tbrindle/WMID-223E93.jpg"]},{"from":180,"to":185,"title":"SUSS-D3A067: A coin issued by Commodus","image_urls":["https://finds.org.uk/images/corbie01/SUSS-D3A067DupCommodus.jpg"]},{"from":180,"to":183,"title":"BH-324273: A coin issued by Crispina","image_urls":["https://finds.org.uk/images/jwatters/Roman%20coin%2007%20112%20-%2051.jpg"]},{"from":180,"to":180,"title":"NARC-1D1571: A coin issued by Commodus","image_urls":["https://finds.org.uk/images/jcassidy/NARC-1D1571%20b.jpg"]},{"from":180,"to":185,"title":"WAW-4DDA12: A coin issued by Commodus","image_urls":["https://finds.org.uk/images/abolton/WAW-4DDA12.jpg"]},{"from":180,"to":180,"title":"LEIC-413424: A coin issued by Commodus","image_urls":["https://finds.org.uk/images/wscott/413424.JPG"]},{"from":180,"to":192,"title":"BH-34FCB7: A coin issued by Commodus","image_urls":["https://finds.org.uk/images/jwatters/Roman_coin_13_43_8.jpg"]},{"from":180,"to":183,"title":"IOW-CCC7B6: A coin issued by Crispina","image_urls":["https://finds.org.uk/images/fbasford/IOW2014-4-49.JPG"]},{"from":180,"to":180,"title":"SWYOR-382655: A coin issued by Commodus","image_urls":["https://finds.org.uk/images/acooper/PAS_758_denarius.jpg"]},{"from":180,"to":192,"title":"HAMP-106F6B: A coin issued by Commodus","image_urls":["https://finds.org.uk/images/jojocole/H106F6BCommodus.jpg"]},{"from":180,"to":192,"title":"LVPL-05E1D7: A coin issued by Commodus","image_urls":["https://finds.org.uk/images/fmcintosh/LVPL-05E1D7.jpg"]},{"from":180,"to":192,"title":"IOW-660DF5: A coin issued by Commodus","image_urls":["https://finds.org.uk/images/fbasford/IOW2010-1-729.JPG"]},{"from":180,"to":192,"title":"WILT-5C5C62: A coin issued by Commodus","image_urls":["https://finds.org.uk/images/rhenry2/WILT-5C5C62.jpg"]},{"from":180,"to":183,"title":"HAMP-74BCC0: A coin issued by Crispina","image_urls":["https://finds.org.uk/images/khindshamp/HAMP-74BCC0.jpg"]},{"from":180,"to":192,"title":"KENT-0161F6: A coin issued by Commodus","image_urls":["https://finds.org.uk/images/gburr/DSCN5825.JPG"]},{"from":180,"to":183,"title":"PUBLIC-C673E1: A coin issued by Crispina","image_urls":["https://finds.org.uk/images/strebor/PUBLIC-C673E1%20%20Roman%20sestertius%20Crispina%20AD180-183.jpg"]},{"from":180,"to":183,"title":"PUBLIC-B240B7: A coin issued by Crispina","image_urls":["https://finds.org.uk/images/Linz/PUBLIC-B240B7%20COIN.jpg"]},{"from":180,"to":183,"title":"YORYM-F6E427: A coin issued by Crispina","image_urls":["https://finds.org.uk/images/law/BR0398.jpg"]},{"from":180,"to":192,"title":"LVPL-43E6F6: A coin issued by Commodus","image_urls":["https://finds.org.uk/images/voakden/DSCN8566.JPG"]},{"from":180,"to":180,"title":"LIN-73AD38: A coin issued by Commodus","image_urls":["https://finds.org.uk/images/adaubney/LIN2012-343.jpg"]},{"from":180,"to":192,"title":"CAM-ED4BC2: A coin issued by Commodus","image_urls":["https://finds.org.uk/images/spoppy/commoduscoinobv.jpg"]},{"from":180,"to":180,"title":"NCL-30DA23: A coin issued by Commodus","image_urls":["https://finds.org.uk/images/rcollins/Lewney%20denarius1.jpg"]},{"from":180,"to":183,"title":"PUBLIC-88E9D2: A coin issued by Crispina","image_urls":["https://finds.org.uk/images/kiwidigger/Crispina%20sestertius%20reverse.JPG"]},{"from":180,"to":180,"title":"IOW-822203: A coin issued by Commodus","image_urls":["https://finds.org.uk/images/fbasford/IOW2008-2-237.JPG"]},{"from":180,"to":180,"title":"NCL-F3D141: A coin issued by Marcus Aurelius (as Augustus)","image_urls":["https://finds.org.uk/images/pwalton/908.jpg"]},{"from":180,"to":181,"title":"IOW-6DD263: A coin issued by Commodus","image_urls":["https://finds.org.uk/images/fbasford/IOW2008-2-111.JPG"]},{"from":180,"to":192,"title":"PUBLIC-E4F9C6: A coin issued by Commodus","image_urls":["https://finds.org.uk/images/calow1/FLE12.%20244.JPG"]},{"from":180,"to":193,"title":"PUBLIC-8F57B1: A coin issued by Commodus","image_urls":["https://finds.org.uk/images/simj3/2009.116.1i.jpg"]},{"from":180,"to":192,"title":"IOW-EADAF5: A coin issued by Commodus","image_urls":["https://finds.org.uk/images/fbasford/IOW2013-1-323.JPG"]},{"from":180,"to":191,"title":"BUC-799231: A coin issued by Crispina","image_urls":["https://finds.org.uk/images/lbuckley/DSCN8988.JPG"]},{"from":180,"to":180,"title":"ESS-3C4582: A coin issued by Commodus","image_urls":["https://finds.org.uk/images/lmclean/1a%20ESS-3C4582.jpg"]},{"from":180,"to":185,"title":"DENO-561D98: A coin issued by Crispina","image_urls":["https://finds.org.uk/images/ratherton/E6999%20grace%20staples%20dorset%20coin%2010%20sest.jpg"]},{"from":180,"to":192,"title":"WILT-57AF20: A coin issued by Commodus","image_urls":["https://finds.org.uk/images/rhenry2/WILT-57AF20.jpg"]},{"from":180,"to":192,"title":"DENO-1230F6: A coin issued by Commodus","image_urls":["https://finds.org.uk/images/cburrill2/E7594_roman_Sestertius.jpg"]},{"from":180,"to":180,"title":"HAMP-4A4B68: A coin issued by Marcus Aurelius (as Augustus)","image_urls":["https://finds.org.uk/images/rwebley/HAMP-4A4B68MarcusAureliussestertius.jpg"]},{"from":180,"to":192,"title":"IOW-18D2C7: A coin issued by Commodus","image_urls":["https://finds.org.uk/images/fbasford/IOW2010-2-490.JPG"]},{"from":180,"to":183,"title":"LVPL-7F3D36: A coin issued by Commodus","image_urls":["https://finds.org.uk/images/voakden/LVPL7F3D36.jpg"]},{"from":180,"to":192,"title":"YORYM-BDEEA5: A coin issued by Commodus","image_urls":["https://finds.org.uk/images/yorkvol/BR0604.jpg"]},{"from":180,"to":192,"title":"KENT-FDD937: A coin issued by Commodus","image_urls":["https://finds.org.uk/images/karend1/KENT-FDD937.jpg"]},{"from":180,"to":183,"title":"SUSS-378F72: A coin issued by Crispina","image_urls":["https://finds.org.uk/images/stephaniesmith/SUSS378F72.jpg"]},{"from":180,"to":193,"title":"WILT-91D8E6: A coin issued by Commodus","image_urls":["https://finds.org.uk/images/awillis/WILT-91D8E6.jpg"]},{"from":180,"to":192,"title":"PUBLIC-DEA2F1: A coin issued by Commodus","image_urls":["https://finds.org.uk/images/calow1/FLE12.%20219.JPG"]},{"from":180,"to":192,"title":"WMID-F907B6: A coin issued by Commodus","image_urls":["https://finds.org.uk/images/tgilmore/WMIDF907B6.jpg"]},{"from":180,"to":183,"title":"LANCUM-58D574: A coin issued by Crispina","image_urls":["https://finds.org.uk/images/AlexIdris/gh%201.JPG"]},{"from":180,"to":192,"title":"NCL-9EC906: A coin issued by Commodus","image_urls":["https://finds.org.uk/images/pwalton/617.jpg"]},{"from":180,"to":192,"title":"WAW-2073C7: A coin issued by Commodus","image_urls":["https://finds.org.uk/images/abolton/WAW-2073C7.jpg"]},{"from":180,"to":192,"title":"BH-716714: A coin issued by Commodus","image_urls":["https://finds.org.uk/images/jwatters/Roman_coin_11_144_6.jpg"]},{"from":180,"to":187,"title":"BH-C294C1: A coin issued by Crispina","image_urls":["https://finds.org.uk/images/jwatters/Roman_coin_12_40_17.jpg"]},{"from":180,"to":183,"title":"SUR-27D7C6: A coin issued by Crispina","image_urls":["https://finds.org.uk/images/margaretb/14-422.JPG"]},{"from":180,"to":192,"title":"NARC-DC6236: A coin issued by Commodus","image_urls":["https://finds.org.uk/images/rwebley/NARC-DC6236dupondiusCommodus.jpg"]},{"from":180,"to":192,"title":"SUR-890E01: A coin issued by Commodus","image_urls":["https://finds.org.uk/images/dwilliams/07.923.JPG"]},{"from":180,"to":181,"title":"PUBLIC-279331: A coin issued by Commodus","image_urls":["https://finds.org.uk/images/paulwragg/PUBLIC-279331DivusMarcusAureliussestertius.jpg"]},{"from":180,"to":192,"title":"PUBLIC-BBE700: A coin issued by Commodus","image_urls":["https://finds.org.uk/images/calow1/FLE13.516.JPG"]},{"from":180,"to":192,"title":"WILT-9A29D2: A coin issued by Commodus","image_urls":["https://finds.org.uk/images/rhenry2/WILT-9A29D2.jpg"]},{"from":180,"to":192,"title":"IOW-EE8F0D: A coin issued by Commodus","image_urls":["https://finds.org.uk/images/fbasford/IOW20152383.JPG"]},{"from":180,"to":192,"title":"LEIC-B7D761: A coin issued by Commodus","image_urls":["https://finds.org.uk/images/wscott/B7D761a.jpg"]},{"from":180,"to":193,"title":"BUC-3FFC62: A coin issued by Commodus","image_urls":["https://finds.org.uk/images/rtyrrell/DSCN8601.JPG"]},{"from":180,"to":184,"title":"SOM-588F96: A coin issued by Commodus","image_urls":["https://finds.org.uk/images/npayne/588F96.JPG"]},{"from":180,"to":180,"title":"LIN-8E65B1: A coin issued by Commodus","image_urls":["https://finds.org.uk/images/adaubney/LIN9258.jpg"]},{"from":180,"to":192,"title":"DENO-118D55: A coin issued by Commodus","image_urls":["https://finds.org.uk/images/cburrill2/E7836_Rom_Sestertius_Commodus.jpg"]},{"from":180,"to":180,"title":"PUBLIC-5BB2E7: A coin issued by Commodus","image_urls":["https://finds.org.uk/images/calow1/FLE11.53.JPG"]},{"from":180,"to":182,"title":"KENT-8A2742: A coin issued by Crispina","image_urls":["https://finds.org.uk/images/jjackson/KENT-8A2742.jpg"]},{"from":180,"to":192,"title":"NARC-CCFCB3: A coin issued by Commodus","image_urls":["https://finds.org.uk/images/jcassidy/NARC-CCFCB3%20obv.jpg"]},{"from":180,"to":196,"title":"NARC-1662F3: A coin issued by Commodus","image_urls":["https://finds.org.uk/images/jcassidy/NARC-1662F3%20b.jpg"]},{"from":180,"to":192,"title":"NLM-B68FF8: A coin issued by Commodus","image_urls":["https://finds.org.uk/images/mforeman/NLM15264.jpg"]},{"from":180,"to":180,"title":"IOW-8B56B8: A coin issued by Commodus","image_urls":["https://finds.org.uk/images/fbasford/IOW2010-1-396.JPG"]},{"from":180,"to":192,"title":"WMID-ACC575: A coin issued by Commodus","image_urls":["https://finds.org.uk/images/tbrindle/WMID-ACC575.jpg"]},{"from":180,"to":192,"title":"IOW-DE64B3: A coin issued by Commodus","image_urls":["https://finds.org.uk/images/fbasford/IOW2014-2-502.JPG"]},{"from":180,"to":192,"title":"ESS-0400C0: A coin issued by Commodus","image_urls":["https://finds.org.uk/images/cmcdonald/Scan%2040.jpg"]},{"from":180,"to":192,"title":"FAPJW-B74A32: A coin issued by Commodus","image_urls":["https://finds.org.uk/images/pwalton/4835.jpg"]},{"from":180,"to":183,"title":"PUBLIC-A62BC4: A coin issued by Crispina","image_urls":["https://finds.org.uk/images/calow1/FLE12-180.jpg"]},{"from":180,"to":192,"title":"DEV-E6C7F7: A coin issued by Commodus","image_urls":["https://finds.org.uk/images/dwootton/DEV-%20E6C7F7.jpg"]},{"from":180,"to":183,"title":"LON-863246: A coin issued by Crispina","image_urls":["https://finds.org.uk/images/paitesb123/Crispina-Dec13.jpg"]},{"from":180,"to":192,"title":"NCL-070BC6: A coin issued by Commodus","image_urls":["https://finds.org.uk/images/pwalton/1119.jpg"]},{"from":180,"to":192,"title":"DEV-70D928: A coin issued by Commodus","image_urls":["https://finds.org.uk/images/dwootton/DEV-70D928.JPG"]},{"from":180,"to":192,"title":"PUBLIC-E1FB4C: A coin issued by Commodus","image_urls":["https://finds.org.uk/images/calow1/FLE14.%20839.JPG"]},{"from":180,"to":192,"title":"CORN-526C44: A coin issued by Commodus","image_urls":["https://finds.org.uk/images/atyacke/jan08finds%20001.jpg"]},{"from":180,"to":192,"title":"PUBLIC-8F2DD2: A coin issued by Commodus","image_urls":["https://finds.org.uk/images/calow1/FLE11.135.JPG"]},{"from":180,"to":192,"title":"IOW-7F5D07: A coin issued by Commodus","image_urls":["https://finds.org.uk/images/fbasford/IOW2013-10-19.JPG"]},{"from":180,"to":192,"title":"IOW-3E2B91: A coin issued by Commodus","image_urls":["https://finds.org.uk/images/fbasford/IOW2012-4-81.JPG"]},{"from":180,"to":192,"title":"IOW-EAFFD3: A coin issued by Commodus","image_urls":["https://finds.org.uk/images/fbasford/IOW2013-1-324.JPG"]},{"from":180,"to":192,"title":"BM-1937E9: A coin issued by Commodus","image_urls":["https://finds.org.uk/images/vdrost/Capture_00004.JPG"]},{"from":180,"to":180,"title":"LIN-C01520: A coin issued by Marcus Aurelius (as Augustus)","image_urls":["https://finds.org.uk/images/adaubney/LIN9784.jpg"]},{"from":180,"to":192,"title":"LVPL-207F5B: A coin issued by Commodus","image_urls":["https://finds.org.uk/images/voakden/LVPL-207F5B.jpg"]},{"from":180,"to":182,"title":"BM-F024B4: A coin issued by Crispina","image_urls":["https://finds.org.uk/images/jasonlundock/5219.jpg"]},{"from":180,"to":180,"title":"HAMP-323C94: A coin issued by Marcus Aurelius (as Caesar)","image_urls":["https://finds.org.uk/images/rhenry/HAMP-323C94%20Marcus%20Aurelius.jpg"]},{"from":180,"to":183,"title":"NARC-6F6A87: A coin issued by Crispina","image_urls":["https://finds.org.uk/images/sashby/NARC-6F6A87%20Smith%20%20Faustina%20%20sestertius.jpg"]},{"from":180,"to":183,"title":"CORN-08C930: A coin issued by Crispina","image_urls":["https://finds.org.uk/images/atyacke/March13finds20.JPG"]},{"from":180,"to":180,"title":"SOM-9F66C1: A coin issued by Commodus","image_urls":["https://finds.org.uk/images/elburnett/SOM-9F66C1.JPG"]},{"from":180,"to":180,"title":"BM-A892B9: A coin issued by Marcus Aurelius (as Augustus)","image_urls":["https://finds.org.uk/images/vdrost/BM_A892B9_R.JPG"]},{"from":180,"to":184,"title":"DENO-B7CC96: A coin issued by Crispina","image_urls":["https://finds.org.uk/images/ratherton/E4397%20r%20coin%20all.jpg"]},{"from":180,"to":192,"title":"WMAS-668FA2: A coin issued by Crispina","image_urls":["https://finds.org.uk/images/shousley/WMAS-668FA2.jpg"]},{"from":180,"to":183,"title":"DEV-718357: A coin issued by Crispina","image_urls":["https://finds.org.uk/images/dwootton/roman%20coin%20poss%20crispina%20laurence%20egerton%201.jpg"]},{"from":180,"to":185,"title":"LANCUM-EA7E45: A coin issued by Crispina","image_urls":["https://finds.org.uk/images/dboughton/LVMDDWEA7E45f.jpg"]},{"from":180,"to":180,"title":"BERK-18C264: A coin issued by Commodus","image_urls":["https://finds.org.uk/images/abyard/2011548.jpg"]},{"from":180,"to":183,"title":"PUBLIC-DFF629: A coin issued by Crispina","image_urls":["https://finds.org.uk/images/calow1/FLE14.%20814.JPG"]},{"from":180,"to":186,"title":"IOW-6F8613: A coin issued by Crispina","image_urls":["https://finds.org.uk/images/fbasford/IOW2012-2-385.JPG"]},{"from":180,"to":192,"title":"IOW-F578E2: A coin issued by Commodus","image_urls":["https://finds.org.uk/images/fbasford/IOW2007-10-83.JPG"]},{"from":180,"to":192,"title":"BERK-0F0CA8: A coin issued by Commodus","image_urls":["https://finds.org.uk/images/abyard/SAD004%20Commodus.jpg"]},{"from":180,"to":180,"title":"DENO-460911: A coin issued by Commodus","image_urls":["https://finds.org.uk/images/ratherton/E6079%20shaw%20comm%20sest.jpg"]},{"from":180,"to":180,"title":"SOM-FE9836: A coin issued by Marcus Aurelius (as Augustus)","image_urls":["https://finds.org.uk/images/annab/SOM-FE9836.jpg"]},{"from":180,"to":180,"title":"DEV-CD3686: A coin issued by Marcus Aurelius (as Augustus)","image_urls":["https://finds.org.uk/images/dwootton/DEV-CD3686-R26%20COMPLETED.jpg"]},{"from":180,"to":192,"title":"Bronze Coin, Hypaepa, AD 180 - AD 192. 1979.189.8","image_urls":["http://numismatics.org/collectionimages/19501999/1979/1979.189.8.rev.width350.jpg"]},{"from":180,"to":192,"title":"Bronze Coin, Pergamum/Ephesus, AD 180 - AD 192. 1944.100.43369","image_urls":["http://numismatics.org/collectionimages/19001949/1944/1944.100.43369.rev.width350.jpg"]},{"from":180,"to":192,"title":"Bronze Coin, Pautalia, AD 180 - AD 192. 1944.100.16383","image_urls":["http://numismatics.org/collectionimages/19001949/1944/1944.100.16383.rev.width350.jpg"]},{"from":180,"to":192,"title":"Bronze Coin, Bostra, AD 180 - AD 192. 1944.100.69260","image_urls":["http://numismatics.org/collectionimages/19001949/1944/1944.100.69260.rev.width350.jpg"]},{"from":180,"to":192,"title":"Bronze Coin, Alexandreia Troas, AD 180 - AD 192. 1944.100.43693","image_urls":["http://numismatics.org/collectionimages/19001949/1944/1944.100.43693.rev.width350.jpg"]},{"from":180,"to":192,"title":"Bronze Coin, Patrae, AD 180 - AD 192. 1944.100.39479","image_urls":["http://numismatics.org/collectionimages/19001949/1944/1944.100.39479.rev.width350.jpg"]},{"from":180,"to":192,"title":"Bronze Coin, Gerasa, AD 180 - AD 192. 1961.154.204","image_urls":["http://numismatics.org/collectionimages/19501999/1961/1961.154.204.rev.width350.jpg"]},{"from":180,"to":192,"title":"Bronze Coin, Iuliopolis, AD 180 - AD 192. 1955.120.1","image_urls":["http://numismatics.org/collectionimages/19501999/1955/1955.120.1.rev.width350.jpg"]},{"from":180,"to":192,"title":"Bronze Coin, Ancyra, AD 180 - AD 192. 1973.191.152","image_urls":["http://numismatics.org/collectionimages/19501999/1973/1973.191.152.rev.width350.jpg"]},{"from":180,"to":192,"title":"Bronze Coin, Anazarbus, AD 180 - AD 192. 1970.142.693","image_urls":["http://numismatics.org/collectionimages/19501999/1970/1970.142.693.rev.width350.jpg"]},{"from":180,"to":192,"title":"Bronze Coin, Lacedaemon, AD 180 - AD 192. 1944.100.38963","image_urls":["http://numismatics.org/collectionimages/19001949/1944/1944.100.38963.rev.width350.jpg"]},{"from":180,"to":192,"title":"Bronze Coin, Patrae, AD 180 - AD 192. 1944.100.39473","image_urls":["http://numismatics.org/collectionimages/19001949/1944/1944.100.39473.rev.width350.jpg"]},{"from":180,"to":192,"title":"Bronze Coin, Patrae, AD 180 - AD 192. 1956.174.81","image_urls":["http://numismatics.org/collectionimages/19501999/1956/1956.174.81.rev.width350.jpg"]},{"from":180,"to":192,"title":"Bronze Coin, Iuliopolis, AD 180 - AD 192. 1944.100.42149","image_urls":["http://numismatics.org/collectionimages/19001949/1944/1944.100.42149.rev.width350.jpg"]},{"from":180,"to":192,"title":"Bronze Coin, Thespiae, AD 180 - AD 192. 1944.100.20261","image_urls":["http://numismatics.org/collectionimages/19001949/1944/1944.100.20261.rev.width350.jpg"]},{"from":180,"to":192,"title":"Bronze Coin, Anazarbus, AD 180 - AD 192. 1944.100.53061","image_urls":["http://numismatics.org/collectionimages/19001949/1944/1944.100.53061.rev.width350.jpg"]},{"from":180,"to":181,"title":"Bronze Diobol of Commodus, Alexandreia, AD 180 - AD 181. 1944.100.61902","image_urls":["http://numismatics.org/collectionimages/19001949/1944/1944.100.61902.rev.width350.jpg"]},{"from":180,"to":192,"title":"Bronze Coin, Pergamum, AD 180 - AD 192. 1971.230.14","image_urls":["http://numismatics.org/collectionimages/19501999/1971/1971.230.14.rev.width350.jpg"]},{"from":180,"to":192,"title":"Bronze Coin, Gaza, AD 180 - AD 192. 1944.100.69073","image_urls":["http://numismatics.org/collectionimages/19001949/1944/1944.100.69073.rev.width350.jpg"]},{"from":180,"to":192,"title":"Bronze Coin, Laodiceia ad Libanum, AD 180 - AD 192. 1944.100.66395","image_urls":["http://numismatics.org/collectionimages/19001949/1944/1944.100.66395.rev.width350.jpg"]},{"from":180,"to":192,"title":"Bronze Coin, Cyzicus, AD 180 - AD 192. 1944.100.42844","image_urls":["http://numismatics.org/collectionimages/19001949/1944/1944.100.42844.rev.width350.jpg"]},{"from":180,"to":192,"title":"Bronze Coin, Caesareia Germanicia, AD 180 - AD 192. 1961.154.19","image_urls":["http://numismatics.org/collectionimages/19501999/1961/1961.154.19.rev.width350.jpg"]},{"from":180,"to":192,"title":"Bronze Coin, Patrae, AD 180 - AD 192. 1944.100.39478","image_urls":["http://numismatics.org/collectionimages/19001949/1944/1944.100.39478.rev.width350.jpg"]},{"from":180,"to":192,"title":"Bronze Coin, Pergamum, AD 180 - AD 192. 1944.100.43345","image_urls":["http://numismatics.org/collectionimages/19001949/1944/1944.100.43345.rev.width350.jpg"]},{"from":180,"to":192,"title":"Bronze Coin, Dorylaeum, AD 180 - AD 192. 1971.230.62","image_urls":["http://numismatics.org/collectionimages/19501999/1971/1971.230.62.rev.width350.jpg"]},{"from":180,"to":192,"title":"Bronze Coin, Caesareia in Cappadocia, AD 180 - AD 192. 1944.100.62468","image_urls":["http://numismatics.org/collectionimages/19001949/1944/1944.100.62468.rev.width350.jpg"]},{"from":180,"to":183,"title":"Bronze Coin, Elaea, AD 180 - AD 183. 1944.100.44199","image_urls":["http://numismatics.org/collectionimages/19001949/1944/1944.100.44199.rev.width350.jpg"]},{"from":180,"to":181,"title":"Silver Tetradrachm, Seleuceia ad Tigrim, AD 180 - AD 181. 1947.70.3","image_urls":["http://numismatics.org/collectionimages/19001949/1947/1947.70.3.rev.width350.jpg"]},{"from":180,"to":192,"title":"Bronze Coin, Pergamum, AD 180 - AD 192. 1974.226.59","image_urls":["http://numismatics.org/collectionimages/19501999/1974/1974.226.59.rev.width350.jpg"]},{"from":180,"to":192,"title":"Bronze Coin, Neapolis, AD 180 - AD 192. 1944.100.69110","image_urls":["http://numismatics.org/collectionimages/19001949/1944/1944.100.69110.rev.width350.jpg"]},{"from":180,"to":190,"title":"Bronze Coin, Corinth, AD 180 - AD 190. 1944.100.38601","image_urls":["http://numismatics.org/collectionimages/19001949/1944/1944.100.38601.rev.width350.jpg"]},{"from":180,"to":181,"title":"Bronze Diobol of Commodus, Alexandreia, AD 180 - AD 181. 1944.100.61901","image_urls":["http://numismatics.org/collectionimages/19001949/1944/1944.100.61901.rev.width350.jpg"]},{"from":180,"to":192,"title":"Bronze Coin, Neapolis, AD 180 - AD 192. 1944.100.69109","image_urls":["http://numismatics.org/collectionimages/19001949/1944/1944.100.69109.rev.width350.jpg"]},{"from":180,"to":190,"title":"Bronze Coin, Corinth, AD 180 - AD 190. 1956.174.68","image_urls":["http://numismatics.org/collectionimages/19501999/1956/1956.174.68.rev.width350.jpg"]},{"from":180,"to":192,"title":"Bronze Coin, Pergamum/Ephesus, AD 180 - AD 192. 1953.171.538","image_urls":["http://numismatics.org/collectionimages/19501999/1953/1953.171.538.rev.width350.jpg"]},{"from":180,"to":192,"title":"Bronze Coin, Euippe, AD 180 - AD 192. 1944.100.47942","image_urls":["http://numismatics.org/collectionimages/19001949/1944/1944.100.47942.rev.width350.jpg"]},{"from":180,"to":192,"title":"Bronze Coin, Neapolis, AD 180 - AD 192. 1944.100.69113","image_urls":["http://numismatics.org/collectionimages/19001949/1944/1944.100.69113.rev.width350.jpg"]},{"from":180,"to":181,"title":"Billon Tetradrachm, Alexandreia, AD 180 - AD 181. 1944.100.61920","image_urls":["http://numismatics.org/collectionimages/19001949/1944/1944.100.61920.rev.width350.jpg"]},{"from":180,"to":192,"title":"Bronze Coin, Myus, AD 180 - AD 192. 1944.100.46728","image_urls":["http://numismatics.org/collectionimages/19001949/1944/1944.100.46728.rev.width350.jpg"]},{"from":180,"to":192,"title":"Bronze Coin, Pergamum/Ephesus, AD 180 - AD 192. 1953.171.539","image_urls":["http://numismatics.org/collectionimages/19501999/1953/1953.171.539.rev.width350.jpg"]},{"from":180,"to":192,"title":"Bronze Coin, Parium, AD 180 - AD 192. 1952.142.125","image_urls":["http://numismatics.org/collectionimages/19501999/1952/1952.142.125.rev.width350.jpg"]},{"from":180,"to":192,"title":"Bronze Coin, Bostra, AD 180 - AD 192. 1944.100.69262","image_urls":["http://numismatics.org/collectionimages/19001949/1944/1944.100.69262.rev.width350.jpg"]},{"from":180,"to":181,"title":"Silver Tetradrachm, Seleuceia ad Tigrim, AD 180 - AD 181. 1944.100.83447","image_urls":["http://numismatics.org/collectionimages/19001949/1944/1944.100.83447.rev.width350.jpg"]},{"from":180,"to":190,"title":"Bronze Coin, Corinth, AD 180 - AD 190. 1944.100.38597","image_urls":["http://numismatics.org/collectionimages/19001949/1944/1944.100.38597.rev.width350.jpg"]},{"from":180,"to":192,"title":"Bronze Coin, Topirus, AD 180 - AD 192. 1944.100.16472","image_urls":["http://numismatics.org/collectionimages/19001949/1944/1944.100.16472.rev.width350.jpg"]},{"from":180,"to":192,"title":"Bronze Coin, Bostra, AD 180 - AD 192. 1944.100.69259","image_urls":["http://numismatics.org/collectionimages/19001949/1944/1944.100.69259.rev.width350.jpg"]},{"from":180,"to":181,"title":"Bronze Diobol of Commodus, Alexandreia, AD 180 - AD 181. 1944.100.61898","image_urls":["http://numismatics.org/collectionimages/19001949/1944/1944.100.61898.rev.width350.jpg"]},{"from":180,"to":190,"title":"Bronze Coin, Corinth, AD 180 - AD 190. 1944.100.38594","image_urls":["http://numismatics.org/collectionimages/19001949/1944/1944.100.38594.rev.width350.jpg"]},{"from":180,"to":192,"title":"Bronze Coin, Nicomedia, AD 180 - AD 192. 1944.100.42302","image_urls":["http://numismatics.org/collectionimages/19001949/1944/1944.100.42302.rev.width350.jpg"]},{"from":180,"to":192,"title":"Bronze Coin, Nysa-Scythopolis/Scythopolis, AD 180 - AD 192. 1961.154.146","image_urls":["http://numismatics.org/collectionimages/19501999/1961/1961.154.146.rev.width350.jpg"]},{"from":180,"to":192,"title":"Bronze Coin, Tarsus, AD 180 - AD 192. 1944.100.54548","image_urls":["http://numismatics.org/collectionimages/19001949/1944/1944.100.54548.rev.width350.jpg"]},{"from":180,"to":192,"title":"Bronze Coin, Pergamum, AD 180 - AD 192. 1976.11.1","image_urls":["http://numismatics.org/collectionimages/19501999/1976/1976.11.1.rev.width350.jpg"]},{"from":180,"to":183,"title":"Bronze Coin, Magnesia ad Sipylum, AD 180 - AD 183. 1971.279.51","image_urls":["http://numismatics.org/collectionimages/19501999/1971/1971.279.51.rev.width350.jpg"]},{"from":180,"to":192,"title":"Bronze Coin, Ancyra, AD 180 - AD 192. 1984.65.165","image_urls":["http://numismatics.org/collectionimages/19501999/1984/1984.65.165.rev.width350.jpg"]},{"from":180,"to":192,"title":"Bronze Coin, Cyrrhus, AD 180 - AD 192. 1944.100.65352","image_urls":["http://numismatics.org/collectionimages/19001949/1944/1944.100.65352.rev.width350.jpg"]},{"from":180,"to":190,"title":"Bronze Coin, Corinth, AD 180 - AD 190. 1953.171.381","image_urls":["http://numismatics.org/collectionimages/19501999/1953/1953.171.381.rev.width350.jpg"]},{"from":180,"to":183,"title":"Bronze Coin, Bagis, AD 180 - AD 183. 1944.100.48890","image_urls":["http://numismatics.org/collectionimages/19001949/1944/1944.100.48890.rev.width350.jpg"]},{"from":180,"to":192,"title":"Bronze Coin, Patrae, AD 180 - AD 192. 1944.100.39474","image_urls":["http://numismatics.org/collectionimages/19001949/1944/1944.100.39474.rev.width350.jpg"]},{"from":180,"to":192,"title":"Bronze Coin, Pergamum/Ephesus, AD 180 - AD 192. 1944.100.43370","image_urls":["http://numismatics.org/collectionimages/19001949/1944/1944.100.43370.rev.width350.jpg"]},{"from":180,"to":183,"title":"Bronze Coin, Anazarbus, AD 180 - AD 183. 1944.100.53062","image_urls":["http://numismatics.org/collectionimages/19001949/1944/1944.100.53062.rev.width350.jpg"]},{"from":180,"to":192,"title":"Bronze Coin, Patrae, AD 180 - AD 192. 1944.100.39477","image_urls":["http://numismatics.org/collectionimages/19001949/1944/1944.100.39477.rev.width350.jpg"]},{"from":180,"to":192,"title":"Bronze Coin, Pergamum, AD 180 - AD 192. 1944.100.43346","image_urls":["http://numismatics.org/collectionimages/19001949/1944/1944.100.43346.rev.width350.jpg"]},{"from":180,"to":192,"title":"Bronze Coin, Trapezus, AD 180 - AD 192. 1944.100.41445","image_urls":["http://numismatics.org/collectionimages/19001949/1944/1944.100.41445.rev.width350.jpg"]},{"from":180,"to":192,"title":"Bronze Coin, Samos, AD 180 - AD 192. 1944.100.47550","image_urls":["http://numismatics.org/collectionimages/19001949/1944/1944.100.47550.rev.width350.jpg"]},{"from":180,"to":192,"title":"Bronze Coin, Hyrcanis, AD 180 - AD 192. 1944.100.49274","image_urls":["http://numismatics.org/collectionimages/19001949/1944/1944.100.49274.rev.width350.jpg"]},{"from":180,"to":192,"title":"Bronze Coin, Anazarbus, AD 180 - AD 192. 1944.100.53059","image_urls":["http://numismatics.org/collectionimages/19001949/1944/1944.100.53059.rev.width350.jpg"]},{"from":180,"to":192,"title":"Bronze Coin, Sillyum, AD 180 - AD 192. 1944.100.50981","image_urls":["http://numismatics.org/collectionimages/19001949/1944/1944.100.50981.rev.width350.jpg"]},{"from":180,"to":192,"title":"Bronze Coin, Caesareia Panias, AD 180 - AD 192. 1944.100.69010","image_urls":["http://numismatics.org/collectionimages/19001949/1944/1944.100.69010.rev.width350.jpg"]},{"from":180,"to":192,"title":"Bronze Coin, Bostra, AD 180 - AD 192. 1944.100.69264","image_urls":["http://numismatics.org/collectionimages/19001949/1944/1944.100.69264.rev.width350.jpg"]},{"from":180,"to":190,"title":"Bronze Coin, Corinth, AD 180 - AD 190. 1944.100.38600","image_urls":["http://numismatics.org/collectionimages/19001949/1944/1944.100.38600.rev.width350.jpg"]},{"from":180,"to":190,"title":"Bronze Coin, Corinth, AD 180 - AD 190. 1944.100.38599","image_urls":["http://numismatics.org/collectionimages/19001949/1944/1944.100.38599.rev.width350.jpg"]},{"from":180,"to":192,"title":"Bronze Coin, Tanagra, AD 180 - AD 192. 1944.100.20250","image_urls":["http://numismatics.org/collectionimages/19001949/1944/1944.100.20250.rev.width350.jpg"]},{"from":180,"to":192,"title":"Bronze Coin, Nicomedia, AD 180 - AD 192. 1944.100.42299","image_urls":["http://numismatics.org/collectionimages/19001949/1944/1944.100.42299.rev.width350.jpg"]},{"from":180,"to":192,"title":"Bronze Coin, Neapolis, AD 180 - AD 192. 1944.100.69111","image_urls":["http://numismatics.org/collectionimages/19001949/1944/1944.100.69111.rev.width350.jpg"]},{"from":180,"to":181,"title":"Bronze Diobol of Commodus, Alexandreia, AD 180 - AD 181. 1944.100.61896","image_urls":["http://numismatics.org/collectionimages/19001949/1944/1944.100.61896.rev.width350.jpg"]},{"from":180,"to":190,"title":"Bronze Coin, Corinth, AD 180 - AD 190. 1944.100.38602","image_urls":["http://numismatics.org/collectionimages/19001949/1944/1944.100.38602.rev.width350.jpg"]},{"from":180,"to":192,"title":"Bronze Coin, Apollonia ad Rhyndacum, AD 180 - AD 192. 1944.100.42420","image_urls":["http://numismatics.org/collectionimages/19001949/1944/1944.100.42420.rev.width350.jpg"]},{"from":180,"to":181,"title":"Bronze Diobol of Commodus, Alexandreia, AD 180 - AD 181. 1944.100.61897","image_urls":["http://numismatics.org/collectionimages/19001949/1944/1944.100.61897.rev.width350.jpg"]},{"from":180,"to":192,"title":"Bronze Coin, Lacedaemon, AD 180 - AD 192. 1944.100.38962","image_urls":["http://numismatics.org/collectionimages/19001949/1944/1944.100.38962.rev.width350.jpg"]},{"from":180,"to":181,"title":"Bronze Coin, Anazarbus, AD 180 - AD 181. 2000.8.11","image_urls":["http://numismatics.org/collectionimages/20002049/2000/2000.8.11.rev.width350.jpg"]},{"from":180,"to":192,"title":"Bronze Coin, Cyrrhus, AD 180 - AD 192. 1944.100.65351","image_urls":["http://numismatics.org/collectionimages/19001949/1944/1944.100.65351.rev.width350.jpg"]},{"from":180,"to":192,"title":"Bronze Coin, Cyzicus, AD 180 - AD 192. 1944.100.42846","image_urls":["http://numismatics.org/collectionimages/19001949/1944/1944.100.42846.rev.width350.jpg"]},{"from":180,"to":192,"title":"Bronze Coin, Ceramus, AD 180 - AD 192. 1971.230.43","image_urls":["http://numismatics.org/collectionimages/19501999/1971/1971.230.43.rev.width350.jpg"]},{"from":180,"to":192,"title":"Bronze Coin, Anchialus, AD 180 - AD 192. 1944.100.15531","image_urls":["http://numismatics.org/collectionimages/19001949/1944/1944.100.15531.rev.width350.jpg"]},{"from":180,"to":192,"title":"Bronze Coin, Hadrianopolis, AD 180 - AD 192. 1944.100.15686","image_urls":["http://numismatics.org/collectionimages/19001949/1944/1944.100.15686.rev.width350.jpg"]},{"from":180,"to":192,"title":"Bronze Coin, Miletus, AD 180 - AD 192. 1944.100.46601","image_urls":["http://numismatics.org/collectionimages/19001949/1944/1944.100.46601.rev.width350.jpg"]},{"from":180,"to":190,"title":"Bronze Coin, Corinth, AD 180 - AD 190. 1944.100.38596","image_urls":["http://numismatics.org/collectionimages/19001949/1944/1944.100.38596.rev.width350.jpg"]},{"from":180,"to":192,"title":"Bronze Coin, Seleuceia ad Calycadnum, AD 180 - AD 192. 1944.100.54199","image_urls":["http://numismatics.org/collectionimages/19001949/1944/1944.100.54199.rev.width350.jpg"]},{"from":180,"to":192,"title":"Bronze Coin, Corcyra, AD 180 - AD 192. 1944.100.19009","image_urls":["http://numismatics.org/collectionimages/19001949/1944/1944.100.19009.rev.width350.jpg"]},{"from":180,"to":192,"title":"Bronze Diobol of Commodus, Alexandreia, AD 180 - AD 192. 1944.100.61916","image_urls":["http://numismatics.org/collectionimages/19001949/1944/1944.100.61916.rev.width350.jpg"]},{"from":180,"to":190,"title":"Bronze Coin, Corinth, AD 180 - AD 190. 1926.202.3","image_urls":["http://numismatics.org/collectionimages/19001949/1926/1926.202.3.rev.width350.jpg"]},{"from":180,"to":192,"title":"Bronze Coin, Pergamum, AD 180 - AD 192. 1991.15.1","image_urls":["http://numismatics.org/collectionimages/19501999/1991/1991.15.1.rev.width350.jpg"]},{"from":180,"to":192,"title":"Bronze Coin, Flaviopolis, AD 180 - AD 192. 1970.232.6","image_urls":["http://numismatics.org/collectionimages/19501999/1970/1970.232.6.rev.width350.jpg"]},{"from":180,"to":183,"title":"Bronze Coin, Elaea, AD 180 - AD 183. 1944.100.44198","image_urls":["http://numismatics.org/collectionimages/19001949/1944/1944.100.44198.rev.width350.jpg"]},{"from":180,"to":192,"title":"Bronze Coin, Antioch, AD 180 - AD 192. 1944.100.51015","image_urls":["http://numismatics.org/collectionimages/19001949/1944/1944.100.51015.rev.width350.jpg"]},{"from":180,"to":192,"title":"Bronze Coin, Pergamum, AD 180 - AD 192. 1944.100.43347","image_urls":["http://numismatics.org/collectionimages/19001949/1944/1944.100.43347.rev.width350.jpg"]},{"from":180,"to":192,"title":"Bronze Coin, Amphipolis, AD 180 - AD 192. 1944.100.10340","image_urls":["http://numismatics.org/collectionimages/19001949/1944/1944.100.10340.rev.width350.jpg"]},{"from":180,"to":192,"title":"Bronze Coin, Callatis, AD 180 - AD 192. 1957.52.198","image_urls":["http://numismatics.org/collectionimages/19501999/1957/1957.52.198.rev.width350.jpg"]},{"from":180,"to":192,"title":"Billon Tetradrachm of Commodus, Alexandreia, AD 180 - AD 192. 1944.100.61892","image_urls":["http://numismatics.org/collectionimages/19001949/1944/1944.100.61892.rev.width350.jpg"]},{"from":180,"to":192,"title":"Bronze Coin, Aegium, AD 180 - AD 192. 1944.100.37644","image_urls":["http://numismatics.org/collectionimages/19001949/1944/1944.100.37644.rev.width350.jpg"]},{"from":180,"to":192,"title":"Bronze Coin, Nicaea Cilbianon, AD 180 - AD 192. 1970.142.522","image_urls":["http://numismatics.org/collectionimages/19501999/1970/1970.142.522.rev.width350.jpg"]},{"from":180,"to":192,"title":"Bronze Coin, Adraa, AD 180 - AD 192. 1944.100.69223","image_urls":["http://numismatics.org/collectionimages/19001949/1944/1944.100.69223.rev.width350.jpg"]},{"from":180,"to":192,"title":"Bronze Coin, Callatis, AD 180 - AD 192. 1957.52.196","image_urls":["http://numismatics.org/collectionimages/19501999/1957/1957.52.196.rev.width350.jpg"]},{"from":180,"to":192,"title":"Bronze Coin, Patrae, AD 180 - AD 192. 1944.100.39475","image_urls":["http://numismatics.org/collectionimages/19001949/1944/1944.100.39475.rev.width350.jpg"]},{"from":180,"to":192,"title":"Bronze Coin, Corcyra, AD 180 - AD 192. 1948.147.11","image_urls":["http://numismatics.org/collectionimages/19001949/1948/1948.147.11.rev.width350.jpg"]},{"from":180,"to":192,"title":"Bronze Coin, Bostra, AD 180 - AD 192. 1944.100.69265","image_urls":["http://numismatics.org/collectionimages/19001949/1944/1944.100.69265.rev.width350.jpg"]},{"from":180,"to":192,"title":"Bronze Coin, Lacedaemon, AD 180 - AD 192. 1944.100.38960","image_urls":["http://numismatics.org/collectionimages/19001949/1944/1944.100.38960.rev.width350.jpg"]},{"from":180,"to":192,"title":"Bronze Coin, Antiocheia ad Hippum, AD 180 - AD 192. 1944.100.69234","image_urls":["http://numismatics.org/collectionimages/19001949/1944/1944.100.69234.rev.width350.jpg"]},{"from":180,"to":192,"title":"Bronze Coin, Anchialus, AD 180 - AD 192. 1944.100.15530","image_urls":["http://numismatics.org/collectionimages/19001949/1944/1944.100.15530.rev.width350.jpg"]},{"from":180,"to":192,"title":"Bronze Coin, Istrus, AD 180 - AD 192. 1957.52.351","image_urls":["http://numismatics.org/collectionimages/19501999/1957/1957.52.351.rev.width350.jpg"]},{"from":180,"to":192,"title":"Bronze Coin, Byblus, AD 180 - AD 192. 1944.100.70866","image_urls":["http://numismatics.org/collectionimages/19001949/1944/1944.100.70866.rev.width350.jpg"]},{"from":180,"to":192,"title":"Bronze Coin, Philadelphia, AD 180 - AD 192. 1961.154.214","image_urls":["http://numismatics.org/collectionimages/19501999/1961/1961.154.214.rev.width350.jpg"]},{"from":180,"to":192,"title":"Bronze F, Pergamum, AD 180 - AD 192. 1955.142.6","image_urls":["http://numismatics.org/collectionimages/19501999/1955/1955.142.6.rev.width350.jpg"]},{"from":180,"to":192,"title":"Bronze Coin, Bostra, AD 180 - AD 192. 1944.100.69263","image_urls":["http://numismatics.org/collectionimages/19001949/1944/1944.100.69263.rev.width350.jpg"]},{"from":180,"to":183,"title":"Bronze Coin, Mytilene, AD 180 - AD 183. 1944.100.44593","image_urls":["http://numismatics.org/collectionimages/19001949/1944/1944.100.44593.rev.width350.jpg"]},{"from":180,"to":190,"title":"Bronze Coin, Corinth, AD 180 - AD 190. 1944.100.38598","image_urls":["http://numismatics.org/collectionimages/19001949/1944/1944.100.38598.rev.width350.jpg"]},{"from":180,"to":192,"title":"Bronze Coin, Philadelpheia, AD 180 - AD 192. 1976.156.4","image_urls":["http://numismatics.org/collectionimages/19501999/1976/1976.156.4.rev.width350.jpg"]},{"from":180,"to":190,"title":"Bronze Coin, Corinth, AD 180 - AD 190. 1947.97.316","image_urls":["http://numismatics.org/collectionimages/19001949/1947/1947.97.316.rev.width350.jpg"]},{"from":180,"to":192,"title":"Bronze Coin, Pergamum, AD 180 - AD 192. 1974.226.60","image_urls":["http://numismatics.org/collectionimages/19501999/1974/1974.226.60.rev.width350.jpg"]},{"from":180,"to":181,"title":"Bronze Diobol of Commodus, Alexandreia, AD 180 - AD 181. 1944.100.61899","image_urls":["http://numismatics.org/collectionimages/19001949/1944/1944.100.61899.rev.width350.jpg"]},{"from":180,"to":181,"title":"Bronze Diobol, Alexandreia, AD 180 - AD 181. 1944.100.61921","image_urls":["http://numismatics.org/collectionimages/19001949/1944/1944.100.61921.rev.width350.jpg"]},{"from":180,"to":192,"title":"Bronze Coin, Nysa-Scythopolis/Scythopolis, AD 180 - AD 192. 1961.154.147","image_urls":["http://numismatics.org/collectionimages/19501999/1961/1961.154.147.rev.width350.jpg"]},{"from":180,"to":181,"title":"Bronze Diobol of Commodus, Alexandreia, AD 180 - AD 181. 1944.100.61900","image_urls":["http://numismatics.org/collectionimages/19001949/1944/1944.100.61900.rev.width350.jpg"]},{"from":180,"to":192,"title":"Bronze Coin, Pergamum, AD 180 - AD 192. 1924.6.1","image_urls":["http://numismatics.org/collectionimages/19001949/1924/1924.6.1.rev.width350.jpg"]},{"from":180,"to":181,"title":"Silver Tetradrachm, Seleuceia ad Tigrim, AD 180 - AD 181. 1944.100.83445","image_urls":["http://numismatics.org/collectionimages/19001949/1944/1944.100.83445.rev.width350.jpg"]},{"from":180,"to":192,"title":"Bronze Coin, Neapolis, AD 180 - AD 192. 1944.100.69108","image_urls":["http://numismatics.org/collectionimages/19001949/1944/1944.100.69108.rev.width350.jpg"]},{"from":180,"to":190,"title":"Bronze Coin, Corinth, AD 180 - AD 190. 1944.100.38595","image_urls":["http://numismatics.org/collectionimages/19001949/1944/1944.100.38595.rev.width350.jpg"]},{"from":180,"to":192,"title":"Bronze Coin, Neapolis, AD 180 - AD 192. 1961.154.138","image_urls":["http://numismatics.org/collectionimages/19501999/1961/1961.154.138.rev.width350.jpg"]},{"from":180,"to":192,"title":"Bronze Coin, Gaza, AD 180 - AD 192. 1944.100.69074","image_urls":["http://numismatics.org/collectionimages/19001949/1944/1944.100.69074.rev.width350.jpg"]},{"from":180,"to":192,"title":"Bronze Coin, Pautalia, AD 180 - AD 192. 2000.5.35","image_urls":["http://numismatics.org/collectionimages/20002049/2000/2000.5.35.rev.width350.jpg"]},{"from":180,"to":192,"title":"Bronze Coin, Callatis, AD 180 - AD 192. 1957.52.197","image_urls":["http://numismatics.org/collectionimages/19501999/1957/1957.52.197.rev.width350.jpg"]},{"from":180,"to":192,"title":"Bronze Coin, Lacedaemon, AD 180 - AD 192. 1944.100.38961","image_urls":["http://numismatics.org/collectionimages/19001949/1944/1944.100.38961.rev.width350.jpg"]},{"from":180,"to":192,"title":"Bronze Coin, Pergamum, AD 180 - AD 192. 1953.171.534","image_urls":["http://numismatics.org/collectionimages/19501999/1953/1953.171.534.rev.width350.jpg"]},{"from":180,"to":192,"title":"Bronze Coin, Mytilene, AD 180 - AD 192. 1954.67.2","image_urls":["http://numismatics.org/collectionimages/19501999/1954/1954.67.2.rev.width350.jpg"]},{"from":180,"to":192,"title":"Bronze Coin, Pergamum, AD 180 - AD 192. 1944.100.43349","image_urls":["http://numismatics.org/collectionimages/19001949/1944/1944.100.43349.rev.width350.jpg"]},{"from":180,"to":192,"title":"Bronze Coin, Patrae, AD 180 - AD 192. 1944.100.39476","image_urls":["http://numismatics.org/collectionimages/19001949/1944/1944.100.39476.rev.width350.jpg"]},{"from":180,"to":192,"title":"Bronze Coin, Nicomedia, AD 180 - AD 192. 1944.100.42298","image_urls":["http://numismatics.org/collectionimages/19001949/1944/1944.100.42298.rev.width350.jpg"]},{"from":180,"to":192,"title":"Bronze Coin, Claudiopolis Ninica/Claudiopolis Ninica, AD 180 - AD 192. 0000.999.24002","image_urls":["http://numismatics.org/collectionimages/00001899/0000/0000.999.24002.rev.width350.jpg"]},{"from":180,"to":192,"title":"Bronze Coin, Nicomedia, AD 180 - AD 192. 1944.100.42301","image_urls":["http://numismatics.org/collectionimages/19001949/1944/1944.100.42301.rev.width350.jpg"]},{"from":180,"to":192,"title":"Bronze Coin, Pergamum/Ephesus, AD 180 - AD 192. 1944.100.43368","image_urls":["http://numismatics.org/collectionimages/19001949/1944/1944.100.43368.rev.width350.jpg"]},{"from":180,"to":190,"title":"Bronze Coin, Corinth, AD 180 - AD 190. 1944.100.38603","image_urls":["http://numismatics.org/collectionimages/19001949/1944/1944.100.38603.rev.width350.jpg"]},{"from":180,"to":192,"title":"Bronze Coin, Bostra, AD 180 - AD 192. 1944.100.69261","image_urls":["http://numismatics.org/collectionimages/19001949/1944/1944.100.69261.rev.width350.jpg"]}]