[{"from":181,"to":183,"title":"WMID-CD581D: A coin issued by Commodus","image_urls":["https://finds.org.uk/images/tgilmore/WMIDCD581D.jpg"]},{"from":181,"to":182,"title":"WILT-261D50: A coin issued by Commodus","image_urls":["https://finds.org.uk/images/jshoemark/WILT-261D50.jpg"]},{"from":181,"to":182,"title":"WILT-A3F4D3: A coin issued by Commodus","image_urls":["https://finds.org.uk/images/cshenry/WILT-A3F4D3.jpg"]},{"from":181,"to":181,"title":"BH-59761B: A coin issued by Commodus","image_urls":["https://finds.org.uk/images/jwatters/Roman_coin_15_22_9.jpg"]},{"from":181,"to":186,"title":"SUR-59094E: A coin issued by Commodus","image_urls":["https://finds.org.uk/images/dwilliams/B15750.JPG"]},{"from":181,"to":182,"title":"HAMP-4A4866: A coin issued by Commodus","image_urls":["https://finds.org.uk/images/rwebley/HAMP-4A4866MarcusAureliussestertius.jpg"]},{"from":181,"to":183,"title":"IOW-FCFA83: A coin issued by Commodus","image_urls":["https://finds.org.uk/images/fbasford/IOW2008-1-572.JPG"]},{"from":181,"to":182,"title":"KENT-C08488: A coin issued by Commodus","image_urls":["https://finds.org.uk/images/jjackson/KENT-C08488.jpg"]},{"from":181,"to":182,"title":"NCL-65DEC6: A coin issued by Commodus","image_urls":["https://finds.org.uk/images/pwalton/734.jpg"]},{"from":181,"to":186,"title":"SOMDOR-1FEC51: A coin issued by Commodus","image_urls":["https://finds.org.uk/images/npayne/1FEC51.jpg"]},{"from":181,"to":182,"title":"SOM-29B083: A coin issued by Commodus","image_urls":["https://finds.org.uk/images/npayne/29B083.JPG"]},{"from":181,"to":182,"title":"NCL-66DC36: A coin issued by Commodus","image_urls":["https://finds.org.uk/images/pwalton/829.jpg"]},{"from":181,"to":181,"title":"NCL-EE10E5: A coin issued by Commodus","image_urls":["https://finds.org.uk/images/pwalton/760.jpg"]},{"from":181,"to":181,"title":"WAW-14AFB5: A coin issued by Commodus","image_urls":["https://finds.org.uk/images/rshenry/WAW-14AFB5.jpg"]},{"from":181,"to":181,"title":"IOW-586875: A coin issued by Commodus","image_urls":["https://finds.org.uk/images/fbasford/IOW2010-2-526.JPG"]},{"from":181,"to":184,"title":"BH-B2AF23: A coin issued by Commodus","image_urls":["https://finds.org.uk/images/jwatters/Roman_coin_13_97_1.jpg"]},{"from":181,"to":181,"title":"KENT-72F3B1: A coin issued by Commodus","image_urls":["https://finds.org.uk/images/gburr/DSCN6033.JPG"]},{"from":181,"to":181,"title":"IOW-358174: A coin issued by Commodus","image_urls":["https://finds.org.uk/images/fbasford/IOW2010-6-53.JPG"]},{"from":181,"to":184,"title":"WILT-CFCD20: A coin issued by Commodus","image_urls":["https://finds.org.uk/images/khinds/Merritt1210commodus.jpg"]},{"from":181,"to":182,"title":"SF-705737: A coin issued by Commodus","image_urls":["https://finds.org.uk/images/abrown/MNL%20SF-705737.jpg"]},{"from":181,"to":182,"title":"FAPJW-5F9486: A coin issued by Commodus","image_urls":["https://finds.org.uk/images/pwalton/7059.jpg"]},{"from":181,"to":181,"title":"PUBLIC-2DFE16: A coin issued by Commodus","image_urls":["https://finds.org.uk/images/mrdenarii/Commodus.jpg"]},{"from":181,"to":181,"title":"NMGW-4990D7: A coin issued by Commodus","image_urls":["https://finds.org.uk/images/rbattye/2005.122.3.jpg"]},{"from":181,"to":192,"title":"NCL-1C5A13: A coin issued by Commodus","image_urls":["https://finds.org.uk/images/pwalton/1503.jpg"]},{"from":181,"to":182,"title":"Silver Didrachm of Commodus, Caesareia in Cappadocia, AD 181 - AD 182. 1986.76.15","image_urls":["http://numismatics.org/collectionimages/19501999/1986/1986.76.15.rev.width350.jpg"]},{"from":181,"to":182,"title":"RIC III Commodus 324. 1944.100.49732","image_urls":["http://numismatics.org/collectionimages/19001949/1944/1944.100.49732.rev.width350.jpg"]},{"from":181,"to":182,"title":"RIC III Commodus 342. 1944.100.50018","image_urls":["http://numismatics.org/collectionimages/19001949/1944/1944.100.50018.rev.width350.jpg"]},{"from":181,"to":182,"title":"Silver Didrachm of Commodus, Caesareia in Cappadocia, AD 181 - AD 182. 1983.159.41","image_urls":["http://numismatics.org/collectionimages/19501999/1983/1983.159.41.rev.width350.jpg"]},{"from":181,"to":182,"title":"RIC III Commodus 322Aa. 1974.26.1156","image_urls":["http://numismatics.org/collectionimages/19501999/1974/1974.26.1156.rev.width350.jpg"]},{"from":181,"to":182,"title":"RIC III Commodus 26b. 1956.127.1129","image_urls":["http://numismatics.org/collectionimages/19501999/1956/1956.127.1129.rev.width350.jpg"]},{"from":181,"to":182,"title":"RIC III Commodus 324. 1944.100.50015","image_urls":["http://numismatics.org/collectionimages/19001949/1944/1944.100.50015.rev.width350.jpg"]},{"from":181,"to":182,"title":"Silver Tetradrachm, Seleuceia ad Tigrim, AD 181 - AD 182. 1944.100.83459","image_urls":["http://numismatics.org/collectionimages/19001949/1944/1944.100.83459.rev.width350.jpg"]},{"from":181,"to":182,"title":"RIC III Commodus 26b. 1956.127.1128","image_urls":["http://numismatics.org/collectionimages/19501999/1956/1956.127.1128.rev.width350.jpg"]},{"from":181,"to":182,"title":"RIC III Commodus 325B. 1995.11.294","image_urls":["http://numismatics.org/collectionimages/19501999/1995/1995.11.294.rev.width350.jpg"]},{"from":181,"to":182,"title":"RIC III Commodus 29b. 1948.19.1383","image_urls":["http://numismatics.org/collectionimages/19001949/1948/1948.19.1383.rev.width350.jpg"]},{"from":181,"to":182,"title":"RIC III Commodus 26b. 1956.127.1130","image_urls":["http://numismatics.org/collectionimages/19501999/1956/1956.127.1130.rev.width350.jpg"]},{"from":181,"to":182,"title":"RIC III Commodus 27. 1956.127.900","image_urls":["http://numismatics.org/collectionimages/19501999/1956/1956.127.900.rev.width350.jpg"]},{"from":181,"to":182,"title":"RIC III Commodus 339. 1906.236.439","image_urls":["http://numismatics.org/collectionimages/19001949/1906/1906.236.439.rev.width350.jpg"]},{"from":181,"to":182,"title":"RIC III Commodus 36a. 1911.23.359","image_urls":["http://numismatics.org/collectionimages/19001949/1911/1911.23.359.rev.width350.jpg"]},{"from":181,"to":182,"title":"Silver Didrachm of Commodus, Caesareia in Cappadocia, AD 181 - AD 182. 1986.165.3","image_urls":["http://numismatics.org/collectionimages/19501999/1986/1986.165.3.rev.width350.jpg"]},{"from":181,"to":182,"title":"Silver Didrachm of Commodus, Caesareia in Cappadocia, AD 181 - AD 182. 1983.159.40","image_urls":["http://numismatics.org/collectionimages/19501999/1983/1983.159.40.rev.width350.jpg"]},{"from":181,"to":182,"title":"RIC III Commodus 30. 1956.127.1133","image_urls":["http://numismatics.org/collectionimages/19501999/1956/1956.127.1133.rev.width350.jpg"]},{"from":181,"to":182,"title":"Silver Didrachm of Commodus, Caesareia in Cappadocia, AD 181 - AD 182. 1986.76.13","image_urls":["http://numismatics.org/collectionimages/19501999/1986/1986.76.13.rev.width350.jpg"]},{"from":181,"to":182,"title":"RIC III Commodus 337. 1944.100.49734","image_urls":["http://numismatics.org/collectionimages/19001949/1944/1944.100.49734.rev.width350.jpg"]},{"from":181,"to":182,"title":"RIC III Commodus 331. 1995.11.322","image_urls":["http://numismatics.org/collectionimages/19501999/1995/1995.11.322.rev.width350.jpg"]},{"from":181,"to":182,"title":"RIC III Commodus 36a. 1944.100.49673","image_urls":["http://numismatics.org/collectionimages/19001949/1944/1944.100.49673.rev.width350.jpg"]},{"from":181,"to":182,"title":"RIC III Commodus 25b. 1956.127.1127","image_urls":["http://numismatics.org/collectionimages/19501999/1956/1956.127.1127.rev.width350.jpg"]},{"from":181,"to":182,"title":"RIC III Commodus 339. 1995.11.329","image_urls":["http://numismatics.org/collectionimages/19501999/1995/1995.11.329.rev.width350.jpg"]},{"from":181,"to":182,"title":"RIC III Commodus 26b. 1911.23.360","image_urls":["http://numismatics.org/collectionimages/19001949/1911/1911.23.360.rev.width350.jpg"]},{"from":181,"to":182,"title":"RIC III Commodus 327. 1995.11.320","image_urls":["http://numismatics.org/collectionimages/19501999/1995/1995.11.320.rev.width350.jpg"]},{"from":181,"to":182,"title":"RIC III Commodus 30. 1944.100.49674","image_urls":["http://numismatics.org/collectionimages/19001949/1944/1944.100.49674.rev.width350.jpg"]},{"from":181,"to":183,"title":"Silver Didrachm of Commodus, Caesareia in Cappadocia, AD 181 - AD 183. 1944.100.59963","image_urls":["http://numismatics.org/collectionimages/19001949/1944/1944.100.59963.rev.width350.jpg"]},{"from":181,"to":182,"title":"RIC III Commodus 26b. 1956.127.1131","image_urls":["http://numismatics.org/collectionimages/19501999/1956/1956.127.1131.rev.width350.jpg"]},{"from":181,"to":182,"title":"RIC III Commodus 41. 1959.228.32","image_urls":["http://numismatics.org/collectionimages/19501999/1959/1959.228.32.rev.width350.jpg"]},{"from":181,"to":182,"title":"RIC III Commodus 334. 1944.100.49733","image_urls":["http://numismatics.org/collectionimages/19001949/1944/1944.100.49733.rev.width350.jpg"]},{"from":181,"to":182,"title":"Silver Didrachm of Commodus, Caesareia in Cappadocia, AD 181 - AD 182. 1983.159.39","image_urls":["http://numismatics.org/collectionimages/19501999/1983/1983.159.39.rev.width350.jpg"]},{"from":181,"to":182,"title":"RIC III Commodus 36a. 1948.19.1382","image_urls":["http://numismatics.org/collectionimages/19001949/1948/1948.19.1382.rev.width350.jpg"]},{"from":181,"to":182,"title":"Silver Didrachm of Commodus, Caesareia in Cappadocia, AD 181 - AD 182. 1983.159.42","image_urls":["http://numismatics.org/collectionimages/19501999/1983/1983.159.42.rev.width350.jpg"]},{"from":181,"to":182,"title":"RIC III Commodus 335. 1944.100.49783","image_urls":["http://numismatics.org/collectionimages/19001949/1944/1944.100.49783.rev.width350.jpg"]},{"from":181,"to":182,"title":"RIC III Commodus 28. 1956.127.1132","image_urls":["http://numismatics.org/collectionimages/19501999/1956/1956.127.1132.rev.width350.jpg"]},{"from":181,"to":182,"title":"RIC III Commodus 29b. 1912.17.68","image_urls":["http://numismatics.org/collectionimages/19001949/1912/1912.17.68.rev.width350.jpg"]},{"from":181,"to":182,"title":"RIC III Commodus 25a. 1956.127.1126","image_urls":["http://numismatics.org/collectionimages/19501999/1956/1956.127.1126.rev.width350.jpg"]},{"from":181,"to":182,"title":"Silver Didrachm of Commodus, Caesareia in Cappadocia, AD 181 - AD 182. 1983.159.57","image_urls":["http://numismatics.org/collectionimages/19501999/1983/1983.159.57.rev.width350.jpg"]},{"from":181,"to":182,"title":"Silver Didrachm of Commodus, Caesareia in Cappadocia, AD 181 - AD 182. 1944.100.59961","image_urls":["http://numismatics.org/collectionimages/19001949/1944/1944.100.59961.rev.width350.jpg"]},{"from":181,"to":182,"title":"RIC III Commodus 36a. 1987.26.179","image_urls":["http://numismatics.org/collectionimages/19501999/1987/1987.26.179.rev.width350.jpg"]},{"from":181,"to":182,"title":"Silver Didrachm of Commodus, Caesareia in Cappadocia, AD 181 - AD 182. 1983.159.56","image_urls":["http://numismatics.org/collectionimages/19501999/1983/1983.159.56.rev.width350.jpg"]},{"from":181,"to":182,"title":"RIC III Commodus 33a. 1956.127.1134","image_urls":["http://numismatics.org/collectionimages/19501999/1956/1956.127.1134.rev.width350.jpg"]}]