[{"from":182,"to":182,"title":"NCL-5FEB40: A coin issued by Commodus","image_urls":["https://finds.org.uk/images/rcollins/NCL-5FEB40.jpg"]},{"from":182,"to":182,"title":"KENT-AD1763: A coin issued by Commodus","image_urls":["https://finds.org.uk/images/jbryan/KENTAD1763.jpg"]},{"from":182,"to":192,"title":"IOW-AE07C5: A coin issued by Commodus","image_urls":["https://finds.org.uk/images/fbasford/IOW2012-2-348.JPG"]},{"from":182,"to":183,"title":"YORYM-243427: A coin issued by Commodus","image_urls":["https://finds.org.uk/images/yorkvol/BR0697.jpg"]},{"from":182,"to":183,"title":"Bronze Diobol of Commodus, Alexandreia, AD 182 - AD 183. 1973.56.956","image_urls":["http://numismatics.org/collectionimages/19501999/1973/1973.56.956.rev.width350.jpg"]},{"from":182,"to":183,"title":"Billon Tetradrachm of Commodus, Alexandreia, AD 182 - AD 183. 1944.100.61797","image_urls":["http://numismatics.org/collectionimages/19001949/1944/1944.100.61797.rev.width350.jpg"]},{"from":182,"to":183,"title":"Silver Tetradrachm, Seleuceia ad Tigrim, AD 182 - AD 183. 1947.70.2","image_urls":["http://numismatics.org/collectionimages/19001949/1947/1947.70.2.rev.width350.jpg"]},{"from":182,"to":183,"title":"Silver Tetradrachm, Seleuceia ad Tigrim, AD 182 - AD 183. 1944.100.83435","image_urls":["http://numismatics.org/collectionimages/19001949/1944/1944.100.83435.rev.width350.jpg"]},{"from":182,"to":183,"title":"Bronze Medallion, Rome, AD 182 - AD 183. 1980.3.1","image_urls":["http://numismatics.org/collectionimages/19501999/1980/1980.3.1.rev.width350.jpg"]},{"from":182,"to":183,"title":"Bronze Diobol of Commodus, Alexandreia, AD 182 - AD 183. 1944.100.61905","image_urls":["http://numismatics.org/collectionimages/19001949/1944/1944.100.61905.rev.width350.jpg"]}]