[{"from":183,"to":184,"title":"SUSS-45D827: A coin issued by Commodus","image_urls":["https://finds.org.uk/images/lwilson/1-52%20u.jpg"]},{"from":183,"to":184,"title":"SUR-4F93E0: A coin issued by Commodus","image_urls":["https://finds.org.uk/images/margaretb/DSCN3353.JPG"]},{"from":183,"to":184,"title":"IOW-057792: A coin issued by Commodus","image_urls":["https://finds.org.uk/images/fbasford/IOW2012-5-129.JPG"]},{"from":183,"to":185,"title":"YORYM-2F5472: A coin issued by Commodus","image_urls":["https://finds.org.uk/images/law/BL0047.jpg"]},{"from":183,"to":184,"title":"SUSS-371CEC: A coin issued by Commodus","image_urls":["https://finds.org.uk/images/stephaniesmith/SUSS371CEC.jpg"]},{"from":183,"to":183,"title":"LIN-730495: A coin issued by Commodus","image_urls":["https://finds.org.uk/images/adaubney/LIN7720.JPG"]},{"from":183,"to":184,"title":"SF-3512E0: A coin issued by Commodus","image_urls":["https://finds.org.uk/images/abrown/FRS_SF-3512E0.jpg"]},{"from":183,"to":184,"title":"SUSS-C53883: A coin issued by Commodus","image_urls":["https://finds.org.uk/images/lburnett/SUSS-C53883.jpg"]},{"from":183,"to":184,"title":"IOW-9DD993: A coin issued by Commodus","image_urls":["https://finds.org.uk/images/fbasford/IOW2013-5-155-800dpi.JPG"]},{"from":183,"to":184,"title":"HAMP-A653A7: A coin issued by Commodus","image_urls":["https://finds.org.uk/images/jojocole/HAMPA653A7.jpg"]},{"from":183,"to":184,"title":"FAPJW-5F86A3: A coin issued by Commodus","image_urls":["https://finds.org.uk/images/pwalton/7060.jpg"]},{"from":183,"to":183,"title":"YORYM-57C027: A coin issued by Commodus","image_urls":["https://finds.org.uk/images/law/JDS0017.jpg"]},{"from":183,"to":185,"title":"SUR-3658E6: A coin issued by Commodus","image_urls":["https://finds.org.uk/images/dwilliams/07.838.JPG"]},{"from":183,"to":184,"title":"HAMP-C6ACF6: A coin issued by Commodus","image_urls":["https://finds.org.uk/images/rhenry/HAMP-C6ACF6Commodus.jpg"]},{"from":183,"to":184,"title":"BH-CC6560: A coin issued by Commodus","image_urls":["https://finds.org.uk/images/jwatters/Roman_coin_12_161_10.jpg"]},{"from":183,"to":183,"title":"PUBLIC-4B0F03: A coin issued by Commodus","image_urls":["https://finds.org.uk/images/calow1/FLE12.%20265.jpg"]},{"from":183,"to":186,"title":"BM-F0BB93: A coin issued by Commodus","image_urls":["https://finds.org.uk/images/jasonlundock/5220.jpg"]},{"from":183,"to":184,"title":"DEV-FF2EA5: A coin issued by Commodus","image_urls":["https://finds.org.uk/images/npowell/coin4.JPG"]},{"from":183,"to":185,"title":"WILT-4F7676: A coin issued by Commodus","image_urls":["https://finds.org.uk/images/khinds/Vanstone0211commodus.jpg"]},{"from":183,"to":183,"title":"LVPL-7DB116: A coin issued by Commodus","image_urls":["https://finds.org.uk/images/helenm/commodus%20denarius.jpg"]},{"from":183,"to":183,"title":"IOW-4AE117: A coin issued by Commodus","image_urls":["https://finds.org.uk/images/fbasford/IOW2012-2-266.JPG"]},{"from":183,"to":183,"title":"IOW-ED5A43: A coin issued by Commodus","image_urls":["https://finds.org.uk/images/fbasford/IOW20152379.JPG"]},{"from":183,"to":184,"title":"IOW-001341: A coin issued by Commodus","image_urls":["https://finds.org.uk/images/fbasford/IOW2012-1-174.JPG"]},{"from":183,"to":187,"title":"HAMP-0C8FB5: A coin issued by Commodus","image_urls":["https://finds.org.uk/images/rwebley/HAMP-0C8FB5Commodussestertius.jpg"]},{"from":183,"to":183,"title":"DEV-CDC4D3: A coin issued by Commodus","image_urls":["https://finds.org.uk/images/dwootton/DEV-CDC4D3-R119%20COMPLETED.jpg"]},{"from":183,"to":185,"title":"BM-EF3608: A coin issued by Commodus","image_urls":["https://finds.org.uk/images/jasonlundock/5248a.jpg"]},{"from":183,"to":184,"title":"SUR-0B0AA8: A coin issued by Commodus","image_urls":["https://finds.org.uk/images/dwilliams/B15598.JPG"]},{"from":183,"to":184,"title":"IOW-5162B1: A coin issued by Commodus","image_urls":["https://finds.org.uk/images/fbasford/IOW2011-2-74.JPG"]},{"from":183,"to":184,"title":"HAMP-466F28: A coin issued by Commodus","image_urls":["https://finds.org.uk/images/rwebley/HAMP-466F28Commodussestertius.jpg"]},{"from":183,"to":185,"title":"IOW-9CD726: A coin issued by Commodus","image_urls":["https://finds.org.uk/images/fbasford/IOW2010-6-46.JPG"]},{"from":183,"to":184,"title":"Silver Tetradrachm, Seleuceia ad Tigrim, AD 183 - AD 184. 1944.100.83456","image_urls":["http://numismatics.org/collectionimages/19001949/1944/1944.100.83456.rev.width350.jpg"]},{"from":183,"to":184,"title":"Billon Tetradrachm of Commodus, Alexandreia, AD 183 - AD 184. 1944.100.61809","image_urls":["http://numismatics.org/collectionimages/19001949/1944/1944.100.61809.rev.width350.jpg"]},{"from":183,"to":184,"title":"Bronze Diobol of Commodus, Alexandreia, AD 183 - AD 184. 1944.100.61908","image_urls":["http://numismatics.org/collectionimages/19001949/1944/1944.100.61908.rev.width350.jpg"]},{"from":183,"to":184,"title":"RIC III Commodus 431b. 1906.236.443","image_urls":["http://numismatics.org/collectionimages/19001949/1906/1906.236.443.rev.width350.jpg"]},{"from":183,"to":184,"title":"RIC III Commodus 426. 1943.102.81","image_urls":["http://numismatics.org/collectionimages/19001949/1943/1943.102.81.rev.width350.jpg"]},{"from":183,"to":184,"title":"Silver Denarius of Commodus, Rome, AD 183 - AD 184. 1956.127.1152","image_urls":["http://numismatics.org/collectionimages/19501999/1956/1956.127.1152.rev.width350.jpg"]},{"from":183,"to":184,"title":"RIC III Commodus 71. 1956.127.1146","image_urls":["http://numismatics.org/collectionimages/19501999/1956/1956.127.1146.rev.width350.jpg"]},{"from":183,"to":185,"title":"Silver Didrachm of Commodus, Caesareia in Cappadocia, AD 183 - AD 185. 1986.165.2","image_urls":["http://numismatics.org/collectionimages/19501999/1986/1986.165.2.rev.width350.jpg"]},{"from":183,"to":184,"title":"RIC III Commodus 422. 1949.54.5","image_urls":["http://numismatics.org/collectionimages/19001949/1949/1949.54.5.rev.width350.jpg"]},{"from":183,"to":184,"title":"RIC III Commodus 73. 1956.127.1158","image_urls":["http://numismatics.org/collectionimages/19501999/1956/1956.127.1158.rev.width350.jpg"]},{"from":183,"to":184,"title":"Silver Denarius of Commodus, Rome, AD 183 - AD 184. 1944.100.49680","image_urls":["http://numismatics.org/collectionimages/19001949/1944/1944.100.49680.rev.width350.jpg"]},{"from":183,"to":184,"title":"RIC III Commodus 80 (denarius). 1956.127.1155","image_urls":["http://numismatics.org/collectionimages/19501999/1956/1956.127.1155.rev.width350.jpg"]},{"from":183,"to":184,"title":"RIC III Commodus 74. 1956.127.1149","image_urls":["http://numismatics.org/collectionimages/19501999/1956/1956.127.1149.rev.width350.jpg"]},{"from":183,"to":184,"title":"Bronze Diobol of Commodus, Alexandreia, AD 183 - AD 184. 1944.100.61907","image_urls":["http://numismatics.org/collectionimages/19001949/1944/1944.100.61907.rev.width350.jpg"]},{"from":183,"to":184,"title":"RIC III Commodus 419. 1962.83.23","image_urls":["http://numismatics.org/collectionimages/19501999/1962/1962.83.23.rev.width350.jpg"]},{"from":183,"to":184,"title":"Bronze Diobol of Commodus, Alexandreia, AD 183 - AD 184. 1944.100.61906","image_urls":["http://numismatics.org/collectionimages/19001949/1944/1944.100.61906.rev.width350.jpg"]},{"from":183,"to":184,"title":"RIC III Commodus 406d. 1944.100.49740","image_urls":["http://numismatics.org/collectionimages/19001949/1944/1944.100.49740.rev.width350.jpg"]},{"from":183,"to":185,"title":"Silver Didrachm of Commodus, Caesareia in Cappadocia, AD 183 - AD 185. 1944.100.59909","image_urls":["http://numismatics.org/collectionimages/19001949/1944/1944.100.59909.rev.width350.jpg"]},{"from":183,"to":185,"title":"Silver Didrachm of Commodus, Caesareia in Cappadocia, AD 183 - AD 185. 1986.76.19","image_urls":["http://numismatics.org/collectionimages/19501999/1986/1986.76.19.rev.width350.jpg"]},{"from":183,"to":184,"title":"RIC III Commodus 405. 1933.78.37","image_urls":["http://numismatics.org/collectionimages/19001949/1933/1933.78.37.rev.width350.jpg"]},{"from":183,"to":184,"title":"RIC III Commodus 404. 1944.100.49739","image_urls":["http://numismatics.org/collectionimages/19001949/1944/1944.100.49739.rev.width350.jpg"]},{"from":183,"to":184,"title":"RIC III Commodus 405. 1978.64.453","image_urls":["http://numismatics.org/collectionimages/19501999/1978/1978.64.453.rev.width350.jpg"]},{"from":183,"to":184,"title":"RIC III Commodus 74. 1956.127.1148","image_urls":["http://numismatics.org/collectionimages/19501999/1956/1956.127.1148.rev.width350.jpg"]},{"from":183,"to":184,"title":"RIC III Commodus 72. 1944.100.49679","image_urls":["http://numismatics.org/collectionimages/19001949/1944/1944.100.49679.rev.width350.jpg"]},{"from":183,"to":184,"title":"Silver Denarius of Commodus, Rome, AD 183 - AD 184. 1956.127.1160","image_urls":["http://numismatics.org/collectionimages/19501999/1956/1956.127.1160.rev.width350.jpg"]},{"from":183,"to":184,"title":"RIC III Commodus 79. 1956.127.1154","image_urls":["http://numismatics.org/collectionimages/19501999/1956/1956.127.1154.rev.width350.jpg"]},{"from":183,"to":184,"title":"RIC III Commodus 72. 1956.127.1157","image_urls":["http://numismatics.org/collectionimages/19501999/1956/1956.127.1157.rev.width350.jpg"]},{"from":183,"to":185,"title":"Silver Didrachm of Commodus, Caesareia in Cappadocia, AD 183 - AD 185. 1983.159.43","image_urls":["http://numismatics.org/collectionimages/19501999/1983/1983.159.43.rev.width350.jpg"]},{"from":183,"to":184,"title":"RIC III Commodus 75. 1956.127.1151","image_urls":["http://numismatics.org/collectionimages/19501999/1956/1956.127.1151.rev.width350.jpg"]},{"from":183,"to":184,"title":"RIC III Commodus 427. 1930.3.8","image_urls":["http://numismatics.org/collectionimages/19001949/1930/1930.3.8.rev.width350.jpg"]},{"from":183,"to":185,"title":"Silver Didrachm of Commodus, Caesareia in Cappadocia, AD 183 - AD 185. 1986.76.17","image_urls":["http://numismatics.org/collectionimages/19501999/1986/1986.76.17.rev.width350.jpg"]},{"from":183,"to":184,"title":"Silver Denarius of Commodus, Rome, AD 183 - AD 184. 1995.11.308","image_urls":["http://numismatics.org/collectionimages/19501999/1995/1995.11.308.rev.width350.jpg"]},{"from":183,"to":185,"title":"Silver Didrachm of Commodus, Caesareia in Cappadocia, AD 183 - AD 185. 1983.159.38","image_urls":["http://numismatics.org/collectionimages/19501999/1983/1983.159.38.rev.width350.jpg"]},{"from":183,"to":184,"title":"RIC III Commodus 76. 1946.7.23","image_urls":["http://numismatics.org/collectionimages/19001949/1946/1946.7.23.rev.width350.jpg"]},{"from":183,"to":184,"title":"RIC III Commodus 420. 1995.11.328","image_urls":["http://numismatics.org/collectionimages/19501999/1995/1995.11.328.rev.width350.jpg"]},{"from":183,"to":185,"title":"Silver Didrachm of Commodus, Caesareia in Cappadocia, AD 183 - AD 185. 1944.100.59962","image_urls":["http://numismatics.org/collectionimages/19001949/1944/1944.100.59962.rev.width350.jpg"]},{"from":183,"to":184,"title":"Silver Denarius of Commodus, Rome, AD 183 - AD 184. 1956.127.1159","image_urls":["http://numismatics.org/collectionimages/19501999/1956/1956.127.1159.rev.width350.jpg"]},{"from":183,"to":184,"title":"Silver Denarius of Commodus, Rome, AD 183 - AD 184. 1911.23.361","image_urls":["http://numismatics.org/collectionimages/19001949/1911/1911.23.361.rev.width350.jpg"]},{"from":183,"to":184,"title":"RIC III Commodus 75. 1956.127.1150","image_urls":["http://numismatics.org/collectionimages/19501999/1956/1956.127.1150.rev.width350.jpg"]},{"from":183,"to":184,"title":"RIC III Commodus 81. 1944.100.49681","image_urls":["http://numismatics.org/collectionimages/19001949/1944/1944.100.49681.rev.width350.jpg"]},{"from":183,"to":184,"title":"RIC III Commodus 81. 1956.127.1156","image_urls":["http://numismatics.org/collectionimages/19501999/1956/1956.127.1156.rev.width350.jpg"]},{"from":183,"to":184,"title":"RIC III Commodus 405. 1906.236.441","image_urls":["http://numismatics.org/collectionimages/19001949/1906/1906.236.441.rev.width350.jpg"]},{"from":183,"to":184,"title":"Silver Tetradrachm, Seleuceia ad Tigrim, AD 183 - AD 184. 1944.100.83436","image_urls":["http://numismatics.org/collectionimages/19001949/1944/1944.100.83436.rev.width350.jpg"]},{"from":183,"to":184,"title":"RIC III Commodus 74. 1974.26.1154","image_urls":["http://numismatics.org/collectionimages/19501999/1974/1974.26.1154.rev.width350.jpg"]},{"from":183,"to":184,"title":"RIC III Commodus 72. 1956.127.1147","image_urls":["http://numismatics.org/collectionimages/19501999/1956/1956.127.1147.rev.width350.jpg"]},{"from":183,"to":184,"title":"RIC III Commodus 406d. 1995.11.293","image_urls":["http://numismatics.org/collectionimages/19501999/1995/1995.11.293.rev.width350.jpg"]},{"from":183,"to":184,"title":"Silver Denarius of Commodus, Rome, AD 183 - AD 184. 1956.127.1153","image_urls":["http://numismatics.org/collectionimages/19501999/1956/1956.127.1153.rev.width350.jpg"]},{"from":183,"to":184,"title":"RIC III Commodus 74. 1905.57.412","image_urls":["http://numismatics.org/collectionimages/19001949/1905/1905.57.412.rev.width350.jpg"]},{"from":183,"to":184,"title":"RIC III Commodus 413d. 1944.100.49741","image_urls":["http://numismatics.org/collectionimages/19001949/1944/1944.100.49741.rev.width350.jpg"]},{"from":183,"to":184,"title":"Silver Denarius of Commodus, Rome, AD 183 - AD 184. 1960.170.376","image_urls":["http://numismatics.org/collectionimages/19501999/1960/1960.170.376.rev.width350.jpg"]},{"from":183,"to":184,"title":"RIC III Commodus 420. 1906.236.442","image_urls":["http://numismatics.org/collectionimages/19001949/1906/1906.236.442.rev.width350.jpg"]},{"from":183,"to":184,"title":"RIC III Commodus 419. 1944.100.50016","image_urls":["http://numismatics.org/collectionimages/19001949/1944/1944.100.50016.rev.width350.jpg"]}]