[{"from":184,"to":185,"title":"SUR-A28251: A coin issued by Commodus","image_urls":["https://finds.org.uk/images/dwilliams/15187.JPG"]},{"from":184,"to":185,"title":"NCL-BBE184: A coin issued by Commodus","image_urls":["https://finds.org.uk/images/pwalton/1020.jpg"]},{"from":184,"to":184,"title":"YORYM-683547: A coin issued by Commodus","image_urls":["https://finds.org.uk/images/ellie/BB%20781.jpg"]},{"from":184,"to":185,"title":"WILT-983215: A coin issued by Commodus","image_urls":["https://finds.org.uk/images/jshoemark/WILT-983215.jpg"]},{"from":184,"to":185,"title":"DENO-9DB776: A coin issued by Commodus","image_urls":["https://finds.org.uk/images/samdixon/E7615_Roman_Denarius.jpg"]},{"from":184,"to":184,"title":"GLO-539E16: A coin issued by Commodus","image_urls":["https://finds.org.uk/images/kadams/2571%20Copper%20alloy%20Sestertius%20of%20Commodus.jpg"]},{"from":184,"to":185,"title":"IOW-9D0188: A coin issued by Commodus","image_urls":["https://finds.org.uk/images/fbasford/IOW2010-3-86.JPG"]},{"from":184,"to":184,"title":"SUR-F885B2: A coin issued by Commodus","image_urls":["https://finds.org.uk/images/dwilliams/07.256.JPG"]},{"from":184,"to":185,"title":"BH-6ADF15: A coin issued by Commodus","image_urls":["https://finds.org.uk/images/jwatters/Roman%20coin%2008%206%20-%206.jpg"]},{"from":184,"to":185,"title":"IOW-0591E4: A coin issued by Commodus","image_urls":["https://finds.org.uk/images/fbasford/IOW2011-2-254.JPG"]},{"from":184,"to":184,"title":"BH-DAC53F: A coin issued by Commodus","image_urls":["https://finds.org.uk/images/jwatters/Roman_coin_15_29_24.jpg"]},{"from":184,"to":184,"title":"PUBLIC-4AB554: A coin issued by Commodus","image_urls":["https://finds.org.uk/images/calow1/FLE12.%20263.jpg"]},{"from":184,"to":184,"title":"BM-0376A5: A coin issued by Commodus","image_urls":["https://finds.org.uk/images/vdrost/DSC02203.JPG"]},{"from":184,"to":185,"title":"SUR-C9993F: A coin issued by Commodus","image_urls":["https://finds.org.uk/images/dwilliams/15637.JPG"]},{"from":184,"to":184,"title":"WAW-ACF276: A coin issued by Commodus","image_urls":["https://finds.org.uk/images/abolton/WAW-ACF276.jpg"]},{"from":184,"to":185,"title":"SOM-F7C934: A coin issued by Commodus","image_urls":["https://finds.org.uk/images/elburnett/SOM-F7C934.JPG"]},{"from":184,"to":185,"title":"BH-E50103: A coin issued by Commodus","image_urls":["https://finds.org.uk/images/jwatters/Roman%20coin%2009%2047%20-%206.jpg"]},{"from":184,"to":184,"title":"BH-7E3E94: A coin issued by Commodus","image_urls":["https://finds.org.uk/images/jwatters/Roman%20coin%2010%2018%20-%202.jpg"]},{"from":184,"to":184,"title":"SUSS-E575B4: A coin issued by Commodus","image_urls":["https://finds.org.uk/images/lburnett/SUSS-E575B4.jpg"]},{"from":184,"to":185,"title":"WMID-1FADE7: A coin issued by Commodus","image_urls":["https://finds.org.uk/images/cjohnson/WMID-1FADE7.JPG"]},{"from":184,"to":184,"title":"DENO-100168: A coin issued by Commodus","image_urls":["https://finds.org.uk/images/arohde/02%20denarius.jpg"]},{"from":184,"to":185,"title":"IOW-E0B916: A coin issued by Commodus","image_urls":["https://finds.org.uk/images/fbasford/IOW2010-1-190.JPG"]},{"from":184,"to":185,"title":"LIN-D008E5: A coin issued by Commodus","image_urls":["https://finds.org.uk/images/adaubney/LIN8707.JPG"]},{"from":184,"to":185,"title":"WILT-A81932: A coin issued by Commodus","image_urls":["https://finds.org.uk/images/rhenry2/WILTA81932.jpg"]},{"from":184,"to":185,"title":"RIC III Commodus 450. 1984.176.38","image_urls":["http://numismatics.org/collectionimages/19501999/1984/1984.176.38.rev.width350.jpg"]},{"from":184,"to":185,"title":"Bronze Hemidrachm of Commodus, Alexandreia, AD 184 - AD 185. 1973.56.1569","image_urls":["http://numismatics.org/collectionimages/19501999/1973/1973.56.1569.rev.width350.jpg"]},{"from":184,"to":185,"title":"RIC III Commodus 108. 1956.127.1170","image_urls":["http://numismatics.org/collectionimages/19501999/1956/1956.127.1170.rev.width350.jpg"]},{"from":184,"to":185,"title":"RIC III Commodus 109. 1944.100.49683","image_urls":["http://numismatics.org/collectionimages/19001949/1944/1944.100.49683.rev.width350.jpg"]},{"from":184,"to":185,"title":"RIC III Commodus 447. 1944.100.49744","image_urls":["http://numismatics.org/collectionimages/19001949/1944/1944.100.49744.rev.width350.jpg"]},{"from":184,"to":189,"title":"RIC III Commodus 202A. 1944.100.49705","image_urls":["http://numismatics.org/collectionimages/19001949/1944/1944.100.49705.rev.width350.jpg"]},{"from":184,"to":185,"title":"RIC III Commodus 453B. 1979.13.1","image_urls":["http://numismatics.org/collectionimages/19501999/1979/1979.13.1.rev.width350.jpg"]},{"from":184,"to":185,"title":"RIC III Commodus 451. 1940.24.1","image_urls":["http://numismatics.org/collectionimages/19001949/1940/1940.24.1.rev.width350.jpg"]},{"from":184,"to":185,"title":"RIC III Commodus 112. 1974.26.1155","image_urls":["http://numismatics.org/collectionimages/19501999/1974/1974.26.1155.rev.width350.jpg"]},{"from":184,"to":185,"title":"RIC III Commodus 106c. 1956.127.1168","image_urls":["http://numismatics.org/collectionimages/19501999/1956/1956.127.1168.rev.width350.jpg"]},{"from":184,"to":185,"title":"Bronze Diobol of Commodus, Alexandreia, AD 184 - AD 185. 1944.100.61910","image_urls":["http://numismatics.org/collectionimages/19001949/1944/1944.100.61910.rev.width350.jpg"]},{"from":184,"to":185,"title":"RIC III Commodus 108. 1948.19.1385","image_urls":["http://numismatics.org/collectionimages/19001949/1948/1948.19.1385.rev.width350.jpg"]},{"from":184,"to":185,"title":"RIC III Commodus 107Aa. 1956.127.1169","image_urls":["http://numismatics.org/collectionimages/19501999/1956/1956.127.1169.rev.width350.jpg"]},{"from":184,"to":185,"title":"RIC III Commodus 102. 1956.127.1166","image_urls":["http://numismatics.org/collectionimages/19501999/1956/1956.127.1166.rev.width350.jpg"]},{"from":184,"to":185,"title":"RIC III Commodus 452. 1995.11.99","image_urls":["http://numismatics.org/collectionimages/19501999/1995/1995.11.99.rev.width350.jpg"]},{"from":184,"to":185,"title":"RIC III Commodus 451. 0000.999.21173","image_urls":["http://numismatics.org/collectionimages/00001899/0000/0000.999.21173.rev.width350.jpg"]},{"from":184,"to":185,"title":"Silver Tetradrachm, Seleuceia ad Tigrim, AD 184 - AD 185. 1944.100.83437","image_urls":["http://numismatics.org/collectionimages/19001949/1944/1944.100.83437.rev.width350.jpg"]},{"from":184,"to":185,"title":"Billon Tetradrachm of Commodus, Alexandreia, AD 184 - AD 185. 1944.100.82159","image_urls":["http://numismatics.org/collectionimages/19001949/1944/1944.100.82159.rev.width350.jpg"]},{"from":184,"to":185,"title":"RIC III Commodus 107Aa. 1944.100.49682","image_urls":["http://numismatics.org/collectionimages/19001949/1944/1944.100.49682.rev.width350.jpg"]},{"from":184,"to":185,"title":"Billon Tetradrachm of Commodus, Alexandreia, AD 184 - AD 185. 1944.100.61810","image_urls":["http://numismatics.org/collectionimages/19001949/1944/1944.100.61810.rev.width350.jpg"]},{"from":184,"to":185,"title":"RIC III Commodus 111d. 1956.127.1171","image_urls":["http://numismatics.org/collectionimages/19501999/1956/1956.127.1171.rev.width350.jpg"]},{"from":184,"to":185,"title":"RIC III Commodus 454Aa. 1988.5.63","image_urls":["http://numismatics.org/collectionimages/19501999/1988/1988.5.63.rev.width350.jpg"]},{"from":184,"to":185,"title":"RIC III Commodus 102. 1956.127.1165","image_urls":["http://numismatics.org/collectionimages/19501999/1956/1956.127.1165.rev.width350.jpg"]},{"from":184,"to":189,"title":"RIC III Commodus 201. 1944.100.49684","image_urls":["http://numismatics.org/collectionimages/19001949/1944/1944.100.49684.rev.width350.jpg"]},{"from":184,"to":185,"title":"RIC III Commodus 101. 1956.127.1164","image_urls":["http://numismatics.org/collectionimages/19501999/1956/1956.127.1164.rev.width350.jpg"]},{"from":184,"to":185,"title":"RIC III Commodus 106c. 1956.127.1167","image_urls":["http://numismatics.org/collectionimages/19501999/1956/1956.127.1167.rev.width350.jpg"]},{"from":184,"to":185,"title":"Billon Tetradrachm of Commodus, Alexandreia, AD 184 - AD 185. 1944.100.61817","image_urls":["http://numismatics.org/collectionimages/19001949/1944/1944.100.61817.rev.width350.jpg"]},{"from":184,"to":189,"title":"RIC III Commodus 202A. 0000.999.21170","image_urls":["http://numismatics.org/collectionimages/00001899/0000/0000.999.21170.rev.width350.jpg"]}]