[{"from":185,"to":185,"title":"BH-B34FE4: A coin issued by Commodus","image_urls":["https://finds.org.uk/images/jwatters/Roman%20coin%2009%20223%20-%2013.jpg"]},{"from":185,"to":185,"title":"SWYOR-E1F74C: A coin issued by Commodus","image_urls":["https://finds.org.uk/images/acooper/PAS_2336_denarius.jpg"]},{"from":185,"to":185,"title":"SWYOR-074525: A coin issued by Commodus","image_urls":["https://finds.org.uk/images/acooper/PAS_1918_sestertius.jpg"]},{"from":185,"to":192,"title":"SOM-E82244: A coin issued by Commodus","image_urls":["https://finds.org.uk/images/annab/SOM-E82244.jpg"]},{"from":185,"to":190,"title":"WILT-867A0D: A coin issued by Commodus","image_urls":["https://finds.org.uk/images/rhenry2/WILT867A0D.jpg"]},{"from":185,"to":185,"title":"BM-87A978: A coin issued by Commodus","image_urls":["https://finds.org.uk/images/vdrost/BM-87A978_rev.JPG"]},{"from":185,"to":185,"title":"WILT-8AA2A5: A coin issued by Commodus","image_urls":["https://finds.org.uk/images/rhenry2/WILT-8AA2A5.jpg"]},{"from":185,"to":186,"title":"Billon Tetradrachm of Commodus, Alexandreia, AD 185 - AD 186. 1944.100.61821","image_urls":["http://numismatics.org/collectionimages/19001949/1944/1944.100.61821.rev.width350.jpg"]},{"from":185,"to":186,"title":"Silver Tetradrachm, Seleuceia ad Tigrim, AD 185 - AD 186. 1944.100.83438","image_urls":["http://numismatics.org/collectionimages/19001949/1944/1944.100.83438.rev.width350.jpg"]}]