[{"from":186,"to":186,"title":"BH-8FD6D2: A coin issued by Commodus","image_urls":["https://finds.org.uk/images/jwatters/Roman_coin_13_40_12.jpg"]},{"from":186,"to":189,"title":"WMID-41F2E7: A coin issued by Commodus","image_urls":["https://finds.org.uk/images/eloisemarkwick/WMID-41F2E7.jpg"]},{"from":186,"to":186,"title":"PUBLIC-6DD846: A coin issued by Commodus","image_urls":["https://finds.org.uk/images/nickb/booth0611slopesCommodus.jpg"]},{"from":186,"to":189,"title":"HAMP-3F63D1: A coin issued by Commodus","image_urls":["https://finds.org.uk/images/khindshamp/HAMP3F63D1.jpg"]},{"from":186,"to":187,"title":"DEV-A3EB15: A coin issued by Commodus","image_urls":["https://finds.org.uk/images/dwootton/Laurence%20Egerton%20Sestertius.jpg"]},{"from":186,"to":188,"title":"PUBLIC-07B341: A coin issued by Commodus","image_urls":["https://finds.org.uk/images/calow1/FLE11.49.JPG"]},{"from":186,"to":187,"title":"IOW-E91A25: A coin issued by Commodus","image_urls":["https://finds.org.uk/images/fbasford/IOW2011-1-411.JPG"]},{"from":186,"to":187,"title":"NARC-4FBB73: A coin issued by Commodus","image_urls":["https://finds.org.uk/images/tbrindle/NARC-4FBB73sestertius.jpg"]},{"from":186,"to":188,"title":"CAM-CFD252: A coin issued by Commodus","image_urls":["https://finds.org.uk/images/hfowler/CAM-CFD252.jpg"]},{"from":186,"to":188,"title":"BM-7C19D1: A coin issued by Commodus","image_urls":["https://finds.org.uk/images/jasonlundock/4.jpg"]},{"from":186,"to":186,"title":"ESS-209711: A coin issued by Commodus","image_urls":["https://finds.org.uk/images/cmcdonald/brown%20commodus.jpg"]},{"from":186,"to":189,"title":"HAMP-23AAA1: A coin issued by Commodus","image_urls":["https://finds.org.uk/images/jojocole/HAMP-23AAA1.jpg"]},{"from":186,"to":186,"title":"SUR-57CA78: A coin issued by Commodus","image_urls":["https://finds.org.uk/images/dwilliams/07.71.JPG"]},{"from":186,"to":186,"title":"WMID-BF5387: A coin issued by Commodus","image_urls":["https://finds.org.uk/images/tgilmore/WMID-BF5387.jpg"]},{"from":186,"to":188,"title":"BH-EE4725: A coin issued by Commodus","image_urls":["https://finds.org.uk/images/jwatters/Roman_coin_11_130_1.jpg"]},{"from":186,"to":187,"title":"SOM-808C94: A coin issued by Commodus","image_urls":["https://finds.org.uk/images/alicef/SOM-808C94.JPG"]},{"from":186,"to":187,"title":"IOW-0ACFD8: A coin issued by Commodus","image_urls":["https://finds.org.uk/images/fbasford/IOW2012-14-10.JPG"]},{"from":186,"to":187,"title":"ESS-A6B536: A coin issued by Commodus","image_urls":["https://finds.org.uk/images/lmclean/ESS-A6B536%20sestertius%20commodus.jpg"]},{"from":186,"to":187,"title":"BH-A45033: A coin issued by Commodus","image_urls":["https://finds.org.uk/images/jwatters/Roman_coin_12_63_10.jpg"]},{"from":186,"to":189,"title":"PUBLIC-F18626: A coin issued by Commodus","image_urls":["https://finds.org.uk/images/Linz/MD18.jpg"]},{"from":186,"to":187,"title":"PUBLIC-00B37B: A coin issued by Commodus","image_urls":["https://finds.org.uk/images/kiwidigger/PICT0002%20%282%29.JPG"]},{"from":186,"to":189,"title":"LVPL-C14F9B: A coin issued by Commodus","image_urls":["https://finds.org.uk/images/voakden/LVPL-C14F9B.jpg"]},{"from":186,"to":186,"title":"SF-1E0750: A coin issued by Commodus","image_urls":["https://finds.org.uk/images/abrown/CRT%20SF-1E0750.jpg"]},{"from":186,"to":188,"title":"IOW-AA66B1: A coin issued by Commodus","image_urls":["https://finds.org.uk/images/fbasford/IOW2007-1-437.JPG"]},{"from":186,"to":189,"title":"BM-AA3304: A coin issued by Commodus","image_urls":["https://finds.org.uk/images/vdrost/BM_AA3304_R.JPG"]},{"from":186,"to":187,"title":"PUBLIC-E4E001: A coin issued by Commodus","image_urls":["https://finds.org.uk/images/calow1/FLE13.439.JPG"]},{"from":186,"to":187,"title":"LIN-BF9C18: A coin issued by Commodus","image_urls":["https://finds.org.uk/images/adaubney/LIN7460.jpg"]},{"from":186,"to":189,"title":"CORN-CB8894: A coin issued by Commodus","image_urls":["https://finds.org.uk/images/atyacke/May15finds061.JPG"]},{"from":186,"to":187,"title":"SUR-27FC43: A coin issued by Commodus","image_urls":["https://finds.org.uk/images/margaretb/14-424.JPG"]},{"from":186,"to":189,"title":"CORN-C3AB7D: A coin issued by Commodus","image_urls":["https://finds.org.uk/images/atyacke/Sep2014finds044.JPG"]},{"from":186,"to":187,"title":"LANCUM-6F2500: A coin issued by Commodus","image_urls":["https://finds.org.uk/images/dboughton/THTT6F2500.jpg"]},{"from":186,"to":188,"title":"IOW-19F400: A coin issued by Commodus","image_urls":["https://finds.org.uk/images/fbasford/IOW2008-1-536.JPG"]},{"from":186,"to":189,"title":"IOW-020994: A coin issued by Commodus","image_urls":["https://finds.org.uk/images/fbasford/IOW2010-2-86.JPG"]},{"from":186,"to":187,"title":"DUR-C3AB36: A coin issued by Commodus under Marcus Aurelius","image_urls":["https://finds.org.uk/images/a8622912/DUR-C3AB36%20Roman%20Sestertius.jpg"]},{"from":186,"to":187,"title":"HAMP1742: A coin issued by Commodus","image_urls":["https://finds.org.uk/images/sworrell/hamp%201742a.JPG"]},{"from":186,"to":186,"title":"WILT-4E6376: A coin issued by Commodus","image_urls":["https://finds.org.uk/images/khinds/Norgan0108coin.jpg"]},{"from":186,"to":186,"title":"LIN-71F581: A coin issued by Commodus","image_urls":["https://finds.org.uk/images/adaubney/LIN2012-339.jpg"]},{"from":186,"to":189,"title":"SUSS-B326A1: A coin issued by Commodus","image_urls":["https://finds.org.uk/images/lburnett/SUSS-B326A1.JPG"]},{"from":186,"to":189,"title":"NARC-D96FC3: A coin issued by Commodus","image_urls":["https://finds.org.uk/images/rwebley/NARC-D96FC3Commodussestertiusobv.JPG"]},{"from":186,"to":186,"title":"DENO-42A190: A coin issued by Commodus","image_urls":["https://finds.org.uk/images/ratherton/E6247%20hancock%20a%20broken%20den.JPG"]},{"from":186,"to":188,"title":"CORN-47A653: A coin issued by Commodus","image_urls":["https://finds.org.uk/images/atyacke/Nov08coins%20003.jpg"]},{"from":186,"to":192,"title":"DEV-0395D2: A coin issued by Commodus","image_urls":["https://finds.org.uk/images/dwootton/DEV-0395D2%20Roman%20sestertius%20of%20Commodus.jpg"]},{"from":186,"to":187,"title":"PUBLIC-5562C5: A coin issued by Commodus","image_urls":["https://finds.org.uk/images/fisher1266x/Commodus%20Denarius.jpg"]},{"from":186,"to":187,"title":"IOW-8C2822: A coin issued by Commodus","image_urls":["https://finds.org.uk/images/fbasford/IOW2010-2-32.JPG"]},{"from":186,"to":187,"title":"PUBLIC-02D4D9: A coin issued by Commodus","image_urls":["https://finds.org.uk/images/alancharman67/PUBLIC-02D4D9.jpg"]},{"from":186,"to":187,"title":"WMID-0A8A35: A coin issued by Commodus","image_urls":["https://finds.org.uk/images/tgilmore/WMID-0A8A35.jpg"]},{"from":186,"to":189,"title":"WMID-871867: A coin issued by Commodus","image_urls":["https://finds.org.uk/images/tgilmore/WMID-871867.jpg"]},{"from":186,"to":187,"title":"NMGW-09AF76: A coin issued by Commodus","image_urls":["https://finds.org.uk/images/rbattye/2005.181.3.jpg"]},{"from":186,"to":187,"title":"ESS-D91314: A coin issued by Commodus","image_urls":["https://finds.org.uk/images/lmclean/ESS-D91314.jpg"]},{"from":186,"to":189,"title":"BH-96F084: A coin issued by Commodus","image_urls":["https://finds.org.uk/images/jwatters/Roman_coin_08_47_38d.jpg"]},{"from":186,"to":187,"title":"YORYM-5E932E: A coin issued by Commodus","image_urls":["https://finds.org.uk/images/bmorris/WSB0100.jpg"]},{"from":186,"to":187,"title":"DENO-EBDE65: A coin issued by Commodus","image_urls":["https://finds.org.uk/images/cburrill2/E7696_RomDenarius.jpg"]},{"from":186,"to":186,"title":"DOR-732307: A coin issued by Commodus","image_urls":["https://finds.org.uk/images/caht/732307.jpg"]},{"from":186,"to":189,"title":"BH-B31583: A coin issued by Commodus","image_urls":["https://finds.org.uk/images/jwatters/Roman_coin_13_8_27.jpg"]},{"from":186,"to":188,"title":"FAPJW-644827: A coin issued by Commodus","image_urls":["https://finds.org.uk/images/pwalton/5342.jpg"]},{"from":186,"to":186,"title":"HAMP-443495: A coin issued by Commodus","image_urls":["https://finds.org.uk/images/rwebley/HAMP-443495Commodusdupondius.jpg"]},{"from":186,"to":187,"title":"BH-336DC6: A coin issued by Commodus","image_urls":["https://finds.org.uk/images/jwatters/Roman%20coin%2008%20119%20-%201.jpg"]},{"from":186,"to":187,"title":"BH-CD6644: A coin issued by Commodus","image_urls":["https://finds.org.uk/images/jwatters/Roman%20coin%2009%2065%20-%2034.jpg"]},{"from":186,"to":186,"title":"SUR-687812: A coin issued by Commodus","image_urls":["https://finds.org.uk/images/dwilliams/B15371.JPG"]},{"from":186,"to":189,"title":"IOW-495727: A coin issued by Commodus","image_urls":["https://finds.org.uk/images/fbasford/IOW2010-6-25.JPG"]},{"from":186,"to":187,"title":"BUC-669311: A coin issued by Commodus","image_urls":["https://finds.org.uk/images/Helen Low/2DSCN5889.JPG"]},{"from":186,"to":187,"title":"RIC III Commodus 506. 1955.18.13","image_urls":["http://numismatics.org/collectionimages/19501999/1955/1955.18.13.rev.width350.jpg"]},{"from":186,"to":187,"title":"RIC III Commodus 146. 1956.127.1182","image_urls":["http://numismatics.org/collectionimages/19501999/1956/1956.127.1182.rev.width350.jpg"]},{"from":186,"to":189,"title":"RIC III Commodus 191A. 1995.11.306","image_urls":["http://numismatics.org/collectionimages/19501999/1995/1995.11.306.rev.width350.jpg"]},{"from":186,"to":191,"title":"Bronze As of Commodus, Rome, AD 186 - AD 191. 0000.999.21870","image_urls":["http://numismatics.org/collectionimages/00001899/0000/0000.999.21870.rev.width350.jpg"]},{"from":186,"to":187,"title":"Bronze Diobol of Commodus, Alexandreia, AD 186 - AD 187. 1944.100.61911","image_urls":["http://numismatics.org/collectionimages/19001949/1944/1944.100.61911.rev.width350.jpg"]},{"from":186,"to":187,"title":"RIC III Commodus 146. 1995.11.311","image_urls":["http://numismatics.org/collectionimages/19501999/1995/1995.11.311.rev.width350.jpg"]},{"from":186,"to":187,"title":"RIC III Commodus 500. 1944.100.49753","image_urls":["http://numismatics.org/collectionimages/19001949/1944/1944.100.49753.rev.width350.jpg"]},{"from":186,"to":187,"title":"RIC III Commodus 152. 1956.127.1185","image_urls":["http://numismatics.org/collectionimages/19501999/1956/1956.127.1185.rev.width350.jpg"]},{"from":186,"to":187,"title":"RIC III Commodus 157. 1987.26.180","image_urls":["http://numismatics.org/collectionimages/19501999/1987/1987.26.180.rev.width350.jpg"]},{"from":186,"to":187,"title":"RIC III Commodus 160. 1947.50.29","image_urls":["http://numismatics.org/collectionimages/19001949/1947/1947.50.29.rev.width350.jpg"]},{"from":186,"to":189,"title":"RIC III Commodus 548. 1944.100.49756","image_urls":["http://numismatics.org/collectionimages/19001949/1944/1944.100.49756.rev.width350.jpg"]},{"from":186,"to":189,"title":"RIC III Commodus 548. 1949.19.4","image_urls":["http://numismatics.org/collectionimages/19001949/1949/1949.19.4.rev.width350.jpg"]},{"from":186,"to":191,"title":"Bronze Sestertius of Commodus, Rome, AD 186 - AD 191. 1948.8.176","image_urls":["http://numismatics.org/collectionimages/19001949/1948/1948.8.176.rev.width350.jpg"]},{"from":186,"to":187,"title":"RIC III Commodus 493. 0000.999.21174","image_urls":["http://numismatics.org/collectionimages/00001899/0000/0000.999.21174.rev.width350.jpg"]},{"from":186,"to":187,"title":"RIC III Commodus 501. 1944.100.49752","image_urls":["http://numismatics.org/collectionimages/19001949/1944/1944.100.49752.rev.width350.jpg"]},{"from":186,"to":187,"title":"RIC III Commodus 160. 1944.100.49693","image_urls":["http://numismatics.org/collectionimages/19001949/1944/1944.100.49693.rev.width350.jpg"]},{"from":186,"to":189,"title":"RIC III Commodus 192. 1944.100.49695","image_urls":["http://numismatics.org/collectionimages/19001949/1944/1944.100.49695.rev.width350.jpg"]},{"from":186,"to":187,"title":"RIC III Commodus 159. 1944.100.49692","image_urls":["http://numismatics.org/collectionimages/19001949/1944/1944.100.49692.rev.width350.jpg"]},{"from":186,"to":187,"title":"RIC III Commodus 150A. 1944.100.49689","image_urls":["http://numismatics.org/collectionimages/19001949/1944/1944.100.49689.rev.width350.jpg"]},{"from":186,"to":187,"title":"Billon Tetradrachm of Commodus, Alexandreia, AD 186 - AD 187. 1944.100.61829","image_urls":["http://numismatics.org/collectionimages/19001949/1944/1944.100.61829.rev.width350.jpg"]},{"from":186,"to":191,"title":"Bronze Sestertius of Commodus, Rome, AD 186 - AD 191. 1906.236.469","image_urls":["http://numismatics.org/collectionimages/19001949/1906/1906.236.469.rev.width350.jpg"]},{"from":186,"to":187,"title":"RIC III Commodus 500. 1944.100.50020","image_urls":["http://numismatics.org/collectionimages/19001949/1944/1944.100.50020.rev.width350.jpg"]},{"from":186,"to":187,"title":"RIC III Commodus 146. 1956.127.1181","image_urls":["http://numismatics.org/collectionimages/19501999/1956/1956.127.1181.rev.width350.jpg"]},{"from":186,"to":191,"title":"Bronze Sestertius of Commodus, Rome, AD 186 - AD 191. 1944.100.49781","image_urls":["http://numismatics.org/collectionimages/19001949/1944/1944.100.49781.rev.width350.jpg"]},{"from":186,"to":187,"title":"RIC III Commodus 505. 1944.100.49754","image_urls":["http://numismatics.org/collectionimages/19001949/1944/1944.100.49754.rev.width350.jpg"]},{"from":186,"to":187,"title":"RIC III Commodus 155 (denarius). 1956.127.1186","image_urls":["http://numismatics.org/collectionimages/19501999/1956/1956.127.1186.rev.width350.jpg"]},{"from":186,"to":187,"title":"RIC III Commodus 493. 1995.11.301","image_urls":["http://numismatics.org/collectionimages/19501999/1995/1995.11.301.rev.width350.jpg"]},{"from":186,"to":187,"title":"RIC III Commodus 505. 0000.999.21175","image_urls":["http://numismatics.org/collectionimages/00001899/0000/0000.999.21175.rev.width350.jpg"]},{"from":186,"to":191,"title":"Bronze Dupondius of Commodus, Rome, AD 186 - AD 191. 1906.236.468","image_urls":["http://numismatics.org/collectionimages/19001949/1906/1906.236.468.rev.width350.jpg"]},{"from":186,"to":187,"title":"RIC III Commodus 155 (denarius). 1956.127.1187","image_urls":["http://numismatics.org/collectionimages/19501999/1956/1956.127.1187.rev.width350.jpg"]},{"from":186,"to":187,"title":"RIC III Commodus 160. 1995.11.316","image_urls":["http://numismatics.org/collectionimages/19501999/1995/1995.11.316.rev.width350.jpg"]},{"from":186,"to":187,"title":"RIC III Commodus 157. 1960.170.377","image_urls":["http://numismatics.org/collectionimages/19501999/1960/1960.170.377.rev.width350.jpg"]},{"from":186,"to":187,"title":"Billon Tetradrachm of Commodus, Alexandreia, AD 186 - AD 187. 1944.100.61828","image_urls":["http://numismatics.org/collectionimages/19001949/1944/1944.100.61828.rev.width350.jpg"]},{"from":186,"to":187,"title":"RIC III Commodus 161. 1956.127.1189","image_urls":["http://numismatics.org/collectionimages/19501999/1956/1956.127.1189.rev.width350.jpg"]},{"from":186,"to":187,"title":"RIC III Commodus 157. 1944.100.49691","image_urls":["http://numismatics.org/collectionimages/19001949/1944/1944.100.49691.rev.width350.jpg"]},{"from":186,"to":189,"title":"RIC III Commodus 193. 1956.127.1190","image_urls":["http://numismatics.org/collectionimages/19501999/1956/1956.127.1190.rev.width350.jpg"]},{"from":186,"to":187,"title":"RIC III Commodus 152. 1956.127.1184","image_urls":["http://numismatics.org/collectionimages/19501999/1956/1956.127.1184.rev.width350.jpg"]},{"from":186,"to":191,"title":"Bronze As of Commodus, Rome, AD 186 - AD 191. 1944.100.50017","image_urls":["http://numismatics.org/collectionimages/19001949/1944/1944.100.50017.rev.width350.jpg"]},{"from":186,"to":187,"title":"RIC III Commodus 161. 1944.100.49694","image_urls":["http://numismatics.org/collectionimages/19001949/1944/1944.100.49694.rev.width350.jpg"]},{"from":186,"to":187,"title":"RIC III Commodus 501. 0000.999.21869","image_urls":["http://numismatics.org/collectionimages/00001899/0000/0000.999.21869.rev.width350.jpg"]},{"from":186,"to":189,"title":"RIC III Commodus 548. 1906.236.445","image_urls":["http://numismatics.org/collectionimages/19001949/1906/1906.236.445.rev.width350.jpg"]},{"from":186,"to":187,"title":"RIC III Commodus 506. 1989.11.5","image_urls":["http://numismatics.org/collectionimages/19501999/1989/1989.11.5.rev.width350.jpg"]},{"from":186,"to":187,"title":"RIC III Commodus 150. 1997.122.3","image_urls":["http://numismatics.org/collectionimages/19501999/1997/1997.122.3.rev.width350.jpg"]},{"from":186,"to":191,"title":"Bronze Sestertius of Commodus, Rome, AD 186 - AD 191. 1944.100.49782","image_urls":["http://numismatics.org/collectionimages/19001949/1944/1944.100.49782.rev.width350.jpg"]},{"from":186,"to":189,"title":"RIC III Commodus 547. 1944.100.49755","image_urls":["http://numismatics.org/collectionimages/19001949/1944/1944.100.49755.rev.width350.jpg"]},{"from":186,"to":187,"title":"RIC III Commodus 498. 1995.11.323","image_urls":["http://numismatics.org/collectionimages/19501999/1995/1995.11.323.rev.width350.jpg"]},{"from":186,"to":187,"title":"RIC III Commodus 146. 1944.100.49688","image_urls":["http://numismatics.org/collectionimages/19001949/1944/1944.100.49688.rev.width350.jpg"]},{"from":186,"to":189,"title":"RIC III Commodus 194. 1944.100.49696","image_urls":["http://numismatics.org/collectionimages/19001949/1944/1944.100.49696.rev.width350.jpg"]},{"from":186,"to":187,"title":"RIC III Commodus 491. 1946.7.24","image_urls":["http://numismatics.org/collectionimages/19001949/1946/1946.7.24.rev.width350.jpg"]},{"from":186,"to":189,"title":"RIC III Commodus 550. 1980.187.26","image_urls":["http://numismatics.org/collectionimages/19501999/1980/1980.187.26.rev.width350.jpg"]},{"from":186,"to":187,"title":"RIC III Commodus 499. 1944.100.49751","image_urls":["http://numismatics.org/collectionimages/19001949/1944/1944.100.49751.rev.width350.jpg"]},{"from":186,"to":187,"title":"RIC III Commodus 150A. 1956.127.1183","image_urls":["http://numismatics.org/collectionimages/19501999/1956/1956.127.1183.rev.width350.jpg"]},{"from":186,"to":187,"title":"RIC III Commodus 155 (denarius). 1948.19.1388","image_urls":["http://numismatics.org/collectionimages/19001949/1948/1948.19.1388.rev.width350.jpg"]},{"from":186,"to":187,"title":"RIC III Commodus 155 (denarius). 1944.100.49690","image_urls":["http://numismatics.org/collectionimages/19001949/1944/1944.100.49690.rev.width350.jpg"]},{"from":186,"to":187,"title":"Silver Tetradrachm, Seleuceia ad Tigrim, AD 186 - AD 187. 1944.100.83439","image_urls":["http://numismatics.org/collectionimages/19001949/1944/1944.100.83439.rev.width350.jpg"]},{"from":186,"to":187,"title":"RIC III Commodus 150A. 1911.105.506","image_urls":["http://numismatics.org/collectionimages/19001949/1911/1911.105.506.rev.width350.jpg"]},{"from":186,"to":187,"title":"RIC III Commodus 152. 1995.11.307","image_urls":["http://numismatics.org/collectionimages/19501999/1995/1995.11.307.rev.width350.jpg"]},{"from":186,"to":187,"title":"RIC III Commodus 505. 1995.11.100","image_urls":["http://numismatics.org/collectionimages/19501999/1995/1995.11.100.rev.width350.jpg"]}]