[{"from":187,"to":188,"title":"BERK-6D21A8: A coin issued by Commodus","image_urls":["https://finds.org.uk/images/abyard/2013941.jpg"]},{"from":187,"to":188,"title":"YORYM-48AFE5: A coin issued by Commodus","image_urls":["https://finds.org.uk/images/rebeccam/JCY0002.jpg"]},{"from":187,"to":188,"title":"BH-C04597: A coin issued by Commodus","image_urls":["https://finds.org.uk/images/jwatters/Roman_coin_11_43_5.jpg"]},{"from":187,"to":188,"title":"HESH-1B1BF3: A coin issued by Commodus","image_urls":["https://finds.org.uk/images/preavill/HESH-1B1BF3.jpg"]},{"from":187,"to":188,"title":"HAMP-D70C57: A coin issued by Commodus","image_urls":["https://finds.org.uk/images/rwebley/HAMP-D70C57Commodussestertius.jpg"]},{"from":187,"to":188,"title":"BM-782A91: A coin issued by Commodus","image_urls":["https://finds.org.uk/images/jasonlundock/5508.jpg"]},{"from":187,"to":188,"title":"WMID-8A8E02: A coin issued by Commodus","image_urls":["https://finds.org.uk/images/cjohnson/D%20Twigg%20-%20Commodus%20obv.jpg"]},{"from":187,"to":187,"title":"SUR-5DDF65: A coin issued by Commodus","image_urls":["https://finds.org.uk/images/margaretb/11-949.jpg"]},{"from":187,"to":188,"title":"CAM-2EDF46: A coin issued by Commodus","image_urls":["https://finds.org.uk/images/hfowler/CAM-2EDF46.jpg"]},{"from":187,"to":188,"title":"WMID-40BDD6: A coin issued by Commodus","image_urls":["https://finds.org.uk/images/eloisemarkwick/WMID-40BDD6.jpg"]},{"from":187,"to":188,"title":"SWYOR-3A0D83: A coin issued by Commodus","image_urls":["https://finds.org.uk/images/mblevins/PAS_1574_broken_denarius.jpg"]},{"from":187,"to":188,"title":"RIC III Commodus 168b. 1995.11.312","image_urls":["http://numismatics.org/collectionimages/19501999/1995/1995.11.312.rev.width350.jpg"]},{"from":187,"to":188,"title":"Silver Denarius of Commodus, Rome, AD 187 - AD 188. 1948.19.1390","image_urls":["http://numismatics.org/collectionimages/19001949/1948/1948.19.1390.rev.width350.jpg"]},{"from":187,"to":188,"title":"RIC III Commodus 168a. 1956.127.1188","image_urls":["http://numismatics.org/collectionimages/19501999/1956/1956.127.1188.rev.width350.jpg"]},{"from":187,"to":188,"title":"RIC III Commodus 167 (denarius). 0000.999.21168","image_urls":["http://numismatics.org/collectionimages/00001899/0000/0000.999.21168.rev.width350.jpg"]},{"from":187,"to":188,"title":"RIC III Commodus 166a. 1948.19.1389","image_urls":["http://numismatics.org/collectionimages/19001949/1948/1948.19.1389.rev.width350.jpg"]},{"from":187,"to":188,"title":"Billon Tetradrachm of Commodus, Alexandreia, AD 187 - AD 188. 1944.100.61836","image_urls":["http://numismatics.org/collectionimages/19001949/1944/1944.100.61836.rev.width350.jpg"]},{"from":187,"to":188,"title":"RIC III Commodus 167 (denarius). 1956.127.1193","image_urls":["http://numismatics.org/collectionimages/19501999/1956/1956.127.1193.rev.width350.jpg"]},{"from":187,"to":188,"title":"RIC III Commodus 518. 1944.100.49758","image_urls":["http://numismatics.org/collectionimages/19001949/1944/1944.100.49758.rev.width350.jpg"]},{"from":187,"to":188,"title":"RIC III Commodus 164 (denarius). 1960.170.378","image_urls":["http://numismatics.org/collectionimages/19501999/1960/1960.170.378.rev.width350.jpg"]},{"from":187,"to":188,"title":"RIC III Commodus 164 (denarius). 1956.127.1192","image_urls":["http://numismatics.org/collectionimages/19501999/1956/1956.127.1192.rev.width350.jpg"]},{"from":187,"to":188,"title":"RIC III Commodus 169. 1987.26.181","image_urls":["http://numismatics.org/collectionimages/19501999/1987/1987.26.181.rev.width350.jpg"]},{"from":187,"to":188,"title":"RIC III Commodus 512. 1906.236.447","image_urls":["http://numismatics.org/collectionimages/19001949/1906/1906.236.447.rev.width350.jpg"]},{"from":187,"to":188,"title":"RIC III Commodus 512. 1929.66.17","image_urls":["http://numismatics.org/collectionimages/19001949/1929/1929.66.17.rev.width350.jpg"]},{"from":187,"to":188,"title":"RIC III Commodus 169. 1987.26.182","image_urls":["http://numismatics.org/collectionimages/19501999/1987/1987.26.182.rev.width350.jpg"]},{"from":187,"to":188,"title":"RIC III Commodus 513. 1944.100.49757","image_urls":["http://numismatics.org/collectionimages/19001949/1944/1944.100.49757.rev.width350.jpg"]},{"from":187,"to":188,"title":"Bronze Diobol of Commodus, Alexandreia, AD 187 - AD 188. 1944.100.61912","image_urls":["http://numismatics.org/collectionimages/19001949/1944/1944.100.61912.rev.width350.jpg"]},{"from":187,"to":188,"title":"RIC III Commodus 169. 1948.19.1391","image_urls":["http://numismatics.org/collectionimages/19001949/1948/1948.19.1391.rev.width350.jpg"]},{"from":187,"to":188,"title":"RIC III Commodus 514. 1995.11.325","image_urls":["http://numismatics.org/collectionimages/19501999/1995/1995.11.325.rev.width350.jpg"]},{"from":187,"to":188,"title":"RIC III Commodus 513. 1980.187.27","image_urls":["http://numismatics.org/collectionimages/19501999/1980/1980.187.27.rev.width350.jpg"]},{"from":187,"to":188,"title":"RIC III Commodus 169. 1944.100.49697","image_urls":["http://numismatics.org/collectionimages/19001949/1944/1944.100.49697.rev.width350.jpg"]},{"from":187,"to":188,"title":"RIC III Commodus 167 (denarius). 1995.11.310","image_urls":["http://numismatics.org/collectionimages/19501999/1995/1995.11.310.rev.width350.jpg"]},{"from":187,"to":188,"title":"Silver Tetradrachm, Seleuceia ad Tigrim, AD 187 - AD 188. 1944.100.83440","image_urls":["http://numismatics.org/collectionimages/19001949/1944/1944.100.83440.rev.width350.jpg"]},{"from":187,"to":188,"title":"RIC III Commodus 513. 1995.11.321","image_urls":["http://numismatics.org/collectionimages/19501999/1995/1995.11.321.rev.width350.jpg"]},{"from":187,"to":189,"title":"Bronze Coin, Tyre, AD 187 - AD 189. 1944.100.73078","image_urls":["http://numismatics.org/collectionimages/19001949/1944/1944.100.73078.rev.width350.jpg"]},{"from":187,"to":188,"title":"RIC III Commodus 164 (denarius). 1956.127.1191","image_urls":["http://numismatics.org/collectionimages/19501999/1956/1956.127.1191.rev.width350.jpg"]},{"from":187,"to":188,"title":"RIC III Commodus 512. 1906.236.446","image_urls":["http://numismatics.org/collectionimages/19001949/1906/1906.236.446.rev.width350.jpg"]},{"from":187,"to":188,"title":"RIC III Commodus 169. 1956.127.1194","image_urls":["http://numismatics.org/collectionimages/19501999/1956/1956.127.1194.rev.width350.jpg"]}]