[{"from":188,"to":189,"title":"NCL-078284: A coin issued by Commodus","image_urls":["https://finds.org.uk/images/pwalton/579.jpg"]},{"from":188,"to":189,"title":"GLO-8F0332: A coin issued by Caracalla","image_urls":["https://finds.org.uk/images/dchorney/2Caracalla.jpg"]},{"from":188,"to":189,"title":"CORN-A47FF3: A coin issued by Commodus","image_urls":["https://finds.org.uk/images/atyacke/Feb13finds05.JPG"]},{"from":188,"to":217,"title":"DUR-624400: A coin issued by Caracalla","image_urls":["https://finds.org.uk/images/emorris/DUR-624400.jpg"]},{"from":188,"to":189,"title":"HESH-D1CA05: A coin issued by Commodus","image_urls":["https://finds.org.uk/images/preavill/HESH-D1CA05.jpg"]},{"from":188,"to":189,"title":"LIN-DBED14: A coin issued by Commodus","image_urls":["https://finds.org.uk/images/adaubney/LIN8425.JPG"]},{"from":188,"to":189,"title":"BH-166020: A coin issued by Commodus","image_urls":["https://finds.org.uk/images/jwatters/Roman_coin_11_128_3.jpg"]},{"from":188,"to":189,"title":"FASAM-2A0142: A coin issued by Commodus","image_urls":["https://finds.org.uk/images/sam/Roman%20Coin%20-%20Commodus%20sesterius%20177-192.jpg"]},{"from":188,"to":189,"title":"BH-9D7926: A coin issued by Commodus","image_urls":["https://finds.org.uk/images/laural/Roman%20coin%2007%2077%20-%2051.jpg"]},{"from":188,"to":189,"title":"BH-692F46: A coin issued by Commodus","image_urls":["https://finds.org.uk/images/jwatters/Hruzack%20011.jpg"]},{"from":188,"to":188,"title":"SUR-F82825: A coin issued by Commodus","image_urls":["https://finds.org.uk/images/dwilliams/07.252.JPG"]},{"from":188,"to":189,"title":"YORYM-E20542: A coin issued by Commodus","image_urls":["https://finds.org.uk/images/law/AU0008.jpg"]},{"from":188,"to":189,"title":"BH-645D85: A coin issued by Commodus","image_urls":["https://finds.org.uk/images/jwatters/Hruzack%20005.jpg"]},{"from":188,"to":188,"title":"SUR-9082B8: A coin issued by Commodus","image_urls":["https://finds.org.uk/images/dwilliams/B13-411.JPG"]},{"from":188,"to":189,"title":"ESS-A82203: A coin issued by Commodus","image_urls":["https://finds.org.uk/images/kmarsden/ESS-A82203.jpg"]},{"from":188,"to":217,"title":"NARC-0EE293: A coin issued by Caracalla","image_urls":["https://finds.org.uk/images/jcassidy/NARC-0EE293%20b.jpg"]},{"from":188,"to":189,"title":"FAPJW-BB36D2: A coin issued by Commodus","image_urls":["https://finds.org.uk/images/pwalton/5292ai.jpg"]},{"from":188,"to":189,"title":"BM-9F0C24: A coin issued by Commodus","image_urls":["https://finds.org.uk/images/jasonlundock/BM-9F0C24.jpg"]},{"from":188,"to":189,"title":"RIC III Commodus 173. 1956.127.1197","image_urls":["http://numismatics.org/collectionimages/19501999/1956/1956.127.1197.rev.width350.jpg"]},{"from":188,"to":189,"title":"RIC III Commodus 176. 1974.95.229","image_urls":["http://numismatics.org/collectionimages/19501999/1974/1974.95.229.rev.width350.jpg"]},{"from":188,"to":189,"title":"Silver Tetradrachm, Seleuceia ad Tigrim, AD 188 - AD 189. 1944.100.83441","image_urls":["http://numismatics.org/collectionimages/19001949/1944/1944.100.83441.rev.width350.jpg"]},{"from":188,"to":189,"title":"RIC III Commodus 176. 1956.127.1200","image_urls":["http://numismatics.org/collectionimages/19501999/1956/1956.127.1200.rev.width350.jpg"]},{"from":188,"to":189,"title":"RIC III Commodus 540. 1992.52.12","image_urls":["http://numismatics.org/collectionimages/19501999/1992/1992.52.12.rev.width350.jpg"]},{"from":188,"to":189,"title":"RIC III Commodus 524. 1944.100.49759","image_urls":["http://numismatics.org/collectionimages/19001949/1944/1944.100.49759.rev.width350.jpg"]},{"from":188,"to":189,"title":"RIC III Commodus 175. 1944.100.49698","image_urls":["http://numismatics.org/collectionimages/19001949/1944/1944.100.49698.rev.width350.jpg"]},{"from":188,"to":189,"title":"RIC III Commodus 540. 0000.999.21177","image_urls":["http://numismatics.org/collectionimages/00001899/0000/0000.999.21177.rev.width350.jpg"]},{"from":188,"to":189,"title":"RIC III Commodus 175. 1948.19.1392","image_urls":["http://numismatics.org/collectionimages/19001949/1948/1948.19.1392.rev.width350.jpg"]},{"from":188,"to":189,"title":"Bronze Diobol of Commodus, Alexandreia, AD 188 - AD 189. 1944.100.61913","image_urls":["http://numismatics.org/collectionimages/19001949/1944/1944.100.61913.rev.width350.jpg"]},{"from":188,"to":189,"title":"RIC III Commodus 523. 0000.999.21176","image_urls":["http://numismatics.org/collectionimages/00001899/0000/0000.999.21176.rev.width350.jpg"]},{"from":188,"to":189,"title":"RIC III Commodus 529. 1980.187.29","image_urls":["http://numismatics.org/collectionimages/19501999/1980/1980.187.29.rev.width350.jpg"]},{"from":188,"to":189,"title":"RIC III Commodus 528. 1944.100.49760","image_urls":["http://numismatics.org/collectionimages/19001949/1944/1944.100.49760.rev.width350.jpg"]},{"from":188,"to":189,"title":"RIC III Commodus 175. 0000.999.21169","image_urls":["http://numismatics.org/collectionimages/00001899/0000/0000.999.21169.rev.width350.jpg"]},{"from":188,"to":189,"title":"RIC III Commodus 173. 1956.127.1195","image_urls":["http://numismatics.org/collectionimages/19501999/1956/1956.127.1195.rev.width350.jpg"]},{"from":188,"to":189,"title":"RIC III Commodus 529. 1995.11.96","image_urls":["http://numismatics.org/collectionimages/19501999/1995/1995.11.96.rev.width350.jpg"]},{"from":188,"to":189,"title":"RIC III Commodus 176. 1956.127.1199","image_urls":["http://numismatics.org/collectionimages/19501999/1956/1956.127.1199.rev.width350.jpg"]},{"from":188,"to":189,"title":"RIC III Commodus 527. 1906.236.448","image_urls":["http://numismatics.org/collectionimages/19001949/1906/1906.236.448.rev.width350.jpg"]},{"from":188,"to":189,"title":"Billon Tetradrachm of Commodus, Alexandreia, AD 188 - AD 189. 1974.26.3917","image_urls":["http://numismatics.org/collectionimages/19501999/1974/1974.26.3917.rev.width350.jpg"]},{"from":188,"to":189,"title":"RIC III Commodus 179. 1944.100.49699","image_urls":["http://numismatics.org/collectionimages/19001949/1944/1944.100.49699.rev.width350.jpg"]},{"from":188,"to":189,"title":"RIC III Commodus 175. 1956.127.1198","image_urls":["http://numismatics.org/collectionimages/19501999/1956/1956.127.1198.rev.width350.jpg"]},{"from":188,"to":189,"title":"RIC III Commodus 527. 1980.187.28","image_urls":["http://numismatics.org/collectionimages/19501999/1980/1980.187.28.rev.width350.jpg"]},{"from":188,"to":189,"title":"RIC III Commodus 179. 1956.127.1201","image_urls":["http://numismatics.org/collectionimages/19501999/1956/1956.127.1201.rev.width350.jpg"]},{"from":188,"to":189,"title":"RIC III Commodus 173. 1956.127.1196","image_urls":["http://numismatics.org/collectionimages/19501999/1956/1956.127.1196.rev.width350.jpg"]}]