[{"from":189,"to":189,"title":"NLM-9DCD03: A coin issued by Commodus","image_urls":["https://finds.org.uk/images/lstaves/NLM13258.jpg"]},{"from":189,"to":189,"title":"YORYM-9E35C7: A coin issued by Commodus","image_urls":["https://finds.org.uk/images/bmorris/BL1086.jpg"]},{"from":189,"to":189,"title":"BH-715E84: A coin issued by Commodus","image_urls":["https://finds.org.uk/images/jwatters/Roman_coin_14_97_1.jpg"]},{"from":189,"to":189,"title":"WILT-8DFE23: A coin issued by Commodus","image_urls":["https://finds.org.uk/images/rhenry2/WILT-8DFE23.jpg"]},{"from":189,"to":189,"title":"HAMP-C06B46: A coin issued by Commodus","image_urls":["https://finds.org.uk/images/rwebley/HAMP-C06B46Commodussestertius.jpg"]},{"from":189,"to":189,"title":"YORYM-E986C2: A coin issued by Commodus","image_urls":["https://finds.org.uk/images/law/TLC0174.jpg"]},{"from":189,"to":189,"title":"BH-8A0C72: A coin issued by Commodus","image_urls":["https://finds.org.uk/images/jwatters/Roman%20coin%2010%2032.jpg"]},{"from":189,"to":189,"title":"DENO-129603: A coin issued by Commodus","image_urls":["https://finds.org.uk/images/cburrill2/E6945_Commodus_Mars_Denarius_.jpg"]},{"from":189,"to":189,"title":"NCL-12E7E7: A coin issued by Commodus","image_urls":["https://finds.org.uk/images/pwalton/NCL12e7e7.jpg"]},{"from":189,"to":192,"title":"SUSS-16C490: A coin issued by Commodus","image_urls":["https://finds.org.uk/images/lwalker/1-205h.jpg"]},{"from":189,"to":189,"title":"YORYM-A73E74: A coin issued by Commodus","image_urls":["https://finds.org.uk/images/yorkvol/BRO556.jpg"]},{"from":189,"to":190,"title":"LEIC-54BCA8: A coin issued by Commodus","image_urls":["https://finds.org.uk/images/philharding/CAD2385c.jpg"]},{"from":189,"to":190,"title":"Bronze Diobol of Commodus, Alexandreia, AD 189 - AD 190. 1944.100.61914","image_urls":["http://numismatics.org/collectionimages/19001949/1944/1944.100.61914.rev.width350.jpg"]},{"from":189,"to":190,"title":"Billon Tetradrachm of Commodus, Alexandreia, AD 189 - AD 190. 1944.100.61873","image_urls":["http://numismatics.org/collectionimages/19001949/1944/1944.100.61873.rev.width350.jpg"]},{"from":189,"to":190,"title":"Silver Tetradrachm, Seleuceia ad Tigrim, AD 189 - AD 190. 1944.100.83442","image_urls":["http://numismatics.org/collectionimages/19001949/1944/1944.100.83442.rev.width350.jpg"]}]