[{"from":19,"to":21,"title":"RIC I (second edition) Tiberius 90. 1944.100.39303","image_urls":["http://numismatics.org/collectionimages/19001949/1944/1944.100.39303.rev.width350.jpg"]},{"from":19,"to":21,"title":"RIC I (second edition) Tiberius 90. 1971.203.7","image_urls":["http://numismatics.org/collectionimages/19501999/1971/1971.203.7.rev.width350.jpg"]},{"from":19,"to":21,"title":"RIC I (second edition) Tiberius 90. 1944.100.39301","image_urls":["http://numismatics.org/collectionimages/19001949/1944/1944.100.39301.rev.width350.jpg"]},{"from":19,"to":21,"title":"RIC I (second edition) Tiberius 90. 1948.19.1045","image_urls":["http://numismatics.org/collectionimages/19001949/1948/1948.19.1045.rev.width350.jpg"]}]