[{"from":190,"to":192,"title":"SUSS-076026: A coin issued by Commodus","image_urls":["https://finds.org.uk/images/lwilson/1-217z.jpg"]},{"from":190,"to":190,"title":"FAPJW-1E6E14: A coin issued by Commodus","image_urls":["https://finds.org.uk/images/pwalton/FAPJW-1E6E14.jpg"]},{"from":190,"to":190,"title":"ESS-BC7874: A coin issued by Commodus","image_urls":["https://finds.org.uk/images/mdedman/029-C0008.jpg"]},{"from":190,"to":190,"title":"NMGW-B91BE7: A coin issued by Commodus","image_urls":["https://finds.org.uk/images/wenkedomscheit/2014212jpg.jpg"]},{"from":190,"to":191,"title":"PUBLIC-638CE0: A coin issued by Commodus","image_urls":["https://finds.org.uk/images/calow1/FLE12.%20295.JPG"]},{"from":190,"to":190,"title":"BM-7C9140: A coin issued by Commodus","image_urls":["https://finds.org.uk/images/jasonlundock/7.jpg"]},{"from":190,"to":190,"title":"WMID-68B071: A coin issued by Commodus","image_urls":["https://finds.org.uk/images/dslarke/Palmer%20coin%20frag%20copy.jpg"]},{"from":190,"to":191,"title":"NCL-C80222: A coin issued by Commodus","image_urls":["https://finds.org.uk/images/rcollins/IMG_1061.jpg"]},{"from":190,"to":191,"title":"NCL-F833A6: A coin issued by Commodus","image_urls":["https://finds.org.uk/images/rcollins/IMG_5858.jpg"]},{"from":190,"to":210,"title":"LVPL-57F5B7: A coin issued by Septimius Severus","image_urls":["https://finds.org.uk/images/tgilmore/IMG_3607.jpg"]},{"from":190,"to":191,"title":"NMS-C95AB7: A coin issued by Commodus","image_urls":["https://finds.org.uk/images/amarsden/KLMD042014commodusdeb.jpg"]},{"from":190,"to":191,"title":"LIN-1A36F5: A coin issued by Commodus","image_urls":["https://finds.org.uk/images/becky01/AL490.jpg"]},{"from":190,"to":190,"title":"IOW-0D8CC0: A coin issued by Commodus","image_urls":["https://finds.org.uk/images/fbasford/IOW2010-1-302.JPG"]},{"from":190,"to":192,"title":"SWYOR-164C57: A coin issued by Commodus","image_urls":["https://finds.org.uk/images/acooper/PAS_1181_4.jpg"]},{"from":190,"to":193,"title":"IOW-A1CE45: A coin issued by Crispina","image_urls":["https://finds.org.uk/images/fbasford/IOW2014-1-67.JPG"]},{"from":190,"to":191,"title":"KENT-E143A6: A coin issued by Commodus","image_urls":["https://finds.org.uk/images/eeh7/KENT-E143A6.jpg"]},{"from":190,"to":190,"title":"HAMP2379: A coin issued by Commodus","image_urls":["https://finds.org.uk/images/sworrell/hamp%202379.jpg"]},{"from":190,"to":191,"title":"PUBLIC-A0CED1: A coin issued by Commodus","image_urls":["https://finds.org.uk/images/calow1/FLE14.%20743.JPG"]},{"from":190,"to":191,"title":"PUBLIC-2550E3: A coin issued by Commodus","image_urls":["https://finds.org.uk/images/leicvol/2550E3.jpg"]},{"from":190,"to":190,"title":"CAM-C62740: A coin issued by Commodus","image_urls":["https://finds.org.uk/images/hfowler/CAM-C62740.jpg"]},{"from":190,"to":190,"title":"SOM-8B4222: A coin issued by Commodus","image_urls":["https://finds.org.uk/images/npayne/8B4222.JPG"]},{"from":190,"to":190,"title":"SUSS-9779F5: A coin issued by Commodus","image_urls":["https://finds.org.uk/images/lwilson/SH-125.jpg"]},{"from":190,"to":191,"title":"SUR-6E5142: A coin issued by Commodus","image_urls":["https://finds.org.uk/images/dwilliams/B15781.JPG"]},{"from":190,"to":191,"title":"FASAM-CB48D6: A coin issued by Commodus","image_urls":["https://finds.org.uk/images/sam/ipplepen1004772.jpg"]},{"from":190,"to":190,"title":"SUR-BBB377: A coin issued by Commodus","image_urls":["https://finds.org.uk/images/dwilliams/11-652.jpg"]},{"from":190,"to":190,"title":"HAMP-F3E604: A coin issued by Commodus","image_urls":["https://finds.org.uk/images/rwebley/HAMP-F3E604Commudusdenarius.jpg"]},{"from":190,"to":191,"title":"SUSS-75CBC7: A coin issued by Commodus","image_urls":["https://finds.org.uk/images/corbie01/SUSS-75CBC7CoinSestertius.jpg"]},{"from":190,"to":192,"title":"IOW-637EB1: A coin issued by Commodus","image_urls":["https://finds.org.uk/images/fbasford/IOW2012-1-478.JPG"]},{"from":190,"to":190,"title":"CORN-188748: A coin issued by Commodus","image_urls":["https://finds.org.uk/images/atyacke/july14finds042.JPG"]},{"from":190,"to":190,"title":"HAMP-FFC4C1: A coin issued by Commodus","image_urls":["https://finds.org.uk/images/rhenry/HAMP-FFC4C1.jpg"]},{"from":190,"to":190,"title":"BH-E7B335: A coin issued by Commodus","image_urls":["https://finds.org.uk/images/jwatters/Roman_coin_11_84_2.jpg"]},{"from":190,"to":193,"title":"IOW-6CBAC7: A coin issued by Crispina","image_urls":["https://finds.org.uk/images/fbasford/IOW2012-2-237.JPG"]},{"from":190,"to":190,"title":"DOR-5F5F93: A coin issued by Commodus","image_urls":["https://finds.org.uk/images/caht/5F5F93.jpg"]},{"from":190,"to":211,"title":"YORYM-2589D2: A coin issued by Julia Domna","image_urls":["https://finds.org.uk/images/bmorris/BL1111.jpg"]},{"from":190,"to":191,"title":"LEIC-BF5343: A coin issued by Commodus","image_urls":["https://finds.org.uk/images/wscott/BF5343.JPG"]},{"from":190,"to":191,"title":"SWYOR-908773: A coin issued by Commodus","image_urls":["https://finds.org.uk/images/wakefield/PAS_2141_Commoduscoin.jpg"]},{"from":190,"to":190,"title":"CORN-D33784: A coin issued by Commodus","image_urls":["https://finds.org.uk/images/atyacke/nov13finds36.JPG"]},{"from":190,"to":192,"title":"PUBLIC-A34AD3: A coin issued by Commodus","image_urls":["https://finds.org.uk/images/calow1/FLE13.474.JPG"]},{"from":190,"to":191,"title":"RIC III Commodus 578. 1944.100.49765","image_urls":["http://numismatics.org/collectionimages/19001949/1944/1944.100.49765.rev.width350.jpg"]},{"from":190,"to":191,"title":"RIC III Commodus 583. 1944.100.49768","image_urls":["http://numismatics.org/collectionimages/19001949/1944/1944.100.49768.rev.width350.jpg"]},{"from":190,"to":191,"title":"RIC III Commodus 580. 1955.18.12","image_urls":["http://numismatics.org/collectionimages/19501999/1955/1955.18.12.rev.width350.jpg"]},{"from":190,"to":191,"title":"RIC III Commodus 591a. 1944.100.49769","image_urls":["http://numismatics.org/collectionimages/19001949/1944/1944.100.49769.rev.width350.jpg"]},{"from":190,"to":191,"title":"Bronze Medallion, Rome, AD 190 - AD 191. 1980.29.1","image_urls":["http://numismatics.org/collectionimages/19501999/1980/1980.29.1.rev.width350.jpg"]},{"from":190,"to":191,"title":"Silver Tetradrachm, Seleuceia ad Tigrim, AD 190 - AD 191. 1944.100.83443","image_urls":["http://numismatics.org/collectionimages/19001949/1944/1944.100.83443.rev.width350.jpg"]},{"from":190,"to":191,"title":"RIC III Commodus 583. 1944.100.49767","image_urls":["http://numismatics.org/collectionimages/19001949/1944/1944.100.49767.rev.width350.jpg"]},{"from":190,"to":191,"title":"RIC III Commodus 227. 1905.57.413","image_urls":["http://numismatics.org/collectionimages/19001949/1905/1905.57.413.rev.width350.jpg"]},{"from":190,"to":191,"title":"RIC III Commodus 585. 1944.100.49766","image_urls":["http://numismatics.org/collectionimages/19001949/1944/1944.100.49766.rev.width350.jpg"]}]