[{"from":191,"to":191,"title":"SWYOR-BC3013: A coin issued by Commodus","image_urls":["https://finds.org.uk/images/acooper/PAS_1707_lyre.jpg"]},{"from":191,"to":191,"title":"SUR-7DEE36: A coin issued by Commodus","image_urls":["https://finds.org.uk/images/margaretb/13-1051.JPG"]},{"from":191,"to":191,"title":"SWYOR-73CB85: A coin issued by Commodus","image_urls":["https://finds.org.uk/images/acooper/PAS%20981%20denarius.jpg"]},{"from":191,"to":191,"title":"LEIC-0889F7: A coin issued by Commodus","image_urls":["https://finds.org.uk/images/wscott/0889F7.JPG"]},{"from":191,"to":191,"title":"PUBLIC-A6EE36: A coin issued by Commodus","image_urls":["https://finds.org.uk/images/calow1/FLE12-185.JPG"]},{"from":191,"to":191,"title":"NCL-0083F1: A coin issued by Commodus","image_urls":["https://finds.org.uk/images/pwalton/1001.jpg"]},{"from":191,"to":192,"title":"WILT-0B59A4: A coin issued by Commodus","image_urls":["https://finds.org.uk/images/rhenry2/WILT-0B59A4.jpg"]},{"from":191,"to":192,"title":"Billon Tetradrachm of Commodus, Alexandreia, AD 191 - AD 192. 1974.26.3931","image_urls":["http://numismatics.org/collectionimages/19501999/1974/1974.26.3931.rev.width350.jpg"]},{"from":191,"to":208,"title":"Silver Drachm, Ecbatana, AD 191 - AD 208. 1944.100.83505","image_urls":["http://numismatics.org/collectionimages/19001949/1944/1944.100.83505.rev.width350.jpg"]},{"from":191,"to":192,"title":"RIC III Commodus 261 (denarius). 1944.100.49720","image_urls":["http://numismatics.org/collectionimages/19001949/1944/1944.100.49720.rev.width350.jpg"]},{"from":191,"to":192,"title":"RIC III Commodus 251 (denarius). 1944.100.49717","image_urls":["http://numismatics.org/collectionimages/19001949/1944/1944.100.49717.rev.width350.jpg"]},{"from":191,"to":208,"title":"Silver Drachm, Ecbatana, AD 191 - AD 208. 1944.100.83507","image_urls":["http://numismatics.org/collectionimages/19001949/1944/1944.100.83507.rev.width350.jpg"]},{"from":191,"to":192,"title":"RIC III Commodus 256. 1944.100.49719","image_urls":["http://numismatics.org/collectionimages/19001949/1944/1944.100.49719.rev.width350.jpg"]},{"from":191,"to":208,"title":"Bronze Coin, Ecbatana, AD 191 - AD 208. 1973.56.1711","image_urls":["http://numismatics.org/collectionimages/19501999/1973/1973.56.1711.rev.width350.jpg"]},{"from":191,"to":192,"title":"Billon Tetradrachm of Commodus, Alexandreia, AD 191 - AD 192. 1944.100.61886","image_urls":["http://numismatics.org/collectionimages/19001949/1944/1944.100.61886.rev.width350.jpg"]},{"from":191,"to":192,"title":"RIC III Commodus 261 (denarius). 1944.100.49721","image_urls":["http://numismatics.org/collectionimages/19001949/1944/1944.100.49721.rev.width350.jpg"]},{"from":191,"to":192,"title":"Silver Tetradrachm, Seleuceia ad Tigrim, AD 191 - AD 192. 1944.100.83484","image_urls":["http://numismatics.org/collectionimages/19001949/1944/1944.100.83484.rev.width350.jpg"]},{"from":191,"to":208,"title":"Bronze Coin, Ecbatana, AD 191 - AD 208. 1944.100.83509","image_urls":["http://numismatics.org/collectionimages/19001949/1944/1944.100.83509.rev.width350.jpg"]},{"from":191,"to":192,"title":"RIC III Commodus 255. 1956.127.1232","image_urls":["http://numismatics.org/collectionimages/19501999/1956/1956.127.1232.rev.width350.jpg"]},{"from":191,"to":208,"title":"Bronze Coin, Ecbatana, AD 191 - AD 208. 1973.56.1712","image_urls":["http://numismatics.org/collectionimages/19501999/1973/1973.56.1712.rev.width350.jpg"]},{"from":191,"to":208,"title":"Bronze Coin, Ecbatana, AD 191 - AD 208. 1944.100.83510","image_urls":["http://numismatics.org/collectionimages/19001949/1944/1944.100.83510.rev.width350.jpg"]},{"from":191,"to":208,"title":"Bronze Coin, Ecbatana, AD 191 - AD 208. 1944.100.83512","image_urls":["http://numismatics.org/collectionimages/19001949/1944/1944.100.83512.rev.width350.jpg"]},{"from":191,"to":208,"title":"Silver Drachm, Ecbatana, AD 191 - AD 208. 1944.100.83506","image_urls":["http://numismatics.org/collectionimages/19001949/1944/1944.100.83506.rev.width350.jpg"]},{"from":191,"to":208,"title":"Bronze Coin, Ecbatana, AD 191 - AD 208. 1944.100.83511","image_urls":["http://numismatics.org/collectionimages/19001949/1944/1944.100.83511.rev.width350.jpg"]},{"from":191,"to":192,"title":"RIC III Commodus 253. 1944.100.49718","image_urls":["http://numismatics.org/collectionimages/19001949/1944/1944.100.49718.rev.width350.jpg"]},{"from":191,"to":192,"title":"RIC III Commodus 249. 1956.127.1231","image_urls":["http://numismatics.org/collectionimages/19501999/1956/1956.127.1231.rev.width350.jpg"]},{"from":191,"to":208,"title":"Silver Drachm, Ecbatana, AD 191 - AD 208. 1944.100.83508","image_urls":["http://numismatics.org/collectionimages/19001949/1944/1944.100.83508.rev.width350.jpg"]}]