[{"from":192,"to":192,"title":"BUC-06A8B2: A coin issued by Commodus","image_urls":["https://finds.org.uk/images/jmoss/2dscn9289.jpg"]},{"from":192,"to":192,"title":"DEV-CD1616: A coin issued by Commodus","image_urls":["https://finds.org.uk/images/dwootton/DEV-CD1616-R25%20COMPLETED.jpg"]},{"from":192,"to":192,"title":"LIN-9AFFE0: A coin issued by Commodus","image_urls":["https://finds.org.uk/images/adaubney/LIN9509.jpg"]},{"from":192,"to":192,"title":"LANCUM-73A436: A coin issued by Commodus","image_urls":["https://finds.org.uk/images/dboughton/SRMDMR73A436.jpg"]},{"from":192,"to":192,"title":"SWYOR-C170A5: A coin issued by Commodus","image_urls":["https://finds.org.uk/images/acooper/PAS_1916_15_denarius.jpg"]},{"from":192,"to":192,"title":"WILT-A2CAF2: A coin issued by Commodus","image_urls":["https://finds.org.uk/images/khinds/Booth0107commodus.jpg"]},{"from":192,"to":192,"title":"LANCUM-61E3E2: A coin issued by Commodus","image_urls":["https://finds.org.uk/images/dboughton/KDMDST61E3E2.jpg"]},{"from":192,"to":192,"title":"SF-EF8259: A coin issued by Commodus","image_urls":["https://finds.org.uk/images/gstewart/Birdbrook_SF-EF8259.jpg"]},{"from":192,"to":192,"title":"HAMP-9CCCB5: A coin issued by Commodus","image_urls":["https://finds.org.uk/images/rwebley/HAMP-9CCCB5Commodussestertius.jpg"]},{"from":192,"to":192,"title":"YORYM-E6EC22: A coin issued by Commodus","image_urls":["https://finds.org.uk/images/bmorris/SBH0001.jpg"]},{"from":192,"to":192,"title":"PUBLIC-8EE167: A coin issued by Commodus","image_urls":["https://finds.org.uk/images/calow1/FLE11.134.JPG"]},{"from":192,"to":192,"title":"NARC-02FF35: A coin issued by Commodus","image_urls":["https://finds.org.uk/images/rwebley/NARC-02FF35denariusobv.jpg"]},{"from":192,"to":192,"title":"NARC-C98F91: A coin issued by Commodus","image_urls":["https://finds.org.uk/images/tbrindle/NARC-C98F91sestertius.jpg"]},{"from":192,"to":192,"title":"LEIC-BD81E7: A coin issued by Commodus","image_urls":["https://finds.org.uk/images/wscott/DBD81E7.JPG"]},{"from":192,"to":212,"title":"BH-FB2AA7: A coin issued by Septimius Severus","image_urls":["https://finds.org.uk/images/jwatters/Roman%20coin%2005%2056%20-%2020.jpg"]},{"from":192,"to":192,"title":"HAMP-48B3C5: A coin issued by Commodus","image_urls":["https://finds.org.uk/images/rwebley/HAMP-48B3C5Commodussestertius.jpg"]},{"from":192,"to":192,"title":"HAMP-1E6F85: A coin issued by Commodus","image_urls":["https://finds.org.uk/images/rwebley/HAMP-1E6F85Commodusdenarius.jpg"]},{"from":192,"to":192,"title":"NCL-6DCAE6: A coin issued by Commodus","image_urls":["https://finds.org.uk/images/pwalton/NCL6DCAE6.jpg"]},{"from":192,"to":192,"title":"SUR-1935B7: A coin issued by Commodus","image_urls":["https://finds.org.uk/images/margaretb/14-1001.JPG"]},{"from":192,"to":192,"title":"NLM-93A795: A coin issued by Commodus","image_urls":["https://finds.org.uk/images/mforeman/NLM19068.jpg"]},{"from":192,"to":192,"title":"WILT-C69FD1: A coin issued by Commodus","image_urls":["https://finds.org.uk/images/khinds/WILT-C69FD1.jpg"]},{"from":192,"to":192,"title":"DENO-A91CF4: A coin issued by Commodus","image_urls":["https://finds.org.uk/images/ratherton/E7211%20arves%20ludford%20comm%20den.jpg"]},{"from":192,"to":192,"title":"WAW-6EABC3: A coin issued by Commodus","image_urls":["https://finds.org.uk/images/tgilmore/WAW-6EABC3.jpg"]},{"from":192,"to":192,"title":"PUBLIC-17C6C2: A coin issued by Commodus","image_urls":["https://finds.org.uk/images/zoom/4ewq.JPG"]},{"from":192,"to":193,"title":"Silver Tetradrachm, Seleuceia ad Tigrim, AD 192 - AD 193. 1944.100.83486","image_urls":["http://numismatics.org/collectionimages/19001949/1944/1944.100.83486.rev.width350.jpg"]},{"from":192,"to":193,"title":"Bronze Diobol of Commodus, Alexandreia, AD 192 - AD 193. 1944.100.61909","image_urls":["http://numismatics.org/collectionimages/19001949/1944/1944.100.61909.rev.width350.jpg"]},{"from":192,"to":193,"title":"Silver Tetradrachm, Seleuceia ad Tigrim, AD 192 - AD 193. 1944.100.83487","image_urls":["http://numismatics.org/collectionimages/19001949/1944/1944.100.83487.rev.width350.jpg"]}]