[{"from":193,"to":198,"title":"DUR-3D8165: A coin issued by Septimius Severus","image_urls":["https://finds.org.uk/images/a8622912/DUR3D8165.jpg"]},{"from":193,"to":217,"title":"HAMP-1B3F87: A coin issued by Julia Domna","image_urls":["https://finds.org.uk/images/rwebley/HAMP-1B3F87JuliaDomnadenarius.jpg"]},{"from":193,"to":194,"title":"LEIC-6DA3F6: A coin issued by Septimius Severus","image_urls":["https://finds.org.uk/images/wscott/6DA3F6.JPG"]},{"from":193,"to":193,"title":"DENO-1DF098: A coin issued by Clodius Albinus","image_urls":["https://finds.org.uk/images/cburrill2/E6945_ClodiusAlbinus_Minerva_Denarius_.jpg"]},{"from":193,"to":211,"title":"SUR-1B3067: A coin issued by Septimius Severus","image_urls":["https://finds.org.uk/images/dwilliams/08.964.JPG"]},{"from":193,"to":211,"title":"ESS-0EB745: A coin issued by Septimius Severus","image_urls":["https://finds.org.uk/images/lmclean/ESS-0EB745.jpg"]},{"from":193,"to":193,"title":"NLM-84A291: A coin issued by Septimius Severus","image_urls":["https://finds.org.uk/images/mforeman/NLM24844.jpg"]},{"from":193,"to":193,"title":"FASAM-21F035: A coin issued by Didius Julianus","image_urls":["https://finds.org.uk/images/sam/455.jpg"]},{"from":193,"to":196,"title":"NCL-057748: A coin issued by Julia Domna","image_urls":["https://finds.org.uk/images/pwalton/739.jpg"]},{"from":193,"to":193,"title":"DOR-3FD9B4: A coin issued by Clodius Albinus","image_urls":["https://finds.org.uk/images/caht/3FD9B4.jpg"]},{"from":193,"to":193,"title":"NCL-3C20D6: A coin issued by Pertinax","image_urls":["https://finds.org.uk/images/pwalton/596.jpg"]},{"from":193,"to":195,"title":"IOW-0A48F3: A coin issued by Clodius Albinus","image_urls":["https://finds.org.uk/images/fbasford/IOW2012-5-37.JPG"]},{"from":193,"to":196,"title":"IOW-DF2760: A coin issued by Julia Domna","image_urls":["https://finds.org.uk/images/fbasford/IOW2013-5-17.JPG"]},{"from":193,"to":196,"title":"HAMP-676F86: A coin issued by Julia Domna","image_urls":["https://finds.org.uk/images/khindshamp/HAMP-676F86.jpg"]},{"from":193,"to":235,"title":"LANCUM-2F49A6: A coin issued by Severan (uncertain)","image_urls":["https://finds.org.uk/images/dboughton/BFMDIH2F49A6.jpg"]},{"from":193,"to":211,"title":"SF-FE86C4: A coin issued by Septimius Severus","image_urls":["https://finds.org.uk/images/abrown/KDG_SF-FE86C4.jpg"]},{"from":193,"to":198,"title":"BUC-79EB74: A coin issued by Septimius Severus","image_urls":["https://finds.org.uk/images/lbuckley/DSCN8992.JPG"]},{"from":193,"to":195,"title":"LIN-4B1B21: A coin issued by Septimius Severus","image_urls":["https://finds.org.uk/images/adaubney/LIN1970.jpg"]},{"from":193,"to":235,"title":"SWYOR-898794: A coin issued by Severan (uncertain)","image_urls":["https://finds.org.uk/images/mblevins/PAS_1521_Sestertius.jpg"]},{"from":193,"to":217,"title":"YORYM-D456B7: A coin issued by Julia Domna","image_urls":["https://finds.org.uk/images/bmorris/WS0516.jpg"]},{"from":193,"to":193,"title":"SUR-F8C763: A coin issued by Pertinax","image_urls":["https://finds.org.uk/images/dwilliams/07.259.JPG"]},{"from":193,"to":196,"title":"SF-554683: A coin issued by Julia Domna","image_urls":["https://finds.org.uk/images/abrown/DEN_SF-554683.jpg"]},{"from":193,"to":211,"title":"YORYM-C9DA03: A coin issued by Septimius Severus","image_urls":["https://finds.org.uk/images/yorkvol/KSB0145.jpg"]},{"from":193,"to":235,"title":"YORYM-CC4617: A coin issued by Severan (uncertain)","image_urls":["https://finds.org.uk/images/bmorris/DR0061.jpg"]},{"from":193,"to":211,"title":"DUR-3261F6: A coin issued by Septimius Severus","image_urls":["https://finds.org.uk/images/emorris/DUR-3261F6_Septimius_Severus.jpg"]},{"from":193,"to":211,"title":"HAMP677: A coin issued by Septimius Severus","image_urls":["https://finds.org.uk/images/sworrell/Hamp%20677a.JPG"]},{"from":193,"to":211,"title":"BERK-8FC284: A coin issued by Septimius Severus","image_urls":["https://finds.org.uk/images/plevick/y328.jpg"]},{"from":193,"to":211,"title":"SUR-0CEBDC: A coin issued by Septimius Severus","image_urls":["https://finds.org.uk/images/dwilliams/B15331.JPG"]},{"from":193,"to":193,"title":"YORYM-8232B5: A coin issued by Pertinax","image_urls":["https://finds.org.uk/images/law/NA0007.jpg"]},{"from":193,"to":211,"title":"NMGW-29BDC6: A coin issued by Septimius Severus","image_urls":["https://finds.org.uk/images/mlodwick/sept%20den.JPG"]},{"from":193,"to":217,"title":"WAW-3A4A48: A coin issued by Julia Domna","image_urls":["https://finds.org.uk/images/rshenry/WAW-3A4A48.jpg"]},{"from":193,"to":211,"title":"WAW-1D3DF8: A coin issued by Septimius Severus","image_urls":["https://finds.org.uk/images/abolton/WAW-1D3DF8.jpg"]},{"from":193,"to":194,"title":"BH-FAB258: A coin issued by Septimius Severus","image_urls":["https://finds.org.uk/images/jwatters/work%20various%20018.jpg"]},{"from":193,"to":211,"title":"FAKL-D99645: A coin issued by Septimius Severus","image_urls":["https://finds.org.uk/images/kleahy/068.jpg"]},{"from":193,"to":196,"title":"BH-CC1B38: A coin issued by Julia Domna","image_urls":["https://finds.org.uk/images/jwatters/Roman%20coin%2010%20134%20-%201.jpg"]},{"from":193,"to":211,"title":"DOR-7C77A5: A coin issued by Julia Domna","image_urls":["https://finds.org.uk/images/caht/7C77A5.jpg"]},{"from":193,"to":211,"title":"BM-EF2EB5: A coin issued by Septimius Severus","image_urls":["https://finds.org.uk/images/jasonlundock/5243a.jpg"]},{"from":193,"to":196,"title":"BH-6AF044: A coin issued by Julia Domna","image_urls":["https://finds.org.uk/images/jwatters/Roman_coin_15_93_57.jpg"]},{"from":193,"to":196,"title":"NCL-415576: A coin issued by Julia Domna","image_urls":["https://finds.org.uk/images/rcollins/NCL-415576.JPG"]},{"from":193,"to":211,"title":"YORYM-C5505E: A coin issued by Septimius Severus","image_urls":["https://finds.org.uk/images/bmorris/FORA0086.jpg"]},{"from":193,"to":196,"title":"HAMP-161BA7: A coin issued by Julia Domna","image_urls":["https://finds.org.uk/images/jmccrohan/Hamp%20161BA7a.JPG"]},{"from":193,"to":194,"title":"IOW-0C93F1: A coin issued by Septimius Severus","image_urls":["https://finds.org.uk/images/fbasford/IOW2007-1-176.JPG"]},{"from":193,"to":211,"title":"SUR-551E23: A coin issued by Julia Domna","image_urls":["https://finds.org.uk/images/dwilliams/09.306.jpg"]},{"from":193,"to":211,"title":"DENO-A92691: A coin issued by Septimius Severus","image_urls":["https://finds.org.uk/images/ratherton/E7211%20arves%20ludford%20den%20sept%20sev.jpg"]},{"from":193,"to":197,"title":"WMID-16DB12: A coin issued by Julia Domna","image_urls":["https://finds.org.uk/images/tbrindle/WMID-16DB12.jpg"]},{"from":193,"to":217,"title":"YORYM-FFDBF5: A coin issued by Julia Domna","image_urls":["https://finds.org.uk/images/law/BR0020.jpg"]},{"from":193,"to":222,"title":"NCL-363414: A coin issued by Caracalla","image_urls":["https://finds.org.uk/images/emorris/Picture%20120.jpg"]},{"from":193,"to":193,"title":"SUSS-96B674: A coin issued by Pertinax","image_urls":["https://finds.org.uk/images/lburnett/SUSS-96B674.JPG"]},{"from":193,"to":211,"title":"WILT-DCD8DF: A coin issued by Septimius Severus","image_urls":["https://finds.org.uk/images/rhenry2/WILT-DCD8DF.jpg"]},{"from":193,"to":193,"title":"NLM-7FE897: A coin issued by Pertinax","image_urls":["https://finds.org.uk/images/mforeman/NLM16878.JPG"]},{"from":193,"to":211,"title":"WAW-11A8B4: A coin issued by Septimius Severus","image_urls":["https://finds.org.uk/images/abolton/WAW-11A8B4.jpg"]},{"from":193,"to":193,"title":"WILT-D0772D: A coin issued by Manlia Scantilla","image_urls":["https://finds.org.uk/images/jshoemark/WILTD0772D.jpg"]},{"from":193,"to":194,"title":"BM-F0C265: A coin issued by Septimius Severus","image_urls":["https://finds.org.uk/images/jasonlundock/5218.jpg"]},{"from":193,"to":193,"title":"LANCUM-39DD64: A coin issued by Didius Julianus","image_urls":["https://finds.org.uk/images/AlexIdris/SWrom.jpg"]},{"from":193,"to":211,"title":"SOM-A2AAB3: A coin issued by Septimius Severus","image_urls":["https://finds.org.uk/images/elburnett/SOM-A2AAB3.JPG"]},{"from":193,"to":211,"title":"NARC-694AB5: A coin issued by Julia Domna","image_urls":["https://finds.org.uk/images/jcassidy/NARC-694AB5b.jpg"]},{"from":193,"to":193,"title":"SUSS-1462C2: A coin issued by Clodius Albinus","image_urls":["https://finds.org.uk/images/lwalker/1-204t.jpg"]},{"from":193,"to":211,"title":"YORYM-583E32: A coin issued by Julia Domna","image_urls":["https://finds.org.uk/images/yorkvol/BR1008.jpg"]},{"from":193,"to":235,"title":"WILT-322923: A coin issued by Severan (uncertain)","image_urls":["https://finds.org.uk/images/rhenry2/WILT-322923.jpg"]},{"from":193,"to":211,"title":"SUSS-1478A5: A coin issued by Septimius Severus","image_urls":["https://finds.org.uk/images/lwalker/1-204u.jpg"]},{"from":193,"to":211,"title":"WILT-EBC064: A coin issued by Septimius Severus","image_urls":["https://finds.org.uk/images/spam05/WILT-EBC064.jpg"]},{"from":193,"to":193,"title":"WILT-945EEE: A coin issued by Septimius Severus","image_urls":["https://finds.org.uk/images/jshoemark/WILT-945EEE.jpg"]},{"from":193,"to":211,"title":"BERK-FF1337: A coin issued by Septimius Severus","image_urls":["https://finds.org.uk/images/plevick/y209.jpg"]},{"from":193,"to":217,"title":"BUC-FB3155: A coin issued by Julia Domna","image_urls":["https://finds.org.uk/images/rtyrrell/4DSCN9657.JPG"]},{"from":193,"to":194,"title":"WMID-9F39C4: A coin issued by Septimius Severus","image_urls":["https://finds.org.uk/images/tgilmore/WMID-9F39C4.jpg"]},{"from":193,"to":211,"title":"IOW-70DC92: A coin issued by Septimius Severus","image_urls":["https://finds.org.uk/images/fbasford/IOW2015771.JPG"]},{"from":193,"to":194,"title":"WAW-A77596: A coin issued by Septimius Severus","image_urls":["https://finds.org.uk/images/rshenry/WAW-A77596.jpg"]},{"from":193,"to":211,"title":"PUBLIC-093473: A coin issued by Didius Julianus","image_urls":["https://finds.org.uk/images/andyrob247/NAD418DidiusJulianusContCopyDenarius.JPG"]},{"from":193,"to":211,"title":"ESS-3402E1: A coin issued by Septimius Severus","image_urls":["https://finds.org.uk/images/lmclean/ESS-3402E1.jpg"]},{"from":193,"to":194,"title":"HESH-714F80: A coin issued by Clodius Albinus","image_urls":["https://finds.org.uk/images/preavill/HESH-714F80.jpg"]},{"from":193,"to":211,"title":"NLM-81D341: A coin issued by Julia Domna","image_urls":["https://finds.org.uk/images/mforeman/NLM19028.jpg"]},{"from":193,"to":197,"title":"DEV-6475F1: A coin issued by Septimius Severus","image_urls":["https://finds.org.uk/images/dwootton/dev6475f1.jpg"]},{"from":193,"to":195,"title":"WMID-EFC384: A coin issued by Clodius Albinus","image_urls":["https://finds.org.uk/images/tbrindle/WMID-EFC384.jpg"]},{"from":193,"to":217,"title":"WAW-081869: A coin issued by Julia Domna","image_urls":["https://finds.org.uk/images/abolton/WAW081869.jpg"]},{"from":193,"to":211,"title":"SWYOR-5E1C04: A coin issued by Julia Domna","image_urls":["https://finds.org.uk/images/acooper/PAS_877_wentbridge_22.jpg"]},{"from":193,"to":211,"title":"SUSS-1635B4: A coin issued by Septimius Severus","image_urls":["https://finds.org.uk/images/lwalker/1-205a.jpg"]},{"from":193,"to":196,"title":"IOW-061544: A coin issued by Julia Domna","image_urls":["https://finds.org.uk/images/fbasford/IOW2011-5-61.JPG"]},{"from":193,"to":193,"title":"KENT-CF6FE2: A coin issued by Didius Julianus","image_urls":["https://finds.org.uk/images/jjackson/KENT-CF6FE2.jpg"]},{"from":193,"to":211,"title":"LVPL-9A7287: A coin issued by Septimius Severus","image_urls":["https://finds.org.uk/images/voakden/LVPL-9A7287.JPG"]},{"from":193,"to":211,"title":"LVPL-98A415: A coin issued by Septimius Severus","image_urls":["https://finds.org.uk/images/jbaxter2/LVPL-98A415%20Copper%20alloy%20Sestersius%20of%20Septimus%20Severus%2C%20c.193-211.jpg"]},{"from":193,"to":211,"title":"LIN-8BDF32: A coin issued by Septimius Severus","image_urls":["https://finds.org.uk/images/adaubney/LIN2011-312.jpg"]},{"from":193,"to":193,"title":"ESS-091A22: A coin issued by Didius Julianus","image_urls":["https://finds.org.uk/images/cmcdonald/Sell%20julian.jpg"]},{"from":193,"to":219,"title":"LANCUM-CA1CB7: A coin issued by Septimius Severus","image_urls":["https://finds.org.uk/images/dboughton/LANCUMCA1CB7.jpg"]},{"from":193,"to":217,"title":"SUR-3C77B5: A coin issued by Julia Domna","image_urls":["https://finds.org.uk/images/dwilliams/11-1529.jpg"]},{"from":193,"to":211,"title":"SOMDOR-D82EE5: A coin issued by Septimius Severus","image_urls":["https://finds.org.uk/images/caht/D82EE5.jpg"]},{"from":193,"to":198,"title":"IOW-4A9CE4: A coin issued by Septimius Severus","image_urls":["https://finds.org.uk/images/fbasford/IOW2011-1-158.JPG"]},{"from":193,"to":211,"title":"HESH-54BB30: A coin issued by Julia Domna","image_urls":["https://finds.org.uk/images/preavill/HESH-54BB30.jpg"]},{"from":193,"to":217,"title":"BERK-9779E7: A coin issued by Julia Domna","image_urls":["https://finds.org.uk/images/abyard/2010734.JPG"]},{"from":193,"to":211,"title":"DUR-266D90: A coin issued by Septimius Severus","image_urls":["https://finds.org.uk/images/emorris/DUR-266D90.jpg"]},{"from":193,"to":210,"title":"DOR-075A03: A coin issued by Caracalla","image_urls":["https://finds.org.uk/images/jshoemark2/120.jpg"]},{"from":193,"to":211,"title":"IOW-53C787: A coin issued by Septimius Severus","image_urls":["https://finds.org.uk/images/fbasford/IOW2013-2-173.JPG"]},{"from":193,"to":196,"title":"NLM-58F738: A coin issued by Julia Domna","image_urls":["https://finds.org.uk/images/mforeman/NLM14319.jpg"]},{"from":193,"to":211,"title":"BERK-FE5894: A coin issued by Julia Domna","image_urls":["https://finds.org.uk/images/abyard/2012053.jpg"]},{"from":193,"to":211,"title":"LIN-254E3C: A coin issued by Septimius Severus","image_urls":["https://finds.org.uk/images/alannahrasen/LIN-254E3C.jpg"]},{"from":193,"to":217,"title":"WMID-539042: A coin issued by Julia Domna","image_urls":["https://finds.org.uk/images/eloisemarkwick/WMID-539042.jpg"]},{"from":193,"to":195,"title":"YORYM-CE8D95: A coin issued by Clodius Albinus","image_urls":["https://finds.org.uk/images/devans/hull%20015.jpg"]},{"from":193,"to":211,"title":"SF-E417C4: A coin issued by Julia Domna","image_urls":["https://finds.org.uk/images/abrown/WRW%20SF-E417C4.jpg"]},{"from":193,"to":193,"title":"PUBLIC-5BF776: A coin issued by Pertinax","image_urls":["https://finds.org.uk/images/calow1/FLE11.55.JPG"]},{"from":193,"to":222,"title":"YORYM-F6257C: A coin issued by Septimius Severus","image_urls":["https://finds.org.uk/images/bmorris/JAB0005.jpg"]},{"from":193,"to":195,"title":"YORYM-2F22D3: A coin issued by Clodius Albinus","image_urls":["https://finds.org.uk/images/bmorris/WS0370.jpg"]},{"from":193,"to":217,"title":"LEIC-8F8954: A coin issued by Septimius Severus","image_urls":["https://finds.org.uk/images/wscott/8F8954.JPG"]},{"from":193,"to":211,"title":"BERK-DCF857: A coin issued by Julia Domna","image_urls":["https://finds.org.uk/images/abyard/cranejuliacoin.jpg"]},{"from":193,"to":211,"title":"HESH-960CF3: A coin issued by Julia Domna","image_urls":["https://finds.org.uk/images/preavill/HESH-960CF3%20a.jpg"]},{"from":193,"to":211,"title":"YORYM-C8AC94: A coin issued by Julia Domna","image_urls":["https://finds.org.uk/images/law/NA0001.jpg"]},{"from":193,"to":194,"title":"NMS-09D81E: A coin issued by Septimius Severus","image_urls":["https://finds.org.uk/images/amarsden/NMD032015septsevsestertius.jpg"]},{"from":193,"to":193,"title":"LEIC-A6B048: A coin issued by Clodius Albinus","image_urls":["https://finds.org.uk/images/leicvol/LEIC-A6B048.jpg"]},{"from":193,"to":194,"title":"DUR-51B8E8: A coin issued by Septimius Severus","image_urls":["https://finds.org.uk/images/frances/moorland%201%20DUR-51B8E8.jpg"]},{"from":193,"to":211,"title":"PAS-D522B1: A coin issued by Septimius Severus","image_urls":["https://finds.org.uk/images/dpett/6367.jpg"]},{"from":193,"to":194,"title":"FAPJW-63C081: A coin issued by Septimius Severus","image_urls":["https://finds.org.uk/images/pwalton/5312.jpg"]},{"from":193,"to":211,"title":"SUR-5DD064: A coin issued by Septimius Severus","image_urls":["https://finds.org.uk/images/margaretb/11-948.jpg"]},{"from":193,"to":211,"title":"YORYM-5E7826: A coin issued by Septimius Severus","image_urls":["https://finds.org.uk/images/bmorris/JCY0141.jpg"]},{"from":193,"to":196,"title":"HAMP306: A coin issued by Septimius Severus","image_urls":["https://finds.org.uk/images/sworrell/hamp%20306.JPG"]},{"from":193,"to":211,"title":"NARC-7CD664: A coin issued by Julia Domna","image_urls":["https://finds.org.uk/images/jcassidy/NARC-7CD664b.jpg"]},{"from":193,"to":196,"title":"SUSS-03C807: A coin issued by Julia Domna","image_urls":["https://finds.org.uk/images/lburnett/SUSS-03C807.jpg"]},{"from":193,"to":217,"title":"YORYM-836297: A coin issued by Julia Domna","image_urls":["https://finds.org.uk/images/law/SHo0065.jpg"]},{"from":193,"to":211,"title":"PUBLIC-08B052: A coin issued by Septimius Severus","image_urls":["https://finds.org.uk/images/davea/Coin_00002_Obv.jpg"]},{"from":193,"to":194,"title":"KENT-141DE1: A coin issued by Septimius Severus","image_urls":["https://finds.org.uk/images/jbryan/DENARIUS.jpg"]},{"from":193,"to":211,"title":"WILT-896706: A coin issued by Septimius Severus","image_urls":["https://finds.org.uk/images/rhenry2/WILT-896706.jpg"]},{"from":193,"to":200,"title":"PUBLIC-C5ED94: A coin issued by Septimius Severus","image_urls":["https://finds.org.uk/images/Linz/MD90a.jpg"]},{"from":193,"to":193,"title":"IOW-FF6471: A coin issued by Septimius Severus","image_urls":["https://finds.org.uk/images/fbasford/IOW2009-2-141.JPG"]},{"from":193,"to":211,"title":"NLM-B534A2: A coin issued by Septimius Severus","image_urls":["https://finds.org.uk/images/mforeman/NLM24630.jpg"]},{"from":193,"to":211,"title":"NCL-C9DC97: A coin issued by Septimius Severus","image_urls":["https://finds.org.uk/images/pwalton/NCL_C9DC97.jpg"]},{"from":193,"to":235,"title":"YORYM-D879B7: A coin issued by Severan (uncertain)","image_urls":["https://finds.org.uk/images/bmorris/SBY0010.jpg"]},{"from":193,"to":193,"title":"BERK-DF2625: A coin issued by Pertinax","image_urls":["https://finds.org.uk/images/plevick/Dscn2129.jpg"]},{"from":193,"to":217,"title":"NARC-462F72: A coin issued by Julia Domna","image_urls":["https://finds.org.uk/images/sashby/NARC-462F72%20%20SILVER%20JULIA%20D.JPG"]},{"from":193,"to":211,"title":"LEIC-4A3402: A coin issued by Septimius Severus","image_urls":["https://finds.org.uk/images/wscott/4A3402.JPG"]},{"from":193,"to":211,"title":"BERK-4AB443: A coin issued by Septimius Severus","image_urls":["https://finds.org.uk/images/abyard/2013361.jpg"]},{"from":193,"to":196,"title":"LIN-7E4F07: A coin issued by Julia Domna","image_urls":["https://finds.org.uk/images/adaubney/LIN2012-182.jpg"]},{"from":193,"to":217,"title":"LON-8C8957: A coin issued by Julia Domna","image_urls":["https://finds.org.uk/images/ksumnall/RCoinEmpress-Apr13.jpg"]},{"from":193,"to":211,"title":"IOW-DFD9E6: A coin issued by Septimius Severus","image_urls":["https://finds.org.uk/images/fbasford/IOW2010-2-18.JPG"]},{"from":193,"to":211,"title":"YORYM-1D1090: A coin issued by Julia Domna","image_urls":["https://finds.org.uk/images/law/SS0262.jpg"]},{"from":193,"to":193,"title":"DENO-618541: A coin issued by Septimius Severus","image_urls":["https://finds.org.uk/images/arohde/E6382%20sestertius.jpg"]},{"from":193,"to":193,"title":"NARC-69EEE5: A coin issued by Septimius Severus","image_urls":["https://finds.org.uk/images/jcassidy/127a.jpg"]},{"from":193,"to":211,"title":"NCL-61BAE5: A coin issued by Septimius Severus","image_urls":["https://finds.org.uk/images/pwalton/1527edit.jpg"]},{"from":193,"to":211,"title":"SUSS-21A082: A coin issued by Septimius Severus","image_urls":["https://finds.org.uk/images/lburnett/SUSS-21A082.jpg"]},{"from":193,"to":194,"title":"YORYM-8FD947: A coin issued by Septimius Severus","image_urls":["https://finds.org.uk/images/law/BR0320.jpg"]},{"from":193,"to":211,"title":"SUSS-162282: A coin issued by Septimius Severus","image_urls":["https://finds.org.uk/images/lwalker/1-204z.jpg"]},{"from":193,"to":193,"title":"LIN-EA0992: A coin issued by Clodius Albinus","image_urls":["https://finds.org.uk/images/adaubney/LIN5673.JPG"]},{"from":193,"to":211,"title":"YORYM-317092: A coin issued by Septimius Severus","image_urls":["https://finds.org.uk/images/bmorris/WS0374.jpg"]},{"from":193,"to":211,"title":"HAMP-EEDEB5: A coin issued by Septimius Severus","image_urls":["https://finds.org.uk/images/rhenry/HAMP-EEDEB5.jpg"]},{"from":193,"to":211,"title":"NCL-128D32: A coin issued by Septimius Severus","image_urls":["https://finds.org.uk/images/pwalton/4834.jpg"]},{"from":193,"to":211,"title":"SWYOR-DA78E7: A coin issued by Septimius Severus","image_urls":["https://finds.org.uk/images/acooper/PAS%20248%20coin.jpg"]},{"from":193,"to":193,"title":"BM-5285F6: A coin issued by Clodius Albinus","image_urls":["https://finds.org.uk/images/jasonlundock/5318.jpg"]},{"from":193,"to":211,"title":"NARC-9AD327: A coin issued by Septimius Severus","image_urls":["https://finds.org.uk/images/jcassidy/NARC-9AD327b.jpg"]},{"from":193,"to":211,"title":"LEIC-591B64: A coin issued by Septimius Severus","image_urls":["https://finds.org.uk/images/wscott/591B64.JPG"]},{"from":193,"to":211,"title":"SWYOR-5E0613: A coin issued by Julia Domna","image_urls":["https://finds.org.uk/images/acooper/PAS_877_wentbridge_24.jpg"]},{"from":193,"to":197,"title":"LIN-F83C02: A coin issued by Clodius Albinus","image_urls":["https://finds.org.uk/images/adaubney/ST6.jpg"]},{"from":193,"to":211,"title":"SF-E5A5A1: A coin issued by Julia Domna","image_urls":["https://finds.org.uk/images/abrown/WRW%20SF-E5A5A1.jpg"]},{"from":193,"to":211,"title":"WMID-FC9DE6: A coin issued by Septimius Severus","image_urls":["https://finds.org.uk/images/tbrindle/WMID-FC9DE6.jpg"]},{"from":193,"to":211,"title":"LIN-8018F0: A coin issued by Antoninus Pius","image_urls":["https://finds.org.uk/images/adaubney/LIN9097.jpg"]},{"from":193,"to":211,"title":"HAMP-BE61A4: A coin issued by Julia Domna","image_urls":["https://finds.org.uk/images/ellysg1/HAMP-BE61A4JuliaDomancopydenarius.jpg"]},{"from":193,"to":211,"title":"BERK-BC7832: A coin issued by Severan (uncertain)","image_urls":["https://finds.org.uk/images/abyard/2010676.jpg"]},{"from":193,"to":211,"title":"BERK-120CA3: A coin issued by Julia Domna","image_urls":["https://finds.org.uk/images/abyard/2014680.jpg"]},{"from":193,"to":211,"title":"YORYM-43A075: A coin issued by Septimius Severus","image_urls":["https://finds.org.uk/images/yorkvol/MCu0002.jpg"]},{"from":193,"to":195,"title":"HESH-EB8F12: A coin issued by Septimius Severus","image_urls":["https://finds.org.uk/images/preavill/HESH-EB8F12.jpg"]},{"from":193,"to":217,"title":"WILT-018D17: A coin issued by Julia Domna","image_urls":["https://finds.org.uk/images/rhenry2/WILT018D17.jpg"]},{"from":193,"to":211,"title":"Bronze Coin, Mylasa, AD 193 - AD 211. 1944.100.48026","image_urls":["http://numismatics.org/collectionimages/19001949/1944/1944.100.48026.rev.width350.jpg"]},{"from":193,"to":217,"title":"Bronze Coin, Hypaepa, AD 193 - AD 217. 1986.77.158","image_urls":["http://numismatics.org/collectionimages/19501999/1986/1986.77.158.rev.width350.jpg"]},{"from":193,"to":211,"title":"Bronze Coin, Attuda, AD 193 - AD 211. 1971.230.39","image_urls":["http://numismatics.org/collectionimages/19501999/1971/1971.230.39.rev.width350.jpg"]},{"from":193,"to":211,"title":"Bronze Coin, Cyzicus, AD 193 - AD 211. 1944.100.42848","image_urls":["http://numismatics.org/collectionimages/19001949/1944/1944.100.42848.rev.width350.jpg"]},{"from":193,"to":217,"title":"Bronze Coin, Hypaepa, AD 193 - AD 217. 1986.77.116","image_urls":["http://numismatics.org/collectionimages/19501999/1986/1986.77.116.rev.width350.jpg"]},{"from":193,"to":211,"title":"Bronze Coin, Apollonia ad Rhyndacum, AD 193 - AD 211. 1944.100.42422","image_urls":["http://numismatics.org/collectionimages/19001949/1944/1944.100.42422.rev.width350.jpg"]},{"from":193,"to":217,"title":"Bronze Coin, Trapezopolis, AD 193 - AD 217. 1944.100.48416","image_urls":["http://numismatics.org/collectionimages/19001949/1944/1944.100.48416.rev.width350.jpg"]},{"from":193,"to":194,"title":"RIC IV Septimius Severus 18 (denarius). 1944.100.50120","image_urls":["http://numismatics.org/collectionimages/19001949/1944/1944.100.50120.rev.width350.jpg"]},{"from":193,"to":211,"title":"Bronze Coin, Corinth, AD 193 - AD 211. 1944.100.38619","image_urls":["http://numismatics.org/collectionimages/19001949/1944/1944.100.38619.rev.width350.jpg"]},{"from":193,"to":217,"title":"Bronze Coin, Calchedon, AD 193 - AD 217. 1944.100.42032","image_urls":["http://numismatics.org/collectionimages/19001949/1944/1944.100.42032.rev.width350.jpg"]},{"from":193,"to":211,"title":"Bronze Coin, Anchialus, AD 193 - AD 211. 1944.100.15532","image_urls":["http://numismatics.org/collectionimages/19001949/1944/1944.100.15532.rev.width350.jpg"]},{"from":193,"to":217,"title":"Bronze Coin, Hypaepa, AD 193 - AD 217. 1986.77.125","image_urls":["http://numismatics.org/collectionimages/19501999/1986/1986.77.125.rev.width350.jpg"]},{"from":193,"to":211,"title":"Bronze Coin, Hadrianopolis Phrygia/Sebaste, AD 193 - AD 211. 1944.100.50420","image_urls":["http://numismatics.org/collectionimages/19001949/1944/1944.100.50420.rev.width350.jpg"]},{"from":193,"to":194,"title":"RIC IV Septimius Severus 24 (denarius). 1944.100.50123","image_urls":["http://numismatics.org/collectionimages/19001949/1944/1944.100.50123.rev.width350.jpg"]},{"from":193,"to":217,"title":"Bronze Coin, Hypaepa, AD 193 - AD 217. 1979.189.5","image_urls":["http://numismatics.org/collectionimages/19501999/1979/1979.189.5.rev.width350.jpg"]},{"from":193,"to":217,"title":"Bronze Coin, Hypaepa, AD 193 - AD 217. 1953.171.872","image_urls":["http://numismatics.org/collectionimages/19501999/1953/1953.171.872.rev.width350.jpg"]},{"from":193,"to":211,"title":"Bronze Coin, Perinthus, AD 193 - AD 211. 1967.152.225","image_urls":["http://numismatics.org/collectionimages/19501999/1967/1967.152.225.rev.width350.jpg"]},{"from":193,"to":211,"title":"Bronze Coin, Hypaepa, AD 193 - AD 211. 1944.100.48964","image_urls":["http://numismatics.org/collectionimages/19001949/1944/1944.100.48964.rev.width350.jpg"]},{"from":193,"to":196,"title":"RIC IV Septimius Severus 538 (aureus). 1980.109.171","image_urls":["http://numismatics.org/collectionimages/19501999/1980/1980.109.171.rev.width350.jpg"]},{"from":193,"to":194,"title":"RIC IV Septimius Severus 607A. 1944.100.51340","image_urls":["http://numismatics.org/collectionimages/19001949/1944/1944.100.51340.rev.width350.jpg"]},{"from":193,"to":196,"title":"RIC IV Septimius Severus 633. 1941.131.884","image_urls":["http://numismatics.org/collectionimages/19001949/1941/1941.131.884.rev.width350.jpg"]},{"from":193,"to":217,"title":"Bronze Coin, Gangra/Gangra, AD 193 - AD 217. 1970.142.261","image_urls":["http://numismatics.org/collectionimages/19501999/1970/1970.142.261.rev.width350.jpg"]},{"from":193,"to":211,"title":"Bronze Denarius of Septimius Severus, Rome, AD 193 - AD 211. 1944.100.50281","image_urls":["http://numismatics.org/collectionimages/19001949/1944/1944.100.50281.rev.width350.jpg"]},{"from":193,"to":194,"title":"RIC IV Septimius Severus 610. 1992.118.9","image_urls":["http://numismatics.org/collectionimages/19501999/1992/1992.118.9.rev.width350.jpg"]},{"from":193,"to":211,"title":"Bronze Coin, Corinth, AD 193 - AD 211. 1944.100.38604","image_urls":["http://numismatics.org/collectionimages/19001949/1944/1944.100.38604.rev.width350.jpg"]},{"from":193,"to":211,"title":"Bronze Coin, Corinth, AD 193 - AD 211. 1944.100.38613","image_urls":["http://numismatics.org/collectionimages/19001949/1944/1944.100.38613.rev.width350.jpg"]},{"from":193,"to":195,"title":"Silver Denarius, Alexandreia, AD 193 - AD 195. 1982.86.1","image_urls":["http://numismatics.org/collectionimages/19501999/1982/1982.86.1.rev.width350.jpg"]},{"from":193,"to":217,"title":"Bronze Coin, Alabanda, AD 193 - AD 217. 1953.171.791","image_urls":["http://numismatics.org/collectionimages/19501999/1953/1953.171.791.rev.width350.jpg"]},{"from":193,"to":211,"title":"Bronze Coin, Pergamum, AD 193 - AD 211. 1951.101.1","image_urls":["http://numismatics.org/collectionimages/19501999/1951/1951.101.1.rev.width350.jpg"]},{"from":193,"to":196,"title":"RIC IV Septimius Severus 538 (denarius). 1944.100.50315","image_urls":["http://numismatics.org/collectionimages/19001949/1944/1944.100.50315.rev.width350.jpg"]},{"from":193,"to":217,"title":"Bronze Coin, Hypaepa, AD 193 - AD 217. 1986.77.119","image_urls":["http://numismatics.org/collectionimages/19501999/1986/1986.77.119.rev.width350.jpg"]},{"from":193,"to":217,"title":"Bronze Coin, Saitta, AD 193 - AD 217. 1998.18.67","image_urls":["http://numismatics.org/collectionimages/19501999/1998/1998.18.67.rev.width350.jpg"]},{"from":193,"to":217,"title":"Bronze Coin, Hypaepa, AD 193 - AD 217. 1979.189.2","image_urls":["http://numismatics.org/collectionimages/19501999/1979/1979.189.2.rev.width350.jpg"]},{"from":193,"to":217,"title":"Bronze Coin, Hypaepa, AD 193 - AD 217. 1986.77.131","image_urls":["http://numismatics.org/collectionimages/19501999/1986/1986.77.131.rev.width350.jpg"]},{"from":193,"to":217,"title":"Bronze Coin, Hypaepa, AD 193 - AD 217. 1986.77.146","image_urls":["http://numismatics.org/collectionimages/19501999/1986/1986.77.146.rev.width350.jpg"]},{"from":193,"to":196,"title":"RIC IV Septimius Severus 844 (as). 1937.179.30801","image_urls":["http://numismatics.org/collectionimages/19001949/1937/1937.179.30801.rev.width350.jpg"]},{"from":193,"to":194,"title":"RIC IV Septimius Severus 8. 1955.21.15","image_urls":["http://numismatics.org/collectionimages/19501999/1955/1955.21.15.rev.width350.jpg"]},{"from":193,"to":217,"title":"Bronze Coin, Apamea, AD 193 - AD 217. 1944.100.49989","image_urls":["http://numismatics.org/collectionimages/19001949/1944/1944.100.49989.rev.width350.jpg"]},{"from":193,"to":217,"title":"Bronze Coin, Hypaepa, AD 193 - AD 217. 1979.189.4","image_urls":["http://numismatics.org/collectionimages/19501999/1979/1979.189.4.rev.width350.jpg"]},{"from":193,"to":211,"title":"Bronze Coin, Corinth, AD 193 - AD 211. 1947.97.318","image_urls":["http://numismatics.org/collectionimages/19001949/1947/1947.97.318.rev.width350.jpg"]},{"from":193,"to":211,"title":"Bronze Coin, Apameia (Myrleia), AD 193 - AD 211. 1944.100.41980","image_urls":["http://numismatics.org/collectionimages/19001949/1944/1944.100.41980.rev.width350.jpg"]},{"from":193,"to":210,"title":"Bronze Sestertius of Septimius Severus, Rome, AD 193 - AD 210. 1944.100.50311","image_urls":["http://numismatics.org/collectionimages/19001949/1944/1944.100.50311.rev.width350.jpg"]},{"from":193,"to":217,"title":"Bronze As, Rome, AD 193 - AD 217. 1941.36.21","image_urls":["http://numismatics.org/collectionimages/19001949/1941/1941.36.21.rev.width350.jpg"]},{"from":193,"to":211,"title":"Bronze Coin, Alabanda, AD 193 - AD 211. 1944.100.47638","image_urls":["http://numismatics.org/collectionimages/19001949/1944/1944.100.47638.rev.width350.jpg"]},{"from":193,"to":211,"title":"Bronze Coin, Pergamum, AD 193 - AD 211. 1944.100.43353","image_urls":["http://numismatics.org/collectionimages/19001949/1944/1944.100.43353.rev.width350.jpg"]},{"from":193,"to":211,"title":"Bronze Coin, Parium, AD 193 - AD 211. 1990.3.81","image_urls":["http://numismatics.org/collectionimages/19501999/1990/1990.3.81.rev.width350.jpg"]},{"from":193,"to":217,"title":"Bronze Coin, Hypaepa, AD 193 - AD 217. 1986.77.128","image_urls":["http://numismatics.org/collectionimages/19501999/1986/1986.77.128.rev.width350.jpg"]},{"from":193,"to":211,"title":"Bronze Coin, Pergamum, AD 193 - AD 211. 1944.100.43351","image_urls":["http://numismatics.org/collectionimages/19001949/1944/1944.100.43351.rev.width350.jpg"]},{"from":193,"to":194,"title":"RIC IV Septimius Severus 14 (denarius). 1956.127.1251","image_urls":["http://numismatics.org/collectionimages/19501999/1956/1956.127.1251.rev.width350.jpg"]},{"from":193,"to":211,"title":"Silver Quinarius of Septimius Severus, Rome, AD 193 - AD 211. 1958.9.2","image_urls":["http://numismatics.org/collectionimages/19501999/1958/1958.9.2.rev.width350.jpg"]},{"from":193,"to":211,"title":"Bronze Coin, Odessus, AD 193 - AD 211. 1944.100.15384","image_urls":["http://numismatics.org/collectionimages/19001949/1944/1944.100.15384.rev.width350.jpg"]},{"from":193,"to":195,"title":"RIC IV Clodius Albinus 11A. 1948.19.1409","image_urls":["http://numismatics.org/collectionimages/19001949/1948/1948.19.1409.rev.width350.jpg"]},{"from":193,"to":210,"title":"Bronze Sestertius of Septimius Severus, Rome, AD 193 - AD 210. 1941.131.874","image_urls":["http://numismatics.org/collectionimages/19001949/1941/1941.131.874.rev.width350.jpg"]},{"from":193,"to":211,"title":"Bronze Coin, Gangra/Gangra, AD 193 - AD 211. 1944.100.41548","image_urls":["http://numismatics.org/collectionimages/19001949/1944/1944.100.41548.rev.width350.jpg"]},{"from":193,"to":211,"title":"Bronze Coin, Maeonia, AD 193 - AD 211. 1971.279.48","image_urls":["http://numismatics.org/collectionimages/19501999/1971/1971.279.48.rev.width350.jpg"]},{"from":193,"to":217,"title":"Bronze Coin, Hypaepa, AD 193 - AD 217. 1986.77.130","image_urls":["http://numismatics.org/collectionimages/19501999/1986/1986.77.130.rev.width350.jpg"]},{"from":193,"to":196,"title":"RIC IV Septimius Severus 537. 1944.100.50314","image_urls":["http://numismatics.org/collectionimages/19001949/1944/1944.100.50314.rev.width350.jpg"]},{"from":193,"to":217,"title":"Bronze Coin, Hypaepa, AD 193 - AD 217. 1979.189.1","image_urls":["http://numismatics.org/collectionimages/19501999/1979/1979.189.1.rev.width350.jpg"]},{"from":193,"to":196,"title":"RIC IV Septimius Severus 536 (aureus). 1960.175.37","image_urls":["http://numismatics.org/collectionimages/19501999/1960/1960.175.37.rev.width350.jpg"]},{"from":193,"to":211,"title":"Bronze Coin, Attaleia, AD 193 - AD 211. 1944.100.48882","image_urls":["http://numismatics.org/collectionimages/19001949/1944/1944.100.48882.rev.width350.jpg"]},{"from":193,"to":217,"title":"Bronze Coin, Calchedon, AD 193 - AD 217. 1944.100.42034","image_urls":["http://numismatics.org/collectionimages/19001949/1944/1944.100.42034.rev.width350.jpg"]},{"from":193,"to":211,"title":"Bronze Coin, Anchialus, AD 193 - AD 211. 1947.97.115","image_urls":["http://numismatics.org/collectionimages/19001949/1947/1947.97.115.rev.width350.jpg"]},{"from":193,"to":211,"title":"Bronze Coin, Gythium, AD 193 - AD 211. 1944.100.38964","image_urls":["http://numismatics.org/collectionimages/19001949/1944/1944.100.38964.rev.width350.jpg"]},{"from":193,"to":211,"title":"Bronze Coin, Sicyon, AD 193 - AD 211. 1944.100.38718","image_urls":["http://numismatics.org/collectionimages/19001949/1944/1944.100.38718.rev.width350.jpg"]},{"from":193,"to":211,"title":"Bronze Coin, Odessus, AD 193 - AD 211. 1997.32.138","image_urls":["http://numismatics.org/collectionimages/19501999/1997/1997.32.138.rev.width350.jpg"]},{"from":193,"to":217,"title":"Bronze Coin, Saitta, AD 193 - AD 217. 1944.100.49369","image_urls":["http://numismatics.org/collectionimages/19001949/1944/1944.100.49369.rev.width350.jpg"]},{"from":193,"to":210,"title":"Bronze Sestertius of Septimius Severus, Rome, AD 193 - AD 210. 1980.109.352","image_urls":["http://numismatics.org/collectionimages/19501999/1980/1980.109.352.rev.width350.jpg"]},{"from":193,"to":217,"title":"Bronze Coin, Hypaepa, AD 193 - AD 217. 1986.77.122","image_urls":["http://numismatics.org/collectionimages/19501999/1986/1986.77.122.rev.width350.jpg"]},{"from":193,"to":196,"title":"RIC IV Septimius Severus 536 (denarius). 1944.100.50312","image_urls":["http://numismatics.org/collectionimages/19001949/1944/1944.100.50312.rev.width350.jpg"]},{"from":193,"to":211,"title":"Bronze Coin, Calchedon, AD 193 - AD 211. 1973.191.8","image_urls":["http://numismatics.org/collectionimages/19501999/1973/1973.191.8.rev.width350.jpg"]},{"from":193,"to":194,"title":"RIC IV Septimius Severus 10. 1986.161.91","image_urls":["http://numismatics.org/collectionimages/19501999/1986/1986.161.91.rev.width350.jpg"]},{"from":193,"to":217,"title":"Bronze Coin, Hypaepa, AD 193 - AD 217. 1986.77.143","image_urls":["http://numismatics.org/collectionimages/19501999/1986/1986.77.143.rev.width350.jpg"]},{"from":193,"to":217,"title":"Bronze Coin, Hypaepa, AD 193 - AD 217. 1986.77.137","image_urls":["http://numismatics.org/collectionimages/19501999/1986/1986.77.137.rev.width350.jpg"]},{"from":193,"to":211,"title":"Bronze Coin, Thuria, AD 193 - AD 211. 1944.100.38859","image_urls":["http://numismatics.org/collectionimages/19001949/1944/1944.100.38859.rev.width350.jpg"]},{"from":193,"to":194,"title":"RIC IV Septimius Severus 24A (denarius). 1944.100.50050","image_urls":["http://numismatics.org/collectionimages/19001949/1944/1944.100.50050.rev.width350.jpg"]},{"from":193,"to":217,"title":"Bronze Coin, Heraclea Salbace, AD 193 - AD 217. 1944.100.47992","image_urls":["http://numismatics.org/collectionimages/19001949/1944/1944.100.47992.rev.width350.jpg"]},{"from":193,"to":194,"title":"RIC IV Septimius Severus 22 (denarius). 1986.161.93","image_urls":["http://numismatics.org/collectionimages/19501999/1986/1986.161.93.rev.width350.jpg"]},{"from":193,"to":217,"title":"Bronze Coin, Hypaepa, AD 193 - AD 217. 1986.77.145","image_urls":["http://numismatics.org/collectionimages/19501999/1986/1986.77.145.rev.width350.jpg"]},{"from":193,"to":211,"title":"Bronze Coin, Eumeneia, AD 193 - AD 211. 1924.999.170","image_urls":["http://numismatics.org/collectionimages/19001949/1924/1924.999.170.rev.width350.jpg"]},{"from":193,"to":211,"title":"Bronze Coin, Hadriani ad Olympum, AD 193 - AD 211. 1944.100.42940","image_urls":["http://numismatics.org/collectionimages/19001949/1944/1944.100.42940.rev.width350.jpg"]},{"from":193,"to":194,"title":"Silver Denarius of Pescennius Niger, Antioch, AD 193 - AD 194. 1995.11.101","image_urls":["http://numismatics.org/collectionimages/19501999/1995/1995.11.101.rev.width350.jpg"]},{"from":193,"to":217,"title":"Bronze Coin, Hadrianothera, AD 193 - AD 217. 1944.100.42943","image_urls":["http://numismatics.org/collectionimages/19001949/1944/1944.100.42943.rev.width350.jpg"]},{"from":193,"to":217,"title":"Bronze Coin, Hypaepa, AD 193 - AD 217. 1986.77.160","image_urls":["http://numismatics.org/collectionimages/19501999/1986/1986.77.160.rev.width350.jpg"]},{"from":193,"to":196,"title":"RIC IV Septimius Severus 843. 1944.100.51360","image_urls":["http://numismatics.org/collectionimages/19001949/1944/1944.100.51360.rev.width350.jpg"]},{"from":193,"to":217,"title":"Bronze Coin, Miletopolis, AD 193 - AD 217. 1944.100.43063","image_urls":["http://numismatics.org/collectionimages/19001949/1944/1944.100.43063.rev.width350.jpg"]},{"from":193,"to":211,"title":"Bronze Coin, Myndus, AD 193 - AD 211. 1949.18.8","image_urls":["http://numismatics.org/collectionimages/19001949/1949/1949.18.8.rev.width350.jpg"]},{"from":193,"to":196,"title":"RIC IV Septimius Severus 536 (denarius). 1956.127.1260","image_urls":["http://numismatics.org/collectionimages/19501999/1956/1956.127.1260.rev.width350.jpg"]},{"from":193,"to":211,"title":"Bronze Coin, Alabanda, AD 193 - AD 211. 1944.100.47639","image_urls":["http://numismatics.org/collectionimages/19001949/1944/1944.100.47639.rev.width350.jpg"]},{"from":193,"to":217,"title":"Bronze Coin, Alabanda, AD 193 - AD 217. 1953.171.662","image_urls":["http://numismatics.org/collectionimages/19501999/1953/1953.171.662.rev.width350.jpg"]},{"from":193,"to":217,"title":"Bronze Coin, Hypaepa, AD 193 - AD 217. 1986.77.157","image_urls":["http://numismatics.org/collectionimages/19501999/1986/1986.77.157.rev.width350.jpg"]},{"from":193,"to":195,"title":"RIC IV Clodius Albinus 11A. 1944.100.50062","image_urls":["http://numismatics.org/collectionimages/19001949/1944/1944.100.50062.rev.width350.jpg"]},{"from":193,"to":194,"title":"RIC IV Septimius Severus 14 (denarius). 1946.92.3","image_urls":["http://numismatics.org/collectionimages/19001949/1946/1946.92.3.rev.width350.jpg"]},{"from":193,"to":211,"title":"Bronze Coin, Corinth, AD 193 - AD 211. 1944.100.38610","image_urls":["http://numismatics.org/collectionimages/19001949/1944/1944.100.38610.rev.width350.jpg"]},{"from":193,"to":217,"title":"Bronze Coin, Lampsacus, AD 193 - AD 217. 1951.64.17","image_urls":["http://numismatics.org/collectionimages/19501999/1951/1951.64.17.rev.width350.jpg"]},{"from":193,"to":211,"title":"Bronze Coin, Asine, AD 193 - AD 211. 1971.193.7","image_urls":["http://numismatics.org/collectionimages/19501999/1971/1971.193.7.rev.width350.jpg"]},{"from":193,"to":196,"title":"RIC IV Septimius Severus 633A. 1984.6.3","image_urls":["http://numismatics.org/collectionimages/19501999/1984/1984.6.3.rev.width350.jpg"]},{"from":193,"to":194,"title":"RIC IV Septimius Severus 14 (denarius). 1987.59.2","image_urls":["http://numismatics.org/collectionimages/19501999/1987/1987.59.2.rev.width350.jpg"]},{"from":193,"to":211,"title":"Bronze Coin, Saitta, AD 193 - AD 211. 1998.18.66","image_urls":["http://numismatics.org/collectionimages/19501999/1998/1998.18.66.rev.width350.jpg"]},{"from":193,"to":211,"title":"Bronze Coin, Las, AD 193 - AD 211. 1970.142.186","image_urls":["http://numismatics.org/collectionimages/19501999/1970/1970.142.186.rev.width350.jpg"]},{"from":193,"to":217,"title":"Bronze Coin, Hypaepa, AD 193 - AD 217. 1986.77.151","image_urls":["http://numismatics.org/collectionimages/19501999/1986/1986.77.151.rev.width350.jpg"]},{"from":193,"to":211,"title":"Bronze Coin, Selge, AD 193 - AD 211. 1944.100.52170","image_urls":["http://numismatics.org/collectionimages/19001949/1944/1944.100.52170.rev.width350.jpg"]},{"from":193,"to":211,"title":"Bronze Coin, Pergamum, AD 193 - AD 211. 1971.230.17","image_urls":["http://numismatics.org/collectionimages/19501999/1971/1971.230.17.rev.width350.jpg"]},{"from":193,"to":211,"title":"Bronze Coin, Calchedon, AD 193 - AD 211. 1944.100.42031","image_urls":["http://numismatics.org/collectionimages/19001949/1944/1944.100.42031.rev.width350.jpg"]},{"from":193,"to":211,"title":"Bronze Coin, Cyzicus, AD 193 - AD 211. 1944.100.42847","image_urls":["http://numismatics.org/collectionimages/19001949/1944/1944.100.42847.rev.width350.jpg"]},{"from":193,"to":217,"title":"Bronze Coin, Emisa, AD 193 - AD 217. 1944.100.66179","image_urls":["http://numismatics.org/collectionimages/19001949/1944/1944.100.66179.rev.width350.jpg"]},{"from":193,"to":217,"title":"Bronze Coin, Hypaepa, AD 193 - AD 217. 1986.77.121","image_urls":["http://numismatics.org/collectionimages/19501999/1986/1986.77.121.rev.width350.jpg"]},{"from":193,"to":217,"title":"Bronze Coin, Hypaepa, AD 193 - AD 217. 1986.77.136","image_urls":["http://numismatics.org/collectionimages/19501999/1986/1986.77.136.rev.width350.jpg"]},{"from":193,"to":211,"title":"Bronze Coin, Thuria, AD 193 - AD 211. 1951.94.10","image_urls":["http://numismatics.org/collectionimages/19501999/1951/1951.94.10.rev.width350.jpg"]},{"from":193,"to":217,"title":"Bronze Coin, Miletopolis, AD 193 - AD 217. 1944.100.43062","image_urls":["http://numismatics.org/collectionimages/19001949/1944/1944.100.43062.rev.width350.jpg"]},{"from":193,"to":217,"title":"Bronze Coin, Hadrianothera, AD 193 - AD 217. 1953.171.509","image_urls":["http://numismatics.org/collectionimages/19501999/1953/1953.171.509.rev.width350.jpg"]},{"from":193,"to":217,"title":"Bronze Coin, Hypaepa, AD 193 - AD 217. 1979.189.7","image_urls":["http://numismatics.org/collectionimages/19501999/1979/1979.189.7.rev.width350.jpg"]},{"from":193,"to":211,"title":"Bronze Coin, Anchialus, AD 193 - AD 211. 1997.32.122","image_urls":["http://numismatics.org/collectionimages/19501999/1997/1997.32.122.rev.width350.jpg"]},{"from":193,"to":217,"title":"Bronze Coin, Hypaepa, AD 193 - AD 217. 1986.77.142","image_urls":["http://numismatics.org/collectionimages/19501999/1986/1986.77.142.rev.width350.jpg"]},{"from":193,"to":195,"title":"RIC IV Septimius Severus 347. 1995.110.5","image_urls":["http://numismatics.org/collectionimages/19501999/1995/1995.110.5.rev.width350.jpg"]},{"from":193,"to":211,"title":"Bronze Coin, Corinth, AD 193 - AD 211. 1944.100.38618","image_urls":["http://numismatics.org/collectionimages/19001949/1944/1944.100.38618.rev.width350.jpg"]},{"from":193,"to":211,"title":"Bronze Coin, Neoclaudiopolis, AD 193 - AD 211. 1944.100.41551","image_urls":["http://numismatics.org/collectionimages/19001949/1944/1944.100.41551.rev.width350.jpg"]},{"from":193,"to":211,"title":"Bronze Coin, Pergamum, AD 193 - AD 211. 1947.97.385","image_urls":["http://numismatics.org/collectionimages/19001949/1947/1947.97.385.rev.width350.jpg"]},{"from":193,"to":211,"title":"Bronze Coin, Alinda, AD 193 - AD 211. 1944.100.47649","image_urls":["http://numismatics.org/collectionimages/19001949/1944/1944.100.47649.rev.width350.jpg"]},{"from":193,"to":211,"title":"Bronze Coin, Corinth, AD 193 - AD 211. 1947.97.317","image_urls":["http://numismatics.org/collectionimages/19001949/1947/1947.97.317.rev.width350.jpg"]},{"from":193,"to":217,"title":"Bronze Coin, Hypaepa, AD 193 - AD 217. 1986.77.132","image_urls":["http://numismatics.org/collectionimages/19501999/1986/1986.77.132.rev.width350.jpg"]},{"from":193,"to":194,"title":"RIC IV Septimius Severus 14 (denarius). 1995.11.1487","image_urls":["http://numismatics.org/collectionimages/19501999/1995/1995.11.1487.rev.width350.jpg"]},{"from":193,"to":217,"title":"Bronze Coin, Hypaepa, AD 193 - AD 217. 1986.77.126","image_urls":["http://numismatics.org/collectionimages/19501999/1986/1986.77.126.rev.width350.jpg"]},{"from":193,"to":211,"title":"Bronze Coin, Apamea, AD 193 - AD 211. 1944.100.49988","image_urls":["http://numismatics.org/collectionimages/19001949/1944/1944.100.49988.rev.width350.jpg"]},{"from":193,"to":217,"title":"Bronze Coin, Alabanda, AD 193 - AD 217. 1944.100.47640","image_urls":["http://numismatics.org/collectionimages/19001949/1944/1944.100.47640.rev.width350.jpg"]},{"from":193,"to":217,"title":"Bronze Coin, Hypaepa, AD 193 - AD 217. 1979.189.3","image_urls":["http://numismatics.org/collectionimages/19501999/1979/1979.189.3.rev.width350.jpg"]},{"from":193,"to":217,"title":"Bronze Coin, Hypaepa, AD 193 - AD 217. 1986.77.153","image_urls":["http://numismatics.org/collectionimages/19501999/1986/1986.77.153.rev.width350.jpg"]},{"from":193,"to":217,"title":"Bronze Coin, Hypaepa, AD 193 - AD 217. 1986.77.147","image_urls":["http://numismatics.org/collectionimages/19501999/1986/1986.77.147.rev.width350.jpg"]},{"from":193,"to":217,"title":"Bronze Coin, Bagis, AD 193 - AD 217. 1971.279.41","image_urls":["http://numismatics.org/collectionimages/19501999/1971/1971.279.41.rev.width350.jpg"]},{"from":193,"to":211,"title":"Bronze Coin, Hypaepa, AD 193 - AD 211. 1953.171.870","image_urls":["http://numismatics.org/collectionimages/19501999/1953/1953.171.870.rev.width350.jpg"]},{"from":193,"to":217,"title":"Bronze Coin, Thuria, AD 193 - AD 217. 1944.100.38860","image_urls":["http://numismatics.org/collectionimages/19001949/1944/1944.100.38860.rev.width350.jpg"]},{"from":193,"to":211,"title":"Bronze Coin, Corinth, AD 193 - AD 211. 1944.100.38614","image_urls":["http://numismatics.org/collectionimages/19001949/1944/1944.100.38614.rev.width350.jpg"]},{"from":193,"to":211,"title":"Bronze Coin, Corinth, AD 193 - AD 211. 1944.100.38617","image_urls":["http://numismatics.org/collectionimages/19001949/1944/1944.100.38617.rev.width350.jpg"]},{"from":193,"to":196,"title":"RIC IV Septimius Severus 538 (denarius). 1997.10.9","image_urls":["http://numismatics.org/collectionimages/19501999/1997/1997.10.9.rev.width350.jpg"]},{"from":193,"to":217,"title":"Bronze Coin, Hypaepa, AD 193 - AD 217. 1986.77.120","image_urls":["http://numismatics.org/collectionimages/19501999/1986/1986.77.120.rev.width350.jpg"]},{"from":193,"to":211,"title":"Bronze Coin, Saitta, AD 193 - AD 211. 1973.191.14","image_urls":["http://numismatics.org/collectionimages/19501999/1973/1973.191.14.rev.width350.jpg"]},{"from":193,"to":217,"title":"Bronze Coin, Nicaea Cilbianon, AD 193 - AD 217. 1953.171.867","image_urls":["http://numismatics.org/collectionimages/19501999/1953/1953.171.867.rev.width350.jpg"]},{"from":193,"to":211,"title":"Bronze Coin, Corinth, AD 193 - AD 211. 1956.174.70","image_urls":["http://numismatics.org/collectionimages/19501999/1956/1956.174.70.rev.width350.jpg"]},{"from":193,"to":217,"title":"Bronze Coin, Hypaepa, AD 193 - AD 217. 1986.77.135","image_urls":["http://numismatics.org/collectionimages/19501999/1986/1986.77.135.rev.width350.jpg"]},{"from":193,"to":217,"title":"Bronze Coin, Elaea, AD 193 - AD 217. 1944.100.44201","image_urls":["http://numismatics.org/collectionimages/19001949/1944/1944.100.44201.rev.width350.jpg"]},{"from":193,"to":211,"title":"Bronze Coin, Odessus, AD 193 - AD 211. 1998.18.14","image_urls":["http://numismatics.org/collectionimages/19501999/1998/1998.18.14.rev.width350.jpg"]},{"from":193,"to":211,"title":"Bronze Coin, Anchialus, AD 193 - AD 211. 1998.13.10","image_urls":["http://numismatics.org/collectionimages/19501999/1998/1998.13.10.rev.width350.jpg"]},{"from":193,"to":217,"title":"Bronze Coin, Hypaepa, AD 193 - AD 217. 1979.189.6","image_urls":["http://numismatics.org/collectionimages/19501999/1979/1979.189.6.rev.width350.jpg"]},{"from":193,"to":211,"title":"Bronze Coin, Pergamum, AD 193 - AD 211. 1944.100.43352","image_urls":["http://numismatics.org/collectionimages/19001949/1944/1944.100.43352.rev.width350.jpg"]},{"from":193,"to":211,"title":"Bronze Coin, Corinth, AD 193 - AD 211. 1944.100.38609","image_urls":["http://numismatics.org/collectionimages/19001949/1944/1944.100.38609.rev.width350.jpg"]},{"from":193,"to":194,"title":"RIC IV Pescennius Niger 22. 1956.127.1250","image_urls":["http://numismatics.org/collectionimages/19501999/1956/1956.127.1250.rev.width350.jpg"]},{"from":193,"to":217,"title":"Bronze Coin, Tabae, AD 193 - AD 217. 1944.100.48396","image_urls":["http://numismatics.org/collectionimages/19001949/1944/1944.100.48396.rev.width350.jpg"]},{"from":193,"to":194,"title":"RIC IV Pescennius Niger 19. 1984.112.1","image_urls":["http://numismatics.org/collectionimages/19501999/1984/1984.112.1.rev.width350.jpg"]},{"from":193,"to":195,"title":"RIC IV Septimius Severus 347. 1986.161.125","image_urls":["http://numismatics.org/collectionimages/19501999/1986/1986.161.125.rev.width350.jpg"]},{"from":193,"to":211,"title":"Bronze Coin, Gordus Julia, AD 193 - AD 211. 1944.100.48942","image_urls":["http://numismatics.org/collectionimages/19001949/1944/1944.100.48942.rev.width350.jpg"]},{"from":193,"to":211,"title":"Bronze Coin, Pergamum, AD 193 - AD 211. 1944.100.43350","image_urls":["http://numismatics.org/collectionimages/19001949/1944/1944.100.43350.rev.width350.jpg"]},{"from":193,"to":194,"title":"RIC IV Septimius Severus 24 (aureus). 1980.109.170","image_urls":["http://numismatics.org/collectionimages/19501999/1980/1980.109.170.rev.width350.jpg"]},{"from":193,"to":211,"title":"Bronze Coin, Corinth, AD 193 - AD 211. 1944.100.38615","image_urls":["http://numismatics.org/collectionimages/19001949/1944/1944.100.38615.rev.width350.jpg"]},{"from":193,"to":217,"title":"Bronze Coin, Emisa, AD 193 - AD 217. 1944.100.66178","image_urls":["http://numismatics.org/collectionimages/19001949/1944/1944.100.66178.rev.width350.jpg"]},{"from":193,"to":211,"title":"Bronze Coin, Nicaea Cilbianon, AD 193 - AD 211. 1971.279.44","image_urls":["http://numismatics.org/collectionimages/19501999/1971/1971.279.44.rev.width350.jpg"]},{"from":193,"to":196,"title":"RIC IV Septimius Severus 629. 1944.100.51341","image_urls":["http://numismatics.org/collectionimages/19001949/1944/1944.100.51341.rev.width350.jpg"]},{"from":193,"to":211,"title":"Bronze Coin, Calchedon, AD 193 - AD 211. 1944.100.42030","image_urls":["http://numismatics.org/collectionimages/19001949/1944/1944.100.42030.rev.width350.jpg"]},{"from":193,"to":217,"title":"Bronze Coin, Hypaepa, AD 193 - AD 217. 1986.77.129","image_urls":["http://numismatics.org/collectionimages/19501999/1986/1986.77.129.rev.width350.jpg"]},{"from":193,"to":217,"title":"Bronze Sestertius of Caracalla, Rome, AD 193 - AD 217. 1920.999.287","image_urls":["http://numismatics.org/collectionimages/19001949/1920/1920.999.287.rev.width350.jpg"]},{"from":193,"to":211,"title":"Bronze Coin, Metropolis, AD 193 - AD 211. 1951.64.36","image_urls":["http://numismatics.org/collectionimages/19501999/1951/1951.64.36.rev.width350.jpg"]},{"from":193,"to":217,"title":"Bronze Coin, Miletopolis, AD 193 - AD 217. 1944.100.43061","image_urls":["http://numismatics.org/collectionimages/19001949/1944/1944.100.43061.rev.width350.jpg"]},{"from":193,"to":211,"title":"Bronze Coin, Heraea, AD 193 - AD 211. 1944.100.40087","image_urls":["http://numismatics.org/collectionimages/19001949/1944/1944.100.40087.rev.width350.jpg"]},{"from":193,"to":211,"title":"Bronze Coin, Pergamum, AD 193 - AD 211. 1971.230.16","image_urls":["http://numismatics.org/collectionimages/19501999/1971/1971.230.16.rev.width350.jpg"]},{"from":193,"to":211,"title":"Bronze Coin, Pergamum, AD 193 - AD 211. 1953.171.535","image_urls":["http://numismatics.org/collectionimages/19501999/1953/1953.171.535.rev.width350.jpg"]},{"from":193,"to":194,"title":"RIC IV Septimius Severus 608. 1984.6.2","image_urls":["http://numismatics.org/collectionimages/19501999/1984/1984.6.2.rev.width350.jpg"]},{"from":193,"to":217,"title":"Bronze Coin, Hypaepa, AD 193 - AD 217. 1986.77.141","image_urls":["http://numismatics.org/collectionimages/19501999/1986/1986.77.141.rev.width350.jpg"]},{"from":193,"to":194,"title":"RIC IV Pescennius Niger 3F. 1944.100.50076","image_urls":["http://numismatics.org/collectionimages/19001949/1944/1944.100.50076.rev.width350.jpg"]},{"from":193,"to":211,"title":"Bronze Coin, Corinth, AD 193 - AD 211. 1944.100.38606","image_urls":["http://numismatics.org/collectionimages/19001949/1944/1944.100.38606.rev.width350.jpg"]},{"from":193,"to":217,"title":"Bronze Coin, Hypaepa, AD 193 - AD 217. 1986.77.124","image_urls":["http://numismatics.org/collectionimages/19501999/1986/1986.77.124.rev.width350.jpg"]},{"from":193,"to":217,"title":"Bronze Coin, Hypaepa, AD 193 - AD 217. 1986.77.118","image_urls":["http://numismatics.org/collectionimages/19501999/1986/1986.77.118.rev.width350.jpg"]},{"from":193,"to":211,"title":"Bronze Coin, Anchialus, AD 193 - AD 211. 1948.147.6","image_urls":["http://numismatics.org/collectionimages/19001949/1948/1948.147.6.rev.width350.jpg"]},{"from":193,"to":194,"title":"RIC IV Septimius Severus 22 (denarius). 1944.100.50122","image_urls":["http://numismatics.org/collectionimages/19001949/1944/1944.100.50122.rev.width350.jpg"]},{"from":193,"to":194,"title":"RIC IV Septimius Severus 17. 1978.213.1","image_urls":["http://numismatics.org/collectionimages/19501999/1978/1978.213.1.rev.width350.jpg"]},{"from":193,"to":196,"title":"RIC IV Septimius Severus 536 (denarius). 1956.127.1259","image_urls":["http://numismatics.org/collectionimages/19501999/1956/1956.127.1259.rev.width350.jpg"]},{"from":193,"to":211,"title":"Bronze Denarius of Septimius Severus, Rome, AD 193 - AD 211. 1944.100.50280","image_urls":["http://numismatics.org/collectionimages/19001949/1944/1944.100.50280.rev.width350.jpg"]},{"from":193,"to":195,"title":"RIC IV Clodius Albinus 11B. 1948.19.1410","image_urls":["http://numismatics.org/collectionimages/19001949/1948/1948.19.1410.rev.width350.jpg"]},{"from":193,"to":211,"title":"Bronze Coin, Larissa, AD 193 - AD 211. 1944.100.17770","image_urls":["http://numismatics.org/collectionimages/19001949/1944/1944.100.17770.rev.width350.jpg"]},{"from":193,"to":194,"title":"RIC IV Septimius Severus 18 (denarius). 1992.118.11","image_urls":["http://numismatics.org/collectionimages/19501999/1992/1992.118.11.rev.width350.jpg"]},{"from":193,"to":217,"title":"Bronze Coin, Hypaepa, AD 193 - AD 217. 1986.77.138","image_urls":["http://numismatics.org/collectionimages/19501999/1986/1986.77.138.rev.width350.jpg"]},{"from":193,"to":217,"title":"Bronze Coin, Hadriani ad Olympum, AD 193 - AD 217. 1971.230.10","image_urls":["http://numismatics.org/collectionimages/19501999/1971/1971.230.10.rev.width350.jpg"]},{"from":193,"to":194,"title":"RIC IV Septimius Severus 24 (aureus). 1967.153.167","image_urls":["http://numismatics.org/collectionimages/19501999/1967/1967.153.167.rev.width350.jpg"]},{"from":193,"to":217,"title":"Bronze Coin, Hypaepa, AD 193 - AD 217. 1986.77.123","image_urls":["http://numismatics.org/collectionimages/19501999/1986/1986.77.123.rev.width350.jpg"]},{"from":193,"to":217,"title":"Bronze Coin, Hypaepa, AD 193 - AD 217. 1986.77.144","image_urls":["http://numismatics.org/collectionimages/19501999/1986/1986.77.144.rev.width350.jpg"]},{"from":193,"to":211,"title":"Bronze Coin, Apollonia Salbace, AD 193 - AD 211. 1971.230.34","image_urls":["http://numismatics.org/collectionimages/19501999/1971/1971.230.34.rev.width350.jpg"]},{"from":193,"to":211,"title":"Bronze Coin, Anchialus, AD 193 - AD 211. 2006.21.2","image_urls":["http://numismatics.org/collectionimages/20002049/2006/2006.21.2.rev.width350.jpg"]},{"from":193,"to":217,"title":"Bronze Coin, Hypaepa, AD 193 - AD 217. 1986.77.162","image_urls":["http://numismatics.org/collectionimages/19501999/1986/1986.77.162.rev.width350.jpg"]},{"from":193,"to":217,"title":"Bronze Coin, Hypaepa, AD 193 - AD 217. 1986.77.156","image_urls":["http://numismatics.org/collectionimages/19501999/1986/1986.77.156.rev.width350.jpg"]},{"from":193,"to":211,"title":"Bronze Coin, Gangra/Gangra, AD 193 - AD 211. 1970.142.260","image_urls":["http://numismatics.org/collectionimages/19501999/1970/1970.142.260.rev.width350.jpg"]},{"from":193,"to":217,"title":"Bronze Coin, Larissa, AD 193 - AD 217. 1944.100.17771","image_urls":["http://numismatics.org/collectionimages/19001949/1944/1944.100.17771.rev.width350.jpg"]},{"from":193,"to":217,"title":"Bronze Coin, Hypaepa, AD 193 - AD 217. 1986.77.139","image_urls":["http://numismatics.org/collectionimages/19501999/1986/1986.77.139.rev.width350.jpg"]},{"from":193,"to":211,"title":"Bronze Coin, Corinth, AD 193 - AD 211. 1956.174.69","image_urls":["http://numismatics.org/collectionimages/19501999/1956/1956.174.69.rev.width350.jpg"]},{"from":193,"to":217,"title":"Bronze Coin, Hypaepa, AD 193 - AD 217. 1986.77.127","image_urls":["http://numismatics.org/collectionimages/19501999/1986/1986.77.127.rev.width350.jpg"]},{"from":193,"to":217,"title":"Bronze Coin, Hypaepa, AD 193 - AD 217. 1986.77.154","image_urls":["http://numismatics.org/collectionimages/19501999/1986/1986.77.154.rev.width350.jpg"]},{"from":193,"to":194,"title":"RIC IV Septimius Severus 24 (denarius). 1995.11.1488","image_urls":["http://numismatics.org/collectionimages/19501999/1995/1995.11.1488.rev.width350.jpg"]},{"from":193,"to":217,"title":"Bronze Coin, Hypaepa, AD 193 - AD 217. 1986.77.148","image_urls":["http://numismatics.org/collectionimages/19501999/1986/1986.77.148.rev.width350.jpg"]},{"from":193,"to":211,"title":"Bronze Coin, Gordus Julia, AD 193 - AD 211. 1944.100.48943","image_urls":["http://numismatics.org/collectionimages/19001949/1944/1944.100.48943.rev.width350.jpg"]},{"from":193,"to":217,"title":"Bronze Coin, Hypaepa, AD 193 - AD 217. 1986.77.133","image_urls":["http://numismatics.org/collectionimages/19501999/1986/1986.77.133.rev.width350.jpg"]},{"from":193,"to":195,"title":"RIC IV Clodius Albinus 62. 1944.100.50068","image_urls":["http://numismatics.org/collectionimages/19001949/1944/1944.100.50068.rev.width350.jpg"]},{"from":193,"to":217,"title":"Bronze uncertain, Naxos, AD 193 - AD 217. 1956.174.32","image_urls":["http://numismatics.org/collectionimages/19501999/1956/1956.174.32.rev.width350.jpg"]},{"from":193,"to":211,"title":"Bronze Coin, Anchialus, AD 193 - AD 211. 1947.97.116","image_urls":["http://numismatics.org/collectionimages/19001949/1947/1947.97.116.rev.width350.jpg"]},{"from":193,"to":211,"title":"Bronze Coin, Mylasa, AD 193 - AD 211. 1944.100.48027","image_urls":["http://numismatics.org/collectionimages/19001949/1944/1944.100.48027.rev.width350.jpg"]},{"from":193,"to":217,"title":"Bronze Coin, Pylus, AD 193 - AD 217. 1947.97.320","image_urls":["http://numismatics.org/collectionimages/19001949/1947/1947.97.320.rev.width350.jpg"]},{"from":193,"to":217,"title":"Bronze Coin, Hypaepa, AD 193 - AD 217. 1986.77.150","image_urls":["http://numismatics.org/collectionimages/19501999/1986/1986.77.150.rev.width350.jpg"]},{"from":193,"to":194,"title":"RIC IV Septimius Severus 12. 1986.161.92","image_urls":["http://numismatics.org/collectionimages/19501999/1986/1986.161.92.rev.width350.jpg"]},{"from":193,"to":217,"title":"Bronze Coin, Nicaea Cilbianon, AD 193 - AD 217. 1944.100.48927","image_urls":["http://numismatics.org/collectionimages/19001949/1944/1944.100.48927.rev.width350.jpg"]},{"from":193,"to":217,"title":"Bronze Coin, Hypaepa, AD 193 - AD 217. 1986.77.159","image_urls":["http://numismatics.org/collectionimages/19501999/1986/1986.77.159.rev.width350.jpg"]},{"from":193,"to":196,"title":"RIC IV Septimius Severus 536 (denarius). 1944.100.50313","image_urls":["http://numismatics.org/collectionimages/19001949/1944/1944.100.50313.rev.width350.jpg"]},{"from":193,"to":211,"title":"Bronze Coin, Anchialus, AD 193 - AD 211. 1944.100.15533","image_urls":["http://numismatics.org/collectionimages/19001949/1944/1944.100.15533.rev.width350.jpg"]},{"from":193,"to":211,"title":"Bronze 2 assaria, Phlius, AD 193 - AD 211. 2006.31.14","image_urls":["http://numismatics.org/collectionimages/20002049/2006/2006.31.14.rev.width350.jpg"]},{"from":193,"to":194,"title":"RIC IV Septimius Severus 12. 1948.19.1428","image_urls":["http://numismatics.org/collectionimages/19001949/1948/1948.19.1428.rev.width350.jpg"]},{"from":193,"to":211,"title":"Bronze Coin, Trapezopolis, AD 193 - AD 211. 1971.230.54","image_urls":["http://numismatics.org/collectionimages/19501999/1971/1971.230.54.rev.width350.jpg"]},{"from":193,"to":211,"title":"Bronze Coin, Las, AD 193 - AD 211. 1944.100.38967","image_urls":["http://numismatics.org/collectionimages/19001949/1944/1944.100.38967.rev.width350.jpg"]},{"from":193,"to":217,"title":"Bronze Coin, Tabae, AD 193 - AD 217. 1944.100.48395","image_urls":["http://numismatics.org/collectionimages/19001949/1944/1944.100.48395.rev.width350.jpg"]},{"from":193,"to":194,"title":"RIC IV Septimius Severus 24A (denarius). 1944.100.50051","image_urls":["http://numismatics.org/collectionimages/19001949/1944/1944.100.50051.rev.width350.jpg"]},{"from":193,"to":211,"title":"Bronze Coin, Tabae, AD 193 - AD 211. 2007.15.29","image_urls":["http://numismatics.org/collectionimages/20002049/2007/2007.15.29.rev.width350.jpg"]},{"from":193,"to":211,"title":"Bronze Coin, Tarsus, AD 193 - AD 211. 1944.100.54549","image_urls":["http://numismatics.org/collectionimages/19001949/1944/1944.100.54549.rev.width350.jpg"]},{"from":193,"to":211,"title":"Bronze Coin, Corinth, AD 193 - AD 211. 1944.100.38608","image_urls":["http://numismatics.org/collectionimages/19001949/1944/1944.100.38608.rev.width350.jpg"]},{"from":193,"to":194,"title":"RIC IV Septimius Severus 24 (denarius). 1986.161.94","image_urls":["http://numismatics.org/collectionimages/19501999/1986/1986.161.94.rev.width350.jpg"]},{"from":193,"to":196,"title":"RIC IV Septimius Severus 536 (denarius). 1948.19.1487","image_urls":["http://numismatics.org/collectionimages/19001949/1948/1948.19.1487.rev.width350.jpg"]},{"from":193,"to":194,"title":"RIC IV Pescennius Niger 65A. 1954.203.230","image_urls":["http://numismatics.org/collectionimages/19501999/1954/1954.203.230.rev.width350.jpg"]},{"from":193,"to":217,"title":"Bronze Coin, Emisa, AD 193 - AD 217. 1948.19.2039","image_urls":["http://numismatics.org/collectionimages/19001949/1948/1948.19.2039.rev.width350.jpg"]},{"from":193,"to":196,"title":"RIC IV Septimius Severus 536 (aureus). 1960.175.36","image_urls":["http://numismatics.org/collectionimages/19501999/1960/1960.175.36.rev.width350.jpg"]},{"from":193,"to":217,"title":"Bronze Coin, Miletopolis, AD 193 - AD 217. 1944.100.43064","image_urls":["http://numismatics.org/collectionimages/19001949/1944/1944.100.43064.rev.width350.jpg"]},{"from":193,"to":196,"title":"RIC IV Septimius Severus 840. 1944.100.51359","image_urls":["http://numismatics.org/collectionimages/19001949/1944/1944.100.51359.rev.width350.jpg"]},{"from":193,"to":211,"title":"Bronze Coin, Corinth, AD 193 - AD 211. 1944.100.38611","image_urls":["http://numismatics.org/collectionimages/19001949/1944/1944.100.38611.rev.width350.jpg"]},{"from":193,"to":211,"title":"Bronze Coin, Corinth, AD 193 - AD 211. 1944.100.38605","image_urls":["http://numismatics.org/collectionimages/19001949/1944/1944.100.38605.rev.width350.jpg"]},{"from":193,"to":217,"title":"Bronze Coin, Thuria, AD 193 - AD 217. 1956.174.76","image_urls":["http://numismatics.org/collectionimages/19501999/1956/1956.174.76.rev.width350.jpg"]},{"from":193,"to":211,"title":"Bronze Coin, Apamea, AD 193 - AD 211. 1944.100.49987","image_urls":["http://numismatics.org/collectionimages/19001949/1944/1944.100.49987.rev.width350.jpg"]},{"from":193,"to":217,"title":"Bronze Coin, Larissa, AD 193 - AD 217. 1944.100.17772","image_urls":["http://numismatics.org/collectionimages/19001949/1944/1944.100.17772.rev.width350.jpg"]},{"from":193,"to":211,"title":"Bronze Coin, Aegeira, AD 193 - AD 211. 1944.100.37633","image_urls":["http://numismatics.org/collectionimages/19001949/1944/1944.100.37633.rev.width350.jpg"]},{"from":193,"to":217,"title":"Bronze Coin, Hypaepa, AD 193 - AD 217. 1986.77.140","image_urls":["http://numismatics.org/collectionimages/19501999/1986/1986.77.140.rev.width350.jpg"]},{"from":193,"to":194,"title":"RIC IV Pescennius Niger 3D. 1944.100.50075","image_urls":["http://numismatics.org/collectionimages/19001949/1944/1944.100.50075.rev.width350.jpg"]},{"from":193,"to":217,"title":"Bronze Coin, Apameia (Myrleia), AD 193 - AD 217. 1944.100.41981","image_urls":["http://numismatics.org/collectionimages/19001949/1944/1944.100.41981.rev.width350.jpg"]},{"from":193,"to":217,"title":"Bronze Coin, Hypaepa, AD 193 - AD 217. 1986.77.134","image_urls":["http://numismatics.org/collectionimages/19501999/1986/1986.77.134.rev.width350.jpg"]},{"from":193,"to":217,"title":"Bronze Coin, Hypaepa, AD 193 - AD 217. 1986.77.161","image_urls":["http://numismatics.org/collectionimages/19501999/1986/1986.77.161.rev.width350.jpg"]},{"from":193,"to":211,"title":"Bronze Coin, Larissa, AD 193 - AD 211. 1944.100.17769","image_urls":["http://numismatics.org/collectionimages/19001949/1944/1944.100.17769.rev.width350.jpg"]},{"from":193,"to":217,"title":"Bronze Coin, Odessus, AD 193 - AD 217. 1944.100.15385","image_urls":["http://numismatics.org/collectionimages/19001949/1944/1944.100.15385.rev.width350.jpg"]},{"from":193,"to":195,"title":"RIC IV Septimius Severus 345. 1984.6.1","image_urls":["http://numismatics.org/collectionimages/19501999/1984/1984.6.1.rev.width350.jpg"]},{"from":193,"to":196,"title":"RIC IV Septimius Severus 536 (denarius). 1992.119.6","image_urls":["http://numismatics.org/collectionimages/19501999/1992/1992.119.6.rev.width350.jpg"]},{"from":193,"to":217,"title":"Bronze Coin, Hypaepa, AD 193 - AD 217. 1986.77.149","image_urls":["http://numismatics.org/collectionimages/19501999/1986/1986.77.149.rev.width350.jpg"]},{"from":193,"to":194,"title":"RIC IV Septimius Severus 19 (denarius). 1951.94.23","image_urls":["http://numismatics.org/collectionimages/19501999/1951/1951.94.23.rev.width350.jpg"]},{"from":193,"to":217,"title":"Bronze Coin, Gordus Julia, AD 193 - AD 217. 1944.100.48944","image_urls":["http://numismatics.org/collectionimages/19001949/1944/1944.100.48944.rev.width350.jpg"]},{"from":193,"to":194,"title":"RIC IV Septimius Severus 22 (denarius). 1992.118.16","image_urls":["http://numismatics.org/collectionimages/19501999/1992/1992.118.16.rev.width350.jpg"]},{"from":193,"to":217,"title":"Bronze Coin, Hypaepa, AD 193 - AD 217. 1986.77.155","image_urls":["http://numismatics.org/collectionimages/19501999/1986/1986.77.155.rev.width350.jpg"]},{"from":193,"to":211,"title":"Bronze Coin, Marcianopolis, AD 193 - AD 211. 1944.100.15271","image_urls":["http://numismatics.org/collectionimages/19001949/1944/1944.100.15271.rev.width350.jpg"]},{"from":193,"to":217,"title":"Bronze Coin, Bargylia, AD 193 - AD 217. 1953.171.804","image_urls":["http://numismatics.org/collectionimages/19501999/1953/1953.171.804.rev.width350.jpg"]},{"from":193,"to":194,"title":"RIC IV Septimius Severus 14 (denarius). 1956.127.1252","image_urls":["http://numismatics.org/collectionimages/19501999/1956/1956.127.1252.rev.width350.jpg"]},{"from":193,"to":211,"title":"Bronze Coin, Pergamum, AD 193 - AD 211. 1944.100.43355","image_urls":["http://numismatics.org/collectionimages/19001949/1944/1944.100.43355.rev.width350.jpg"]},{"from":193,"to":195,"title":"RIC IV Clodius Albinus 11B. 1944.100.50063","image_urls":["http://numismatics.org/collectionimages/19001949/1944/1944.100.50063.rev.width350.jpg"]},{"from":193,"to":217,"title":"Bronze Coin, Hypaepa, AD 193 - AD 217. 1986.77.117","image_urls":["http://numismatics.org/collectionimages/19501999/1986/1986.77.117.rev.width350.jpg"]},{"from":193,"to":196,"title":"RIC IV Septimius Severus 627. 1946.7.30","image_urls":["http://numismatics.org/collectionimages/19001949/1946/1946.7.30.rev.width350.jpg"]},{"from":193,"to":217,"title":"Bronze Coin, Hypaepa, AD 193 - AD 217. 1986.77.152","image_urls":["http://numismatics.org/collectionimages/19501999/1986/1986.77.152.rev.width350.jpg"]},{"from":193,"to":211,"title":"Bronze Denarius of Septimius Severus, Rome, AD 193 - AD 211. 1944.100.50279","image_urls":["http://numismatics.org/collectionimages/19001949/1944/1944.100.50279.rev.width350.jpg"]},{"from":193,"to":211,"title":"Bronze Coin, Corinth, AD 193 - AD 211. 1944.100.38607","image_urls":["http://numismatics.org/collectionimages/19001949/1944/1944.100.38607.rev.width350.jpg"]},{"from":193,"to":217,"title":"Bronze Coin, Tabae, AD 193 - AD 217. 1944.100.48394","image_urls":["http://numismatics.org/collectionimages/19001949/1944/1944.100.48394.rev.width350.jpg"]},{"from":193,"to":211,"title":"Bronze Coin, Corinth, AD 193 - AD 211. 1944.100.38616","image_urls":["http://numismatics.org/collectionimages/19001949/1944/1944.100.38616.rev.width350.jpg"]},{"from":193,"to":217,"title":"Bronze Coin, Elaea, AD 193 - AD 217. 1944.100.44200","image_urls":["http://numismatics.org/collectionimages/19001949/1944/1944.100.44200.rev.width350.jpg"]},{"from":193,"to":194,"title":"RIC IV Pescennius Niger 64A. 1944.100.50074","image_urls":["http://numismatics.org/collectionimages/19001949/1944/1944.100.50074.rev.width350.jpg"]},{"from":193,"to":217,"title":"Bronze Coin, Adramyteum, AD 193 - AD 217. 1944.100.42409","image_urls":["http://numismatics.org/collectionimages/19001949/1944/1944.100.42409.rev.width350.jpg"]},{"from":193,"to":194,"title":"RIC IV Pescennius Niger 25. 1956.4.17","image_urls":["http://numismatics.org/collectionimages/19501999/1956/1956.4.17.rev.width350.jpg"]},{"from":193,"to":211,"title":"Bronze Coin, Corinth, AD 193 - AD 211. 1944.100.38612","image_urls":["http://numismatics.org/collectionimages/19001949/1944/1944.100.38612.rev.width350.jpg"]},{"from":193,"to":194,"title":"RIC IV Septimius Severus 14 (denarius). 1944.100.50121","image_urls":["http://numismatics.org/collectionimages/19001949/1944/1944.100.50121.rev.width350.jpg"]},{"from":193,"to":211,"title":"Bronze Coin, Cyzicus, AD 193 - AD 211. 1944.100.42849","image_urls":["http://numismatics.org/collectionimages/19001949/1944/1944.100.42849.rev.width350.jpg"]},{"from":193,"to":211,"title":"Bronze Coin, Corinth, AD 193 - AD 211. 0000.999.16773","image_urls":["http://numismatics.org/collectionimages/00001899/0000/0000.999.16773.rev.width350.jpg"]},{"from":193,"to":211,"title":"Bronze Coin, Hermocapelia, AD 193 - AD 211. 1944.100.48948","image_urls":["http://numismatics.org/collectionimages/19001949/1944/1944.100.48948.rev.width350.jpg"]},{"from":193,"to":211,"title":"Silver hemidrachm, Pellene, AD 193 - AD 211. 1944.100.39502","image_urls":["http://numismatics.org/collectionimages/19001949/1944/1944.100.39502.rev.width350.jpg"]},{"from":193,"to":217,"title":"Bronze Coin, Sicyon, AD 193 - AD 217. 1970.142.170","image_urls":["http://numismatics.org/collectionimages/19501999/1970/1970.142.170.rev.width350.jpg"]},{"from":193,"to":195,"title":"RIC IV Septimius Severus 344. 1985.34.6","image_urls":["http://numismatics.org/collectionimages/19501999/1985/1985.34.6.rev.width350.jpg"]},{"from":193,"to":211,"title":"Bronze Coin, Pergamum, AD 193 - AD 211. 1944.100.43354","image_urls":["http://numismatics.org/collectionimages/19001949/1944/1944.100.43354.rev.width350.jpg"]}]