[{"from":194,"to":195,"title":"Denarius of Septimius Severus, Emisa, A.D. 194. 1989.19.15.","image_urls":["http://coins.lib.virginia.edu/images/coins/screen/n1989_19_15_rev.jpg"]},{"from":194,"to":194,"title":"SF-E8F5C3: A coin issued by Septimius Severus","image_urls":["https://finds.org.uk/images/abrown/MNL_SF-E8F5C3.jpg"]},{"from":194,"to":194,"title":"LEIC-6E8182: A coin issued by Septimius Severus","image_urls":["https://finds.org.uk/images/wscott/6E8182.JPG"]},{"from":194,"to":194,"title":"LEIC-2B52B1: A coin issued by Septimius Severus","image_urls":["https://finds.org.uk/images/wscott/2B52B1.JPG"]},{"from":194,"to":194,"title":"IOW-BEECB3: A coin issued by Septimius Severus","image_urls":["https://finds.org.uk/images/fbasford/IOW2010-1-523.JPG"]},{"from":194,"to":194,"title":"SUR-35F5C5: A coin issued by Julia Domna","image_urls":["https://finds.org.uk/images/dwilliams/10.927.jpg"]},{"from":194,"to":194,"title":"HAMP-040900: A coin issued by Septimius Severus","image_urls":["https://finds.org.uk/images/khindshamp/HAMP-040900.jpg"]},{"from":194,"to":211,"title":"SWYOR-2947A7: A coin issued by Julia Domna","image_urls":["https://finds.org.uk/images/acooper/PAS_1181_15.jpg"]},{"from":194,"to":197,"title":"BH-D7D32C: A coin issued by Septimius Severus","image_urls":["https://finds.org.uk/images/jwatters/Roman_coin_15_19_2.jpg"]},{"from":194,"to":194,"title":"LEIC-5E99B5: A coin issued by Clodius Albinus","image_urls":["https://finds.org.uk/images/wscott/5E99B5.JPG"]},{"from":194,"to":194,"title":"LIN-A23576: A coin issued by Septimius Severus","image_urls":["https://finds.org.uk/images/adaubney/LIN2014-257.jpg"]},{"from":194,"to":194,"title":"BM-EF5E90: A coin issued by Septimius Severus","image_urls":["https://finds.org.uk/images/jasonlundock/5211.jpg"]},{"from":194,"to":194,"title":"NLM-EC2225: A coin issued by Septimius Severus","image_urls":["https://finds.org.uk/images/mforeman/NLM18376.jpg"]},{"from":194,"to":194,"title":"NMGW-0F08EE: A coin issued by Septimius Severus","image_urls":["https://finds.org.uk/images/wenkedomscheit/2014.8.19jpg.jpg"]},{"from":194,"to":195,"title":"WMID-088216: A coin issued by Clodius Albinus","image_urls":["https://finds.org.uk/images/tgilmore/WMID-088216.jpg"]},{"from":194,"to":195,"title":"NCL-1E5638: A coin issued by Septimius Severus","image_urls":["https://finds.org.uk/images/emorris/IMG_3.jpg"]},{"from":194,"to":194,"title":"HAMP-B04492: A coin issued by Septimius Severus","image_urls":["https://finds.org.uk/images/jojocole/HAMP-B04492.jpg"]},{"from":194,"to":194,"title":"NCL-663C45: A coin issued by Septimius Severus","image_urls":["https://finds.org.uk/images/pwalton/728.jpg"]},{"from":194,"to":195,"title":"BUC-0897B6: A coin issued by Septimius Severus","image_urls":["https://finds.org.uk/images/jmoss/2dscn9309.jpg"]},{"from":194,"to":194,"title":"NCL-C2EAE1: A coin issued by Septimius Severus","image_urls":["https://finds.org.uk/images/pwalton/764.jpg"]},{"from":194,"to":196,"title":"HAMP-D45257: A coin issued by Septimius Severus","image_urls":["https://finds.org.uk/images/khindshamp/HAMP-D45257.jpg"]},{"from":194,"to":194,"title":"LEIC-BF69D7: A coin issued by Septimius Severus","image_urls":["https://finds.org.uk/images/wscott/BF69D7.JPG"]},{"from":194,"to":194,"title":"HAMP-36EA93: A coin issued by Septimius Severus","image_urls":["https://finds.org.uk/images/rwebley/HAMP-36EA93SeptimiusSeverusas.jpg"]},{"from":194,"to":194,"title":"BERK-5CF174: A coin issued by Septimius Severus","image_urls":["https://finds.org.uk/images/abyard/2010540.jpg"]},{"from":194,"to":198,"title":"LANCUM-C93526: A coin issued by Septimius Severus","image_urls":["https://finds.org.uk/images/dboughton/LANCUMC93526.jpg"]},{"from":194,"to":196,"title":"IOW-218877: A coin issued by Septimius Severus","image_urls":["https://finds.org.uk/images/fbasford/IOW2009-3-12.JPG"]},{"from":194,"to":194,"title":"NCL-40A121: A coin issued by Septimius Severus","image_urls":["https://finds.org.uk/images/pwalton/4594.jpg"]},{"from":194,"to":204,"title":"SUR-23ABC5: A coin issued by Septimius Severus","image_urls":["https://finds.org.uk/images/bvenn/08.421.JPG"]},{"from":194,"to":196,"title":"BM-612A05: A coin issued by Septimius Severus","image_urls":["https://finds.org.uk/images/jasonlundock/5104.jpg"]},{"from":194,"to":195,"title":"HAMP-ADB647: A coin issued by Clodius Albinus","image_urls":["https://finds.org.uk/images/jmccrohan/Hamp%20ADB647.tif"]},{"from":194,"to":195,"title":"SUR-8B5A66: A coin issued by Septimius Severus","image_urls":["https://finds.org.uk/images/dwilliams/11-1262.jpg"]},{"from":194,"to":194,"title":"LVPL-0EE679: A coin issued by Septimius Severus","image_urls":["https://finds.org.uk/images/voakden/LVPL-0EE679.jpg"]},{"from":194,"to":194,"title":"HAMP-6CC6F1: A coin issued by Septimius Severus","image_urls":["https://finds.org.uk/images/awillishamp/HAMP-6CC6F1.jpg"]},{"from":194,"to":194,"title":"BERK-0A4FF2: A coin issued by Septimius Severus","image_urls":["https://finds.org.uk/images/abyard/2011458.jpg"]},{"from":194,"to":196,"title":"WMID-88ECE1: A coin issued by Septimius Severus","image_urls":["https://finds.org.uk/images/dslarke/wag%20roman%20coin%203_edited-1.jpg"]},{"from":194,"to":196,"title":"IOW-1A7E37: A coin issued by Septimius Severus","image_urls":["https://finds.org.uk/images/fbasford/IOW2007-32-3.JPG"]},{"from":194,"to":194,"title":"NCL-73DA52: A coin issued by Septimius Severus","image_urls":["https://finds.org.uk/images/pwalton/793.jpg"]},{"from":194,"to":194,"title":"BERK-4FA397: A coin issued by Septimius Severus","image_urls":["https://finds.org.uk/images/maritime/125%20Berk%204FA397.jpg"]},{"from":194,"to":194,"title":"SUSS-730F01: A coin issued by Septimius Severus","image_urls":["https://finds.org.uk/images/lwilson/1-198q.jpg"]},{"from":194,"to":195,"title":"WILT-207725: A coin issued by Septimius Severus","image_urls":["https://finds.org.uk/images/khinds/Philpotts0609denarius.jpg"]},{"from":194,"to":194,"title":"DENO-321F06: A coin issued by Severus Alexander","image_urls":["https://finds.org.uk/images/arohde/coin%2020%20denarius.jpg"]},{"from":194,"to":197,"title":"PUBLIC-A83FF7: A coin issued by Clodius Albinus","image_urls":["https://finds.org.uk/images/paulwragg/PUBLIC-A83FF7ClodiusAlbinussestersius.jpg"]},{"from":194,"to":195,"title":"LANCUM-4CDA66: A coin issued by Septimius Severus","image_urls":["https://finds.org.uk/images/dboughton/SRMDMR4CDA66.jpg"]},{"from":194,"to":201,"title":"LON-9AD821: A coin issued by Septimius Severus","image_urls":["https://finds.org.uk/images/ksumnall/Miller%20-%20Roman%20Sept%20Sev%20-%20June%2010.jpg"]},{"from":194,"to":196,"title":"SF-F17B48: A coin issued by Septimius Severus","image_urls":["https://finds.org.uk/images/abrown/BRD%20SF-F17B48.jpg"]},{"from":194,"to":195,"title":"NCL-01BDB1: A coin issued by Septimius Severus","image_urls":["https://finds.org.uk/images/pwalton/711.jpg"]},{"from":194,"to":194,"title":"HESH-135DC4: A coin issued by Septimius Severus","image_urls":["https://finds.org.uk/images/preavill/HESH-135DC4.jpg"]},{"from":194,"to":195,"title":"DOR-F54361: A coin issued by Septimius Severus","image_urls":["https://finds.org.uk/images/caht/F54361.JPG"]},{"from":194,"to":195,"title":"SF-9CCFC6: A coin issued by Clodius Albinus","image_urls":["https://finds.org.uk/images/abrown/WMH_SF-9CCFC6.jpg"]},{"from":194,"to":195,"title":"YORYM-F60905: A coin issued by Septimius Severus","image_urls":["https://finds.org.uk/images/bmorris/JAB0004.jpg"]},{"from":194,"to":194,"title":"GLO-56B5B7: A coin issued by Septimius Severus","image_urls":["https://finds.org.uk/images/kadams/4175sestertiusofSeptimiusSeverus.jpg"]},{"from":194,"to":195,"title":"WMID-B88F40: A coin issued by Clodius Albinus","image_urls":["https://finds.org.uk/images/tgilmore/WMID-B88F40.jpg"]},{"from":194,"to":196,"title":"FASAM-23DDD4: A coin issued by Septimius Severus","image_urls":["https://finds.org.uk/images/sam/450.jpg"]},{"from":194,"to":211,"title":"DENO-3EE447: A coin issued by Septimius Severus","image_urls":["https://finds.org.uk/images/arohde/E6419%20denarius%20-%20Septimius%20Severus.jpg"]},{"from":194,"to":196,"title":"FASAM-21D833: A coin issued by Septimius Severus","image_urls":["https://finds.org.uk/images/sam/452.jpg"]},{"from":194,"to":195,"title":"NCL-032F01: A coin issued by Septimius Severus","image_urls":["https://finds.org.uk/images/pwalton/809.jpg"]},{"from":194,"to":196,"title":"SF-9BA964: A coin issued by Septimius Severus","image_urls":["https://finds.org.uk/images/abrown/WMH_SF-9BA964.jpg"]},{"from":194,"to":194,"title":"DENO-727080: A coin issued by Clodius Albinus","image_urls":["https://finds.org.uk/images/arohde/E5971%208%20seated%20figure%20denarius.jpg"]},{"from":194,"to":195,"title":"FASAM-92F583: A coin issued by Clodius Albinus","image_urls":["https://finds.org.uk/images/sam/New%20Albinus%20sestertius.tif"]},{"from":194,"to":196,"title":"SUSS-3A4982: A coin issued by Septimius Severus","image_urls":["https://finds.org.uk/images/stephaniesmith/SUSS-3A4982.jpg"]},{"from":194,"to":195,"title":"BM-EF32C6: A coin issued by Septimius Severus","image_urls":["https://finds.org.uk/images/jasonlundock/5206.jpg"]},{"from":194,"to":195,"title":"YORYM-C02B13: A coin issued by Clodius Albinus","image_urls":["https://finds.org.uk/images/rebeccam/SS0168.jpg"]},{"from":194,"to":196,"title":"NCL-652F93: A coin issued by Septimius Severus","image_urls":["https://finds.org.uk/images/pwalton/1041.jpg"]},{"from":194,"to":195,"title":"BM-627B93: A coin issued by Clodius Albinus","image_urls":["https://finds.org.uk/images/vdrost/DSC02140.JPG"]},{"from":194,"to":195,"title":"BH-4A5316: A coin issued by Septimius Severus","image_urls":["https://finds.org.uk/images/jwatters/Roman%20coin%2010%2048%20-%202.jpg"]},{"from":194,"to":194,"title":"SUR-DE79C6: A coin issued by Septimius Severus","image_urls":["https://finds.org.uk/images/margaretb/13-1271.JPG"]},{"from":194,"to":195,"title":"LEIC-6F1574: A coin issued by Septimius Severus","image_urls":["https://finds.org.uk/images/wscott/6F1574.JPG"]},{"from":194,"to":195,"title":"RIC IV Septimius Severus 389. 1905.57.445","image_urls":["http://numismatics.org/collectionimages/19001949/1905/1905.57.445.rev.width350.jpg"]},{"from":194,"to":195,"title":"RIC IV Septimius Severus 40. 1944.100.50129","image_urls":["http://numismatics.org/collectionimages/19001949/1944/1944.100.50129.rev.width350.jpg"]},{"from":194,"to":195,"title":"RIC IV Septimius Severus 424. 1995.11.1519","image_urls":["http://numismatics.org/collectionimages/19501999/1995/1995.11.1519.rev.width350.jpg"]},{"from":194,"to":195,"title":"RIC IV Clodius Albinus 57A (as). 1954.203.229","image_urls":["http://numismatics.org/collectionimages/19501999/1954/1954.203.229.rev.width350.jpg"]},{"from":194,"to":195,"title":"RIC IV Septimius Severus 40. 1960.170.382","image_urls":["http://numismatics.org/collectionimages/19501999/1960/1960.170.382.rev.width350.jpg"]},{"from":194,"to":195,"title":"RIC IV Clodius Albinus 61A (as). 1995.11.347","image_urls":["http://numismatics.org/collectionimages/19501999/1995/1995.11.347.rev.width350.jpg"]},{"from":194,"to":195,"title":"RIC IV Septimius Severus 433. 1995.18.1","image_urls":["http://numismatics.org/collectionimages/19501999/1995/1995.18.1.rev.width350.jpg"]},{"from":194,"to":195,"title":"RIC IV Clodius Albinus 54A. 1992.52.9","image_urls":["http://numismatics.org/collectionimages/19501999/1992/1992.52.9.rev.width350.jpg"]},{"from":194,"to":195,"title":"RIC IV Septimius Severus 374A. 1944.100.50222","image_urls":["http://numismatics.org/collectionimages/19001949/1944/1944.100.50222.rev.width350.jpg"]},{"from":194,"to":195,"title":"RIC IV Septimius Severus 430. 1944.100.50237","image_urls":["http://numismatics.org/collectionimages/19001949/1944/1944.100.50237.rev.width350.jpg"]},{"from":194,"to":195,"title":"RIC IV Septimius Severus 40. 1953.171.890","image_urls":["http://numismatics.org/collectionimages/19501999/1953/1953.171.890.rev.width350.jpg"]},{"from":194,"to":195,"title":"RIC IV Clodius Albinus 59a (as). 1975.102.4","image_urls":["http://numismatics.org/collectionimages/19501999/1975/1975.102.4.rev.width350.jpg"]},{"from":194,"to":195,"title":"RIC IV Septimius Severus 428. 1991.9.31","image_urls":["http://numismatics.org/collectionimages/19501999/1991/1991.9.31.rev.width350.jpg"]},{"from":194,"to":195,"title":"RIC IV Clodius Albinus 4. 1948.19.1412","image_urls":["http://numismatics.org/collectionimages/19001949/1948/1948.19.1412.rev.width350.jpg"]},{"from":194,"to":195,"title":"RIC IV Clodius Albinus 57A (as). 1938.127.143","image_urls":["http://numismatics.org/collectionimages/19001949/1938/1938.127.143.rev.width350.jpg"]},{"from":194,"to":195,"title":"RIC IV Septimius Severus 364. 1944.100.50218","image_urls":["http://numismatics.org/collectionimages/19001949/1944/1944.100.50218.rev.width350.jpg"]},{"from":194,"to":195,"title":"RIC IV Septimius Severus 413. 1944.100.50230","image_urls":["http://numismatics.org/collectionimages/19001949/1944/1944.100.50230.rev.width350.jpg"]},{"from":194,"to":195,"title":"RIC IV Septimius Severus 389. 1944.100.50227","image_urls":["http://numismatics.org/collectionimages/19001949/1944/1944.100.50227.rev.width350.jpg"]},{"from":194,"to":195,"title":"RIC IV Clodius Albinus 7. 1987.26.183","image_urls":["http://numismatics.org/collectionimages/19501999/1987/1987.26.183.rev.width350.jpg"]},{"from":194,"to":195,"title":"RIC IV Septimius Severus 385. 1992.118.6","image_urls":["http://numismatics.org/collectionimages/19501999/1992/1992.118.6.rev.width350.jpg"]},{"from":194,"to":195,"title":"RIC IV Septimius Severus 382. 1951.117.25","image_urls":["http://numismatics.org/collectionimages/19501999/1951/1951.117.25.rev.width350.jpg"]},{"from":194,"to":195,"title":"RIC IV Septimius Severus 369. 1944.100.50219","image_urls":["http://numismatics.org/collectionimages/19001949/1944/1944.100.50219.rev.width350.jpg"]},{"from":194,"to":195,"title":"RIC IV Clodius Albinus 2. 1948.19.1411","image_urls":["http://numismatics.org/collectionimages/19001949/1948/1948.19.1411.rev.width350.jpg"]},{"from":194,"to":195,"title":"RIC IV Septimius Severus 373. 1944.100.50221","image_urls":["http://numismatics.org/collectionimages/19001949/1944/1944.100.50221.rev.width350.jpg"]},{"from":194,"to":195,"title":"RIC IV Clodius Albinus 53B. 1944.100.50070","image_urls":["http://numismatics.org/collectionimages/19001949/1944/1944.100.50070.rev.width350.jpg"]},{"from":194,"to":195,"title":"RIC IV Septimius Severus 398. 1944.100.50228","image_urls":["http://numismatics.org/collectionimages/19001949/1944/1944.100.50228.rev.width350.jpg"]},{"from":194,"to":195,"title":"RIC IV Septimius Severus 425. 1944.100.50236","image_urls":["http://numismatics.org/collectionimages/19001949/1944/1944.100.50236.rev.width350.jpg"]},{"from":194,"to":195,"title":"RIC IV Clodius Albinus 7. 1944.100.50065","image_urls":["http://numismatics.org/collectionimages/19001949/1944/1944.100.50065.rev.width350.jpg"]},{"from":194,"to":195,"title":"RIC IV Clodius Albinus 7. 1948.19.1414","image_urls":["http://numismatics.org/collectionimages/19001949/1948/1948.19.1414.rev.width350.jpg"]},{"from":194,"to":195,"title":"RIC IV Septimius Severus 425. 1946.7.29","image_urls":["http://numismatics.org/collectionimages/19001949/1946/1946.7.29.rev.width350.jpg"]},{"from":194,"to":195,"title":"RIC IV Septimius Severus 428. 1992.118.3","image_urls":["http://numismatics.org/collectionimages/19501999/1992/1992.118.3.rev.width350.jpg"]},{"from":194,"to":195,"title":"RIC IV Septimius Severus 417. 1944.100.50233","image_urls":["http://numismatics.org/collectionimages/19001949/1944/1944.100.50233.rev.width350.jpg"]},{"from":194,"to":195,"title":"RIC IV Septimius Severus 49. 1944.100.50128","image_urls":["http://numismatics.org/collectionimages/19001949/1944/1944.100.50128.rev.width350.jpg"]},{"from":194,"to":195,"title":"RIC IV Clodius Albinus 7. 1948.19.1413","image_urls":["http://numismatics.org/collectionimages/19001949/1948/1948.19.1413.rev.width350.jpg"]},{"from":194,"to":195,"title":"RIC IV Septimius Severus 43. 1944.100.50130","image_urls":["http://numismatics.org/collectionimages/19001949/1944/1944.100.50130.rev.width350.jpg"]},{"from":194,"to":195,"title":"RIC IV Septimius Severus 40. 1986.161.95","image_urls":["http://numismatics.org/collectionimages/19501999/1986/1986.161.95.rev.width350.jpg"]},{"from":194,"to":195,"title":"RIC IV Septimius Severus 433. 1944.100.50238","image_urls":["http://numismatics.org/collectionimages/19001949/1944/1944.100.50238.rev.width350.jpg"]},{"from":194,"to":195,"title":"RIC IV Septimius Severus 383. 1944.100.50226","image_urls":["http://numismatics.org/collectionimages/19001949/1944/1944.100.50226.rev.width350.jpg"]},{"from":194,"to":195,"title":"RIC IV Septimius Severus 415. 0000.999.21875","image_urls":["http://numismatics.org/collectionimages/00001899/0000/0000.999.21875.rev.width350.jpg"]},{"from":194,"to":195,"title":"RIC IV Septimius Severus 427. 1992.118.5","image_urls":["http://numismatics.org/collectionimages/19501999/1992/1992.118.5.rev.width350.jpg"]},{"from":194,"to":195,"title":"RIC IV Septimius Severus 381. 1946.7.27","image_urls":["http://numismatics.org/collectionimages/19001949/1946/1946.7.27.rev.width350.jpg"]},{"from":194,"to":195,"title":"RIC IV Clodius Albinus 52A. 1995.11.345","image_urls":["http://numismatics.org/collectionimages/19501999/1995/1995.11.345.rev.width350.jpg"]},{"from":194,"to":195,"title":"RIC IV Septimius Severus 431. 1951.117.26","image_urls":["http://numismatics.org/collectionimages/19501999/1951/1951.117.26.rev.width350.jpg"]},{"from":194,"to":195,"title":"RIC IV Septimius Severus 390. 1986.161.128","image_urls":["http://numismatics.org/collectionimages/19501999/1986/1986.161.128.rev.width350.jpg"]},{"from":194,"to":195,"title":"RIC IV Septimius Severus 415. 1944.100.50232","image_urls":["http://numismatics.org/collectionimages/19001949/1944/1944.100.50232.rev.width350.jpg"]},{"from":194,"to":195,"title":"RIC IV Clodius Albinus 7. 1995.11.346","image_urls":["http://numismatics.org/collectionimages/19501999/1995/1995.11.346.rev.width350.jpg"]},{"from":194,"to":195,"title":"RIC IV Septimius Severus 389. 1995.11.1515","image_urls":["http://numismatics.org/collectionimages/19501999/1995/1995.11.1515.rev.width350.jpg"]},{"from":194,"to":195,"title":"RIC IV Clodius Albinus 61A (as). 1944.100.50073","image_urls":["http://numismatics.org/collectionimages/19001949/1944/1944.100.50073.rev.width350.jpg"]},{"from":194,"to":195,"title":"RIC IV Septimius Severus 435. 1986.161.131","image_urls":["http://numismatics.org/collectionimages/19501999/1986/1986.161.131.rev.width350.jpg"]},{"from":194,"to":195,"title":"RIC IV Clodius Albinus 4. 1935.117.454","image_urls":["http://numismatics.org/collectionimages/19001949/1935/1935.117.454.rev.width350.jpg"]},{"from":194,"to":195,"title":"RIC IV Clodius Albinus 2. 1944.100.50064","image_urls":["http://numismatics.org/collectionimages/19001949/1944/1944.100.50064.rev.width350.jpg"]},{"from":194,"to":195,"title":"RIC IV Septimius Severus 424. 1944.100.50235","image_urls":["http://numismatics.org/collectionimages/19001949/1944/1944.100.50235.rev.width350.jpg"]},{"from":194,"to":195,"title":"RIC IV Septimius Severus 377. 1992.118.2","image_urls":["http://numismatics.org/collectionimages/19501999/1992/1992.118.2.rev.width350.jpg"]},{"from":194,"to":195,"title":"RIC IV Clodius Albinus 54A. 1954.203.228","image_urls":["http://numismatics.org/collectionimages/19501999/1954/1954.203.228.rev.width350.jpg"]},{"from":194,"to":195,"title":"RIC IV Septimius Severus 413. 1944.100.50082","image_urls":["http://numismatics.org/collectionimages/19001949/1944/1944.100.50082.rev.width350.jpg"]},{"from":194,"to":195,"title":"RIC IV Septimius Severus 423. 1946.7.28","image_urls":["http://numismatics.org/collectionimages/19001949/1946/1946.7.28.rev.width350.jpg"]},{"from":194,"to":195,"title":"RIC IV Septimius Severus 379. 1995.11.1516","image_urls":["http://numismatics.org/collectionimages/19501999/1995/1995.11.1516.rev.width350.jpg"]},{"from":194,"to":195,"title":"RIC IV Clodius Albinus 52B. 1944.100.50071","image_urls":["http://numismatics.org/collectionimages/19001949/1944/1944.100.50071.rev.width350.jpg"]},{"from":194,"to":195,"title":"RIC IV Clodius Albinus 7. 1973.251.5","image_urls":["http://numismatics.org/collectionimages/19501999/1973/1973.251.5.rev.width350.jpg"]},{"from":194,"to":195,"title":"RIC IV Septimius Severus 43. 1986.161.96","image_urls":["http://numismatics.org/collectionimages/19501999/1986/1986.161.96.rev.width350.jpg"]},{"from":194,"to":195,"title":"RIC IV Septimius Severus 377. 1944.100.50224","image_urls":["http://numismatics.org/collectionimages/19001949/1944/1944.100.50224.rev.width350.jpg"]},{"from":194,"to":195,"title":"RIC IV Septimius Severus 377. 1951.117.24","image_urls":["http://numismatics.org/collectionimages/19501999/1951/1951.117.24.rev.width350.jpg"]},{"from":194,"to":195,"title":"RIC IV Septimius Severus 40. 1948.19.1431","image_urls":["http://numismatics.org/collectionimages/19001949/1948/1948.19.1431.rev.width350.jpg"]},{"from":194,"to":195,"title":"RIC IV Septimius Severus 377. 1944.100.50223","image_urls":["http://numismatics.org/collectionimages/19001949/1944/1944.100.50223.rev.width350.jpg"]},{"from":194,"to":195,"title":"RIC IV Septimius Severus 411A. 1986.161.130","image_urls":["http://numismatics.org/collectionimages/19501999/1986/1986.161.130.rev.width350.jpg"]},{"from":194,"to":195,"title":"RIC IV Septimius Severus 369. 1948.19.1475","image_urls":["http://numismatics.org/collectionimages/19001949/1948/1948.19.1475.rev.width350.jpg"]},{"from":194,"to":195,"title":"RIC IV Septimius Severus 52. 1995.11.1492","image_urls":["http://numismatics.org/collectionimages/19501999/1995/1995.11.1492.rev.width350.jpg"]},{"from":194,"to":195,"title":"RIC IV Clodius Albinus 7. 1957.172.1772","image_urls":["http://numismatics.org/collectionimages/19501999/1957/1957.172.1772.rev.width350.jpg"]},{"from":194,"to":195,"title":"RIC IV Septimius Severus 399. 1987.26.187","image_urls":["http://numismatics.org/collectionimages/19501999/1987/1987.26.187.rev.width350.jpg"]},{"from":194,"to":195,"title":"RIC IV Septimius Severus 364. 1992.118.1","image_urls":["http://numismatics.org/collectionimages/19501999/1992/1992.118.1.rev.width350.jpg"]},{"from":194,"to":195,"title":"RIC IV Septimius Severus 428. 1986.161.115","image_urls":["http://numismatics.org/collectionimages/19501999/1986/1986.161.115.rev.width350.jpg"]},{"from":194,"to":195,"title":"RIC IV Clodius Albinus 52B. 1944.100.50072","image_urls":["http://numismatics.org/collectionimages/19001949/1944/1944.100.50072.rev.width350.jpg"]},{"from":194,"to":195,"title":"RIC IV Septimius Severus 411A. 1992.118.7","image_urls":["http://numismatics.org/collectionimages/19501999/1992/1992.118.7.rev.width350.jpg"]},{"from":194,"to":195,"title":"RIC IV Clodius Albinus 7. 1948.19.1415","image_urls":["http://numismatics.org/collectionimages/19001949/1948/1948.19.1415.rev.width350.jpg"]},{"from":194,"to":195,"title":"RIC IV Clodius Albinus 57A (as). 1944.100.50069","image_urls":["http://numismatics.org/collectionimages/19001949/1944/1944.100.50069.rev.width350.jpg"]},{"from":194,"to":195,"title":"RIC IV Septimius Severus 415. 1944.100.50231","image_urls":["http://numismatics.org/collectionimages/19001949/1944/1944.100.50231.rev.width350.jpg"]},{"from":194,"to":195,"title":"RIC IV Septimius Severus 379. 1944.100.50225","image_urls":["http://numismatics.org/collectionimages/19001949/1944/1944.100.50225.rev.width350.jpg"]},{"from":194,"to":195,"title":"RIC IV Septimius Severus 373. 1986.161.127","image_urls":["http://numismatics.org/collectionimages/19501999/1986/1986.161.127.rev.width350.jpg"]},{"from":194,"to":195,"title":"RIC IV Septimius Severus 374A. 1991.9.40","image_urls":["http://numismatics.org/collectionimages/19501999/1991/1991.9.40.rev.width350.jpg"]},{"from":194,"to":195,"title":"RIC IV Septimius Severus 417. 1995.11.1517","image_urls":["http://numismatics.org/collectionimages/19501999/1995/1995.11.1517.rev.width350.jpg"]},{"from":194,"to":195,"title":"Silver Tetradrachm, Seleuceia ad Tigrim, AD 194 - AD 195. 1944.100.83485","image_urls":["http://numismatics.org/collectionimages/19001949/1944/1944.100.83485.rev.width350.jpg"]},{"from":194,"to":195,"title":"RIC IV Septimius Severus 46. 1995.11.1490","image_urls":["http://numismatics.org/collectionimages/19501999/1995/1995.11.1490.rev.width350.jpg"]},{"from":194,"to":195,"title":"RIC IV Septimius Severus 370. 1944.100.50220","image_urls":["http://numismatics.org/collectionimages/19001949/1944/1944.100.50220.rev.width350.jpg"]},{"from":194,"to":195,"title":"RIC IV Septimius Severus 411A. 1944.100.50229","image_urls":["http://numismatics.org/collectionimages/19001949/1944/1944.100.50229.rev.width350.jpg"]},{"from":194,"to":195,"title":"RIC IV Septimius Severus 401. 1986.161.129","image_urls":["http://numismatics.org/collectionimages/19501999/1986/1986.161.129.rev.width350.jpg"]},{"from":194,"to":195,"title":"RIC IV Septimius Severus 428. 1992.118.4","image_urls":["http://numismatics.org/collectionimages/19501999/1992/1992.118.4.rev.width350.jpg"]}]