[{"from":195,"to":196,"title":"Sestertius of Septimius Severus, Rome, A.D. 195-A.D. 196. 1994.10.8.","image_urls":["http://coins.lib.virginia.edu/images/coins/screen/n1994_10_8_rev.jpg"]},{"from":195,"to":195,"title":"IOW-A6AFE3: A coin issued by Septimius Severus","image_urls":["https://finds.org.uk/images/fbasford/IOW2013-4-141.JPG"]},{"from":195,"to":196,"title":"NLM-B94912: A coin issued by Septimius Severus","image_urls":["https://finds.org.uk/images/mforeman/NLM22491.jpg"]},{"from":195,"to":196,"title":"YORYM-E3E676Z: A coin issued by Septimius Severus","image_urls":["https://finds.org.uk/images/bmorris/BM0029.jpg"]},{"from":195,"to":196,"title":"NCL-A218D5: A coin issued by Septimius Severus","image_urls":["https://finds.org.uk/images/pwalton/766.jpg"]},{"from":195,"to":197,"title":"BH-2817B3: A coin issued by Septimius Severus","image_urls":["https://finds.org.uk/images/jwatters/Roman%20coin%2008%20122%20-%201.jpg"]},{"from":195,"to":197,"title":"LANCUM-30D600: A coin issued by Clodius Albinus","image_urls":["https://finds.org.uk/images/dboughton/SRMDMTCoin30D600ce.jpg"]},{"from":195,"to":198,"title":"YORYM-4B0457: A coin issued by Septimius Severus","image_urls":["https://finds.org.uk/images/bmorris/BL0795.jpg"]},{"from":195,"to":195,"title":"YORYM-C61E03: A coin issued by Septimius Severus","image_urls":["https://finds.org.uk/images/bmorris/BL1033.jpg"]},{"from":195,"to":196,"title":"BH-E44417: A coin issued by Septimius Severus","image_urls":["https://finds.org.uk/images/jwatters/Roman_coin_12_56_6.jpg"]},{"from":195,"to":195,"title":"NARC-D93F28: A coin issued by Septimius Severus","image_urls":["https://finds.org.uk/images/jcassidy/NARC-D93F28%20b.jpg"]},{"from":195,"to":196,"title":"LIN-3FA983: A coin issued by Clodius Albinus","image_urls":["https://finds.org.uk/images/adaubney/LIN3FA983.jpg"]},{"from":195,"to":198,"title":"LVPL-E794F7: A coin issued by Caracalla","image_urls":["https://finds.org.uk/images/samrowe/phil%202.jpg"]},{"from":195,"to":198,"title":"BH-1FC767: A coin issued by Septimius Severus","image_urls":["https://finds.org.uk/images/jwatters/Roman%20coin%2004%2069%20-%201%20all.jpg"]},{"from":195,"to":198,"title":"SWYOR-272824: A coin issued by Caracalla","image_urls":["https://finds.org.uk/images/acooper/PAS_1181_10.jpg"]},{"from":195,"to":195,"title":"NCL-03B1B7: A coin issued by Septimius Severus","image_urls":["https://finds.org.uk/images/pwalton/751.jpg"]},{"from":195,"to":196,"title":"NMS-809E2B: A coin issued by Septimius Severus","image_urls":["https://finds.org.uk/images/amarsden/NMD042014severusden.jpg"]},{"from":195,"to":196,"title":"SOM-331A93: A coin issued by Septimius Severus","image_urls":["https://finds.org.uk/images/jshoemark3/SOM331A93.jpg"]},{"from":195,"to":195,"title":"BUC-4B71D1: A coin issued by Septimius Severus","image_urls":["https://finds.org.uk/images/jmoss/2DSCN2280a.jpg"]},{"from":195,"to":195,"title":"GLO-A20271: A coin issued by Septimius Severus","image_urls":["https://finds.org.uk/images/kadams/222%20Roman%20coin%20%20face.JPG"]},{"from":195,"to":195,"title":"NCL-F3AE91: A coin issued by Septimius Severus","image_urls":["https://finds.org.uk/images/pwalton/906.jpg"]},{"from":195,"to":196,"title":"BH-3DF5D6: A coin issued by Septimius Severus","image_urls":["https://finds.org.uk/images/jwatters/Roman_coin_11_124_17.jpg"]},{"from":195,"to":195,"title":"BM-F4BDD6: A coin issued by Septimius Severus","image_urls":["https://finds.org.uk/images/jasonlundock/5252a.jpg"]},{"from":195,"to":197,"title":"WMID-D683E7: A coin issued by Clodius Albinus","image_urls":["https://finds.org.uk/images/tgilmore/WMID-D683E7.jpg"]},{"from":195,"to":196,"title":"LEIC-FFD7B7: A coin issued by Clodius Albinus","image_urls":["https://finds.org.uk/images/wscott/FFD7B7.JPG"]},{"from":195,"to":195,"title":"SWYOR-175C76: A coin issued by Septimius Severus","image_urls":["https://finds.org.uk/images/acooper/PAS%20827%20lyre.jpg"]},{"from":195,"to":195,"title":"SUSS-838927: A coin issued by Septimius Severus","image_urls":["https://finds.org.uk/images/lburnett/SUSS-838927%20.JPG"]},{"from":195,"to":197,"title":"FAPJW-B73525: A coin issued by Clodius Albinus","image_urls":["https://finds.org.uk/images/pwalton/5477.jpg"]},{"from":195,"to":196,"title":"NCL-695EB3: A coin issued by Septimius Severus","image_urls":["https://finds.org.uk/images/rcollins/Dave%20Scott%20Aislaby%20Sept.%20Sev.2.jpg"]},{"from":195,"to":196,"title":"NLM-FBBA86: A coin issued by Septimius Severus","image_urls":["https://finds.org.uk/images/lstaves/NLM11530.jpg"]},{"from":195,"to":196,"title":"BUC-C7B453: A coin issued by Septimius Severus","image_urls":["https://finds.org.uk/images/jmoss/TC39.jpg"]},{"from":195,"to":195,"title":"SUR-471269: A coin issued by Septimius Severus","image_urls":["https://finds.org.uk/images/dwilliams/151090.JPG"]},{"from":195,"to":197,"title":"LEIC-0783E6: A coin issued by Clodius Albinus","image_urls":["https://finds.org.uk/images/wscott/0783E6.JPG"]},{"from":195,"to":195,"title":"HAMP-47C821: A coin issued by Septimius Severus","image_urls":["https://finds.org.uk/images/rwebley/HAMP-47C821SeptimiusSeverussestertius.jpg"]},{"from":195,"to":195,"title":"WILT-80D0B7: A coin issued by Septimius Severus","image_urls":["https://finds.org.uk/images/rhenry2/WILT80D0B7.jpg"]},{"from":195,"to":195,"title":"SUR-435562: A coin issued by Septimius Severus","image_urls":["https://finds.org.uk/images/dwilliams/06.329a.JPG"]},{"from":195,"to":198,"title":"SWYOR-28E237: A coin issued by Caracalla","image_urls":["https://finds.org.uk/images/acooper/PAS_1181_13.jpg"]},{"from":195,"to":196,"title":"LIN-B597C2: A coin issued by Septimius Severus","image_urls":["https://finds.org.uk/images/adaubney/LIN9650.jpg"]},{"from":195,"to":196,"title":"LEIC-BCD380: A coin issued by Septimius Severus","image_urls":["https://finds.org.uk/images/rebecca/LEIC-BCD380.JPG"]},{"from":195,"to":195,"title":"IOW-D3D855: A coin issued by Septimius Severus","image_urls":["https://finds.org.uk/images/fbasford/IOW2008-2-259.JPG"]},{"from":195,"to":195,"title":"HESH-1DC034: A coin issued by Septimius Severus","image_urls":["https://finds.org.uk/images/preavill/HESH-1DC034.jpg"]},{"from":195,"to":197,"title":"BH-F18C62: A coin issued by Septimius Severus","image_urls":["https://finds.org.uk/images/jwatters/Roman%20coin%2009%20200%20-%209.jpg"]},{"from":195,"to":196,"title":"WILT-C18111: A coin issued by Septimius Severus","image_urls":["https://finds.org.uk/images/khinds/Norgan0807septimius.jpg"]},{"from":195,"to":195,"title":"BH-113E63: A coin issued by Septimius Severus","image_urls":["https://finds.org.uk/images/jwatters/Roman%20coin%2009%2016%20-%203.jpg"]},{"from":195,"to":196,"title":"LEIC-A68CC8: A coin issued by Clodius Albinus","image_urls":["https://finds.org.uk/images/leicvol/LEIC-A68CC8.jpg"]},{"from":195,"to":197,"title":"SUR-B79E34: A coin issued by Septimius Severus","image_urls":["https://finds.org.uk/images/margaretb/SUR-B79E34sestseptsev.jpg"]},{"from":195,"to":197,"title":"IOW-08CFA5: A coin issued by Septimius Severus","image_urls":["https://finds.org.uk/images/fbasford/IOW2011-2-342.JPG"]},{"from":195,"to":196,"title":"BM-F0D920: A coin issued by Septimius Severus","image_urls":["https://finds.org.uk/images/jasonlundock/5271.jpg"]},{"from":195,"to":195,"title":"LIN-937604: A coin issued by Septimius Severus","image_urls":["https://finds.org.uk/images/adaubney/LIN2013-847.jpg"]},{"from":195,"to":195,"title":"BUC-9691F2: A coin issued by Septimius Severus","image_urls":["https://finds.org.uk/images/rtyrrell/2DSCN5196.JPG"]},{"from":195,"to":196,"title":"CAM-30C116: A coin issued by Septimius Severus","image_urls":["https://finds.org.uk/images/hfowler/CAM-30C116.jpg"]},{"from":195,"to":195,"title":"NARC-8F2DB6: A coin issued by Septimius Severus","image_urls":["https://finds.org.uk/images/tbrindle/NARC-8F2DB6denariusobv.jpg"]},{"from":195,"to":195,"title":"LIN-3F0100: A coin issued by Julia Domna","image_urls":["https://finds.org.uk/images/adaubney/LIN8146.JPG"]},{"from":195,"to":195,"title":"WMID-D8BB33: A coin issued by Septimius Severus","image_urls":["https://finds.org.uk/images/tbrindle/WMID-D8BB33.jpg"]},{"from":195,"to":195,"title":"NLM-28BC26: A coin issued by Septimius Severus","image_urls":["https://finds.org.uk/images/mforeman/NLM24372.jpg"]},{"from":195,"to":197,"title":"YORYM-FC5B82: A coin issued by Septimius Severus","image_urls":["https://finds.org.uk/images/yorkvol/SS0129.jpg"]},{"from":195,"to":195,"title":"NCL-9A8C64: A coin issued by Septimius Severus","image_urls":["https://finds.org.uk/images/pwalton/NCL9a8c64.jpg"]},{"from":195,"to":195,"title":"CAM-90E8F3: A coin issued by Septimius Severus","image_urls":["https://finds.org.uk/images/hfowler/CAM-90E8F3.jpg"]},{"from":195,"to":197,"title":"NCL-8CDCB2: A coin issued by Septimius Severus","image_urls":["https://finds.org.uk/images/pwalton/640.jpg"]},{"from":195,"to":198,"title":"SWYOR-270BD3: A coin issued by Caracalla","image_urls":["https://finds.org.uk/images/acooper/PAS_1181_9.jpg"]},{"from":195,"to":195,"title":"NCL-59FFB1: A coin issued by Septimius Severus","image_urls":["https://finds.org.uk/images/pwalton/735.jpg"]},{"from":195,"to":196,"title":"YORYM-1FC902: A coin issued by Septimius Severus","image_urls":["https://finds.org.uk/images/law/BL0519.jpg"]},{"from":195,"to":195,"title":"LEIC-73B203: A coin issued by Julia Domna","image_urls":["https://finds.org.uk/images/wscott/1187%2073B203.JPG"]},{"from":195,"to":195,"title":"NCL-1FE415: A coin issued by Septimius Severus","image_urls":["https://finds.org.uk/images/pwalton/794.jpg"]},{"from":195,"to":196,"title":"SUR-908115: A coin issued by Septimius Severus","image_urls":["https://finds.org.uk/images/margaretb/11-325.jpg"]},{"from":195,"to":197,"title":"SUSS-44B8A1: A coin issued by Septimius Severus","image_urls":["https://finds.org.uk/images/jjackson/suss-44B8A1%20AG%20118.jpg"]},{"from":195,"to":196,"title":"BM-EF0C62: A coin issued by Septimius Severus","image_urls":["https://finds.org.uk/images/jasonlundock/5219a.jpg"]},{"from":195,"to":196,"title":"PUBLIC-D44FF4: A coin issued by Septimius Severus","image_urls":["https://finds.org.uk/images/kiwidigger/Septimius%20Severus%20arab%20denarius%20reverse.JPG"]},{"from":195,"to":195,"title":"SWYOR-0E6514: A coin issued by Clodius Albinus","image_urls":["https://finds.org.uk/images/sward/PAS%20488%20denarius.jpg"]},{"from":195,"to":195,"title":"GLO-6EB26B: A coin issued by Septimius Severus","image_urls":["https://finds.org.uk/images/kadams/GLO6EB26B.jpg"]},{"from":195,"to":195,"title":"WAW-41B175: A coin issued by Septimius Severus","image_urls":["https://finds.org.uk/images/abolton/WAW-41B175.jpg"]},{"from":195,"to":195,"title":"KENT-E2C4E3: A coin issued by Septimius Severus","image_urls":["https://finds.org.uk/images/jjackson/IMG_2562.jpg"]},{"from":195,"to":196,"title":"LIN-BC02E8: A coin issued by Septimius Severus","image_urls":["https://finds.org.uk/images/adaubney/LIN7190.jpg"]},{"from":195,"to":205,"title":"CAM-A45AE4: A coin issued by Septimius Severus","image_urls":["https://finds.org.uk/images/hfowler/CAM-A45AE4.jpg"]},{"from":195,"to":196,"title":"Silver Denarius of Septimius Severus, Rome, AD 195 - AD 196. 1906.236.476","image_urls":["http://numismatics.org/collectionimages/19001949/1906/1906.236.476.rev.width350.jpg"]},{"from":195,"to":196,"title":"RIC IV Septimius Severus 69. 1992.118.18","image_urls":["http://numismatics.org/collectionimages/19501999/1992/1992.118.18.rev.width350.jpg"]},{"from":195,"to":196,"title":"RIC IV Septimius Severus 716a. 1951.61.81","image_urls":["http://numismatics.org/collectionimages/19501999/1951/1951.61.81.rev.width350.jpg"]},{"from":195,"to":196,"title":"RIC IV Septimius Severus 715. 1944.100.50300","image_urls":["http://numismatics.org/collectionimages/19001949/1944/1944.100.50300.rev.width350.jpg"]},{"from":195,"to":196,"title":"RIC IV Septimius Severus 706c. 1944.100.50299","image_urls":["http://numismatics.org/collectionimages/19001949/1944/1944.100.50299.rev.width350.jpg"]},{"from":195,"to":196,"title":"RIC IV Septimius Severus 701a. 1906.236.481","image_urls":["http://numismatics.org/collectionimages/19001949/1906/1906.236.481.rev.width350.jpg"]},{"from":195,"to":196,"title":"Silver Tetradrachm, Seleuceia ad Tigrim, AD 195 - AD 196. 1944.100.83491","image_urls":["http://numismatics.org/collectionimages/19001949/1944/1944.100.83491.rev.width350.jpg"]},{"from":195,"to":196,"title":"RIC IV Septimius Severus 702b. 1980.187.30","image_urls":["http://numismatics.org/collectionimages/19501999/1980/1980.187.30.rev.width350.jpg"]},{"from":195,"to":196,"title":"RIC IV Septimius Severus 701a. 1944.100.50298","image_urls":["http://numismatics.org/collectionimages/19001949/1944/1944.100.50298.rev.width350.jpg"]},{"from":195,"to":196,"title":"Bronze Sestertius of Septimius Severus, Rome, AD 195 - AD 196. 1954.203.231","image_urls":["http://numismatics.org/collectionimages/19501999/1954/1954.203.231.rev.width350.jpg"]},{"from":195,"to":196,"title":"RIC IV Septimius Severus 67. 1944.100.50135","image_urls":["http://numismatics.org/collectionimages/19001949/1944/1944.100.50135.rev.width350.jpg"]},{"from":195,"to":196,"title":"RIC IV Septimius Severus 702a. 1988.5.68","image_urls":["http://numismatics.org/collectionimages/19501999/1988/1988.5.68.rev.width350.jpg"]},{"from":195,"to":196,"title":"RIC IV Septimius Severus 701a. 1995.11.1528","image_urls":["http://numismatics.org/collectionimages/19501999/1995/1995.11.1528.rev.width350.jpg"]},{"from":195,"to":196,"title":"RIC IV Septimius Severus 706a. 1995.11.1527","image_urls":["http://numismatics.org/collectionimages/19501999/1995/1995.11.1527.rev.width350.jpg"]},{"from":195,"to":196,"title":"RIC IV Septimius Severus 64 (denarius). 1944.100.50140","image_urls":["http://numismatics.org/collectionimages/19001949/1944/1944.100.50140.rev.width350.jpg"]},{"from":195,"to":196,"title":"Silver Tetradrachm, Seleuceia ad Tigrim, AD 195 - AD 196. 1944.100.83490","image_urls":["http://numismatics.org/collectionimages/19001949/1944/1944.100.83490.rev.width350.jpg"]},{"from":195,"to":196,"title":"RIC IV Septimius Severus 64 (denarius). 1941.15.67","image_urls":["http://numismatics.org/collectionimages/19001949/1941/1941.15.67.rev.width350.jpg"]},{"from":195,"to":197,"title":"RIC IV Clodius Albinus 20B. 1944.100.50067","image_urls":["http://numismatics.org/collectionimages/19001949/1944/1944.100.50067.rev.width350.jpg"]},{"from":195,"to":196,"title":"RIC IV Septimius Severus 706c. 1988.5.69","image_urls":["http://numismatics.org/collectionimages/19501999/1988/1988.5.69.rev.width350.jpg"]},{"from":195,"to":196,"title":"RIC IV Septimius Severus 700a. 1965.32.33","image_urls":["http://numismatics.org/collectionimages/19501999/1965/1965.32.33.rev.width350.jpg"]},{"from":195,"to":196,"title":"RIC IV Septimius Severus 67. 1944.100.50136","image_urls":["http://numismatics.org/collectionimages/19001949/1944/1944.100.50136.rev.width350.jpg"]},{"from":195,"to":196,"title":"RIC IV Septimius Severus 68. 1944.100.50137","image_urls":["http://numismatics.org/collectionimages/19001949/1944/1944.100.50137.rev.width350.jpg"]},{"from":195,"to":196,"title":"RIC IV Septimius Severus 64 (denarius). 1944.100.50139","image_urls":["http://numismatics.org/collectionimages/19001949/1944/1944.100.50139.rev.width350.jpg"]},{"from":195,"to":196,"title":"RIC IV Septimius Severus 708. 1944.100.50301","image_urls":["http://numismatics.org/collectionimages/19001949/1944/1944.100.50301.rev.width350.jpg"]},{"from":195,"to":197,"title":"RIC IV Clodius Albinus 13A. 1944.100.50066","image_urls":["http://numismatics.org/collectionimages/19001949/1944/1944.100.50066.rev.width350.jpg"]},{"from":195,"to":197,"title":"RIC IV Clodius Albinus 46b. 1948.146.11","image_urls":["http://numismatics.org/collectionimages/19001949/1948/1948.146.11.rev.width350.jpg"]},{"from":195,"to":197,"title":"RIC IV Clodius Albinus 20B. 1954.203.227","image_urls":["http://numismatics.org/collectionimages/19501999/1954/1954.203.227.rev.width350.jpg"]},{"from":195,"to":196,"title":"RIC IV Septimius Severus 69. 1944.100.50138","image_urls":["http://numismatics.org/collectionimages/19001949/1944/1944.100.50138.rev.width350.jpg"]}]