[{"from":196,"to":211,"title":"HAMP3185: A coin issued by Julia Domna","image_urls":["https://finds.org.uk/images/sworrell/hamp%203185.JPG"]},{"from":196,"to":201,"title":"SUSS-34B064: A coin issued by Septimius Severus","image_urls":["https://finds.org.uk/images/lwilson/1-168w.jpg"]},{"from":196,"to":211,"title":"HESH-DEEBB3: A coin issued by Julia Domna","image_urls":["https://finds.org.uk/images/preavill/HESH-DEEBB3.jpg"]},{"from":196,"to":211,"title":"WILT-8F15E3: A coin issued by Julia Domna","image_urls":["https://finds.org.uk/images/khinds/Fuller0308juliadomna.jpg"]},{"from":196,"to":197,"title":"LEIC-3855D7: A coin issued by Septimius Severus","image_urls":["https://finds.org.uk/images/leicvol/3855D7.jpg"]},{"from":196,"to":197,"title":"ESS-854C00: A coin issued by Septimius Severus","image_urls":["https://finds.org.uk/images/kmarsden/ESS-854C00.jpg"]},{"from":196,"to":196,"title":"SWYOR-28BC52: A coin issued by Septimius Severus","image_urls":["https://finds.org.uk/images/acooper/PAS_1181_12.jpg"]},{"from":196,"to":198,"title":"YORYM-A31274: A coin issued by Caracalla","image_urls":["https://finds.org.uk/images/bmorris/IP0009.jpg"]},{"from":196,"to":211,"title":"NCL-C8B1D3: A coin issued by Julia Domna","image_urls":["https://finds.org.uk/images/rcollins/IMG_1681.jpg"]},{"from":196,"to":211,"title":"LEIC-9BD042: A coin issued by Julia Domna","image_urls":["https://finds.org.uk/images/wscott/C3.JPG"]},{"from":196,"to":211,"title":"SOM-57A185: A coin issued by Julia Domna","image_urls":["https://finds.org.uk/images/npayne/57A185.JPG"]},{"from":196,"to":196,"title":"BH-386CB2: A coin issued by Caracalla","image_urls":["https://finds.org.uk/images/jwatters/Roman_coin_15_66_6.jpg"]},{"from":196,"to":197,"title":"IOW-6AA9E5: A coin issued by Septimius Severus","image_urls":["https://finds.org.uk/images/fbasford/IOW2011-4-29.JPG"]},{"from":196,"to":197,"title":"FAPJW-39B954: A coin issued by Septimius Severus","image_urls":["https://finds.org.uk/images/pwalton/7014.jpg"]},{"from":196,"to":211,"title":"YORYM-AFFB77: A coin issued by Julia Domna","image_urls":["https://finds.org.uk/images/law/KU0003i.jpg"]},{"from":196,"to":197,"title":"SUSS-C20B87: A coin issued by Caracalla","image_urls":["https://finds.org.uk/images/lwalker/SUSS-C20B87RomanDupondius.jpg"]},{"from":196,"to":211,"title":"PUBLIC-6F859D: A coin issued by Julia Domna","image_urls":["https://finds.org.uk/images/stubblehunter69/Julia%20Dom%20rev%20scaled.jpg"]},{"from":196,"to":197,"title":"BM-1E5E4D: A coin issued by Caracalla","image_urls":["https://finds.org.uk/images/vdrost/DSC02005.JPG"]},{"from":196,"to":211,"title":"PUBLIC-0443D0: A coin issued by Julia Domna","image_urls":["https://finds.org.uk/images/kiwidigger/Julia%20Domna%20denarius%2011%20Mar%202014%20reverse.JPG"]},{"from":196,"to":211,"title":"HAMP-4F0956: A coin issued by Julia Domna","image_urls":["https://finds.org.uk/images/khindshamp/HAMP4F0956.jpg"]},{"from":196,"to":196,"title":"BUC-CC3125: A coin issued by Caracalla","image_urls":["https://finds.org.uk/images/jmoss/TC71.jpg"]},{"from":196,"to":211,"title":"ESS-F13884: A coin issued by Julia Domna","image_urls":["https://finds.org.uk/images/korr/021-C0806.jpg"]},{"from":196,"to":198,"title":"BH-32F741: A coin issued by Caracalla","image_urls":["https://finds.org.uk/images/jwatters/Roman_coin_12_33_27.jpg"]},{"from":196,"to":198,"title":"YORYM-5A2E02: A coin issued by Caracalla","image_urls":["https://finds.org.uk/images/law/SS0037.jpg"]},{"from":196,"to":211,"title":"CAM-CD6BE1: A coin issued by Julia Domna","image_urls":["https://finds.org.uk/images/hfowler/CAM-CD6BE1.jpg"]},{"from":196,"to":211,"title":"BH-C87B31: A coin issued by Julia Domna","image_urls":["https://finds.org.uk/images/jwatters/Roman_coin_11_103_2.jpg"]},{"from":196,"to":197,"title":"NARC-9C1EB3: A coin issued by Septimius Severus","image_urls":["https://finds.org.uk/images/sashby/NARC-9C1EB3%20dd%20denarius.jpg"]},{"from":196,"to":197,"title":"BH-F61077: A coin issued by Caracalla","image_urls":["https://finds.org.uk/images/jwatters/Roman_coin_13_23_3.jpg"]},{"from":196,"to":197,"title":"CAM-EAC945: A coin issued by Septimius Severus","image_urls":["https://finds.org.uk/images/pjw/5006.jpg"]},{"from":196,"to":198,"title":"KENT-8703F7: A coin issued by Caracalla","image_urls":["https://finds.org.uk/images/jjackson/KENT-8703F7.jpg"]},{"from":196,"to":209,"title":"LIN-1CCFF2: A coin issued by Caracalla","image_urls":["https://finds.org.uk/images/adaubney/LIN8609.jpg"]},{"from":196,"to":211,"title":"FAPJW-6337D0: A coin issued by Septimius Severus","image_urls":["https://finds.org.uk/images/pwalton/5315.jpg"]},{"from":196,"to":211,"title":"SF-9750B4: A coin issued by Julia Domna","image_urls":["https://finds.org.uk/images/abrown/WMH_SF-9750B4.jpg"]},{"from":196,"to":211,"title":"SF-65C22A: A coin issued by Julia Domna","image_urls":["https://finds.org.uk/images/abrown/GreatMaplestead_SF65C22A.jpg"]},{"from":196,"to":211,"title":"WILT-85E8C1: A coin issued by Julia Domna","image_urls":["https://finds.org.uk/images/khinds/Bulley0908hoardcoin4.jpg"]},{"from":196,"to":198,"title":"DENO-8714F7: A coin issued by Caracalla","image_urls":["https://finds.org.uk/images/ratherton/E7707_Rom_Coin_Denarius.jpg"]},{"from":196,"to":198,"title":"CAM-A54FB7: A coin issued by Caracalla","image_urls":["https://finds.org.uk/images/hfowler/CAM-A54FB7.jpg"]},{"from":196,"to":211,"title":"NCL-385B11: A coin issued by Julia Domna","image_urls":["https://finds.org.uk/images/pwalton/800.jpg"]},{"from":196,"to":198,"title":"LIN-8CA331: A coin issued by Caracalla","image_urls":["https://finds.org.uk/images/adaubney/LIN8270.JPG"]},{"from":196,"to":211,"title":"BH-0008F2: A coin issued by Julia Domna","image_urls":["https://finds.org.uk/images/jwatters/Roman_coin_14_67_89.jpg"]},{"from":196,"to":211,"title":"NCL-03F1F8: A coin issued by Julia Domna","image_urls":["https://finds.org.uk/images/pwalton/805.jpg"]},{"from":196,"to":196,"title":"LIN-986D91: A coin issued by Caracalla","image_urls":["https://finds.org.uk/images/adaubney/LIN2013-1028.jpg"]},{"from":196,"to":198,"title":"BUC-4DAD73: A coin issued by Caracalla","image_urls":["https://finds.org.uk/images/jmoss/TC75.jpg"]},{"from":196,"to":211,"title":"SUSS-981566: A coin issued by Julia Domna","image_urls":["https://finds.org.uk/images/jjackson/SUSS-981566.jpg"]},{"from":196,"to":196,"title":"LIN-E40392: A coin issued by Septimius Severus","image_urls":["https://finds.org.uk/images/adaubney/LIN6829.JPG"]},{"from":196,"to":198,"title":"BH-E2F03B: A coin issued by Caracalla","image_urls":["https://finds.org.uk/images/jwatters/Roman_coin_14_1_55.jpg"]},{"from":196,"to":211,"title":"NCL-6E0C70: A coin issued by Julia Domna","image_urls":["https://finds.org.uk/images/pwalton/NCL6E0C70.jpg"]},{"from":196,"to":197,"title":"BH-756F17: A coin issued by Septimius Severus","image_urls":["https://finds.org.uk/images/jwatters/Roman_coin_13_89_19.jpg"]},{"from":196,"to":198,"title":"DOR-F4F831: A coin issued by Caracalla","image_urls":["https://finds.org.uk/images/caht/F4F831.JPG"]},{"from":196,"to":197,"title":"CAM-CB09D7: A coin issued by Septimius Severus","image_urls":["https://finds.org.uk/images/hfowler/CAM-CB09D7.jpg"]},{"from":196,"to":196,"title":"DENO-3EA365: A coin issued by Caracalla","image_urls":["https://finds.org.uk/images/ratherton/E4539%20imp%20den.jpg"]},{"from":196,"to":197,"title":"SF-19F4B2: A coin issued by Caracalla","image_urls":["https://finds.org.uk/images/abrown/BRD_SF-19F4B2.jpg"]},{"from":196,"to":201,"title":"FAPJW-3A4378: A coin issued by Septimius Severus","image_urls":["https://finds.org.uk/images/pwalton/7010.jpg"]},{"from":196,"to":211,"title":"SF-F93E17: A coin issued by Julia Domna","image_urls":["https://finds.org.uk/images/abrown/BRG_SFF93E17.jpg"]},{"from":196,"to":217,"title":"LVPL-F23494: A coin issued by Caracalla","image_urls":["https://finds.org.uk/images/fmcintosh/pay%20120.jpg"]},{"from":196,"to":211,"title":"WAW-36A141: A coin issued by Julia Domna","image_urls":["https://finds.org.uk/images/abolton/WAW36A141.jpg"]},{"from":196,"to":198,"title":"WAW-9D9CA0: A coin issued by Caracalla","image_urls":["https://finds.org.uk/images/abolton/WAW-9D9CA0.jpg"]},{"from":196,"to":211,"title":"SUSS-1604E3: A coin issued by Julia Domna","image_urls":["https://finds.org.uk/images/lwalker/1-204x.jpg"]},{"from":196,"to":211,"title":"CORN-3629A5: A coin issued by Julia Domna","image_urls":["https://finds.org.uk/images/atyacke/Burridgefinds%20001.jpg"]},{"from":196,"to":198,"title":"NCL-AD0157: A coin issued by Caracalla","image_urls":["https://finds.org.uk/images/pwalton/1159.jpg"]},{"from":196,"to":211,"title":"NCL-C7C137: A coin issued by Julia Domna","image_urls":["https://finds.org.uk/images/rcollins/NCL-C7C137.JPG"]},{"from":196,"to":197,"title":"DUR-A3A061: A coin issued by Septimius Severus","image_urls":["https://finds.org.uk/images/a8622912/DUR-A3A061.jpg"]},{"from":196,"to":197,"title":"NCL-F709B5: A coin issued by Septimius Severus","image_urls":["https://finds.org.uk/images/pwalton/806.jpg"]},{"from":196,"to":211,"title":"HAMP-0DC4D4: A coin issued by Julia Domna","image_urls":["https://finds.org.uk/images/rwebley/HAMP-0DC4D4JuliaDomandenarius.jpg"]},{"from":196,"to":197,"title":"SOM-4BFA77: A coin issued by Septimius Severus","image_urls":["https://finds.org.uk/images/npayne/4BFA77.JPG"]},{"from":196,"to":198,"title":"DENO-F142F6: A coin issued by Caracalla","image_urls":["https://finds.org.uk/images/cburrill2/E7601_Roman_Caracalla_Denarius.jpg"]},{"from":196,"to":198,"title":"SWYOR-4B37B1: A coin issued by Caracalla","image_urls":["https://finds.org.uk/images/acooper/Aberford%2019.jpg"]},{"from":196,"to":196,"title":"LIN-94A37F: A coin issued by Septimius Severus","image_urls":["https://finds.org.uk/images/awillis/LIN-94A37F.jpg"]},{"from":196,"to":197,"title":"BUC-C7FE93: A coin issued by Septimius Severus","image_urls":["https://finds.org.uk/images/jmoss/TC43.jpg"]},{"from":196,"to":211,"title":"BUC-084756: A coin issued by Julia Domna","image_urls":["https://finds.org.uk/images/jmoss/2dscn9299.jpg"]},{"from":196,"to":211,"title":"DUR-F62FA3: A coin issued by Julia Domna","image_urls":["https://finds.org.uk/images/frances/DUR-F62FA3%20f.%20simpson%20denarius.jpg"]},{"from":196,"to":211,"title":"BM-F0CA08: A coin issued by Julia Domna","image_urls":["https://finds.org.uk/images/jasonlundock/5275.jpg"]},{"from":196,"to":197,"title":"YORYM-C67523: A coin issued by Septimius Severus","image_urls":["https://finds.org.uk/images/bmorris/BL1021.jpg"]},{"from":196,"to":197,"title":"NCL-B40E76: A coin issued by Septimius Severus","image_urls":["https://finds.org.uk/images/pwalton/NCLb40e76.jpg"]},{"from":196,"to":198,"title":"BM-F01EA2: A coin issued by Caracalla","image_urls":["https://finds.org.uk/images/jasonlundock/5291.jpg"]},{"from":196,"to":196,"title":"CORN-DC0C70: A coin issued by Caracalla","image_urls":["https://finds.org.uk/images/atyacke/CaracallaSecuritasdenobv.jpg"]},{"from":196,"to":211,"title":"YORYM-01CF64: A coin issued by Julia Domna","image_urls":["https://finds.org.uk/images/rebeccam/ISY0001.jpg"]},{"from":196,"to":198,"title":"DENO-133836: A coin issued by Caracalla","image_urls":["https://finds.org.uk/images/cburrill2/E6945_Caracalla_Mars_Denarius_.jpg"]},{"from":196,"to":209,"title":"SUR-282934: A coin issued by Geta","image_urls":["https://finds.org.uk/images/dwilliams/B11-394.jpg"]},{"from":196,"to":198,"title":"WMID-018790: A coin issued by Caracalla","image_urls":["https://finds.org.uk/images/tgilmore/WMID-018790.jpg"]},{"from":196,"to":196,"title":"YORYM-6BD1C7: A coin issued by Caracalla","image_urls":["https://finds.org.uk/images/bmorris/RoD0298.jpg"]},{"from":196,"to":211,"title":"WILT-531AE1: A coin issued by Julia Domna","image_urls":["https://finds.org.uk/images/acannings/Phillips1107romancoin.jpg"]},{"from":196,"to":197,"title":"NCL-421DB2: A coin issued by Septimius Severus","image_urls":["https://finds.org.uk/images/pwalton/4416.jpg"]},{"from":196,"to":211,"title":"HAMP-03C857: A coin issued by Julia Domna","image_urls":["https://finds.org.uk/images/rwebley/HAMP-03C857JuliaDomnaplateddenarius.jpg"]},{"from":196,"to":211,"title":"CORN-D9FD90: A coin issued by Julia Domna","image_urls":["https://finds.org.uk/images/atyacke/RomanAEcoin042.JPG"]},{"from":196,"to":198,"title":"SUR-3A0792: A coin issued by Caracalla","image_urls":["https://finds.org.uk/images/dwilliams/11-1521.jpg"]},{"from":196,"to":198,"title":"YORYM-4BB4D3: A coin issued by Caracalla","image_urls":["https://finds.org.uk/images/law/BL0955.jpg"]},{"from":196,"to":211,"title":"YORYM-A08311: A coin issued by Julia Domna","image_urls":["https://finds.org.uk/images/ellie/BB%20695.jpg"]},{"from":196,"to":211,"title":"DEV-CFC650: A coin issued by Julia Domna","image_urls":["https://finds.org.uk/images/dwootton/devcfc650.jpg"]},{"from":196,"to":211,"title":"BUC-CAF572: A coin issued by Julia Domna","image_urls":["https://finds.org.uk/images/jmoss/TC50.jpg"]},{"from":196,"to":211,"title":"WILT-0B8BF5: A coin issued by Julia Domna","image_urls":["https://finds.org.uk/images/rhenry2/WILT-0B8BF5.jpg"]},{"from":196,"to":211,"title":"HAMP-E756D6: A coin issued by Julia Domna","image_urls":["https://finds.org.uk/images/jojocole/HAMPE756D6.jpg"]},{"from":196,"to":211,"title":"CAM-FEE637: A coin issued by Julia Domna","image_urls":["https://finds.org.uk/images/hfowler/CAM-FEE637.jpg"]},{"from":196,"to":211,"title":"NLM-360C96: A coin issued by Julia Domna","image_urls":["https://finds.org.uk/images/mforeman/NLM21326.jpg"]},{"from":196,"to":197,"title":"YORYM-C664B5: A coin issued by Septimius Severus","image_urls":["https://finds.org.uk/images/bmorris/BL1037.jpg"]},{"from":196,"to":196,"title":"SUSS-D313B4: A coin issued by Caracalla","image_urls":["https://finds.org.uk/images/corbie01/SUSS-D313B4DenCaracalla.jpg"]},{"from":196,"to":211,"title":"LANCUM-2B2718: A coin issued by Julia Domna","image_urls":["https://finds.org.uk/images/dboughton/LANCUM2B2718.jpg"]},{"from":196,"to":211,"title":"LIN-B40A26: A coin issued by Julia Domna","image_urls":["https://finds.org.uk/images/adaubney/GL30.JPG"]},{"from":196,"to":196,"title":"LIN-D6F362: A coin issued by Julia Domna","image_urls":["https://finds.org.uk/images/adaubney/LIN2012-120.jpg"]},{"from":196,"to":211,"title":"LEIC-50B7C4: A coin issued by Julia Domna","image_urls":["https://finds.org.uk/images/leicvol/50B7C4.jpg"]},{"from":196,"to":211,"title":"DENO-5696F8: A coin issued by Julia Domna","image_urls":["https://finds.org.uk/images/ratherton/E5990%20den.jpg"]},{"from":196,"to":198,"title":"IOW-1A6FB3: A coin issued by Caracalla","image_urls":["https://finds.org.uk/images/fbasford/IOW2012-1-366.JPG"]},{"from":196,"to":211,"title":"LANCUM-9E84A8: A coin issued by Julia Domna","image_urls":["https://finds.org.uk/images/dboughton/LVMDEB9E84A8.jpg"]},{"from":196,"to":198,"title":"NCL-6EA6E2: A coin issued by Caracalla","image_urls":["https://finds.org.uk/images/pwalton/NCL6EA6E2.jpg"]},{"from":196,"to":198,"title":"SF-5797C1: A coin issued by Septimius Severus","image_urls":["https://finds.org.uk/images/abrown/WMH_SF5797C1.jpg"]},{"from":196,"to":211,"title":"SF-7FF2F6: A coin issued by Julia Domna","image_urls":["https://finds.org.uk/images/justineemma/OUS_SF-7FF2F6.jpg"]},{"from":196,"to":197,"title":"BM-52B717: A coin issued by Septimius Severus","image_urls":["https://finds.org.uk/images/jasonlundock/5317.jpg"]},{"from":196,"to":211,"title":"NLM-EA8083: A coin issued by Julia Domna","image_urls":["https://finds.org.uk/images/mforeman/NLM18352.jpg"]},{"from":196,"to":211,"title":"SUSS-161176: A coin issued by Julia Domna","image_urls":["https://finds.org.uk/images/lwalker/1-204y.jpg"]},{"from":196,"to":200,"title":"YORYM-C5A1F4: A coin issued by Caracalla","image_urls":["https://finds.org.uk/images/bmorris/FORA0088.jpg"]},{"from":196,"to":198,"title":"DENO-0CBDA7: A coin issued by Caracalla","image_urls":["https://finds.org.uk/images/cburrill2/E7074_G_RomanDenarius.jpg"]},{"from":196,"to":198,"title":"YORYM-0954D1: A coin issued by Caracalla","image_urls":["https://finds.org.uk/images/bmorris/SM0087.jpg"]},{"from":196,"to":196,"title":"BM-CF06E2: A coin issued by Caracalla","image_urls":["https://finds.org.uk/images/jasonlundock/6000.jpg"]},{"from":196,"to":211,"title":"PUBLIC-046A15: A coin issued by Julia Domna","image_urls":["https://finds.org.uk/images/kiwidigger/Julia%20Domna%20denarius%209%20Mar%202014reverse.JPG"]},{"from":196,"to":211,"title":"BM-5297E2: A coin issued by Julia Domna","image_urls":["https://finds.org.uk/images/jasonlundock/5353.jpg"]},{"from":196,"to":198,"title":"SOM-56ACC1: A coin issued by Caracalla","image_urls":["https://finds.org.uk/images/npayne/56ACC1.JPG"]},{"from":196,"to":211,"title":"SF-48DE3E: A coin issued by Julia Domna","image_urls":["https://finds.org.uk/images/gstewart/PSG_SF-48DE3E.jpg"]},{"from":196,"to":198,"title":"FAPJW-648465: A coin issued by Caracalla","image_urls":["https://finds.org.uk/images/pwalton/5306.jpg"]},{"from":196,"to":209,"title":"YORYM-C57E4A: A coin issued by Geta","image_urls":["https://finds.org.uk/images/bmorris/FORA0087.jpg"]},{"from":196,"to":211,"title":"YORYM-000B8B: A coin issued by Julia Domna","image_urls":["https://finds.org.uk/images/bmorris/SBY0024.jpg"]},{"from":196,"to":211,"title":"NLM-DC253B: A coin issued by Julia Domna","image_urls":["https://finds.org.uk/images/mforeman/NLM27115.jpg"]},{"from":196,"to":211,"title":"NCL-3A6C81: A coin issued by Julia Domna","image_urls":["https://finds.org.uk/images/pwalton/674.jpg"]},{"from":196,"to":211,"title":"WILT-4479B6: A coin issued by Julia Domna","image_urls":["https://finds.org.uk/images/jshoemark/WILT4479B6.jpg"]},{"from":196,"to":196,"title":"WAW-CCF967: A coin issued by Caracalla","image_urls":["https://finds.org.uk/images/abolton/WAW-CCF967.jpg"]},{"from":196,"to":211,"title":"YORYM-A8C677: A coin issued by Julia Domna","image_urls":["https://finds.org.uk/images/rebeccam/CSh0049.jpg"]},{"from":196,"to":238,"title":"BM-60FAE0: A coin issued by Septimius Severus","image_urls":["https://finds.org.uk/images/jasonlundock/5158.jpg"]},{"from":196,"to":211,"title":"SF-9D9C50: A coin issued by Julia Domna","image_urls":["https://finds.org.uk/images/abrown/FOS_SF-9D9C50.jpg"]},{"from":196,"to":196,"title":"NCL-25BFA0: A coin issued by Caracalla","image_urls":["https://finds.org.uk/images/pwalton/4230.jpg"]},{"from":196,"to":206,"title":"LIN-633EE6: A coin issued by Caracalla","image_urls":["https://finds.org.uk/images/adaubney/LIN5238.JPG"]},{"from":196,"to":197,"title":"WMID-AAF7A0: A coin issued by Septimius Severus","image_urls":["https://finds.org.uk/images/dslarke/HARE%20DEN%201008%20copy.jpg"]},{"from":196,"to":197,"title":"NCL-8D2735: A coin issued by Septimius Severus","image_urls":["https://finds.org.uk/images/pwalton/697.jpg"]},{"from":196,"to":211,"title":"SF-50E163: A coin issued by Julia Domna","image_urls":["https://finds.org.uk/images/abrown/OUS_SF50E163.jpg"]},{"from":196,"to":211,"title":"BM-F9FC33: A coin issued by Septimius Severus","image_urls":["https://finds.org.uk/images/jasonlundock/4466.jpg"]},{"from":196,"to":196,"title":"SWYOR-7DEDE4: A coin issued by Septimius Severus","image_urls":["https://finds.org.uk/images/acooper/PAS_1267_denarius.jpg"]},{"from":196,"to":211,"title":"WMID-9B32B5: A coin issued by Julia Domna","image_urls":["https://finds.org.uk/images/cjohnson/WMID-9B32B5.jpg"]},{"from":196,"to":196,"title":"LEIC-7DA794: A coin issued by Septimius Severus","image_urls":["https://finds.org.uk/images/wscott/7DA794.JPG"]},{"from":196,"to":211,"title":"BM-EF4C41: A coin issued by Julia Domna","image_urls":["https://finds.org.uk/images/jasonlundock/5261.jpg"]},{"from":196,"to":196,"title":"LEIC-0F9437: A coin issued by Septimius Severus","image_urls":["https://finds.org.uk/images/wscott/LEIC-0F9437.JPG"]},{"from":196,"to":198,"title":"WAW-ACB146: A coin issued by Caracalla","image_urls":["https://finds.org.uk/images/abolton/WAW-ACB146.jpg"]},{"from":196,"to":198,"title":"BERK-5A3B66: A coin issued by Caracalla","image_urls":["https://finds.org.uk/images/abyard/2010669.jpg"]},{"from":196,"to":211,"title":"BH-43D8C0: A coin issued by Julia Domna","image_urls":["https://finds.org.uk/images/jwatters/Roman_coin_12_73_2.jpg"]},{"from":196,"to":211,"title":"LANCUM-6876C5: A coin issued by Julia Domna","image_urls":["https://finds.org.uk/images/dboughton/KDMDLW6876C5.jpg"]},{"from":196,"to":196,"title":"LIN-D0D022: A coin issued by Septimius Severus","image_urls":["https://finds.org.uk/images/adaubney/LIN8708.JPG"]},{"from":196,"to":198,"title":"SUR-ED1090: A coin issued by Septimius Severus","image_urls":["https://finds.org.uk/images/dwilliams/07.622.JPG"]},{"from":196,"to":198,"title":"YORYM-1D58E2: A coin issued by Caracalla","image_urls":["https://finds.org.uk/images/law/SS0265.jpg"]},{"from":196,"to":196,"title":"NLM-817DC0: A coin issued by Septimius Severus","image_urls":["https://finds.org.uk/images/mforeman/NLM19024.jpg"]},{"from":196,"to":202,"title":"WILT-58F2C7: A coin issued by Julia Domna","image_urls":["https://finds.org.uk/images/rhenry2/WILT-58F2C7.jpg"]},{"from":196,"to":197,"title":"BM-FA1C95: A coin issued by Septimius Severus","image_urls":["https://finds.org.uk/images/jasonlundock/4058Denarius%20Copy.jpg"]},{"from":196,"to":211,"title":"NCL-A96172: A coin issued by Julia Domna","image_urls":["https://finds.org.uk/images/pwalton/1018.jpg"]},{"from":196,"to":211,"title":"BH-6C4010: A coin issued by Julia Domna","image_urls":["https://finds.org.uk/images/jwatters/Roman_coin_12_78_7.jpg"]},{"from":196,"to":198,"title":"WMID-8739A3: A coin issued by Caracalla","image_urls":["https://finds.org.uk/images/tgilmore/WMID-8739A3.jpg"]},{"from":196,"to":198,"title":"SWYOR-545727: A coin issued by Caracalla","image_urls":["https://finds.org.uk/images/acooper/PAS_1683_denarius1.jpg"]},{"from":196,"to":211,"title":"SOM-6525A3: A coin issued by Julia Domna","image_urls":["https://finds.org.uk/images/npayne/6525A3.JPG"]},{"from":196,"to":197,"title":"CORN-165CA1: A coin issued by Septimius Severus","image_urls":["https://finds.org.uk/images/atyacke/April15finz002.JPG"]},{"from":196,"to":210,"title":"CAM-000362: A coin issued by Septimius Severus","image_urls":["https://finds.org.uk/images/hfowler/CAM-000362.jpg"]},{"from":196,"to":211,"title":"SUSS-05E104: A coin issued by Julia Domna","image_urls":["https://finds.org.uk/images/saehoile/SUSS-05E104.jpg"]},{"from":196,"to":211,"title":"NCL-0CDB86: A coin issued by Julia Domna","image_urls":["https://finds.org.uk/images/pwalton/1019.jpg"]},{"from":196,"to":198,"title":"BM-51ED43: A coin issued by Septimius Severus","image_urls":["https://finds.org.uk/images/jasonlundock/5480.jpg"]},{"from":196,"to":211,"title":"YORYM-9E6032: A coin issued by Julia Domna","image_urls":["https://finds.org.uk/images/bmorris/BL1087.jpg"]},{"from":196,"to":197,"title":"YORYM-9B0F61: A coin issued by Septimius Severus","image_urls":["https://finds.org.uk/images/bmorris/RHH0025.jpg"]},{"from":196,"to":196,"title":"NCL-8BAF23: A coin issued by Caracalla","image_urls":["https://finds.org.uk/images/pwalton/666.jpg"]},{"from":196,"to":198,"title":"NCL-282684: A coin issued by Caracalla","image_urls":["https://finds.org.uk/images/rcollins/Roman%20coin%209.jpg"]},{"from":196,"to":210,"title":"CAM-FB8A15: A coin issued by Septimius Severus","image_urls":["https://finds.org.uk/images/hfowler/CAM-FB8A15.jpg"]},{"from":196,"to":211,"title":"HAMP2947: A coin issued by Julia Domna","image_urls":["https://finds.org.uk/images/sworrell/hamp%202947.JPG"]},{"from":196,"to":197,"title":"NMGW-985898: A coin issued by Septimius Severus","image_urls":["https://finds.org.uk/images/sianw/20061628.jpg"]},{"from":196,"to":211,"title":"WILT-170104: A coin issued by Julia Domna","image_urls":["https://finds.org.uk/images/rhenry2/WILT-170104.jpg"]},{"from":196,"to":211,"title":"HAMP-01AE53: A coin issued by Julia Domna","image_urls":["https://finds.org.uk/images/khindshamp/HAMP01AE53.jpg"]},{"from":196,"to":211,"title":"ESS-7C79C7: A coin issued by Julia Domna","image_urls":["https://finds.org.uk/images/lmclean/1a%20ESS-7C79C7.jpg"]},{"from":196,"to":211,"title":"SOM-572A84: A coin issued by Julia Domna","image_urls":["https://finds.org.uk/images/npayne/572A84.JPG"]},{"from":196,"to":211,"title":"BH-E09451: A coin issued by Julia Domna","image_urls":["https://finds.org.uk/images/jwatters/Roman%20coin%2008%2086%20-%20178.jpg"]},{"from":196,"to":197,"title":"LANCUM-CA07D8: A coin issued by Septimius Severus","image_urls":["https://finds.org.uk/images/dboughton/LANCUMCA07D8.jpg"]},{"from":196,"to":197,"title":"HAMP-1EC225: A coin issued by Septimius Severus","image_urls":["https://finds.org.uk/images/khindshamp/HAMP-1EC225.jpg"]},{"from":196,"to":198,"title":"DENO-7265B6: A coin issued by Caracalla","image_urls":["https://finds.org.uk/images/arohde/E5971%207%20Armour%20denarius.jpg"]},{"from":196,"to":211,"title":"PUBLIC-E8B58E: A coin issued by Julia Domna","image_urls":["https://finds.org.uk/images/fisher1266x/Julia%20Domna%20Denarius.jpg"]},{"from":196,"to":211,"title":"NARC-D42C05: A coin issued by Julia Domna","image_urls":["https://finds.org.uk/images/tbrindle/NARC-D42C05denariusobv.jpg"]},{"from":196,"to":197,"title":"SOM-E6FD0A: A coin issued by Septimius Severus","image_urls":["https://finds.org.uk/images/rwebley2/SOM-E6FD0A.JPG"]},{"from":196,"to":198,"title":"ESS-693750: A coin issued by Caracalla","image_urls":["https://finds.org.uk/images/lmclean/ESS-693750.jpg"]},{"from":196,"to":196,"title":"LANCUM-A46834: A coin issued by Septimius Severus","image_urls":["https://finds.org.uk/images/dboughton/IrthingtonBrampton2008A46834.jpg"]},{"from":196,"to":198,"title":"NCL-365503: A coin issued by Caracalla","image_urls":["https://finds.org.uk/images/pwalton/835.jpg"]},{"from":196,"to":196,"title":"IOW-9E4DE7: A coin issued by Septimius Severus","image_urls":["https://finds.org.uk/images/fbasford/IOW2007-3-33.JPG"]},{"from":196,"to":211,"title":"NMS-F6D6FB: A coin issued by Julia Domna","image_urls":["https://finds.org.uk/images/amarsden/KLMD072015domnasestertius.jpg"]},{"from":196,"to":198,"title":"YORYM-5ED9A6: A coin issued by Caracalla","image_urls":["https://finds.org.uk/images/law/TLC0164.jpg"]},{"from":196,"to":211,"title":"YORYM-3122D5: A coin issued by Julia Domna","image_urls":["https://finds.org.uk/images/bmorris/WS0373.jpg"]},{"from":196,"to":211,"title":"LEIC-03CD71: A coin issued by Julia Domna","image_urls":["https://finds.org.uk/images/mf166/LEIC03CD71.jpg"]},{"from":196,"to":211,"title":"HESH-B26B44: A coin issued by Julia Domna","image_urls":["https://finds.org.uk/images/preavill/HESH-B26B44.jpg"]},{"from":196,"to":197,"title":"FAPJW-5F5944: A coin issued by Septimius Severus","image_urls":["https://finds.org.uk/images/pwalton/7016.jpg"]},{"from":196,"to":211,"title":"LIN-3DEDF3: A coin issued by Julia Domna","image_urls":["https://finds.org.uk/images/adaubney/145.jpg"]},{"from":196,"to":211,"title":"PUBLIC-120A5A: A coin issued by Julia Domna","image_urls":["https://finds.org.uk/images/calow1/FLE151040.JPG"]},{"from":196,"to":211,"title":"NCL-F60EA4: A coin issued by Julia Domna","image_urls":["https://finds.org.uk/images/pwalton/5597.jpg"]},{"from":196,"to":200,"title":"YORYM-FDAA45: A coin issued by Septimius Severus","image_urls":["https://finds.org.uk/images/law/KSB0036.jpg"]},{"from":196,"to":211,"title":"HESH-0D5B87: A coin issued by Julia Domna","image_urls":["https://finds.org.uk/images/preavill/HESH-0D5B87.jpg"]},{"from":196,"to":211,"title":"WAW-E86C04: A coin issued by Julia Domna","image_urls":["https://finds.org.uk/images/abolton/WAW-E86C04.jpg"]},{"from":196,"to":211,"title":"WILT-0D4121: A coin issued by Julia Domna","image_urls":["https://finds.org.uk/images/khinds/WILT-0D4121.jpg"]},{"from":196,"to":211,"title":"SUSS-79B1A7: A coin issued by Julia Domna","image_urls":["https://finds.org.uk/images/lburnett/SUSS-79B1A7%20.JPG"]},{"from":196,"to":211,"title":"SUR-76CBD7: A coin issued by Julia Domna","image_urls":["https://finds.org.uk/images/margaretb/13-678.JPG"]},{"from":196,"to":211,"title":"DENO-63B763: A coin issued by Julia Domna","image_urls":["https://finds.org.uk/images/cburrill2/E6922_Denarius_JuliaDomna.jpg"]},{"from":196,"to":198,"title":"BUC-670295: A coin issued by Caracalla","image_urls":["https://finds.org.uk/images/rtyrrell/TC195.jpg"]},{"from":196,"to":196,"title":"BH-72E8F7: A coin issued by Caracalla","image_urls":["https://finds.org.uk/images/jwatters/Roman%20coin%2008%2019%20-%204.jpg"]},{"from":196,"to":197,"title":"BM-9ACA03: A coin issued by Septimius Severus","image_urls":["https://finds.org.uk/images/jasonlundock/4058.jpg"]},{"from":196,"to":201,"title":"NARC-17A3C1: A coin issued by Septimius Severus","image_urls":["https://finds.org.uk/images/jcassidy/NARC-17A3C1%20a.jpg"]},{"from":196,"to":211,"title":"HAMP3076: A coin issued by Julia Domna","image_urls":["https://finds.org.uk/images/sworrell/hamp%203076a.tif"]},{"from":196,"to":196,"title":"SUSS-785712: A coin issued by Septimius Severus","image_urls":["https://finds.org.uk/images/lburnett/SUSS-785712.JPG"]},{"from":196,"to":211,"title":"BUC-E0ECF2: A coin issued by Julia Domna","image_urls":["https://finds.org.uk/images/jmoss/2dscn9371.jpg"]},{"from":196,"to":211,"title":"NCL-723537: A coin issued by Julia Domna","image_urls":["https://finds.org.uk/images/pwalton/661.jpg"]},{"from":196,"to":197,"title":"YORYM-3A8E4E: A coin issued by Septimius Severus","image_urls":["https://finds.org.uk/images/bmorris/WS0520.jpg"]},{"from":196,"to":197,"title":"YORYM-C64102: A coin issued by Septimius Severus","image_urls":["https://finds.org.uk/images/bmorris/BL1035.jpg"]},{"from":196,"to":197,"title":"SF-71562C: A coin issued by Septimius Severus","image_urls":["https://finds.org.uk/images/abrown/MKE_SF71562C.jpg"]},{"from":196,"to":197,"title":"WMID-B84C68: A coin issued by Septimius Severus","image_urls":["https://finds.org.uk/images/dslarke/BLACK%20DEN%200908%20copy.jpg"]},{"from":196,"to":197,"title":"SWYOR-8334E1: A coin issued by Septimius Severus","image_urls":["https://finds.org.uk/images/acooper/PAS_1405_4.jpg"]},{"from":196,"to":211,"title":"NCL-FFA6F6: A coin issued by Julia Domna","image_urls":["https://finds.org.uk/images/pwalton/1056.jpg"]},{"from":196,"to":197,"title":"ESS-907C40: A coin issued by Septimius Severus","image_urls":["https://finds.org.uk/images/cmcdonald/Spall%20denarius.jpg"]},{"from":196,"to":196,"title":"SUR-3E2797: A coin issued by Septimius Severus","image_urls":["https://finds.org.uk/images/dwilliams/06.1120.JPG"]},{"from":196,"to":197,"title":"SWYOR-C896E3: A coin issued by Septimius Severus","image_urls":["https://finds.org.uk/images/acooper/PAS_782_septimius_coin.jpg"]},{"from":196,"to":211,"title":"NARC-D0E330: A coin issued by Julia Domna","image_urls":["https://finds.org.uk/images/jcassidy/NARC-D0E330%20b.jpg"]},{"from":196,"to":200,"title":"FAPJW-60B9A1: A coin issued by Septimius Severus","image_urls":["https://finds.org.uk/images/pwalton/7030.jpg"]},{"from":196,"to":211,"title":"FASAM-235848: A coin issued by Julia Domna","image_urls":["https://finds.org.uk/images/sam/456.jpg"]},{"from":196,"to":198,"title":"WILT-FFF5A1: A coin issued by Septimius Severus","image_urls":["https://finds.org.uk/images/jblake/SeptimusSeverusdenarius2.jpg"]},{"from":196,"to":211,"title":"SF-DC06E6: A coin issued by Julia Domna","image_urls":["https://finds.org.uk/images/abrown/WYV_SF-DC06E6.jpg"]},{"from":196,"to":197,"title":"IOW-8780D5: A coin issued by Clodius Albinus","image_urls":["https://finds.org.uk/images/fbasford/IOW2014-2-515.JPG"]},{"from":196,"to":211,"title":"SWYOR-EC5061: A coin issued by Julia Domna","image_urls":["https://finds.org.uk/images/acooper/PAS_2538_Juno.jpg"]},{"from":196,"to":197,"title":"DUR-98F4E2: A coin issued by Septimius Severus","image_urls":["https://finds.org.uk/images/a8622912/DUR-98F4E2.jpg"]},{"from":196,"to":211,"title":"WAW-AAC668: A coin issued by Julia Domna","image_urls":["https://finds.org.uk/images/rshenry/WAW-AAC668.jpg"]},{"from":196,"to":198,"title":"YORYM-4B6443: A coin issued by Caracalla","image_urls":["https://finds.org.uk/images/bmorris/BL0797.jpg"]},{"from":196,"to":211,"title":"NCL-EE08A3: A coin issued by Julia Domna","image_urls":["https://finds.org.uk/images/pwalton/695.jpg"]},{"from":196,"to":198,"title":"HAMP-02B8A2: A coin issued by Caracalla","image_urls":["https://finds.org.uk/images/rwebley/HAMP-02B8A2Caracalladenarius.jpg"]},{"from":196,"to":198,"title":"BM-86A216: A coin issued by Caracalla","image_urls":["https://finds.org.uk/images/jasonlundock/5196.jpg"]},{"from":196,"to":197,"title":"HAMP-04E497: A coin issued by Septimius Severus","image_urls":["https://finds.org.uk/images/rwebley/HAMP-04E497SeptimiusSeverusdenariuscopy.jpg"]},{"from":196,"to":211,"title":"DUR-EFF816: A coin issued by Julia Domna","image_urls":["https://finds.org.uk/images/emorris/John_Hunt_Diana_Coin.jpg"]},{"from":196,"to":202,"title":"CAM-FBBD85: A coin issued by Caracalla","image_urls":["https://finds.org.uk/images/hfowler/CAM-FBBD85.jpg"]},{"from":196,"to":198,"title":"NCL-CEB3B3: A coin issued by Caracalla","image_urls":["https://finds.org.uk/images/gkettlewell/IMG_6040.jpg"]},{"from":196,"to":211,"title":"FAPJW-CDC6C6: A coin issued by Julia Domna","image_urls":["https://finds.org.uk/images/pwalton/688.jpg"]},{"from":196,"to":211,"title":"WMAS-6B4756: A coin issued by Julia Domna","image_urls":["https://finds.org.uk/images/shousley/WMAS-6B4756.jpg"]},{"from":196,"to":211,"title":"SOMDOR-2B03F3: A coin issued by Julia Domna","image_urls":["https://finds.org.uk/images/npayne/2B03F3.jpg"]},{"from":196,"to":211,"title":"YORYM-8778B0: A coin issued by Julia Domna","image_urls":["https://finds.org.uk/images/bmorris/WS0264.jpg"]},{"from":196,"to":217,"title":"HESH-049611: A coin issued by Julia Domna","image_urls":["https://finds.org.uk/images/preavill/HESH-049611.jpg"]},{"from":196,"to":211,"title":"SF-B46DA2: A coin issued by Julia Domna","image_urls":["https://finds.org.uk/images/abrown/GreatMaplestead_SFB46DA2.jpg"]},{"from":196,"to":197,"title":"NCL-1BA783: A coin issued by Septimius Severus","image_urls":["https://finds.org.uk/images/rcollins/IMG_8983.jpg"]},{"from":196,"to":196,"title":"BH-B16136: A coin issued by Septimius Severus","image_urls":["https://finds.org.uk/images/jwatters/Roman%20coin%2008%2047%20-%2089.jpg"]},{"from":196,"to":198,"title":"LIN-CC35F5: A coin issued by Septimius Severus","image_urls":["https://finds.org.uk/images/adaubney/LIN7961.JPG"]},{"from":196,"to":211,"title":"WMID-893446: A coin issued by Julia Domna","image_urls":["https://finds.org.uk/images/dslarke/wag%20roman%20coin%202%200408%20copy.jpg"]},{"from":196,"to":200,"title":"NARC-497C91: A coin issued by Caracalla","image_urls":["https://finds.org.uk/images/sashby/NARC-49EC91%20silver.jpg"]},{"from":196,"to":198,"title":"DUR-A4E201: A coin issued by Caracalla","image_urls":["https://finds.org.uk/images/frances/DUR-A4E201.jpg"]},{"from":196,"to":198,"title":"SWYOR-856AC2: A coin issued by Caracalla","image_urls":["https://finds.org.uk/images/acooper/PAS%20440%20copper%20alloy%20coin.jpg"]},{"from":196,"to":196,"title":"LEIC-FB3C23: A coin issued by Caracalla","image_urls":["https://finds.org.uk/images/wscott/FB3C23.JPG"]},{"from":196,"to":198,"title":"GLO-1DA4F1: A coin issued by Caracalla","image_urls":["https://finds.org.uk/images/kadams/DSC_0422%20copy.jpg"]},{"from":196,"to":197,"title":"YORYM-CBDC1B: A coin issued by Septimius Severus","image_urls":["https://finds.org.uk/images/bmorris/GHB0011.jpg"]},{"from":196,"to":198,"title":"LANCUM-0124B1: A coin issued by Caracalla","image_urls":["https://finds.org.uk/images/dboughton/BFMDGC0124B1.jpg"]},{"from":196,"to":211,"title":"YORYM-BE2DB5: A coin issued by Julia Domna","image_urls":["https://finds.org.uk/images/law/KSB0182.jpg"]},{"from":196,"to":198,"title":"YORYM-92D372: A coin issued by Septimius Severus","image_urls":["https://finds.org.uk/images/law/BR0321.jpg"]},{"from":196,"to":211,"title":"SUSS-F667B2: A coin issued by Julia Domna","image_urls":["https://finds.org.uk/images/lwalker/SUSS-F667B2DAJuliaDomna.jpg"]},{"from":196,"to":211,"title":"YORYM-B790C2: A coin issued by Julia Domna","image_urls":["https://finds.org.uk/images/law/BL0932.jpg"]},{"from":196,"to":197,"title":"FASAM-242D37: A coin issued by Septimius Severus","image_urls":["https://finds.org.uk/images/sam/5504.jpg"]},{"from":196,"to":197,"title":"WILT-E367E3: A coin issued by Septimius Severus","image_urls":["https://finds.org.uk/images/khinds/Vanstone0510denarius.jpg"]},{"from":196,"to":211,"title":"SOM-6A0AE4: A coin issued by Julia Domna","image_urls":["https://finds.org.uk/images/alicef/SOM-6A0AE4.JPG"]},{"from":196,"to":211,"title":"NCL-8DA776: A coin issued by Julia Domna","image_urls":["https://finds.org.uk/images/rcollins/NCL-8DA776.jpg"]},{"from":196,"to":196,"title":"BH-06EE33: A coin issued by Septimius Severus","image_urls":["https://finds.org.uk/images/laural/Roman%20coin%2007%2086%20-%2032.jpg"]},{"from":196,"to":211,"title":"SF-A83CB6: A coin issued by Julia Domna","image_urls":["https://finds.org.uk/images/abrown/WMH_SF-A83CB6.jpg"]},{"from":196,"to":196,"title":"BUC-06B854: A coin issued by Caracalla","image_urls":["https://finds.org.uk/images/jmoss/2dscn9291.jpg"]},{"from":196,"to":211,"title":"FAPJW-E16591: A coin issued by Julia Domna","image_urls":["https://finds.org.uk/images/pwalton/5067.jpg"]},{"from":196,"to":211,"title":"BH-754ED6: A coin issued by Julia Domna","image_urls":["https://finds.org.uk/images/jwatters/Roman_coin_13_89_21.jpg"]},{"from":196,"to":211,"title":"YORYM-B3FC16: A coin issued by Julia Domna","image_urls":["https://finds.org.uk/images/law/SS0286.jpg"]},{"from":196,"to":198,"title":"HAMP3740: A coin issued by Caracalla","image_urls":["https://finds.org.uk/images/sworrell/hamp%203740.JPG"]},{"from":196,"to":211,"title":"YORYM-3C33C6: A coin issued by Julia Domna","image_urls":["https://finds.org.uk/images/bmorris/BL1039.jpg"]},{"from":196,"to":197,"title":"RIC IV Septimius Severus 478. 1944.100.50240","image_urls":["http://numismatics.org/collectionimages/19001949/1944/1944.100.50240.rev.width350.jpg"]},{"from":196,"to":202,"title":"RIC IV Septimius Severus 645 (denarius). 1948.19.1538","image_urls":["http://numismatics.org/collectionimages/19001949/1948/1948.19.1538.rev.width350.jpg"]},{"from":196,"to":202,"title":"RIC IV Septimius Severus 648. 1944.100.51358","image_urls":["http://numismatics.org/collectionimages/19001949/1944/1944.100.51358.rev.width350.jpg"]},{"from":196,"to":197,"title":"Bronze Sestertius of Septimius Severus, Rome, AD 196 - AD 197. 1944.100.50306","image_urls":["http://numismatics.org/collectionimages/19001949/1944/1944.100.50306.rev.width350.jpg"]},{"from":196,"to":197,"title":"RIC IV Caracalla 330. 1905.57.511","image_urls":["http://numismatics.org/collectionimages/19001949/1905/1905.57.511.rev.width350.jpg"]},{"from":196,"to":211,"title":"RIC IV Septimius Severus 563B. 1948.19.1505","image_urls":["http://numismatics.org/collectionimages/19001949/1948/1948.19.1505.rev.width350.jpg"]},{"from":196,"to":202,"title":"RIC IV Septimius Severus 639. 1935.117.507","image_urls":["http://numismatics.org/collectionimages/19001949/1935/1935.117.507.rev.width350.jpg"]},{"from":196,"to":197,"title":"RIC IV Caracalla 401. 1944.100.51670","image_urls":["http://numismatics.org/collectionimages/19001949/1944/1944.100.51670.rev.width350.jpg"]},{"from":196,"to":211,"title":"RIC IV Septimius Severus 574. 1956.28.327","image_urls":["http://numismatics.org/collectionimages/19501999/1956/1956.28.327.rev.width350.jpg"]},{"from":196,"to":211,"title":"RIC IV Septimius Severus 576 (denarius). 1995.11.350","image_urls":["http://numismatics.org/collectionimages/19501999/1995/1995.11.350.rev.width350.jpg"]},{"from":196,"to":211,"title":"RIC IV Septimius Severus 577 (denarius). 1923.150.107","image_urls":["http://numismatics.org/collectionimages/19001949/1923/1923.150.107.rev.width350.jpg"]},{"from":196,"to":211,"title":"RIC IV Septimius Severus 860. 1995.11.359","image_urls":["http://numismatics.org/collectionimages/19501999/1995/1995.11.359.rev.width350.jpg"]},{"from":196,"to":197,"title":"RIC IV Septimius Severus 491A. 1944.100.50272","image_urls":["http://numismatics.org/collectionimages/19001949/1944/1944.100.50272.rev.width350.jpg"]},{"from":196,"to":211,"title":"RIC IV Septimius Severus 552. 1935.117.491","image_urls":["http://numismatics.org/collectionimages/19001949/1935/1935.117.491.rev.width350.jpg"]},{"from":196,"to":211,"title":"RIC IV Septimius Severus 551. 1995.11.353","image_urls":["http://numismatics.org/collectionimages/19501999/1995/1995.11.353.rev.width350.jpg"]},{"from":196,"to":197,"title":"RIC IV Septimius Severus 93. 1944.100.50149","image_urls":["http://numismatics.org/collectionimages/19001949/1944/1944.100.50149.rev.width350.jpg"]},{"from":196,"to":211,"title":"RIC IV Septimius Severus 562 (denarius). 1944.100.51244","image_urls":["http://numismatics.org/collectionimages/19001949/1944/1944.100.51244.rev.width350.jpg"]},{"from":196,"to":211,"title":"RIC IV Septimius Severus 559 (denarius). 1951.94.31","image_urls":["http://numismatics.org/collectionimages/19501999/1951/1951.94.31.rev.width350.jpg"]},{"from":196,"to":202,"title":"RIC IV Septimius Severus 637. 1944.100.51343","image_urls":["http://numismatics.org/collectionimages/19001949/1944/1944.100.51343.rev.width350.jpg"]},{"from":196,"to":211,"title":"RIC IV Septimius Severus 556 (denarius). 1944.100.51238","image_urls":["http://numismatics.org/collectionimages/19001949/1944/1944.100.51238.rev.width350.jpg"]},{"from":196,"to":211,"title":"RIC IV Septimius Severus 564 (denarius). 1944.100.51247","image_urls":["http://numismatics.org/collectionimages/19001949/1944/1944.100.51247.rev.width350.jpg"]},{"from":196,"to":198,"title":"RIC IV Caracalla 6. 1995.11.1459","image_urls":["http://numismatics.org/collectionimages/19501999/1995/1995.11.1459.rev.width350.jpg"]},{"from":196,"to":211,"title":"RIC IV Septimius Severus 574. 1948.19.1511","image_urls":["http://numismatics.org/collectionimages/19001949/1948/1948.19.1511.rev.width350.jpg"]},{"from":196,"to":211,"title":"RIC IV Septimius Severus 551. 1944.100.50321","image_urls":["http://numismatics.org/collectionimages/19001949/1944/1944.100.50321.rev.width350.jpg"]},{"from":196,"to":211,"title":"RIC IV Septimius Severus 559 (denarius). 1995.11.356","image_urls":["http://numismatics.org/collectionimages/19501999/1995/1995.11.356.rev.width350.jpg"]},{"from":196,"to":211,"title":"RIC IV Septimius Severus 575 (denarius). 1935.117.497","image_urls":["http://numismatics.org/collectionimages/19001949/1935/1935.117.497.rev.width350.jpg"]},{"from":196,"to":202,"title":"RIC IV Septimius Severus 644. 1944.100.51352","image_urls":["http://numismatics.org/collectionimages/19001949/1944/1944.100.51352.rev.width350.jpg"]},{"from":196,"to":202,"title":"RIC IV Septimius Severus 641. 1944.100.51346","image_urls":["http://numismatics.org/collectionimages/19001949/1944/1944.100.51346.rev.width350.jpg"]},{"from":196,"to":211,"title":"RIC IV Septimius Severus 552. 1944.100.50323","image_urls":["http://numismatics.org/collectionimages/19001949/1944/1944.100.50323.rev.width350.jpg"]},{"from":196,"to":197,"title":"RIC IV Septimius Severus 92A. 1995.11.1494","image_urls":["http://numismatics.org/collectionimages/19501999/1995/1995.11.1494.rev.width350.jpg"]},{"from":196,"to":202,"title":"RIC IV Septimius Severus 644. 1944.100.51354","image_urls":["http://numismatics.org/collectionimages/19001949/1944/1944.100.51354.rev.width350.jpg"]},{"from":196,"to":211,"title":"RIC IV Septimius Severus 556 (denarius). 1991.9.42","image_urls":["http://numismatics.org/collectionimages/19501999/1991/1991.9.42.rev.width350.jpg"]},{"from":196,"to":211,"title":"RIC IV Septimius Severus 564 (denarius). 1995.11.352","image_urls":["http://numismatics.org/collectionimages/19501999/1995/1995.11.352.rev.width350.jpg"]},{"from":196,"to":197,"title":"RIC IV Caracalla 401. 1995.11.1434","image_urls":["http://numismatics.org/collectionimages/19501999/1995/1995.11.1434.rev.width350.jpg"]},{"from":196,"to":197,"title":"RIC IV Septimius Severus 477. 1998.111.1","image_urls":["http://numismatics.org/collectionimages/19501999/1998/1998.111.1.rev.width350.jpg"]},{"from":196,"to":211,"title":"RIC IV Septimius Severus 559 (denarius). 1944.100.51243","image_urls":["http://numismatics.org/collectionimages/19001949/1944/1944.100.51243.rev.width350.jpg"]},{"from":196,"to":211,"title":"RIC IV Septimius Severus 574. 1948.19.1508","image_urls":["http://numismatics.org/collectionimages/19001949/1948/1948.19.1508.rev.width350.jpg"]},{"from":196,"to":211,"title":"RIC IV Septimius Severus 546. 1944.100.50318","image_urls":["http://numismatics.org/collectionimages/19001949/1944/1944.100.50318.rev.width350.jpg"]},{"from":196,"to":217,"title":"Bronze Sestertius, Rome, AD 196 - AD 217. 1953.171.944","image_urls":["http://numismatics.org/collectionimages/19501999/1953/1953.171.944.rev.width350.jpg"]},{"from":196,"to":211,"title":"RIC IV Septimius Severus 572 (denarius). 1905.57.508","image_urls":["http://numismatics.org/collectionimages/19001949/1905/1905.57.508.rev.width350.jpg"]},{"from":196,"to":202,"title":"RIC IV Septimius Severus 644. 1944.100.51355","image_urls":["http://numismatics.org/collectionimages/19001949/1944/1944.100.51355.rev.width350.jpg"]},{"from":196,"to":211,"title":"RIC IV Septimius Severus 572 (denarius). 1956.28.326","image_urls":["http://numismatics.org/collectionimages/19501999/1956/1956.28.326.rev.width350.jpg"]},{"from":196,"to":198,"title":"RIC IV Caracalla 13A (denarius). 1956.127.1262","image_urls":["http://numismatics.org/collectionimages/19501999/1956/1956.127.1262.rev.width350.jpg"]},{"from":196,"to":211,"title":"RIC IV Septimius Severus 577 (denarius). 1995.11.349","image_urls":["http://numismatics.org/collectionimages/19501999/1995/1995.11.349.rev.width350.jpg"]},{"from":196,"to":202,"title":"RIC IV Septimius Severus 640. 1944.100.51345","image_urls":["http://numismatics.org/collectionimages/19001949/1944/1944.100.51345.rev.width350.jpg"]},{"from":196,"to":198,"title":"RIC IV Caracalla 9. 1995.11.1458","image_urls":["http://numismatics.org/collectionimages/19501999/1995/1995.11.1458.rev.width350.jpg"]},{"from":196,"to":198,"title":"RIC IV Caracalla 9. 1992.118.10","image_urls":["http://numismatics.org/collectionimages/19501999/1992/1992.118.10.rev.width350.jpg"]},{"from":196,"to":211,"title":"RIC IV Septimius Severus 557. 1991.9.43","image_urls":["http://numismatics.org/collectionimages/19501999/1991/1991.9.43.rev.width350.jpg"]},{"from":196,"to":211,"title":"RIC IV Septimius Severus 552. 1991.8.12","image_urls":["http://numismatics.org/collectionimages/19501999/1991/1991.8.12.rev.width350.jpg"]},{"from":196,"to":197,"title":"Silver Tetradrachm, Seleuceia ad Tigrim, AD 196 - AD 197. 1944.100.83492","image_urls":["http://numismatics.org/collectionimages/19001949/1944/1944.100.83492.rev.width350.jpg"]},{"from":196,"to":211,"title":"RIC IV Septimius Severus 564 (denarius). 1948.19.1502","image_urls":["http://numismatics.org/collectionimages/19001949/1948/1948.19.1502.rev.width350.jpg"]},{"from":196,"to":211,"title":"RIC IV Septimius Severus 564 (denarius). 1935.117.494","image_urls":["http://numismatics.org/collectionimages/19001949/1935/1935.117.494.rev.width350.jpg"]},{"from":196,"to":198,"title":"RIC IV Caracalla 13A (denarius). 1944.100.51379","image_urls":["http://numismatics.org/collectionimages/19001949/1944/1944.100.51379.rev.width350.jpg"]},{"from":196,"to":211,"title":"RIC IV Septimius Severus 576 (denarius). 1948.19.1517","image_urls":["http://numismatics.org/collectionimages/19001949/1948/1948.19.1517.rev.width350.jpg"]},{"from":196,"to":211,"title":"RIC IV Septimius Severus 551. 1948.19.1492","image_urls":["http://numismatics.org/collectionimages/19001949/1948/1948.19.1492.rev.width350.jpg"]},{"from":196,"to":211,"title":"RIC IV Septimius Severus 587. 1923.151.48","image_urls":["http://numismatics.org/collectionimages/19001949/1923/1923.151.48.rev.width350.jpg"]},{"from":196,"to":197,"title":"RIC IV Septimius Severus 74. 1986.161.100","image_urls":["http://numismatics.org/collectionimages/19501999/1986/1986.161.100.rev.width350.jpg"]},{"from":196,"to":198,"title":"RIC IV Caracalla 11. 1935.117.510","image_urls":["http://numismatics.org/collectionimages/19001949/1935/1935.117.510.rev.width350.jpg"]},{"from":196,"to":197,"title":"RIC IV Septimius Severus 83. 1944.100.50141","image_urls":["http://numismatics.org/collectionimages/19001949/1944/1944.100.50141.rev.width350.jpg"]},{"from":196,"to":211,"title":"RIC IV Septimius Severus 577 (denarius). 1944.100.51310","image_urls":["http://numismatics.org/collectionimages/19001949/1944/1944.100.51310.rev.width350.jpg"]},{"from":196,"to":211,"title":"RIC IV Septimius Severus 574. 1944.100.51304","image_urls":["http://numismatics.org/collectionimages/19001949/1944/1944.100.51304.rev.width350.jpg"]},{"from":196,"to":197,"title":"RIC IV Septimius Severus 88A (denarius). 1986.161.102","image_urls":["http://numismatics.org/collectionimages/19501999/1986/1986.161.102.rev.width350.jpg"]},{"from":196,"to":211,"title":"RIC IV Septimius Severus 551. 1977.158.1273","image_urls":["http://numismatics.org/collectionimages/19501999/1977/1977.158.1273.rev.width350.jpg"]},{"from":196,"to":211,"title":"RIC IV Septimius Severus 548 (denarius). 1944.100.50320","image_urls":["http://numismatics.org/collectionimages/19001949/1944/1944.100.50320.rev.width350.jpg"]},{"from":196,"to":211,"title":"RIC IV Septimius Severus 562 (aureus). 1955.191.22","image_urls":["http://numismatics.org/collectionimages/19501999/1955/1955.191.22.rev.width350.jpg"]},{"from":196,"to":211,"title":"RIC IV Septimius Severus 576 (denarius). 1991.9.45","image_urls":["http://numismatics.org/collectionimages/19501999/1991/1991.9.45.rev.width350.jpg"]},{"from":196,"to":211,"title":"RIC IV Septimius Severus 575 (denarius). 1944.100.51307","image_urls":["http://numismatics.org/collectionimages/19001949/1944/1944.100.51307.rev.width350.jpg"]},{"from":196,"to":198,"title":"RIC IV Caracalla 6. 1944.100.51375","image_urls":["http://numismatics.org/collectionimages/19001949/1944/1944.100.51375.rev.width350.jpg"]},{"from":196,"to":211,"title":"RIC IV Septimius Severus 583. 1944.100.51316","image_urls":["http://numismatics.org/collectionimages/19001949/1944/1944.100.51316.rev.width350.jpg"]},{"from":196,"to":202,"title":"RIC IV Septimius Severus 645 (denarius). 1948.19.1537","image_urls":["http://numismatics.org/collectionimages/19001949/1948/1948.19.1537.rev.width350.jpg"]},{"from":196,"to":211,"title":"RIC IV Septimius Severus 552. 1941.131.881","image_urls":["http://numismatics.org/collectionimages/19001949/1941/1941.131.881.rev.width350.jpg"]},{"from":196,"to":197,"title":"RIC IV Septimius Severus 96A. 1995.11.1491","image_urls":["http://numismatics.org/collectionimages/19501999/1995/1995.11.1491.rev.width350.jpg"]},{"from":196,"to":211,"title":"RIC IV Septimius Severus 548 (denarius). 1994.22.17","image_urls":["http://numismatics.org/collectionimages/19501999/1994/1994.22.17.rev.width350.jpg"]},{"from":196,"to":197,"title":"RIC IV Septimius Severus 490A (denarius). 1944.100.50242","image_urls":["http://numismatics.org/collectionimages/19001949/1944/1944.100.50242.rev.width350.jpg"]},{"from":196,"to":198,"title":"RIC IV Caracalla 11. 1944.100.51378","image_urls":["http://numismatics.org/collectionimages/19001949/1944/1944.100.51378.rev.width350.jpg"]},{"from":196,"to":197,"title":"RIC IV Septimius Severus 490B. 1992.122.1","image_urls":["http://numismatics.org/collectionimages/19501999/1992/1992.122.1.rev.width350.jpg"]},{"from":196,"to":211,"title":"RIC IV Septimius Severus 575 (denarius). 1948.19.1516","image_urls":["http://numismatics.org/collectionimages/19001949/1948/1948.19.1516.rev.width350.jpg"]},{"from":196,"to":211,"title":"RIC IV Septimius Severus 587. 1923.151.47","image_urls":["http://numismatics.org/collectionimages/19001949/1923/1923.151.47.rev.width350.jpg"]},{"from":196,"to":211,"title":"RIC IV Septimius Severus 572 (denarius). 2004.14.136","image_urls":["http://numismatics.org/collectionimages/20002049/2004/2004.14.136.rev.width350.jpg"]},{"from":196,"to":197,"title":"RIC IV Septimius Severus 96A. 1987.26.185","image_urls":["http://numismatics.org/collectionimages/19501999/1987/1987.26.185.rev.width350.jpg"]},{"from":196,"to":211,"title":"RIC IV Septimius Severus 564 (denarius). 1948.19.1501","image_urls":["http://numismatics.org/collectionimages/19001949/1948/1948.19.1501.rev.width350.jpg"]},{"from":196,"to":211,"title":"RIC IV Septimius Severus 549 (denarius). 1948.19.1491","image_urls":["http://numismatics.org/collectionimages/19001949/1948/1948.19.1491.rev.width350.jpg"]},{"from":196,"to":202,"title":"RIC IV Septimius Severus 636. 1944.100.51342","image_urls":["http://numismatics.org/collectionimages/19001949/1944/1944.100.51342.rev.width350.jpg"]},{"from":196,"to":202,"title":"RIC IV Septimius Severus 646. 1944.100.51357","image_urls":["http://numismatics.org/collectionimages/19001949/1944/1944.100.51357.rev.width350.jpg"]},{"from":196,"to":211,"title":"Silver Denarius of Septimius Severus, Rome, AD 196 - AD 211. 1944.100.51237","image_urls":["http://numismatics.org/collectionimages/19001949/1944/1944.100.51237.rev.width350.jpg"]},{"from":196,"to":202,"title":"RIC IV Septimius Severus 641. 1944.100.51347","image_urls":["http://numismatics.org/collectionimages/19001949/1944/1944.100.51347.rev.width350.jpg"]},{"from":196,"to":211,"title":"RIC IV Septimius Severus 546. 1944.100.50316","image_urls":["http://numismatics.org/collectionimages/19001949/1944/1944.100.50316.rev.width350.jpg"]},{"from":196,"to":198,"title":"RIC IV Caracalla 13A (denarius). 1944.100.51380","image_urls":["http://numismatics.org/collectionimages/19001949/1944/1944.100.51380.rev.width350.jpg"]},{"from":196,"to":211,"title":"RIC IV Septimius Severus 574. 1948.19.1512","image_urls":["http://numismatics.org/collectionimages/19001949/1948/1948.19.1512.rev.width350.jpg"]},{"from":196,"to":197,"title":"RIC IV Septimius Severus 74. 2011.52.1","image_urls":["http://numismatics.org/collectionimages/20002049/2011/2011.52.1.rev.width350.jpg"]},{"from":196,"to":197,"title":"RIC IV Septimius Severus 76. 1948.19.1434","image_urls":["http://numismatics.org/collectionimages/19001949/1948/1948.19.1434.rev.width350.jpg"]},{"from":196,"to":197,"title":"RIC IV Septimius Severus 74. 1944.100.50145","image_urls":["http://numismatics.org/collectionimages/19001949/1944/1944.100.50145.rev.width350.jpg"]},{"from":196,"to":202,"title":"RIC IV Septimius Severus 637. 1909.78.60","image_urls":["http://numismatics.org/collectionimages/19001949/1909/1909.78.60.rev.width350.jpg"]},{"from":196,"to":202,"title":"RIC IV Septimius Severus 644. 1944.100.51353","image_urls":["http://numismatics.org/collectionimages/19001949/1944/1944.100.51353.rev.width350.jpg"]},{"from":196,"to":198,"title":"RIC IV Caracalla 6. 1974.95.230","image_urls":["http://numismatics.org/collectionimages/19501999/1974/1974.95.230.rev.width350.jpg"]},{"from":196,"to":211,"title":"RIC IV Septimius Severus 577 (denarius). 1935.117.498","image_urls":["http://numismatics.org/collectionimages/19001949/1935/1935.117.498.rev.width350.jpg"]},{"from":196,"to":211,"title":"RIC IV Septimius Severus 551. 1944.100.50322","image_urls":["http://numismatics.org/collectionimages/19001949/1944/1944.100.50322.rev.width350.jpg"]},{"from":196,"to":211,"title":"RIC IV Septimius Severus 572 (denarius). 1987.26.190","image_urls":["http://numismatics.org/collectionimages/19501999/1987/1987.26.190.rev.width350.jpg"]},{"from":196,"to":211,"title":"RIC IV Septimius Severus 572 (denarius). 1995.11.351","image_urls":["http://numismatics.org/collectionimages/19501999/1995/1995.11.351.rev.width350.jpg"]},{"from":196,"to":197,"title":"RIC IV Septimius Severus 74. 1935.117.465","image_urls":["http://numismatics.org/collectionimages/19001949/1935/1935.117.465.rev.width350.jpg"]},{"from":196,"to":211,"title":"RIC IV Septimius Severus 551. 1960.170.383","image_urls":["http://numismatics.org/collectionimages/19501999/1960/1960.170.383.rev.width350.jpg"]},{"from":196,"to":211,"title":"RIC IV Septimius Severus 562 (denarius). 1948.19.1500","image_urls":["http://numismatics.org/collectionimages/19001949/1948/1948.19.1500.rev.width350.jpg"]},{"from":196,"to":211,"title":"RIC IV Septimius Severus 548 (denarius). 1948.19.1490","image_urls":["http://numismatics.org/collectionimages/19001949/1948/1948.19.1490.rev.width350.jpg"]},{"from":196,"to":211,"title":"RIC IV Septimius Severus 552. 1948.19.1499","image_urls":["http://numismatics.org/collectionimages/19001949/1948/1948.19.1499.rev.width350.jpg"]},{"from":196,"to":211,"title":"RIC IV Septimius Severus 577 (denarius). 1923.150.108","image_urls":["http://numismatics.org/collectionimages/19001949/1923/1923.150.108.rev.width350.jpg"]},{"from":196,"to":211,"title":"RIC IV Septimius Severus 553. 1935.117.492","image_urls":["http://numismatics.org/collectionimages/19001949/1935/1935.117.492.rev.width350.jpg"]},{"from":196,"to":198,"title":"RIC IV Caracalla 11. 1944.100.51377","image_urls":["http://numismatics.org/collectionimages/19001949/1944/1944.100.51377.rev.width350.jpg"]},{"from":196,"to":211,"title":"RIC IV Septimius Severus 575 (denarius). 1948.19.1515","image_urls":["http://numismatics.org/collectionimages/19001949/1948/1948.19.1515.rev.width350.jpg"]},{"from":196,"to":197,"title":"Silver Tetradrachm, Seleuceia ad Tigrim, AD 196 - AD 197. 1944.100.83500","image_urls":["http://numismatics.org/collectionimages/19001949/1944/1944.100.83500.rev.width350.jpg"]},{"from":196,"to":211,"title":"RIC IV Septimius Severus 587. 1923.151.46","image_urls":["http://numismatics.org/collectionimages/19001949/1923/1923.151.46.rev.width350.jpg"]},{"from":196,"to":211,"title":"RIC IV Septimius Severus 548 (denarius). 1944.100.50319","image_urls":["http://numismatics.org/collectionimages/19001949/1944/1944.100.50319.rev.width350.jpg"]},{"from":196,"to":202,"title":"RIC IV Septimius Severus 641. 1944.100.51348","image_urls":["http://numismatics.org/collectionimages/19001949/1944/1944.100.51348.rev.width350.jpg"]},{"from":196,"to":211,"title":"RIC IV Septimius Severus 546. 1935.117.490","image_urls":["http://numismatics.org/collectionimages/19001949/1935/1935.117.490.rev.width350.jpg"]},{"from":196,"to":211,"title":"RIC IV Septimius Severus 578 (denarius). 1944.100.51312","image_urls":["http://numismatics.org/collectionimages/19001949/1944/1944.100.51312.rev.width350.jpg"]},{"from":196,"to":211,"title":"RIC IV Septimius Severus 575 (denarius). 1944.100.51306","image_urls":["http://numismatics.org/collectionimages/19001949/1944/1944.100.51306.rev.width350.jpg"]},{"from":196,"to":197,"title":"Silver Denarius of Septimius Severus, Rome, AD 196 - AD 197. 1985.140.145","image_urls":["http://numismatics.org/collectionimages/19501999/1985/1985.140.145.rev.width350.jpg"]},{"from":196,"to":211,"title":"RIC IV Septimius Severus 574. 1957.172.1782","image_urls":["http://numismatics.org/collectionimages/19501999/1957/1957.172.1782.rev.width350.jpg"]},{"from":196,"to":211,"title":"RIC IV Septimius Severus 855. 1995.11.358","image_urls":["http://numismatics.org/collectionimages/19501999/1995/1995.11.358.rev.width350.jpg"]},{"from":196,"to":197,"title":"RIC IV Septimius Severus 86 (denarius). 1995.11.1493","image_urls":["http://numismatics.org/collectionimages/19501999/1995/1995.11.1493.rev.width350.jpg"]},{"from":196,"to":211,"title":"RIC IV Septimius Severus 553. 1944.100.51236","image_urls":["http://numismatics.org/collectionimages/19001949/1944/1944.100.51236.rev.width350.jpg"]},{"from":196,"to":211,"title":"RIC IV Septimius Severus 574. 1948.19.1509","image_urls":["http://numismatics.org/collectionimages/19001949/1948/1948.19.1509.rev.width350.jpg"]},{"from":196,"to":211,"title":"RIC IV Septimius Severus 877 (dupondius). 1944.100.51362","image_urls":["http://numismatics.org/collectionimages/19001949/1944/1944.100.51362.rev.width350.jpg"]},{"from":196,"to":202,"title":"RIC IV Septimius Severus 645 (denarius). 1944.100.51356","image_urls":["http://numismatics.org/collectionimages/19001949/1944/1944.100.51356.rev.width350.jpg"]},{"from":196,"to":211,"title":"RIC IV Septimius Severus 557. 1944.100.51242","image_urls":["http://numismatics.org/collectionimages/19001949/1944/1944.100.51242.rev.width350.jpg"]},{"from":196,"to":211,"title":"RIC IV Septimius Severus 572 (denarius). 1956.28.325","image_urls":["http://numismatics.org/collectionimages/19501999/1956/1956.28.325.rev.width350.jpg"]},{"from":196,"to":211,"title":"RIC IV Septimius Severus 555 (denarius). 1944.100.51239","image_urls":["http://numismatics.org/collectionimages/19001949/1944/1944.100.51239.rev.width350.jpg"]},{"from":196,"to":211,"title":"RIC IV Septimius Severus 866. 1995.11.360","image_urls":["http://numismatics.org/collectionimages/19501999/1995/1995.11.360.rev.width350.jpg"]},{"from":196,"to":211,"title":"RIC IV Septimius Severus 540 (denarius). 1975.226.87","image_urls":["http://numismatics.org/collectionimages/19501999/1975/1975.226.87.rev.width350.jpg"]},{"from":196,"to":211,"title":"RIC IV Septimius Severus 890 (as). 1947.2.522","image_urls":["http://numismatics.org/collectionimages/19001949/1947/1947.2.522.rev.width350.jpg"]},{"from":196,"to":211,"title":"RIC IV Septimius Severus 567 (denarius). 2000.4.1","image_urls":["http://numismatics.org/collectionimages/20002049/2000/2000.4.1.rev.width350.jpg"]},{"from":196,"to":211,"title":"RIC IV Septimius Severus 581 (denarius). 1944.100.51315","image_urls":["http://numismatics.org/collectionimages/19001949/1944/1944.100.51315.rev.width350.jpg"]},{"from":196,"to":197,"title":"RIC IV Septimius Severus 93. 1992.118.17","image_urls":["http://numismatics.org/collectionimages/19501999/1992/1992.118.17.rev.width350.jpg"]},{"from":196,"to":197,"title":"RIC IV Septimius Severus 74. 1956.28.286","image_urls":["http://numismatics.org/collectionimages/19501999/1956/1956.28.286.rev.width350.jpg"]},{"from":196,"to":211,"title":"RIC IV Septimius Severus 557. 1995.11.355","image_urls":["http://numismatics.org/collectionimages/19501999/1995/1995.11.355.rev.width350.jpg"]},{"from":196,"to":211,"title":"RIC IV Septimius Severus 564 (denarius). 1948.19.1504","image_urls":["http://numismatics.org/collectionimages/19001949/1948/1948.19.1504.rev.width350.jpg"]},{"from":196,"to":211,"title":"RIC IV Septimius Severus 574. 1927.95.20","image_urls":["http://numismatics.org/collectionimages/19001949/1927/1927.95.20.rev.width350.jpg"]},{"from":196,"to":211,"title":"RIC IV Septimius Severus 574. 1935.117.496","image_urls":["http://numismatics.org/collectionimages/19001949/1935/1935.117.496.rev.width350.jpg"]},{"from":196,"to":202,"title":"RIC IV Septimius Severus 644. 1944.100.51351","image_urls":["http://numismatics.org/collectionimages/19001949/1944/1944.100.51351.rev.width350.jpg"]},{"from":196,"to":211,"title":"RIC IV Septimius Severus 555 (denarius). 1944.100.51240","image_urls":["http://numismatics.org/collectionimages/19001949/1944/1944.100.51240.rev.width350.jpg"]},{"from":196,"to":211,"title":"RIC IV Septimius Severus 546. 1974.26.1593","image_urls":["http://numismatics.org/collectionimages/19501999/1974/1974.26.1593.rev.width350.jpg"]},{"from":196,"to":211,"title":"RIC IV Septimius Severus 572 (denarius). 1944.100.51303","image_urls":["http://numismatics.org/collectionimages/19001949/1944/1944.100.51303.rev.width350.jpg"]},{"from":196,"to":197,"title":"RIC IV Septimius Severus 80. 1986.161.101","image_urls":["http://numismatics.org/collectionimages/19501999/1986/1986.161.101.rev.width350.jpg"]},{"from":196,"to":211,"title":"RIC IV Septimius Severus 577 (denarius). 1948.19.1518","image_urls":["http://numismatics.org/collectionimages/19001949/1948/1948.19.1518.rev.width350.jpg"]},{"from":196,"to":211,"title":"RIC IV Septimius Severus 564 (denarius). 1995.1.11","image_urls":["http://numismatics.org/collectionimages/19501999/1995/1995.1.11.rev.width350.jpg"]},{"from":196,"to":197,"title":"RIC IV Caracalla 330. 1935.117.511","image_urls":["http://numismatics.org/collectionimages/19001949/1935/1935.117.511.rev.width350.jpg"]},{"from":196,"to":211,"title":"RIC IV Septimius Severus 564 (denarius). 1932.999.228","image_urls":["http://numismatics.org/collectionimages/19001949/1932/1932.999.228.rev.width350.jpg"]},{"from":196,"to":211,"title":"RIC IV Septimius Severus 564 (denarius). 1948.19.1503","image_urls":["http://numismatics.org/collectionimages/19001949/1948/1948.19.1503.rev.width350.jpg"]},{"from":196,"to":211,"title":"RIC IV Septimius Severus 549 (denarius). 1995.110.7","image_urls":["http://numismatics.org/collectionimages/19501999/1995/1995.110.7.rev.width350.jpg"]},{"from":196,"to":211,"title":"RIC IV Septimius Severus 856. 1950.21.1","image_urls":["http://numismatics.org/collectionimages/19501999/1950/1950.21.1.rev.width350.jpg"]},{"from":196,"to":211,"title":"RIC IV Septimius Severus 564 (denarius). 1905.57.507","image_urls":["http://numismatics.org/collectionimages/19001949/1905/1905.57.507.rev.width350.jpg"]},{"from":196,"to":197,"title":"RIC IV Septimius Severus 88A (denarius). 1944.100.50151","image_urls":["http://numismatics.org/collectionimages/19001949/1944/1944.100.50151.rev.width350.jpg"]},{"from":196,"to":197,"title":"RIC IV Septimius Severus 489. 1992.118.8","image_urls":["http://numismatics.org/collectionimages/19501999/1992/1992.118.8.rev.width350.jpg"]},{"from":196,"to":197,"title":"RIC IV Septimius Severus 78A. 1935.117.466","image_urls":["http://numismatics.org/collectionimages/19001949/1935/1935.117.466.rev.width350.jpg"]},{"from":196,"to":202,"title":"RIC IV Septimius Severus 644. 1948.19.1536","image_urls":["http://numismatics.org/collectionimages/19001949/1948/1948.19.1536.rev.width350.jpg"]},{"from":196,"to":217,"title":"Bronze Coin, Rome, AD 196 - AD 217. 1953.171.946","image_urls":["http://numismatics.org/collectionimages/19501999/1953/1953.171.946.rev.width350.jpg"]},{"from":196,"to":197,"title":"RIC IV Septimius Severus 78A. 1956.127.1253","image_urls":["http://numismatics.org/collectionimages/19501999/1956/1956.127.1253.rev.width350.jpg"]},{"from":196,"to":211,"title":"RIC IV Septimius Severus 577 (denarius). 1944.100.51309","image_urls":["http://numismatics.org/collectionimages/19001949/1944/1944.100.51309.rev.width350.jpg"]},{"from":196,"to":197,"title":"RIC IV Septimius Severus 76. 1944.100.50148","image_urls":["http://numismatics.org/collectionimages/19001949/1944/1944.100.50148.rev.width350.jpg"]},{"from":196,"to":202,"title":"RIC IV Septimius Severus 644. 1992.119.7","image_urls":["http://numismatics.org/collectionimages/19501999/1992/1992.119.7.rev.width350.jpg"]},{"from":196,"to":211,"title":"RIC IV Septimius Severus 580. 1995.1.12","image_urls":["http://numismatics.org/collectionimages/19501999/1995/1995.1.12.rev.width350.jpg"]},{"from":196,"to":197,"title":"RIC IV Septimius Severus 84. 1944.100.50143","image_urls":["http://numismatics.org/collectionimages/19001949/1944/1944.100.50143.rev.width350.jpg"]},{"from":196,"to":211,"title":"RIC IV Septimius Severus 574. 1932.999.229","image_urls":["http://numismatics.org/collectionimages/19001949/1932/1932.999.229.rev.width350.jpg"]},{"from":196,"to":197,"title":"RIC IV Septimius Severus 74. 1995.11.1485","image_urls":["http://numismatics.org/collectionimages/19501999/1995/1995.11.1485.rev.width350.jpg"]},{"from":196,"to":211,"title":"RIC IV Septimius Severus 574. 1948.19.1510","image_urls":["http://numismatics.org/collectionimages/19001949/1948/1948.19.1510.rev.width350.jpg"]},{"from":196,"to":211,"title":"RIC IV Septimius Severus 577 (denarius). 1948.19.1519","image_urls":["http://numismatics.org/collectionimages/19001949/1948/1948.19.1519.rev.width350.jpg"]},{"from":196,"to":211,"title":"RIC IV Septimius Severus 580. 1992.119.2","image_urls":["http://numismatics.org/collectionimages/19501999/1992/1992.119.2.rev.width350.jpg"]},{"from":196,"to":211,"title":"RIC IV Septimius Severus 574. 1948.19.1507","image_urls":["http://numismatics.org/collectionimages/19001949/1948/1948.19.1507.rev.width350.jpg"]},{"from":196,"to":197,"title":"RIC IV Caracalla 330. 1944.100.51573","image_urls":["http://numismatics.org/collectionimages/19001949/1944/1944.100.51573.rev.width350.jpg"]},{"from":196,"to":211,"title":"RIC IV Septimius Severus 546. 1944.100.50317","image_urls":["http://numismatics.org/collectionimages/19001949/1944/1944.100.50317.rev.width350.jpg"]},{"from":196,"to":202,"title":"RIC IV Septimius Severus 637. 1948.19.1534","image_urls":["http://numismatics.org/collectionimages/19001949/1948/1948.19.1534.rev.width350.jpg"]},{"from":196,"to":197,"title":"RIC IV Septimius Severus 82. 1948.19.1435","image_urls":["http://numismatics.org/collectionimages/19001949/1948/1948.19.1435.rev.width350.jpg"]},{"from":196,"to":198,"title":"RIC IV Caracalla 16. 1944.100.51381","image_urls":["http://numismatics.org/collectionimages/19001949/1944/1944.100.51381.rev.width350.jpg"]},{"from":196,"to":211,"title":"RIC IV Septimius Severus 556 (denarius). 1911.105.536","image_urls":["http://numismatics.org/collectionimages/19001949/1911/1911.105.536.rev.width350.jpg"]},{"from":196,"to":197,"title":"RIC IV Caracalla 398A. 0000.999.23339","image_urls":["http://numismatics.org/collectionimages/00001899/0000/0000.999.23339.rev.width350.jpg"]},{"from":196,"to":211,"title":"RIC IV Septimius Severus 859. 1975.27.5","image_urls":["http://numismatics.org/collectionimages/19501999/1975/1975.27.5.rev.width350.jpg"]},{"from":196,"to":197,"title":"RIC IV Septimius Severus 74. 1944.100.50146","image_urls":["http://numismatics.org/collectionimages/19001949/1944/1944.100.50146.rev.width350.jpg"]},{"from":196,"to":197,"title":"RIC IV Septimius Severus 86 (denarius). 1992.118.15","image_urls":["http://numismatics.org/collectionimages/19501999/1992/1992.118.15.rev.width350.jpg"]},{"from":196,"to":211,"title":"RIC IV Septimius Severus 561 (denarius). 1973.239.9","image_urls":["http://numismatics.org/collectionimages/19501999/1973/1973.239.9.rev.width350.jpg"]},{"from":196,"to":211,"title":"RIC IV Septimius Severus 574. 1948.19.1513","image_urls":["http://numismatics.org/collectionimages/19001949/1948/1948.19.1513.rev.width350.jpg"]},{"from":196,"to":197,"title":"RIC IV Septimius Severus 491A. 1944.100.50245","image_urls":["http://numismatics.org/collectionimages/19001949/1944/1944.100.50245.rev.width350.jpg"]},{"from":196,"to":197,"title":"RIC IV Septimius Severus 83. 1944.100.50142","image_urls":["http://numismatics.org/collectionimages/19001949/1944/1944.100.50142.rev.width350.jpg"]},{"from":196,"to":211,"title":"RIC IV Septimius Severus 561 (denarius). 1991.9.44","image_urls":["http://numismatics.org/collectionimages/19501999/1991/1991.9.44.rev.width350.jpg"]},{"from":196,"to":197,"title":"RIC IV Septimius Severus 481. 1944.100.50241","image_urls":["http://numismatics.org/collectionimages/19001949/1944/1944.100.50241.rev.width350.jpg"]},{"from":196,"to":211,"title":"RIC IV Septimius Severus 577 (denarius). 1948.19.1539","image_urls":["http://numismatics.org/collectionimages/19001949/1948/1948.19.1539.rev.width350.jpg"]},{"from":196,"to":211,"title":"RIC IV Septimius Severus 546. 1895.21.6","image_urls":["http://numismatics.org/collectionimages/00001899/1895/1895.21.6.rev.width350.jpg"]},{"from":196,"to":211,"title":"RIC IV Septimius Severus 577 (denarius). 1911.999.47","image_urls":["http://numismatics.org/collectionimages/19001949/1911/1911.999.47.rev.width350.jpg"]},{"from":196,"to":202,"title":"RIC IV Septimius Severus 637. 1991.9.47","image_urls":["http://numismatics.org/collectionimages/19501999/1991/1991.9.47.rev.width350.jpg"]},{"from":196,"to":197,"title":"RIC IV Septimius Severus 491A. 1944.100.50244","image_urls":["http://numismatics.org/collectionimages/19001949/1944/1944.100.50244.rev.width350.jpg"]},{"from":196,"to":211,"title":"RIC IV Septimius Severus 572 (denarius). 1948.19.1506","image_urls":["http://numismatics.org/collectionimages/19001949/1948/1948.19.1506.rev.width350.jpg"]},{"from":196,"to":197,"title":"RIC IV Septimius Severus 92A. 1986.161.103","image_urls":["http://numismatics.org/collectionimages/19501999/1986/1986.161.103.rev.width350.jpg"]},{"from":196,"to":211,"title":"RIC IV Septimius Severus 557. 1992.119.3","image_urls":["http://numismatics.org/collectionimages/19501999/1992/1992.119.3.rev.width350.jpg"]},{"from":196,"to":197,"title":"RIC IV Septimius Severus 79. 1998.121.1","image_urls":["http://numismatics.org/collectionimages/19501999/1998/1998.121.1.rev.width350.jpg"]},{"from":196,"to":197,"title":"RIC IV Septimius Severus 82. 1995.11.1486","image_urls":["http://numismatics.org/collectionimages/19501999/1995/1995.11.1486.rev.width350.jpg"]},{"from":196,"to":211,"title":"RIC IV Septimius Severus 582 (denarius). 1995.11.1814","image_urls":["http://numismatics.org/collectionimages/19501999/1995/1995.11.1814.rev.width350.jpg"]},{"from":196,"to":211,"title":"RIC IV Septimius Severus 574. 1977.158.1274","image_urls":["http://numismatics.org/collectionimages/19501999/1977/1977.158.1274.rev.width350.jpg"]},{"from":196,"to":211,"title":"RIC IV Septimius Severus 580. 1995.1.13","image_urls":["http://numismatics.org/collectionimages/19501999/1995/1995.1.13.rev.width350.jpg"]},{"from":196,"to":211,"title":"RIC IV Septimius Severus 574. 1944.100.51305","image_urls":["http://numismatics.org/collectionimages/19001949/1944/1944.100.51305.rev.width350.jpg"]},{"from":196,"to":211,"title":"RIC IV Septimius Severus 564 (denarius). 1957.172.1781","image_urls":["http://numismatics.org/collectionimages/19501999/1957/1957.172.1781.rev.width350.jpg"]},{"from":196,"to":211,"title":"RIC IV Septimius Severus 572 (aureus). 1955.191.23","image_urls":["http://numismatics.org/collectionimages/19501999/1955/1955.191.23.rev.width350.jpg"]},{"from":196,"to":211,"title":"RIC IV Septimius Severus 577 (denarius). 1944.100.51311","image_urls":["http://numismatics.org/collectionimages/19001949/1944/1944.100.51311.rev.width350.jpg"]},{"from":196,"to":211,"title":"RIC IV Septimius Severus 562 (denarius). 1941.131.882","image_urls":["http://numismatics.org/collectionimages/19001949/1941/1941.131.882.rev.width350.jpg"]},{"from":196,"to":211,"title":"RIC IV Septimius Severus 546. 1987.59.3","image_urls":["http://numismatics.org/collectionimages/19501999/1987/1987.59.3.rev.width350.jpg"]},{"from":196,"to":211,"title":"RIC IV Septimius Severus 572 (denarius). 1980.109.367","image_urls":["http://numismatics.org/collectionimages/19501999/1980/1980.109.367.rev.width350.jpg"]},{"from":196,"to":211,"title":"RIC IV Septimius Severus 561 (denarius). 1995.1.10","image_urls":["http://numismatics.org/collectionimages/19501999/1995/1995.1.10.rev.width350.jpg"]},{"from":196,"to":211,"title":"RIC IV Septimius Severus 551. 1916.999.79","image_urls":["http://numismatics.org/collectionimages/19001949/1916/1916.999.79.rev.width350.jpg"]},{"from":196,"to":211,"title":"RIC IV Septimius Severus 557. 1916.106.30","image_urls":["http://numismatics.org/collectionimages/19001949/1916/1916.106.30.rev.width350.jpg"]},{"from":196,"to":202,"title":"RIC IV Septimius Severus 640. 1944.100.51344","image_urls":["http://numismatics.org/collectionimages/19001949/1944/1944.100.51344.rev.width350.jpg"]},{"from":196,"to":211,"title":"RIC IV Septimius Severus 580. 1956.127.1261","image_urls":["http://numismatics.org/collectionimages/19501999/1956/1956.127.1261.rev.width350.jpg"]},{"from":196,"to":197,"title":"RIC IV Septimius Severus 96A. 1944.100.50150","image_urls":["http://numismatics.org/collectionimages/19001949/1944/1944.100.50150.rev.width350.jpg"]},{"from":196,"to":197,"title":"RIC IV Septimius Severus 86 (denarius). 1944.100.50144","image_urls":["http://numismatics.org/collectionimages/19001949/1944/1944.100.50144.rev.width350.jpg"]},{"from":196,"to":197,"title":"RIC IV Caracalla 330. 1944.100.51574","image_urls":["http://numismatics.org/collectionimages/19001949/1944/1944.100.51574.rev.width350.jpg"]},{"from":196,"to":211,"title":"RIC IV Septimius Severus 576 (denarius). 1944.100.51308","image_urls":["http://numismatics.org/collectionimages/19001949/1944/1944.100.51308.rev.width350.jpg"]},{"from":196,"to":211,"title":"RIC IV Septimius Severus 577 (denarius). 1948.19.1520","image_urls":["http://numismatics.org/collectionimages/19001949/1948/1948.19.1520.rev.width350.jpg"]},{"from":196,"to":198,"title":"RIC IV Caracalla 13B (denarius). 1993.34.2","image_urls":["http://numismatics.org/collectionimages/19501999/1993/1993.34.2.rev.width350.jpg"]},{"from":196,"to":198,"title":"RIC IV Caracalla 7. 1923.151.51","image_urls":["http://numismatics.org/collectionimages/19001949/1923/1923.151.51.rev.width350.jpg"]},{"from":196,"to":202,"title":"RIC IV Septimius Severus 639. 1948.19.1535","image_urls":["http://numismatics.org/collectionimages/19001949/1948/1948.19.1535.rev.width350.jpg"]},{"from":196,"to":198,"title":"RIC IV Caracalla 9. 1944.100.51376","image_urls":["http://numismatics.org/collectionimages/19001949/1944/1944.100.51376.rev.width350.jpg"]},{"from":196,"to":197,"title":"RIC IV Caracalla 330. 1948.19.1628","image_urls":["http://numismatics.org/collectionimages/19001949/1948/1948.19.1628.rev.width350.jpg"]},{"from":196,"to":197,"title":"RIC IV Septimius Severus 74. 1944.100.50147","image_urls":["http://numismatics.org/collectionimages/19001949/1944/1944.100.50147.rev.width350.jpg"]},{"from":196,"to":211,"title":"RIC IV Septimius Severus 574. 1948.19.1514","image_urls":["http://numismatics.org/collectionimages/19001949/1948/1948.19.1514.rev.width350.jpg"]},{"from":196,"to":211,"title":"RIC IV Septimius Severus 580. 1944.100.51314","image_urls":["http://numismatics.org/collectionimages/19001949/1944/1944.100.51314.rev.width350.jpg"]},{"from":196,"to":198,"title":"RIC IV Caracalla 9. 1974.26.1790","image_urls":["http://numismatics.org/collectionimages/19501999/1974/1974.26.1790.rev.width350.jpg"]},{"from":196,"to":211,"title":"RIC IV Septimius Severus 552. 1944.100.50324","image_urls":["http://numismatics.org/collectionimages/19001949/1944/1944.100.50324.rev.width350.jpg"]},{"from":196,"to":202,"title":"RIC IV Septimius Severus 643. 1944.100.51350","image_urls":["http://numismatics.org/collectionimages/19001949/1944/1944.100.51350.rev.width350.jpg"]},{"from":196,"to":197,"title":"RIC IV Caracalla 401. 1935.117.573","image_urls":["http://numismatics.org/collectionimages/19001949/1935/1935.117.573.rev.width350.jpg"]},{"from":196,"to":211,"title":"RIC IV Septimius Severus 566 (denarius). 1944.100.51245","image_urls":["http://numismatics.org/collectionimages/19001949/1944/1944.100.51245.rev.width350.jpg"]},{"from":196,"to":211,"title":"RIC IV Septimius Severus 553. 1995.11.354","image_urls":["http://numismatics.org/collectionimages/19501999/1995/1995.11.354.rev.width350.jpg"]},{"from":196,"to":211,"title":"RIC IV Septimius Severus 580. 1995.11.348","image_urls":["http://numismatics.org/collectionimages/19501999/1995/1995.11.348.rev.width350.jpg"]},{"from":196,"to":211,"title":"RIC IV Septimius Severus 572 (denarius). 1935.117.495","image_urls":["http://numismatics.org/collectionimages/19001949/1935/1935.117.495.rev.width350.jpg"]},{"from":196,"to":202,"title":"RIC IV Septimius Severus 644. 1949.163.961","image_urls":["http://numismatics.org/collectionimages/19001949/1949/1949.163.961.rev.width350.jpg"]},{"from":196,"to":211,"title":"RIC IV Septimius Severus 559 (denarius). 1985.5.14","image_urls":["http://numismatics.org/collectionimages/19501999/1985/1985.5.14.rev.width350.jpg"]},{"from":196,"to":197,"title":"RIC IV Septimius Severus 490A (denarius). 1944.100.50243","image_urls":["http://numismatics.org/collectionimages/19001949/1944/1944.100.50243.rev.width350.jpg"]},{"from":196,"to":211,"title":"RIC IV Septimius Severus 577 (denarius). 1985.140.144","image_urls":["http://numismatics.org/collectionimages/19501999/1985/1985.140.144.rev.width350.jpg"]},{"from":196,"to":211,"title":"RIC IV Septimius Severus 549 (denarius). 1951.188.3","image_urls":["http://numismatics.org/collectionimages/19501999/1951/1951.188.3.rev.width350.jpg"]},{"from":196,"to":211,"title":"RIC IV Septimius Severus 559 (quinarius). 1955.21.16","image_urls":["http://numismatics.org/collectionimages/19501999/1955/1955.21.16.rev.width350.jpg"]},{"from":196,"to":211,"title":"RIC IV Septimius Severus 581 (denarius). 1991.9.46","image_urls":["http://numismatics.org/collectionimages/19501999/1991/1991.9.46.rev.width350.jpg"]},{"from":196,"to":211,"title":"RIC IV Septimius Severus 546. 1948.19.1489","image_urls":["http://numismatics.org/collectionimages/19001949/1948/1948.19.1489.rev.width350.jpg"]},{"from":196,"to":211,"title":"RIC IV Septimius Severus 587. 1974.95.244","image_urls":["http://numismatics.org/collectionimages/19501999/1974/1974.95.244.rev.width350.jpg"]},{"from":196,"to":197,"title":"RIC IV Septimius Severus 490A (denarius). 1935.117.482","image_urls":["http://numismatics.org/collectionimages/19001949/1935/1935.117.482.rev.width350.jpg"]},{"from":196,"to":211,"title":"RIC IV Septimius Severus 557. 1944.100.51241","image_urls":["http://numismatics.org/collectionimages/19001949/1944/1944.100.51241.rev.width350.jpg"]},{"from":196,"to":211,"title":"RIC IV Septimius Severus 580. 1944.100.51313","image_urls":["http://numismatics.org/collectionimages/19001949/1944/1944.100.51313.rev.width350.jpg"]},{"from":196,"to":202,"title":"RIC IV Septimius Severus 643. 1944.100.51349","image_urls":["http://numismatics.org/collectionimages/19001949/1944/1944.100.51349.rev.width350.jpg"]},{"from":196,"to":211,"title":"RIC IV Septimius Severus 857. 1944.100.51361","image_urls":["http://numismatics.org/collectionimages/19001949/1944/1944.100.51361.rev.width350.jpg"]},{"from":196,"to":211,"title":"RIC IV Septimius Severus 553. 1935.117.493","image_urls":["http://numismatics.org/collectionimages/19001949/1935/1935.117.493.rev.width350.jpg"]},{"from":196,"to":197,"title":"RIC IV Caracalla 398B. 1944.100.51669","image_urls":["http://numismatics.org/collectionimages/19001949/1944/1944.100.51669.rev.width350.jpg"]},{"from":196,"to":211,"title":"RIC IV Septimius Severus 881 (as). 1944.100.51363","image_urls":["http://numismatics.org/collectionimages/19001949/1944/1944.100.51363.rev.width350.jpg"]},{"from":196,"to":211,"title":"RIC IV Septimius Severus 577 (denarius). 1987.26.191","image_urls":["http://numismatics.org/collectionimages/19501999/1987/1987.26.191.rev.width350.jpg"]},{"from":196,"to":211,"title":"RIC IV Septimius Severus 564 (denarius). 1944.100.51246","image_urls":["http://numismatics.org/collectionimages/19001949/1944/1944.100.51246.rev.width350.jpg"]},{"from":196,"to":211,"title":"RIC IV Septimius Severus 546. 1948.19.1488","image_urls":["http://numismatics.org/collectionimages/19001949/1948/1948.19.1488.rev.width350.jpg"]},{"from":196,"to":211,"title":"RIC IV Septimius Severus 572 (denarius). 1927.38.61","image_urls":["http://numismatics.org/collectionimages/19001949/1927/1927.38.61.rev.width350.jpg"]},{"from":196,"to":198,"title":"RIC IV Caracalla 13B (denarius). 1995.11.1457","image_urls":["http://numismatics.org/collectionimages/19501999/1995/1995.11.1457.rev.width350.jpg"]},{"from":196,"to":211,"title":"RIC IV Septimius Severus 548 (denarius). 1992.119.1","image_urls":["http://numismatics.org/collectionimages/19501999/1992/1992.119.1.rev.width350.jpg"]},{"from":196,"to":211,"title":"RIC IV Septimius Severus 580. 1910.88.27","image_urls":["http://numismatics.org/collectionimages/19001949/1910/1910.88.27.rev.width350.jpg"]},{"from":196,"to":211,"title":"RIC IV Septimius Severus 574. 1956.28.328","image_urls":["http://numismatics.org/collectionimages/19501999/1956/1956.28.328.rev.width350.jpg"]}]