[{"from":197,"to":198,"title":"IOW-7B6AD3: A coin issued by Septimius Severus","image_urls":["https://finds.org.uk/images/fbasford/IOW2009-1-619.JPG"]},{"from":197,"to":197,"title":"DUR-478E83: A coin issued by Caracalla","image_urls":["https://finds.org.uk/images/emorris/DUR-478E83.jpg"]},{"from":197,"to":198,"title":"YORYM-602BD4: A coin issued by Septimius Severus","image_urls":["https://finds.org.uk/images/yorkvol/MAS0080.jpg"]},{"from":197,"to":198,"title":"FAPJW-636577: A coin issued by Septimius Severus","image_urls":["https://finds.org.uk/images/pwalton/5311.jpg"]},{"from":197,"to":198,"title":"IOW-489CE6: A coin issued by Septimius Severus","image_urls":["https://finds.org.uk/images/fbasford/IOW2011-4-385.JPG"]},{"from":197,"to":197,"title":"FAPJW-2D45E7: A coin issued by Septimius Severus","image_urls":["https://finds.org.uk/images/pwalton/FAPJW-2D45E7.jpg"]},{"from":197,"to":197,"title":"LIN-75EC51: A coin issued by Septimius Severus","image_urls":["https://finds.org.uk/images/adaubney/LIN2011-1319.jpg"]},{"from":197,"to":198,"title":"BH-49F7F5: A coin issued by Septimius Severus","image_urls":["https://finds.org.uk/images/jwatters/Roman%20coin%2010%2021%20-%2041.jpg"]},{"from":197,"to":198,"title":"NMS-826404: A coin issued by Septimius Severus","image_urls":["https://finds.org.uk/images/amarsden/NMS826404.jpg"]},{"from":197,"to":197,"title":"CORN-FCAFF3: A coin issued by Septimius Severus","image_urls":["https://finds.org.uk/images/atyacke/SeptimusSeverusobv.jpg"]},{"from":197,"to":198,"title":"SOM-B1D9BF: A coin issued by Septimius Severus","image_urls":["https://finds.org.uk/images/denisewilding1/SOMB1D9BF.jpg"]},{"from":197,"to":198,"title":"CORN-DB8307: A coin issued by Caracalla","image_urls":["https://finds.org.uk/images/atyacke/CaracallaFelicitasdenobv.jpg"]},{"from":197,"to":206,"title":"LEIC-B4CE61: A coin issued by Septimius Severus","image_urls":["https://finds.org.uk/images/wscott/4CE61.JPG"]},{"from":197,"to":197,"title":"BERK-D6F6F7: A coin issued by Septimius Severus","image_urls":["https://finds.org.uk/images/cburrill/D6F6F7.jpg"]},{"from":197,"to":197,"title":"SWYOR-1CF3ED: A coin issued by Septimius Severus","image_urls":["https://finds.org.uk/images/acooper/PAS_2497_coin_curly.jpg"]},{"from":197,"to":197,"title":"WMID-EB8134: A coin issued by Septimius Severus","image_urls":["https://finds.org.uk/images/tbrindle/WMID-EB8134.jpg"]},{"from":197,"to":198,"title":"BM-51D547: A coin issued by Septimius Severus","image_urls":["https://finds.org.uk/images/jasonlundock/5494.jpg"]},{"from":197,"to":197,"title":"LEIC-EEF302: A coin issued by Septimius Severus","image_urls":["https://finds.org.uk/images/wscott/EEF302.JPG"]},{"from":197,"to":197,"title":"LEIC-EDD412: A coin issued by Caracalla","image_urls":["https://finds.org.uk/images/philharding/CAD2268d.jpg"]},{"from":197,"to":198,"title":"BM-03AB62: A coin issued by Septimius Severus","image_urls":["https://finds.org.uk/images/jasonlundock/bm03ab62.jpg"]},{"from":197,"to":198,"title":"NLM-501507: A coin issued by Septimius Severus","image_urls":["https://finds.org.uk/images/mforeman/NLM24278.jpg"]},{"from":197,"to":198,"title":"SUR-D1DFFD: A coin issued by Septimius Severus","image_urls":["https://finds.org.uk/images/dwilliams/B15488.JPG"]},{"from":197,"to":198,"title":"SF-FCC844: A coin issued by Septimius Severus","image_urls":["https://finds.org.uk/images/abrown/WMH_SF-FCC844.jpg"]},{"from":197,"to":198,"title":"SF-9C0FB2: A coin issued by Septimius Severus","image_urls":["https://finds.org.uk/images/abrown/WMH_SF-9C0FB2.jpg"]},{"from":197,"to":197,"title":"BERK-6D34B8: A coin issued by Septimius Severus","image_urls":["https://finds.org.uk/images/abyard/2011934.jpg"]},{"from":197,"to":197,"title":"NCL-0353F5: A coin issued by Septimius Severus","image_urls":["https://finds.org.uk/images/pwalton/787.jpg"]},{"from":197,"to":197,"title":"DUR-F2A0F1: A coin issued by Septimius Severus","image_urls":["https://finds.org.uk/images/frances/DUR-F2A0F1_sept_sev.jpg"]},{"from":197,"to":198,"title":"SWYOR-AEFDB2: A coin issued by Septimius Severus","image_urls":["https://finds.org.uk/images/acooper/PAS_1913_denarius.jpg"]},{"from":197,"to":198,"title":"BH-869F66: A coin issued by Septimius Severus","image_urls":["https://finds.org.uk/images/jwatters/Roman%20coin%2009%20115%20-%20101.jpg"]},{"from":197,"to":197,"title":"WMID-26D5D1: A coin issued by Septimius Severus","image_urls":["https://finds.org.uk/images/tgilmore/WMID-26D5D1.jpg"]},{"from":197,"to":198,"title":"BH-C1D9A7: A coin issued by Septimius Severus","image_urls":["https://finds.org.uk/images/jwatters/Roman_coin_12_142.jpg"]},{"from":197,"to":197,"title":"SUSS-0EF918: A coin issued by Septimius Severus","image_urls":["https://finds.org.uk/images/lburnett/SUSS-0EF918.jpg"]},{"from":197,"to":198,"title":"NCL-2853C8: A coin issued by Septimius Severus","image_urls":["https://finds.org.uk/images/rcollins/Roman%20coin%2011.jpg"]},{"from":197,"to":211,"title":"LEIC-4DB682: A coin issued by Julia Domna","image_urls":["https://finds.org.uk/images/wscott/4DB682.JPG"]},{"from":197,"to":197,"title":"SUR-2C5C94: A coin issued by Septimius Severus","image_urls":["https://finds.org.uk/images/margaretb/12-1089.JPG"]},{"from":197,"to":197,"title":"CORN-03D858: A coin issued by Septimius Severus","image_urls":["https://finds.org.uk/images/atyacke/June15finds033.JPG"]},{"from":197,"to":197,"title":"PAS-1E7BD2: A coin issued by Septimius Severus","image_urls":["https://finds.org.uk/images/vwolfe/PAS467.jpg"]},{"from":197,"to":198,"title":"WMID-381837: A coin issued by Septimius Severus","image_urls":["https://finds.org.uk/images/dslarke/bel%20den%2012%2008%20copy.jpg"]},{"from":197,"to":198,"title":"BH-61AD04: A coin issued by Septimius Severus","image_urls":["https://finds.org.uk/images/jwatters/Roman%20coin%2010%2027%20-%203.jpg"]},{"from":197,"to":198,"title":"BH-D3B098: A coin issued by Septimius Severus","image_urls":["https://finds.org.uk/images/jwatters/Roman%20coin%2010%2020%20-%2030.jpg"]},{"from":197,"to":197,"title":"CAM-0CA227: A coin issued by Septimius Severus","image_urls":["https://finds.org.uk/images/hfowler/CAM-0CA227.jpg"]},{"from":197,"to":198,"title":"YORYM-FDBD47: A coin issued by Septimius Severus","image_urls":["https://finds.org.uk/images/law/KSB0037.jpg"]},{"from":197,"to":198,"title":"LVPL-606A64: A coin issued by Septimius Severus","image_urls":["https://finds.org.uk/images/fmcintosh/severus%20denarius-%20LVPL-606A64.jpg"]},{"from":197,"to":197,"title":"NCL-7C1717: A coin issued by Septimius Severus","image_urls":["https://finds.org.uk/images/pwalton/654.jpg"]},{"from":197,"to":197,"title":"SWYOR-835D21: A coin issued by Septimius Severus","image_urls":["https://finds.org.uk/images/acooper/PAS_1405_1.jpg"]},{"from":197,"to":197,"title":"SWYOR-D59C95: A coin issued by Septimius Severus","image_urls":["https://finds.org.uk/images/acooper/PAS_2143_denarius.jpg"]},{"from":197,"to":197,"title":"SF-4A7D56: A coin issued by Septimius Severus","image_urls":["https://finds.org.uk/images/abrown/SXM_SF-4A7D56.jpg"]},{"from":197,"to":198,"title":"LIN-134416: A coin issued by Septimius Severus","image_urls":["https://finds.org.uk/images/adaubney/LIN2011-1066.jpg"]},{"from":197,"to":197,"title":"FAPJW-AF6DD1: A coin issued by Caracalla","image_urls":["https://finds.org.uk/images/pwalton/4113.jpg"]},{"from":197,"to":198,"title":"NMS-0D4800: A coin issued by Septimius Severus","image_urls":["https://finds.org.uk/images/amarsden/AMD102012severusdenarius.jpg"]},{"from":197,"to":198,"title":"WILT-16C215: A coin issued by Septimius Severus","image_urls":["https://finds.org.uk/images/khinds/WILT-16C215.jpg"]},{"from":197,"to":197,"title":"SWYOR-3B8664: A coin issued by Caracalla","image_urls":["https://finds.org.uk/images/acooper/PAS_2142_romancoin4.jpg"]},{"from":197,"to":198,"title":"FAPJW-3A0F35: A coin issued by Septimius Severus","image_urls":["https://finds.org.uk/images/pwalton/7012.jpg"]},{"from":197,"to":197,"title":"SWYOR-3D1AF1: A coin issued by Septimius Severus","image_urls":["https://finds.org.uk/images/mblevins/PAS_1577_denarius2.jpg"]},{"from":197,"to":197,"title":"WILT-CFB6D1: A coin issued by Septimius Severus","image_urls":["https://finds.org.uk/images/khinds/Merritt1210septimius.jpg"]},{"from":197,"to":197,"title":"LVPL-CB3AB0: A coin issued by Septimius Severus","image_urls":["https://finds.org.uk/images/fmcintosh/c%20bailey%20denarius%202.jpg"]},{"from":197,"to":198,"title":"BM-51E1B5: A coin issued by Septimius Severus","image_urls":["https://finds.org.uk/images/jasonlundock/5491.jpg"]},{"from":197,"to":198,"title":"FAPJW-631E47: A coin issued by Septimius Severus","image_urls":["https://finds.org.uk/images/pwalton/5307.jpg"]},{"from":197,"to":197,"title":"BERK-B56258: A coin issued by Septimius Severus","image_urls":["https://finds.org.uk/images/abyard/TDavis2010084.jpg"]},{"from":197,"to":198,"title":"HESH-E57B91: A coin issued by Septimius Severus","image_urls":["https://finds.org.uk/images/preavill/HESH-E57B91.jpg"]},{"from":197,"to":198,"title":"SWYOR-422A25: A coin issued by Caracalla","image_urls":["https://finds.org.uk/images/dcrowther/PAS_789_coin.jpg"]},{"from":197,"to":197,"title":"SUR-29F313: A coin issued by Septimius Severus","image_urls":["https://finds.org.uk/images/dwilliams/07.156.JPG"]},{"from":197,"to":202,"title":"LVPL-79ABA1: A coin issued by Septimius Severus","image_urls":["https://finds.org.uk/images/voakden/LVPL-79ABA1.jpg"]},{"from":197,"to":198,"title":"FAPJW-5F6195: A coin issued by Septimius Severus","image_urls":["https://finds.org.uk/images/pwalton/7017.jpg"]},{"from":197,"to":211,"title":"YORYM-C91E45: A coin issued by Julia Domna","image_urls":["https://finds.org.uk/images/bmorris/LSH0002.jpg"]},{"from":197,"to":197,"title":"LEIC-4FECE0: A coin issued by Septimius Severus","image_urls":["https://finds.org.uk/images/wscott/4FECE0.JPG"]},{"from":197,"to":197,"title":"LVPL-D40784: A coin issued by Septimius Severus","image_urls":["https://finds.org.uk/images/fmcintosh/lister%20denarius.JPG"]},{"from":197,"to":197,"title":"LEIC-42E076: A coin issued by Caracalla","image_urls":["https://finds.org.uk/images/wscott/42E076.JPG"]},{"from":197,"to":198,"title":"NMGW-9E4303: A coin issued by Septimius Severus","image_urls":["https://finds.org.uk/images/rbattye/2005.10%20obv.JPG"]},{"from":197,"to":198,"title":"ESS-D707A5: A coin issued by Septimius Severus","image_urls":["https://finds.org.uk/images/lmclean/1c%20ESS-D70CB8.jpg"]},{"from":197,"to":198,"title":"SUR-148434: A coin issued by Septimius Severus","image_urls":["https://finds.org.uk/images/dwilliams/07.145.JPG"]},{"from":197,"to":198,"title":"SF-D56246: A coin issued by Septimius Severus","image_urls":["https://finds.org.uk/images/abrown/SteepleBumpstead_SF-D56246.jpg"]},{"from":197,"to":198,"title":"RIC IV Septimius Severus 117. 1944.100.50156","image_urls":["http://numismatics.org/collectionimages/19001949/1944/1944.100.50156.rev.width350.jpg"]},{"from":197,"to":198,"title":"RIC IV Septimius Severus 118. 1995.11.1498","image_urls":["http://numismatics.org/collectionimages/19501999/1995/1995.11.1498.rev.width350.jpg"]},{"from":197,"to":200,"title":"RIC IV Septimius Severus 131. 1986.161.109","image_urls":["http://numismatics.org/collectionimages/19501999/1986/1986.161.109.rev.width350.jpg"]},{"from":197,"to":200,"title":"RIC IV Septimius Severus 135Ab. 1991.9.34","image_urls":["http://numismatics.org/collectionimages/19501999/1991/1991.9.34.rev.width350.jpg"]},{"from":197,"to":200,"title":"RIC IV Septimius Severus 131. 1944.100.50167","image_urls":["http://numismatics.org/collectionimages/19001949/1944/1944.100.50167.rev.width350.jpg"]},{"from":197,"to":198,"title":"RIC IV Septimius Severus 118. 1944.100.50161","image_urls":["http://numismatics.org/collectionimages/19001949/1944/1944.100.50161.rev.width350.jpg"]},{"from":197,"to":198,"title":"RIC IV Septimius Severus 117. 1956.127.1254","image_urls":["http://numismatics.org/collectionimages/19501999/1956/1956.127.1254.rev.width350.jpg"]},{"from":197,"to":200,"title":"RIC IV Septimius Severus 144B (denarius). 1978.64.454","image_urls":["http://numismatics.org/collectionimages/19501999/1978/1978.64.454.rev.width350.jpg"]},{"from":197,"to":200,"title":"RIC IV Septimius Severus 122C. 1956.28.287","image_urls":["http://numismatics.org/collectionimages/19501999/1956/1956.28.287.rev.width350.jpg"]},{"from":197,"to":200,"title":"RIC IV Septimius Severus 134. 1905.57.441","image_urls":["http://numismatics.org/collectionimages/19001949/1905/1905.57.441.rev.width350.jpg"]},{"from":197,"to":200,"title":"RIC IV Septimius Severus 133. 1991.9.33","image_urls":["http://numismatics.org/collectionimages/19501999/1991/1991.9.33.rev.width350.jpg"]},{"from":197,"to":198,"title":"RIC IV Septimius Severus 111A. 1941.15.68","image_urls":["http://numismatics.org/collectionimages/19001949/1941/1941.15.68.rev.width350.jpg"]},{"from":197,"to":200,"title":"RIC IV Septimius Severus 144B (denarius). 1935.117.470","image_urls":["http://numismatics.org/collectionimages/19001949/1935/1935.117.470.rev.width350.jpg"]},{"from":197,"to":200,"title":"RIC IV Septimius Severus 144B (denarius). 1944.100.50173","image_urls":["http://numismatics.org/collectionimages/19001949/1944/1944.100.50173.rev.width350.jpg"]},{"from":197,"to":200,"title":"RIC IV Septimius Severus 126A (denarius). 1957.172.1773","image_urls":["http://numismatics.org/collectionimages/19501999/1957/1957.172.1773.rev.width350.jpg"]},{"from":197,"to":198,"title":"Silver Tetradrachm, Seleuceia ad Tigrim, AD 197 - AD 198. 1944.100.83488","image_urls":["http://numismatics.org/collectionimages/19001949/1944/1944.100.83488.rev.width350.jpg"]},{"from":197,"to":200,"title":"RIC IV Septimius Severus 122C. 1948.19.1439","image_urls":["http://numismatics.org/collectionimages/19001949/1948/1948.19.1439.rev.width350.jpg"]},{"from":197,"to":200,"title":"RIC IV Septimius Severus 142A. 1956.28.288","image_urls":["http://numismatics.org/collectionimages/19501999/1956/1956.28.288.rev.width350.jpg"]},{"from":197,"to":198,"title":"RIC IV Septimius Severus 113. 1944.100.50158","image_urls":["http://numismatics.org/collectionimages/19001949/1944/1944.100.50158.rev.width350.jpg"]},{"from":197,"to":198,"title":"RIC IV Septimius Severus 120C. 1940.35.9","image_urls":["http://numismatics.org/collectionimages/19001949/1940/1940.35.9.rev.width350.jpg"]},{"from":197,"to":200,"title":"RIC IV Septimius Severus 144B (denarius). 1948.19.1441","image_urls":["http://numismatics.org/collectionimages/19001949/1948/1948.19.1441.rev.width350.jpg"]},{"from":197,"to":200,"title":"RIC IV Septimius Severus 142A. 1986.161.114","image_urls":["http://numismatics.org/collectionimages/19501999/1986/1986.161.114.rev.width350.jpg"]},{"from":197,"to":217,"title":"Bronze Coin, Berytus, AD 197 - AD 217. 1944.100.72325","image_urls":["http://numismatics.org/collectionimages/19001949/1944/1944.100.72325.rev.width350.jpg"]},{"from":197,"to":198,"title":"RIC IV Septimius Severus 113. 1995.11.1497","image_urls":["http://numismatics.org/collectionimages/19501999/1995/1995.11.1497.rev.width350.jpg"]},{"from":197,"to":198,"title":"RIC IV Septimius Severus 120C. 1944.100.50164","image_urls":["http://numismatics.org/collectionimages/19001949/1944/1944.100.50164.rev.width350.jpg"]},{"from":197,"to":198,"title":"Bronze Sestertius of Septimius Severus, Rome, AD 197 - AD 198. 1995.11.1526","image_urls":["http://numismatics.org/collectionimages/19501999/1995/1995.11.1526.rev.width350.jpg"]},{"from":197,"to":198,"title":"RIC IV Septimius Severus 113. 1923.999.137","image_urls":["http://numismatics.org/collectionimages/19001949/1923/1923.999.137.rev.width350.jpg"]},{"from":197,"to":200,"title":"RIC IV Septimius Severus 133. 1986.161.110","image_urls":["http://numismatics.org/collectionimages/19501999/1986/1986.161.110.rev.width350.jpg"]},{"from":197,"to":200,"title":"RIC IV Septimius Severus 144B (denarius). 1944.100.50172","image_urls":["http://numismatics.org/collectionimages/19001949/1944/1944.100.50172.rev.width350.jpg"]},{"from":197,"to":200,"title":"RIC IV Septimius Severus 126A (denarius). 1944.100.50166","image_urls":["http://numismatics.org/collectionimages/19001949/1944/1944.100.50166.rev.width350.jpg"]},{"from":197,"to":200,"title":"RIC IV Septimius Severus 138. 1986.161.113","image_urls":["http://numismatics.org/collectionimages/19501999/1986/1986.161.113.rev.width350.jpg"]},{"from":197,"to":198,"title":"RIC IV Septimius Severus 108. 1991.9.30","image_urls":["http://numismatics.org/collectionimages/19501999/1991/1991.9.30.rev.width350.jpg"]},{"from":197,"to":200,"title":"RIC IV Septimius Severus 134. 1944.100.50283","image_urls":["http://numismatics.org/collectionimages/19001949/1944/1944.100.50283.rev.width350.jpg"]},{"from":197,"to":198,"title":"RIC IV Septimius Severus 120C. 1995.11.1518","image_urls":["http://numismatics.org/collectionimages/19501999/1995/1995.11.1518.rev.width350.jpg"]},{"from":197,"to":198,"title":"RIC IV Septimius Severus 107. 1992.118.14","image_urls":["http://numismatics.org/collectionimages/19501999/1992/1992.118.14.rev.width350.jpg"]},{"from":197,"to":200,"title":"RIC IV Septimius Severus 131. 1948.19.1440","image_urls":["http://numismatics.org/collectionimages/19001949/1948/1948.19.1440.rev.width350.jpg"]},{"from":197,"to":198,"title":"RIC IV Septimius Severus 120B. 1944.100.50163","image_urls":["http://numismatics.org/collectionimages/19001949/1944/1944.100.50163.rev.width350.jpg"]},{"from":197,"to":200,"title":"RIC IV Septimius Severus 136 (denarius). 1944.100.50175","image_urls":["http://numismatics.org/collectionimages/19001949/1944/1944.100.50175.rev.width350.jpg"]},{"from":197,"to":200,"title":"RIC IV Septimius Severus 139. 1944.100.50169","image_urls":["http://numismatics.org/collectionimages/19001949/1944/1944.100.50169.rev.width350.jpg"]},{"from":197,"to":198,"title":"RIC IV Septimius Severus 107. 1995.11.1496","image_urls":["http://numismatics.org/collectionimages/19501999/1995/1995.11.1496.rev.width350.jpg"]},{"from":197,"to":200,"title":"RIC IV Septimius Severus 125A (denarius). 1986.161.107","image_urls":["http://numismatics.org/collectionimages/19501999/1986/1986.161.107.rev.width350.jpg"]},{"from":197,"to":200,"title":"RIC IV Septimius Severus 142A. 1944.100.50170","image_urls":["http://numismatics.org/collectionimages/19001949/1944/1944.100.50170.rev.width350.jpg"]},{"from":197,"to":200,"title":"RIC IV Septimius Severus 135Ab. 1986.161.111","image_urls":["http://numismatics.org/collectionimages/19501999/1986/1986.161.111.rev.width350.jpg"]},{"from":197,"to":200,"title":"RIC IV Septimius Severus 138. 1991.9.32","image_urls":["http://numismatics.org/collectionimages/19501999/1991/1991.9.32.rev.width350.jpg"]},{"from":197,"to":198,"title":"RIC IV Septimius Severus 120C. 1992.118.13","image_urls":["http://numismatics.org/collectionimages/19501999/1992/1992.118.13.rev.width350.jpg"]},{"from":197,"to":200,"title":"RIC IV Septimius Severus 134. 1944.100.50168","image_urls":["http://numismatics.org/collectionimages/19001949/1944/1944.100.50168.rev.width350.jpg"]},{"from":197,"to":200,"title":"RIC IV Septimius Severus 123. 1986.161.106","image_urls":["http://numismatics.org/collectionimages/19501999/1986/1986.161.106.rev.width350.jpg"]},{"from":197,"to":200,"title":"RIC IV Septimius Severus 146B. 1944.100.50174","image_urls":["http://numismatics.org/collectionimages/19001949/1944/1944.100.50174.rev.width350.jpg"]},{"from":197,"to":198,"title":"RIC IV Septimius Severus 118. 1916.192.267","image_urls":["http://numismatics.org/collectionimages/19001949/1916/1916.192.267.rev.width350.jpg"]},{"from":197,"to":200,"title":"RIC IV Septimius Severus 136 (denarius). 1986.161.112","image_urls":["http://numismatics.org/collectionimages/19501999/1986/1986.161.112.rev.width350.jpg"]},{"from":197,"to":200,"title":"RIC IV Septimius Severus 122C. 1995.11.1495","image_urls":["http://numismatics.org/collectionimages/19501999/1995/1995.11.1495.rev.width350.jpg"]},{"from":197,"to":200,"title":"RIC IV Septimius Severus 145A. 1948.19.1442","image_urls":["http://numismatics.org/collectionimages/19001949/1948/1948.19.1442.rev.width350.jpg"]},{"from":197,"to":198,"title":"RIC IV Septimius Severus 118. 1944.100.50162","image_urls":["http://numismatics.org/collectionimages/19001949/1944/1944.100.50162.rev.width350.jpg"]},{"from":197,"to":198,"title":"RIC IV Septimius Severus 113. 1935.117.469","image_urls":["http://numismatics.org/collectionimages/19001949/1935/1935.117.469.rev.width350.jpg"]},{"from":197,"to":198,"title":"RIC IV Septimius Severus 111A. 1944.100.50157","image_urls":["http://numismatics.org/collectionimages/19001949/1944/1944.100.50157.rev.width350.jpg"]},{"from":197,"to":200,"title":"RIC IV Septimius Severus 126A (denarius). 1986.161.108","image_urls":["http://numismatics.org/collectionimages/19501999/1986/1986.161.108.rev.width350.jpg"]},{"from":197,"to":200,"title":"RIC IV Septimius Severus 144B (denarius). 1944.100.50171","image_urls":["http://numismatics.org/collectionimages/19001949/1944/1944.100.50171.rev.width350.jpg"]},{"from":197,"to":200,"title":"RIC IV Septimius Severus 122C. 1944.100.50165","image_urls":["http://numismatics.org/collectionimages/19001949/1944/1944.100.50165.rev.width350.jpg"]}]