[{"from":198,"to":199,"title":"Denarius of Caracalla, Rome, A.D. 198-A.D. 199. 1989.19.16.","image_urls":["http://coins.lib.virginia.edu/images/coins/screen/n1989_19_16_rev.jpg"]},{"from":198,"to":200,"title":"BERK-3C82B4: A coin issued by Geta","image_urls":["https://finds.org.uk/images/abyard/2013251b.jpg"]},{"from":198,"to":217,"title":"YORYM-75B1E7: A coin issued by Caracalla","image_urls":["https://finds.org.uk/images/bmorris/PN0006.jpg"]},{"from":198,"to":209,"title":"ESS-CE1264: A coin issued by Julia Domna","image_urls":["https://finds.org.uk/images/cmcdonald/Brook%20Julia%20denarius%20ob.jpg"]},{"from":198,"to":200,"title":"NMS-BC8C71: A coin issued by Septimius Severus","image_urls":["https://finds.org.uk/images/amarsden/AHS092013severusdenarius.jpg"]},{"from":198,"to":209,"title":"SWYOR-810473: A coin issued by Geta","image_urls":["https://finds.org.uk/images/acooper/PAS_717_Geta.jpg"]},{"from":198,"to":200,"title":"SF-49FE38: A coin issued by Septimius Severus","image_urls":["https://finds.org.uk/images/abrown/WMH_SF-49FE38.jpg"]},{"from":198,"to":200,"title":"HAMP-CCC8C2: A coin issued by Geta","image_urls":["https://finds.org.uk/images/khindshamp/HAMP-CCC8C2.jpg"]},{"from":198,"to":199,"title":"ESS-D55866: A coin issued by Geta","image_urls":["https://finds.org.uk/images/lpooley/Dscn3431.jpg"]},{"from":198,"to":198,"title":"LIN-19AA23: A coin issued by Julia Domna","image_urls":["https://finds.org.uk/images/adaubney/LIN9720.jpg"]},{"from":198,"to":198,"title":"SUSS-5D58E5: A coin issued by Caracalla","image_urls":["https://finds.org.uk/images/lburnett/SUSS-5D58E5.jpg"]},{"from":198,"to":217,"title":"SUSS-2C1EF4: A coin issued by Caracalla","image_urls":["https://finds.org.uk/images/jefft/SH-3.jpg"]},{"from":198,"to":198,"title":"LIN-FFC4C2: A coin issued by Septimius Severus","image_urls":["https://finds.org.uk/images/adaubney/LIN9025.jpg"]},{"from":198,"to":217,"title":"WILT-DBF01C: A coin issued by Caracalla","image_urls":["https://finds.org.uk/images/jshoemark/WILTDBFD1C.jpg"]},{"from":198,"to":217,"title":"SWYOR-C58B57: A coin issued by Caracalla","image_urls":["https://finds.org.uk/images/wakefield/Doncaster_945_Coin7.jpg"]},{"from":198,"to":217,"title":"SF-7F8206: A coin issued by Caracalla","image_urls":["https://finds.org.uk/images/fminter/PALSF-7F8206.jpg"]},{"from":198,"to":217,"title":"WMID-0D2092: A coin issued by Caracalla","image_urls":["https://finds.org.uk/images/pbloore/kb8%20den%20a%20pius%200109%20copy.jpg"]},{"from":198,"to":200,"title":"DUR-299822: A coin issued by Geta","image_urls":["https://finds.org.uk/images/frances/DUR-299822.jpg"]},{"from":198,"to":209,"title":"GLO-1DDA23: A coin issued by Caracalla","image_urls":["https://finds.org.uk/images/kadams/DSC_0433%20copy.jpg"]},{"from":198,"to":200,"title":"NARC-780E63: A coin issued by Geta","image_urls":["https://finds.org.uk/images/tbrindle/NARC-780E63denariusobv.jpg"]},{"from":198,"to":217,"title":"NLM-6F2E1A: A coin issued by Caracalla","image_urls":["https://finds.org.uk/images/mforeman/NLM28891.jpg"]},{"from":198,"to":200,"title":"DUR-A18F46: A coin issued by Septimius Severus","image_urls":["https://finds.org.uk/images/a8622912/DUR-A18F46.jpg"]},{"from":198,"to":209,"title":"WILT-7090B6: A coin issued by Geta","image_urls":["https://finds.org.uk/images/awillis/WILT7090B6.jpg"]},{"from":198,"to":211,"title":"ESS-33EDB2: A coin issued by Julia Domna","image_urls":["https://finds.org.uk/images/lmclean/ESS-33EDB2.jpg"]},{"from":198,"to":200,"title":"SWYOR-2983A4: A coin issued by Septimius Severus","image_urls":["https://finds.org.uk/images/acooper/PAS_1181_16.jpg"]},{"from":198,"to":200,"title":"NARC-564828: A coin issued by Septimius Severus","image_urls":["https://finds.org.uk/images/jcassidy/564828%20a.jpg"]},{"from":198,"to":217,"title":"NLM-055304: A coin issued by Caracalla","image_urls":["https://finds.org.uk/images/mforeman/NLM23195.jpg"]},{"from":198,"to":198,"title":"WAW-B923D4: A coin issued by Caracalla","image_urls":["https://finds.org.uk/images/abolton/WAW-B923D4.jpg"]},{"from":198,"to":200,"title":"LON-FFF8A1: A coin issued by Septimius Severus","image_urls":["https://finds.org.uk/images/kcreed/Septimuscoin.jpg"]},{"from":198,"to":200,"title":"SF-6653C3: A coin issued by Septimius Severus","image_urls":["https://finds.org.uk/images/abrown/SAS_SF-6653C3.jpg"]},{"from":198,"to":211,"title":"SUSS-322DB2: A coin issued by Geta","image_urls":["https://finds.org.uk/images/lburnett/SUSS-322DB2%20.JPG"]},{"from":198,"to":217,"title":"NCL-C9F455: A coin issued by Caracalla","image_urls":["https://finds.org.uk/images/pwalton/NCL_C9F455.jpg"]},{"from":198,"to":198,"title":"YORYM-D32521: A coin issued by Caracalla","image_urls":["https://finds.org.uk/images/bmorris/PC0008.jpg"]},{"from":198,"to":209,"title":"SUR-662BB3: A coin issued by Geta","image_urls":["https://finds.org.uk/images/dwilliams/08.1640.JPG"]},{"from":198,"to":217,"title":"KENT-FFE9F4: A coin issued by Caracalla","image_urls":["https://finds.org.uk/images/arichardson/PAK197-075%20copy.jpg"]},{"from":198,"to":198,"title":"LVPL-0B5BC9: A coin issued by Septimius Severus","image_urls":["https://finds.org.uk/images/voakden/LVPL-0B5BC9.jpg"]},{"from":198,"to":211,"title":"SUSS-34BD47: A coin issued by Caracalla","image_urls":["https://finds.org.uk/images/lwilson/1-169a.jpg"]},{"from":198,"to":209,"title":"BERK-8916C5: A coin issued by Geta","image_urls":["https://finds.org.uk/images/maritime/615b%20Berk%208916C5.jpg"]},{"from":198,"to":200,"title":"WILT-171086: A coin issued by Septimius Severus","image_urls":["https://finds.org.uk/images/jblake/SeptimusSeverusdenarius3.jpg"]},{"from":198,"to":200,"title":"WMID-BF0274: A coin issued by Geta","image_urls":["https://finds.org.uk/images/tgilmore/WMID-BF0274.jpg"]},{"from":198,"to":217,"title":"LON-8C0731: A coin issued by Caracalla","image_urls":["https://finds.org.uk/images/ksumnall/RomanCoin-Nov12%20copy.jpg"]},{"from":198,"to":198,"title":"NARC-20F314: A coin issued by Julia Domna","image_urls":["https://finds.org.uk/images/sashby/NARC-20F314%20coin.JPG"]},{"from":198,"to":217,"title":"LIN-8D97F6: A coin issued by Caracalla","image_urls":["https://finds.org.uk/images/adaubney/LIN9250.jpg"]},{"from":198,"to":200,"title":"DUR-EA6054: A coin issued by Septimius Severus","image_urls":["https://finds.org.uk/images/a8622912/DUR-EA6054.jpg"]},{"from":198,"to":200,"title":"NCL-78DAA2: A coin issued by Geta","image_urls":["https://finds.org.uk/images/rcollins/NCL-78DAA2.JPG"]},{"from":198,"to":198,"title":"BUC-CAB6A5: A coin issued by Caracalla","image_urls":["https://finds.org.uk/images/jmoss/TC46.jpg"]},{"from":198,"to":198,"title":"LON-EAA217: A coin issued by Caracalla","image_urls":["https://finds.org.uk/images/ksumnall/Garrard%20-%20Caracalla%20denarius%20-%20Nov%2011.jpg"]},{"from":198,"to":198,"title":"WMID-F26CBF: A coin issued by Caracalla","image_urls":["https://finds.org.uk/images/hglenn/WMID-F26CBF.jpg"]},{"from":198,"to":200,"title":"ESS-0237D8: A coin issued by Septimius Severus","image_urls":["https://finds.org.uk/images/mdlmarshall/ESS-0237D8.jpg"]},{"from":198,"to":217,"title":"WILT-853D6A: A coin issued by Caracalla","image_urls":["https://finds.org.uk/images/rhenry2/WILT853D6A.jpg"]},{"from":198,"to":212,"title":"NMGW-988638: A coin issued by Geta","image_urls":["https://finds.org.uk/images/sianw/200616210.jpg"]},{"from":198,"to":202,"title":"LEIC-FB9940: A coin issued by Septimius Severus","image_urls":["https://finds.org.uk/images/wscott/FB9940.JPG"]},{"from":198,"to":200,"title":"YORYM-34101D: A coin issued by Septimius Severus","image_urls":["https://finds.org.uk/images/bmorris/KW0034.jpg"]},{"from":198,"to":217,"title":"NCL-748B82: A coin issued by Caracalla","image_urls":["https://finds.org.uk/images/pwalton/892.jpg"]},{"from":198,"to":200,"title":"SF-CF3EE0: A coin issued by Septimius Severus","image_urls":["https://finds.org.uk/images/abrown/PTR_SF-CF3EE0.jpg"]},{"from":198,"to":200,"title":"SWYOR-5B2375: A coin issued by Septimius Severus","image_urls":["https://finds.org.uk/images/acooper/PAS_645_septimius_coin.jpg"]},{"from":198,"to":200,"title":"FAPJW-E0E383: A coin issued by Septimius Severus","image_urls":["https://finds.org.uk/images/pwalton/5079.jpg"]},{"from":198,"to":198,"title":"BM-EFE7E5: A coin issued by Caracalla","image_urls":["https://finds.org.uk/images/jasonlundock/5237.jpg"]},{"from":198,"to":200,"title":"HESH-9DEDC1: A coin issued by Septimius Severus","image_urls":["https://finds.org.uk/images/preavill/HESH-9DEDC1.jpg"]},{"from":198,"to":217,"title":"SUR-0C3A64: A coin issued by Caracalla","image_urls":["https://finds.org.uk/images/margaretb/09.083.JPG"]},{"from":198,"to":217,"title":"YORYM-CB6587: A coin issued by Caracalla","image_urls":["https://finds.org.uk/images/bmorris/KD0037.jpg"]},{"from":198,"to":198,"title":"LIN-319680: A coin issued by Geta","image_urls":["https://finds.org.uk/images/adaubney/LIN6499.JPG"]},{"from":198,"to":198,"title":"NLM-419634: A coin issued by Septimius Severus","image_urls":["https://finds.org.uk/images/mforeman/NLM22070.jpg"]},{"from":198,"to":198,"title":"LEIC-DE40A7: A coin issued by Caracalla","image_urls":["https://finds.org.uk/images/wscott/LEIC-DE40A7.JPG"]},{"from":198,"to":199,"title":"LIN-8C5BF2: A coin issued by Caracalla","image_urls":["https://finds.org.uk/images/adaubney/LIN8C5BF2.jpg"]},{"from":198,"to":198,"title":"BM-CA0AB6: A coin issued by Caracalla","image_urls":["https://finds.org.uk/images/jasonlundock/814.jpg"]},{"from":198,"to":217,"title":"SWYOR-A5ABB5: A coin issued by Caracalla","image_urls":["https://finds.org.uk/images/acooper/PAS_748_antoninus_coin.jpg"]},{"from":198,"to":198,"title":"LIN-FFDA75: A coin issued by Septimius Severus","image_urls":["https://finds.org.uk/images/adaubney/LIN9027.jpg"]},{"from":198,"to":209,"title":"LVPL-7DFF17: A coin issued by Geta","image_urls":["https://finds.org.uk/images/fmcintosh/Wood-%20geta%20denarius.jpg"]},{"from":198,"to":209,"title":"SUR-3ABE92: A coin issued by Septimius Severus","image_urls":["https://finds.org.uk/images/dwilliams/11-1525.jpg"]},{"from":198,"to":200,"title":"WAW-4A0575: A coin issued by Septimius Severus","image_urls":["https://finds.org.uk/images/abolton/WAW-4A0575.jpg"]},{"from":198,"to":200,"title":"WMID-B9BCB3: A coin issued by Geta","image_urls":["https://finds.org.uk/images/dslarke/WAG%20DEN%200908%20copy.jpg"]},{"from":198,"to":200,"title":"BUC-F813C2: A coin issued by Septimius Severus","image_urls":["https://finds.org.uk/images/rtyrrell/5DSCN0616.JPG"]},{"from":198,"to":198,"title":"DOR-5F14B5: A coin issued by Caracalla","image_urls":["https://finds.org.uk/images/caht/5C0CF8a.jpg"]},{"from":198,"to":217,"title":"IOW-A64E11: A coin issued by Caracalla","image_urls":["https://finds.org.uk/images/fbasford/IOW2013-13-1.JPG"]},{"from":198,"to":200,"title":"YORYM-F514F2: A coin issued by Geta","image_urls":["https://finds.org.uk/images/law/KSB0127.jpg"]},{"from":198,"to":198,"title":"LVPL-992D57: A coin issued by Julia Domna","image_urls":["https://finds.org.uk/images/voakden/LVPL-992D57.jpg"]},{"from":198,"to":198,"title":"LANCUM-6332C8: A coin issued by Caracalla","image_urls":["https://finds.org.uk/images/neanore/LANCUM-6332C8.jpg"]},{"from":198,"to":200,"title":"NMGW-4CBC6D: A coin issued by Septimius Severus","image_urls":["https://finds.org.uk/images/wenkedomscheit/2013.46.1%20jpg.jpg"]},{"from":198,"to":198,"title":"LEIC-1A9D46: A coin issued by Julia Domna","image_urls":["https://finds.org.uk/images/wscott/03B121.JPG"]},{"from":198,"to":198,"title":"LVPL-CB25F7: A coin issued by Septimius Severus","image_urls":["https://finds.org.uk/images/fmcintosh/c%20bailey%20denarius%201.jpg"]},{"from":198,"to":200,"title":"BH-3F6D1E: A coin issued by Septimius Severus","image_urls":["https://finds.org.uk/images/jwatters/Roman_coin_15_9_9.jpg"]},{"from":198,"to":199,"title":"BERK-F03478: A coin issued by Caracalla","image_urls":["https://finds.org.uk/images/abyard/2012016.jpg"]},{"from":198,"to":217,"title":"NCL-D33574: A coin issued by Caracalla","image_urls":["https://finds.org.uk/images/dgumby/1036.jpg"]},{"from":198,"to":198,"title":"WMID-3FD5C1: A coin issued by Caracalla","image_urls":["https://finds.org.uk/images/dslarke/q1%20copy.jpg"]},{"from":198,"to":200,"title":"FASAM-7450C7: A coin issued by Septimius Severus","image_urls":["https://finds.org.uk/images/sam/5326a.jpg"]},{"from":198,"to":217,"title":"DUR-0E94D7: A coin issued by Caracalla","image_urls":["https://finds.org.uk/images/emorris/DUR-0E94D7.jpg"]},{"from":198,"to":200,"title":"SOM-F81566: A coin issued by Septimius Severus","image_urls":["https://finds.org.uk/images/elburnett/SOM-F81566.JPG"]},{"from":198,"to":202,"title":"WILT-0FE934: A coin issued by Septimius Severus","image_urls":["https://finds.org.uk/images/awillis/WILT-0FE934.jpg"]},{"from":198,"to":211,"title":"FAPJW-62DC47: A coin issued by Caracalla","image_urls":["https://finds.org.uk/images/pwalton/5323.jpg"]},{"from":198,"to":217,"title":"NMGW-D26A71: A coin issued by Caracalla","image_urls":["https://finds.org.uk/images/wenkedomscheit/2013.184.1jpg.jpg"]},{"from":198,"to":198,"title":"PAS-801383: A coin issued by Julia Domna","image_urls":["https://finds.org.uk/images/vwolfe/PAS083.jpg"]},{"from":198,"to":200,"title":"NARC-713EF8: A coin issued by Septimius Severus","image_urls":["https://finds.org.uk/images/jcassidy/NARC-713EF8b.jpg"]},{"from":198,"to":198,"title":"SUR-E1EF37: A coin issued by Julia Domna","image_urls":["https://finds.org.uk/images/dwilliams/DSCN1577.JPG"]},{"from":198,"to":211,"title":"NLM-3E5EFD: A coin issued by Caracalla","image_urls":["https://finds.org.uk/images/mforeman/NLM28247.jpg"]},{"from":198,"to":198,"title":"LEIC-7C7CA3: A coin issued by Septimius Severus","image_urls":["https://finds.org.uk/images/wscott/7C7CA3.JPG"]},{"from":198,"to":217,"title":"CAM-CC4AF4: A coin issued by Caracalla","image_urls":["https://finds.org.uk/images/egill/cam-cc4afa.jpg"]},{"from":198,"to":217,"title":"BUC-58DC85: A coin issued by Caracalla","image_urls":["https://finds.org.uk/images/pmanning/flitwick%20005.jpg"]},{"from":198,"to":200,"title":"SF-FA6176: A coin issued by Septimius Severus","image_urls":["https://finds.org.uk/images/abrown/MKE_SF-FA6176.jpg"]},{"from":198,"to":200,"title":"NCL-770C06: A coin issued by Geta","image_urls":["https://finds.org.uk/images/pwalton/NCL770C06.jpg"]},{"from":198,"to":198,"title":"NCL-E31328: A coin issued by Caracalla","image_urls":["https://finds.org.uk/images/pwalton/683.jpg"]},{"from":198,"to":198,"title":"SF-A64EE5: A coin issued by Caracalla","image_urls":["https://finds.org.uk/images/abrown/WMH_SF-A64EE5.jpg"]},{"from":198,"to":217,"title":"NARC-28A137: A coin issued by Caracalla","image_urls":["https://finds.org.uk/images/jcassidy/NARC-28A137%20b.jpg"]},{"from":198,"to":200,"title":"SWYOR-37C8D7: A coin issued by Septimius Severus","image_urls":["https://finds.org.uk/images/wakefield/PAS_1600_Septimius.jpg"]},{"from":198,"to":217,"title":"WMID-BFBA81: A coin issued by Caracalla","image_urls":["https://finds.org.uk/images/tbrindle/WMID-BFBA81.jpg"]},{"from":198,"to":198,"title":"SWYOR-28C7E4: A coin issued by Julia Domna","image_urls":["https://finds.org.uk/images/acooper/PAS_1451_Julia.jpg"]},{"from":198,"to":217,"title":"LON-86A992: A coin issued by Caracalla","image_urls":["https://finds.org.uk/images/ksumnall/CaracallaCoin-May14.jpg"]},{"from":198,"to":217,"title":"LVPL-A8F5E1: A coin issued by Caracalla","image_urls":["https://finds.org.uk/images/samrowe/HC1Antoninus.jpg"]},{"from":198,"to":200,"title":"NMS-ADF143: A coin issued by Septimius Severus","image_urls":["https://finds.org.uk/images/amarsden/KLMD122012severusdenarius.jpg"]},{"from":198,"to":205,"title":"Bronze 2 Assaria, Sicyon, AD 198 - AD 205. 2006.31.31","image_urls":["http://numismatics.org/collectionimages/20002049/2006/2006.31.31.rev.width350.jpg"]},{"from":198,"to":202,"title":"RIC IV Septimius Severus 500. 1944.100.50254","image_urls":["http://numismatics.org/collectionimages/19001949/1944/1944.100.50254.rev.width350.jpg"]},{"from":198,"to":217,"title":"Bronze Coin, Aegeira, AD 198 - AD 217. 1969.133.1","image_urls":["http://numismatics.org/collectionimages/19501999/1969/1969.133.1.rev.width350.jpg"]},{"from":198,"to":207,"title":"Silver Tridrachm of Septimius Severus, Seleuceia ad Calycadnum, AD 198 - AD 207. 1998.6.1","image_urls":["http://numismatics.org/collectionimages/19501999/1998/1998.6.1.rev.width350.jpg"]},{"from":198,"to":202,"title":"RIC IV Septimius Severus 511A. 1944.100.50269","image_urls":["http://numismatics.org/collectionimages/19001949/1944/1944.100.50269.rev.width350.jpg"]},{"from":198,"to":217,"title":"Bronze Coin, Hypaepa, AD 198 - AD 217. 1986.77.110","image_urls":["http://numismatics.org/collectionimages/19501999/1986/1986.77.110.rev.width350.jpg"]},{"from":198,"to":199,"title":"RIC IV Caracalla 18. 1991.9.52","image_urls":["http://numismatics.org/collectionimages/19501999/1991/1991.9.52.rev.width350.jpg"]},{"from":198,"to":205,"title":"Bronze Hemiassarion, Sicyon, AD 198 - AD 205. 2006.31.34","image_urls":["http://numismatics.org/collectionimages/20002049/2006/2006.31.34.rev.width350.jpg"]},{"from":198,"to":202,"title":"RIC IV Septimius Severus 502B. 1947.2.514","image_urls":["http://numismatics.org/collectionimages/19001949/1947/1947.2.514.rev.width350.jpg"]},{"from":198,"to":205,"title":"Bronze Assarion, Mothone, AD 198 - AD 205. 2006.31.39","image_urls":["http://numismatics.org/collectionimages/20002049/2006/2006.31.39.rev.width350.jpg"]},{"from":198,"to":200,"title":"RIC IV Geta 2 (denarius). 1991.9.81","image_urls":["http://numismatics.org/collectionimages/19501999/1991/1991.9.81.rev.width350.jpg"]},{"from":198,"to":202,"title":"RIC IV Septimius Severus 514. 1944.100.50266","image_urls":["http://numismatics.org/collectionimages/19001949/1944/1944.100.50266.rev.width350.jpg"]},{"from":198,"to":217,"title":"Bronze Coin, Heracleia Pontica, AD 198 - AD 217. 2006.21.3","image_urls":["http://numismatics.org/collectionimages/20002049/2006/2006.21.3.rev.width350.jpg"]},{"from":198,"to":200,"title":"RIC IV Geta 1 (denarius). 1944.100.51739","image_urls":["http://numismatics.org/collectionimages/19001949/1944/1944.100.51739.rev.width350.jpg"]},{"from":198,"to":202,"title":"Bronze Denarius, Rome, AD 198 - AD 202. 1941.15.72","image_urls":["http://numismatics.org/collectionimages/19001949/1941/1941.15.72.rev.width350.jpg"]},{"from":198,"to":217,"title":"Bronze Coin, Dioshieron, AD 198 - AD 217. 1949.18.10","image_urls":["http://numismatics.org/collectionimages/19001949/1949/1949.18.10.rev.width350.jpg"]},{"from":198,"to":202,"title":"RIC IV Septimius Severus 501. 1944.100.50255","image_urls":["http://numismatics.org/collectionimages/19001949/1944/1944.100.50255.rev.width350.jpg"]},{"from":198,"to":217,"title":"Bronze Coin, Anchialus, AD 198 - AD 217. 1998.13.12","image_urls":["http://numismatics.org/collectionimages/19501999/1998/1998.13.12.rev.width350.jpg"]},{"from":198,"to":199,"title":"Silver Denarius of Septimius Severus, Rome, AD 198 - AD 199. 1966.286.31","image_urls":["http://numismatics.org/collectionimages/19501999/1966/1966.286.31.rev.width350.jpg"]},{"from":198,"to":217,"title":"Bronze Coin, Odessus, AD 198 - AD 217. 1997.32.140","image_urls":["http://numismatics.org/collectionimages/19501999/1997/1997.32.140.rev.width350.jpg"]},{"from":198,"to":202,"title":"RIC IV Septimius Severus 500. 1941.15.69","image_urls":["http://numismatics.org/collectionimages/19001949/1941/1941.15.69.rev.width350.jpg"]},{"from":198,"to":202,"title":"RIC IV Septimius Severus 503A. 1944.100.50260","image_urls":["http://numismatics.org/collectionimages/19001949/1944/1944.100.50260.rev.width350.jpg"]},{"from":198,"to":212,"title":"Bronze Coin, Aegium, AD 198 - AD 212. 1995.11.1872","image_urls":["http://numismatics.org/collectionimages/19501999/1995/1995.11.1872.rev.width350.jpg"]},{"from":198,"to":217,"title":"Bronze Coin, Hypaepa, AD 198 - AD 217. 1985.64.1","image_urls":["http://numismatics.org/collectionimages/19501999/1985/1985.64.1.rev.width350.jpg"]},{"from":198,"to":217,"title":"Bronze Coin of Phlaon Hierakos, Hypaepa, AD 198 - AD 217. 1986.77.115","image_urls":["http://numismatics.org/collectionimages/19501999/1986/1986.77.115.rev.width350.jpg"]},{"from":198,"to":217,"title":"Bronze Coin, Hypaepa, AD 198 - AD 217. 1986.77.109","image_urls":["http://numismatics.org/collectionimages/19501999/1986/1986.77.109.rev.width350.jpg"]},{"from":198,"to":200,"title":"RIC IV Geta 3 (denarius). 1960.170.395","image_urls":["http://numismatics.org/collectionimages/19501999/1960/1960.170.395.rev.width350.jpg"]},{"from":198,"to":217,"title":"Bronze Coin, Hypaepa, AD 198 - AD 217. 1986.77.111","image_urls":["http://numismatics.org/collectionimages/19501999/1986/1986.77.111.rev.width350.jpg"]},{"from":198,"to":217,"title":"Bronze Coin, Mylasa, AD 198 - AD 217. 2007.15.23","image_urls":["http://numismatics.org/collectionimages/20002049/2007/2007.15.23.rev.width350.jpg"]},{"from":198,"to":217,"title":"Bronze Coin of Menandros, Hypaepa, AD 198 - AD 217. 1986.77.114","image_urls":["http://numismatics.org/collectionimages/19501999/1986/1986.77.114.rev.width350.jpg"]},{"from":198,"to":217,"title":"Bronze Coin, Philippopolis, AD 198 - AD 217. 1998.18.20","image_urls":["http://numismatics.org/collectionimages/19501999/1998/1998.18.20.rev.width350.jpg"]},{"from":198,"to":202,"title":"RIC IV Septimius Severus 502A (aureus). 1954.256.26","image_urls":["http://numismatics.org/collectionimages/19501999/1954/1954.256.26.rev.width350.jpg"]},{"from":198,"to":217,"title":"Bronze Coin, Hypaepa, AD 198 - AD 217. 1986.77.112","image_urls":["http://numismatics.org/collectionimages/19501999/1986/1986.77.112.rev.width350.jpg"]},{"from":198,"to":202,"title":"RIC IV Septimius Severus 510A (denarius). 1957.172.1776","image_urls":["http://numismatics.org/collectionimages/19501999/1957/1957.172.1776.rev.width350.jpg"]},{"from":198,"to":200,"title":"RIC IV Geta 1 (aureus). 1944.100.51738","image_urls":["http://numismatics.org/collectionimages/19001949/1944/1944.100.51738.rev.width350.jpg"]},{"from":198,"to":199,"title":"RIC IV Caracalla 21. 1946.7.31","image_urls":["http://numismatics.org/collectionimages/19001949/1946/1946.7.31.rev.width350.jpg"]},{"from":198,"to":202,"title":"RIC IV Septimius Severus 503A. 1987.26.184","image_urls":["http://numismatics.org/collectionimages/19501999/1987/1987.26.184.rev.width350.jpg"]},{"from":198,"to":202,"title":"RIC IV Septimius Severus 503A. 1935.117.486","image_urls":["http://numismatics.org/collectionimages/19001949/1935/1935.117.486.rev.width350.jpg"]},{"from":198,"to":202,"title":"RIC IV Septimius Severus 511A. 1948.19.1484","image_urls":["http://numismatics.org/collectionimages/19001949/1948/1948.19.1484.rev.width350.jpg"]},{"from":198,"to":200,"title":"RIC IV Geta 3 (denarius). 1944.100.51740","image_urls":["http://numismatics.org/collectionimages/19001949/1944/1944.100.51740.rev.width350.jpg"]},{"from":198,"to":202,"title":"RIC IV Septimius Severus 501. 1948.19.1479","image_urls":["http://numismatics.org/collectionimages/19001949/1948/1948.19.1479.rev.width350.jpg"]},{"from":198,"to":205,"title":"Bronze Assarion, Mothone, AD 198 - AD 205. 2006.31.44","image_urls":["http://numismatics.org/collectionimages/20002049/2006/2006.31.44.rev.width350.jpg"]},{"from":198,"to":217,"title":"Bronze Coin, Odessus, AD 198 - AD 217. 1997.32.104","image_urls":["http://numismatics.org/collectionimages/19501999/1997/1997.32.104.rev.width350.jpg"]},{"from":198,"to":200,"title":"RIC IV Geta 3 (denarius). 1948.19.1659","image_urls":["http://numismatics.org/collectionimages/19001949/1948/1948.19.1659.rev.width350.jpg"]},{"from":198,"to":200,"title":"RIC IV Geta 95 (denarius). 1944.100.51807","image_urls":["http://numismatics.org/collectionimages/19001949/1944/1944.100.51807.rev.width350.jpg"]},{"from":198,"to":200,"title":"RIC IV Geta 2 (denarius). 1991.9.80","image_urls":["http://numismatics.org/collectionimages/19501999/1991/1991.9.80.rev.width350.jpg"]},{"from":198,"to":202,"title":"RIC IV Septimius Severus 503A. 1944.100.50259","image_urls":["http://numismatics.org/collectionimages/19001949/1944/1944.100.50259.rev.width350.jpg"]},{"from":198,"to":202,"title":"RIC IV Septimius Severus 503A. 1948.19.1482","image_urls":["http://numismatics.org/collectionimages/19001949/1948/1948.19.1482.rev.width350.jpg"]},{"from":198,"to":199,"title":"Silver Tetradrachm, Seleuceia ad Tigrim, AD 198 - AD 199. 1944.100.83493","image_urls":["http://numismatics.org/collectionimages/19001949/1944/1944.100.83493.rev.width350.jpg"]},{"from":198,"to":200,"title":"RIC IV Geta 2 (denarius). 1991.8.13","image_urls":["http://numismatics.org/collectionimages/19501999/1991/1991.8.13.rev.width350.jpg"]},{"from":198,"to":202,"title":"RIC IV Septimius Severus 501. 1944.100.50256","image_urls":["http://numismatics.org/collectionimages/19001949/1944/1944.100.50256.rev.width350.jpg"]},{"from":198,"to":217,"title":"Bronze Coin, Anchialus, AD 198 - AD 217. 1998.13.13","image_urls":["http://numismatics.org/collectionimages/19501999/1998/1998.13.13.rev.width350.jpg"]},{"from":198,"to":202,"title":"RIC IV Septimius Severus 510A (denarius). 1944.100.50265","image_urls":["http://numismatics.org/collectionimages/19001949/1944/1944.100.50265.rev.width350.jpg"]},{"from":198,"to":200,"title":"RIC IV Geta 96. 1944.100.51810","image_urls":["http://numismatics.org/collectionimages/19001949/1944/1944.100.51810.rev.width350.jpg"]},{"from":198,"to":202,"title":"RIC IV Septimius Severus 500. 1944.100.50253","image_urls":["http://numismatics.org/collectionimages/19001949/1944/1944.100.50253.rev.width350.jpg"]},{"from":198,"to":202,"title":"RIC IV Septimius Severus 511A. 1944.100.50268","image_urls":["http://numismatics.org/collectionimages/19001949/1944/1944.100.50268.rev.width350.jpg"]},{"from":198,"to":202,"title":"RIC IV Septimius Severus 503A. 1970.156.345","image_urls":["http://numismatics.org/collectionimages/19501999/1970/1970.156.345.rev.width350.jpg"]},{"from":198,"to":217,"title":"Bronze Coin, Aegeira, AD 198 - AD 217. 1956.174.48","image_urls":["http://numismatics.org/collectionimages/19501999/1956/1956.174.48.rev.width350.jpg"]},{"from":198,"to":202,"title":"RIC IV Septimius Severus 507. 1944.100.50263","image_urls":["http://numismatics.org/collectionimages/19001949/1944/1944.100.50263.rev.width350.jpg"]},{"from":198,"to":200,"title":"RIC IV Geta 94. 1944.100.51808","image_urls":["http://numismatics.org/collectionimages/19001949/1944/1944.100.51808.rev.width350.jpg"]},{"from":198,"to":202,"title":"RIC IV Septimius Severus 502B. 1944.100.50257","image_urls":["http://numismatics.org/collectionimages/19001949/1944/1944.100.50257.rev.width350.jpg"]},{"from":198,"to":217,"title":"Silver hemidrachm, Pellene, AD 198 - AD 217. 1944.100.39503","image_urls":["http://numismatics.org/collectionimages/19001949/1944/1944.100.39503.rev.width350.jpg"]},{"from":198,"to":200,"title":"RIC IV Geta 96. 1906.236.509","image_urls":["http://numismatics.org/collectionimages/19001949/1906/1906.236.509.rev.width350.jpg"]},{"from":198,"to":217,"title":"Bronze Coin, Messene, AD 198 - AD 217. 1944.100.38846","image_urls":["http://numismatics.org/collectionimages/19001949/1944/1944.100.38846.rev.width350.jpg"]},{"from":198,"to":200,"title":"RIC IV Geta 2 (denarius). 1965.32.34","image_urls":["http://numismatics.org/collectionimages/19501999/1965/1965.32.34.rev.width350.jpg"]},{"from":198,"to":199,"title":"RIC IV Caracalla 22a. 1944.100.51387","image_urls":["http://numismatics.org/collectionimages/19001949/1944/1944.100.51387.rev.width350.jpg"]},{"from":198,"to":217,"title":"Bronze Coin, Cleitor, AD 198 - AD 217. 1944.100.40070","image_urls":["http://numismatics.org/collectionimages/19001949/1944/1944.100.40070.rev.width350.jpg"]},{"from":198,"to":200,"title":"RIC IV Geta 2 (denarius). 1944.100.51737","image_urls":["http://numismatics.org/collectionimages/19001949/1944/1944.100.51737.rev.width350.jpg"]},{"from":198,"to":203,"title":"Bronze Denarius, Rome, AD 198 - AD 203. 1947.97.484","image_urls":["http://numismatics.org/collectionimages/19001949/1947/1947.97.484.rev.width350.jpg"]},{"from":198,"to":202,"title":"RIC IV Septimius Severus 507. 1944.100.50264","image_urls":["http://numismatics.org/collectionimages/19001949/1944/1944.100.50264.rev.width350.jpg"]},{"from":198,"to":217,"title":"Bronze Coin, Aegium, AD 198 - AD 217. 1944.100.37645","image_urls":["http://numismatics.org/collectionimages/19001949/1944/1944.100.37645.rev.width350.jpg"]},{"from":198,"to":199,"title":"Silver Denarius of Septimius Severus, Rome, AD 198 - AD 199. 1985.140.150","image_urls":["http://numismatics.org/collectionimages/19501999/1985/1985.140.150.rev.width350.jpg"]},{"from":198,"to":202,"title":"RIC IV Septimius Severus 503A. 1948.19.1481","image_urls":["http://numismatics.org/collectionimages/19001949/1948/1948.19.1481.rev.width350.jpg"]},{"from":198,"to":200,"title":"RIC IV Geta 95 (denarius). 1944.100.51806","image_urls":["http://numismatics.org/collectionimages/19001949/1944/1944.100.51806.rev.width350.jpg"]},{"from":198,"to":200,"title":"RIC IV Geta 96. 1935.117.594","image_urls":["http://numismatics.org/collectionimages/19001949/1935/1935.117.594.rev.width350.jpg"]},{"from":198,"to":202,"title":"RIC IV Septimius Severus 504. 1995.11.1520","image_urls":["http://numismatics.org/collectionimages/19501999/1995/1995.11.1520.rev.width350.jpg"]},{"from":198,"to":202,"title":"RIC IV Septimius Severus 504. 1944.100.50261","image_urls":["http://numismatics.org/collectionimages/19001949/1944/1944.100.50261.rev.width350.jpg"]},{"from":198,"to":202,"title":"RIC IV Septimius Severus 511B. 1991.77.1","image_urls":["http://numismatics.org/collectionimages/19501999/1991/1991.77.1.rev.width350.jpg"]},{"from":198,"to":202,"title":"RIC IV Septimius Severus 510A (denarius). 1941.131.873","image_urls":["http://numismatics.org/collectionimages/19001949/1941/1941.131.873.rev.width350.jpg"]},{"from":198,"to":202,"title":"RIC IV Septimius Severus 502B. 1944.100.50258","image_urls":["http://numismatics.org/collectionimages/19001949/1944/1944.100.50258.rev.width350.jpg"]},{"from":198,"to":202,"title":"RIC IV Septimius Severus 508. 1944.100.50273","image_urls":["http://numismatics.org/collectionimages/19001949/1944/1944.100.50273.rev.width350.jpg"]},{"from":198,"to":202,"title":"RIC IV Septimius Severus 516. 1944.100.50267","image_urls":["http://numismatics.org/collectionimages/19001949/1944/1944.100.50267.rev.width350.jpg"]},{"from":198,"to":200,"title":"RIC IV Geta 95 (denarius). 1948.19.1685","image_urls":["http://numismatics.org/collectionimages/19001949/1948/1948.19.1685.rev.width350.jpg"]},{"from":198,"to":217,"title":"Bronze Coin, Adana, AD 198 - AD 217. 1968.244.33","image_urls":["http://numismatics.org/collectionimages/19501999/1968/1968.244.33.rev.width350.jpg"]},{"from":198,"to":200,"title":"RIC IV Geta 3 (denarius). 1948.19.1658","image_urls":["http://numismatics.org/collectionimages/19001949/1948/1948.19.1658.rev.width350.jpg"]},{"from":198,"to":200,"title":"RIC IV Geta 96. 1944.100.51809","image_urls":["http://numismatics.org/collectionimages/19001949/1944/1944.100.51809.rev.width350.jpg"]},{"from":198,"to":202,"title":"RIC IV Septimius Severus 501. 1948.19.1480","image_urls":["http://numismatics.org/collectionimages/19001949/1948/1948.19.1480.rev.width350.jpg"]},{"from":198,"to":202,"title":"RIC IV Septimius Severus 514. 1927.38.59","image_urls":["http://numismatics.org/collectionimages/19001949/1927/1927.38.59.rev.width350.jpg"]},{"from":198,"to":202,"title":"RIC IV Septimius Severus 505. 1948.19.1483","image_urls":["http://numismatics.org/collectionimages/19001949/1948/1948.19.1483.rev.width350.jpg"]},{"from":198,"to":202,"title":"RIC IV Septimius Severus 501. 1935.117.485","image_urls":["http://numismatics.org/collectionimages/19001949/1935/1935.117.485.rev.width350.jpg"]},{"from":198,"to":202,"title":"RIC IV Septimius Severus 510A (denarius). 1935.117.487","image_urls":["http://numismatics.org/collectionimages/19001949/1935/1935.117.487.rev.width350.jpg"]},{"from":198,"to":200,"title":"RIC IV Geta 95 (denarius). 2004.14.142","image_urls":["http://numismatics.org/collectionimages/20002049/2004/2004.14.142.rev.width350.jpg"]},{"from":198,"to":217,"title":"Bronze Coin, Anchialus, AD 198 - AD 217. 1998.13.11","image_urls":["http://numismatics.org/collectionimages/19501999/1998/1998.13.11.rev.width350.jpg"]},{"from":198,"to":200,"title":"RIC IV Geta 4 (denarius). 1944.100.51741","image_urls":["http://numismatics.org/collectionimages/19001949/1944/1944.100.51741.rev.width350.jpg"]},{"from":198,"to":205,"title":"Bronze 2 Assaria, Sicyon, AD 198 - AD 205. 2006.31.27","image_urls":["http://numismatics.org/collectionimages/20002049/2006/2006.31.27.rev.width350.jpg"]},{"from":198,"to":202,"title":"RIC IV Septimius Severus 505. 1944.100.50262","image_urls":["http://numismatics.org/collectionimages/19001949/1944/1944.100.50262.rev.width350.jpg"]}]