[{"from":199,"to":199,"title":"LIN-777AF3: A coin issued by Septimius Severus","image_urls":["https://finds.org.uk/images/adaubney/LIN2011-1326.jpg"]},{"from":199,"to":199,"title":"LIN-757D54: A coin issued by Julia Domna","image_urls":["https://finds.org.uk/images/adaubney/LIN2011-1316.jpg"]},{"from":199,"to":200,"title":"LIN-729FE7: A coin issued by Septimius Severus","image_urls":["https://finds.org.uk/images/adaubney/LIN2013-1324.jpg"]},{"from":199,"to":199,"title":"LIN-CC1FD4: A coin issued by Julia Domna","image_urls":["https://finds.org.uk/images/adaubney/LIN7960.JPG"]},{"from":199,"to":199,"title":"SWYOR-266D43: A coin issued by Caracalla","image_urls":["https://finds.org.uk/images/wakefield/PAS_1818_siliqua.jpg"]},{"from":199,"to":200,"title":"DENO-C9CD8D: A coin issued by Caracalla","image_urls":["https://finds.org.uk/images/cburrill2/Deno_Enq32_Roman_Coin_Bag9.jpg"]},{"from":199,"to":200,"title":"LEIC-7D7AE8: A coin issued by Caracalla","image_urls":["https://finds.org.uk/images/wscott/7D7AE8.JPG"]},{"from":199,"to":200,"title":"DUR-A84742: A coin issued by Caracalla","image_urls":["https://finds.org.uk/images/frances/DUR-A84742%20thompson%20denarius.jpg"]},{"from":199,"to":200,"title":"NCL-617536: A coin issued by Caracalla","image_urls":["https://finds.org.uk/images/pwalton/821.jpg"]},{"from":199,"to":200,"title":"YORYM-7CFCA0: A coin issued by Caracalla","image_urls":["https://finds.org.uk/images/bethe/TL0053.jpg"]},{"from":199,"to":199,"title":"NARC-C8CFE4: A coin issued by Geta","image_urls":["https://finds.org.uk/images/sashby/NARC-C8CFE4%20pl%20den.jpg"]},{"from":199,"to":199,"title":"LEIC-08A563: A coin issued by Geta","image_urls":["https://finds.org.uk/images/wscott/183997.JPG"]},{"from":199,"to":199,"title":"NLM-BEB244: A coin issued by Septimius Severus","image_urls":["https://finds.org.uk/images/mforeman/NLM21767.jpg"]},{"from":199,"to":199,"title":"LEIC-FBFA18: A coin issued by Caracalla","image_urls":["https://finds.org.uk/images/wscott/FBFA18.JPG"]},{"from":199,"to":202,"title":"NARC-650E90: A coin issued by Geta","image_urls":["https://finds.org.uk/images/tbrindle/NARC-650E90.jpg"]},{"from":199,"to":200,"title":"LEIC-7A8591: A coin issued by Caracalla","image_urls":["https://finds.org.uk/images/wscott/7A8591.JPG"]},{"from":199,"to":205,"title":"FAPJW-426105: A coin issued by Caracalla","image_urls":["https://finds.org.uk/images/pwalton/fapjw426105.jpg"]},{"from":199,"to":200,"title":"NMGW-F74DE4: A coin issued by Septimius Severus","image_urls":["https://finds.org.uk/images/sianw/200614211.jpg"]},{"from":199,"to":199,"title":"SWYOR-737898: A coin issued by Septimius Severus","image_urls":["https://finds.org.uk/images/acooper/PAS%20981%20broken%20denarius%20cornucopia.jpg"]},{"from":199,"to":202,"title":"BERK-D53223: A coin issued by Geta","image_urls":["https://finds.org.uk/images/abyard/2009434.jpg"]},{"from":199,"to":200,"title":"FAPJW-2CD516: A coin issued by Caracalla","image_urls":["https://finds.org.uk/images/pwalton/8092.jpg"]},{"from":199,"to":200,"title":"NMS-BA37CC: A coin issued by Caracalla","image_urls":["https://finds.org.uk/images/amarsden/KLMD062015caracalladen.jpg"]},{"from":199,"to":199,"title":"SUSS-0DE0C3: A coin issued by Geta","image_urls":["https://finds.org.uk/images/lburnett/suss-0DE0C3.jpg"]},{"from":199,"to":200,"title":"HAMP-AB5110: A coin issued by Caracalla","image_urls":["https://finds.org.uk/images/khindshamp/HAMP-AB5110.jpg"]},{"from":199,"to":200,"title":"BUC-CAE6D6: A coin issued by Septimius Severus","image_urls":["https://finds.org.uk/images/jmoss/TC49.jpg"]},{"from":199,"to":199,"title":"BERK-FAC7F8: A coin issued by Septimius Severus","image_urls":["https://finds.org.uk/images/abyard/2014411.jpg"]},{"from":199,"to":199,"title":"LEIC-04C8A2: A coin issued by Septimius Severus","image_urls":["https://finds.org.uk/images/wscott/LEIC04C8A2.jpg"]},{"from":199,"to":199,"title":"DUR-972D60: A coin issued by Caracalla","image_urls":["https://finds.org.uk/images/a8622912/DUR-972D60.jpg"]},{"from":199,"to":200,"title":"BUC-A15AE5: A coin issued by Septimius Severus","image_urls":["https://finds.org.uk/images/pmanning/denhead.jpg"]},{"from":199,"to":200,"title":"YORYM-987A0D: A coin issued by Caracalla","image_urls":["https://finds.org.uk/images/bmorris/MPS0056.jpg"]},{"from":199,"to":199,"title":"LIN-A14A87: A coin issued by Geta","image_urls":["https://finds.org.uk/images/adaubney/LIN2012-1002.jpg"]},{"from":199,"to":200,"title":"YORYM-191844: A coin issued by Caracalla","image_urls":["https://finds.org.uk/images/yorkvol/MID0025.jpg"]},{"from":199,"to":204,"title":"PUBLIC-B72F30: A coin issued by Caracalla","image_urls":["https://finds.org.uk/images/zoom/ahRES01065.JPG"]},{"from":199,"to":200,"title":"RIC IV Caracalla 45 (denarius). 1927.38.62","image_urls":["http://numismatics.org/collectionimages/19001949/1927/1927.38.62.rev.width350.jpg"]},{"from":199,"to":200,"title":"Silver Denarius of Septimius Severus, Rome, AD 199 - AD 200. 1954.1.1","image_urls":["http://numismatics.org/collectionimages/19501999/1954/1954.1.1.rev.width350.jpg"]},{"from":199,"to":200,"title":"RIC IV Caracalla 39A (denarius). 1987.26.198","image_urls":["http://numismatics.org/collectionimages/19501999/1987/1987.26.198.rev.width350.jpg"]},{"from":199,"to":200,"title":"Silver Tetradrachm, Seleuceia ad Tigrim, AD 199 - AD 200. 1944.100.83494","image_urls":["http://numismatics.org/collectionimages/19001949/1944/1944.100.83494.rev.width350.jpg"]},{"from":199,"to":200,"title":"RIC IV Caracalla 39A (denarius). 1948.19.1544","image_urls":["http://numismatics.org/collectionimages/19001949/1948/1948.19.1544.rev.width350.jpg"]},{"from":199,"to":200,"title":"RIC IV Caracalla 38 (denarius). 1944.100.51391","image_urls":["http://numismatics.org/collectionimages/19001949/1944/1944.100.51391.rev.width350.jpg"]},{"from":199,"to":200,"title":"RIC IV Caracalla 45 (denarius). 1935.117.515","image_urls":["http://numismatics.org/collectionimages/19001949/1935/1935.117.515.rev.width350.jpg"]},{"from":199,"to":200,"title":"RIC IV Caracalla 35. 1944.100.51390","image_urls":["http://numismatics.org/collectionimages/19001949/1944/1944.100.51390.rev.width350.jpg"]},{"from":199,"to":200,"title":"RIC IV Caracalla 42C. 1944.100.51393","image_urls":["http://numismatics.org/collectionimages/19001949/1944/1944.100.51393.rev.width350.jpg"]},{"from":199,"to":200,"title":"RIC IV Caracalla 39A (aureus). 1960.175.38","image_urls":["http://numismatics.org/collectionimages/19501999/1960/1960.175.38.rev.width350.jpg"]},{"from":199,"to":200,"title":"RIC IV Caracalla 44A. 1995.11.1455","image_urls":["http://numismatics.org/collectionimages/19501999/1995/1995.11.1455.rev.width350.jpg"]},{"from":199,"to":200,"title":"RIC IV Caracalla 47A. 1944.100.51395","image_urls":["http://numismatics.org/collectionimages/19001949/1944/1944.100.51395.rev.width350.jpg"]},{"from":199,"to":200,"title":"RIC IV Caracalla 42C. 1995.1.14","image_urls":["http://numismatics.org/collectionimages/19501999/1995/1995.1.14.rev.width350.jpg"]},{"from":199,"to":200,"title":"RIC IV Caracalla 38 (aureus). 1967.153.170","image_urls":["http://numismatics.org/collectionimages/19501999/1967/1967.153.170.rev.width350.jpg"]},{"from":199,"to":200,"title":"RIC IV Caracalla 39A (aureus). 1980.109.173","image_urls":["http://numismatics.org/collectionimages/19501999/1980/1980.109.173.rev.width350.jpg"]},{"from":199,"to":200,"title":"RIC IV Caracalla 39A (denarius). 1941.131.886","image_urls":["http://numismatics.org/collectionimages/19001949/1941/1941.131.886.rev.width350.jpg"]},{"from":199,"to":200,"title":"RIC IV Caracalla 45 (denarius). 1948.19.1545","image_urls":["http://numismatics.org/collectionimages/19001949/1948/1948.19.1545.rev.width350.jpg"]},{"from":199,"to":200,"title":"RIC IV Caracalla 39A (denarius). 1944.100.51392","image_urls":["http://numismatics.org/collectionimages/19001949/1944/1944.100.51392.rev.width350.jpg"]},{"from":199,"to":200,"title":"RIC IV Caracalla 45 (denarius). 1944.100.51394","image_urls":["http://numismatics.org/collectionimages/19001949/1944/1944.100.51394.rev.width350.jpg"]}]