[{"from":2,"to":14,"title":"BH-F72437: A coin issued by Augustus","image_urls":["https://finds.org.uk/images/jwatters/Roman%20coin%2006%2049%20-%202.jpg"]},{"from":2,"to":3,"title":"Silver Tetradrachm, Seleuceia ad Tigrim, AD 2 - AD 3. 1944.100.82971","image_urls":["http://numismatics.org/collectionimages/19001949/1944/1944.100.82971.rev.width350.jpg"]},{"from":2,"to":3,"title":"Silver Tetradrachm, Seleuceia ad Tigrim, AD 2 - AD 3. 1944.100.82964","image_urls":["http://numismatics.org/collectionimages/19001949/1944/1944.100.82964.rev.width350.jpg"]},{"from":2,"to":3,"title":"Silver Tetradrachm, Seleuceia ad Tigrim, AD 2 - AD 3. 1944.100.82963","image_urls":["http://numismatics.org/collectionimages/19001949/1944/1944.100.82963.rev.width350.jpg"]}]