[{"from":200,"to":400,"title":"LANCUM-E11FC1: A coin issued by Valentinian I","image_urls":["https://finds.org.uk/images/dboughton/PDMDSNRomanCoinValens1ab.jpg"]},{"from":200,"to":200,"title":"NCL-7C7987: A coin issued by Caracalla","image_urls":["https://finds.org.uk/images/pwalton/643.jpg"]},{"from":200,"to":202,"title":"YORYM-D504E8: A coin issued by Geta","image_urls":["https://finds.org.uk/images/bmorris/WS0518.jpg"]},{"from":200,"to":222,"title":"BERK-733207: A coin issued by Elagabalus","image_urls":["https://finds.org.uk/images/abyard/DBartonElagabdenarius.jpg"]},{"from":200,"to":202,"title":"NCL-AABCE5: A coin issued by Geta","image_urls":["https://finds.org.uk/images/pwalton/1224.jpg"]},{"from":200,"to":202,"title":"LANCUM-0A4EE1: A coin issued by Geta","image_urls":["https://finds.org.uk/images/dboughton/DMIM0A4EE1.jpg"]},{"from":200,"to":202,"title":"PUBLIC-CF48B4: A coin issued by Geta","image_urls":["https://finds.org.uk/images/tomredmayne/2010_1124_180647AA.JPG"]},{"from":200,"to":400,"title":"LANCUM-6A8F91: A coin issued by House of Constantine","image_urls":["https://finds.org.uk/images/dboughton/SRMDTMGrot6A8F91ab.jpg"]},{"from":200,"to":200,"title":"LVPL-3F3457: A coin issued by Septimius Severus","image_urls":["https://finds.org.uk/images/fmcintosh/coin62.jpg"]},{"from":200,"to":202,"title":"BH-96A313: A coin issued by Geta","image_urls":["https://finds.org.uk/images/jwatters/Roman_coin_08_47_34.jpg"]},{"from":200,"to":260,"title":"BM-771863: A coin issued by Marcus Aurelius (as Caesar)","image_urls":["https://finds.org.uk/images/jasonlundock/904a.jpg"]},{"from":200,"to":201,"title":"SF-4EE6C5: A coin issued by Septimius Severus","image_urls":["https://finds.org.uk/images/abrown/WGN_SF-4EE6C5.jpg"]},{"from":200,"to":410,"title":"LANCUM-0217D3: A coin issued by Postumus","image_urls":["https://finds.org.uk/images/dboughton/BFMDZG0217D3.jpg"]},{"from":200,"to":202,"title":"WMID-792AB8: A coin issued by Geta","image_urls":["https://finds.org.uk/images/cjohnson/WMID-792AB8%20obv.jpg"]},{"from":200,"to":202,"title":"WAW-22F111: A coin issued by Geta","image_urls":["https://finds.org.uk/images/abolton/WAW-22F111.jpg"]},{"from":200,"to":202,"title":"NCL-A3DAF5: A coin issued by Geta","image_urls":["https://finds.org.uk/images/pwalton/A3DAF5.jpg"]},{"from":200,"to":201,"title":"DOR-8F7285: A coin issued by Septimius Severus","image_urls":["https://finds.org.uk/images/caht/8F7285.JPG"]},{"from":200,"to":202,"title":"HESH-8F8B95: A coin issued by Geta","image_urls":["https://finds.org.uk/images/preavill/HESH-8F8B95%20a.jpg"]},{"from":200,"to":202,"title":"SF-57A975: A coin issued by Geta","image_urls":["https://finds.org.uk/images/abrown/WMH_SF57A975.jpg"]},{"from":200,"to":202,"title":"WILT-867083: A coin issued by Geta","image_urls":["https://finds.org.uk/images/khinds/Bulley0908hoardcoin9.jpg"]},{"from":200,"to":200,"title":"LEIC-554281: A coin issued by Geta","image_urls":["https://finds.org.uk/images/wscott/554281.JPG"]},{"from":200,"to":202,"title":"FASAM-F8CC86: A coin issued by Geta","image_urls":["https://finds.org.uk/images/sam/ColinLovesdenariusofGetaasCaesar.jpg"]},{"from":200,"to":210,"title":"KENT-1FE2F4: A coin issued by Geta","image_urls":["https://finds.org.uk/images/jbryan/KENT1FE2F4.jpg"]},{"from":200,"to":270,"title":"NMS-1E59DA: A coin issued by Caracalla","image_urls":["https://finds.org.uk/images/amarsden/AMD102014castcaracalla.jpg"]},{"from":200,"to":201,"title":"NLM-A29A72: A coin issued by Septimius Severus","image_urls":["https://finds.org.uk/images/mforeman/NLM25279.jpg"]},{"from":200,"to":202,"title":"NCL-3DE880: A coin issued by Geta","image_urls":["https://finds.org.uk/images/pwalton/730.jpg"]},{"from":200,"to":200,"title":"NMS-A59F2A: A coin issued by Septimius Severus","image_urls":["https://finds.org.uk/images/amarsden/NMD092014severusdenarius.jpg"]},{"from":200,"to":201,"title":"WMID-E3AD04: A coin issued by Septimius Severus","image_urls":["https://finds.org.uk/images/tbrindle/wmid-e3ad04.jpg"]},{"from":200,"to":200,"title":"LIN-14B047: A coin issued by Geta","image_urls":["https://finds.org.uk/images/adaubney/LIN2011-67.jpg"]},{"from":200,"to":200,"title":"LEIC-6C4084: A coin issued by Septimius Severus","image_urls":["https://finds.org.uk/images/wscott/6C4084.JPG"]},{"from":200,"to":201,"title":"LANCUM-434072: A coin issued by Septimius Severus","image_urls":["https://finds.org.uk/images/dboughton/KDMDRH434072.jpg"]},{"from":200,"to":200,"title":"DENO-1CD963: A coin issued by Geta","image_urls":["https://finds.org.uk/images/arohde/coin%202%20nummus.jpg"]},{"from":200,"to":202,"title":"HESH-11B066: A coin issued by Geta","image_urls":["https://finds.org.uk/images/preavill/HESH-11B066.jpg"]},{"from":200,"to":201,"title":"NCL-7E1AB1: A coin issued by Septimius Severus","image_urls":["https://finds.org.uk/images/jswisko/IMG_2397.jpg"]},{"from":200,"to":202,"title":"NCL-967306: A coin issued by Geta","image_urls":["https://finds.org.uk/images/pwalton/NCL%20967306.jpg"]},{"from":200,"to":201,"title":"HAMP-A9F9A0: A coin issued by Septimius Severus","image_urls":["https://finds.org.uk/images/rwebley/HAMP-A9F9A0SeptimiusSeverusdenariuscopy.jpg"]},{"from":200,"to":202,"title":"DOR-FB8BF2: A coin issued by Geta","image_urls":["https://finds.org.uk/images/caht/FB8BF2.jpg"]},{"from":200,"to":202,"title":"SOM-595C84: A coin issued by Geta","image_urls":["https://finds.org.uk/images/npayne/595C84.JPG"]},{"from":200,"to":400,"title":"LANCUM-E58F62: A coin issued by Helena","image_urls":["https://finds.org.uk/images/lkeys/RWKKendalromancoin4ab.jpg"]},{"from":200,"to":202,"title":"WMID-059026: A coin issued by Geta","image_urls":["https://finds.org.uk/images/tgilmore/WMID-059026.jpg"]},{"from":200,"to":202,"title":"LEIC-030927: A coin issued by Geta","image_urls":["https://finds.org.uk/images/mf166/LEIC030927.jpg"]},{"from":200,"to":201,"title":"SOM-3E9976: A coin issued by Septimius Severus","image_urls":["https://finds.org.uk/images/elburnett/SOM-3E9976.JPG"]},{"from":200,"to":201,"title":"NCL-E84655: A coin issued by Septimius Severus","image_urls":["https://finds.org.uk/images/pwalton/761.jpg"]},{"from":200,"to":200,"title":"DOR-94F6AD: A coin issued by Caracalla","image_urls":["https://finds.org.uk/images/jshoemark2/078.jpg"]},{"from":200,"to":202,"title":"SUSS-15F6C4: A coin issued by Geta","image_urls":["https://finds.org.uk/images/lwalker/1-204w.jpg"]},{"from":200,"to":400,"title":"LANCUM-2D61D5: A coin issued by House of Constantine","image_urls":["https://finds.org.uk/images/dboughton/SRMDMRCoin2D61D5ab.jpg"]},{"from":200,"to":400,"title":"LANCUM-2FC8D5: A coin issued by Uncertain - 4th century","image_urls":["https://finds.org.uk/images/dboughton/SRMDMTCoin2FC8D5ab.jpg"]},{"from":200,"to":400,"title":"LANCUM-EDE812: A coin issued by Constantine I","image_urls":["https://finds.org.uk/images/lkeys/JOKMnofindspotromancoin1ab.jpg"]},{"from":200,"to":400,"title":"LANCUM-2CA585: A coin issued by Constans","image_urls":["https://finds.org.uk/images/dboughton/SRMDMTCoin2CA585ab.jpg"]},{"from":200,"to":202,"title":"DUR-B6E936: A coin issued by Geta","image_urls":["https://finds.org.uk/images/a8622912/DUR-B6E936.jpg"]},{"from":200,"to":400,"title":"LANCUM-E58785: A coin issued by Constantine II","image_urls":["https://finds.org.uk/images/lkeys/RWKKendalromancoin1ab.jpg"]},{"from":200,"to":200,"title":"WMID-C4DD31: A coin issued by Septimius Severus","image_urls":["https://finds.org.uk/images/pbloore/WMID-C4DD31.jpg"]},{"from":200,"to":202,"title":"DOR-94CCD7: A coin issued by Geta","image_urls":["https://finds.org.uk/images/jshoemark2/087a.jpg"]},{"from":200,"to":200,"title":"WILT-0AA948: A coin issued by Septimius Severus","image_urls":["https://finds.org.uk/images/rhenry2/WILT-0AA948.jpg"]},{"from":200,"to":250,"title":"FAPJW-5F78B4: A coin issued by Faustina the Elder","image_urls":["https://finds.org.uk/images/pwalton/7057.jpg"]},{"from":200,"to":202,"title":"BH-55BC75: A coin issued by Geta","image_urls":["https://finds.org.uk/images/jwatters/Roman%20coin%2007%20118%20-%2077.jpg"]},{"from":200,"to":202,"title":"NLM-2A4C16: A coin issued by Geta","image_urls":["https://finds.org.uk/images/mforeman/NLM25121.jpg"]},{"from":200,"to":200,"title":"LIN-CBA856: A coin issued by Julia Domna","image_urls":["https://finds.org.uk/images/adaubney/LIN7956.JPG"]},{"from":200,"to":202,"title":"SF-7AB9AD: A coin issued by Geta","image_urls":["https://finds.org.uk/images/gstewart/LDG_SF-7AB9AD.jpg"]},{"from":200,"to":202,"title":"DUR-A52EE4: A coin issued by Geta","image_urls":["https://finds.org.uk/images/frances/DUR-A52EE4.jpg"]},{"from":200,"to":202,"title":"WILT-864E11: A coin issued by Geta","image_urls":["https://finds.org.uk/images/khinds/Bulley0908hoardcoin8.jpg"]},{"from":200,"to":202,"title":"BERK-8453FA: A coin issued by Geta","image_urls":["https://finds.org.uk/images/abyard/2014543.jpg"]},{"from":200,"to":250,"title":"HAMP-8C3106: A coin issued by Uncertain - 1st-mid 3rd century","image_urls":["https://finds.org.uk/images/rwebley/HAMP-8C3106dupas.jpg"]},{"from":200,"to":202,"title":"WAW-3E61C4: A coin issued by Geta","image_urls":["https://finds.org.uk/images/eloisemarkwick/WAW-3E61C4.jpg"]},{"from":200,"to":202,"title":"LANCUM-0CDA07: A coin issued by Geta","image_urls":["https://finds.org.uk/images/snoon/LANCUM0CDA07.jpg"]},{"from":200,"to":260,"title":"SUSS-2458C8: A coin issued by Lucilla","image_urls":["https://finds.org.uk/images/saehoile/SUSS-2458C8LimesFalsumLusilla.jpg"]},{"from":200,"to":200,"title":"NLM-69AB36: A coin issued by Geta","image_urls":["https://finds.org.uk/images/mforeman/NLM20617.jpg"]},{"from":200,"to":202,"title":"HAMP-6542DE: A coin issued by Geta","image_urls":["https://finds.org.uk/images/jojocole/HAMP-6542DE.jpg"]},{"from":200,"to":202,"title":"NCL-DCF695: A coin issued by Geta","image_urls":["https://finds.org.uk/images/rcollins/NCL-DCF695.JPG"]},{"from":200,"to":201,"title":"NCL-AB7F53: A coin issued by Septimius Severus","image_urls":["https://finds.org.uk/images/pwalton/799.jpg"]},{"from":200,"to":202,"title":"BH-A551F6: A coin issued by Geta","image_urls":["https://finds.org.uk/images/jwatters/Roman_coin_12_110_4.jpg"]},{"from":200,"to":202,"title":"WILT-449612: A coin issued by Geta","image_urls":["https://finds.org.uk/images/rhenry2/WILT-449612.jpg"]},{"from":200,"to":201,"title":"LON-E96AD7: A coin issued by Septimius Severus","image_urls":["https://finds.org.uk/images/kcreed/Severus%20demarius.jpg"]},{"from":200,"to":202,"title":"GLO-2DCA53: A coin issued by Geta","image_urls":["https://finds.org.uk/images/kadams/GLO2DCA53.jpg"]},{"from":200,"to":201,"title":"NLM-3C5191: A coin issued by Septimius Severus","image_urls":["https://finds.org.uk/images/mforeman/NLM23386.jpg"]},{"from":200,"to":202,"title":"SF-87C88D: A coin issued by Geta","image_urls":["https://finds.org.uk/images/abrown/WMH_SF87C88D.jpg"]},{"from":200,"to":201,"title":"ESS-A61BA2: A coin issued by Septimius Severus","image_urls":["https://finds.org.uk/images/lmclean/ESS-A61BA2%20Denarius%20Septimus%20Severus.jpg"]},{"from":200,"to":250,"title":"NCL-F70632: A coin issued by Antoninus Pius","image_urls":["https://finds.org.uk/images/pwalton/5599.jpg"]},{"from":200,"to":200,"title":"LEIC-8EE382: A coin issued by Septimius Severus","image_urls":["https://finds.org.uk/images/wscott/8EE382.JPG"]},{"from":200,"to":201,"title":"WAW-049B21: A coin issued by Septimius Severus","image_urls":["https://finds.org.uk/images/abolton/WAW-049B21.jpg"]},{"from":200,"to":400,"title":"LANCUM-C51068: A coin issued by Constantine I","image_urls":["https://finds.org.uk/images/dboughton/PMDSNThurningRomanCoin1ab.jpg"]},{"from":200,"to":202,"title":"HESH-435CF3: A coin issued by Geta","image_urls":["https://finds.org.uk/images/preavill/HESH-435CF3.jpg"]},{"from":200,"to":200,"title":"FAPJW-63D575: A coin issued by Caracalla","image_urls":["https://finds.org.uk/images/pwalton/5303.jpg"]},{"from":200,"to":202,"title":"GLO-AD1454: A coin issued by Geta","image_urls":["https://finds.org.uk/images/sayers89/coin20.jpg"]},{"from":200,"to":300,"title":"DUR-D246D6: A coin issued by Antonine (uncertain)","image_urls":["https://finds.org.uk/images/emorris/John%20Crammond%20dupondius.jpg"]},{"from":200,"to":202,"title":"YORYM-339048: A coin issued by Geta","image_urls":["https://finds.org.uk/images/law/RoD0203.jpg"]},{"from":200,"to":202,"title":"SF-E44ED0: A coin issued by Geta","image_urls":["https://finds.org.uk/images/abrown/DAL_SF-E44ED0.jpg"]},{"from":200,"to":201,"title":"NCL-CA1767: A coin issued by Septimius Severus","image_urls":["https://finds.org.uk/images/pwalton/765.jpg"]},{"from":200,"to":200,"title":"LEIC-B18554: A coin issued by Septimius Severus","image_urls":["https://finds.org.uk/images/wscott/B18554.JPG"]},{"from":200,"to":201,"title":"WAW-367980: A coin issued by Septimius Severus","image_urls":["https://finds.org.uk/images/abolton/WAW367980.jpg"]},{"from":200,"to":202,"title":"IOW-96BCC3: A coin issued by Geta","image_urls":["https://finds.org.uk/images/fbasford/IOW2010-1-291.JPG"]},{"from":200,"to":202,"title":"YORYM-3A98E5: A coin issued by Geta","image_urls":["https://finds.org.uk/images/bmorris/WS0026.jpg"]},{"from":200,"to":200,"title":"BERK-4594E1: A coin issued by Septimius Severus","image_urls":["https://finds.org.uk/images/abyard/ESargent2010228.jpg"]},{"from":200,"to":201,"title":"SUR-5B5A04: A coin issued by Septimius Severus","image_urls":["https://finds.org.uk/images/dwilliams/B11-490.jpg"]},{"from":200,"to":200,"title":"BERK-AB46A2: A coin issued by Septimius Severus","image_urls":["https://finds.org.uk/images/abyard/2010623.jpg"]},{"from":200,"to":202,"title":"DEV-B6B7E8: A coin issued by Geta","image_urls":["https://finds.org.uk/images/dwootton/DEV-B6B7E8%20silver%20denarii%20-jpg.jpg"]},{"from":200,"to":400,"title":"LANCUM-2C72E2: A coin issued by Constantine II","image_urls":["https://finds.org.uk/images/dboughton/SRMDMTCoin2C72E2ab.jpg"]},{"from":200,"to":202,"title":"NMS-DAE84F: A coin issued by Geta","image_urls":["https://finds.org.uk/images/amarsden/AMD112014getaden.jpg"]},{"from":200,"to":400,"title":"LANCUM-2FF9F6: A coin issued by Constantine I","image_urls":["https://finds.org.uk/images/dboughton/SRMDMTCoin2FF9F6ab.jpg"]},{"from":200,"to":201,"title":"FAPJW-D080C3: A coin issued by Septimius Severus","image_urls":["https://finds.org.uk/images/pwalton/5013.jpg"]},{"from":200,"to":202,"title":"CAM-8EF838: A coin issued by Geta","image_urls":["https://finds.org.uk/images/smatthews/CAM-8EF838%20roman%20coin.jpg"]},{"from":200,"to":202,"title":"SWYOR-FB7617: A coin issued by Caracalla","image_urls":["https://finds.org.uk/images/wakefield/PAS_2028_denarius.jpg"]},{"from":200,"to":410,"title":"LANCUM-B1DB12: A coin issued by House of Constantine","image_urls":["https://finds.org.uk/images/dboughton/BFMDDHB1DB12.jpg"]},{"from":200,"to":202,"title":"NMS-2D12C0: A coin issued by Geta","image_urls":["https://finds.org.uk/images/amarsden/KLMD092012getadenarius.jpg"]},{"from":200,"to":202,"title":"SF-ABED52: A coin issued by Geta","image_urls":["https://finds.org.uk/images/abrown/LYM_SF-ABED52.jpg"]},{"from":200,"to":202,"title":"SF-4C6CE4: A coin issued by Geta","image_urls":["https://finds.org.uk/images/abrown/WSW_SF-4C6CE4.jpg"]},{"from":200,"to":400,"title":"LANCUM-E58A65: A coin issued by Aurelian","image_urls":["https://finds.org.uk/images/lkeys/RWKKendalromancoin2ab.jpg"]},{"from":200,"to":202,"title":"YORYM-1B1D91: A coin issued by Geta","image_urls":["https://finds.org.uk/images/law/IP0037.jpg"]},{"from":200,"to":250,"title":"BM-F90C88: A coin issued by Antoninus Pius","image_urls":["https://finds.org.uk/images/jasonlundock/5248a2.jpg"]},{"from":200,"to":260,"title":"NCL-074A47: A coin issued by Antoninus Pius","image_urls":["https://finds.org.uk/images/pwalton/1410.jpg"]},{"from":200,"to":202,"title":"WILT-868263: A coin issued by Geta","image_urls":["https://finds.org.uk/images/khinds/Bulley0908hoardcoin10.jpg"]},{"from":200,"to":201,"title":"IOW-38B953: A coin issued by Septimius Severus","image_urls":["https://finds.org.uk/images/fbasford/IOW2014-1-236.JPG"]},{"from":200,"to":201,"title":"BM-49E89A: A coin issued by Septimius Severus","image_urls":["https://finds.org.uk/images/vdrost/DSC02074.JPG"]},{"from":200,"to":202,"title":"IOW-F39661: A coin issued by Geta","image_urls":["https://finds.org.uk/images/fbasford/IOW2014-5-23.JPG"]},{"from":200,"to":202,"title":"YORYM-489813: A coin issued by Geta","image_urls":["https://finds.org.uk/images/bmorris/IP0048.jpg"]},{"from":200,"to":400,"title":"LANCUM-D6D475: A coin issued by House of Constantine","image_urls":["https://finds.org.uk/images/dboughton/BFMDCGSleafordCoin12ab.jpg"]},{"from":200,"to":202,"title":"RIC IV Geta 20A (denarius). 1944.100.51760","image_urls":["http://numismatics.org/collectionimages/19001949/1944/1944.100.51760.rev.width350.jpg"]},{"from":200,"to":201,"title":"Bronze Coin, Neoclaudiopolis, AD 200 - AD 201. 1970.142.262","image_urls":["http://numismatics.org/collectionimages/19501999/1970/1970.142.262.rev.width350.jpg"]},{"from":200,"to":201,"title":"RIC IV Septimius Severus 168A (denarius). 1991.9.37","image_urls":["http://numismatics.org/collectionimages/19501999/1991/1991.9.37.rev.width350.jpg"]},{"from":200,"to":300,"title":"Bronze Obol, Alexandreia, AD 200 - AD 300. 1944.100.61440","image_urls":["http://numismatics.org/collectionimages/19001949/1944/1944.100.61440.rev.width350.jpg"]},{"from":200,"to":202,"title":"RIC IV Geta 18. 1944.100.51757","image_urls":["http://numismatics.org/collectionimages/19001949/1944/1944.100.51757.rev.width350.jpg"]},{"from":200,"to":201,"title":"Silver Tetradrachm, Seleuceia ad Tigrim, AD 200 - AD 201. 1944.100.83495","image_urls":["http://numismatics.org/collectionimages/19001949/1944/1944.100.83495.rev.width350.jpg"]},{"from":200,"to":202,"title":"Silver Denarius of Septimius Severus, Rome, AD 200 - AD 202. 1948.19.1663","image_urls":["http://numismatics.org/collectionimages/19001949/1948/1948.19.1663.rev.width350.jpg"]},{"from":200,"to":202,"title":"RIC IV Geta 18. 1991.9.84","image_urls":["http://numismatics.org/collectionimages/19501999/1991/1991.9.84.rev.width350.jpg"]},{"from":200,"to":202,"title":"RIC IV Geta 15A. 1953.171.947","image_urls":["http://numismatics.org/collectionimages/19501999/1953/1953.171.947.rev.width350.jpg"]},{"from":200,"to":202,"title":"RIC IV Geta 6 (denarius). 1944.100.51742","image_urls":["http://numismatics.org/collectionimages/19001949/1944/1944.100.51742.rev.width350.jpg"]},{"from":200,"to":201,"title":"RIC IV Septimius Severus 167A (denarius). 1944.100.50185","image_urls":["http://numismatics.org/collectionimages/19001949/1944/1944.100.50185.rev.width350.jpg"]},{"from":200,"to":202,"title":"RIC IV Geta 20B (denarius). 1944.100.51763","image_urls":["http://numismatics.org/collectionimages/19001949/1944/1944.100.51763.rev.width350.jpg"]},{"from":200,"to":202,"title":"RIC IV Geta 23. 1950.84.5","image_urls":["http://numismatics.org/collectionimages/19501999/1950/1950.84.5.rev.width350.jpg"]},{"from":200,"to":202,"title":"RIC IV Geta 9A. 1987.26.205","image_urls":["http://numismatics.org/collectionimages/19501999/1987/1987.26.205.rev.width350.jpg"]},{"from":200,"to":202,"title":"RIC IV Geta 123 (as). 1951.188.5","image_urls":["http://numismatics.org/collectionimages/19501999/1951/1951.188.5.rev.width350.jpg"]},{"from":200,"to":202,"title":"RIC IV Geta 15B. 1944.100.51753","image_urls":["http://numismatics.org/collectionimages/19001949/1944/1944.100.51753.rev.width350.jpg"]},{"from":200,"to":202,"title":"RIC IV Geta 20B (denarius). 1935.117.584","image_urls":["http://numismatics.org/collectionimages/19001949/1935/1935.117.584.rev.width350.jpg"]},{"from":200,"to":202,"title":"RIC IV Geta 6 (denarius). 1948.19.1660","image_urls":["http://numismatics.org/collectionimages/19001949/1948/1948.19.1660.rev.width350.jpg"]},{"from":200,"to":201,"title":"RIC IV Caracalla 354. 1985.140.146","image_urls":["http://numismatics.org/collectionimages/19501999/1985/1985.140.146.rev.width350.jpg"]},{"from":200,"to":202,"title":"RIC IV Geta 18. 1980.109.363","image_urls":["http://numismatics.org/collectionimages/19501999/1980/1980.109.363.rev.width350.jpg"]},{"from":200,"to":202,"title":"Silver Denarius of Septimius Severus, Rome, AD 200 - AD 202. 1944.100.51751","image_urls":["http://numismatics.org/collectionimages/19001949/1944/1944.100.51751.rev.width350.jpg"]},{"from":200,"to":202,"title":"RIC IV Geta 9A. 1944.100.51745","image_urls":["http://numismatics.org/collectionimages/19001949/1944/1944.100.51745.rev.width350.jpg"]},{"from":200,"to":201,"title":"RIC IV Septimius Severus 171A (denarius). 1944.100.50188","image_urls":["http://numismatics.org/collectionimages/19001949/1944/1944.100.50188.rev.width350.jpg"]},{"from":200,"to":202,"title":"RIC IV Geta 117 (as). 1944.100.51817","image_urls":["http://numismatics.org/collectionimages/19001949/1944/1944.100.51817.rev.width350.jpg"]},{"from":200,"to":201,"title":"RIC IV Septimius Severus 167A (aureus). 1954.256.25","image_urls":["http://numismatics.org/collectionimages/19501999/1954/1954.256.25.rev.width350.jpg"]},{"from":200,"to":202,"title":"RIC IV Geta 6 (denarius). 1935.117.580","image_urls":["http://numismatics.org/collectionimages/19001949/1935/1935.117.580.rev.width350.jpg"]},{"from":200,"to":201,"title":"RIC IV Septimius Severus 171A (denarius). 1935.117.475","image_urls":["http://numismatics.org/collectionimages/19001949/1935/1935.117.475.rev.width350.jpg"]},{"from":200,"to":202,"title":"RIC IV Geta 20B (denarius). 1944.100.51762","image_urls":["http://numismatics.org/collectionimages/19001949/1944/1944.100.51762.rev.width350.jpg"]},{"from":200,"to":202,"title":"RIC IV Geta 18. 1948.19.1665","image_urls":["http://numismatics.org/collectionimages/19001949/1948/1948.19.1665.rev.width350.jpg"]},{"from":200,"to":202,"title":"RIC IV Geta 101. 1948.19.1686","image_urls":["http://numismatics.org/collectionimages/19001949/1948/1948.19.1686.rev.width350.jpg"]},{"from":200,"to":202,"title":"RIC IV Geta 18. 1944.100.51756","image_urls":["http://numismatics.org/collectionimages/19001949/1944/1944.100.51756.rev.width350.jpg"]},{"from":200,"to":202,"title":"RIC IV Geta 23. 1948.19.1671","image_urls":["http://numismatics.org/collectionimages/19001949/1948/1948.19.1671.rev.width350.jpg"]},{"from":200,"to":202,"title":"Silver Denarius, Rome, AD 200 - AD 202. 1995.1.26","image_urls":["http://numismatics.org/collectionimages/19501999/1995/1995.1.26.rev.width350.jpg"]},{"from":200,"to":202,"title":"RIC IV Geta 9A. 1944.100.51748","image_urls":["http://numismatics.org/collectionimages/19001949/1944/1944.100.51748.rev.width350.jpg"]},{"from":200,"to":201,"title":"RIC IV Septimius Severus 162. 1948.19.1445","image_urls":["http://numismatics.org/collectionimages/19001949/1948/1948.19.1445.rev.width350.jpg"]},{"from":200,"to":202,"title":"RIC IV Geta 9A. 1977.158.1271","image_urls":["http://numismatics.org/collectionimages/19501999/1977/1977.158.1271.rev.width350.jpg"]},{"from":200,"to":201,"title":"RIC IV Septimius Severus 167A (denarius). 1977.158.1265","image_urls":["http://numismatics.org/collectionimages/19501999/1977/1977.158.1265.rev.width350.jpg"]},{"from":200,"to":202,"title":"RIC IV Geta 15A. 1944.100.51754","image_urls":["http://numismatics.org/collectionimages/19001949/1944/1944.100.51754.rev.width350.jpg"]},{"from":200,"to":202,"title":"RIC IV Geta 123 (as). 1951.94.34","image_urls":["http://numismatics.org/collectionimages/19501999/1951/1951.94.34.rev.width350.jpg"]},{"from":200,"to":202,"title":"RIC IV Geta 15A. 1995.1.27","image_urls":["http://numismatics.org/collectionimages/19501999/1995/1995.1.27.rev.width350.jpg"]},{"from":200,"to":201,"title":"RIC IV Septimius Severus 166. 1948.19.1447","image_urls":["http://numismatics.org/collectionimages/19001949/1948/1948.19.1447.rev.width350.jpg"]},{"from":200,"to":202,"title":"RIC IV Geta 18. 1944.100.51759","image_urls":["http://numismatics.org/collectionimages/19001949/1944/1944.100.51759.rev.width350.jpg"]},{"from":200,"to":202,"title":"RIC IV Geta 20A (denarius). 1977.158.1276","image_urls":["http://numismatics.org/collectionimages/19501999/1977/1977.158.1276.rev.width350.jpg"]},{"from":200,"to":201,"title":"RIC IV Septimius Severus 161B. 1960.175.35","image_urls":["http://numismatics.org/collectionimages/19501999/1960/1960.175.35.rev.width350.jpg"]},{"from":200,"to":201,"title":"RIC IV Septimius Severus 163. 1944.100.50182","image_urls":["http://numismatics.org/collectionimages/19001949/1944/1944.100.50182.rev.width350.jpg"]},{"from":200,"to":202,"title":"RIC IV Geta 18. 1983.19.9","image_urls":["http://numismatics.org/collectionimages/19501999/1983/1983.19.9.rev.width350.jpg"]},{"from":200,"to":201,"title":"RIC IV Septimius Severus 160 (denarius). 1948.19.1444","image_urls":["http://numismatics.org/collectionimages/19001949/1948/1948.19.1444.rev.width350.jpg"]},{"from":200,"to":202,"title":"RIC IV Geta 23. 1985.140.169","image_urls":["http://numismatics.org/collectionimages/19501999/1985/1985.140.169.rev.width350.jpg"]},{"from":200,"to":202,"title":"RIC IV Geta 20B (denarius). 1957.172.1801","image_urls":["http://numismatics.org/collectionimages/19501999/1957/1957.172.1801.rev.width350.jpg"]},{"from":200,"to":202,"title":"RIC IV Geta 9B (denarius). 1944.100.51747","image_urls":["http://numismatics.org/collectionimages/19001949/1944/1944.100.51747.rev.width350.jpg"]},{"from":200,"to":201,"title":"RIC IV Caracalla 354. 1944.100.51587","image_urls":["http://numismatics.org/collectionimages/19001949/1944/1944.100.51587.rev.width350.jpg"]},{"from":200,"to":202,"title":"Silver Denarius of Septimius Severus, Rome, AD 200 - AD 202. 1987.26.206","image_urls":["http://numismatics.org/collectionimages/19501999/1987/1987.26.206.rev.width350.jpg"]},{"from":200,"to":201,"title":"RIC IV Septimius Severus 170. 1995.1.8","image_urls":["http://numismatics.org/collectionimages/19501999/1995/1995.1.8.rev.width350.jpg"]},{"from":200,"to":201,"title":"RIC IV Caracalla 350. 1935.117.570","image_urls":["http://numismatics.org/collectionimages/19001949/1935/1935.117.570.rev.width350.jpg"]},{"from":200,"to":202,"title":"Silver Denarius of Septimius Severus, Rome, AD 200 - AD 202. 1995.11.1469","image_urls":["http://numismatics.org/collectionimages/19501999/1995/1995.11.1469.rev.width350.jpg"]},{"from":200,"to":202,"title":"Silver Denarius of Septimius Severus, Rome, AD 200 - AD 202. 1944.100.51752","image_urls":["http://numismatics.org/collectionimages/19001949/1944/1944.100.51752.rev.width350.jpg"]},{"from":200,"to":202,"title":"RIC IV Geta 9A. 1948.19.1661","image_urls":["http://numismatics.org/collectionimages/19001949/1948/1948.19.1661.rev.width350.jpg"]},{"from":200,"to":202,"title":"RIC IV Geta 9A. 1944.100.51746","image_urls":["http://numismatics.org/collectionimages/19001949/1944/1944.100.51746.rev.width350.jpg"]},{"from":200,"to":202,"title":"RIC IV Geta 18. 1984.37.1","image_urls":["http://numismatics.org/collectionimages/19501999/1984/1984.37.1.rev.width350.jpg"]},{"from":200,"to":201,"title":"RIC IV Septimius Severus 156. 1944.100.50180","image_urls":["http://numismatics.org/collectionimages/19001949/1944/1944.100.50180.rev.width350.jpg"]},{"from":200,"to":202,"title":"RIC IV Geta 23. 1909.78.63","image_urls":["http://numismatics.org/collectionimages/19001949/1909/1909.78.63.rev.width350.jpg"]},{"from":200,"to":201,"title":"RIC IV Septimius Severus 171A (denarius). 1948.19.1455","image_urls":["http://numismatics.org/collectionimages/19001949/1948/1948.19.1455.rev.width350.jpg"]},{"from":200,"to":201,"title":"RIC IV Septimius Severus 170. 1944.100.50187","image_urls":["http://numismatics.org/collectionimages/19001949/1944/1944.100.50187.rev.width350.jpg"]},{"from":200,"to":202,"title":"RIC IV Geta 18. 1995.1.29","image_urls":["http://numismatics.org/collectionimages/19501999/1995/1995.1.29.rev.width350.jpg"]},{"from":200,"to":201,"title":"RIC IV Septimius Severus 167A (denarius). 1948.19.1449","image_urls":["http://numismatics.org/collectionimages/19001949/1948/1948.19.1449.rev.width350.jpg"]},{"from":200,"to":201,"title":"RIC IV Septimius Severus 167A (denarius). 1995.11.1503","image_urls":["http://numismatics.org/collectionimages/19501999/1995/1995.11.1503.rev.width350.jpg"]},{"from":200,"to":201,"title":"RIC IV Septimius Severus 160 (denarius). 1991.9.35","image_urls":["http://numismatics.org/collectionimages/19501999/1991/1991.9.35.rev.width350.jpg"]},{"from":200,"to":202,"title":"RIC IV Geta 18. 1957.172.1800","image_urls":["http://numismatics.org/collectionimages/19501999/1957/1957.172.1800.rev.width350.jpg"]},{"from":200,"to":201,"title":"RIC IV Septimius Severus 160 (denarius). 1935.117.472","image_urls":["http://numismatics.org/collectionimages/19001949/1935/1935.117.472.rev.width350.jpg"]},{"from":200,"to":202,"title":"Silver Denarius of Septimius Severus, Rome, AD 200 - AD 202. 1948.19.1662","image_urls":["http://numismatics.org/collectionimages/19001949/1948/1948.19.1662.rev.width350.jpg"]},{"from":200,"to":201,"title":"RIC IV Septimius Severus 160 (denarius). 1944.100.50181","image_urls":["http://numismatics.org/collectionimages/19001949/1944/1944.100.50181.rev.width350.jpg"]},{"from":200,"to":202,"title":"RIC IV Geta 20B (denarius). 1978.64.462","image_urls":["http://numismatics.org/collectionimages/19501999/1978/1978.64.462.rev.width350.jpg"]},{"from":200,"to":201,"title":"RIC IV Septimius Severus 166. 1944.100.50184","image_urls":["http://numismatics.org/collectionimages/19001949/1944/1944.100.50184.rev.width350.jpg"]},{"from":200,"to":202,"title":"RIC IV Geta 18. 1935.117.583","image_urls":["http://numismatics.org/collectionimages/19001949/1935/1935.117.583.rev.width350.jpg"]},{"from":200,"to":202,"title":"RIC IV Geta 20B (denarius). 1948.19.1668","image_urls":["http://numismatics.org/collectionimages/19001949/1948/1948.19.1668.rev.width350.jpg"]},{"from":200,"to":202,"title":"Silver Denarius of Septimius Severus, Rome, AD 200 - AD 202. 1980.109.362","image_urls":["http://numismatics.org/collectionimages/19501999/1980/1980.109.362.rev.width350.jpg"]},{"from":200,"to":201,"title":"RIC IV Septimius Severus 167A (denarius). 1948.19.1452","image_urls":["http://numismatics.org/collectionimages/19001949/1948/1948.19.1452.rev.width350.jpg"]},{"from":200,"to":201,"title":"RIC IV Septimius Severus 166. 1948.19.1446","image_urls":["http://numismatics.org/collectionimages/19001949/1948/1948.19.1446.rev.width350.jpg"]},{"from":200,"to":202,"title":"Silver Denarius, Rome, AD 200 - AD 202. 1906.236.508","image_urls":["http://numismatics.org/collectionimages/19001949/1906/1906.236.508.rev.width350.jpg"]},{"from":200,"to":201,"title":"RIC IV Caracalla 348. 1944.100.51584","image_urls":["http://numismatics.org/collectionimages/19001949/1944/1944.100.51584.rev.width350.jpg"]},{"from":200,"to":201,"title":"RIC IV Septimius Severus 156. 1986.161.116","image_urls":["http://numismatics.org/collectionimages/19501999/1986/1986.161.116.rev.width350.jpg"]},{"from":200,"to":201,"title":"RIC IV Septimius Severus 160 (denarius). 1995.1.5","image_urls":["http://numismatics.org/collectionimages/19501999/1995/1995.1.5.rev.width350.jpg"]},{"from":200,"to":202,"title":"RIC IV Geta 8. 1944.100.51744","image_urls":["http://numismatics.org/collectionimages/19001949/1944/1944.100.51744.rev.width350.jpg"]},{"from":200,"to":201,"title":"RIC IV Caracalla 354. 1948.19.1629","image_urls":["http://numismatics.org/collectionimages/19001949/1948/1948.19.1629.rev.width350.jpg"]},{"from":200,"to":202,"title":"RIC IV Geta 18. 1991.9.83","image_urls":["http://numismatics.org/collectionimages/19501999/1991/1991.9.83.rev.width350.jpg"]},{"from":200,"to":201,"title":"RIC IV Septimius Severus 168A (denarius). 1948.19.1453","image_urls":["http://numismatics.org/collectionimages/19001949/1948/1948.19.1453.rev.width350.jpg"]},{"from":200,"to":201,"title":"RIC IV Septimius Severus 155A. 1944.100.50179","image_urls":["http://numismatics.org/collectionimages/19001949/1944/1944.100.50179.rev.width350.jpg"]},{"from":200,"to":202,"title":"RIC IV Geta 18. 1948.19.1666","image_urls":["http://numismatics.org/collectionimages/19001949/1948/1948.19.1666.rev.width350.jpg"]},{"from":200,"to":201,"title":"RIC IV Caracalla 350. 1944.100.51585","image_urls":["http://numismatics.org/collectionimages/19001949/1944/1944.100.51585.rev.width350.jpg"]},{"from":200,"to":202,"title":"RIC IV Geta 99. 1995.1.33","image_urls":["http://numismatics.org/collectionimages/19501999/1995/1995.1.33.rev.width350.jpg"]},{"from":200,"to":201,"title":"RIC IV Septimius Severus 170. 1986.161.117","image_urls":["http://numismatics.org/collectionimages/19501999/1986/1986.161.117.rev.width350.jpg"]},{"from":200,"to":201,"title":"RIC IV Caracalla 354. 1944.100.51588","image_urls":["http://numismatics.org/collectionimages/19001949/1944/1944.100.51588.rev.width350.jpg"]},{"from":200,"to":202,"title":"Silver Denarius of Septimius Severus, Rome, AD 200 - AD 202. 1944.100.51750","image_urls":["http://numismatics.org/collectionimages/19001949/1944/1944.100.51750.rev.width350.jpg"]},{"from":200,"to":202,"title":"RIC IV Geta 20B (aureus). 1955.191.31","image_urls":["http://numismatics.org/collectionimages/19501999/1955/1955.191.31.rev.width350.jpg"]},{"from":200,"to":202,"title":"RIC IV Geta 24 (denarius). 1944.100.51765","image_urls":["http://numismatics.org/collectionimages/19001949/1944/1944.100.51765.rev.width350.jpg"]},{"from":200,"to":202,"title":"RIC IV Geta 20B (denarius). 1944.100.51761","image_urls":["http://numismatics.org/collectionimages/19001949/1944/1944.100.51761.rev.width350.jpg"]},{"from":200,"to":202,"title":"RIC IV Geta 15A. 1944.100.51755","image_urls":["http://numismatics.org/collectionimages/19001949/1944/1944.100.51755.rev.width350.jpg"]},{"from":200,"to":202,"title":"RIC IV Geta 6 (denarius). 1944.100.51743","image_urls":["http://numismatics.org/collectionimages/19001949/1944/1944.100.51743.rev.width350.jpg"]},{"from":200,"to":202,"title":"Silver Denarius of Septimius Severus, Rome, AD 200 - AD 202. 1935.117.582","image_urls":["http://numismatics.org/collectionimages/19001949/1935/1935.117.582.rev.width350.jpg"]},{"from":200,"to":202,"title":"RIC IV Geta 23. 1944.100.51764","image_urls":["http://numismatics.org/collectionimages/19001949/1944/1944.100.51764.rev.width350.jpg"]},{"from":200,"to":202,"title":"RIC IV Geta 18. 1944.100.51758","image_urls":["http://numismatics.org/collectionimages/19001949/1944/1944.100.51758.rev.width350.jpg"]},{"from":200,"to":202,"title":"RIC IV Geta 18. 1995.1.28","image_urls":["http://numismatics.org/collectionimages/19501999/1995/1995.1.28.rev.width350.jpg"]},{"from":200,"to":202,"title":"RIC IV Geta 9A. 1980.109.361","image_urls":["http://numismatics.org/collectionimages/19501999/1980/1980.109.361.rev.width350.jpg"]},{"from":200,"to":201,"title":"RIC IV Septimius Severus 167A (denarius). 1980.109.355","image_urls":["http://numismatics.org/collectionimages/19501999/1980/1980.109.355.rev.width350.jpg"]},{"from":200,"to":202,"title":"RIC IV Geta 20A (denarius). 1948.19.1667","image_urls":["http://numismatics.org/collectionimages/19001949/1948/1948.19.1667.rev.width350.jpg"]},{"from":200,"to":201,"title":"RIC IV Septimius Severus 167A (denarius). 1935.117.474","image_urls":["http://numismatics.org/collectionimages/19001949/1935/1935.117.474.rev.width350.jpg"]},{"from":200,"to":201,"title":"RIC IV Septimius Severus 167A (denarius). 1948.19.1451","image_urls":["http://numismatics.org/collectionimages/19001949/1948/1948.19.1451.rev.width350.jpg"]},{"from":200,"to":202,"title":"RIC IV Geta 23. 1948.19.1670","image_urls":["http://numismatics.org/collectionimages/19001949/1948/1948.19.1670.rev.width350.jpg"]},{"from":200,"to":202,"title":"RIC IV Geta 18. 1948.19.1664","image_urls":["http://numismatics.org/collectionimages/19001949/1948/1948.19.1664.rev.width350.jpg"]},{"from":200,"to":201,"title":"RIC IV Septimius Severus 166. 1944.100.50183","image_urls":["http://numismatics.org/collectionimages/19001949/1944/1944.100.50183.rev.width350.jpg"]},{"from":200,"to":201,"title":"RIC IV Septimius Severus 167A (denarius). 1944.100.50186","image_urls":["http://numismatics.org/collectionimages/19001949/1944/1944.100.50186.rev.width350.jpg"]},{"from":200,"to":201,"title":"RIC IV Septimius Severus 166. 1948.19.1448","image_urls":["http://numismatics.org/collectionimages/19001949/1948/1948.19.1448.rev.width350.jpg"]},{"from":200,"to":201,"title":"RIC IV Septimius Severus 171A (denarius). 1948.19.1457","image_urls":["http://numismatics.org/collectionimages/19001949/1948/1948.19.1457.rev.width350.jpg"]},{"from":200,"to":202,"title":"RIC IV Geta 18. 1911.23.364","image_urls":["http://numismatics.org/collectionimages/19001949/1911/1911.23.364.rev.width350.jpg"]},{"from":200,"to":202,"title":"RIC IV Geta 8. 1991.9.82","image_urls":["http://numismatics.org/collectionimages/19501999/1991/1991.9.82.rev.width350.jpg"]},{"from":200,"to":201,"title":"RIC IV Septimius Severus 167A (denarius). 1997.10.8","image_urls":["http://numismatics.org/collectionimages/19501999/1997/1997.10.8.rev.width350.jpg"]},{"from":200,"to":202,"title":"RIC IV Geta 20A (denarius). 1987.26.208","image_urls":["http://numismatics.org/collectionimages/19501999/1987/1987.26.208.rev.width350.jpg"]},{"from":200,"to":202,"title":"Silver Denarius of Septimius Severus, Rome, AD 200 - AD 202. 1905.57.556","image_urls":["http://numismatics.org/collectionimages/19001949/1905/1905.57.556.rev.width350.jpg"]},{"from":200,"to":202,"title":"RIC IV Geta 101. 1944.100.51812","image_urls":["http://numismatics.org/collectionimages/19001949/1944/1944.100.51812.rev.width350.jpg"]},{"from":200,"to":202,"title":"Silver Denarius, Rome, AD 200 - AD 202. 1944.100.51749","image_urls":["http://numismatics.org/collectionimages/19001949/1944/1944.100.51749.rev.width350.jpg"]},{"from":200,"to":201,"title":"RIC IV Caracalla 351A. 1985.140.162","image_urls":["http://numismatics.org/collectionimages/19501999/1985/1985.140.162.rev.width350.jpg"]},{"from":200,"to":201,"title":"RIC IV Caracalla 351A. 1944.100.51586","image_urls":["http://numismatics.org/collectionimages/19001949/1944/1944.100.51586.rev.width350.jpg"]},{"from":200,"to":201,"title":"RIC IV Septimius Severus 167A (denarius). 1995.11.1502","image_urls":["http://numismatics.org/collectionimages/19501999/1995/1995.11.1502.rev.width350.jpg"]},{"from":200,"to":202,"title":"RIC IV Geta 9A. 1935.117.581","image_urls":["http://numismatics.org/collectionimages/19001949/1935/1935.117.581.rev.width350.jpg"]},{"from":200,"to":201,"title":"RIC IV Septimius Severus 171A (denarius). 1995.11.1504","image_urls":["http://numismatics.org/collectionimages/19501999/1995/1995.11.1504.rev.width350.jpg"]},{"from":200,"to":202,"title":"RIC IV Geta 20B (denarius). 1948.19.1669","image_urls":["http://numismatics.org/collectionimages/19001949/1948/1948.19.1669.rev.width350.jpg"]},{"from":200,"to":201,"title":"RIC IV Septimius Severus 171A (denarius). 1974.26.1591","image_urls":["http://numismatics.org/collectionimages/19501999/1974/1974.26.1591.rev.width350.jpg"]},{"from":200,"to":201,"title":"RIC IV Septimius Severus 171A (denarius). 1948.19.1456","image_urls":["http://numismatics.org/collectionimages/19001949/1948/1948.19.1456.rev.width350.jpg"]},{"from":200,"to":201,"title":"RIC IV Septimius Severus 160 (denarius). 1995.1.6","image_urls":["http://numismatics.org/collectionimages/19501999/1995/1995.1.6.rev.width350.jpg"]},{"from":200,"to":202,"title":"Silver Denarius of Septimius Severus, Rome, AD 200 - AD 202. 1935.117.745","image_urls":["http://numismatics.org/collectionimages/19001949/1935/1935.117.745.rev.width350.jpg"]},{"from":200,"to":202,"title":"RIC IV Geta 21. 1967.153.173","image_urls":["http://numismatics.org/collectionimages/19501999/1967/1967.153.173.rev.width350.jpg"]},{"from":200,"to":202,"title":"RIC IV Geta 101. 1991.9.86","image_urls":["http://numismatics.org/collectionimages/19501999/1991/1991.9.86.rev.width350.jpg"]},{"from":200,"to":201,"title":"RIC IV Septimius Severus 167A (denarius). 1948.19.1450","image_urls":["http://numismatics.org/collectionimages/19001949/1948/1948.19.1450.rev.width350.jpg"]},{"from":200,"to":202,"title":"Silver Denarius of Septimius Severus, Rome, AD 200 - AD 202. 1980.109.366","image_urls":["http://numismatics.org/collectionimages/19501999/1980/1980.109.366.rev.width350.jpg"]},{"from":200,"to":202,"title":"RIC IV Geta 101. 1944.100.51811","image_urls":["http://numismatics.org/collectionimages/19001949/1944/1944.100.51811.rev.width350.jpg"]},{"from":200,"to":201,"title":"RIC IV Septimius Severus 166. 1935.117.473","image_urls":["http://numismatics.org/collectionimages/19001949/1935/1935.117.473.rev.width350.jpg"]},{"from":200,"to":202,"title":"RIC IV Geta 16A. 1980.109.174","image_urls":["http://numismatics.org/collectionimages/19501999/1980/1980.109.174.rev.width350.jpg"]},{"from":200,"to":201,"title":"RIC IV Septimius Severus 170. 1948.19.1454","image_urls":["http://numismatics.org/collectionimages/19001949/1948/1948.19.1454.rev.width350.jpg"]}]