[{"from":201,"to":206,"title":"NCL-72BE97: A coin issued by Caracalla","image_urls":["https://finds.org.uk/images/pwalton/1125.jpg"]},{"from":201,"to":201,"title":"LIN-48C8A7: A coin issued by Caracalla","image_urls":["https://finds.org.uk/images/adaubney/LIN2014_159.jpg"]},{"from":201,"to":206,"title":"YORYM-BD9EA2: A coin issued by Caracalla","image_urls":["https://finds.org.uk/images/law/KSB0180.jpg"]},{"from":201,"to":206,"title":"NCL-2B0062: A coin issued by Caracalla","image_urls":["https://finds.org.uk/images/pwalton/823.jpg"]},{"from":201,"to":206,"title":"LON-989995: A coin issued by Caracalla","image_urls":["https://finds.org.uk/images/ksumnall/Chivington%20-%20Roman%20denarius%20-%20Nov%2011.jpg"]},{"from":201,"to":201,"title":"HESH-533566: A coin issued by Caracalla","image_urls":["https://finds.org.uk/images/preavill/HESH-533566.jpg"]},{"from":201,"to":210,"title":"NARC-6FCDD6: A coin issued by Septimius Severus","image_urls":["https://finds.org.uk/images/tbrindle/Wall%20denarius%202%20views.jpg"]},{"from":201,"to":201,"title":"LIN-469F95: A coin with an unrecorded/uncertain issuer.","image_urls":["https://finds.org.uk/images/adaubney/LIN2014-274.jpg"]},{"from":201,"to":201,"title":"SUR-28D7F1: A coin issued by Septimius Severus","image_urls":["https://finds.org.uk/images/dwilliams/07.150.JPG"]},{"from":201,"to":201,"title":"NCL-7422E5: A coin issued by Septimius Severus","image_urls":["https://finds.org.uk/images/pwalton/687.jpg"]},{"from":201,"to":206,"title":"DUR-5E5C65: A coin issued by Caracalla","image_urls":["https://finds.org.uk/images/frances/DUR-5E5C65.jpg"]},{"from":201,"to":206,"title":"YORYM-806544: A coin issued by Caracalla","image_urls":["https://finds.org.uk/images/bmorris/MGY0005.jpg"]},{"from":201,"to":206,"title":"LIN-69D177: A coin issued by Septimius Severus","image_urls":["https://finds.org.uk/images/adaubney/LIN2011-112.jpg"]},{"from":201,"to":206,"title":"WMID-A9D767: A coin issued by Caracalla","image_urls":["https://finds.org.uk/images/riccardo/WMID-A9D767.jpg"]},{"from":201,"to":210,"title":"LANCUM-7264E1: A coin issued by Septimius Severus","image_urls":["https://finds.org.uk/images/dboughton/SRMDMR7264E1.jpg"]},{"from":201,"to":202,"title":"SUR-1E19C8: A coin issued by Septimius Severus","image_urls":["https://finds.org.uk/images/margaretb/14-1294.JPG"]},{"from":201,"to":201,"title":"PUBLIC-E42C72: A coin issued by Caracalla","image_urls":["https://finds.org.uk/images/calow1/FLE13.436.JPG"]},{"from":201,"to":210,"title":"LANCUM-532640: A coin issued by Caracalla","image_urls":["https://finds.org.uk/images/dboughton/KDMD532640.jpg"]},{"from":201,"to":201,"title":"SWYOR-C21A4D: A coin issued by Septimius Severus","image_urls":["https://finds.org.uk/images/acooper/PAS_581_coin.jpg"]},{"from":201,"to":206,"title":"BUC-4DC2E4: A coin issued by Caracalla","image_urls":["https://finds.org.uk/images/jmoss/TC77.jpg"]},{"from":201,"to":206,"title":"FAPJW-6116B1: A coin issued by Caracalla","image_urls":["https://finds.org.uk/images/pwalton/7020.jpg"]},{"from":201,"to":206,"title":"FASAM-2369C1: A coin issued by Caracalla","image_urls":["https://finds.org.uk/images/sam/454.jpg"]},{"from":201,"to":201,"title":"LEIC-264254: A coin issued by Septimius Severus","image_urls":["https://finds.org.uk/images/wscott/264254.JPG"]},{"from":201,"to":201,"title":"NCL-9AF0D4: A coin issued by Septimius Severus","image_urls":["https://finds.org.uk/images/pwalton/NCL9af0d4.jpg"]},{"from":201,"to":201,"title":"NARC-210B71: A coin issued by Julia Domna","image_urls":["https://finds.org.uk/images/sashby/NARC-210B71%20coin.JPG"]},{"from":201,"to":206,"title":"HAMP-9FF701: A coin issued by Caracalla","image_urls":["https://finds.org.uk/images/rwebley/HAMP-9FF701Caracalladenarius.jpg"]},{"from":201,"to":206,"title":"NCL-6912B6: A coin issued by Caracalla","image_urls":["https://finds.org.uk/images/rcollins/NCL6912B6.jpg"]},{"from":201,"to":206,"title":"NCL-3B1215: A coin issued by Caracalla","image_urls":["https://finds.org.uk/images/pwalton/708.jpg"]},{"from":201,"to":206,"title":"SUSS-681C50: A coin issued by Caracalla","image_urls":["https://finds.org.uk/images/04bowmant/MARTIN%20POLLARD%207.jpg"]},{"from":201,"to":201,"title":"WILT-8606E4: A coin issued by Caracalla","image_urls":["https://finds.org.uk/images/khinds/Bulley0908hoardcoin5.jpg"]},{"from":201,"to":201,"title":"SUR-145B55: A coin issued by Julia Domna","image_urls":["https://finds.org.uk/images/dwilliams/07.143.JPG"]},{"from":201,"to":201,"title":"LEIC-89EC71: A coin issued by Septimius Severus","image_urls":["https://finds.org.uk/images/wscott/89EC71.JPG"]},{"from":201,"to":210,"title":"SF-E70943: A coin issued by Caracalla","image_urls":["https://finds.org.uk/images/abrown/SUT_SF-E70943.jpg"]},{"from":201,"to":206,"title":"HAMP-DE1E62: A coin issued by Caracalla","image_urls":["https://finds.org.uk/images/rwebley/HAMP-DE1E62Caracalladenarius.jpg"]},{"from":201,"to":201,"title":"YORYM-DA4A11: A coin issued by Septimius Severus","image_urls":["https://finds.org.uk/images/law/RM0025.jpg"]},{"from":201,"to":201,"title":"LVPL-604E95: A coin issued by Caracalla","image_urls":["https://finds.org.uk/images/fmcintosh/LVPL-604E95%20-%20gooch%20plated%20denarius.jpg"]},{"from":201,"to":212,"title":"SF-4A9BE9: A coin issued by Caracalla","image_urls":["https://finds.org.uk/images/abrown/WMH_SF-4A9BE9.jpg"]},{"from":201,"to":201,"title":"LIN-87CEE7: A coin issued by Septimius Severus","image_urls":["https://finds.org.uk/images/adaubney/LIN2011-304.jpg"]},{"from":201,"to":201,"title":"WMID-0B7834: A coin issued by Septimius Severus","image_urls":["https://finds.org.uk/images/tgilmore/wmid-0b7834.jpg"]},{"from":201,"to":206,"title":"SUR-A927B1: A coin issued by Caracalla","image_urls":["https://finds.org.uk/images/margaretb/13-1444.JPG"]},{"from":201,"to":201,"title":"YORYM-8FE1F5: A coin issued by Septimius Severus","image_urls":["https://finds.org.uk/images/law/JH0079.jpg"]},{"from":201,"to":206,"title":"BM-758676: A coin issued by Caracalla","image_urls":["https://finds.org.uk/images/jasonlundock/900a.jpg"]},{"from":201,"to":206,"title":"SOM-934174: A coin issued by Caracalla","image_urls":["https://finds.org.uk/images/elburnett/SOM-934174.JPG"]},{"from":201,"to":201,"title":"LIN-1B19F2: A coin issued by Caracalla","image_urls":["https://finds.org.uk/images/adaubney/LIN6473.JPG"]},{"from":201,"to":201,"title":"DUR-F7EE47: A coin issued by Caracalla","image_urls":["https://finds.org.uk/images/frances/Fowler%2020%20DUR-F7EE47.jpg"]},{"from":201,"to":201,"title":"SUR-60DCB2: A coin issued by Septimius Severus","image_urls":["https://finds.org.uk/images/dwilliams/B14-74.JPG"]},{"from":201,"to":206,"title":"NCL-7C53D5: A coin issued by Caracalla","image_urls":["https://finds.org.uk/images/pwalton/652.jpg"]},{"from":201,"to":206,"title":"YORYM-D129D5: A coin issued by Caracalla","image_urls":["https://finds.org.uk/images/bmorris/PRY0129.jpg"]},{"from":201,"to":201,"title":"NARC-07B5EA: A coin issued by Septimius Severus","image_urls":["https://finds.org.uk/images/jcassidy/coins%20010.JPG"]},{"from":201,"to":206,"title":"BM-EF4D27: A coin issued by Caracalla","image_urls":["https://finds.org.uk/images/jasonlundock/5267.jpg"]},{"from":201,"to":201,"title":"SWYOR-3675F0: A coin issued by Caracalla","image_urls":["https://finds.org.uk/images/acooper/PAS_1818_denarius.jpg"]},{"from":201,"to":206,"title":"BH-2926C7: A coin issued by Caracalla","image_urls":["https://finds.org.uk/images/jwatters/Roman%20coin%2009%2051%20-%2029.jpg"]},{"from":201,"to":201,"title":"NCL-CFBF88: A coin issued by Septimius Severus","image_urls":["https://finds.org.uk/images/rcollins/NCL-CFBF88.JPG"]},{"from":201,"to":209,"title":"CAM-8E0E63: A coin issued by Geta","image_urls":["https://finds.org.uk/images/egill/cam-8e0e63.jpg"]},{"from":201,"to":201,"title":"LEIC-0647F3: A coin issued by Caracalla","image_urls":["https://finds.org.uk/images/wscott/0647F3.JPG"]},{"from":201,"to":210,"title":"RIC IV Caracalla 144B. 1905.57.514","image_urls":["http://numismatics.org/collectionimages/19001949/1905/1905.57.514.rev.width350.jpg"]},{"from":201,"to":210,"title":"RIC IV Caracalla 144A. 1944.100.51415","image_urls":["http://numismatics.org/collectionimages/19001949/1944/1944.100.51415.rev.width350.jpg"]},{"from":201,"to":210,"title":"RIC IV Caracalla 120. 1985.140.149","image_urls":["http://numismatics.org/collectionimages/19501999/1985/1985.140.149.rev.width350.jpg"]},{"from":201,"to":210,"title":"RIC IV Caracalla 145. 1991.9.60","image_urls":["http://numismatics.org/collectionimages/19501999/1991/1991.9.60.rev.width350.jpg"]},{"from":201,"to":210,"title":"RIC IV Caracalla 127. 1948.19.1555","image_urls":["http://numismatics.org/collectionimages/19001949/1948/1948.19.1555.rev.width350.jpg"]},{"from":201,"to":210,"title":"RIC IV Caracalla 144B. 1944.100.51417","image_urls":["http://numismatics.org/collectionimages/19001949/1944/1944.100.51417.rev.width350.jpg"]},{"from":201,"to":210,"title":"RIC IV Caracalla 130A (denarius). 1935.117.519","image_urls":["http://numismatics.org/collectionimages/19001949/1935/1935.117.519.rev.width350.jpg"]},{"from":201,"to":210,"title":"RIC IV Caracalla 120. 1948.19.1552","image_urls":["http://numismatics.org/collectionimages/19001949/1948/1948.19.1552.rev.width350.jpg"]},{"from":201,"to":210,"title":"RIC IV Caracalla 121. 1944.100.51403","image_urls":["http://numismatics.org/collectionimages/19001949/1944/1944.100.51403.rev.width350.jpg"]},{"from":201,"to":210,"title":"RIC IV Caracalla 149a. 1944.100.51418","image_urls":["http://numismatics.org/collectionimages/19001949/1944/1944.100.51418.rev.width350.jpg"]},{"from":201,"to":210,"title":"RIC IV Caracalla 130A (denarius). 1995.1.15","image_urls":["http://numismatics.org/collectionimages/19501999/1995/1995.1.15.rev.width350.jpg"]},{"from":201,"to":210,"title":"RIC IV Caracalla 130A (denarius). 1944.100.51409","image_urls":["http://numismatics.org/collectionimages/19001949/1944/1944.100.51409.rev.width350.jpg"]},{"from":201,"to":210,"title":"RIC IV Caracalla 150. 1957.172.1786","image_urls":["http://numismatics.org/collectionimages/19501999/1957/1957.172.1786.rev.width350.jpg"]},{"from":201,"to":210,"title":"RIC IV Caracalla 120. 1941.131.887","image_urls":["http://numismatics.org/collectionimages/19001949/1941/1941.131.887.rev.width350.jpg"]},{"from":201,"to":210,"title":"RIC IV Caracalla 135. 1935.117.520","image_urls":["http://numismatics.org/collectionimages/19001949/1935/1935.117.520.rev.width350.jpg"]},{"from":201,"to":210,"title":"RIC IV Caracalla 127. 1995.11.1451","image_urls":["http://numismatics.org/collectionimages/19501999/1995/1995.11.1451.rev.width350.jpg"]},{"from":201,"to":210,"title":"Bronze Denarius, Rome, AD 201 - AD 210. 1946.7.33","image_urls":["http://numismatics.org/collectionimages/19001949/1946/1946.7.33.rev.width350.jpg"]},{"from":201,"to":210,"title":"RIC IV Caracalla 127. 1957.172.1784","image_urls":["http://numismatics.org/collectionimages/19501999/1957/1957.172.1784.rev.width350.jpg"]},{"from":201,"to":210,"title":"RIC IV Caracalla 150. 1905.57.515","image_urls":["http://numismatics.org/collectionimages/19001949/1905/1905.57.515.rev.width350.jpg"]},{"from":201,"to":210,"title":"RIC IV Caracalla 149a. 1948.19.1562","image_urls":["http://numismatics.org/collectionimages/19001949/1948/1948.19.1562.rev.width350.jpg"]},{"from":201,"to":210,"title":"RIC IV Caracalla 130A (denarius). 1978.64.459","image_urls":["http://numismatics.org/collectionimages/19501999/1978/1978.64.459.rev.width350.jpg"]},{"from":201,"to":210,"title":"RIC IV Caracalla 135. 1944.100.51411","image_urls":["http://numismatics.org/collectionimages/19001949/1944/1944.100.51411.rev.width350.jpg"]},{"from":201,"to":210,"title":"RIC IV Caracalla 124A. 1948.19.1554","image_urls":["http://numismatics.org/collectionimages/19001949/1948/1948.19.1554.rev.width350.jpg"]},{"from":201,"to":210,"title":"RIC IV Caracalla 144B. 1944.100.51416","image_urls":["http://numismatics.org/collectionimages/19001949/1944/1944.100.51416.rev.width350.jpg"]},{"from":201,"to":210,"title":"RIC IV Caracalla 144B. 1957.172.1785","image_urls":["http://numismatics.org/collectionimages/19501999/1957/1957.172.1785.rev.width350.jpg"]},{"from":201,"to":210,"title":"RIC IV Caracalla 150. 1935.117.523","image_urls":["http://numismatics.org/collectionimages/19001949/1935/1935.117.523.rev.width350.jpg"]},{"from":201,"to":210,"title":"RIC IV Caracalla 150. 1948.19.1563","image_urls":["http://numismatics.org/collectionimages/19001949/1948/1948.19.1563.rev.width350.jpg"]},{"from":201,"to":210,"title":"RIC IV Caracalla 130A (denarius). 1948.19.1557","image_urls":["http://numismatics.org/collectionimages/19001949/1948/1948.19.1557.rev.width350.jpg"]},{"from":201,"to":210,"title":"RIC IV Caracalla 141. 1944.100.51414","image_urls":["http://numismatics.org/collectionimages/19001949/1944/1944.100.51414.rev.width350.jpg"]},{"from":201,"to":210,"title":"RIC IV Caracalla 127. 1944.100.51408","image_urls":["http://numismatics.org/collectionimages/19001949/1944/1944.100.51408.rev.width350.jpg"]},{"from":201,"to":210,"title":"RIC IV Caracalla 141. 1948.19.1560","image_urls":["http://numismatics.org/collectionimages/19001949/1948/1948.19.1560.rev.width350.jpg"]},{"from":201,"to":210,"title":"RIC IV Caracalla 127. 1985.5.13","image_urls":["http://numismatics.org/collectionimages/19501999/1985/1985.5.13.rev.width350.jpg"]},{"from":201,"to":210,"title":"RIC IV Caracalla 124B. 1944.100.51594","image_urls":["http://numismatics.org/collectionimages/19001949/1944/1944.100.51594.rev.width350.jpg"]},{"from":201,"to":210,"title":"RIC IV Caracalla 141. 1935.117.521","image_urls":["http://numismatics.org/collectionimages/19001949/1935/1935.117.521.rev.width350.jpg"]},{"from":201,"to":210,"title":"RIC IV Caracalla 127. 1944.100.51406","image_urls":["http://numismatics.org/collectionimages/19001949/1944/1944.100.51406.rev.width350.jpg"]},{"from":201,"to":210,"title":"RIC IV Caracalla 120. 1944.100.51402","image_urls":["http://numismatics.org/collectionimages/19001949/1944/1944.100.51402.rev.width350.jpg"]},{"from":201,"to":210,"title":"RIC IV Caracalla 131B. 1955.191.24","image_urls":["http://numismatics.org/collectionimages/19501999/1955/1955.191.24.rev.width350.jpg"]},{"from":201,"to":202,"title":"Silver Tetradrachm, Seleuceia ad Tigrim, AD 201 - AD 202. 1944.100.83496","image_urls":["http://numismatics.org/collectionimages/19001949/1944/1944.100.83496.rev.width350.jpg"]},{"from":201,"to":210,"title":"RIC IV Caracalla 120. 1948.19.1553","image_urls":["http://numismatics.org/collectionimages/19001949/1948/1948.19.1553.rev.width350.jpg"]},{"from":201,"to":206,"title":"Silver Denarius of Septimius Severus, Rome, AD 201 - AD 206. 1985.140.165","image_urls":["http://numismatics.org/collectionimages/19501999/1985/1985.140.165.rev.width350.jpg"]},{"from":201,"to":210,"title":"RIC IV Caracalla 150. 1944.100.51419","image_urls":["http://numismatics.org/collectionimages/19001949/1944/1944.100.51419.rev.width350.jpg"]},{"from":201,"to":210,"title":"RIC IV Caracalla 130A (denarius). 1947.97.481","image_urls":["http://numismatics.org/collectionimages/19001949/1947/1947.97.481.rev.width350.jpg"]},{"from":201,"to":210,"title":"RIC IV Caracalla 135. 1948.19.1559","image_urls":["http://numismatics.org/collectionimages/19001949/1948/1948.19.1559.rev.width350.jpg"]},{"from":201,"to":210,"title":"RIC IV Caracalla 130A (denarius). 1944.100.51410","image_urls":["http://numismatics.org/collectionimages/19001949/1944/1944.100.51410.rev.width350.jpg"]},{"from":201,"to":210,"title":"RIC IV Caracalla 136B. 1944.100.51413","image_urls":["http://numismatics.org/collectionimages/19001949/1944/1944.100.51413.rev.width350.jpg"]},{"from":201,"to":210,"title":"RIC IV Caracalla 127. 1948.19.1556","image_urls":["http://numismatics.org/collectionimages/19001949/1948/1948.19.1556.rev.width350.jpg"]},{"from":201,"to":210,"title":"RIC IV Caracalla 145. 1995.1.16","image_urls":["http://numismatics.org/collectionimages/19501999/1995/1995.1.16.rev.width350.jpg"]},{"from":201,"to":210,"title":"RIC IV Caracalla 149a. 1935.117.522","image_urls":["http://numismatics.org/collectionimages/19001949/1935/1935.117.522.rev.width350.jpg"]},{"from":201,"to":210,"title":"RIC IV Caracalla 135. 1991.9.55","image_urls":["http://numismatics.org/collectionimages/19501999/1991/1991.9.55.rev.width350.jpg"]},{"from":201,"to":210,"title":"RIC IV Caracalla 130A (denarius). 1980.109.358","image_urls":["http://numismatics.org/collectionimages/19501999/1980/1980.109.358.rev.width350.jpg"]},{"from":201,"to":210,"title":"RIC IV Caracalla 127. 1944.100.51407","image_urls":["http://numismatics.org/collectionimages/19001949/1944/1944.100.51407.rev.width350.jpg"]},{"from":201,"to":210,"title":"RIC IV Caracalla 120. 1944.100.51401","image_urls":["http://numismatics.org/collectionimages/19001949/1944/1944.100.51401.rev.width350.jpg"]},{"from":201,"to":210,"title":"RIC IV Caracalla 130A (denarius). 1941.131.888","image_urls":["http://numismatics.org/collectionimages/19001949/1941/1941.131.888.rev.width350.jpg"]},{"from":201,"to":210,"title":"RIC IV Caracalla 124B. 1944.100.51404","image_urls":["http://numismatics.org/collectionimages/19001949/1944/1944.100.51404.rev.width350.jpg"]},{"from":201,"to":210,"title":"RIC IV Caracalla 144B. 1948.19.1561","image_urls":["http://numismatics.org/collectionimages/19001949/1948/1948.19.1561.rev.width350.jpg"]},{"from":201,"to":210,"title":"RIC IV Caracalla 135. 1944.100.51412","image_urls":["http://numismatics.org/collectionimages/19001949/1944/1944.100.51412.rev.width350.jpg"]},{"from":201,"to":210,"title":"RIC IV Caracalla 124A. 1935.117.518","image_urls":["http://numismatics.org/collectionimages/19001949/1935/1935.117.518.rev.width350.jpg"]},{"from":201,"to":210,"title":"RIC IV Caracalla 135. 1985.140.140","image_urls":["http://numismatics.org/collectionimages/19501999/1985/1985.140.140.rev.width350.jpg"]},{"from":201,"to":210,"title":"RIC IV Caracalla 130A (denarius). 1948.19.1558","image_urls":["http://numismatics.org/collectionimages/19001949/1948/1948.19.1558.rev.width350.jpg"]},{"from":201,"to":202,"title":"RIC IV Septimius Severus 523. 1944.100.50270","image_urls":["http://numismatics.org/collectionimages/19001949/1944/1944.100.50270.rev.width350.jpg"]}]