[{"from":202,"to":210,"title":"Denarius of Septimius Severus, Rome, 202-210. 1989.12.34.","image_urls":["http://coins.lib.virginia.edu/images/coins/screen/n1989_12_34_rev.jpg"]},{"from":202,"to":210,"title":"NMS-10FDF8: A coin issued by Septimius Severus","image_urls":["https://finds.org.uk/images/amarsden/KLMD102014severusdenarius.jpg"]},{"from":202,"to":202,"title":"SWYOR-7B6C05: A coin issued by Caracalla","image_urls":["https://finds.org.uk/images/acooper/PAS_1192_galley.jpg"]},{"from":202,"to":205,"title":"ESS-A2B9B7: A coin issued by Plautilla","image_urls":["https://finds.org.uk/images/cmcdonald/Popham%20Plautilla%20ob.jpg"]},{"from":202,"to":205,"title":"SOM-F48FA3: A coin issued by Plautilla","image_urls":["https://finds.org.uk/images/rwebley2/SOM-F48FA3.jpg"]},{"from":202,"to":205,"title":"GLO-B6D404: A coin issued by Plautilla","image_urls":["https://finds.org.uk/images/kadams/2781%20Silver%20denarus%20of%20Lucilla.jpg"]},{"from":202,"to":202,"title":"SOM-98AE40: A coin issued by Geta","image_urls":["https://finds.org.uk/images/rwebley2/SOM-98AE40.jpg"]},{"from":202,"to":202,"title":"SWYOR-3D3A57: A coin issued by Caracalla","image_urls":["https://finds.org.uk/images/acooper/PAS_1599_denarius_captives.jpg"]},{"from":202,"to":210,"title":"NCL-030EB1: A coin issued by Septimius Severus","image_urls":["https://finds.org.uk/images/pwalton/807.jpg"]},{"from":202,"to":202,"title":"LIN-35F995: A coin issued by Septimius Severus","image_urls":["https://finds.org.uk/images/adaubney/LIN6021.JPG"]},{"from":202,"to":210,"title":"YORYM-AB28A4: A coin issued by Septimius Severus","image_urls":["https://finds.org.uk/images/devans/silver%20005.jpg"]},{"from":202,"to":210,"title":"WAW-599205: A coin issued by Septimius Severus","image_urls":["https://finds.org.uk/images/abolton/WAW-599205.jpg"]},{"from":202,"to":205,"title":"DENO-C35B22: A coin issued by Plautilla","image_urls":["https://finds.org.uk/images/cburrill2/E7707_Rom_Denarius_Female.jpg"]},{"from":202,"to":210,"title":"BM-EB0A05: A coin issued by Septimius Severus","image_urls":["https://finds.org.uk/images/vdrost/DSC02187.JPG"]},{"from":202,"to":205,"title":"NARC-D7EE96Z: A coin issued by Plautilla","image_urls":["https://finds.org.uk/images/jcassidy/NARC-D7EE96b.jpg"]},{"from":202,"to":210,"title":"LVPL-028FB1: A coin issued by Septimius Severus","image_urls":["https://finds.org.uk/images/voakden/LVPL-028FB1.jpg"]},{"from":202,"to":210,"title":"NARC-BF9DF4: A coin issued by Septimius Severus","image_urls":["https://finds.org.uk/images/jcassidy/NARC-BF9DF4.JPG"]},{"from":202,"to":205,"title":"DENO-336904: A coin issued by Plautilla","image_urls":["https://finds.org.uk/images/ratherton/E5192%20den.jpg"]},{"from":202,"to":210,"title":"GLO-5A4EE1: A coin issued by Septimius Severus","image_urls":["https://finds.org.uk/images/ewhitcombe/DSC_0682.jpg"]},{"from":202,"to":210,"title":"YORYM-BD5DD1: A coin issued by Septimius Severus","image_urls":["https://finds.org.uk/images/law/KSB0179.jpg"]},{"from":202,"to":211,"title":"DEV-3FBB46: A coin issued by Hadrian","image_urls":["https://finds.org.uk/images/dwootton/Roman%20denarius%20Mick%20Cadwallader.jpg"]},{"from":202,"to":210,"title":"HAMP-BAAA13: A coin issued by Septimius Severus","image_urls":["https://finds.org.uk/images/rwebley/HAMP-BAAA13SeptimiusSeverusdenarius.jpg"]},{"from":202,"to":210,"title":"CORN-AD78F5: A coin issued by Septimius Severus","image_urls":["https://finds.org.uk/images/atyacke/Romancoin014.JPG"]},{"from":202,"to":210,"title":"YORYM-024FE7: A coin issued by Septimius Severus","image_urls":["https://finds.org.uk/images/bmorris/RHH0015.jpg"]},{"from":202,"to":202,"title":"PUBLIC-3F87B0: A coin issued by Septimius Severus","image_urls":["https://finds.org.uk/images/birdman/P1040730.JPG"]},{"from":202,"to":210,"title":"YORYM-B29BF4: A coin issued by Septimius Severus","image_urls":["https://finds.org.uk/images/law/SS0284.jpg"]},{"from":202,"to":210,"title":"FAPJW-E13038: A coin issued by Septimius Severus","image_urls":["https://finds.org.uk/images/pwalton/5074.jpg"]},{"from":202,"to":210,"title":"BM-F06B07: A coin issued by Septimius Severus","image_urls":["https://finds.org.uk/images/jasonlundock/5213a.jpg"]},{"from":202,"to":210,"title":"SF-AD1762: A coin issued by Septimius Severus","image_urls":["https://finds.org.uk/images/abrown/Gillingham_SF-AD1762.jpg"]},{"from":202,"to":205,"title":"SF-4A5A9C: A coin issued by Plautilla","image_urls":["https://finds.org.uk/images/abrown/WMH_SF-4A5A9C.jpg"]},{"from":202,"to":210,"title":"BH-8B0D02: A coin issued by Septimius Severus","image_urls":["https://finds.org.uk/images/jwatters/Roman%20coin%2008%2031%20-%201.jpg"]},{"from":202,"to":210,"title":"BM-F065D8: A coin issued by Septimius Severus","image_urls":["https://finds.org.uk/images/jasonlundock/5217.jpg"]},{"from":202,"to":210,"title":"PUBLIC-F3B020: A coin issued by Septimius Severus","image_urls":["https://finds.org.uk/images/calow1/FLE13.572.JPG"]},{"from":202,"to":202,"title":"SF-0D62E2: A coin issued by Geta","image_urls":["https://finds.org.uk/images/abrown/Brettenham_SF-0D62E2.jpg"]},{"from":202,"to":202,"title":"DUR-BCF856: A coin issued by Septimius Severus","image_urls":["https://finds.org.uk/images/frances/craig%20best%20coin1.jpg"]},{"from":202,"to":210,"title":"BUC-F74203: A coin issued by Septimius Severus","image_urls":["https://finds.org.uk/images/jmoss/3DSCN4509.JPG"]},{"from":202,"to":211,"title":"IOW-308543: A coin issued by Caracalla","image_urls":["https://finds.org.uk/images/fbasford/IOW2012-21-8.JPG"]},{"from":202,"to":202,"title":"LVPL-A155F7: A coin issued by Septimius Severus","image_urls":["https://finds.org.uk/images/voakden/LVPL-A155F7.jpg"]},{"from":202,"to":210,"title":"NCL-713FE1: A coin issued by Septimius Severus","image_urls":["https://finds.org.uk/images/pwalton/1222.jpg"]},{"from":202,"to":210,"title":"FAPJW-60C335: A coin issued by Septimius Severus","image_urls":["https://finds.org.uk/images/pwalton/7029.jpg"]},{"from":202,"to":205,"title":"PUBLIC-AA86DF: A coin issued by Plautilla","image_urls":["https://finds.org.uk/images/calow1/FLE14.%20753.JPG"]},{"from":202,"to":210,"title":"HESH-EE4B72: A coin issued by Septimius Severus","image_urls":["https://finds.org.uk/images/preavill/HESH-EE4B72.jpg"]},{"from":202,"to":205,"title":"BH-6BCE28: A coin issued by Plautilla","image_urls":["https://finds.org.uk/images/jwatters/Roman_coin_15_93_58.jpg"]},{"from":202,"to":202,"title":"LVPL-805F93: A coin issued by Julia Domna","image_urls":["https://finds.org.uk/images/tgilmore/LVPL-805F93.jpg"]},{"from":202,"to":210,"title":"FAPJW-4A49F6: A coin issued by Septimius Severus","image_urls":["https://finds.org.uk/images/pwalton/7011.jpg"]},{"from":202,"to":210,"title":"WAW-CA7F06: A coin issued by Septimius Severus","image_urls":["https://finds.org.uk/images/kleahy2/Alcester%20%20CA7F06.jpg"]},{"from":202,"to":210,"title":"SF-7A4ABC: A coin with an unrecorded/uncertain issuer.","image_urls":["https://finds.org.uk/images/gstewart/LDG_SF-7A4ABC.jpg"]},{"from":202,"to":210,"title":"BM-77B064: A coin issued by Septimius Severus","image_urls":["https://finds.org.uk/images/jasonlundock/1516.jpg"]},{"from":202,"to":210,"title":"WILT-FF4E72: A coin issued by Septimius Severus","image_urls":["https://finds.org.uk/images/jblake/SeptimusSeverusdenarius.jpg"]},{"from":202,"to":210,"title":"SUSS-DF6D34: A coin issued by Septimius Severus","image_urls":["https://finds.org.uk/images/lburnett/SUSS-DF6D34.JPG"]},{"from":202,"to":205,"title":"NMGW-7B8472: A coin issued by Plautilla","image_urls":["https://finds.org.uk/images/mlodwick/2009.35.3.jpg"]},{"from":202,"to":210,"title":"HAMP-474144: A coin issued by Septimius Severus","image_urls":["https://finds.org.uk/images/khindshamp/HAMP474144.jpg"]},{"from":202,"to":205,"title":"YORYM-F2F877: A coin issued by Plautilla","image_urls":["https://finds.org.uk/images/rebeccam/JBY0029.jpg"]},{"from":202,"to":210,"title":"BUC-98D802: A coin issued by Septimius Severus","image_urls":["https://finds.org.uk/images/rtyrrell/DSCN9264.JPG"]},{"from":202,"to":210,"title":"BM-045EAA: A coin issued by Septimius Severus","image_urls":["https://finds.org.uk/images/vdrost/Capture_00395.JPG"]},{"from":202,"to":210,"title":"KENT-C6B8D7: A coin issued by Septimius Severus","image_urls":["https://finds.org.uk/images/jjackson/KENT-C6B8D7.jpg"]},{"from":202,"to":210,"title":"BUC-560D47: A coin issued by Septimius Severus","image_urls":["https://finds.org.uk/images/dunvant/4DSCN9413.JPG"]},{"from":202,"to":210,"title":"YORYM-FDEEB8: A coin issued by Septimius Severus","image_urls":["https://finds.org.uk/images/rebeccam/BMR0215.jpg"]},{"from":202,"to":205,"title":"IOW-32A452: A coin issued by Plautilla","image_urls":["https://finds.org.uk/images/fbasford/IOW2009-1-673.JPG"]},{"from":202,"to":210,"title":"ESS-857701: A coin issued by Septimius Severus","image_urls":["https://finds.org.uk/images/lmclean/1a%20ESS-857701.jpg"]},{"from":202,"to":202,"title":"LEIC-B142A4: A coin issued by Julia Domna","image_urls":["https://finds.org.uk/images/wscott/B142A4%20.JPG"]},{"from":202,"to":202,"title":"PUBLIC-3AD1A8: A coin issued by Septimius Severus","image_urls":["https://finds.org.uk/images/calow1/FLE14898.JPG"]},{"from":202,"to":210,"title":"WMID-280AD6: A coin issued by Septimius Severus","image_urls":["https://finds.org.uk/images/tgilmore/WMID280AD6.jpg"]},{"from":202,"to":205,"title":"BM-ACAC5A: A coin issued by Plautilla","image_urls":["https://finds.org.uk/images/vdrost/BM_ACAC5A_R.JPG"]},{"from":202,"to":205,"title":"WAW-120A37: A coin issued by Plautilla","image_urls":["https://finds.org.uk/images/abolton/WAW-120A37.jpg"]},{"from":202,"to":205,"title":"FAPJW-E13D22: A coin issued by Plautilla","image_urls":["https://finds.org.uk/images/pwalton/5073.jpg"]},{"from":202,"to":202,"title":"WILT-863637: A coin issued by Plautilla","image_urls":["https://finds.org.uk/images/khinds/Bulley0908hoardcoin7.jpg"]},{"from":202,"to":212,"title":"DUR-A516B7: A coin issued by Plautilla","image_urls":["https://finds.org.uk/images/frances/DUR-A516B7.jpg"]},{"from":202,"to":210,"title":"NCL-C32942: A coin issued by Septimius Severus","image_urls":["https://finds.org.uk/images/pwalton/774.jpg"]},{"from":202,"to":210,"title":"CAM-AD49D0: A coin issued by Septimius Severus","image_urls":["https://finds.org.uk/images/hfowler/CAM-AD49D0.jpg"]},{"from":202,"to":210,"title":"WILT-59A5F7: A coin issued by Septimius Severus","image_urls":["https://finds.org.uk/images/rhenry2/WILT-59A5F7.jpg"]},{"from":202,"to":202,"title":"SUR-146DB3: A coin issued by Septimius Severus","image_urls":["https://finds.org.uk/images/dwilliams/07.144.JPG"]},{"from":202,"to":202,"title":"GLO-BB2F97: A coin issued by Geta","image_urls":["https://finds.org.uk/images/kadams/5257DenariusofGeta.jpg"]},{"from":202,"to":210,"title":"YORYM-778D65: A coin issued by Septimius Severus","image_urls":["https://finds.org.uk/images/law/BR0383.jpg"]},{"from":202,"to":202,"title":"BUC-4DA2A4: A coin issued by Caracalla","image_urls":["https://finds.org.uk/images/jmoss/TC74.jpg"]},{"from":202,"to":210,"title":"SUSS-41F031: A coin issued by Septimius Severus","image_urls":["https://finds.org.uk/images/04bowmant/pete%20sheffield%201%20%282%29.jpg"]},{"from":202,"to":204,"title":"NMGW-4AC839: A coin issued by Septimius Severus","image_urls":["https://finds.org.uk/images/wenkedomscheit/20141121jpg.jpg"]},{"from":202,"to":210,"title":"CAM-EA7097: A coin issued by Septimius Severus","image_urls":["https://finds.org.uk/images/pjw/5001.jpg"]},{"from":202,"to":202,"title":"SUR-6E82D0: A coin issued by Septimius Severus","image_urls":["https://finds.org.uk/images/margaretb/09.853.JPG"]},{"from":202,"to":210,"title":"HESH-DF9E30: A coin issued by Septimius Severus","image_urls":["https://finds.org.uk/images/preavill/HESH-DF9E30.jpg"]},{"from":202,"to":212,"title":"NARC-CC9867: A coin issued by Plautilla","image_urls":["https://finds.org.uk/images/jcassidy/nigel%20plautilla%20a.jpg"]},{"from":202,"to":210,"title":"WAW-602D94: A coin issued by Septimius Severus","image_urls":["https://finds.org.uk/images/abolton/WAW-602D94.jpg"]},{"from":202,"to":202,"title":"DUR-78F172: A coin issued by Plautilla","image_urls":["https://finds.org.uk/images/frances/DUR-78F172.jpg"]},{"from":202,"to":205,"title":"NLM-4AC8F4: A coin issued by Plautilla","image_urls":["https://finds.org.uk/images/mforeman/NLM15338.jpg"]},{"from":202,"to":210,"title":"SUSS-7981F6: A coin issued by Septimius Severus","image_urls":["https://finds.org.uk/images/lburnett/SUSS-7981F6.JPG"]},{"from":202,"to":211,"title":"BERK-B4E363: A coin issued by Septimius Severus","image_urls":["https://finds.org.uk/images/abyard/TDavis2010080.jpg"]},{"from":202,"to":211,"title":"LANCUM-C8D712: A coin issued by Septimius Severus","image_urls":["https://finds.org.uk/images/dboughton/LANCUMC8D712.jpg"]},{"from":202,"to":210,"title":"BH-604683: A coin issued by Septimius Severus","image_urls":["https://finds.org.uk/images/jwatters/Roman%20coin%2008%20135%20-%20106.jpg"]},{"from":202,"to":217,"title":"FAPJW-64C944: A coin issued by Caracalla","image_urls":["https://finds.org.uk/images/pwalton/53333.jpg"]},{"from":202,"to":210,"title":"FASA-B6DC22: A coin issued by Septimius Severus","image_urls":["https://finds.org.uk/images/sam/Severus%20plated%20den%20100_0004.JPG%20RIC%20308.jpg"]},{"from":202,"to":202,"title":"DUR-3D7720: A coin issued by Plautilla","image_urls":["https://finds.org.uk/images/frances/DUR-3D7720.jpg"]},{"from":202,"to":210,"title":"BH-656664: A coin issued by Septimius Severus","image_urls":["https://finds.org.uk/images/jwatters/Roman_coin_3161_4.jpg"]},{"from":202,"to":202,"title":"DUR-3CBB17: A coin issued by Geta","image_urls":["https://finds.org.uk/images/a8622912/DUR-3CBB17%20Roman%20Denarius%20of%20Geta.jpg"]},{"from":202,"to":210,"title":"KENT-D92DF1: A coin issued by Septimius Severus","image_urls":["https://finds.org.uk/images/gburr/DSCN6066.JPG"]},{"from":202,"to":202,"title":"SWYOR-542798: A coin issued by Caracalla","image_urls":["https://finds.org.uk/images/acooper/PAS_1683_denarius2.jpg"]},{"from":202,"to":202,"title":"HAMP-D8C6F4: A coin issued by Septimius Severus","image_urls":["https://finds.org.uk/images/rwebley/HAMP-D8C6F4SeptimiusSeverusdenarius.jpg"]},{"from":202,"to":210,"title":"NARC-78FD22: A coin issued by Septimius Severus","image_urls":["https://finds.org.uk/images/tbrindle/NARC-78FD22denariusobv.jpg"]},{"from":202,"to":202,"title":"WILT-861B14: A coin issued by Plautilla","image_urls":["https://finds.org.uk/images/khinds/Bulley0908hoardcoin6.jpg"]},{"from":202,"to":210,"title":"SOM-430235: A coin issued by Septimius Severus","image_urls":["https://finds.org.uk/images/alicef/SOM-430235.JPG"]},{"from":202,"to":202,"title":"NCL-680DB1: A coin issued by Plautilla","image_urls":["https://finds.org.uk/images/rcollins/Dave%20Scott%20Aislaby%20Plautilla.jpg"]},{"from":202,"to":202,"title":"LEIC-7AEF47: A coin issued by Geta","image_urls":["https://finds.org.uk/images/wscott/LEIC-7AEF47.JPG"]},{"from":202,"to":204,"title":"SOMDOR-6BF2F7: A coin issued by Plautilla","image_urls":["https://finds.org.uk/images/caht/6Bf2F7.jpg"]},{"from":202,"to":210,"title":"NCL-E800F0: A coin issued by Septimius Severus","image_urls":["https://finds.org.uk/images/pwalton/758.jpg"]},{"from":202,"to":210,"title":"PUBLIC-1E25FE: A coin issued by Septimius Severus","image_urls":["https://finds.org.uk/images/calow1/FLE151043.JPG"]},{"from":202,"to":202,"title":"LEIC-50BBF6: A coin issued by Plautilla","image_urls":["https://finds.org.uk/images/wscott/50BBF6.JPG"]},{"from":202,"to":202,"title":"DUR-A92217: A coin issued by Geta","image_urls":["https://finds.org.uk/images/frances/k_nicholson_denarius_DUR-A92217.jpg"]},{"from":202,"to":205,"title":"FAPJW-D14E08: A coin issued by Plautilla","image_urls":["https://finds.org.uk/images/pwalton/5098.jpg"]},{"from":202,"to":210,"title":"WILT-85D534: A coin issued by Septimius Severus","image_urls":["https://finds.org.uk/images/khinds/Bulley0908hoardcoin3.jpg"]},{"from":202,"to":202,"title":"NCL-287274: A coin issued by Caracalla","image_urls":["https://finds.org.uk/images/rcollins/Roman%20coin%2012.jpg"]},{"from":202,"to":210,"title":"YORYM-C685F0: A coin issued by Septimius Severus","image_urls":["https://finds.org.uk/images/bmorris/BL1038.jpg"]},{"from":202,"to":205,"title":"FAPJW-1F9441: A coin issued by Plautilla","image_urls":["https://finds.org.uk/images/pwalton/fapjw1f9441re.jpg"]},{"from":202,"to":202,"title":"DUR-1D8A62: A coin issued by Geta","image_urls":["https://finds.org.uk/images/emorris/DUR-1D8A62.jpg"]},{"from":202,"to":202,"title":"YORYM-77F773: A coin issued by Caracalla","image_urls":["https://finds.org.uk/images/ellie/BR1235.jpg"]},{"from":202,"to":210,"title":"RIC IV Septimius Severus 265. 1987.26.186","image_urls":["http://numismatics.org/collectionimages/19501999/1987/1987.26.186.rev.width350.jpg"]},{"from":202,"to":210,"title":"RIC IV Septimius Severus 278A (denarius). 1944.100.50207","image_urls":["http://numismatics.org/collectionimages/19001949/1944/1944.100.50207.rev.width350.jpg"]},{"from":202,"to":210,"title":"RIC IV Septimius Severus 266 (denarius). 1916.999.78","image_urls":["http://numismatics.org/collectionimages/19001949/1916/1916.999.78.rev.width350.jpg"]},{"from":202,"to":210,"title":"RIC IV Septimius Severus 303. 1951.117.28","image_urls":["http://numismatics.org/collectionimages/19501999/1951/1951.117.28.rev.width350.jpg"]},{"from":202,"to":205,"title":"Bronze Assarion, Gythium, AD 202 - AD 205. 2006.31.52","image_urls":["http://numismatics.org/collectionimages/20002049/2006/2006.31.52.rev.width350.jpg"]},{"from":202,"to":205,"title":"RIC IV Caracalla 361 (denarius). 1935.117.575","image_urls":["http://numismatics.org/collectionimages/19001949/1935/1935.117.575.rev.width350.jpg"]},{"from":202,"to":205,"title":"Bronze Coin, Corinth, AD 202 - AD 205. 1944.100.38628","image_urls":["http://numismatics.org/collectionimages/19001949/1944/1944.100.38628.rev.width350.jpg"]},{"from":202,"to":205,"title":"RIC IV Caracalla 367 (denarius). 1995.11.1471","image_urls":["http://numismatics.org/collectionimages/19501999/1995/1995.11.1471.rev.width350.jpg"]},{"from":202,"to":210,"title":"RIC IV Septimius Severus 266 (denarius). 1944.100.50201","image_urls":["http://numismatics.org/collectionimages/19001949/1944/1944.100.50201.rev.width350.jpg"]},{"from":202,"to":210,"title":"RIC IV Septimius Severus 308. 1944.100.50216","image_urls":["http://numismatics.org/collectionimages/19001949/1944/1944.100.50216.rev.width350.jpg"]},{"from":202,"to":210,"title":"RIC IV Septimius Severus 308. 1948.19.1474","image_urls":["http://numismatics.org/collectionimages/19001949/1948/1948.19.1474.rev.width350.jpg"]},{"from":202,"to":205,"title":"RIC IV Caracalla 369 (denarius). 1948.19.1654","image_urls":["http://numismatics.org/collectionimages/19001949/1948/1948.19.1654.rev.width350.jpg"]},{"from":202,"to":210,"title":"RIC IV Septimius Severus 260. 1996.110.2","image_urls":["http://numismatics.org/collectionimages/19501999/1996/1996.110.2.rev.width350.jpg"]},{"from":202,"to":210,"title":"RIC IV Septimius Severus 266 (denarius). 1995.11.1513","image_urls":["http://numismatics.org/collectionimages/19501999/1995/1995.11.1513.rev.width350.jpg"]},{"from":202,"to":205,"title":"RIC IV Caracalla 371. 1944.100.51733","image_urls":["http://numismatics.org/collectionimages/19001949/1944/1944.100.51733.rev.width350.jpg"]},{"from":202,"to":205,"title":"RIC IV Caracalla 365A. 1944.100.51727","image_urls":["http://numismatics.org/collectionimages/19001949/1944/1944.100.51727.rev.width350.jpg"]},{"from":202,"to":210,"title":"RIC IV Septimius Severus 253. 1944.100.50191","image_urls":["http://numismatics.org/collectionimages/19001949/1944/1944.100.50191.rev.width350.jpg"]},{"from":202,"to":205,"title":"Bronze Sestertius of Septimius Severus, Rome, AD 202 - AD 205. 1944.100.51736","image_urls":["http://numismatics.org/collectionimages/19001949/1944/1944.100.51736.rev.width350.jpg"]},{"from":202,"to":210,"title":"RIC IV Septimius Severus 818. 1954.203.232","image_urls":["http://numismatics.org/collectionimages/19501999/1954/1954.203.232.rev.width350.jpg"]},{"from":202,"to":205,"title":"RIC IV Caracalla 359 (denarius). 1944.100.51721","image_urls":["http://numismatics.org/collectionimages/19001949/1944/1944.100.51721.rev.width350.jpg"]},{"from":202,"to":210,"title":"RIC IV Septimius Severus 288 (denarius). 1987.26.189","image_urls":["http://numismatics.org/collectionimages/19501999/1987/1987.26.189.rev.width350.jpg"]},{"from":202,"to":203,"title":"Silver Tetradrachm, Seleuceia ad Tigrim, AD 202 - AD 203. 1944.100.83497","image_urls":["http://numismatics.org/collectionimages/19001949/1944/1944.100.83497.rev.width350.jpg"]},{"from":202,"to":210,"title":"RIC IV Septimius Severus 266 (denarius). 1956.28.290","image_urls":["http://numismatics.org/collectionimages/19501999/1956/1956.28.290.rev.width350.jpg"]},{"from":202,"to":210,"title":"RIC IV Septimius Severus 295 (denarius). 1944.100.50212","image_urls":["http://numismatics.org/collectionimages/19001949/1944/1944.100.50212.rev.width350.jpg"]},{"from":202,"to":205,"title":"RIC IV Caracalla 370. 1944.100.51732","image_urls":["http://numismatics.org/collectionimages/19001949/1944/1944.100.51732.rev.width350.jpg"]},{"from":202,"to":210,"title":"RIC IV Septimius Severus 277 (denarius). 1944.100.50206","image_urls":["http://numismatics.org/collectionimages/19001949/1944/1944.100.50206.rev.width350.jpg"]},{"from":202,"to":210,"title":"RIC IV Septimius Severus 288 (denarius). 1905.57.444","image_urls":["http://numismatics.org/collectionimages/19001949/1905/1905.57.444.rev.width350.jpg"]},{"from":202,"to":205,"title":"Bronze Coin, Corinth, AD 202 - AD 205. 1944.100.38624","image_urls":["http://numismatics.org/collectionimages/19001949/1944/1944.100.38624.rev.width350.jpg"]},{"from":202,"to":210,"title":"RIC IV Septimius Severus 288 (denarius). 1944.100.50210","image_urls":["http://numismatics.org/collectionimages/19001949/1944/1944.100.50210.rev.width350.jpg"]},{"from":202,"to":210,"title":"RIC IV Septimius Severus 288 (denarius). 1935.117.479","image_urls":["http://numismatics.org/collectionimages/19001949/1935/1935.117.479.rev.width350.jpg"]},{"from":202,"to":205,"title":"RIC IV Caracalla 367 (denarius). 1935.117.578","image_urls":["http://numismatics.org/collectionimages/19001949/1935/1935.117.578.rev.width350.jpg"]},{"from":202,"to":210,"title":"RIC IV Septimius Severus 264a. 1948.19.1462","image_urls":["http://numismatics.org/collectionimages/19001949/1948/1948.19.1462.rev.width350.jpg"]},{"from":202,"to":210,"title":"RIC IV Septimius Severus 265. 1905.57.442","image_urls":["http://numismatics.org/collectionimages/19001949/1905/1905.57.442.rev.width350.jpg"]},{"from":202,"to":205,"title":"RIC IV Caracalla 362 (denarius). 1944.100.51724","image_urls":["http://numismatics.org/collectionimages/19001949/1944/1944.100.51724.rev.width350.jpg"]},{"from":202,"to":210,"title":"RIC IV Septimius Severus 296. 1930.51.8","image_urls":["http://numismatics.org/collectionimages/19001949/1930/1930.51.8.rev.width350.jpg"]},{"from":202,"to":210,"title":"RIC IV Septimius Severus 276. 1946.7.26","image_urls":["http://numismatics.org/collectionimages/19001949/1946/1946.7.26.rev.width350.jpg"]},{"from":202,"to":210,"title":"RIC IV Septimius Severus 261. 1944.100.50194","image_urls":["http://numismatics.org/collectionimages/19001949/1944/1944.100.50194.rev.width350.jpg"]},{"from":202,"to":205,"title":"RIC IV Caracalla 369 (denarius). 1944.100.51730","image_urls":["http://numismatics.org/collectionimages/19001949/1944/1944.100.51730.rev.width350.jpg"]},{"from":202,"to":210,"title":"RIC IV Septimius Severus 274 (denarius). 1944.100.50204","image_urls":["http://numismatics.org/collectionimages/19001949/1944/1944.100.50204.rev.width350.jpg"]},{"from":202,"to":210,"title":"RIC IV Septimius Severus 308. 1944.100.50215","image_urls":["http://numismatics.org/collectionimages/19001949/1944/1944.100.50215.rev.width350.jpg"]},{"from":202,"to":205,"title":"Bronze Coin, Corinth, AD 202 - AD 205. 1956.174.74","image_urls":["http://numismatics.org/collectionimages/19501999/1956/1956.174.74.rev.width350.jpg"]},{"from":202,"to":210,"title":"RIC IV Septimius Severus 288 (denarius). 1944.100.50209","image_urls":["http://numismatics.org/collectionimages/19001949/1944/1944.100.50209.rev.width350.jpg"]},{"from":202,"to":210,"title":"RIC IV Septimius Severus 266 (denarius). 1948.19.1467","image_urls":["http://numismatics.org/collectionimages/19001949/1948/1948.19.1467.rev.width350.jpg"]},{"from":202,"to":205,"title":"RIC IV Caracalla 367 (denarius). 1944.100.51729","image_urls":["http://numismatics.org/collectionimages/19001949/1944/1944.100.51729.rev.width350.jpg"]},{"from":202,"to":205,"title":"RIC IV Caracalla 361 (denarius). 1941.131.895","image_urls":["http://numismatics.org/collectionimages/19001949/1941/1941.131.895.rev.width350.jpg"]},{"from":202,"to":205,"title":"Bronze Coin, Corinth, AD 202 - AD 205. 1944.100.38627","image_urls":["http://numismatics.org/collectionimages/19001949/1944/1944.100.38627.rev.width350.jpg"]},{"from":202,"to":210,"title":"RIC IV Septimius Severus 266 (denarius). 1944.100.50200","image_urls":["http://numismatics.org/collectionimages/19001949/1944/1944.100.50200.rev.width350.jpg"]},{"from":202,"to":210,"title":"RIC IV Septimius Severus 265. 1944.100.50199","image_urls":["http://numismatics.org/collectionimages/19001949/1944/1944.100.50199.rev.width350.jpg"]},{"from":202,"to":210,"title":"RIC IV Septimius Severus 299 (denarius). 1944.100.50213","image_urls":["http://numismatics.org/collectionimages/19001949/1944/1944.100.50213.rev.width350.jpg"]},{"from":202,"to":205,"title":"Bronze Coin, Corinth, AD 202 - AD 205. 1944.100.38625","image_urls":["http://numismatics.org/collectionimages/19001949/1944/1944.100.38625.rev.width350.jpg"]},{"from":202,"to":205,"title":"RIC IV Caracalla 359 (denarius). 1948.19.1637","image_urls":["http://numismatics.org/collectionimages/19001949/1948/1948.19.1637.rev.width350.jpg"]},{"from":202,"to":205,"title":"RIC IV Caracalla 363A. 1948.19.1645","image_urls":["http://numismatics.org/collectionimages/19001949/1948/1948.19.1645.rev.width350.jpg"]},{"from":202,"to":210,"title":"RIC IV Septimius Severus 305. 1973.17.11","image_urls":["http://numismatics.org/collectionimages/19501999/1973/1973.17.11.rev.width350.jpg"]},{"from":202,"to":205,"title":"RIC IV Caracalla 367 (denarius). 1948.19.1651","image_urls":["http://numismatics.org/collectionimages/19001949/1948/1948.19.1651.rev.width350.jpg"]},{"from":202,"to":210,"title":"RIC IV Septimius Severus 285 (aureus). 1970.31.1","image_urls":["http://numismatics.org/collectionimages/19501999/1970/1970.31.1.rev.width350.jpg"]},{"from":202,"to":205,"title":"RIC IV Caracalla 363A. 1980.109.360","image_urls":["http://numismatics.org/collectionimages/19501999/1980/1980.109.360.rev.width350.jpg"]},{"from":202,"to":205,"title":"Bronze Assarion, Gythium, AD 202 - AD 205. 2006.31.57","image_urls":["http://numismatics.org/collectionimages/20002049/2006/2006.31.57.rev.width350.jpg"]},{"from":202,"to":210,"title":"RIC IV Septimius Severus 295 (denarius). 1948.19.1471","image_urls":["http://numismatics.org/collectionimages/19001949/1948/1948.19.1471.rev.width350.jpg"]},{"from":202,"to":210,"title":"RIC IV Septimius Severus 265. 1948.19.1465","image_urls":["http://numismatics.org/collectionimages/19001949/1948/1948.19.1465.rev.width350.jpg"]},{"from":202,"to":205,"title":"RIC IV Caracalla 372. 1948.19.1657","image_urls":["http://numismatics.org/collectionimages/19001949/1948/1948.19.1657.rev.width350.jpg"]},{"from":202,"to":205,"title":"RIC IV Caracalla 362 (denarius). 1948.19.1642","image_urls":["http://numismatics.org/collectionimages/19001949/1948/1948.19.1642.rev.width350.jpg"]},{"from":202,"to":210,"title":"RIC IV Septimius Severus 265. 1944.100.50197","image_urls":["http://numismatics.org/collectionimages/19001949/1944/1944.100.50197.rev.width350.jpg"]},{"from":202,"to":205,"title":"RIC IV Caracalla 367 (denarius). 1991.8.11","image_urls":["http://numismatics.org/collectionimages/19501999/1991/1991.8.11.rev.width350.jpg"]},{"from":202,"to":210,"title":"RIC IV Septimius Severus 265. 1980.109.354","image_urls":["http://numismatics.org/collectionimages/19501999/1980/1980.109.354.rev.width350.jpg"]},{"from":202,"to":205,"title":"Bronze Coin, Corinth, AD 202 - AD 205. 1956.174.75","image_urls":["http://numismatics.org/collectionimages/19501999/1956/1956.174.75.rev.width350.jpg"]},{"from":202,"to":210,"title":"RIC IV Septimius Severus 295 (denarius). 1977.158.1264","image_urls":["http://numismatics.org/collectionimages/19501999/1977/1977.158.1264.rev.width350.jpg"]},{"from":202,"to":210,"title":"RIC IV Septimius Severus 261. 1991.9.36","image_urls":["http://numismatics.org/collectionimages/19501999/1991/1991.9.36.rev.width350.jpg"]},{"from":202,"to":210,"title":"RIC IV Septimius Severus 264a. 1944.100.50196","image_urls":["http://numismatics.org/collectionimages/19001949/1944/1944.100.50196.rev.width350.jpg"]},{"from":202,"to":210,"title":"RIC IV Septimius Severus 266 (denarius). 1944.100.50202","image_urls":["http://numismatics.org/collectionimages/19001949/1944/1944.100.50202.rev.width350.jpg"]},{"from":202,"to":205,"title":"Bronze Coin, Corinth, AD 202 - AD 205. 1944.100.38623","image_urls":["http://numismatics.org/collectionimages/19001949/1944/1944.100.38623.rev.width350.jpg"]},{"from":202,"to":205,"title":"RIC IV Caracalla 369 (denarius). 1935.117.579","image_urls":["http://numismatics.org/collectionimages/19001949/1935/1935.117.579.rev.width350.jpg"]},{"from":202,"to":210,"title":"RIC IV Septimius Severus 264a. 1944.100.50195","image_urls":["http://numismatics.org/collectionimages/19001949/1944/1944.100.50195.rev.width350.jpg"]},{"from":202,"to":210,"title":"RIC IV Septimius Severus 295 (denarius). 1944.100.50211","image_urls":["http://numismatics.org/collectionimages/19001949/1944/1944.100.50211.rev.width350.jpg"]},{"from":202,"to":205,"title":"RIC IV Caracalla 369 (denarius). 1944.100.51731","image_urls":["http://numismatics.org/collectionimages/19001949/1944/1944.100.51731.rev.width350.jpg"]},{"from":202,"to":210,"title":"RIC IV Septimius Severus 266 (denarius). 1905.57.443","image_urls":["http://numismatics.org/collectionimages/19001949/1905/1905.57.443.rev.width350.jpg"]},{"from":202,"to":210,"title":"RIC IV Septimius Severus 254. 1995.11.1511","image_urls":["http://numismatics.org/collectionimages/19501999/1995/1995.11.1511.rev.width350.jpg"]},{"from":202,"to":210,"title":"RIC IV Septimius Severus 248. 1948.19.1461","image_urls":["http://numismatics.org/collectionimages/19001949/1948/1948.19.1461.rev.width350.jpg"]},{"from":202,"to":210,"title":"RIC IV Septimius Severus 277 (denarius). 1935.117.478","image_urls":["http://numismatics.org/collectionimages/19001949/1935/1935.117.478.rev.width350.jpg"]},{"from":202,"to":205,"title":"RIC IV Caracalla 361 (denarius). 1944.100.51723","image_urls":["http://numismatics.org/collectionimages/19001949/1944/1944.100.51723.rev.width350.jpg"]},{"from":202,"to":205,"title":"RIC IV Caracalla 372. 1985.140.166","image_urls":["http://numismatics.org/collectionimages/19501999/1985/1985.140.166.rev.width350.jpg"]},{"from":202,"to":210,"title":"RIC IV Septimius Severus 288 (denarius). 1980.109.356","image_urls":["http://numismatics.org/collectionimages/19501999/1980/1980.109.356.rev.width350.jpg"]},{"from":202,"to":205,"title":"RIC IV Caracalla 365A. 1935.117.577","image_urls":["http://numismatics.org/collectionimages/19001949/1935/1935.117.577.rev.width350.jpg"]},{"from":202,"to":210,"title":"RIC IV Septimius Severus 276. 1944.100.50205","image_urls":["http://numismatics.org/collectionimages/19001949/1944/1944.100.50205.rev.width350.jpg"]},{"from":202,"to":205,"title":"RIC IV Caracalla 363A. 1944.100.51725","image_urls":["http://numismatics.org/collectionimages/19001949/1944/1944.100.51725.rev.width350.jpg"]},{"from":202,"to":204,"title":"RIC IV Caracalla 581 (as). 1995.11.1817","image_urls":["http://numismatics.org/collectionimages/19501999/1995/1995.11.1817.rev.width350.jpg"]},{"from":202,"to":205,"title":"RIC IV Caracalla 369 (denarius). 1957.172.1799","image_urls":["http://numismatics.org/collectionimages/19501999/1957/1957.172.1799.rev.width350.jpg"]},{"from":202,"to":210,"title":"RIC IV Septimius Severus 829D. 1974.140.88","image_urls":["http://numismatics.org/collectionimages/19501999/1974/1974.140.88.rev.width350.jpg"]},{"from":202,"to":205,"title":"Bronze Assarion, Gythium, AD 202 - AD 205. 2006.31.59","image_urls":["http://numismatics.org/collectionimages/20002049/2006/2006.31.59.rev.width350.jpg"]},{"from":202,"to":210,"title":"RIC IV Septimius Severus 265. 1948.19.1464","image_urls":["http://numismatics.org/collectionimages/19001949/1948/1948.19.1464.rev.width350.jpg"]},{"from":202,"to":210,"title":"RIC IV Septimius Severus 286. 1946.92.2","image_urls":["http://numismatics.org/collectionimages/19001949/1946/1946.92.2.rev.width350.jpg"]},{"from":202,"to":205,"title":"RIC IV Caracalla 361 (denarius). 1948.19.1641","image_urls":["http://numismatics.org/collectionimages/19001949/1948/1948.19.1641.rev.width350.jpg"]},{"from":202,"to":210,"title":"RIC IV Septimius Severus 265. 1995.11.1512","image_urls":["http://numismatics.org/collectionimages/19501999/1995/1995.11.1512.rev.width350.jpg"]},{"from":202,"to":210,"title":"RIC IV Septimius Severus 288 (denarius). 1948.19.1470","image_urls":["http://numismatics.org/collectionimages/19001949/1948/1948.19.1470.rev.width350.jpg"]},{"from":202,"to":205,"title":"RIC IV Caracalla 370. 1948.19.1656","image_urls":["http://numismatics.org/collectionimages/19001949/1948/1948.19.1656.rev.width350.jpg"]},{"from":202,"to":210,"title":"RIC IV Septimius Severus 311 (aureus). 1967.153.168","image_urls":["http://numismatics.org/collectionimages/19501999/1967/1967.153.168.rev.width350.jpg"]},{"from":202,"to":210,"title":"RIC IV Septimius Severus 278A (denarius). 1906.236.478","image_urls":["http://numismatics.org/collectionimages/19001949/1906/1906.236.478.rev.width350.jpg"]},{"from":202,"to":205,"title":"RIC IV Caracalla 369 (denarius). 1987.26.204","image_urls":["http://numismatics.org/collectionimages/19501999/1987/1987.26.204.rev.width350.jpg"]},{"from":202,"to":204,"title":"RIC IV Caracalla 581 (as). 1944.100.51735","image_urls":["http://numismatics.org/collectionimages/19001949/1944/1944.100.51735.rev.width350.jpg"]},{"from":202,"to":210,"title":"RIC IV Septimius Severus 299 (denarius). 1948.19.1473","image_urls":["http://numismatics.org/collectionimages/19001949/1948/1948.19.1473.rev.width350.jpg"]},{"from":202,"to":205,"title":"RIC IV Caracalla 363A. 1944.100.51726","image_urls":["http://numismatics.org/collectionimages/19001949/1944/1944.100.51726.rev.width350.jpg"]},{"from":202,"to":210,"title":"RIC IV Septimius Severus 295 (aureus). 1955.191.21","image_urls":["http://numismatics.org/collectionimages/19501999/1955/1955.191.21.rev.width350.jpg"]},{"from":202,"to":210,"title":"RIC IV Septimius Severus 278A (denarius). 1994.22.16","image_urls":["http://numismatics.org/collectionimages/19501999/1994/1994.22.16.rev.width350.jpg"]},{"from":202,"to":205,"title":"RIC IV Caracalla 366 (denarius). 1948.19.1650","image_urls":["http://numismatics.org/collectionimages/19001949/1948/1948.19.1650.rev.width350.jpg"]},{"from":202,"to":205,"title":"RIC IV Caracalla 363A. 1948.19.1644","image_urls":["http://numismatics.org/collectionimages/19001949/1948/1948.19.1644.rev.width350.jpg"]},{"from":202,"to":205,"title":"RIC IV Caracalla 359 (denarius). 1948.19.1638","image_urls":["http://numismatics.org/collectionimages/19001949/1948/1948.19.1638.rev.width350.jpg"]},{"from":202,"to":210,"title":"RIC IV Septimius Severus 274 (denarius). 1944.100.50203","image_urls":["http://numismatics.org/collectionimages/19001949/1944/1944.100.50203.rev.width350.jpg"]},{"from":202,"to":205,"title":"RIC IV Caracalla 369 (denarius). 1948.19.1653","image_urls":["http://numismatics.org/collectionimages/19001949/1948/1948.19.1653.rev.width350.jpg"]},{"from":202,"to":210,"title":"RIC IV Septimius Severus 257 (denarius). 1944.100.50193","image_urls":["http://numismatics.org/collectionimages/19001949/1944/1944.100.50193.rev.width350.jpg"]},{"from":202,"to":205,"title":"RIC IV Caracalla 363A. 1948.19.1647","image_urls":["http://numismatics.org/collectionimages/19001949/1948/1948.19.1647.rev.width350.jpg"]},{"from":202,"to":205,"title":"Bronze Assarion, Gythium, AD 202 - AD 205. 2006.31.50","image_urls":["http://numismatics.org/collectionimages/20002049/2006/2006.31.50.rev.width350.jpg"]},{"from":202,"to":205,"title":"RIC IV Caracalla 359 (denarius). 1948.19.1639","image_urls":["http://numismatics.org/collectionimages/19001949/1948/1948.19.1639.rev.width350.jpg"]},{"from":202,"to":210,"title":"RIC IV Septimius Severus 265. 1991.8.14","image_urls":["http://numismatics.org/collectionimages/19501999/1991/1991.8.14.rev.width350.jpg"]},{"from":202,"to":205,"title":"RIC IV Caracalla 369 (denarius). 1995.11.1470","image_urls":["http://numismatics.org/collectionimages/19501999/1995/1995.11.1470.rev.width350.jpg"]},{"from":202,"to":210,"title":"RIC IV Septimius Severus 288 (denarius). 1948.19.1468","image_urls":["http://numismatics.org/collectionimages/19001949/1948/1948.19.1468.rev.width350.jpg"]},{"from":202,"to":205,"title":"RIC IV Caracalla 365A. 1948.19.1648","image_urls":["http://numismatics.org/collectionimages/19001949/1948/1948.19.1648.rev.width350.jpg"]},{"from":202,"to":205,"title":"RIC IV Caracalla 361 (denarius). 1995.11.1473","image_urls":["http://numismatics.org/collectionimages/19501999/1995/1995.11.1473.rev.width350.jpg"]},{"from":202,"to":205,"title":"RIC IV Caracalla 369 (denarius). 1905.57.555","image_urls":["http://numismatics.org/collectionimages/19001949/1905/1905.57.555.rev.width350.jpg"]},{"from":202,"to":205,"title":"RIC IV Caracalla 359 (denarius). 1987.26.203","image_urls":["http://numismatics.org/collectionimages/19501999/1987/1987.26.203.rev.width350.jpg"]},{"from":202,"to":210,"title":"RIC IV Septimius Severus 308. 1944.100.50214","image_urls":["http://numismatics.org/collectionimages/19001949/1944/1944.100.50214.rev.width350.jpg"]},{"from":202,"to":210,"title":"RIC IV Septimius Severus 252. 1980.109.353","image_urls":["http://numismatics.org/collectionimages/19501999/1980/1980.109.353.rev.width350.jpg"]},{"from":202,"to":210,"title":"RIC IV Septimius Severus 265. 1956.28.289","image_urls":["http://numismatics.org/collectionimages/19501999/1956/1956.28.289.rev.width350.jpg"]},{"from":202,"to":210,"title":"RIC IV Septimius Severus 255. 1973.17.10","image_urls":["http://numismatics.org/collectionimages/19501999/1973/1973.17.10.rev.width350.jpg"]},{"from":202,"to":210,"title":"RIC IV Septimius Severus 309 (denarius). 1944.100.50217","image_urls":["http://numismatics.org/collectionimages/19001949/1944/1944.100.50217.rev.width350.jpg"]},{"from":202,"to":210,"title":"RIC IV Septimius Severus 271. 1954.81.2","image_urls":["http://numismatics.org/collectionimages/19501999/1954/1954.81.2.rev.width350.jpg"]},{"from":202,"to":205,"title":"RIC IV Caracalla 369 (denarius). 1905.57.554","image_urls":["http://numismatics.org/collectionimages/19001949/1905/1905.57.554.rev.width350.jpg"]},{"from":202,"to":205,"title":"Bronze Coin, Corinth, AD 202 - AD 205. 1944.100.38629","image_urls":["http://numismatics.org/collectionimages/19001949/1944/1944.100.38629.rev.width350.jpg"]},{"from":202,"to":205,"title":"RIC IV Caracalla 362 (denarius). 1995.11.1472","image_urls":["http://numismatics.org/collectionimages/19501999/1995/1995.11.1472.rev.width350.jpg"]},{"from":202,"to":205,"title":"RIC IV Caracalla 372. 1941.131.897","image_urls":["http://numismatics.org/collectionimages/19001949/1941/1941.131.897.rev.width350.jpg"]},{"from":202,"to":210,"title":"RIC IV Septimius Severus 286. 1986.161.124","image_urls":["http://numismatics.org/collectionimages/19501999/1986/1986.161.124.rev.width350.jpg"]},{"from":202,"to":210,"title":"RIC IV Septimius Severus 266 (denarius). 1935.117.477","image_urls":["http://numismatics.org/collectionimages/19001949/1935/1935.117.477.rev.width350.jpg"]},{"from":202,"to":205,"title":"RIC IV Caracalla 363A. 1935.117.576","image_urls":["http://numismatics.org/collectionimages/19001949/1935/1935.117.576.rev.width350.jpg"]},{"from":202,"to":210,"title":"RIC IV Septimius Severus 248. 1948.19.1460","image_urls":["http://numismatics.org/collectionimages/19001949/1948/1948.19.1460.rev.width350.jpg"]},{"from":202,"to":210,"title":"RIC IV Septimius Severus 254. 1944.100.50192","image_urls":["http://numismatics.org/collectionimages/19001949/1944/1944.100.50192.rev.width350.jpg"]},{"from":202,"to":205,"title":"RIC IV Caracalla 363A. 1948.19.1646","image_urls":["http://numismatics.org/collectionimages/19001949/1948/1948.19.1646.rev.width350.jpg"]},{"from":202,"to":210,"title":"RIC IV Septimius Severus 288 (denarius). 1948.19.1469","image_urls":["http://numismatics.org/collectionimages/19001949/1948/1948.19.1469.rev.width350.jpg"]},{"from":202,"to":210,"title":"RIC IV Septimius Severus 261. 1991.8.15","image_urls":["http://numismatics.org/collectionimages/19501999/1991/1991.8.15.rev.width350.jpg"]},{"from":202,"to":210,"title":"RIC IV Septimius Severus 295 (denarius). 1935.117.480","image_urls":["http://numismatics.org/collectionimages/19001949/1935/1935.117.480.rev.width350.jpg"]},{"from":202,"to":205,"title":"Bronze Coin, Corinth, AD 202 - AD 205. 1944.100.38626","image_urls":["http://numismatics.org/collectionimages/19001949/1944/1944.100.38626.rev.width350.jpg"]},{"from":202,"to":210,"title":"RIC IV Septimius Severus 295 (denarius). 1978.64.455","image_urls":["http://numismatics.org/collectionimages/19501999/1978/1978.64.455.rev.width350.jpg"]},{"from":202,"to":210,"title":"RIC IV Septimius Severus 265. 1948.19.1466","image_urls":["http://numismatics.org/collectionimages/19001949/1948/1948.19.1466.rev.width350.jpg"]},{"from":202,"to":205,"title":"RIC IV Caracalla 359 (denarius). 1995.1.25","image_urls":["http://numismatics.org/collectionimages/19501999/1995/1995.1.25.rev.width350.jpg"]},{"from":202,"to":210,"title":"RIC IV Septimius Severus 284. 1951.117.29","image_urls":["http://numismatics.org/collectionimages/19501999/1951/1951.117.29.rev.width350.jpg"]},{"from":202,"to":210,"title":"RIC IV Septimius Severus 295 (denarius). 1948.19.1472","image_urls":["http://numismatics.org/collectionimages/19001949/1948/1948.19.1472.rev.width350.jpg"]},{"from":202,"to":205,"title":"RIC IV Caracalla 372. 1944.100.51734","image_urls":["http://numismatics.org/collectionimages/19001949/1944/1944.100.51734.rev.width350.jpg"]},{"from":202,"to":205,"title":"RIC IV Caracalla 367 (denarius). 1944.100.51728","image_urls":["http://numismatics.org/collectionimages/19001949/1944/1944.100.51728.rev.width350.jpg"]},{"from":202,"to":205,"title":"RIC IV Caracalla 365A. 1948.19.1649","image_urls":["http://numismatics.org/collectionimages/19001949/1948/1948.19.1649.rev.width350.jpg"]},{"from":202,"to":210,"title":"RIC IV Septimius Severus 264a. 1948.19.1463","image_urls":["http://numismatics.org/collectionimages/19001949/1948/1948.19.1463.rev.width350.jpg"]},{"from":202,"to":205,"title":"RIC IV Caracalla 361 (denarius). 1948.19.1640","image_urls":["http://numismatics.org/collectionimages/19001949/1948/1948.19.1640.rev.width350.jpg"]},{"from":202,"to":210,"title":"RIC IV Septimius Severus 261. 1974.26.1592","image_urls":["http://numismatics.org/collectionimages/19501999/1974/1974.26.1592.rev.width350.jpg"]},{"from":202,"to":205,"title":"RIC IV Caracalla 369 (denarius). 1948.19.1655","image_urls":["http://numismatics.org/collectionimages/19001949/1948/1948.19.1655.rev.width350.jpg"]},{"from":202,"to":205,"title":"Bronze Assarion, Gythium, AD 202 - AD 205. 2006.31.73","image_urls":["http://numismatics.org/collectionimages/20002049/2006/2006.31.73.rev.width350.jpg"]},{"from":202,"to":210,"title":"RIC IV Caracalla 476B. 1946.7.36","image_urls":["http://numismatics.org/collectionimages/19001949/1946/1946.7.36.rev.width350.jpg"]},{"from":202,"to":210,"title":"RIC IV Septimius Severus 299 (denarius). 1995.11.1514","image_urls":["http://numismatics.org/collectionimages/19501999/1995/1995.11.1514.rev.width350.jpg"]},{"from":202,"to":205,"title":"RIC IV Caracalla 362 (denarius). 1948.19.1643","image_urls":["http://numismatics.org/collectionimages/19001949/1948/1948.19.1643.rev.width350.jpg"]},{"from":202,"to":210,"title":"RIC IV Septimius Severus 288 (aureus). 1944.100.50208","image_urls":["http://numismatics.org/collectionimages/19001949/1944/1944.100.50208.rev.width350.jpg"]},{"from":202,"to":210,"title":"RIC IV Septimius Severus 265. 1944.100.50198","image_urls":["http://numismatics.org/collectionimages/19001949/1944/1944.100.50198.rev.width350.jpg"]},{"from":202,"to":205,"title":"RIC IV Caracalla 367 (denarius). 1991.9.79","image_urls":["http://numismatics.org/collectionimages/19501999/1991/1991.9.79.rev.width350.jpg"]},{"from":202,"to":210,"title":"RIC IV Septimius Severus 829C. 1944.100.50307","image_urls":["http://numismatics.org/collectionimages/19001949/1944/1944.100.50307.rev.width350.jpg"]},{"from":202,"to":205,"title":"RIC IV Caracalla 367 (denarius). 1948.19.1652","image_urls":["http://numismatics.org/collectionimages/19001949/1948/1948.19.1652.rev.width350.jpg"]},{"from":202,"to":205,"title":"RIC IV Caracalla 361 (denarius). 1905.57.553","image_urls":["http://numismatics.org/collectionimages/19001949/1905/1905.57.553.rev.width350.jpg"]},{"from":202,"to":205,"title":"RIC IV Caracalla 367 (denarius). 1941.131.896","image_urls":["http://numismatics.org/collectionimages/19001949/1941/1941.131.896.rev.width350.jpg"]},{"from":202,"to":210,"title":"RIC IV Septimius Severus 248. 1944.100.50190","image_urls":["http://numismatics.org/collectionimages/19001949/1944/1944.100.50190.rev.width350.jpg"]},{"from":202,"to":210,"title":"RIC IV Septimius Severus 308. 1935.117.481","image_urls":["http://numismatics.org/collectionimages/19001949/1935/1935.117.481.rev.width350.jpg"]},{"from":202,"to":210,"title":"RIC IV Septimius Severus 830A. 1944.100.50308","image_urls":["http://numismatics.org/collectionimages/19001949/1944/1944.100.50308.rev.width350.jpg"]},{"from":202,"to":205,"title":"RIC IV Caracalla 369 (denarius). 1995.1.24","image_urls":["http://numismatics.org/collectionimages/19501999/1995/1995.1.24.rev.width350.jpg"]},{"from":202,"to":205,"title":"RIC IV Caracalla 361 (denarius). 1944.100.51722","image_urls":["http://numismatics.org/collectionimages/19001949/1944/1944.100.51722.rev.width350.jpg"]},{"from":202,"to":210,"title":"RIC IV Septimius Severus 308. 1957.172.1775","image_urls":["http://numismatics.org/collectionimages/19501999/1957/1957.172.1775.rev.width350.jpg"]}]