[{"from":203,"to":203,"title":"SOM-A8F0A7: A coin issued by Caracalla","image_urls":["https://finds.org.uk/images/annab/SOM-A8F0A7.jpg"]},{"from":203,"to":208,"title":"SF-307273: A coin issued by Geta","image_urls":["https://finds.org.uk/images/abrown/Fulbourn_SF-307273.jpg"]},{"from":203,"to":208,"title":"NCL-F09791: A coin issued by Geta","image_urls":["https://finds.org.uk/images/pwalton/709.jpg"]},{"from":203,"to":208,"title":"NARC-AC44D6: A coin issued by Geta","image_urls":["https://finds.org.uk/images/tbrindle/NARC-AC44D6.jpg"]},{"from":203,"to":208,"title":"NLM-9EB777: A coin issued by Geta","image_urls":["https://finds.org.uk/images/mforeman/NLM24775.jpg"]},{"from":203,"to":203,"title":"BM-EEBB65: A coin issued by Septimius Severus","image_urls":["https://finds.org.uk/images/jasonlundock/5212a.jpg"]},{"from":203,"to":209,"title":"YORYM-587ED8: A coin issued by Geta","image_urls":["https://finds.org.uk/images/rebeccam/KSB0164.jpg"]},{"from":203,"to":208,"title":"SOM-D58F82: A coin issued by Geta","image_urls":["https://finds.org.uk/images/elburnett/SOM-D58F82.JPG"]},{"from":203,"to":208,"title":"NCL-EEE104: A coin issued by Geta","image_urls":["https://finds.org.uk/images/pwalton/831.jpg"]},{"from":203,"to":203,"title":"LEIC-DCB534: A coin issued by Septimius Severus","image_urls":["https://finds.org.uk/images/wscott/DCB534.JPG"]},{"from":203,"to":203,"title":"LEIC-692D02: A coin issued by Caracalla","image_urls":["https://finds.org.uk/images/wscott/692D02.JPG"]},{"from":203,"to":208,"title":"WMID-E4CFD6: A coin issued by Geta","image_urls":["https://finds.org.uk/images/tbrindle/wmid-e4cfd6.jpg"]},{"from":203,"to":208,"title":"DUR-D64AE1: A coin issued by Geta","image_urls":["https://finds.org.uk/images/frances/DUR-D64AE1.jpg"]},{"from":203,"to":204,"title":"WILT-0C6EA5: A coin issued by Caracalla","image_urls":["https://finds.org.uk/images/rhenry2/WILT-0C6EA5.jpg"]},{"from":203,"to":203,"title":"NLM-57BF65: A coin issued by Geta","image_urls":["https://finds.org.uk/images/mforeman/NLM23503.jpg"]},{"from":203,"to":208,"title":"ESS-C7EBA8: A coin issued by Geta","image_urls":["https://finds.org.uk/images/lmclean/ESS-C7EB81.jpg"]},{"from":203,"to":203,"title":"LIN-AC31F1: A coin issued by Geta","image_urls":["https://finds.org.uk/images/adaubney/LIN2011-720.jpg"]},{"from":203,"to":203,"title":"DUR-06F606: A coin issued by Julia Domna","image_urls":["https://finds.org.uk/images/frances/stoker%20denarius%20DUR-06F606.jpg"]},{"from":203,"to":203,"title":"WMID-BEE7C5: A coin issued by Caracalla","image_urls":["https://finds.org.uk/images/tgilmore/WMID-BEE7C5.jpg"]},{"from":203,"to":208,"title":"ESS-05063E: A coin issued by Geta","image_urls":["https://finds.org.uk/images/ellyfair/ESS-05063E.jpg"]},{"from":203,"to":207,"title":"NLM-9DB991: A coin issued by Septimius Severus","image_urls":["https://finds.org.uk/images/lstaves/NLM13256.jpg"]},{"from":203,"to":203,"title":"LIN-EF5647: A coin issued by Septimius Severus","image_urls":["https://finds.org.uk/images/adaubney/LIN8466.JPG"]},{"from":203,"to":208,"title":"NCL-EE9968: A coin issued by Geta","image_urls":["https://finds.org.uk/images/pwalton/1127.jpg"]},{"from":203,"to":204,"title":"WMID-99F964: A coin issued by Caracalla","image_urls":["https://finds.org.uk/images/tgilmore/WMID-99F964.jpg"]},{"from":203,"to":208,"title":"WMID-64BFD1: A coin issued by Geta","image_urls":["https://finds.org.uk/images/tgilmore/WMID-64BFD1.jpg"]},{"from":203,"to":203,"title":"NCL-E76BB8: A coin issued by Septimius Severus","image_urls":["https://finds.org.uk/images/pwalton/755.jpg"]},{"from":203,"to":208,"title":"RIC IV Geta 51. 1944.100.51775","image_urls":["http://numismatics.org/collectionimages/19001949/1944/1944.100.51775.rev.width350.jpg"]},{"from":203,"to":208,"title":"RIC IV Geta 134b. 1978.202.2","image_urls":["http://numismatics.org/collectionimages/19501999/1978/1978.202.2.rev.width350.jpg"]},{"from":203,"to":204,"title":"Silver Tetradrachm, Seleuceia ad Tigrim, AD 203 - AD 204. 1944.100.83498","image_urls":["http://numismatics.org/collectionimages/19001949/1944/1944.100.83498.rev.width350.jpg"]},{"from":203,"to":208,"title":"RIC IV Geta 51. 1935.117.587","image_urls":["http://numismatics.org/collectionimages/19001949/1935/1935.117.587.rev.width350.jpg"]},{"from":203,"to":208,"title":"RIC IV Geta 29. 1995.1.30","image_urls":["http://numismatics.org/collectionimages/19501999/1995/1995.1.30.rev.width350.jpg"]},{"from":203,"to":208,"title":"RIC IV Geta 38B. 1948.19.1672","image_urls":["http://numismatics.org/collectionimages/19001949/1948/1948.19.1672.rev.width350.jpg"]},{"from":203,"to":208,"title":"RIC IV Geta 38B. 1995.11.1467","image_urls":["http://numismatics.org/collectionimages/19501999/1995/1995.11.1467.rev.width350.jpg"]},{"from":203,"to":208,"title":"RIC IV Geta 44 (denarius). 1935.117.586","image_urls":["http://numismatics.org/collectionimages/19001949/1935/1935.117.586.rev.width350.jpg"]},{"from":203,"to":208,"title":"RIC IV Geta 38B. 1944.100.51768","image_urls":["http://numismatics.org/collectionimages/19001949/1944/1944.100.51768.rev.width350.jpg"]},{"from":203,"to":208,"title":"RIC IV Geta 34B. 1948.19.1675","image_urls":["http://numismatics.org/collectionimages/19001949/1948/1948.19.1675.rev.width350.jpg"]},{"from":203,"to":208,"title":"RIC IV Geta 36. 1985.140.167","image_urls":["http://numismatics.org/collectionimages/19501999/1985/1985.140.167.rev.width350.jpg"]},{"from":203,"to":208,"title":"RIC IV Geta 38B. 1944.100.51769","image_urls":["http://numismatics.org/collectionimages/19001949/1944/1944.100.51769.rev.width350.jpg"]},{"from":203,"to":208,"title":"RIC IV Geta 30. 1996.4.7","image_urls":["http://numismatics.org/collectionimages/19501999/1996/1996.4.7.rev.width350.jpg"]},{"from":203,"to":208,"title":"RIC IV Geta 57. 1944.100.51777","image_urls":["http://numismatics.org/collectionimages/19001949/1944/1944.100.51777.rev.width350.jpg"]},{"from":203,"to":208,"title":"RIC IV Geta 51. 1995.11.1466","image_urls":["http://numismatics.org/collectionimages/19501999/1995/1995.11.1466.rev.width350.jpg"]},{"from":203,"to":208,"title":"RIC IV Geta 34B. 1944.100.51770","image_urls":["http://numismatics.org/collectionimages/19001949/1944/1944.100.51770.rev.width350.jpg"]},{"from":203,"to":208,"title":"RIC IV Geta 38B. 1935.117.585","image_urls":["http://numismatics.org/collectionimages/19001949/1935/1935.117.585.rev.width350.jpg"]},{"from":203,"to":208,"title":"RIC IV Geta 34B. 1948.19.1676","image_urls":["http://numismatics.org/collectionimages/19001949/1948/1948.19.1676.rev.width350.jpg"]},{"from":203,"to":208,"title":"RIC IV Geta 30. 1944.100.51767","image_urls":["http://numismatics.org/collectionimages/19001949/1944/1944.100.51767.rev.width350.jpg"]},{"from":203,"to":208,"title":"RIC IV Geta 34B. 1948.19.1674","image_urls":["http://numismatics.org/collectionimages/19001949/1948/1948.19.1674.rev.width350.jpg"]},{"from":203,"to":208,"title":"RIC IV Geta 34B. 1991.9.85","image_urls":["http://numismatics.org/collectionimages/19501999/1991/1991.9.85.rev.width350.jpg"]},{"from":203,"to":208,"title":"RIC IV Geta 46. 1944.100.51773","image_urls":["http://numismatics.org/collectionimages/19001949/1944/1944.100.51773.rev.width350.jpg"]},{"from":203,"to":208,"title":"RIC IV Geta 51. 1956.28.332","image_urls":["http://numismatics.org/collectionimages/19501999/1956/1956.28.332.rev.width350.jpg"]},{"from":203,"to":208,"title":"RIC IV Geta 28. 1955.21.20","image_urls":["http://numismatics.org/collectionimages/19501999/1955/1955.21.20.rev.width350.jpg"]},{"from":203,"to":208,"title":"RIC IV Geta 37B. 1995.11.1815","image_urls":["http://numismatics.org/collectionimages/19501999/1995/1995.11.1815.rev.width350.jpg"]},{"from":203,"to":208,"title":"RIC IV Geta 51. 1941.131.898","image_urls":["http://numismatics.org/collectionimages/19001949/1941/1941.131.898.rev.width350.jpg"]},{"from":203,"to":208,"title":"RIC IV Geta 35. 1951.188.4","image_urls":["http://numismatics.org/collectionimages/19501999/1951/1951.188.4.rev.width350.jpg"]},{"from":203,"to":208,"title":"RIC IV Geta 34B. 1944.100.51771","image_urls":["http://numismatics.org/collectionimages/19001949/1944/1944.100.51771.rev.width350.jpg"]},{"from":203,"to":208,"title":"RIC IV Geta 34B. 2000.5.30","image_urls":["http://numismatics.org/collectionimages/20002049/2000/2000.5.30.rev.width350.jpg"]},{"from":203,"to":208,"title":"RIC IV Geta 28. 1948.19.1673","image_urls":["http://numismatics.org/collectionimages/19001949/1948/1948.19.1673.rev.width350.jpg"]},{"from":203,"to":208,"title":"RIC IV Geta 34A. 1995.11.1468","image_urls":["http://numismatics.org/collectionimages/19501999/1995/1995.11.1468.rev.width350.jpg"]},{"from":203,"to":208,"title":"RIC IV Geta 51. 1980.109.364","image_urls":["http://numismatics.org/collectionimages/19501999/1980/1980.109.364.rev.width350.jpg"]},{"from":203,"to":208,"title":"RIC IV Geta 46. 1944.100.51772","image_urls":["http://numismatics.org/collectionimages/19001949/1944/1944.100.51772.rev.width350.jpg"]},{"from":203,"to":208,"title":"RIC IV Geta 51. 1995.1.31","image_urls":["http://numismatics.org/collectionimages/19501999/1995/1995.1.31.rev.width350.jpg"]},{"from":203,"to":208,"title":"RIC IV Geta 34B. 1955.21.21","image_urls":["http://numismatics.org/collectionimages/19501999/1955/1955.21.21.rev.width350.jpg"]},{"from":203,"to":208,"title":"RIC IV Geta 51. 1944.100.51774","image_urls":["http://numismatics.org/collectionimages/19001949/1944/1944.100.51774.rev.width350.jpg"]},{"from":203,"to":208,"title":"RIC IV Geta 34B. 1995.1.32","image_urls":["http://numismatics.org/collectionimages/19501999/1995/1995.1.32.rev.width350.jpg"]},{"from":203,"to":208,"title":"RIC IV Geta 52. 1944.100.51776","image_urls":["http://numismatics.org/collectionimages/19001949/1944/1944.100.51776.rev.width350.jpg"]}]