[{"from":204,"to":204,"title":"LEIC-F19902: A coin issued by Julia Domna","image_urls":["https://finds.org.uk/images/wscott/F19902.JPG"]},{"from":204,"to":208,"title":"BM-CF2625: A coin issued by Septimius Severus","image_urls":["https://finds.org.uk/images/jasonlundock/6001edit.jpg"]},{"from":204,"to":204,"title":"YORYM-97EE74: A coin issued by Septimius Severus","image_urls":["https://finds.org.uk/images/bmorris/BR1067.jpg"]},{"from":204,"to":204,"title":"LEIC-1AC412: A coin issued by Septimius Severus","image_urls":["https://finds.org.uk/images/philharding/CAD2300c.jpg"]},{"from":204,"to":206,"title":"WAW-790BE4: A coin issued by Septimius Severus","image_urls":["https://finds.org.uk/images/rshenry/WAW-790BE4.jpg"]},{"from":204,"to":204,"title":"SWYOR-BB82D6: A coin issued by Septimius Severus","image_urls":["https://finds.org.uk/images/bloom/PAS_1505_denarius.jpg"]},{"from":204,"to":204,"title":"SWYOR-26D6C4: A coin issued by Julia Domna","image_urls":["https://finds.org.uk/images/acooper/PAS_1181_8.jpg"]},{"from":204,"to":204,"title":"LEIC-190FD3: A coin issued by Septimius Severus","image_urls":["https://finds.org.uk/images/woomi/DSCN6553.JPG"]},{"from":204,"to":204,"title":"DEV-067E47: A coin issued by Septimius Severus","image_urls":["https://finds.org.uk/images/dwootton/DEV-067E47%20Topsham%20Severus%20denarius.jpg"]},{"from":204,"to":204,"title":"SUSS-06B894: A coin issued by Septimius Severus","image_urls":["https://finds.org.uk/images/lwilson/1-144g.jpg"]},{"from":204,"to":204,"title":"LEIC-A45AD3: A coin issued by Septimius Severus","image_urls":["https://finds.org.uk/images/rebecca/LEIC-A45AD3.JPG"]},{"from":204,"to":204,"title":"BERK-2DBB02: A coin issued by Caracalla","image_urls":["https://finds.org.uk/images/abyard/2013968.jpg"]},{"from":204,"to":204,"title":"CAM-E05397: A coin issued by Septimius Severus","image_urls":["https://finds.org.uk/images/egill/cam-e05397.jpg"]},{"from":204,"to":205,"title":"Silver Tetradrachm, Seleuceia ad Tigrim, AD 204 - AD 205. 1944.100.83489","image_urls":["http://numismatics.org/collectionimages/19001949/1944/1944.100.83489.rev.width350.jpg"]}]