[{"from":205,"to":205,"title":"CAM-481DD1: A coin issued by Caracalla","image_urls":["https://finds.org.uk/images/pjw/CAM_481DD1.jpg"]},{"from":205,"to":205,"title":"ESS-D6E853: A coin issued by Caracalla","image_urls":["https://finds.org.uk/images/lpooley/Dscn3407.jpg"]},{"from":205,"to":205,"title":"PUBLIC-8561F6: A coin issued by Caracalla","image_urls":["https://finds.org.uk/images/kiwidigger/Caracalla%20denarius%20205%20reverse.JPG"]},{"from":205,"to":205,"title":"DENO-5E6115: A coin issued by Geta","image_urls":["https://finds.org.uk/images/cburrill2/E7826_Rom_Denarius.jpg"]},{"from":205,"to":205,"title":"SUSS-6E9814: A coin issued by Caracalla","image_urls":["https://finds.org.uk/images/lwilson/1-176i.jpg"]},{"from":205,"to":205,"title":"WMID-4781E7: A coin issued by Septimius Severus","image_urls":["https://finds.org.uk/images/tgilmore/WMID-4781E7.JPG"]},{"from":205,"to":205,"title":"BH-0FD6F6: A coin issued by Septimius Severus","image_urls":["https://finds.org.uk/images/jwatters/Roman%20coin%2007%20119%20-%2048.jpg"]},{"from":205,"to":207,"title":"HESH-F4755D: A coin issued by Caracalla","image_urls":["https://finds.org.uk/images/preavill/HESHF4755D.jpg"]},{"from":205,"to":207,"title":"HAMP-EAC4BE: A coin issued by Caracalla","image_urls":["https://finds.org.uk/images/khindshamp/HAMPEAC4BE.jpg"]},{"from":205,"to":205,"title":"YORYM-3748B7: A coin issued by Septimius Severus","image_urls":["https://finds.org.uk/images/yorkvol/CSh0021.jpg"]},{"from":205,"to":205,"title":"DENO-668521: A coin issued by Caracalla","image_urls":["https://finds.org.uk/images/arohde/E6048%20denarius.jpg"]},{"from":205,"to":205,"title":"CORN-DC2C47: A coin issued by Geta","image_urls":["https://finds.org.uk/images/atyacke/GetaMinervadenobv.jpg"]},{"from":205,"to":205,"title":"LEIC-820FD4: A coin issued by Caracalla","image_urls":["https://finds.org.uk/images/wscott/820FD4.JPG"]},{"from":205,"to":207,"title":"SF-633D85: A coin issued by Caracalla","image_urls":["https://finds.org.uk/images/abrown/STT_SF-633D85.jpg"]},{"from":205,"to":205,"title":"BM-520EC6: A coin issued by Caracalla","image_urls":["https://finds.org.uk/images/jasonlundock/5495.jpg"]},{"from":205,"to":205,"title":"SOM-A71554: A coin issued by Geta","image_urls":["https://finds.org.uk/images/elburnett/SOM-A71554.JPG"]},{"from":205,"to":205,"title":"IOW-A5B632: A coin issued by Septimius Severus","image_urls":["https://finds.org.uk/images/fbasford/IOW2007-1-607.JPG"]},{"from":205,"to":205,"title":"WILT-E42113: A coin issued by Geta","image_urls":["https://finds.org.uk/images/khinds/WILT-E42113.jpg"]},{"from":205,"to":205,"title":"LEIC-64D425: A coin issued by Caracalla","image_urls":["https://finds.org.uk/images/wscott/64D425.JPG"]},{"from":205,"to":205,"title":"WMID-0F0CA6: A coin issued by Geta","image_urls":["https://finds.org.uk/images/tbrindle/WMID-0F0CA6.jpg"]},{"from":205,"to":208,"title":"WAW-0FB974: A coin issued by Septimius Severus","image_urls":["https://finds.org.uk/images/abolton/WAW-0FB974.jpg"]},{"from":205,"to":206,"title":"Silver Tetradrachm, Seleuceia ad Tigrim, AD 205 - AD 206. 1944.100.83499","image_urls":["http://numismatics.org/collectionimages/19001949/1944/1944.100.83499.rev.width350.jpg"]},{"from":205,"to":207,"title":"RIC IV Caracalla 87a. 1955.21.17","image_urls":["http://numismatics.org/collectionimages/19501999/1955/1955.21.17.rev.width350.jpg"]},{"from":205,"to":211,"title":"Bronze As of Septimius Severus, Rome, AD 205 - AD 211. 1998.73.1","image_urls":["http://numismatics.org/collectionimages/19501999/1998/1998.73.1.rev.width350.jpg"]},{"from":205,"to":207,"title":"RIC IV Caracalla 86. 1944.100.51429","image_urls":["http://numismatics.org/collectionimages/19001949/1944/1944.100.51429.rev.width350.jpg"]}]