[{"from":206,"to":206,"title":"BM-ED28A5: A coin issued by Septimius Severus","image_urls":["https://finds.org.uk/images/rhenry3/BM-ED28A5.jpg"]},{"from":206,"to":206,"title":"SWYOR-BA58C4: A coin issued by Caracalla","image_urls":["https://finds.org.uk/images/dcrowther/PAS_1125_58c4.jpg"]},{"from":206,"to":210,"title":"GLO-2E3693: A coin issued by Caracalla","image_urls":["https://finds.org.uk/images/kadams/GLO2E3693.jpg"]},{"from":206,"to":206,"title":"LVPL-DBDED4: A coin issued by Caracalla","image_urls":["https://finds.org.uk/images/voakden/LVPL-DBDED4.JPG"]},{"from":206,"to":207,"title":"SWYOR-973023: A coin issued by Caracalla","image_urls":["https://finds.org.uk/images/acooper/PAS_1049_denarius.jpg"]},{"from":206,"to":206,"title":"BH-8A1627: A coin issued by Julia Domna","image_urls":["https://finds.org.uk/images/jwatters/Roman%20coin%2008%20136%20-%2010.jpg"]},{"from":206,"to":210,"title":"BM-EF5826: A coin issued by Caracalla","image_urls":["https://finds.org.uk/images/jasonlundock/5201.jpg"]},{"from":206,"to":210,"title":"BM-74B1C3: A coin issued by Caracalla","image_urls":["https://finds.org.uk/images/jasonlundock/911.jpg"]},{"from":206,"to":210,"title":"BM-51CA55: A coin issued by Caracalla","image_urls":["https://finds.org.uk/images/jasonlundock/5483.jpg"]},{"from":206,"to":206,"title":"SUSS-755740: A coin issued by Caracalla","image_urls":["https://finds.org.uk/images/lburnett/SUSS-755740.jpg"]},{"from":206,"to":210,"title":"BM-F08D44: A coin issued by Caracalla","image_urls":["https://finds.org.uk/images/jasonlundock/5269.jpg"]},{"from":206,"to":206,"title":"FAPJW-610E80: A coin issued by Caracalla","image_urls":["https://finds.org.uk/images/pwalton/7021.jpg"]},{"from":206,"to":210,"title":"SOM-E8E8E3: A coin issued by Caracalla","image_urls":["https://finds.org.uk/images/annab/SOM-E8E8E3.jpg"]},{"from":206,"to":206,"title":"LEIC-D80555: A coin issued by Caracalla","image_urls":["https://finds.org.uk/images/wscott/D80555%20.JPG"]},{"from":206,"to":206,"title":"SF-9769C5: A coin issued by Caracalla","image_urls":["https://finds.org.uk/images/abrown/WMH_SF-9769C5.jpg"]},{"from":206,"to":210,"title":"YORYM-A54F52: A coin issued by Caracalla","image_urls":["https://finds.org.uk/images/ellie/BB%20885.jpg"]},{"from":206,"to":210,"title":"BM-084B64: A coin issued by Caracalla","image_urls":["https://finds.org.uk/images/beckyd/5247.jpg"]},{"from":206,"to":206,"title":"SWYOR-C87B01: A coin issued by Caracalla","image_urls":["https://finds.org.uk/images/acooper/PAS_782_caracalla_coin.jpg"]},{"from":206,"to":210,"title":"BM-EFA427: A coin issued by Julia Domna","image_urls":["https://finds.org.uk/images/jasonlundock/5245.jpg"]},{"from":206,"to":206,"title":"DUR-7B67C8: A coin issued by Caracalla","image_urls":["https://finds.org.uk/images/brander/IMG_5516.jpg"]},{"from":206,"to":207,"title":"Gold Aureus of Septimius Severus, Rome, AD 206 - AD 207. 1998.114.2","image_urls":["http://numismatics.org/collectionimages/19501999/1998/1998.114.2.rev.width350.jpg"]},{"from":206,"to":210,"title":"RIC IV Caracalla 179. 1944.100.51439","image_urls":["http://numismatics.org/collectionimages/19001949/1944/1944.100.51439.rev.width350.jpg"]},{"from":206,"to":210,"title":"Silver Denarius, Rome, AD 206 - AD 210. 2015.12.18","image_urls":["http://numismatics.org/collectionimages/20002049/2015/2015.12.18.rev.width350.jpg"]},{"from":206,"to":210,"title":"RIC IV Caracalla 176. 1944.100.51438","image_urls":["http://numismatics.org/collectionimages/19001949/1944/1944.100.51438.rev.width350.jpg"]},{"from":206,"to":210,"title":"RIC IV Caracalla 155 (denarius). 1999.52.1","image_urls":["http://numismatics.org/collectionimages/19501999/1999/1999.52.1.rev.width350.jpg"]},{"from":206,"to":210,"title":"RIC IV Caracalla 175. 1905.57.517","image_urls":["http://numismatics.org/collectionimages/19001949/1905/1905.57.517.rev.width350.jpg"]},{"from":206,"to":210,"title":"RIC IV Caracalla 161. 1944.100.51436","image_urls":["http://numismatics.org/collectionimages/19001949/1944/1944.100.51436.rev.width350.jpg"]},{"from":206,"to":210,"title":"RIC IV Caracalla 158. 1944.100.51435","image_urls":["http://numismatics.org/collectionimages/19001949/1944/1944.100.51435.rev.width350.jpg"]},{"from":206,"to":210,"title":"RIC IV Caracalla 153. 1944.100.51405","image_urls":["http://numismatics.org/collectionimages/19001949/1944/1944.100.51405.rev.width350.jpg"]},{"from":206,"to":210,"title":"RIC IV Caracalla 179. 1944.100.51440","image_urls":["http://numismatics.org/collectionimages/19001949/1944/1944.100.51440.rev.width350.jpg"]},{"from":206,"to":210,"title":"RIC IV Caracalla 181. 0000.999.22502","image_urls":["http://numismatics.org/collectionimages/00001899/0000/0000.999.22502.rev.width350.jpg"]},{"from":206,"to":210,"title":"RIC IV Caracalla 176. 1912.52.17","image_urls":["http://numismatics.org/collectionimages/19001949/1912/1912.52.17.rev.width350.jpg"]},{"from":206,"to":210,"title":"RIC IV Caracalla 158. 1935.117.527","image_urls":["http://numismatics.org/collectionimages/19001949/1935/1935.117.527.rev.width350.jpg"]},{"from":206,"to":210,"title":"RIC IV Caracalla 157. 1951.94.33","image_urls":["http://numismatics.org/collectionimages/19501999/1951/1951.94.33.rev.width350.jpg"]},{"from":206,"to":210,"title":"RIC IV Caracalla 179. 1948.19.1631","image_urls":["http://numismatics.org/collectionimages/19001949/1948/1948.19.1631.rev.width350.jpg"]},{"from":206,"to":210,"title":"RIC IV Caracalla 179. 1935.117.528","image_urls":["http://numismatics.org/collectionimages/19001949/1935/1935.117.528.rev.width350.jpg"]},{"from":206,"to":210,"title":"RIC IV Caracalla 166 (denarius). 1944.100.51437","image_urls":["http://numismatics.org/collectionimages/19001949/1944/1944.100.51437.rev.width350.jpg"]},{"from":206,"to":210,"title":"RIC IV Caracalla 168. 1985.140.141","image_urls":["http://numismatics.org/collectionimages/19501999/1985/1985.140.141.rev.width350.jpg"]},{"from":206,"to":210,"title":"RIC IV Caracalla 181. 1999.47.1","image_urls":["http://numismatics.org/collectionimages/19501999/1999/1999.47.1.rev.width350.jpg"]},{"from":206,"to":210,"title":"RIC IV Caracalla 179. 1995.11.1450","image_urls":["http://numismatics.org/collectionimages/19501999/1995/1995.11.1450.rev.width350.jpg"]},{"from":206,"to":210,"title":"RIC IV Caracalla 161. 1909.34.1","image_urls":["http://numismatics.org/collectionimages/19001949/1909/1909.34.1.rev.width350.jpg"]},{"from":206,"to":210,"title":"RIC IV Caracalla 153. 1995.110.8","image_urls":["http://numismatics.org/collectionimages/19501999/1995/1995.110.8.rev.width350.jpg"]}]