[{"from":207,"to":207,"title":"BH-553144: A coin issued by Caracalla","image_urls":["https://finds.org.uk/images/jwatters/Roman%20coin%2009%208%20-%2020.jpg"]},{"from":207,"to":207,"title":"CORN-74A400: A coin issued by Caracalla","image_urls":["https://finds.org.uk/images/atyacke/June2013finds36.JPG"]},{"from":207,"to":207,"title":"NCL-878404: A coin issued by Septimius Severus","image_urls":["https://finds.org.uk/images/pwalton/714.jpg"]},{"from":207,"to":217,"title":"BH-14FB05: A coin issued by Caracalla","image_urls":["https://finds.org.uk/images/jwatters/Roman_coin_10_38_120a.jpg"]},{"from":207,"to":207,"title":"NLM-AA18F5: A coin issued by Septimius Severus","image_urls":["https://finds.org.uk/images/mforeman/NLM13824.jpg"]},{"from":207,"to":208,"title":"WMID-8776F4: A coin issued by Septimius Severus","image_urls":["https://finds.org.uk/images/tgilmore/WMID-8776F4.jpg"]},{"from":207,"to":207,"title":"SUSS-96DB47: A coin issued by Septimius Severus","image_urls":["https://finds.org.uk/images/lburnett/SUSS-96DB47%20.JPG"]},{"from":207,"to":207,"title":"HAMP-F01245: A coin issued by Caracalla","image_urls":["https://finds.org.uk/images/rwebley/HAMP-F01245Caracalladenarius.jpg"]},{"from":207,"to":207,"title":"DEV-558175: A coin issued by Septimius Severus","image_urls":["https://finds.org.uk/images/dwootton/DEV-558175%20Roman%20denarius.jpg"]},{"from":207,"to":211,"title":"SUSS-16A0F3: A coin issued by Septimius Severus","image_urls":["https://finds.org.uk/images/lwalker/1-205f.jpg"]},{"from":207,"to":207,"title":"WMID-0AD220: A coin issued by Septimius Severus","image_urls":["https://finds.org.uk/images/tbrindle/WMID-0AD220.jpg"]},{"from":207,"to":207,"title":"NCL-0A49D3: A coin issued by Caracalla","image_urls":["https://finds.org.uk/images/pwalton/1445.jpg"]},{"from":207,"to":207,"title":"SUR-4232E0: A coin issued by Septimius Severus","image_urls":["https://finds.org.uk/images/dwilliams/11-1320.jpg"]},{"from":207,"to":207,"title":"LIN-6A1B81: A coin issued by Geta","image_urls":["https://finds.org.uk/images/adaubney/LIN5904.JPG"]},{"from":207,"to":207,"title":"SUSS-2CDF63: A coin issued by Septimius Severus","image_urls":["https://finds.org.uk/images/lburnett/SUSS-2CDF63.JPG"]},{"from":207,"to":208,"title":"Silver Tetradrachm, Seleuceia ad Tigrim, AD 207 - AD 208. 1944.100.83501","image_urls":["http://numismatics.org/collectionimages/19001949/1944/1944.100.83501.rev.width350.jpg"]}]