[{"from":208,"to":208,"title":"IOW-BEC466: A coin issued by Septimius Severus","image_urls":["https://finds.org.uk/images/fbasford/IOW2008-2-56.JPG"]},{"from":208,"to":208,"title":"SUR-E77A37: A coin issued by Septimius Severus","image_urls":["https://finds.org.uk/images/dwilliams/10.843.jpg"]},{"from":208,"to":208,"title":"YORYM-3BF8A5: A coin issued by Septimius Severus","image_urls":["https://finds.org.uk/images/bmorris/WS0030.jpg"]},{"from":208,"to":208,"title":"BERK-5AB577: A coin issued by Caracalla","image_urls":["https://finds.org.uk/images/abyard/2010670.jpg"]},{"from":208,"to":208,"title":"BM-78C896: A coin issued by Septimius Severus","image_urls":["https://finds.org.uk/images/jasonlundock/5505.jpg"]},{"from":208,"to":208,"title":"SF-B65771: A coin issued by Caracalla","image_urls":["https://finds.org.uk/images/abrown/RGV_SF-B65771.jpg"]},{"from":208,"to":228,"title":"Bronze Coin, Ecbatana, AD 208 - AD 228. 1944.100.83549","image_urls":["http://numismatics.org/collectionimages/19001949/1944/1944.100.83549.rev.width350.jpg"]},{"from":208,"to":228,"title":"Bronze Coin, Ecbatana, AD 208 - AD 228. 1944.100.83543","image_urls":["http://numismatics.org/collectionimages/19001949/1944/1944.100.83543.rev.width350.jpg"]},{"from":208,"to":228,"title":"Silver Drachm, Seleuceia ad Tigrim, AD 208 - AD 228. 1944.100.83537","image_urls":["http://numismatics.org/collectionimages/19001949/1944/1944.100.83537.rev.width350.jpg"]},{"from":208,"to":228,"title":"Silver Drachm, Seleuceia ad Tigrim, AD 208 - AD 228. 1977.158.809","image_urls":["http://numismatics.org/collectionimages/19501999/1977/1977.158.809.rev.width350.jpg"]},{"from":208,"to":228,"title":"Bronze Coin, Ecbatana, AD 208 - AD 228. 1974.226.216","image_urls":["http://numismatics.org/collectionimages/19501999/1974/1974.226.216.rev.width350.jpg"]},{"from":208,"to":228,"title":"Bronze Coin, Ecbatana, AD 208 - AD 228. 0000.999.75814","image_urls":["http://numismatics.org/collectionimages/00001899/0000/0000.999.75814.rev.width350.jpg"]},{"from":208,"to":228,"title":"Bronze Coin, Ecbatana, AD 208 - AD 228. 1944.100.83540","image_urls":["http://numismatics.org/collectionimages/19001949/1944/1944.100.83540.rev.width350.jpg"]},{"from":208,"to":228,"title":"Silver Tetradrachm, Seleuceia ad Tigrim, AD 208 - AD 228. 1991.3.64","image_urls":["http://numismatics.org/collectionimages/19501999/1991/1991.3.64.rev.width350.jpg"]},{"from":208,"to":228,"title":"Silver Drachm, Seleuceia ad Tigrim, AD 208 - AD 228. 1944.100.83531","image_urls":["http://numismatics.org/collectionimages/19001949/1944/1944.100.83531.rev.width350.jpg"]},{"from":208,"to":228,"title":"Silver Drachm, Seleuceia ad Tigrim, AD 208 - AD 228. 0000.999.75811","image_urls":["http://numismatics.org/collectionimages/00001899/0000/0000.999.75811.rev.width350.jpg"]},{"from":208,"to":228,"title":"Silver Drachm, Seleuceia ad Tigrim, AD 208 - AD 228. 1973.56.1713","image_urls":["http://numismatics.org/collectionimages/19501999/1973/1973.56.1713.rev.width350.jpg"]},{"from":208,"to":228,"title":"Silver Drachm, Seleuceia ad Tigrim, AD 208 - AD 228. 1923.150.406","image_urls":["http://numismatics.org/collectionimages/19001949/1923/1923.150.406.rev.width350.jpg"]},{"from":208,"to":228,"title":"Silver Drachm, Seleuceia ad Tigrim, AD 208 - AD 228. 1973.56.1715","image_urls":["http://numismatics.org/collectionimages/19501999/1973/1973.56.1715.rev.width350.jpg"]},{"from":208,"to":228,"title":"Silver Drachm, Seleuceia ad Tigrim, AD 208 - AD 228. 1944.100.83536","image_urls":["http://numismatics.org/collectionimages/19001949/1944/1944.100.83536.rev.width350.jpg"]},{"from":208,"to":209,"title":"Silver Tetradrachm, Seleuceia ad Tigrim, AD 208 - AD 209. 1938.50.229","image_urls":["http://numismatics.org/collectionimages/19001949/1938/1938.50.229.rev.width350.jpg"]},{"from":208,"to":228,"title":"Bronze Coin, Ecbatana, AD 208 - AD 228. 1944.100.83545","image_urls":["http://numismatics.org/collectionimages/19001949/1944/1944.100.83545.rev.width350.jpg"]},{"from":208,"to":228,"title":"Bronze Coin, Ecbatana, AD 208 - AD 228. 1944.100.83548","image_urls":["http://numismatics.org/collectionimages/19001949/1944/1944.100.83548.rev.width350.jpg"]},{"from":208,"to":228,"title":"Silver Drachm, Seleuceia ad Tigrim, AD 208 - AD 228. 1944.100.83533","image_urls":["http://numismatics.org/collectionimages/19001949/1944/1944.100.83533.rev.width350.jpg"]},{"from":208,"to":228,"title":"Bronze Coin, Ecbatana, AD 208 - AD 228. 1944.100.83542","image_urls":["http://numismatics.org/collectionimages/19001949/1944/1944.100.83542.rev.width350.jpg"]},{"from":208,"to":228,"title":"Bronze Coin, Ecbatana, AD 208 - AD 228. 1944.100.83546","image_urls":["http://numismatics.org/collectionimages/19001949/1944/1944.100.83546.rev.width350.jpg"]},{"from":208,"to":209,"title":"Silver Tetradrachm, Seleuceia ad Tigrim, AD 208 - AD 209. 1944.100.83513","image_urls":["http://numismatics.org/collectionimages/19001949/1944/1944.100.83513.rev.width350.jpg"]},{"from":208,"to":228,"title":"Silver Drachm, Seleuceia ad Tigrim, AD 208 - AD 228. 1973.56.1716","image_urls":["http://numismatics.org/collectionimages/19501999/1973/1973.56.1716.rev.width350.jpg"]},{"from":208,"to":228,"title":"Silver Drachm, Seleuceia ad Tigrim, AD 208 - AD 228. 1944.100.83534","image_urls":["http://numismatics.org/collectionimages/19001949/1944/1944.100.83534.rev.width350.jpg"]},{"from":208,"to":228,"title":"Silver Drachm, Seleuceia ad Tigrim, AD 208 - AD 228. 1944.100.83530","image_urls":["http://numismatics.org/collectionimages/19001949/1944/1944.100.83530.rev.width350.jpg"]},{"from":208,"to":228,"title":"Bronze Coin, Ecbatana, AD 208 - AD 228. 1944.100.83539","image_urls":["http://numismatics.org/collectionimages/19001949/1944/1944.100.83539.rev.width350.jpg"]},{"from":208,"to":228,"title":"Silver Drachm, Ecbatana, AD 208 - AD 228. 1991.3.65","image_urls":["http://numismatics.org/collectionimages/19501999/1991/1991.3.65.rev.width350.jpg"]},{"from":208,"to":209,"title":"Bronze Coin, Amas(e)ia, AD 208 - AD 209. 2000.5.33","image_urls":["http://numismatics.org/collectionimages/20002049/2000/2000.5.33.rev.width350.jpg"]},{"from":208,"to":228,"title":"Silver Drachm, Seleuceia ad Tigrim, AD 208 - AD 228. 1973.56.1714","image_urls":["http://numismatics.org/collectionimages/19501999/1973/1973.56.1714.rev.width350.jpg"]},{"from":208,"to":228,"title":"Silver Drachm, Ecbatana, AD 208 - AD 228. 1944.100.83553","image_urls":["http://numismatics.org/collectionimages/19001949/1944/1944.100.83553.rev.width350.jpg"]},{"from":208,"to":228,"title":"Silver Drachm, Seleuceia ad Tigrim, AD 208 - AD 228. 0000.999.75812","image_urls":["http://numismatics.org/collectionimages/00001899/0000/0000.999.75812.rev.width350.jpg"]},{"from":208,"to":228,"title":"Bronze Coin, Ecbatana, AD 208 - AD 228. 1944.100.83544","image_urls":["http://numismatics.org/collectionimages/19001949/1944/1944.100.83544.rev.width350.jpg"]},{"from":208,"to":228,"title":"Bronze Coin, Ecbatana, AD 208 - AD 228. 1944.100.83550","image_urls":["http://numismatics.org/collectionimages/19001949/1944/1944.100.83550.rev.width350.jpg"]},{"from":208,"to":228,"title":"Silver Drachm, Seleuceia ad Tigrim, AD 208 - AD 228. 1941.131.1124","image_urls":["http://numismatics.org/collectionimages/19001949/1941/1941.131.1124.rev.width350.jpg"]},{"from":208,"to":228,"title":"Bronze Coin, Ecbatana, AD 208 - AD 228. 1944.100.83547","image_urls":["http://numismatics.org/collectionimages/19001949/1944/1944.100.83547.rev.width350.jpg"]},{"from":208,"to":209,"title":"Silver Tetradrachm, Seleuceia ad Tigrim, AD 208 - AD 209. 0000.999.75809","image_urls":["http://numismatics.org/collectionimages/00001899/0000/0000.999.75809.rev.width350.jpg"]},{"from":208,"to":228,"title":"Silver Drachm, Seleuceia ad Tigrim, AD 208 - AD 228. 1944.100.83529","image_urls":["http://numismatics.org/collectionimages/19001949/1944/1944.100.83529.rev.width350.jpg"]},{"from":208,"to":228,"title":"Silver Drachm, Seleuceia ad Tigrim, AD 208 - AD 228. 1944.100.83535","image_urls":["http://numismatics.org/collectionimages/19001949/1944/1944.100.83535.rev.width350.jpg"]},{"from":208,"to":228,"title":"Bronze Coin, Ecbatana, AD 208 - AD 228. 1944.100.83538","image_urls":["http://numismatics.org/collectionimages/19001949/1944/1944.100.83538.rev.width350.jpg"]},{"from":208,"to":228,"title":"Silver Drachm, Seleuceia ad Tigrim, AD 208 - AD 228. 1944.100.83532","image_urls":["http://numismatics.org/collectionimages/19001949/1944/1944.100.83532.rev.width350.jpg"]}]