[{"from":21,"to":22,"title":"Silver Tetradrachm, Seleuceia ad Tigrim, AD 21 - AD 22. 1944.100.83012","image_urls":["http://numismatics.org/collectionimages/19001949/1944/1944.100.83012.rev.width350.jpg"]},{"from":21,"to":30,"title":"Bronze Coin of Tiberius, Leptis Magna, AD 21 - AD 30. 1944.100.79596","image_urls":["http://numismatics.org/collectionimages/19001949/1944/1944.100.79596.rev.width350.jpg"]},{"from":21,"to":22,"title":"Silver Tetradrachm, Seleuceia ad Tigrim, AD 21 - AD 22. 1944.100.83013","image_urls":["http://numismatics.org/collectionimages/19001949/1944/1944.100.83013.rev.width350.jpg"]},{"from":21,"to":22,"title":"Silver Drachm, Susa, AD 21 - AD 22. 1944.100.83105","image_urls":["http://numismatics.org/collectionimages/19001949/1944/1944.100.83105.rev.width350.jpg"]}]