[{"from":210,"to":211,"title":"NMS-8A54B5: A coin issued by Septimius Severus","image_urls":["https://finds.org.uk/images/amarsden/KLMD052012septsevden.jpg"]},{"from":210,"to":213,"title":"NCL-66FD76: A coin issued by Caracalla","image_urls":["https://finds.org.uk/images/pwalton/830.jpg"]},{"from":210,"to":212,"title":"NCL-8165A8: A coin issued by Geta","image_urls":["https://finds.org.uk/images/pwalton/4597.jpg"]},{"from":210,"to":213,"title":"FASAM-1B4CC2: A coin issued by Caracalla","image_urls":["https://finds.org.uk/images/sam/20150604_1124241.jpg"]},{"from":210,"to":210,"title":"SWYOR-22B77F: A coin issued by Julia Domna","image_urls":["https://finds.org.uk/images/acooper/PAS_2249_denarius.jpg"]},{"from":210,"to":210,"title":"LIN-751B60: A coin issued by Septimius Severus","image_urls":["https://finds.org.uk/images/adaubney/LIN2011-1311.jpg"]},{"from":210,"to":211,"title":"HAMP-ADD3B4: A coin issued by Julia Domna","image_urls":["https://finds.org.uk/images/rwebley/HAMP-ADD3B4JuliaDomnahybridenarius.jpg"]},{"from":210,"to":213,"title":"FAPJW-E0F784: A coin issued by Caracalla","image_urls":["https://finds.org.uk/images/pwalton/5078.jpg"]},{"from":210,"to":213,"title":"SF-F0FC30: A coin issued by Caracalla","image_urls":["https://finds.org.uk/images/abrown/WMH_SF-F0FC30.jpg"]},{"from":210,"to":211,"title":"NARC-11E851: A coin issued by Septimius Severus","image_urls":["https://finds.org.uk/images/tbrindle/denariusobv.jpg"]},{"from":210,"to":213,"title":"NCL-E86397: A coin issued by Caracalla","image_urls":["https://finds.org.uk/images/pwalton/762.jpg"]},{"from":210,"to":210,"title":"LON-85DDA9: A coin issued by Septimius Severus","image_urls":["https://finds.org.uk/images/paitesb123/Severus-Dec13.jpg"]},{"from":210,"to":212,"title":"LEIC-543491: A coin issued by Geta","image_urls":["https://finds.org.uk/images/wscott/543491.JPG"]},{"from":210,"to":213,"title":"SUR-90A287: A coin issued by Caracalla","image_urls":["https://finds.org.uk/images/dwilliams/DSCN1767.JPG"]},{"from":210,"to":210,"title":"DENO-A6A6DB: A coin issued by Septimius Severus","image_urls":["https://finds.org.uk/images/cburrill2/02_July_2014_ENQ_42_Denarus.jpg"]},{"from":210,"to":210,"title":"SF-071B8F: A coin issued by Geta","image_urls":["https://finds.org.uk/images/abrown/Lawford_SF071B8F.jpg"]},{"from":210,"to":217,"title":"FASAM-4AB9FB: A coin issued by Caracalla","image_urls":["https://finds.org.uk/images/sam/FASAM4AB9FBR.JPG"]},{"from":210,"to":210,"title":"BM-F002D4: A coin issued by Geta","image_urls":["https://finds.org.uk/images/jasonlundock/5204.jpg"]},{"from":210,"to":210,"title":"NLM-7316E4: A coin issued by Septimius Severus","image_urls":["https://finds.org.uk/images/mforeman/NLM16593.jpg"]},{"from":210,"to":213,"title":"RIC IV Caracalla 213. 1970.156.404","image_urls":["http://numismatics.org/collectionimages/19501999/1970/1970.156.404.rev.width350.jpg"]},{"from":210,"to":213,"title":"RIC IV Caracalla 512A. 1944.100.51682","image_urls":["http://numismatics.org/collectionimages/19001949/1944/1944.100.51682.rev.width350.jpg"]},{"from":210,"to":211,"title":"RIC IV Septimius Severus 332. 1944.100.50114","image_urls":["http://numismatics.org/collectionimages/19001949/1944/1944.100.50114.rev.width350.jpg"]},{"from":210,"to":212,"title":"RIC IV Geta 184. 1946.7.38","image_urls":["http://numismatics.org/collectionimages/19001949/1946/1946.7.38.rev.width350.jpg"]},{"from":210,"to":212,"title":"RIC IV Geta 91. 1944.100.51795","image_urls":["http://numismatics.org/collectionimages/19001949/1944/1944.100.51795.rev.width350.jpg"]},{"from":210,"to":213,"title":"RIC IV Caracalla 216. 1985.140.155","image_urls":["http://numismatics.org/collectionimages/19501999/1985/1985.140.155.rev.width350.jpg"]},{"from":210,"to":213,"title":"RIC IV Caracalla 216. 1995.11.1444","image_urls":["http://numismatics.org/collectionimages/19501999/1995/1995.11.1444.rev.width350.jpg"]},{"from":210,"to":213,"title":"RIC IV Caracalla 229A. 1956.184.58","image_urls":["http://numismatics.org/collectionimages/19501999/1956/1956.184.58.rev.width350.jpg"]},{"from":210,"to":211,"title":"RIC IV Septimius Severus 335. 1944.100.50117","image_urls":["http://numismatics.org/collectionimages/19001949/1944/1944.100.50117.rev.width350.jpg"]},{"from":210,"to":213,"title":"RIC IV Caracalla 522B. 1944.100.51687","image_urls":["http://numismatics.org/collectionimages/19001949/1944/1944.100.51687.rev.width350.jpg"]},{"from":210,"to":212,"title":"RIC IV Geta 84. 1993.34.1","image_urls":["http://numismatics.org/collectionimages/19501999/1993/1993.34.1.rev.width350.jpg"]},{"from":210,"to":211,"title":"Silver Tetradrachm, Seleuceia ad Tigrim, AD 210 - AD 211. 1944.100.83516","image_urls":["http://numismatics.org/collectionimages/19001949/1944/1944.100.83516.rev.width350.jpg"]},{"from":210,"to":211,"title":"RIC IV Septimius Severus 333. 1935.117.464","image_urls":["http://numismatics.org/collectionimages/19001949/1935/1935.117.464.rev.width350.jpg"]},{"from":210,"to":213,"title":"RIC IV Caracalla 227 (denarius). 1995.11.1443","image_urls":["http://numismatics.org/collectionimages/19501999/1995/1995.11.1443.rev.width350.jpg"]},{"from":210,"to":211,"title":"RIC IV Septimius Severus 335. 1944.100.50116","image_urls":["http://numismatics.org/collectionimages/19001949/1944/1944.100.50116.rev.width350.jpg"]},{"from":210,"to":212,"title":"RIC IV Geta 92. 1944.100.51796","image_urls":["http://numismatics.org/collectionimages/19001949/1944/1944.100.51796.rev.width350.jpg"]},{"from":210,"to":213,"title":"RIC IV Caracalla 226. 1944.100.51484","image_urls":["http://numismatics.org/collectionimages/19001949/1944/1944.100.51484.rev.width350.jpg"]},{"from":210,"to":213,"title":"RIC IV Caracalla 219. 1944.100.51478","image_urls":["http://numismatics.org/collectionimages/19001949/1944/1944.100.51478.rev.width350.jpg"]},{"from":210,"to":213,"title":"RIC IV Caracalla 512D. 1995.11.1441","image_urls":["http://numismatics.org/collectionimages/19501999/1995/1995.11.1441.rev.width350.jpg"]},{"from":210,"to":213,"title":"RIC IV Caracalla 225. 1944.100.51486","image_urls":["http://numismatics.org/collectionimages/19001949/1944/1944.100.51486.rev.width350.jpg"]},{"from":210,"to":213,"title":"RIC IV Caracalla 213. 1944.100.51471","image_urls":["http://numismatics.org/collectionimages/19001949/1944/1944.100.51471.rev.width350.jpg"]},{"from":210,"to":213,"title":"RIC IV Caracalla 223. 1944.100.51480","image_urls":["http://numismatics.org/collectionimages/19001949/1944/1944.100.51480.rev.width350.jpg"]},{"from":210,"to":213,"title":"RIC IV Caracalla 224. 1935.117.542","image_urls":["http://numismatics.org/collectionimages/19001949/1935/1935.117.542.rev.width350.jpg"]},{"from":210,"to":213,"title":"RIC IV Caracalla 216. 1935.117.539","image_urls":["http://numismatics.org/collectionimages/19001949/1935/1935.117.539.rev.width350.jpg"]},{"from":210,"to":213,"title":"RIC IV Caracalla 220. 1944.100.51477","image_urls":["http://numismatics.org/collectionimages/19001949/1944/1944.100.51477.rev.width350.jpg"]},{"from":210,"to":213,"title":"RIC IV Caracalla 511B. 1944.100.51681","image_urls":["http://numismatics.org/collectionimages/19001949/1944/1944.100.51681.rev.width350.jpg"]},{"from":210,"to":213,"title":"RIC IV Caracalla 226. 1948.19.1584","image_urls":["http://numismatics.org/collectionimages/19001949/1948/1948.19.1584.rev.width350.jpg"]},{"from":210,"to":213,"title":"RIC IV Caracalla 522A. 1940.24.2","image_urls":["http://numismatics.org/collectionimages/19001949/1940/1940.24.2.rev.width350.jpg"]},{"from":210,"to":213,"title":"RIC IV Caracalla 214. 1944.100.51473","image_urls":["http://numismatics.org/collectionimages/19001949/1944/1944.100.51473.rev.width350.jpg"]},{"from":210,"to":213,"title":"RIC IV Caracalla 223. 1948.19.1580","image_urls":["http://numismatics.org/collectionimages/19001949/1948/1948.19.1580.rev.width350.jpg"]},{"from":210,"to":211,"title":"RIC IV Septimius Severus 336. 1905.57.440","image_urls":["http://numismatics.org/collectionimages/19001949/1905/1905.57.440.rev.width350.jpg"]},{"from":210,"to":213,"title":"RIC IV Caracalla 519. 1944.100.51686","image_urls":["http://numismatics.org/collectionimages/19001949/1944/1944.100.51686.rev.width350.jpg"]},{"from":210,"to":211,"title":"RIC IV Septimius Severus 335. 1944.100.50118","image_urls":["http://numismatics.org/collectionimages/19001949/1944/1944.100.50118.rev.width350.jpg"]},{"from":210,"to":213,"title":"RIC IV Caracalla 231A. 1944.100.51488","image_urls":["http://numismatics.org/collectionimages/19001949/1944/1944.100.51488.rev.width350.jpg"]},{"from":210,"to":213,"title":"RIC IV Caracalla 227 (denarius). 1905.57.521","image_urls":["http://numismatics.org/collectionimages/19001949/1905/1905.57.521.rev.width350.jpg"]},{"from":210,"to":213,"title":"RIC IV Caracalla 213. 1985.140.153","image_urls":["http://numismatics.org/collectionimages/19501999/1985/1985.140.153.rev.width350.jpg"]},{"from":210,"to":213,"title":"RIC IV Caracalla 224. 1948.19.1583","image_urls":["http://numismatics.org/collectionimages/19001949/1948/1948.19.1583.rev.width350.jpg"]},{"from":210,"to":213,"title":"RIC IV Caracalla 231A. 1984.184.10","image_urls":["http://numismatics.org/collectionimages/19501999/1984/1984.184.10.rev.width350.jpg"]},{"from":210,"to":213,"title":"RIC IV Caracalla 222. 1930.51.9","image_urls":["http://numismatics.org/collectionimages/19001949/1930/1930.51.9.rev.width350.jpg"]},{"from":210,"to":212,"title":"RIC IV Geta 89. 1944.100.51791","image_urls":["http://numismatics.org/collectionimages/19001949/1944/1944.100.51791.rev.width350.jpg"]},{"from":210,"to":213,"title":"RIC IV Caracalla 224. 1909.78.61","image_urls":["http://numismatics.org/collectionimages/19001949/1909/1909.78.61.rev.width350.jpg"]},{"from":210,"to":212,"title":"RIC IV Geta 88. 1995.1.20","image_urls":["http://numismatics.org/collectionimages/19501999/1995/1995.1.20.rev.width350.jpg"]},{"from":210,"to":213,"title":"RIC IV Caracalla 222. 1948.19.1581","image_urls":["http://numismatics.org/collectionimages/19001949/1948/1948.19.1581.rev.width350.jpg"]},{"from":210,"to":213,"title":"RIC IV Caracalla 213. 1995.11.1446","image_urls":["http://numismatics.org/collectionimages/19501999/1995/1995.11.1446.rev.width350.jpg"]},{"from":210,"to":213,"title":"RIC IV Caracalla 220. 1950.33.3","image_urls":["http://numismatics.org/collectionimages/19501999/1950/1950.33.3.rev.width350.jpg"]},{"from":210,"to":213,"title":"RIC IV Caracalla 225. 1923.151.52","image_urls":["http://numismatics.org/collectionimages/19001949/1923/1923.151.52.rev.width350.jpg"]},{"from":210,"to":211,"title":"RIC IV Septimius Severus 332. 1944.100.50112","image_urls":["http://numismatics.org/collectionimages/19001949/1944/1944.100.50112.rev.width350.jpg"]},{"from":210,"to":213,"title":"RIC IV Caracalla 217. 1944.100.51476","image_urls":["http://numismatics.org/collectionimages/19001949/1944/1944.100.51476.rev.width350.jpg"]},{"from":210,"to":213,"title":"RIC IV Caracalla 223. 1957.172.1790","image_urls":["http://numismatics.org/collectionimages/19501999/1957/1957.172.1790.rev.width350.jpg"]},{"from":210,"to":212,"title":"RIC IV Geta 91. 1944.100.51794","image_urls":["http://numismatics.org/collectionimages/19001949/1944/1944.100.51794.rev.width350.jpg"]},{"from":210,"to":213,"title":"RIC IV Caracalla 214. 1985.140.154","image_urls":["http://numismatics.org/collectionimages/19501999/1985/1985.140.154.rev.width350.jpg"]},{"from":210,"to":213,"title":"RIC IV Caracalla 224. 1944.100.51482","image_urls":["http://numismatics.org/collectionimages/19001949/1944/1944.100.51482.rev.width350.jpg"]},{"from":210,"to":212,"title":"RIC IV Geta 88. 1983.46.1","image_urls":["http://numismatics.org/collectionimages/19501999/1983/1983.46.1.rev.width350.jpg"]},{"from":210,"to":213,"title":"RIC IV Caracalla 214. 1941.131.889","image_urls":["http://numismatics.org/collectionimages/19001949/1941/1941.131.889.rev.width350.jpg"]},{"from":210,"to":213,"title":"RIC IV Caracalla 521. 1954.203.234","image_urls":["http://numismatics.org/collectionimages/19501999/1954/1954.203.234.rev.width350.jpg"]},{"from":210,"to":213,"title":"RIC IV Caracalla 511A. 1957.172.1797","image_urls":["http://numismatics.org/collectionimages/19501999/1957/1957.172.1797.rev.width350.jpg"]},{"from":210,"to":213,"title":"RIC IV Caracalla 223. 1935.117.541","image_urls":["http://numismatics.org/collectionimages/19001949/1935/1935.117.541.rev.width350.jpg"]},{"from":210,"to":213,"title":"RIC IV Caracalla 231A. 1935.117.544","image_urls":["http://numismatics.org/collectionimages/19001949/1935/1935.117.544.rev.width350.jpg"]},{"from":210,"to":212,"title":"RIC IV Geta 88. 1980.109.365","image_urls":["http://numismatics.org/collectionimages/19501999/1980/1980.109.365.rev.width350.jpg"]},{"from":210,"to":213,"title":"RIC IV Caracalla 225. 1944.100.51485","image_urls":["http://numismatics.org/collectionimages/19001949/1944/1944.100.51485.rev.width350.jpg"]},{"from":210,"to":213,"title":"RIC IV Caracalla 222. 1944.100.51479","image_urls":["http://numismatics.org/collectionimages/19001949/1944/1944.100.51479.rev.width350.jpg"]},{"from":210,"to":213,"title":"RIC IV Caracalla 224. 2004.14.138","image_urls":["http://numismatics.org/collectionimages/20002049/2004/2004.14.138.rev.width350.jpg"]},{"from":210,"to":212,"title":"RIC IV Geta 92. 1944.100.51797","image_urls":["http://numismatics.org/collectionimages/19001949/1944/1944.100.51797.rev.width350.jpg"]},{"from":210,"to":213,"title":"RIC IV Caracalla 212. 1944.100.51470","image_urls":["http://numismatics.org/collectionimages/19001949/1944/1944.100.51470.rev.width350.jpg"]},{"from":210,"to":213,"title":"RIC IV Caracalla 223. 0000.999.22511","image_urls":["http://numismatics.org/collectionimages/00001899/0000/0000.999.22511.rev.width350.jpg"]},{"from":210,"to":213,"title":"RIC IV Caracalla 511B. 1944.100.51680","image_urls":["http://numismatics.org/collectionimages/19001949/1944/1944.100.51680.rev.width350.jpg"]},{"from":210,"to":213,"title":"RIC IV Caracalla 512D. 1944.100.51684","image_urls":["http://numismatics.org/collectionimages/19001949/1944/1944.100.51684.rev.width350.jpg"]},{"from":210,"to":212,"title":"RIC IV Geta 88. 1944.100.51792","image_urls":["http://numismatics.org/collectionimages/19001949/1944/1944.100.51792.rev.width350.jpg"]},{"from":210,"to":213,"title":"RIC IV Caracalla 231A. 1944.100.51489","image_urls":["http://numismatics.org/collectionimages/19001949/1944/1944.100.51489.rev.width350.jpg"]},{"from":210,"to":213,"title":"RIC IV Caracalla 214. 1944.100.51474","image_urls":["http://numismatics.org/collectionimages/19001949/1944/1944.100.51474.rev.width350.jpg"]},{"from":210,"to":211,"title":"Silver Tetradrachm, Seleuceia ad Tigrim, AD 210 - AD 211. 0000.999.75810","image_urls":["http://numismatics.org/collectionimages/00001899/0000/0000.999.75810.rev.width350.jpg"]},{"from":210,"to":212,"title":"RIC IV Geta 187A. 1995.11.1463","image_urls":["http://numismatics.org/collectionimages/19501999/1995/1995.11.1463.rev.width350.jpg"]},{"from":210,"to":213,"title":"RIC IV Caracalla 214. 1995.11.1445","image_urls":["http://numismatics.org/collectionimages/19501999/1995/1995.11.1445.rev.width350.jpg"]},{"from":210,"to":213,"title":"RIC IV Caracalla 212. 1994.22.19","image_urls":["http://numismatics.org/collectionimages/19501999/1994/1994.22.19.rev.width350.jpg"]},{"from":210,"to":212,"title":"RIC IV Geta 84. 1944.100.51790","image_urls":["http://numismatics.org/collectionimages/19001949/1944/1944.100.51790.rev.width350.jpg"]},{"from":210,"to":213,"title":"RIC IV Caracalla 231. 1948.19.1586","image_urls":["http://numismatics.org/collectionimages/19001949/1948/1948.19.1586.rev.width350.jpg"]},{"from":210,"to":213,"title":"RIC IV Caracalla 214. 1995.1.19","image_urls":["http://numismatics.org/collectionimages/19501999/1995/1995.1.19.rev.width350.jpg"]},{"from":210,"to":213,"title":"RIC IV Caracalla 227 (denarius). 1944.100.51487","image_urls":["http://numismatics.org/collectionimages/19001949/1944/1944.100.51487.rev.width350.jpg"]},{"from":210,"to":213,"title":"RIC IV Caracalla 223. 1944.100.51481","image_urls":["http://numismatics.org/collectionimages/19001949/1944/1944.100.51481.rev.width350.jpg"]},{"from":210,"to":213,"title":"RIC IV Caracalla 212. 1944.100.51589","image_urls":["http://numismatics.org/collectionimages/19001949/1944/1944.100.51589.rev.width350.jpg"]},{"from":210,"to":212,"title":"RIC IV Geta 89. 1944.100.51793","image_urls":["http://numismatics.org/collectionimages/19001949/1944/1944.100.51793.rev.width350.jpg"]},{"from":210,"to":213,"title":"RIC IV Caracalla 216. 1944.100.51475","image_urls":["http://numismatics.org/collectionimages/19001949/1944/1944.100.51475.rev.width350.jpg"]},{"from":210,"to":213,"title":"RIC IV Caracalla 225. 1935.117.543","image_urls":["http://numismatics.org/collectionimages/19001949/1935/1935.117.543.rev.width350.jpg"]},{"from":210,"to":213,"title":"RIC IV Caracalla 222. 1935.117.540","image_urls":["http://numismatics.org/collectionimages/19001949/1935/1935.117.540.rev.width350.jpg"]},{"from":210,"to":213,"title":"RIC IV Caracalla 213. 1944.100.51472","image_urls":["http://numismatics.org/collectionimages/19001949/1944/1944.100.51472.rev.width350.jpg"]},{"from":210,"to":213,"title":"RIC IV Caracalla 223. 1948.19.1582","image_urls":["http://numismatics.org/collectionimages/19001949/1948/1948.19.1582.rev.width350.jpg"]},{"from":210,"to":212,"title":"RIC IV Geta 92. 1935.117.592","image_urls":["http://numismatics.org/collectionimages/19001949/1935/1935.117.592.rev.width350.jpg"]},{"from":210,"to":211,"title":"RIC IV Septimius Severus 332. 1944.100.50113","image_urls":["http://numismatics.org/collectionimages/19001949/1944/1944.100.50113.rev.width350.jpg"]},{"from":210,"to":213,"title":"RIC IV Caracalla 224. 1944.100.51483","image_urls":["http://numismatics.org/collectionimages/19001949/1944/1944.100.51483.rev.width350.jpg"]},{"from":210,"to":213,"title":"RIC IV Caracalla 222. 1916.106.31","image_urls":["http://numismatics.org/collectionimages/19001949/1916/1916.106.31.rev.width350.jpg"]},{"from":210,"to":211,"title":"RIC IV Septimius Severus 336. 1944.100.50115","image_urls":["http://numismatics.org/collectionimages/19001949/1944/1944.100.50115.rev.width350.jpg"]},{"from":210,"to":213,"title":"RIC IV Caracalla 225. 1948.19.1585","image_urls":["http://numismatics.org/collectionimages/19001949/1948/1948.19.1585.rev.width350.jpg"]},{"from":210,"to":213,"title":"RIC IV Caracalla 515. 1944.100.51685","image_urls":["http://numismatics.org/collectionimages/19001949/1944/1944.100.51685.rev.width350.jpg"]}]