[{"from":211,"to":217,"title":"As of Caracalla (Julia Domna), Rome, 211-217. 1994.10.9.","image_urls":["http://coins.lib.virginia.edu/images/coins/screen/n1994_10_9_rev.jpg"]},{"from":211,"to":211,"title":"YORYM-AF2862: A coin issued by Geta","image_urls":["https://finds.org.uk/images/bmorris/BL0804.jpg"]},{"from":211,"to":211,"title":"YORYM-B449C5: A coin issued by Geta","image_urls":["https://finds.org.uk/images/devans/yorymbev%20013.jpg"]},{"from":211,"to":217,"title":"WILT-C4E608: A coin issued by Caracalla","image_urls":["https://finds.org.uk/images/khinds/Tamblyn0109coin1.jpg"]},{"from":211,"to":217,"title":"FAPJW-2D43C2: A coin issued by Julia Domna","image_urls":["https://finds.org.uk/images/pwalton/8099.jpg"]},{"from":211,"to":211,"title":"YORYM-19A044: A coin issued by Geta","image_urls":["https://finds.org.uk/images/yorkvol/DRob0001.jpg"]},{"from":211,"to":211,"title":"WMID-599282: A coin issued by Caracalla","image_urls":["https://finds.org.uk/images/tgilmore/WMID-599282.jpg"]},{"from":211,"to":211,"title":"FAPJW-60CEC5: A coin issued by Caracalla","image_urls":["https://finds.org.uk/images/pwalton/7025.jpg"]},{"from":211,"to":211,"title":"BH-21E1F1: A coin issued by Geta","image_urls":["https://finds.org.uk/images/jwatters/Roman%20coin%2008%20135%20-%204.jpg"]},{"from":211,"to":217,"title":"BERK-4771C5: A coin issued by Julia Domna","image_urls":["https://finds.org.uk/images/maritime/268b%20Berk%204771C5.jpg"]},{"from":211,"to":217,"title":"YORYM-65D540: A coin issued by Julia Domna","image_urls":["https://finds.org.uk/images/yorkvol/MCB0002.jpg"]},{"from":211,"to":211,"title":"LEIC-8A4877: A coin issued by Septimius Severus","image_urls":["https://finds.org.uk/images/wscott/8A4877.JPG"]},{"from":211,"to":217,"title":"BH-6B6932: A coin issued by Julia Domna","image_urls":["https://finds.org.uk/images/jwatters/Roman_coin_11_128_19.jpg"]},{"from":211,"to":213,"title":"SF-67D543: A coin issued by Caracalla","image_urls":["https://finds.org.uk/images/abrown/Birdbrook_SF-67D543.jpg"]},{"from":211,"to":217,"title":"LIN-232B32: A coin issued by Caracalla","image_urls":["https://finds.org.uk/images/avallee/LIN2012-634.jpg"]},{"from":211,"to":217,"title":"FASAM-AB1817: A coin issued by Julia Domna","image_urls":["https://finds.org.uk/images/sam/OBVERSE%20DINARIUS.JPG"]},{"from":211,"to":217,"title":"DUR-B84A33: A coin issued by Julia Domna","image_urls":["https://finds.org.uk/images/a8622912/DUR-B84A33.jpg"]},{"from":211,"to":217,"title":"RIC IV Caracalla 603a (as). 1944.100.51370","image_urls":["http://numismatics.org/collectionimages/19001949/1944/1944.100.51370.rev.width350.jpg"]},{"from":211,"to":212,"title":"Bronze Coin, Corinth, AD 211 - AD 212. 1944.100.38631","image_urls":["http://numismatics.org/collectionimages/19001949/1944/1944.100.38631.rev.width350.jpg"]},{"from":211,"to":217,"title":"RIC IV Caracalla 388A (antoninianus). 1987.26.192","image_urls":["http://numismatics.org/collectionimages/19501999/1987/1987.26.192.rev.width350.jpg"]},{"from":211,"to":217,"title":"Bronze Coin, Emisa, AD 211 - AD 217. 1944.100.66186","image_urls":["http://numismatics.org/collectionimages/19001949/1944/1944.100.66186.rev.width350.jpg"]},{"from":211,"to":217,"title":"RIC IV Caracalla 389A (antoninianus). 1935.117.504","image_urls":["http://numismatics.org/collectionimages/19001949/1935/1935.117.504.rev.width350.jpg"]},{"from":211,"to":217,"title":"RIC IV Caracalla 609. 1979.14.1","image_urls":["http://numismatics.org/collectionimages/19501999/1979/1979.14.1.rev.width350.jpg"]},{"from":211,"to":217,"title":"RIC IV Caracalla 375. 1951.94.32","image_urls":["http://numismatics.org/collectionimages/19501999/1951/1951.94.32.rev.width350.jpg"]},{"from":211,"to":217,"title":"Bronze Coin, Alinda, AD 211 - AD 217. 1975.219.5","image_urls":["http://numismatics.org/collectionimages/19501999/1975/1975.219.5.rev.width350.jpg"]},{"from":211,"to":217,"title":"Bronze Coin, Emisa, AD 211 - AD 217. 1944.100.66180","image_urls":["http://numismatics.org/collectionimages/19001949/1944/1944.100.66180.rev.width350.jpg"]},{"from":211,"to":217,"title":"Bronze Coin, Anchialus, AD 211 - AD 217. 1948.147.7","image_urls":["http://numismatics.org/collectionimages/19001949/1948/1948.147.7.rev.width350.jpg"]},{"from":211,"to":217,"title":"Bronze Coin, Nicopolis, AD 211 - AD 217. 1973.191.158","image_urls":["http://numismatics.org/collectionimages/19501999/1973/1973.191.158.rev.width350.jpg"]},{"from":211,"to":217,"title":"Bronze Coin, Emisa, AD 211 - AD 217. 1944.100.66183","image_urls":["http://numismatics.org/collectionimages/19001949/1944/1944.100.66183.rev.width350.jpg"]},{"from":211,"to":217,"title":"RIC IV Caracalla 382. 1944.100.51328","image_urls":["http://numismatics.org/collectionimages/19001949/1944/1944.100.51328.rev.width350.jpg"]},{"from":211,"to":217,"title":"RIC IV Caracalla 382. 1935.117.501","image_urls":["http://numismatics.org/collectionimages/19001949/1935/1935.117.501.rev.width350.jpg"]},{"from":211,"to":212,"title":"Bronze Coin, Bagis, AD 211 - AD 212. 1944.100.48892","image_urls":["http://numismatics.org/collectionimages/19001949/1944/1944.100.48892.rev.width350.jpg"]},{"from":211,"to":217,"title":"RIC IV Caracalla 379A. 1944.100.51322","image_urls":["http://numismatics.org/collectionimages/19001949/1944/1944.100.51322.rev.width350.jpg"]},{"from":211,"to":217,"title":"RIC IV Caracalla 390. 1944.100.51337","image_urls":["http://numismatics.org/collectionimages/19001949/1944/1944.100.51337.rev.width350.jpg"]},{"from":211,"to":217,"title":"Bronze Coin, Larissa, AD 211 - AD 217. 1944.100.17783","image_urls":["http://numismatics.org/collectionimages/19001949/1944/1944.100.17783.rev.width350.jpg"]},{"from":211,"to":217,"title":"RIC IV Caracalla 603a (as). 1995.11.362","image_urls":["http://numismatics.org/collectionimages/19501999/1995/1995.11.362.rev.width350.jpg"]},{"from":211,"to":212,"title":"Bronze Coin, Phlius, AD 211 - AD 212. 1944.100.37275","image_urls":["http://numismatics.org/collectionimages/19001949/1944/1944.100.37275.rev.width350.jpg"]},{"from":211,"to":217,"title":"Bronze Coin, Hadrianothera, AD 211 - AD 217. 1971.230.12","image_urls":["http://numismatics.org/collectionimages/19501999/1971/1971.230.12.rev.width350.jpg"]},{"from":211,"to":212,"title":"Bronze Coin, Hadrianeia, AD 211 - AD 212. 1944.100.42935","image_urls":["http://numismatics.org/collectionimages/19001949/1944/1944.100.42935.rev.width350.jpg"]},{"from":211,"to":217,"title":"Bronze Coin, Hypaepa, AD 211 - AD 217. 1979.189.11","image_urls":["http://numismatics.org/collectionimages/19501999/1979/1979.189.11.rev.width350.jpg"]},{"from":211,"to":217,"title":"Bronze Coin, Pergamum, AD 211 - AD 217. 1944.100.43357","image_urls":["http://numismatics.org/collectionimages/19001949/1944/1944.100.43357.rev.width350.jpg"]},{"from":211,"to":212,"title":"Bronze Coin, Asine, AD 211 - AD 212. 1944.100.38847","image_urls":["http://numismatics.org/collectionimages/19001949/1944/1944.100.38847.rev.width350.jpg"]},{"from":211,"to":217,"title":"RIC IV Caracalla 388A (antoninianus). 1944.100.51331","image_urls":["http://numismatics.org/collectionimages/19001949/1944/1944.100.51331.rev.width350.jpg"]},{"from":211,"to":217,"title":"Bronze Coin, Philippopolis, AD 211 - AD 217. 1947.56.3","image_urls":["http://numismatics.org/collectionimages/19001949/1947/1947.56.3.rev.width350.jpg"]},{"from":211,"to":217,"title":"Bronze Coin, Adramyteum, AD 211 - AD 217. 1944.100.42410","image_urls":["http://numismatics.org/collectionimages/19001949/1944/1944.100.42410.rev.width350.jpg"]},{"from":211,"to":217,"title":"Bronze Coin, Cyzicus, AD 211 - AD 217. 1922.22.2","image_urls":["http://numismatics.org/collectionimages/19001949/1922/1922.22.2.rev.width350.jpg"]},{"from":211,"to":212,"title":"Bronze Coin, Maeonia, AD 211 - AD 212. 1971.279.49","image_urls":["http://numismatics.org/collectionimages/19501999/1971/1971.279.49.rev.width350.jpg"]},{"from":211,"to":217,"title":"Silver Drachm, Petra, AD 211 - AD 217. 1998.74.1","image_urls":["http://numismatics.org/collectionimages/19501999/1998/1998.74.1.rev.width350.jpg"]},{"from":211,"to":217,"title":"RIC IV Caracalla 382. 1948.19.1526","image_urls":["http://numismatics.org/collectionimages/19001949/1948/1948.19.1526.rev.width350.jpg"]},{"from":211,"to":217,"title":"Bronze Coin, Myndus, AD 211 - AD 217. 1974.110.2","image_urls":["http://numismatics.org/collectionimages/19501999/1974/1974.110.2.rev.width350.jpg"]},{"from":211,"to":217,"title":"Bronze Coin, Apollonia Salbace, AD 211 - AD 217. 1971.230.35","image_urls":["http://numismatics.org/collectionimages/19501999/1971/1971.230.35.rev.width350.jpg"]},{"from":211,"to":212,"title":"Bronze Coin, Anchialus, AD 211 - AD 212. 1944.100.15534","image_urls":["http://numismatics.org/collectionimages/19001949/1944/1944.100.15534.rev.width350.jpg"]},{"from":211,"to":217,"title":"Bronze Coin, Patrae, AD 211 - AD 217. 1944.100.39481","image_urls":["http://numismatics.org/collectionimages/19001949/1944/1944.100.39481.rev.width350.jpg"]},{"from":211,"to":217,"title":"Bronze Coin, Thuria, AD 211 - AD 217. 1944.100.38861","image_urls":["http://numismatics.org/collectionimages/19001949/1944/1944.100.38861.rev.width350.jpg"]},{"from":211,"to":212,"title":"Bronze Coin, Sicyon, AD 211 - AD 212. 1944.100.38720","image_urls":["http://numismatics.org/collectionimages/19001949/1944/1944.100.38720.rev.width350.jpg"]},{"from":211,"to":217,"title":"Bronze Coin, Cyzicus, AD 211 - AD 217. 1944.100.42850","image_urls":["http://numismatics.org/collectionimages/19001949/1944/1944.100.42850.rev.width350.jpg"]},{"from":211,"to":217,"title":"Bronze Coin, Emisa, AD 211 - AD 217. 1944.100.66185","image_urls":["http://numismatics.org/collectionimages/19001949/1944/1944.100.66185.rev.width350.jpg"]},{"from":211,"to":217,"title":"Bronze Coin, Patrae, AD 211 - AD 217. 1944.100.39484","image_urls":["http://numismatics.org/collectionimages/19001949/1944/1944.100.39484.rev.width350.jpg"]},{"from":211,"to":217,"title":"Bronze Coin, Sinope, AD 211 - AD 217. 1944.100.41878","image_urls":["http://numismatics.org/collectionimages/19001949/1944/1944.100.41878.rev.width350.jpg"]},{"from":211,"to":217,"title":"Bronze Coin, Hadrianopolis Phrygia/Sebaste, AD 211 - AD 217. 1974.226.103","image_urls":["http://numismatics.org/collectionimages/19501999/1974/1974.226.103.rev.width350.jpg"]},{"from":211,"to":217,"title":"Bronze Coin, Larissa, AD 211 - AD 217. 1944.100.17780","image_urls":["http://numismatics.org/collectionimages/19001949/1944/1944.100.17780.rev.width350.jpg"]},{"from":211,"to":217,"title":"Bronze Coin, Topirus, AD 211 - AD 217. 1944.100.16473","image_urls":["http://numismatics.org/collectionimages/19001949/1944/1944.100.16473.rev.width350.jpg"]},{"from":211,"to":212,"title":"Bronze Coin, Metropolis, AD 211 - AD 212. 1944.100.46496","image_urls":["http://numismatics.org/collectionimages/19001949/1944/1944.100.46496.rev.width350.jpg"]},{"from":211,"to":212,"title":"Bronze Coin, Corinth, AD 211 - AD 212. 1944.100.38633","image_urls":["http://numismatics.org/collectionimages/19001949/1944/1944.100.38633.rev.width350.jpg"]},{"from":211,"to":217,"title":"RIC IV Caracalla 593. 1995.11.361","image_urls":["http://numismatics.org/collectionimages/19501999/1995/1995.11.361.rev.width350.jpg"]},{"from":211,"to":217,"title":"RIC IV Caracalla 388A (antoninianus). 1944.100.51330","image_urls":["http://numismatics.org/collectionimages/19001949/1944/1944.100.51330.rev.width350.jpg"]},{"from":211,"to":212,"title":"Bronze Coin, Tabae, AD 211 - AD 212. 1971.230.52","image_urls":["http://numismatics.org/collectionimages/19501999/1971/1971.230.52.rev.width350.jpg"]},{"from":211,"to":217,"title":"RIC IV Caracalla 391. 1944.100.51339","image_urls":["http://numismatics.org/collectionimages/19001949/1944/1944.100.51339.rev.width350.jpg"]},{"from":211,"to":217,"title":"Silver hemidrachm, Pellene, AD 211 - AD 217. 1969.133.3","image_urls":["http://numismatics.org/collectionimages/19501999/1969/1969.133.3.rev.width350.jpg"]},{"from":211,"to":217,"title":"Bronze Coin, Parium, AD 211 - AD 217. 1944.100.43137","image_urls":["http://numismatics.org/collectionimages/19001949/1944/1944.100.43137.rev.width350.jpg"]},{"from":211,"to":217,"title":"RIC IV Caracalla 382. 1905.57.510","image_urls":["http://numismatics.org/collectionimages/19001949/1905/1905.57.510.rev.width350.jpg"]},{"from":211,"to":217,"title":"RIC IV Caracalla 389B (denarius). 1929.66.20","image_urls":["http://numismatics.org/collectionimages/19001949/1929/1929.66.20.rev.width350.jpg"]},{"from":211,"to":217,"title":"Bronze Coin, Pergamum, AD 211 - AD 217. 1944.100.43356","image_urls":["http://numismatics.org/collectionimages/19001949/1944/1944.100.43356.rev.width350.jpg"]},{"from":211,"to":217,"title":"Bronze Coin, Tarsus, AD 211 - AD 217. 1975.231.3","image_urls":["http://numismatics.org/collectionimages/19501999/1975/1975.231.3.rev.width350.jpg"]},{"from":211,"to":217,"title":"Bronze Coin, Larissa, AD 211 - AD 217. 1944.100.17785","image_urls":["http://numismatics.org/collectionimages/19001949/1944/1944.100.17785.rev.width350.jpg"]},{"from":211,"to":217,"title":"Bronze Coin, Gangra/Gangra, AD 211 - AD 217. 1969.167.2","image_urls":["http://numismatics.org/collectionimages/19501999/1969/1969.167.2.rev.width350.jpg"]},{"from":211,"to":217,"title":"Bronze Coin, Pergamum, AD 211 - AD 217. 1944.100.43360","image_urls":["http://numismatics.org/collectionimages/19001949/1944/1944.100.43360.rev.width350.jpg"]},{"from":211,"to":217,"title":"RIC IV Caracalla 585a. 1944.100.51364","image_urls":["http://numismatics.org/collectionimages/19001949/1944/1944.100.51364.rev.width350.jpg"]},{"from":211,"to":217,"title":"Bronze Coin, Cyrrhus, AD 211 - AD 217. 1948.19.1981","image_urls":["http://numismatics.org/collectionimages/19001949/1948/1948.19.1981.rev.width350.jpg"]},{"from":211,"to":212,"title":"Bronze Coin, Dioshieron, AD 211 - AD 212. 1944.100.48932","image_urls":["http://numismatics.org/collectionimages/19001949/1944/1944.100.48932.rev.width350.jpg"]},{"from":211,"to":217,"title":"Bronze Coin, Maeonia, AD 211 - AD 217. 1972.185.13","image_urls":["http://numismatics.org/collectionimages/19501999/1972/1972.185.13.rev.width350.jpg"]},{"from":211,"to":212,"title":"Bronze Coin, Apamea, AD 211 - AD 212. 1944.100.49990","image_urls":["http://numismatics.org/collectionimages/19001949/1944/1944.100.49990.rev.width350.jpg"]},{"from":211,"to":217,"title":"RIC IV Caracalla 584. 1912.40.2","image_urls":["http://numismatics.org/collectionimages/19001949/1912/1912.40.2.rev.width350.jpg"]},{"from":211,"to":217,"title":"RIC IV Caracalla 379C (denarius). 1948.19.1523","image_urls":["http://numismatics.org/collectionimages/19001949/1948/1948.19.1523.rev.width350.jpg"]},{"from":211,"to":217,"title":"Bronze Coin, Pergamum, AD 211 - AD 217. 1971.230.18","image_urls":["http://numismatics.org/collectionimages/19501999/1971/1971.230.18.rev.width350.jpg"]},{"from":211,"to":217,"title":"Bronze Coin, Hypaepa, AD 211 - AD 217. 1979.189.10","image_urls":["http://numismatics.org/collectionimages/19501999/1979/1979.189.10.rev.width350.jpg"]},{"from":211,"to":217,"title":"RIC IV Caracalla 380 (denarius). 1948.19.1525","image_urls":["http://numismatics.org/collectionimages/19001949/1948/1948.19.1525.rev.width350.jpg"]},{"from":211,"to":217,"title":"Bronze Coin, Alabanda, AD 211 - AD 217. 1971.230.26","image_urls":["http://numismatics.org/collectionimages/19501999/1971/1971.230.26.rev.width350.jpg"]},{"from":211,"to":217,"title":"RIC IV Caracalla 380 (denarius). 1944.100.51325","image_urls":["http://numismatics.org/collectionimages/19001949/1944/1944.100.51325.rev.width350.jpg"]},{"from":211,"to":217,"title":"Bronze Coin, Perinthus, AD 211 - AD 217. 1944.100.16419","image_urls":["http://numismatics.org/collectionimages/19001949/1944/1944.100.16419.rev.width350.jpg"]},{"from":211,"to":217,"title":"Bronze Coin, Corinth, AD 211 - AD 217. 1953.171.382","image_urls":["http://numismatics.org/collectionimages/19501999/1953/1953.171.382.rev.width350.jpg"]},{"from":211,"to":217,"title":"Bronze Coin, Pergamum/Smyrna, AD 211 - AD 217. 1944.100.43371","image_urls":["http://numismatics.org/collectionimages/19001949/1944/1944.100.43371.rev.width350.jpg"]},{"from":211,"to":217,"title":"RIC IV Caracalla 600 (as). 1944.100.51369","image_urls":["http://numismatics.org/collectionimages/19001949/1944/1944.100.51369.rev.width350.jpg"]},{"from":211,"to":212,"title":"Bronze Coin, Apamea, AD 211 - AD 212. 1970.142.567","image_urls":["http://numismatics.org/collectionimages/19501999/1970/1970.142.567.rev.width350.jpg"]},{"from":211,"to":217,"title":"Bronze Coin, Odessus, AD 211 - AD 217. 1944.100.15387","image_urls":["http://numismatics.org/collectionimages/19001949/1944/1944.100.15387.rev.width350.jpg"]},{"from":211,"to":217,"title":"Bronze Coin, Alabanda, AD 211 - AD 217. 1970.142.474","image_urls":["http://numismatics.org/collectionimages/19501999/1970/1970.142.474.rev.width350.jpg"]},{"from":211,"to":217,"title":"Bronze Coin, Corinth, AD 211 - AD 217. 1956.174.72","image_urls":["http://numismatics.org/collectionimages/19501999/1956/1956.174.72.rev.width350.jpg"]},{"from":211,"to":217,"title":"Bronze Coin, Larissa, AD 211 - AD 217. 1944.100.17777","image_urls":["http://numismatics.org/collectionimages/19001949/1944/1944.100.17777.rev.width350.jpg"]},{"from":211,"to":217,"title":"Bronze Coin, Hadrianeia, AD 211 - AD 217. 1944.100.42934","image_urls":["http://numismatics.org/collectionimages/19001949/1944/1944.100.42934.rev.width350.jpg"]},{"from":211,"to":217,"title":"Bronze Coin, Parium, AD 211 - AD 217. 1944.100.43138","image_urls":["http://numismatics.org/collectionimages/19001949/1944/1944.100.43138.rev.width350.jpg"]},{"from":211,"to":217,"title":"RIC IV Caracalla 388C (denarius). 1948.19.1531","image_urls":["http://numismatics.org/collectionimages/19001949/1948/1948.19.1531.rev.width350.jpg"]},{"from":211,"to":217,"title":"Bronze Coin, Nicaea Cilbianon, AD 211 - AD 217. 1944.100.48928","image_urls":["http://numismatics.org/collectionimages/19001949/1944/1944.100.48928.rev.width350.jpg"]},{"from":211,"to":212,"title":"Bronze Coin, Corinth, AD 211 - AD 212. 1944.100.38630","image_urls":["http://numismatics.org/collectionimages/19001949/1944/1944.100.38630.rev.width350.jpg"]},{"from":211,"to":217,"title":"RIC IV Caracalla 390. 1944.100.51336","image_urls":["http://numismatics.org/collectionimages/19001949/1944/1944.100.51336.rev.width350.jpg"]},{"from":211,"to":212,"title":"Bronze Coin, Hadrianopolis Phrygia/Sebaste, AD 211 - AD 212. 1944.100.50419","image_urls":["http://numismatics.org/collectionimages/19001949/1944/1944.100.50419.rev.width350.jpg"]},{"from":211,"to":217,"title":"RIC IV Caracalla 388C (denarius). 1935.117.503","image_urls":["http://numismatics.org/collectionimages/19001949/1935/1935.117.503.rev.width350.jpg"]},{"from":211,"to":217,"title":"RIC IV Caracalla 373A. 1948.19.1522","image_urls":["http://numismatics.org/collectionimages/19001949/1948/1948.19.1522.rev.width350.jpg"]},{"from":211,"to":212,"title":"Bronze Coin, Attaea, AD 211 - AD 212. 1944.100.42436","image_urls":["http://numismatics.org/collectionimages/19001949/1944/1944.100.42436.rev.width350.jpg"]},{"from":211,"to":217,"title":"Bronze Coin, Alinda, AD 211 - AD 217. 1963.114.1","image_urls":["http://numismatics.org/collectionimages/19501999/1963/1963.114.1.rev.width350.jpg"]},{"from":211,"to":212,"title":"Bronze Coin, Corinth, AD 211 - AD 212. 1944.100.38635","image_urls":["http://numismatics.org/collectionimages/19001949/1944/1944.100.38635.rev.width350.jpg"]},{"from":211,"to":217,"title":"RIC IV Caracalla 382. 1948.19.1527","image_urls":["http://numismatics.org/collectionimages/19001949/1948/1948.19.1527.rev.width350.jpg"]},{"from":211,"to":217,"title":"RIC IV Caracalla 593. 1944.100.51368","image_urls":["http://numismatics.org/collectionimages/19001949/1944/1944.100.51368.rev.width350.jpg"]},{"from":211,"to":217,"title":"Bronze Coin, Corinth, AD 211 - AD 217. 1944.100.38620","image_urls":["http://numismatics.org/collectionimages/19001949/1944/1944.100.38620.rev.width350.jpg"]},{"from":211,"to":217,"title":"Bronze Coin, Patrae, AD 211 - AD 217. 1944.100.39480","image_urls":["http://numismatics.org/collectionimages/19001949/1944/1944.100.39480.rev.width350.jpg"]},{"from":211,"to":217,"title":"RIC IV Caracalla 588. 1935.117.508","image_urls":["http://numismatics.org/collectionimages/19001949/1935/1935.117.508.rev.width350.jpg"]},{"from":211,"to":212,"title":"Bronze Coin, Sinope, AD 211 - AD 212. 1944.100.41880","image_urls":["http://numismatics.org/collectionimages/19001949/1944/1944.100.41880.rev.width350.jpg"]},{"from":211,"to":217,"title":"RIC IV Caracalla 391. 1948.19.1533","image_urls":["http://numismatics.org/collectionimages/19001949/1948/1948.19.1533.rev.width350.jpg"]},{"from":211,"to":217,"title":"Bronze Coin, Alinda, AD 211 - AD 217. 1953.171.792","image_urls":["http://numismatics.org/collectionimages/19501999/1953/1953.171.792.rev.width350.jpg"]},{"from":211,"to":212,"title":"Silver hemidrachm, Pellene, AD 211 - AD 212. 1944.100.39505","image_urls":["http://numismatics.org/collectionimages/19001949/1944/1944.100.39505.rev.width350.jpg"]},{"from":211,"to":217,"title":"Bronze Coin, Apameia (Myrleia), AD 211 - AD 217. 1944.100.41982","image_urls":["http://numismatics.org/collectionimages/19001949/1944/1944.100.41982.rev.width350.jpg"]},{"from":211,"to":217,"title":"Bronze Coin, Aegeae, AD 211 - AD 217. 1973.191.97","image_urls":["http://numismatics.org/collectionimages/19501999/1973/1973.191.97.rev.width350.jpg"]},{"from":211,"to":217,"title":"RIC IV Caracalla 373A. 1944.100.51320","image_urls":["http://numismatics.org/collectionimages/19001949/1944/1944.100.51320.rev.width350.jpg"]},{"from":211,"to":217,"title":"Bronze Coin, Antiocheia ad Maeandrum, AD 211 - AD 217. 1944.100.47664","image_urls":["http://numismatics.org/collectionimages/19001949/1944/1944.100.47664.rev.width350.jpg"]},{"from":211,"to":212,"title":"Bronze Coin, Odessus, AD 211 - AD 212. 1923.17.10","image_urls":["http://numismatics.org/collectionimages/19001949/1923/1923.17.10.rev.width350.jpg"]},{"from":211,"to":217,"title":"RIC IV Caracalla 584. 1941.131.885","image_urls":["http://numismatics.org/collectionimages/19001949/1941/1941.131.885.rev.width350.jpg"]},{"from":211,"to":217,"title":"Bronze Coin, Adramyteum, AD 211 - AD 217. 1944.100.42414","image_urls":["http://numismatics.org/collectionimages/19001949/1944/1944.100.42414.rev.width350.jpg"]},{"from":211,"to":217,"title":"RIC IV Caracalla 373A. 1991.9.41","image_urls":["http://numismatics.org/collectionimages/19501999/1991/1991.9.41.rev.width350.jpg"]},{"from":211,"to":217,"title":"RIC IV Caracalla 391. 1970.156.402","image_urls":["http://numismatics.org/collectionimages/19501999/1970/1970.156.402.rev.width350.jpg"]},{"from":211,"to":217,"title":"Bronze Coin, Cnidus, AD 211 - AD 217. 1944.100.47940","image_urls":["http://numismatics.org/collectionimages/19001949/1944/1944.100.47940.rev.width350.jpg"]},{"from":211,"to":217,"title":"Bronze Coin, Patrae, AD 211 - AD 217. 1944.100.39483","image_urls":["http://numismatics.org/collectionimages/19001949/1944/1944.100.39483.rev.width350.jpg"]},{"from":211,"to":217,"title":"Bronze Coin, Alabanda, AD 211 - AD 217. 1944.100.47643","image_urls":["http://numismatics.org/collectionimages/19001949/1944/1944.100.47643.rev.width350.jpg"]},{"from":211,"to":217,"title":"Bronze Coin, Amas(e)ia, AD 211 - AD 217. 1944.100.41196","image_urls":["http://numismatics.org/collectionimages/19001949/1944/1944.100.41196.rev.width350.jpg"]},{"from":211,"to":217,"title":"Bronze Coin, Alabanda, AD 211 - AD 217. 1944.100.47641","image_urls":["http://numismatics.org/collectionimages/19001949/1944/1944.100.47641.rev.width350.jpg"]},{"from":211,"to":217,"title":"Bronze Coin, Pergamum, AD 211 - AD 217. 1944.100.43359","image_urls":["http://numismatics.org/collectionimages/19001949/1944/1944.100.43359.rev.width350.jpg"]},{"from":211,"to":217,"title":"Bronze Coin, Metropolis, AD 211 - AD 217. 1944.100.46495","image_urls":["http://numismatics.org/collectionimages/19001949/1944/1944.100.46495.rev.width350.jpg"]},{"from":211,"to":217,"title":"RIC IV Caracalla 391. 1941.15.71","image_urls":["http://numismatics.org/collectionimages/19001949/1941/1941.15.71.rev.width350.jpg"]},{"from":211,"to":217,"title":"Bronze Coin, Bagis, AD 211 - AD 217. 1944.100.48891","image_urls":["http://numismatics.org/collectionimages/19001949/1944/1944.100.48891.rev.width350.jpg"]},{"from":211,"to":217,"title":"Bronze Coin, Attuda, AD 211 - AD 217. 1971.230.40","image_urls":["http://numismatics.org/collectionimages/19501999/1971/1971.230.40.rev.width350.jpg"]},{"from":211,"to":217,"title":"Bronze Coin, Hadrianopolis Phrygia/Sebaste, AD 211 - AD 217. 1971.230.76","image_urls":["http://numismatics.org/collectionimages/19501999/1971/1971.230.76.rev.width350.jpg"]},{"from":211,"to":217,"title":"Bronze Coin, Hadrianopolis Phrygia/Sebaste, AD 211 - AD 217. 1974.226.104","image_urls":["http://numismatics.org/collectionimages/19501999/1974/1974.226.104.rev.width350.jpg"]},{"from":211,"to":217,"title":"RIC IV Caracalla 380 (denarius). 1905.57.509","image_urls":["http://numismatics.org/collectionimages/19001949/1905/1905.57.509.rev.width350.jpg"]},{"from":211,"to":217,"title":"Bronze Coin, Emisa, AD 211 - AD 217. 1944.100.66184","image_urls":["http://numismatics.org/collectionimages/19001949/1944/1944.100.66184.rev.width350.jpg"]},{"from":211,"to":217,"title":"RIC IV Caracalla 390. 1944.100.51335","image_urls":["http://numismatics.org/collectionimages/19001949/1944/1944.100.51335.rev.width350.jpg"]},{"from":211,"to":217,"title":"RIC IV Caracalla 385 (denarius). 1944.100.51329","image_urls":["http://numismatics.org/collectionimages/19001949/1944/1944.100.51329.rev.width350.jpg"]},{"from":211,"to":217,"title":"RIC IV Caracalla 388A (antoninianus). 1935.117.502","image_urls":["http://numismatics.org/collectionimages/19001949/1935/1935.117.502.rev.width350.jpg"]},{"from":211,"to":217,"title":"Bronze Coin, Nicaea Cilbianon, AD 211 - AD 217. 1972.185.11","image_urls":["http://numismatics.org/collectionimages/19501999/1972/1972.185.11.rev.width350.jpg"]},{"from":211,"to":212,"title":"Silver Tetradrachm, Seleuceia ad Tigrim, AD 211 - AD 212. 1944.100.83515","image_urls":["http://numismatics.org/collectionimages/19001949/1944/1944.100.83515.rev.width350.jpg"]},{"from":211,"to":212,"title":"Bronze Coin, Pylus, AD 211 - AD 212. 1944.100.38857","image_urls":["http://numismatics.org/collectionimages/19001949/1944/1944.100.38857.rev.width350.jpg"]},{"from":211,"to":212,"title":"Bronze Coin, Lampsacus, AD 211 - AD 212. 1944.100.43029","image_urls":["http://numismatics.org/collectionimages/19001949/1944/1944.100.43029.rev.width350.jpg"]},{"from":211,"to":217,"title":"RIC IV Caracalla 373A. 1948.19.1521","image_urls":["http://numismatics.org/collectionimages/19001949/1948/1948.19.1521.rev.width350.jpg"]},{"from":211,"to":217,"title":"Bronze Coin, Corinth, AD 211 - AD 217. 1956.174.71","image_urls":["http://numismatics.org/collectionimages/19501999/1956/1956.174.71.rev.width350.jpg"]},{"from":211,"to":212,"title":"Bronze Coin, Parium, AD 211 - AD 212. 1944.100.43140","image_urls":["http://numismatics.org/collectionimages/19001949/1944/1944.100.43140.rev.width350.jpg"]},{"from":211,"to":217,"title":"RIC IV Caracalla 373A. 1944.100.51321","image_urls":["http://numismatics.org/collectionimages/19001949/1944/1944.100.51321.rev.width350.jpg"]},{"from":211,"to":217,"title":"Bronze Coin, Damascus, AD 211 - AD 217. 1944.100.83686","image_urls":["http://numismatics.org/collectionimages/19001949/1944/1944.100.83686.rev.width350.jpg"]},{"from":211,"to":217,"title":"Bronze Coin, Miletopolis, AD 211 - AD 217. 1944.100.43065","image_urls":["http://numismatics.org/collectionimages/19001949/1944/1944.100.43065.rev.width350.jpg"]},{"from":211,"to":217,"title":"RIC IV Caracalla 588. 1944.100.51366","image_urls":["http://numismatics.org/collectionimages/19001949/1944/1944.100.51366.rev.width350.jpg"]},{"from":211,"to":217,"title":"Bronze Coin, Philippopolis, AD 211 - AD 217. 1944.100.16436","image_urls":["http://numismatics.org/collectionimages/19001949/1944/1944.100.16436.rev.width350.jpg"]},{"from":211,"to":212,"title":"Bronze Coin, Mylasa, AD 211 - AD 212. 1944.100.48028","image_urls":["http://numismatics.org/collectionimages/19001949/1944/1944.100.48028.rev.width350.jpg"]},{"from":211,"to":217,"title":"RIC IV Caracalla 380 (denarius). 1944.100.51324","image_urls":["http://numismatics.org/collectionimages/19001949/1944/1944.100.51324.rev.width350.jpg"]},{"from":211,"to":217,"title":"RIC IV Caracalla 390. 1935.117.506","image_urls":["http://numismatics.org/collectionimages/19001949/1935/1935.117.506.rev.width350.jpg"]},{"from":211,"to":217,"title":"Bronze Coin, Emisa, AD 211 - AD 217. 1948.19.2040","image_urls":["http://numismatics.org/collectionimages/19001949/1948/1948.19.2040.rev.width350.jpg"]},{"from":211,"to":217,"title":"RIC IV Caracalla 389B (denarius). 1944.100.51333","image_urls":["http://numismatics.org/collectionimages/19001949/1944/1944.100.51333.rev.width350.jpg"]},{"from":211,"to":217,"title":"RIC IV Caracalla 382. 1944.100.51327","image_urls":["http://numismatics.org/collectionimages/19001949/1944/1944.100.51327.rev.width350.jpg"]},{"from":211,"to":217,"title":"RIC IV Caracalla 373A. 1935.117.499","image_urls":["http://numismatics.org/collectionimages/19001949/1935/1935.117.499.rev.width350.jpg"]},{"from":211,"to":217,"title":"Bronze Coin, Larissa, AD 211 - AD 217. 1944.100.17773","image_urls":["http://numismatics.org/collectionimages/19001949/1944/1944.100.17773.rev.width350.jpg"]},{"from":211,"to":217,"title":"Bronze Coin, Cidramus, AD 211 - AD 217. 1970.142.485","image_urls":["http://numismatics.org/collectionimages/19501999/1970/1970.142.485.rev.width350.jpg"]},{"from":211,"to":217,"title":"RIC IV Caracalla 382. 1941.131.883","image_urls":["http://numismatics.org/collectionimages/19001949/1941/1941.131.883.rev.width350.jpg"]},{"from":211,"to":217,"title":"Bronze Coin, Las, AD 211 - AD 217. 1944.100.38968","image_urls":["http://numismatics.org/collectionimages/19001949/1944/1944.100.38968.rev.width350.jpg"]},{"from":211,"to":217,"title":"Silver Drachm, Petra, AD 211 - AD 217. 1995.90.18","image_urls":["http://numismatics.org/collectionimages/19501999/1995/1995.90.18.rev.width350.jpg"]},{"from":211,"to":217,"title":"RIC IV Caracalla 390. 1956.28.329","image_urls":["http://numismatics.org/collectionimages/19501999/1956/1956.28.329.rev.width350.jpg"]},{"from":211,"to":217,"title":"Bronze Coin, Cnidus, AD 211 - AD 217. 1970.142.488","image_urls":["http://numismatics.org/collectionimages/19501999/1970/1970.142.488.rev.width350.jpg"]},{"from":211,"to":217,"title":"RIC IV Caracalla 390. 1977.158.1272","image_urls":["http://numismatics.org/collectionimages/19501999/1977/1977.158.1272.rev.width350.jpg"]},{"from":211,"to":217,"title":"Bronze Coin, Emisa, AD 211 - AD 217. 1944.100.66187","image_urls":["http://numismatics.org/collectionimages/19001949/1944/1944.100.66187.rev.width350.jpg"]},{"from":211,"to":217,"title":"Bronze Coin, Aegeira, AD 211 - AD 217. 1956.174.47","image_urls":["http://numismatics.org/collectionimages/19501999/1956/1956.174.47.rev.width350.jpg"]},{"from":211,"to":217,"title":"Bronze Coin, Eumeneia, AD 211 - AD 217. 1944.100.50412","image_urls":["http://numismatics.org/collectionimages/19001949/1944/1944.100.50412.rev.width350.jpg"]},{"from":211,"to":217,"title":"RIC IV Caracalla 607 (as). 1944.100.51371","image_urls":["http://numismatics.org/collectionimages/19001949/1944/1944.100.51371.rev.width350.jpg"]},{"from":211,"to":217,"title":"RIC IV Caracalla 382. 1980.109.368","image_urls":["http://numismatics.org/collectionimages/19501999/1980/1980.109.368.rev.width350.jpg"]},{"from":211,"to":217,"title":"RIC IV Caracalla 373A. 1923.151.49","image_urls":["http://numismatics.org/collectionimages/19001949/1923/1923.151.49.rev.width350.jpg"]},{"from":211,"to":217,"title":"Bronze Coin, Pergamum, AD 211 - AD 217. 1971.230.19","image_urls":["http://numismatics.org/collectionimages/19501999/1971/1971.230.19.rev.width350.jpg"]},{"from":211,"to":217,"title":"RIC IV Caracalla 389A (antoninianus). 1935.117.505","image_urls":["http://numismatics.org/collectionimages/19001949/1935/1935.117.505.rev.width350.jpg"]},{"from":211,"to":212,"title":"Bronze Coin, Dioshieron, AD 211 - AD 212. 1944.100.48933","image_urls":["http://numismatics.org/collectionimages/19001949/1944/1944.100.48933.rev.width350.jpg"]},{"from":211,"to":217,"title":"RIC IV Caracalla 585b. 1944.100.51365","image_urls":["http://numismatics.org/collectionimages/19001949/1944/1944.100.51365.rev.width350.jpg"]},{"from":211,"to":217,"title":"Bronze Coin, Perinthus, AD 211 - AD 217. 1923.17.17","image_urls":["http://numismatics.org/collectionimages/19001949/1923/1923.17.17.rev.width350.jpg"]},{"from":211,"to":217,"title":"Bronze Coin, Odessus, AD 211 - AD 217. 1944.100.15386","image_urls":["http://numismatics.org/collectionimages/19001949/1944/1944.100.15386.rev.width350.jpg"]},{"from":211,"to":217,"title":"Bronze Coin, Larissa, AD 211 - AD 217. 1944.100.17782","image_urls":["http://numismatics.org/collectionimages/19001949/1944/1944.100.17782.rev.width350.jpg"]},{"from":211,"to":217,"title":"Bronze Coin, Larissa, AD 211 - AD 217. 1944.100.17776","image_urls":["http://numismatics.org/collectionimages/19001949/1944/1944.100.17776.rev.width350.jpg"]},{"from":211,"to":217,"title":"Bronze Coin, Asopus, AD 211 - AD 217. 2001.21.13","image_urls":["http://numismatics.org/collectionimages/20002049/2001/2001.21.13.rev.width350.jpg"]},{"from":211,"to":217,"title":"RIC IV Caracalla 585a. 0000.999.22487","image_urls":["http://numismatics.org/collectionimages/00001899/0000/0000.999.22487.rev.width350.jpg"]},{"from":211,"to":212,"title":"Bronze Coin, Gythium, AD 211 - AD 212. 1944.100.38966","image_urls":["http://numismatics.org/collectionimages/19001949/1944/1944.100.38966.rev.width350.jpg"]},{"from":211,"to":217,"title":"Bronze Coin, Sagalassus, AD 211 - AD 217. 1974.226.162","image_urls":["http://numismatics.org/collectionimages/19501999/1974/1974.226.162.rev.width350.jpg"]},{"from":211,"to":217,"title":"RIC IV Caracalla 380 (denarius). 1985.140.143","image_urls":["http://numismatics.org/collectionimages/19501999/1985/1985.140.143.rev.width350.jpg"]},{"from":211,"to":212,"title":"Bronze Coin, Tabae, AD 211 - AD 212. 1971.230.53","image_urls":["http://numismatics.org/collectionimages/19501999/1971/1971.230.53.rev.width350.jpg"]},{"from":211,"to":217,"title":"Bronze Coin, Perge, AD 211 - AD 217. 1953.171.920","image_urls":["http://numismatics.org/collectionimages/19501999/1953/1953.171.920.rev.width350.jpg"]},{"from":211,"to":217,"title":"Bronze Coin, Philippopolis, AD 211 - AD 217. 1944.100.16437","image_urls":["http://numismatics.org/collectionimages/19001949/1944/1944.100.16437.rev.width350.jpg"]},{"from":211,"to":212,"title":"Silver hemidrachm, Pellene, AD 211 - AD 212. 1970.142.192","image_urls":["http://numismatics.org/collectionimages/19501999/1970/1970.142.192.rev.width350.jpg"]},{"from":211,"to":217,"title":"RIC IV Caracalla 373A. 1944.100.51319","image_urls":["http://numismatics.org/collectionimages/19001949/1944/1944.100.51319.rev.width350.jpg"]},{"from":211,"to":217,"title":"RIC IV Caracalla 381 (denarius). 1991.9.48","image_urls":["http://numismatics.org/collectionimages/19501999/1991/1991.9.48.rev.width350.jpg"]},{"from":211,"to":217,"title":"RIC IV Caracalla 380 (denarius). 1935.117.500","image_urls":["http://numismatics.org/collectionimages/19001949/1935/1935.117.500.rev.width350.jpg"]},{"from":211,"to":217,"title":"Bronze Coin, Corinth, AD 211 - AD 217. 1944.100.38621","image_urls":["http://numismatics.org/collectionimages/19001949/1944/1944.100.38621.rev.width350.jpg"]},{"from":211,"to":217,"title":"RIC IV Caracalla 385 (denarius). 1948.19.1528","image_urls":["http://numismatics.org/collectionimages/19001949/1948/1948.19.1528.rev.width350.jpg"]},{"from":211,"to":212,"title":"Bronze Coin of Str. Claudianus Terpander, Pergamum, AD 211 - AD 212. 1971.230.20","image_urls":["http://numismatics.org/collectionimages/19501999/1971/1971.230.20.rev.width350.jpg"]},{"from":211,"to":217,"title":"Bronze Coin, Bagis, AD 211 - AD 217. 1971.279.42","image_urls":["http://numismatics.org/collectionimages/19501999/1971/1971.279.42.rev.width350.jpg"]},{"from":211,"to":212,"title":"Bronze Coin, Calchedon, AD 211 - AD 212. 1944.100.42033","image_urls":["http://numismatics.org/collectionimages/19001949/1944/1944.100.42033.rev.width350.jpg"]},{"from":211,"to":212,"title":"Bronze Coin, Corinth, AD 211 - AD 212. 1944.100.38632","image_urls":["http://numismatics.org/collectionimages/19001949/1944/1944.100.38632.rev.width350.jpg"]},{"from":211,"to":217,"title":"RIC IV Caracalla 388C (denarius). 1948.19.1530","image_urls":["http://numismatics.org/collectionimages/19001949/1948/1948.19.1530.rev.width350.jpg"]},{"from":211,"to":217,"title":"RIC IV Caracalla 388C (denarius). 1944.100.51332","image_urls":["http://numismatics.org/collectionimages/19001949/1944/1944.100.51332.rev.width350.jpg"]},{"from":211,"to":217,"title":"Bronze Coin, Apollonia Salbace, AD 211 - AD 217. 1944.100.47733","image_urls":["http://numismatics.org/collectionimages/19001949/1944/1944.100.47733.rev.width350.jpg"]},{"from":211,"to":217,"title":"Bronze Coin, Philippopolis, AD 211 - AD 217. 1971.193.2","image_urls":["http://numismatics.org/collectionimages/19501999/1971/1971.193.2.rev.width350.jpg"]},{"from":211,"to":217,"title":"RIC IV Caracalla 381 (denarius). 1944.100.51326","image_urls":["http://numismatics.org/collectionimages/19001949/1944/1944.100.51326.rev.width350.jpg"]},{"from":211,"to":217,"title":"Bronze Coin, Attaea, AD 211 - AD 217. 1971.279.14","image_urls":["http://numismatics.org/collectionimages/19501999/1971/1971.279.14.rev.width350.jpg"]},{"from":211,"to":212,"title":"Silver hemidrachm, Pellene, AD 211 - AD 212. 1944.100.39504","image_urls":["http://numismatics.org/collectionimages/19001949/1944/1944.100.39504.rev.width350.jpg"]},{"from":211,"to":217,"title":"RIC IV Caracalla 390. 1948.19.1532","image_urls":["http://numismatics.org/collectionimages/19001949/1948/1948.19.1532.rev.width350.jpg"]},{"from":211,"to":217,"title":"RIC IV Caracalla 391. 1944.100.51338","image_urls":["http://numismatics.org/collectionimages/19001949/1944/1944.100.51338.rev.width350.jpg"]},{"from":211,"to":217,"title":"Bronze Coin, Larissa, AD 211 - AD 217. 1944.100.17778","image_urls":["http://numismatics.org/collectionimages/19001949/1944/1944.100.17778.rev.width350.jpg"]},{"from":211,"to":217,"title":"Bronze Coin, Parium, AD 211 - AD 217. 1944.100.43136","image_urls":["http://numismatics.org/collectionimages/19001949/1944/1944.100.43136.rev.width350.jpg"]},{"from":211,"to":217,"title":"RIC IV Caracalla 379C (denarius). 1944.100.51323","image_urls":["http://numismatics.org/collectionimages/19001949/1944/1944.100.51323.rev.width350.jpg"]},{"from":211,"to":217,"title":"Bronze Coin, Topirus, AD 211 - AD 217. 1940.189.1","image_urls":["http://numismatics.org/collectionimages/19001949/1940/1940.189.1.rev.width350.jpg"]},{"from":211,"to":217,"title":"Bronze Coin, Perinthus, AD 211 - AD 217. 1944.100.16420","image_urls":["http://numismatics.org/collectionimages/19001949/1944/1944.100.16420.rev.width350.jpg"]},{"from":211,"to":217,"title":"Bronze Coin, Mylasa, AD 211 - AD 217. 1971.230.45","image_urls":["http://numismatics.org/collectionimages/19501999/1971/1971.230.45.rev.width350.jpg"]},{"from":211,"to":217,"title":"RIC IV Caracalla 600 (as). 1951.61.82","image_urls":["http://numismatics.org/collectionimages/19501999/1951/1951.61.82.rev.width350.jpg"]},{"from":211,"to":217,"title":"Bronze Coin, Larissa, AD 211 - AD 217. 1944.100.17784","image_urls":["http://numismatics.org/collectionimages/19001949/1944/1944.100.17784.rev.width350.jpg"]},{"from":211,"to":217,"title":"RIC IV Caracalla 373A. 1944.100.51317","image_urls":["http://numismatics.org/collectionimages/19001949/1944/1944.100.51317.rev.width350.jpg"]},{"from":211,"to":217,"title":"Bronze Coin, Emisa, AD 211 - AD 217. 1961.154.68","image_urls":["http://numismatics.org/collectionimages/19501999/1961/1961.154.68.rev.width350.jpg"]},{"from":211,"to":212,"title":"Bronze Coin, Sicyon, AD 211 - AD 212. 1944.100.38719","image_urls":["http://numismatics.org/collectionimages/19001949/1944/1944.100.38719.rev.width350.jpg"]},{"from":211,"to":217,"title":"Bronze Coin, Perinthus, AD 211 - AD 217. 1947.56.1","image_urls":["http://numismatics.org/collectionimages/19001949/1947/1947.56.1.rev.width350.jpg"]},{"from":211,"to":217,"title":"Bronze Coin, Corinth, AD 211 - AD 217. 1956.174.73","image_urls":["http://numismatics.org/collectionimages/19501999/1956/1956.174.73.rev.width350.jpg"]},{"from":211,"to":217,"title":"Bronze Coin, Pergamum, AD 211 - AD 217. 1953.171.537","image_urls":["http://numismatics.org/collectionimages/19501999/1953/1953.171.537.rev.width350.jpg"]},{"from":211,"to":217,"title":"RIC IV Caracalla 373A. 1995.11.357","image_urls":["http://numismatics.org/collectionimages/19501999/1995/1995.11.357.rev.width350.jpg"]},{"from":211,"to":217,"title":"Bronze Coin, Thuria, AD 211 - AD 217. 1944.100.38862","image_urls":["http://numismatics.org/collectionimages/19001949/1944/1944.100.38862.rev.width350.jpg"]},{"from":211,"to":217,"title":"RIC IV Caracalla 605A (as). 1906.236.488","image_urls":["http://numismatics.org/collectionimages/19001949/1906/1906.236.488.rev.width350.jpg"]},{"from":211,"to":217,"title":"Bronze Coin, Larissa, AD 211 - AD 217. 1944.100.17775","image_urls":["http://numismatics.org/collectionimages/19001949/1944/1944.100.17775.rev.width350.jpg"]},{"from":211,"to":212,"title":"Bronze Coin, Hadrianothera, AD 211 - AD 212. 1944.100.42944","image_urls":["http://numismatics.org/collectionimages/19001949/1944/1944.100.42944.rev.width350.jpg"]},{"from":211,"to":217,"title":"Bronze Coin, Parium, AD 211 - AD 217. 1970.142.331","image_urls":["http://numismatics.org/collectionimages/19501999/1970/1970.142.331.rev.width350.jpg"]},{"from":211,"to":217,"title":"Bronze Coin, Larissa, AD 211 - AD 217. 1944.100.17781","image_urls":["http://numismatics.org/collectionimages/19001949/1944/1944.100.17781.rev.width350.jpg"]},{"from":211,"to":217,"title":"RIC IV Caracalla 388C (denarius). 1948.19.1529","image_urls":["http://numismatics.org/collectionimages/19001949/1948/1948.19.1529.rev.width350.jpg"]},{"from":211,"to":212,"title":"Bronze Coin, Mothone, AD 211 - AD 212. 1944.100.38856","image_urls":["http://numismatics.org/collectionimages/19001949/1944/1944.100.38856.rev.width350.jpg"]},{"from":211,"to":217,"title":"RIC IV Caracalla 388A (antoninianus). 1991.9.49","image_urls":["http://numismatics.org/collectionimages/19501999/1991/1991.9.49.rev.width350.jpg"]},{"from":211,"to":217,"title":"Bronze Coin, Cnidus, AD 211 - AD 217. 1970.142.487","image_urls":["http://numismatics.org/collectionimages/19501999/1970/1970.142.487.rev.width350.jpg"]},{"from":211,"to":217,"title":"Bronze Coin, Corinth, AD 211 - AD 217. 1910.88.23","image_urls":["http://numismatics.org/collectionimages/19001949/1910/1910.88.23.rev.width350.jpg"]},{"from":211,"to":212,"title":"Bronze Coin, Hypaepa, AD 211 - AD 212. 1979.189.14","image_urls":["http://numismatics.org/collectionimages/19501999/1979/1979.189.14.rev.width350.jpg"]},{"from":211,"to":217,"title":"Bronze Coin, Philippopolis, AD 211 - AD 217. 1974.226.24","image_urls":["http://numismatics.org/collectionimages/19501999/1974/1974.226.24.rev.width350.jpg"]},{"from":211,"to":217,"title":"Bronze Coin, Lampsacus, AD 211 - AD 217. 1944.100.43028","image_urls":["http://numismatics.org/collectionimages/19001949/1944/1944.100.43028.rev.width350.jpg"]},{"from":211,"to":217,"title":"Bronze Coin, Pergamum, AD 211 - AD 217. 1944.100.43361","image_urls":["http://numismatics.org/collectionimages/19001949/1944/1944.100.43361.rev.width350.jpg"]},{"from":211,"to":212,"title":"Bronze Coin, Bargylia, AD 211 - AD 212. 1944.100.47745","image_urls":["http://numismatics.org/collectionimages/19001949/1944/1944.100.47745.rev.width350.jpg"]},{"from":211,"to":217,"title":"Bronze Coin, Sagalassus, AD 211 - AD 217. 1970.142.673","image_urls":["http://numismatics.org/collectionimages/19501999/1970/1970.142.673.rev.width350.jpg"]},{"from":211,"to":217,"title":"Bronze Coin, Philippopolis, AD 211 - AD 217. 1944.100.16435","image_urls":["http://numismatics.org/collectionimages/19001949/1944/1944.100.16435.rev.width350.jpg"]},{"from":211,"to":217,"title":"Bronze Coin, Alabanda, AD 211 - AD 217. 1970.142.475","image_urls":["http://numismatics.org/collectionimages/19501999/1970/1970.142.475.rev.width350.jpg"]},{"from":211,"to":217,"title":"Bronze Coin, Parium, AD 211 - AD 217. 1944.100.43139","image_urls":["http://numismatics.org/collectionimages/19001949/1944/1944.100.43139.rev.width350.jpg"]},{"from":211,"to":217,"title":"RIC IV Caracalla 590. 1954.203.233","image_urls":["http://numismatics.org/collectionimages/19501999/1954/1954.203.233.rev.width350.jpg"]},{"from":211,"to":217,"title":"Bronze Coin, Pergamum, AD 211 - AD 217. 1944.100.43358","image_urls":["http://numismatics.org/collectionimages/19001949/1944/1944.100.43358.rev.width350.jpg"]},{"from":211,"to":212,"title":"Bronze Coin, Corinth, AD 211 - AD 212. 1944.100.38634","image_urls":["http://numismatics.org/collectionimages/19001949/1944/1944.100.38634.rev.width350.jpg"]},{"from":211,"to":212,"title":"Bronze Coin, Hypaepa, AD 211 - AD 212. 1944.100.49264","image_urls":["http://numismatics.org/collectionimages/19001949/1944/1944.100.49264.rev.width350.jpg"]},{"from":211,"to":217,"title":"RIC IV Caracalla 590. 1944.100.51367","image_urls":["http://numismatics.org/collectionimages/19001949/1944/1944.100.51367.rev.width350.jpg"]},{"from":211,"to":217,"title":"RIC IV Caracalla 389B (denarius). 1944.100.51334","image_urls":["http://numismatics.org/collectionimages/19001949/1944/1944.100.51334.rev.width350.jpg"]},{"from":211,"to":217,"title":"Bronze Coin, Larissa, AD 211 - AD 217. 1944.100.17774","image_urls":["http://numismatics.org/collectionimages/19001949/1944/1944.100.17774.rev.width350.jpg"]},{"from":211,"to":217,"title":"Bronze Coin, Corinth, AD 211 - AD 217. 1944.100.38622","image_urls":["http://numismatics.org/collectionimages/19001949/1944/1944.100.38622.rev.width350.jpg"]},{"from":211,"to":217,"title":"Bronze Coin, Patrae, AD 211 - AD 217. 1944.100.39482","image_urls":["http://numismatics.org/collectionimages/19001949/1944/1944.100.39482.rev.width350.jpg"]},{"from":211,"to":217,"title":"Bronze Coin, Alabanda, AD 211 - AD 217. 1944.100.47642","image_urls":["http://numismatics.org/collectionimages/19001949/1944/1944.100.47642.rev.width350.jpg"]},{"from":211,"to":212,"title":"Bronze Coin, Halicarnassus, AD 211 - AD 212. 1944.100.47977","image_urls":["http://numismatics.org/collectionimages/19001949/1944/1944.100.47977.rev.width350.jpg"]},{"from":211,"to":217,"title":"Bronze Coin, Saitta, AD 211 - AD 217. 1973.191.15","image_urls":["http://numismatics.org/collectionimages/19501999/1973/1973.191.15.rev.width350.jpg"]},{"from":211,"to":217,"title":"Bronze Coin, Olympia, AD 211 - AD 217. 1944.100.38744","image_urls":["http://numismatics.org/collectionimages/19001949/1944/1944.100.38744.rev.width350.jpg"]},{"from":211,"to":217,"title":"RIC IV Caracalla 373A. 1944.100.51318","image_urls":["http://numismatics.org/collectionimages/19001949/1944/1944.100.51318.rev.width350.jpg"]},{"from":211,"to":217,"title":"Bronze Coin, Larissa, AD 211 - AD 217. 1944.100.17779","image_urls":["http://numismatics.org/collectionimages/19001949/1944/1944.100.17779.rev.width350.jpg"]},{"from":211,"to":217,"title":"Bronze Coin, Cyparissia, AD 211 - AD 217. 1970.142.179","image_urls":["http://numismatics.org/collectionimages/19501999/1970/1970.142.179.rev.width350.jpg"]},{"from":211,"to":217,"title":"RIC IV Caracalla 379C (denarius). 1948.19.1524","image_urls":["http://numismatics.org/collectionimages/19001949/1948/1948.19.1524.rev.width350.jpg"]},{"from":211,"to":212,"title":"Bronze Coin, Gythium, AD 211 - AD 212. 1944.100.38965","image_urls":["http://numismatics.org/collectionimages/19001949/1944/1944.100.38965.rev.width350.jpg"]},{"from":211,"to":217,"title":"Bronze Coin, Pergamum, AD 211 - AD 217. 1953.171.536","image_urls":["http://numismatics.org/collectionimages/19501999/1953/1953.171.536.rev.width350.jpg"]}]