[{"from":212,"to":212,"title":"LEIC-ADC153: A coin issued by Caracalla","image_urls":["https://finds.org.uk/images/wscott/ADC153.JPG"]},{"from":212,"to":212,"title":"YORYM-71A2B4: A coin issued by Caracalla","image_urls":["https://finds.org.uk/images/bmorris/WS0255.jpg"]},{"from":212,"to":212,"title":"FAPJW-611E42: A coin issued by Caracalla","image_urls":["https://finds.org.uk/images/pwalton/7019.jpg"]},{"from":212,"to":212,"title":"SOM-9443B3: A coin issued by Caracalla","image_urls":["https://finds.org.uk/images/annab/SOM-9443B3.jpg"]},{"from":212,"to":217,"title":"NCL-F624E4: A coin issued by Julia Domna","image_urls":["https://finds.org.uk/images/pwalton/5594.jpg"]},{"from":212,"to":212,"title":"HAMP-0F6963: A coin issued by Caracalla","image_urls":["https://finds.org.uk/images/rwebley/HAMP-0F6963Caracalladenarius.jpg"]},{"from":212,"to":212,"title":"HAMP3356: A coin issued by Caracalla","image_urls":["https://finds.org.uk/images/sworrell/hamp%203356.JPG"]},{"from":212,"to":217,"title":"BERK-F18541: A coin issued by Caracalla","image_urls":["https://finds.org.uk/images/abyard/2010486.jpg"]},{"from":212,"to":212,"title":"FAPJW-E12087: A coin issued by Caracalla","image_urls":["https://finds.org.uk/images/pwalton/5075.jpg"]},{"from":212,"to":212,"title":"YORYM-F0D478: A coin issued by Caracalla","image_urls":["https://finds.org.uk/images/bmorris/AW0067.jpg"]},{"from":212,"to":213,"title":"Bronze Drachm, Alexandreia, AD 212 - AD 213. 1944.100.64219","image_urls":["http://numismatics.org/collectionimages/19001949/1944/1944.100.64219.rev.width350.jpg"]},{"from":212,"to":213,"title":"Bronze Drachm, Alexandreia, AD 212 - AD 213. 1944.100.64220","image_urls":["http://numismatics.org/collectionimages/19001949/1944/1944.100.64220.rev.width350.jpg"]}]