[{"from":213,"to":217,"title":"NLM-68A953: A coin issued by Caracalla","image_urls":["https://finds.org.uk/images/mforeman/NLM19826.JPG"]},{"from":213,"to":213,"title":"LVPL-1E2D67: A coin issued by Caracalla","image_urls":["https://finds.org.uk/images/fmcintosh/edge%20denarius.jpg"]},{"from":213,"to":217,"title":"DENO-797D54: A coin issued by Julia Domna","image_urls":["https://finds.org.uk/images/arohde/E5910%20denarius.jpg"]},{"from":213,"to":217,"title":"YORYM-B6999F: A coin issued by Caracalla","image_urls":["https://finds.org.uk/images/ellie/AWY0186a.jpg"]},{"from":213,"to":217,"title":"SF-FCE544: A coin issued by Caracalla","image_urls":["https://finds.org.uk/images/abrown/WMH_SF-FCE544.jpg"]},{"from":213,"to":217,"title":"BH-166055: A coin issued by Caracalla","image_urls":["https://finds.org.uk/images/jwatters/Roman_coin_10_38_109.jpg"]},{"from":213,"to":217,"title":"PAS-34DD56: A coin issued by Caracalla","image_urls":["https://finds.org.uk/images/vwolfe/PAS34dd56.jpg"]},{"from":213,"to":217,"title":"WMID-1805E7: A coin issued by Caracalla","image_urls":["https://finds.org.uk/images/tgilmore/WMID-1805E7.jpg"]},{"from":213,"to":213,"title":"CAM-EA7F41: A coin issued by Caracalla","image_urls":["https://finds.org.uk/images/pjw/5002.jpg"]},{"from":213,"to":213,"title":"SUR-8EFCB7: A coin issued by Julia Domna","image_urls":["https://finds.org.uk/images/dwilliams/B13-530a.JPG"]},{"from":213,"to":217,"title":"RIC IV Caracalla 308. 1948.19.1601","image_urls":["http://numismatics.org/collectionimages/19001949/1948/1948.19.1601.rev.width350.jpg"]},{"from":213,"to":217,"title":"RIC IV Caracalla 312C. 1991.9.63","image_urls":["http://numismatics.org/collectionimages/19501999/1991/1991.9.63.rev.width350.jpg"]},{"from":213,"to":217,"title":"RIC IV Caracalla 311C (antoninianus). 1948.19.1604","image_urls":["http://numismatics.org/collectionimages/19001949/1948/1948.19.1604.rev.width350.jpg"]},{"from":213,"to":217,"title":"RIC IV Caracalla 312C. 1944.100.51526","image_urls":["http://numismatics.org/collectionimages/19001949/1944/1944.100.51526.rev.width350.jpg"]},{"from":213,"to":217,"title":"RIC IV Caracalla 302. 1948.19.1597","image_urls":["http://numismatics.org/collectionimages/19001949/1948/1948.19.1597.rev.width350.jpg"]},{"from":213,"to":217,"title":"RIC IV Caracalla 300. 1985.140.157","image_urls":["http://numismatics.org/collectionimages/19501999/1985/1985.140.157.rev.width350.jpg"]},{"from":213,"to":217,"title":"RIC IV Caracalla 308. 1944.100.51516","image_urls":["http://numismatics.org/collectionimages/19001949/1944/1944.100.51516.rev.width350.jpg"]},{"from":213,"to":217,"title":"RIC IV Caracalla 302. 1995.11.1437","image_urls":["http://numismatics.org/collectionimages/19501999/1995/1995.11.1437.rev.width350.jpg"]},{"from":213,"to":217,"title":"RIC IV Caracalla 302. 1905.57.519","image_urls":["http://numismatics.org/collectionimages/19001949/1905/1905.57.519.rev.width350.jpg"]},{"from":213,"to":217,"title":"RIC IV Caracalla 311C (antoninianus). 1948.19.1603","image_urls":["http://numismatics.org/collectionimages/19001949/1948/1948.19.1603.rev.width350.jpg"]},{"from":213,"to":217,"title":"RIC IV Caracalla 311B. 1987.26.202","image_urls":["http://numismatics.org/collectionimages/19501999/1987/1987.26.202.rev.width350.jpg"]},{"from":213,"to":217,"title":"RIC IV Caracalla 302. 1935.117.551","image_urls":["http://numismatics.org/collectionimages/19001949/1935/1935.117.551.rev.width350.jpg"]},{"from":213,"to":217,"title":"RIC IV Caracalla 311C (antoninianus). 1944.100.51520","image_urls":["http://numismatics.org/collectionimages/19001949/1944/1944.100.51520.rev.width350.jpg"]},{"from":213,"to":217,"title":"RIC IV Caracalla 311B. 1941.131.892","image_urls":["http://numismatics.org/collectionimages/19001949/1941/1941.131.892.rev.width350.jpg"]},{"from":213,"to":217,"title":"RIC IV Caracalla 307. 1948.19.1600","image_urls":["http://numismatics.org/collectionimages/19001949/1948/1948.19.1600.rev.width350.jpg"]},{"from":213,"to":217,"title":"RIC IV Caracalla 307. 1948.19.1599","image_urls":["http://numismatics.org/collectionimages/19001949/1948/1948.19.1599.rev.width350.jpg"]},{"from":213,"to":217,"title":"RIC IV Caracalla 311B. 1948.19.1605","image_urls":["http://numismatics.org/collectionimages/19001949/1948/1948.19.1605.rev.width350.jpg"]},{"from":213,"to":217,"title":"RIC IV Caracalla 302. 1948.19.1598","image_urls":["http://numismatics.org/collectionimages/19001949/1948/1948.19.1598.rev.width350.jpg"]},{"from":213,"to":217,"title":"RIC IV Caracalla 312D. 1944.100.51527","image_urls":["http://numismatics.org/collectionimages/19001949/1944/1944.100.51527.rev.width350.jpg"]},{"from":213,"to":217,"title":"RIC IV Caracalla 302. 1948.19.1596","image_urls":["http://numismatics.org/collectionimages/19001949/1948/1948.19.1596.rev.width350.jpg"]},{"from":213,"to":217,"title":"RIC IV Caracalla 312C. 1944.100.51525","image_urls":["http://numismatics.org/collectionimages/19001949/1944/1944.100.51525.rev.width350.jpg"]},{"from":213,"to":217,"title":"RIC IV Caracalla 310B. 1944.100.51519","image_urls":["http://numismatics.org/collectionimages/19001949/1944/1944.100.51519.rev.width350.jpg"]},{"from":213,"to":217,"title":"RIC IV Caracalla 311B. 1944.100.51531","image_urls":["http://numismatics.org/collectionimages/19001949/1944/1944.100.51531.rev.width350.jpg"]},{"from":213,"to":217,"title":"RIC IV Caracalla 311B. 1987.26.200","image_urls":["http://numismatics.org/collectionimages/19501999/1987/1987.26.200.rev.width350.jpg"]},{"from":213,"to":217,"title":"RIC IV Caracalla 311B. 1987.26.199","image_urls":["http://numismatics.org/collectionimages/19501999/1987/1987.26.199.rev.width350.jpg"]},{"from":213,"to":217,"title":"RIC IV Caracalla 302. 1957.172.1793","image_urls":["http://numismatics.org/collectionimages/19501999/1957/1957.172.1793.rev.width350.jpg"]},{"from":213,"to":217,"title":"RIC IV Caracalla 311B. 1974.26.1791","image_urls":["http://numismatics.org/collectionimages/19501999/1974/1974.26.1791.rev.width350.jpg"]},{"from":213,"to":214,"title":"Silver Tetradrachm, Seleuceia ad Tigrim, AD 213 - AD 214. 1944.100.83521","image_urls":["http://numismatics.org/collectionimages/19001949/1944/1944.100.83521.rev.width350.jpg"]},{"from":213,"to":217,"title":"RIC IV Caracalla 312D. 1944.100.51528","image_urls":["http://numismatics.org/collectionimages/19001949/1944/1944.100.51528.rev.width350.jpg"]},{"from":213,"to":217,"title":"RIC IV Caracalla 311C (antoninianus). 1944.100.51522","image_urls":["http://numismatics.org/collectionimages/19001949/1944/1944.100.51522.rev.width350.jpg"]},{"from":213,"to":217,"title":"RIC IV Caracalla 302. 1947.97.482","image_urls":["http://numismatics.org/collectionimages/19001949/1947/1947.97.482.rev.width350.jpg"]},{"from":213,"to":217,"title":"RIC IV Caracalla 311C (antoninianus). 1935.117.553","image_urls":["http://numismatics.org/collectionimages/19001949/1935/1935.117.553.rev.width350.jpg"]},{"from":213,"to":217,"title":"RIC IV Caracalla 307. 1991.8.10","image_urls":["http://numismatics.org/collectionimages/19501999/1991/1991.8.10.rev.width350.jpg"]},{"from":213,"to":217,"title":"RIC IV Caracalla 300. 1944.100.51513","image_urls":["http://numismatics.org/collectionimages/19001949/1944/1944.100.51513.rev.width350.jpg"]},{"from":213,"to":217,"title":"RIC IV Caracalla 311B. 1935.117.554","image_urls":["http://numismatics.org/collectionimages/19001949/1935/1935.117.554.rev.width350.jpg"]},{"from":213,"to":217,"title":"RIC IV Caracalla 308. 1944.100.51517","image_urls":["http://numismatics.org/collectionimages/19001949/1944/1944.100.51517.rev.width350.jpg"]},{"from":213,"to":217,"title":"RIC IV Caracalla 311B. 1948.19.1606","image_urls":["http://numismatics.org/collectionimages/19001949/1948/1948.19.1606.rev.width350.jpg"]},{"from":213,"to":217,"title":"RIC IV Caracalla 311B. 1985.140.159","image_urls":["http://numismatics.org/collectionimages/19501999/1985/1985.140.159.rev.width350.jpg"]},{"from":213,"to":217,"title":"RIC IV Caracalla 311B. 1944.100.51524","image_urls":["http://numismatics.org/collectionimages/19001949/1944/1944.100.51524.rev.width350.jpg"]},{"from":213,"to":217,"title":"RIC IV Caracalla 311D. 1944.100.51521","image_urls":["http://numismatics.org/collectionimages/19001949/1944/1944.100.51521.rev.width350.jpg"]},{"from":213,"to":217,"title":"RIC IV Caracalla 307. 1935.117.552","image_urls":["http://numismatics.org/collectionimages/19001949/1935/1935.117.552.rev.width350.jpg"]},{"from":213,"to":217,"title":"RIC IV Caracalla 309A. 1944.100.51518","image_urls":["http://numismatics.org/collectionimages/19001949/1944/1944.100.51518.rev.width350.jpg"]},{"from":213,"to":214,"title":"Silver Tetradrachm, Seleuceia ad Tigrim, AD 213 - AD 214. 1944.100.83520","image_urls":["http://numismatics.org/collectionimages/19001949/1944/1944.100.83520.rev.width350.jpg"]},{"from":213,"to":217,"title":"RIC IV Caracalla 309b. 1980.109.172","image_urls":["http://numismatics.org/collectionimages/19501999/1980/1980.109.172.rev.width350.jpg"]},{"from":213,"to":217,"title":"RIC IV Caracalla 307. 1995.11.1436","image_urls":["http://numismatics.org/collectionimages/19501999/1995/1995.11.1436.rev.width350.jpg"]},{"from":213,"to":217,"title":"RIC IV Caracalla 307. 1944.100.51515","image_urls":["http://numismatics.org/collectionimages/19001949/1944/1944.100.51515.rev.width350.jpg"]},{"from":213,"to":217,"title":"RIC IV Caracalla 311D. 1970.165.167","image_urls":["http://numismatics.org/collectionimages/19501999/1970/1970.165.167.rev.width350.jpg"]},{"from":213,"to":217,"title":"RIC IV Caracalla 311C (antoninianus). 1944.100.51523","image_urls":["http://numismatics.org/collectionimages/19001949/1944/1944.100.51523.rev.width350.jpg"]},{"from":213,"to":217,"title":"RIC IV Caracalla 314A. 1985.140.160","image_urls":["http://numismatics.org/collectionimages/19501999/1985/1985.140.160.rev.width350.jpg"]},{"from":213,"to":217,"title":"RIC IV Caracalla 311B. 1987.26.201","image_urls":["http://numismatics.org/collectionimages/19501999/1987/1987.26.201.rev.width350.jpg"]},{"from":213,"to":217,"title":"RIC IV Caracalla 308. 1948.19.1602","image_urls":["http://numismatics.org/collectionimages/19001949/1948/1948.19.1602.rev.width350.jpg"]},{"from":213,"to":217,"title":"RIC IV Caracalla 302. 1944.100.51514","image_urls":["http://numismatics.org/collectionimages/19001949/1944/1944.100.51514.rev.width350.jpg"]}]