[{"from":214,"to":214,"title":"WILT-BDB9F7: A coin issued by Caracalla","image_urls":["https://finds.org.uk/images/alysontanner/WILT-BDB9F7.jpg"]},{"from":214,"to":214,"title":"BERK-CECD82: A coin issued by Caracalla","image_urls":["https://finds.org.uk/images/ksutton/Smith%20-%20Roman%20coin%20-%20Oct%2006.jpg"]},{"from":214,"to":214,"title":"SOMDOR-86CF24: A coin issued by Caracalla","image_urls":["https://finds.org.uk/images/npayne/86CF24.jpg"]},{"from":214,"to":214,"title":"NCL-4173C4: A coin issued by Caracalla","image_urls":["https://finds.org.uk/images/rcollins/NCL-4173C4.JPG"]},{"from":214,"to":215,"title":"CAM-FFD372: A coin issued by Caracalla","image_urls":["https://finds.org.uk/images/hfowler/CAM-FFD372.jpg"]},{"from":214,"to":214,"title":"NCL-76FEA3: A coin issued by Caracalla","image_urls":["https://finds.org.uk/images/pwalton/715.jpg"]},{"from":214,"to":215,"title":"WMID-0803A4: A coin issued by Caracalla","image_urls":["https://finds.org.uk/images/cjohnson/WMID-0803A4%20obv.jpg"]},{"from":214,"to":260,"title":"SOM-2ED7A4: A coin issued by Caracalla","image_urls":["https://finds.org.uk/images/elburnett/SOM-2ED7A4.jpg"]},{"from":214,"to":214,"title":"ESS-DB0010: A coin issued by Caracalla","image_urls":["https://finds.org.uk/images/cmcdonald/Caracalla%20comp.jpg"]},{"from":214,"to":214,"title":"NCL-EE6F35: A coin issued by Caracalla","image_urls":["https://finds.org.uk/images/pwalton/1083.jpg"]},{"from":214,"to":214,"title":"NCL-3B98F3: A coin issued by Caracalla","image_urls":["https://finds.org.uk/images/pwalton/593.jpg"]},{"from":214,"to":214,"title":"LIN-7F3683: A coin issued by Caracalla","image_urls":["https://finds.org.uk/images/adaubney/LIN2011-752.jpg"]},{"from":214,"to":214,"title":"BH-4122C4: A coin issued by Caracalla","image_urls":["https://finds.org.uk/images/jwatters/Roman_coin_12_41_20.jpg"]},{"from":214,"to":214,"title":"SUSS-1449B0: A coin issued by Caracalla","image_urls":["https://finds.org.uk/images/lwalker/1-204s.jpg"]},{"from":214,"to":215,"title":"Silver Tetradrachm, Seleuceia ad Tigrim, AD 214 - AD 215. 1944.100.83518","image_urls":["http://numismatics.org/collectionimages/19001949/1944/1944.100.83518.rev.width350.jpg"]},{"from":214,"to":217,"title":"RIC IV Caracalla 573A. 1944.100.51707","image_urls":["http://numismatics.org/collectionimages/19001949/1944/1944.100.51707.rev.width350.jpg"]}]