[{"from":215,"to":215,"title":"LVPL-F37E46: A coin issued by Caracalla","image_urls":["https://finds.org.uk/images/voakden/p15.JPG"]},{"from":215,"to":215,"title":"SF-7C8001: A coin issued by Caracalla","image_urls":["https://finds.org.uk/images/abrown/NKT_SF-7C8001.jpg"]},{"from":215,"to":215,"title":"BM-EF9566: A coin issued by Caracalla","image_urls":["https://finds.org.uk/images/jasonlundock/5272.jpg"]},{"from":215,"to":215,"title":"CAM-EAB486: A coin issued by Caracalla","image_urls":["https://finds.org.uk/images/pjw/5005.jpg"]},{"from":215,"to":217,"title":"FAPJW-64E265: A coin issued by Caracalla","image_urls":["https://finds.org.uk/images/pwalton/5332.jpg"]},{"from":215,"to":215,"title":"SF-4B8E2D: A coin issued by Caracalla","image_urls":["https://finds.org.uk/images/abrown/HNS_SF4B8E2D.jpg"]},{"from":215,"to":275,"title":"NARC-326422: A coin issued by Uncertain - 3rd century","image_urls":["https://finds.org.uk/images/rwebley/NARC-326422radiateobv.jpg"]},{"from":215,"to":215,"title":"HESH-E17426: A coin issued by Caracalla","image_urls":["https://finds.org.uk/images/preavill/HESH-E17426.jpg"]},{"from":215,"to":215,"title":"HAMP-625404: A coin issued by Caracalla","image_urls":["https://finds.org.uk/images/rwebley/HAMP-625404Caracalladenarius.jpg"]},{"from":215,"to":216,"title":"Bronze Coin, Pergamum, AD 215 - AD 216. 2000.5.32","image_urls":["http://numismatics.org/collectionimages/20002049/2000/2000.5.32.rev.width350.jpg"]},{"from":215,"to":217,"title":"Silver Antoninianus of Caracalla, Rome, AD 215 - AD 217. 1946.7.32","image_urls":["http://numismatics.org/collectionimages/19001949/1946/1946.7.32.rev.width350.jpg"]},{"from":215,"to":217,"title":"Silver Tetradrachm, Damascus, AD 215 - AD 217. 1944.100.72160","image_urls":["http://numismatics.org/collectionimages/19001949/1944/1944.100.72160.rev.width350.jpg"]},{"from":215,"to":217,"title":"Silver Tetradrachm, Damascus, AD 215 - AD 217. 1944.100.72159","image_urls":["http://numismatics.org/collectionimages/19001949/1944/1944.100.72159.rev.width350.jpg"]},{"from":215,"to":216,"title":"Silver Tetradrachm, Seleuceia ad Tigrim, AD 215 - AD 216. 1944.100.83522","image_urls":["http://numismatics.org/collectionimages/19001949/1944/1944.100.83522.rev.width350.jpg"]}]