[{"from":216,"to":216,"title":"NLM-511A37: A coin issued by Caracalla","image_urls":["https://finds.org.uk/images/mforeman/NLM23420.jpg"]},{"from":216,"to":216,"title":"LIN-069B52: A coin issued by Caracalla","image_urls":["https://finds.org.uk/images/adaubney/LIN9654.jpg"]},{"from":216,"to":217,"title":"KENT-4B3601: A coin issued by Caracalla","image_urls":["https://finds.org.uk/images/jjackson/brisley%20roman%20finished.jpg"]},{"from":216,"to":216,"title":"LANCUM-3DFF43: A coin issued by Caracalla","image_urls":["https://finds.org.uk/images/snoon/LANCUM3DFF43.jpg"]},{"from":216,"to":217,"title":"Silver Tetradrachm, Seleuceia ad Tigrim, AD 216 - AD 217. 1944.100.83523","image_urls":["http://numismatics.org/collectionimages/19001949/1944/1944.100.83523.rev.width350.jpg"]},{"from":216,"to":224,"title":"Bronze Coin, Ecbatana, AD 216 - AD 224. 1944.100.83561","image_urls":["http://numismatics.org/collectionimages/19001949/1944/1944.100.83561.rev.width350.jpg"]},{"from":216,"to":224,"title":"Silver Drachm, Ecbatana, AD 216 - AD 224. 1923.150.407","image_urls":["http://numismatics.org/collectionimages/19001949/1923/1923.150.407.rev.width350.jpg"]},{"from":216,"to":224,"title":"Bronze Coin, Ecbatana, AD 216 - AD 224. 1944.100.83570","image_urls":["http://numismatics.org/collectionimages/19001949/1944/1944.100.83570.rev.width350.jpg"]},{"from":216,"to":224,"title":"Bronze Coin, Ecbatana, AD 216 - AD 224. 1973.56.1719","image_urls":["http://numismatics.org/collectionimages/19501999/1973/1973.56.1719.rev.width350.jpg"]},{"from":216,"to":224,"title":"Silver Drachm, Ecbatana, AD 216 - AD 224. 1944.100.83558","image_urls":["http://numismatics.org/collectionimages/19001949/1944/1944.100.83558.rev.width350.jpg"]},{"from":216,"to":224,"title":"Silver Drachm, Ecbatana, AD 216 - AD 224. 1944.100.83567","image_urls":["http://numismatics.org/collectionimages/19001949/1944/1944.100.83567.rev.width350.jpg"]},{"from":216,"to":224,"title":"Silver Drachm, Ecbatana, AD 216 - AD 224. 1938.50.230","image_urls":["http://numismatics.org/collectionimages/19001949/1938/1938.50.230.rev.width350.jpg"]},{"from":216,"to":224,"title":"Silver Drachm, Ecbatana, AD 216 - AD 224. 1944.100.82568","image_urls":["http://numismatics.org/collectionimages/19001949/1944/1944.100.82568.rev.width350.jpg"]},{"from":216,"to":224,"title":"Silver Drachm, Ecbatana, AD 216 - AD 224. 1944.100.83555","image_urls":["http://numismatics.org/collectionimages/19001949/1944/1944.100.83555.rev.width350.jpg"]},{"from":216,"to":224,"title":"Silver Drachm, Ecbatana, AD 216 - AD 224. 1944.100.83566","image_urls":["http://numismatics.org/collectionimages/19001949/1944/1944.100.83566.rev.width350.jpg"]},{"from":216,"to":224,"title":"Silver Drachm, Ecbatana, AD 216 - AD 224. 1977.158.808","image_urls":["http://numismatics.org/collectionimages/19501999/1977/1977.158.808.rev.width350.jpg"]},{"from":216,"to":224,"title":"Bronze Coin, Ecbatana, AD 216 - AD 224. 1944.100.83564","image_urls":["http://numismatics.org/collectionimages/19001949/1944/1944.100.83564.rev.width350.jpg"]},{"from":216,"to":224,"title":"Bronze Coin, Ecbatana, AD 216 - AD 224. 1944.100.83563","image_urls":["http://numismatics.org/collectionimages/19001949/1944/1944.100.83563.rev.width350.jpg"]},{"from":216,"to":224,"title":"Bronze Coin, Ecbatana, AD 216 - AD 224. 1944.100.83560","image_urls":["http://numismatics.org/collectionimages/19001949/1944/1944.100.83560.rev.width350.jpg"]},{"from":216,"to":224,"title":"Silver Drachm, Ecbatana, AD 216 - AD 224. 1944.100.83569","image_urls":["http://numismatics.org/collectionimages/19001949/1944/1944.100.83569.rev.width350.jpg"]},{"from":216,"to":224,"title":"Bronze Coin, Ecbatana, AD 216 - AD 224. 1944.100.83562","image_urls":["http://numismatics.org/collectionimages/19001949/1944/1944.100.83562.rev.width350.jpg"]},{"from":216,"to":224,"title":"Silver Drachm, Ecbatana, AD 216 - AD 224. 1944.100.83556","image_urls":["http://numismatics.org/collectionimages/19001949/1944/1944.100.83556.rev.width350.jpg"]},{"from":216,"to":224,"title":"Silver Drachm, Ecbatana, AD 216 - AD 224. 1923.150.408","image_urls":["http://numismatics.org/collectionimages/19001949/1923/1923.150.408.rev.width350.jpg"]},{"from":216,"to":224,"title":"Bronze Coin, Ecbatana, AD 216 - AD 224. 0000.999.75816","image_urls":["http://numismatics.org/collectionimages/00001899/0000/0000.999.75816.rev.width350.jpg"]},{"from":216,"to":224,"title":"Bronze Coin, Ecbatana, AD 216 - AD 224. 1944.100.83551","image_urls":["http://numismatics.org/collectionimages/19001949/1944/1944.100.83551.rev.width350.jpg"]},{"from":216,"to":224,"title":"Silver Drachm, Ecbatana, AD 216 - AD 224. 1944.100.83554","image_urls":["http://numismatics.org/collectionimages/19001949/1944/1944.100.83554.rev.width350.jpg"]},{"from":216,"to":224,"title":"Silver Drachm, Ecbatana, AD 216 - AD 224. 1973.56.1718","image_urls":["http://numismatics.org/collectionimages/19501999/1973/1973.56.1718.rev.width350.jpg"]},{"from":216,"to":224,"title":"Silver Drachm, Ecbatana, AD 216 - AD 224. 1944.100.83557","image_urls":["http://numismatics.org/collectionimages/19001949/1944/1944.100.83557.rev.width350.jpg"]},{"from":216,"to":224,"title":"Silver Drachm, Ecbatana, AD 216 - AD 224. 1991.3.66","image_urls":["http://numismatics.org/collectionimages/19501999/1991/1991.3.66.rev.width350.jpg"]},{"from":216,"to":224,"title":"Bronze Coin, Ecbatana, AD 216 - AD 224. 1944.100.83552","image_urls":["http://numismatics.org/collectionimages/19001949/1944/1944.100.83552.rev.width350.jpg"]},{"from":216,"to":224,"title":"Bronze Coin, Ecbatana, AD 216 - AD 224. 1974.52.32","image_urls":["http://numismatics.org/collectionimages/19501999/1974/1974.52.32.rev.width350.jpg"]},{"from":216,"to":224,"title":"Bronze Coin, Ecbatana, AD 216 - AD 224. 1973.56.1720","image_urls":["http://numismatics.org/collectionimages/19501999/1973/1973.56.1720.rev.width350.jpg"]},{"from":216,"to":224,"title":"Bronze Coin, Ecbatana, AD 216 - AD 224. 1944.100.83559","image_urls":["http://numismatics.org/collectionimages/19001949/1944/1944.100.83559.rev.width350.jpg"]},{"from":216,"to":224,"title":"Silver Drachm, Ecbatana, AD 216 - AD 224. 1974.52.31","image_urls":["http://numismatics.org/collectionimages/19501999/1974/1974.52.31.rev.width350.jpg"]},{"from":216,"to":224,"title":"Silver Drachm, Ecbatana, AD 216 - AD 224. 1973.56.1717","image_urls":["http://numismatics.org/collectionimages/19501999/1973/1973.56.1717.rev.width350.jpg"]},{"from":216,"to":224,"title":"Silver Drachm, Ecbatana, AD 216 - AD 224. 1944.100.83565","image_urls":["http://numismatics.org/collectionimages/19001949/1944/1944.100.83565.rev.width350.jpg"]},{"from":216,"to":224,"title":"Silver Drachm, Ecbatana, AD 216 - AD 224. 1944.100.83568","image_urls":["http://numismatics.org/collectionimages/19001949/1944/1944.100.83568.rev.width350.jpg"]}]