[{"from":217,"to":218,"title":"WMID-C4D3C8: A coin issued by Macrinus","image_urls":["https://finds.org.uk/images/pbloore/WMID-C4D3C8.jpg"]},{"from":217,"to":217,"title":"LEIC-B04661: A coin issued by Caracalla","image_urls":["https://finds.org.uk/images/wscott/B04661.JPG"]},{"from":217,"to":218,"title":"YORYM-653028: A coin issued by Macrinus","image_urls":["https://finds.org.uk/images/law/DCr0062.jpg"]},{"from":217,"to":217,"title":"BH-131775: A coin issued by Caracalla","image_urls":["https://finds.org.uk/images/jwatters/Roman_coin_13_38_11.jpg"]},{"from":217,"to":218,"title":"SF-F3B667: A coin issued by Macrinus","image_urls":["https://finds.org.uk/images/jcarr/SEY%20SF-F3B667.jpg"]},{"from":217,"to":218,"title":"WAW-69E393: A coin issued by Macrinus","image_urls":["https://finds.org.uk/images/abolton/WAW-69E393.jpg"]},{"from":217,"to":217,"title":"WILT-C95B51: A coin issued by Macrinus","image_urls":["https://finds.org.uk/images/rhenry2/WILT-C95B51.jpg"]},{"from":217,"to":218,"title":"FAPJW-39A993: A coin issued by Diadumenian","image_urls":["https://finds.org.uk/images/pwalton/7002.jpg"]},{"from":217,"to":218,"title":"KENT-179E28: A coin issued by Macrinus","image_urls":["https://finds.org.uk/images/sjburgess/2.jpg"]},{"from":217,"to":217,"title":"DOR-13C047: A coin issued by Macrinus","image_urls":["https://finds.org.uk/images/caht/13C047.jpg"]},{"from":217,"to":235,"title":"NARC-B6A467: A coin issued by Severus Alexander","image_urls":["https://finds.org.uk/images/jcassidy/NARC-B6A467%20b.jpg"]},{"from":217,"to":235,"title":"SWYOR-5D2F01: A coin issued by Julia Mamaea","image_urls":["https://finds.org.uk/images/acooper/PAS_1155_plated.jpg"]},{"from":217,"to":218,"title":"SWYOR-1CCA62: A coin issued by Diadumenian","image_urls":["https://finds.org.uk/images/acooper/2012T881.jpg"]},{"from":217,"to":217,"title":"SF-A62BDD: A coin issued by Macrinus","image_urls":["https://finds.org.uk/images/abrown/WMH_SF-A62BDD.jpg"]},{"from":217,"to":218,"title":"ESS-FFFC33: A coin issued by Diadumenian","image_urls":["https://finds.org.uk/images/cmcdonald/Diadumenian%20Denarius%20-%20obv..jpg"]},{"from":217,"to":218,"title":"ESS-7C4D71: A coin issued by Macrinus","image_urls":["https://finds.org.uk/images/lmclean/ESS-6DF701%20Roman%20coin%20as%20of%20Macrinus.jpg"]},{"from":217,"to":217,"title":"BH-AE7A26: A coin issued by Caracalla","image_urls":["https://finds.org.uk/images/jwatters/Roman_coin_12_41_11.jpg"]},{"from":217,"to":218,"title":"RIC IV Macrinus 86. 1948.19.1699","image_urls":["http://numismatics.org/collectionimages/19001949/1948/1948.19.1699.rev.width350.jpg"]},{"from":217,"to":218,"title":"RIC IV Macrinus 212b. 1905.57.559","image_urls":["http://numismatics.org/collectionimages/19001949/1905/1905.57.559.rev.width350.jpg"]},{"from":217,"to":218,"title":"RIC IV Macrinus 116b. 1944.100.51868","image_urls":["http://numismatics.org/collectionimages/19001949/1944/1944.100.51868.rev.width350.jpg"]},{"from":217,"to":218,"title":"RIC IV Macrinus 107Aa. 1948.19.1715","image_urls":["http://numismatics.org/collectionimages/19001949/1948/1948.19.1715.rev.width350.jpg"]},{"from":217,"to":218,"title":"RIC IV Macrinus 80a. 1948.19.1709","image_urls":["http://numismatics.org/collectionimages/19001949/1948/1948.19.1709.rev.width350.jpg"]},{"from":217,"to":218,"title":"RIC IV Macrinus 108. 1944.100.51862","image_urls":["http://numismatics.org/collectionimages/19001949/1944/1944.100.51862.rev.width350.jpg"]},{"from":217,"to":218,"title":"RIC IV Macrinus 102a. 1948.19.1718","image_urls":["http://numismatics.org/collectionimages/19001949/1948/1948.19.1718.rev.width350.jpg"]},{"from":217,"to":218,"title":"RIC IV Macrinus 73b. 1944.100.51835","image_urls":["http://numismatics.org/collectionimages/19001949/1944/1944.100.51835.rev.width350.jpg"]},{"from":217,"to":218,"title":"RIC IV Macrinus 86. 1944.100.51838","image_urls":["http://numismatics.org/collectionimages/19001949/1944/1944.100.51838.rev.width350.jpg"]},{"from":217,"to":218,"title":"RIC IV Macrinus 116b. 1954.203.238","image_urls":["http://numismatics.org/collectionimages/19501999/1954/1954.203.238.rev.width350.jpg"]},{"from":217,"to":218,"title":"RIC IV Macrinus 67c. 1944.100.51832","image_urls":["http://numismatics.org/collectionimages/19001949/1944/1944.100.51832.rev.width350.jpg"]},{"from":217,"to":218,"title":"RIC IV Macrinus 101. 1967.153.175","image_urls":["http://numismatics.org/collectionimages/19501999/1967/1967.153.175.rev.width350.jpg"]},{"from":217,"to":218,"title":"Bronze Coin of Statius Longinus, Nicopolis ad Istrum, AD 217 - AD 218. 2002.21.7","image_urls":["http://numismatics.org/collectionimages/20002049/2002/2002.21.7.rev.width350.jpg"]},{"from":217,"to":218,"title":"Silver Denarius, Antioch, AD 217 - AD 218. 2015.12.19","image_urls":["http://numismatics.org/collectionimages/20002049/2015/2015.12.19.rev.width350.jpg"]},{"from":217,"to":218,"title":"RIC IV Macrinus 60c. 1944.100.51829","image_urls":["http://numismatics.org/collectionimages/19001949/1944/1944.100.51829.rev.width350.jpg"]},{"from":217,"to":218,"title":"RIC IV Macrinus 53c. 1987.26.211","image_urls":["http://numismatics.org/collectionimages/19501999/1987/1987.26.211.rev.width350.jpg"]},{"from":217,"to":218,"title":"RIC IV Macrinus 102a. 1944.100.51864","image_urls":["http://numismatics.org/collectionimages/19001949/1944/1944.100.51864.rev.width350.jpg"]},{"from":217,"to":218,"title":"RIC IV Macrinus 102b. 1944.100.51867","image_urls":["http://numismatics.org/collectionimages/19001949/1944/1944.100.51867.rev.width350.jpg"]},{"from":217,"to":218,"title":"RIC IV Macrinus 116a. 1948.19.1714","image_urls":["http://numismatics.org/collectionimages/19001949/1948/1948.19.1714.rev.width350.jpg"]},{"from":217,"to":218,"title":"RIC IV Macrinus 59. 1944.100.51831","image_urls":["http://numismatics.org/collectionimages/19001949/1944/1944.100.51831.rev.width350.jpg"]},{"from":217,"to":218,"title":"RIC IV Macrinus 185c. 1944.100.51859","image_urls":["http://numismatics.org/collectionimages/19001949/1944/1944.100.51859.rev.width350.jpg"]},{"from":217,"to":218,"title":"RIC IV Macrinus 85b. 1944.100.51849","image_urls":["http://numismatics.org/collectionimages/19001949/1944/1944.100.51849.rev.width350.jpg"]},{"from":217,"to":218,"title":"RIC IV Macrinus 62b. 1948.19.1692","image_urls":["http://numismatics.org/collectionimages/19001949/1948/1948.19.1692.rev.width350.jpg"]},{"from":217,"to":218,"title":"RIC IV Macrinus 86. 1948.19.1700","image_urls":["http://numismatics.org/collectionimages/19001949/1948/1948.19.1700.rev.width350.jpg"]},{"from":217,"to":218,"title":"RIC IV Macrinus 59. 1948.19.1690","image_urls":["http://numismatics.org/collectionimages/19001949/1948/1948.19.1690.rev.width350.jpg"]},{"from":217,"to":218,"title":"RIC IV Macrinus 116a. 1944.100.51861","image_urls":["http://numismatics.org/collectionimages/19001949/1944/1944.100.51861.rev.width350.jpg"]},{"from":217,"to":218,"title":"RIC IV Macrinus 79. 1967.153.174","image_urls":["http://numismatics.org/collectionimages/19501999/1967/1967.153.174.rev.width350.jpg"]},{"from":217,"to":218,"title":"Bronze Coin, Gadara, AD 217 - AD 218. 1944.100.69361","image_urls":["http://numismatics.org/collectionimages/19001949/1944/1944.100.69361.rev.width350.jpg"]},{"from":217,"to":218,"title":"RIC IV Macrinus 181. 1951.61.84","image_urls":["http://numismatics.org/collectionimages/19501999/1951/1951.61.84.rev.width350.jpg"]},{"from":217,"to":218,"title":"RIC IV Macrinus 116b. 1970.156.421","image_urls":["http://numismatics.org/collectionimages/19501999/1970/1970.156.421.rev.width350.jpg"]},{"from":217,"to":218,"title":"RIC IV Macrinus 69f. 1947.97.485","image_urls":["http://numismatics.org/collectionimages/19001949/1947/1947.97.485.rev.width350.jpg"]},{"from":217,"to":218,"title":"Bronze Coin, Perge, AD 217 - AD 218. 2008.16.3","image_urls":["http://numismatics.org/collectionimages/20002049/2008/2008.16.3.rev.width350.jpg"]},{"from":217,"to":218,"title":"RIC IV Macrinus 211. 1944.100.51870","image_urls":["http://numismatics.org/collectionimages/19001949/1944/1944.100.51870.rev.width350.jpg"]},{"from":217,"to":218,"title":"RIC IV Macrinus 102a. 1948.19.1717","image_urls":["http://numismatics.org/collectionimages/19001949/1948/1948.19.1717.rev.width350.jpg"]},{"from":217,"to":218,"title":"RIC IV Macrinus 189. 1944.100.51852","image_urls":["http://numismatics.org/collectionimages/19001949/1944/1944.100.51852.rev.width350.jpg"]},{"from":217,"to":218,"title":"RIC IV Macrinus 95f. 1992.1.16","image_urls":["http://numismatics.org/collectionimages/19501999/1992/1992.1.16.rev.width350.jpg"]},{"from":217,"to":218,"title":"RIC IV Macrinus 59. 1935.117.597","image_urls":["http://numismatics.org/collectionimages/19001949/1935/1935.117.597.rev.width350.jpg"]},{"from":217,"to":218,"title":"Bronze Coin, Anemurium, AD 217 - AD 218. 2008.16.2","image_urls":["http://numismatics.org/collectionimages/20002049/2008/2008.16.2.rev.width350.jpg"]},{"from":217,"to":218,"title":"RIC IV Macrinus 102a. 1987.26.212","image_urls":["http://numismatics.org/collectionimages/19501999/1987/1987.26.212.rev.width350.jpg"]},{"from":217,"to":218,"title":"RIC IV Macrinus 63e. 1964.94.3","image_urls":["http://numismatics.org/collectionimages/19501999/1964/1964.94.3.rev.width350.jpg"]},{"from":217,"to":218,"title":"RIC IV Macrinus 78b. 1948.19.1707","image_urls":["http://numismatics.org/collectionimages/19001949/1948/1948.19.1707.rev.width350.jpg"]},{"from":217,"to":218,"title":"RIC IV Macrinus 212b. 1927.165.26","image_urls":["http://numismatics.org/collectionimages/19001949/1927/1927.165.26.rev.width350.jpg"]},{"from":217,"to":218,"title":"Bronze Coin, Sagalassus, AD 217 - AD 218. 1944.100.52067","image_urls":["http://numismatics.org/collectionimages/19001949/1944/1944.100.52067.rev.width350.jpg"]},{"from":217,"to":218,"title":"RIC IV Macrinus 59. 1948.19.1689","image_urls":["http://numismatics.org/collectionimages/19001949/1948/1948.19.1689.rev.width350.jpg"]},{"from":217,"to":218,"title":"RIC IV Macrinus 62b. 1944.100.51830","image_urls":["http://numismatics.org/collectionimages/19001949/1944/1944.100.51830.rev.width350.jpg"]},{"from":217,"to":218,"title":"RIC IV Macrinus 102b. 1944.100.51866","image_urls":["http://numismatics.org/collectionimages/19001949/1944/1944.100.51866.rev.width350.jpg"]},{"from":217,"to":218,"title":"RIC IV Macrinus 172b. 1944.100.51851","image_urls":["http://numismatics.org/collectionimages/19001949/1944/1944.100.51851.rev.width350.jpg"]},{"from":217,"to":218,"title":"RIC IV Macrinus 76b. 1987.26.209","image_urls":["http://numismatics.org/collectionimages/19501999/1987/1987.26.209.rev.width350.jpg"]},{"from":217,"to":218,"title":"RIC IV Macrinus 95f. 1944.100.51839","image_urls":["http://numismatics.org/collectionimages/19001949/1944/1944.100.51839.rev.width350.jpg"]},{"from":217,"to":218,"title":"RIC IV Macrinus 76b. 1948.19.1697","image_urls":["http://numismatics.org/collectionimages/19001949/1948/1948.19.1697.rev.width350.jpg"]},{"from":217,"to":218,"title":"RIC IV Macrinus 212a. 1944.100.51872","image_urls":["http://numismatics.org/collectionimages/19001949/1944/1944.100.51872.rev.width350.jpg"]},{"from":217,"to":218,"title":"RIC IV Macrinus 73c. 1944.100.51834","image_urls":["http://numismatics.org/collectionimages/19001949/1944/1944.100.51834.rev.width350.jpg"]},{"from":217,"to":218,"title":"RIC IV Macrinus 67b. 1975.226.90","image_urls":["http://numismatics.org/collectionimages/19501999/1975/1975.226.90.rev.width350.jpg"]},{"from":217,"to":218,"title":"RIC IV Macrinus 76b. 1944.100.51837","image_urls":["http://numismatics.org/collectionimages/19001949/1944/1944.100.51837.rev.width350.jpg"]},{"from":217,"to":218,"title":"RIC IV Macrinus 211. 1995.11.1428","image_urls":["http://numismatics.org/collectionimages/19501999/1995/1995.11.1428.rev.width350.jpg"]},{"from":217,"to":218,"title":"RIC IV Macrinus 102a. 1922.999.90","image_urls":["http://numismatics.org/collectionimages/19001949/1922/1922.999.90.rev.width350.jpg"]},{"from":217,"to":218,"title":"Silver Tetradrachm, Seleuceia ad Tigrim, AD 217 - AD 218. 1944.100.83524","image_urls":["http://numismatics.org/collectionimages/19001949/1944/1944.100.83524.rev.width350.jpg"]},{"from":217,"to":218,"title":"RIC IV Macrinus 204. 1995.11.1425","image_urls":["http://numismatics.org/collectionimages/19501999/1995/1995.11.1425.rev.width350.jpg"]},{"from":217,"to":218,"title":"RIC IV Macrinus 102a. 1960.170.396","image_urls":["http://numismatics.org/collectionimages/19501999/1960/1960.170.396.rev.width350.jpg"]},{"from":217,"to":218,"title":"RIC IV Macrinus 92b. 1948.19.1711","image_urls":["http://numismatics.org/collectionimages/19001949/1948/1948.19.1711.rev.width350.jpg"]},{"from":217,"to":218,"title":"RIC IV Macrinus 66. 1935.117.598","image_urls":["http://numismatics.org/collectionimages/19001949/1935/1935.117.598.rev.width350.jpg"]},{"from":217,"to":218,"title":"RIC IV Macrinus 53c. 1948.19.1705","image_urls":["http://numismatics.org/collectionimages/19001949/1948/1948.19.1705.rev.width350.jpg"]},{"from":217,"to":218,"title":"RIC IV Macrinus 68b. 1948.19.1695","image_urls":["http://numismatics.org/collectionimages/19001949/1948/1948.19.1695.rev.width350.jpg"]},{"from":217,"to":218,"title":"RIC IV Macrinus 102b. 1954.191.1","image_urls":["http://numismatics.org/collectionimages/19501999/1954/1954.191.1.rev.width350.jpg"]},{"from":217,"to":218,"title":"RIC IV Macrinus 196e. 1944.100.51860","image_urls":["http://numismatics.org/collectionimages/19001949/1944/1944.100.51860.rev.width350.jpg"]},{"from":217,"to":218,"title":"RIC IV Macrinus 211. 1944.100.51869","image_urls":["http://numismatics.org/collectionimages/19001949/1944/1944.100.51869.rev.width350.jpg"]},{"from":217,"to":218,"title":"RIC IV Macrinus 68b. 1948.19.1694","image_urls":["http://numismatics.org/collectionimages/19001949/1948/1948.19.1694.rev.width350.jpg"]},{"from":217,"to":218,"title":"RIC IV Macrinus 77d. 1944.100.51836","image_urls":["http://numismatics.org/collectionimages/19001949/1944/1944.100.51836.rev.width350.jpg"]},{"from":217,"to":218,"title":"RIC IV Macrinus 102a. 1944.100.51863","image_urls":["http://numismatics.org/collectionimages/19001949/1944/1944.100.51863.rev.width350.jpg"]},{"from":217,"to":218,"title":"RIC IV Macrinus 84. 1948.19.1710","image_urls":["http://numismatics.org/collectionimages/19001949/1948/1948.19.1710.rev.width350.jpg"]},{"from":217,"to":218,"title":"RIC IV Macrinus 73b. 1995.1.34","image_urls":["http://numismatics.org/collectionimages/19501999/1995/1995.1.34.rev.width350.jpg"]},{"from":217,"to":218,"title":"RIC IV Macrinus 53c. 1944.100.51848","image_urls":["http://numismatics.org/collectionimages/19001949/1944/1944.100.51848.rev.width350.jpg"]},{"from":217,"to":218,"title":"RIC IV Macrinus 60c. 1948.19.1691","image_urls":["http://numismatics.org/collectionimages/19001949/1948/1948.19.1691.rev.width350.jpg"]},{"from":217,"to":218,"title":"RIC IV Macrinus 98. 1954.256.29","image_urls":["http://numismatics.org/collectionimages/19501999/1954/1954.256.29.rev.width350.jpg"]},{"from":217,"to":218,"title":"RIC IV Macrinus 212b. 1944.100.51871","image_urls":["http://numismatics.org/collectionimages/19001949/1944/1944.100.51871.rev.width350.jpg"]},{"from":217,"to":218,"title":"RIC IV Macrinus 92b. 1948.19.1712","image_urls":["http://numismatics.org/collectionimages/19001949/1948/1948.19.1712.rev.width350.jpg"]},{"from":217,"to":218,"title":"Bronze Coin, Sagalassus, AD 217 - AD 218. 1968.244.30","image_urls":["http://numismatics.org/collectionimages/19501999/1968/1968.244.30.rev.width350.jpg"]},{"from":217,"to":218,"title":"RIC IV Macrinus 53c. 1948.19.1706","image_urls":["http://numismatics.org/collectionimages/19001949/1948/1948.19.1706.rev.width350.jpg"]},{"from":217,"to":218,"title":"RIC IV Macrinus 102b. 1944.100.51865","image_urls":["http://numismatics.org/collectionimages/19001949/1944/1944.100.51865.rev.width350.jpg"]},{"from":217,"to":218,"title":"RIC IV Macrinus 68b. 1944.100.51833","image_urls":["http://numismatics.org/collectionimages/19001949/1944/1944.100.51833.rev.width350.jpg"]},{"from":217,"to":218,"title":"RIC IV Macrinus 106d. 1995.110.44","image_urls":["http://numismatics.org/collectionimages/19501999/1995/1995.110.44.rev.width350.jpg"]},{"from":217,"to":218,"title":"Bronze Coin, Heraclea Salbace, AD 217 - AD 218. 1944.100.47993","image_urls":["http://numismatics.org/collectionimages/19001949/1944/1944.100.47993.rev.width350.jpg"]},{"from":217,"to":218,"title":"RIC IV Macrinus 67b. 1948.19.1693","image_urls":["http://numismatics.org/collectionimages/19001949/1948/1948.19.1693.rev.width350.jpg"]},{"from":217,"to":218,"title":"RIC IV Macrinus 68b. 1935.117.599","image_urls":["http://numismatics.org/collectionimages/19001949/1935/1935.117.599.rev.width350.jpg"]},{"from":217,"to":218,"title":"RIC IV Macrinus 73c. 1948.19.1696","image_urls":["http://numismatics.org/collectionimages/19001949/1948/1948.19.1696.rev.width350.jpg"]},{"from":217,"to":218,"title":"RIC IV Macrinus 80a. 1948.19.1708","image_urls":["http://numismatics.org/collectionimages/19001949/1948/1948.19.1708.rev.width350.jpg"]},{"from":217,"to":218,"title":"RIC IV Macrinus 76b. 1948.19.1698","image_urls":["http://numismatics.org/collectionimages/19001949/1948/1948.19.1698.rev.width350.jpg"]},{"from":217,"to":218,"title":"RIC IV Macrinus 102a. 1935.117.605","image_urls":["http://numismatics.org/collectionimages/19001949/1935/1935.117.605.rev.width350.jpg"]},{"from":217,"to":218,"title":"RIC IV Macrinus 102a. 1948.19.1716","image_urls":["http://numismatics.org/collectionimages/19001949/1948/1948.19.1716.rev.width350.jpg"]},{"from":217,"to":218,"title":"RIC IV Macrinus 102b. 1935.117.604","image_urls":["http://numismatics.org/collectionimages/19001949/1935/1935.117.604.rev.width350.jpg"]},{"from":217,"to":218,"title":"Bronze Coin, Parium, AD 217 - AD 218. 1944.100.43141","image_urls":["http://numismatics.org/collectionimages/19001949/1944/1944.100.43141.rev.width350.jpg"]},{"from":217,"to":218,"title":"RIC IV Macrinus 216. 1951.61.85","image_urls":["http://numismatics.org/collectionimages/19501999/1951/1951.61.85.rev.width350.jpg"]},{"from":217,"to":218,"title":"RIC IV Macrinus 53a. 1912.52.19","image_urls":["http://numismatics.org/collectionimages/19001949/1912/1912.52.19.rev.width350.jpg"]}]