[{"from":218,"to":224,"title":"Denarius of Severus Alexander, Antioch, 218-224. 2001.4.2.","image_urls":["http://coins.lib.virginia.edu/images/coins/screen/n2001_4_2_rev.jpg"]},{"from":218,"to":222,"title":"Quinarius of Elagabalus, Rome, 218-222. 1989.19.18.","image_urls":["http://coins.lib.virginia.edu/images/coins/screen/n1989_19_18_rev.jpg"]},{"from":218,"to":222,"title":"KENT-FF7F80: A coin issued by Elagabalus","image_urls":["https://finds.org.uk/images/arichardson/PAK197-106%20copy.jpg"]},{"from":218,"to":222,"title":"IOW-718084: A coin issued by Elagabalus","image_urls":["https://finds.org.uk/images/fbasford/IOW2013-2-342.JPG"]},{"from":218,"to":222,"title":"FAPJW-610352: A coin issued by Elagabalus","image_urls":["https://finds.org.uk/images/pwalton/7022.jpg"]},{"from":218,"to":222,"title":"SWYOR-80CFE4: A coin issued by Elagabalus","image_urls":["https://finds.org.uk/images/acooper/roman%20silver%20coin.jpg"]},{"from":218,"to":222,"title":"HAMP-2215D8: A coin issued by Elagabalus","image_urls":["https://finds.org.uk/images/rwebley/HAMP-2215D8Elagabalusdenarius.jpg"]},{"from":218,"to":220,"title":"FAPJW-5FD464: A coin issued by Julia Paula","image_urls":["https://finds.org.uk/images/pwalton/5FD464.jpg"]},{"from":218,"to":222,"title":"LON-86A0BB: A coin issued by Elagabalus","image_urls":["https://finds.org.uk/images/paitesb123/Elagabalus-Dec13.jpg"]},{"from":218,"to":222,"title":"SUR-927294: A coin issued by Elagabalus","image_urls":["https://finds.org.uk/images/dwilliams/B13-418.JPG"]},{"from":218,"to":222,"title":"WAW-0AFEB5: A coin issued by Elagabalus","image_urls":["https://finds.org.uk/images/abolton/WAW-0AFEB5.jpg"]},{"from":218,"to":222,"title":"BH-82A9F7: A coin issued by Elagabalus","image_urls":["https://finds.org.uk/images/jwatters/Roman%20coin%2006%2098%20-%2011.jpg"]},{"from":218,"to":222,"title":"LEIC-811E75: A coin issued by Elagabalus","image_urls":["https://finds.org.uk/images/wscott/811E75.JPG"]},{"from":218,"to":222,"title":"NCL-24FA81: A coin issued by Julia Maesa","image_urls":["https://finds.org.uk/images/pwalton/737.jpg"]},{"from":218,"to":219,"title":"SOMDOR-3A3F42: A coin issued by Julia Maesa","image_urls":["https://finds.org.uk/images/npayne/SOMDOR-3A3F42cleaned.JPG"]},{"from":218,"to":222,"title":"LEIC-07E065: A coin issued by Elagabalus","image_urls":["https://finds.org.uk/images/wscott/07E065.JPG"]},{"from":218,"to":222,"title":"LIN-8CD676: A coin issued by Elagabalus","image_urls":["https://finds.org.uk/images/adaubney/LIN8272.JPG"]},{"from":218,"to":222,"title":"YORYM-9D7245: A coin issued by Julia Maesa","image_urls":["https://finds.org.uk/images/bmorris/BL1085.jpg"]},{"from":218,"to":222,"title":"BERK-762DA6: A coin issued by Julia Maesa","image_urls":["https://finds.org.uk/images/cedbury/762DA6.jpg"]},{"from":218,"to":222,"title":"NCL-750434: A coin issued by Julia Soaemias","image_urls":["https://finds.org.uk/images/pwalton/717.jpg"]},{"from":218,"to":222,"title":"DENO-725162: A coin issued by Elagabalus","image_urls":["https://finds.org.uk/images/arohde/E5971%206%20Victory%20denarius.jpg"]},{"from":218,"to":218,"title":"SUR-60D495: A coin issued by Elagabalus","image_urls":["https://finds.org.uk/images/margaretb/11-992.jpg"]},{"from":218,"to":222,"title":"FAPJW-602763: A coin issued by Elagabalus","image_urls":["https://finds.org.uk/images/pwalton/7007.jpg"]},{"from":218,"to":222,"title":"BM-082097: A coin issued by Julia Maesa","image_urls":["https://finds.org.uk/images/beckyd/5213.jpg"]},{"from":218,"to":222,"title":"FAPJW-E11222: A coin issued by Julia Maesa","image_urls":["https://finds.org.uk/images/pwalton/5076.jpg"]},{"from":218,"to":222,"title":"BUC-CAD022: A coin issued by Elagabalus","image_urls":["https://finds.org.uk/images/jmoss/TC47.jpg"]},{"from":218,"to":222,"title":"LEIC-FC04F2: A coin issued by Elagabalus","image_urls":["https://finds.org.uk/images/wscott/FC04F2.JPG"]},{"from":218,"to":222,"title":"WILT-848903: A coin issued by Julia Maesa","image_urls":["https://finds.org.uk/images/rhenry2/WILT-848903.jpg"]},{"from":218,"to":222,"title":"BM-EF4293: A coin issued by Julia Maesa","image_urls":["https://finds.org.uk/images/jasonlundock/5257.jpg"]},{"from":218,"to":222,"title":"NCL-B38304: A coin issued by Elagabalus","image_urls":["https://finds.org.uk/images/pwalton/690.jpg"]},{"from":218,"to":222,"title":"WAW-D5DB42: A coin issued by Elagabalus","image_urls":["https://finds.org.uk/images/eloisemarkwick/WAW-D5DB42.jpg"]},{"from":218,"to":222,"title":"FAPJW-E0A5A3: A coin issued by Julia Soaemias","image_urls":["https://finds.org.uk/images/pwalton/5096.jpg"]},{"from":218,"to":220,"title":"NCL-E6AC42: A coin issued by Julia Maesa","image_urls":["https://finds.org.uk/images/pwalton/743.jpg"]},{"from":218,"to":222,"title":"NARC-A29EB7: A coin issued by Julia Maesa","image_urls":["https://finds.org.uk/images/sashby/NARC-A29EB7%20silver.jpg"]},{"from":218,"to":222,"title":"CAM-6A1EE7: A coin issued by Julia Maesa","image_urls":["https://finds.org.uk/images/hfowler/CAM-6A1EE7.jpg"]},{"from":218,"to":222,"title":"LON-1B9FC3: A coin issued by Elagabalus","image_urls":["https://finds.org.uk/images/ksumnall/Flint-Elagabalus-Sept12.jpg"]},{"from":218,"to":222,"title":"IOW-4B0ABD: A coin issued by Julia Maesa","image_urls":["https://finds.org.uk/images/fbasford/IOW2015712.JPG"]},{"from":218,"to":222,"title":"BM-EF18A7: A coin issued by Elagabalus","image_urls":["https://finds.org.uk/images/jasonlundock/5246.jpg"]},{"from":218,"to":222,"title":"SUR-4227B5: A coin issued by Elagabalus","image_urls":["https://finds.org.uk/images/dwilliams/10.659.jpg"]},{"from":218,"to":222,"title":"LIN-AFB9A5: A coin issued by Elagabalus","image_urls":["https://finds.org.uk/images/adaubney/NC237.jpg"]},{"from":218,"to":219,"title":"SWYOR-3CD872: A coin issued by Elagabalus","image_urls":["https://finds.org.uk/images/mblevins/PAS_1577_denarius.jpg"]},{"from":218,"to":222,"title":"BM-60CC56: A coin with an unrecorded/uncertain issuer.","image_urls":["https://finds.org.uk/images/jasonlundock/5159.jpg"]},{"from":218,"to":222,"title":"PUBLIC-F84BF5: A coin issued by Elagabalus","image_urls":["https://finds.org.uk/images/alancharman67/herrings.jpg"]},{"from":218,"to":222,"title":"LANCUM-808328: A coin issued by Julia Soaemias","image_urls":["https://finds.org.uk/images/dboughton/LVMDVR808328.jpg"]},{"from":218,"to":222,"title":"FAPJW-2D88E5: A coin issued by Elagabalus","image_urls":["https://finds.org.uk/images/pwalton/9005.jpg"]},{"from":218,"to":222,"title":"NCL-F64593: A coin issued by Elagabalus","image_urls":["https://finds.org.uk/images/pwalton/5593.jpg"]},{"from":218,"to":220,"title":"SUR-0EF406: A coin issued by Julia Maesa","image_urls":["https://finds.org.uk/images/dwilliams/B13-551.JPG"]},{"from":218,"to":222,"title":"SOM-8C8694: A coin issued by Julia Maesa","image_urls":["https://finds.org.uk/images/elburnett/SOM-8C8694.JPG"]},{"from":218,"to":222,"title":"BM-F984A5: A coin issued by Elagabalus","image_urls":["https://finds.org.uk/images/jasonlundock/5244.jpg"]},{"from":218,"to":222,"title":"SUSS-55C727: A coin issued by Julia Maesa","image_urls":["https://finds.org.uk/images/saehoile/SUSS-55C727.JPG"]},{"from":218,"to":222,"title":"FAPJW-63CBB4: A coin issued by Elagabalus","image_urls":["https://finds.org.uk/images/pwalton/5301.jpg"]},{"from":218,"to":222,"title":"FAPJW-3EF5C8: A coin issued by Julia Maesa","image_urls":["https://finds.org.uk/images/pwalton/fapjw2ef5c8.jpg"]},{"from":218,"to":222,"title":"FAPJW-BAF9A2: A coin issued by Elagabalus","image_urls":["https://finds.org.uk/images/pwalton/5151i.jpg"]},{"from":218,"to":222,"title":"NCL-E4F336: A coin issued by Julia Maesa","image_urls":["https://finds.org.uk/images/pwalton/742.jpg"]},{"from":218,"to":219,"title":"SUR-60BD74: A coin issued by Elagabalus","image_urls":["https://finds.org.uk/images/dwilliams/12-27.JPG"]},{"from":218,"to":222,"title":"NCL-F4B634: A coin issued by Elagabalus","image_urls":["https://finds.org.uk/images/pwalton/902.jpg"]},{"from":218,"to":222,"title":"YORYM-C65514: A coin issued by Elagabalus","image_urls":["https://finds.org.uk/images/bmorris/BL1036.jpg"]},{"from":218,"to":222,"title":"FAPJW-2A4D10: A coin issued by Elagabalus","image_urls":["https://finds.org.uk/images/pwalton/9001.jpg"]},{"from":218,"to":222,"title":"SWYOR-29F367: A coin issued by Elagabalus","image_urls":["https://finds.org.uk/images/acooper/PAS_1181_18.jpg"]},{"from":218,"to":222,"title":"ESS-D9C612: A coin issued by Julia Soaemias","image_urls":["https://finds.org.uk/images/cmcdonald/LincolnJuliaSDenariusOb.jpg"]},{"from":218,"to":222,"title":"DOR-F51620: A coin issued by Elagabalus","image_urls":["https://finds.org.uk/images/caht/F51620.JPG"]},{"from":218,"to":222,"title":"SOM-A5CF41: A coin issued by Elagabalus","image_urls":["https://finds.org.uk/images/elburnett/SOM-A5CF41.JPG"]},{"from":218,"to":222,"title":"WMID-DAB756: A coin issued by Elagabalus","image_urls":["https://finds.org.uk/images/tbrindle/WMID-DAB756.jpg"]},{"from":218,"to":222,"title":"WILT-F19238: A coin issued by Julia Soaemias","image_urls":["https://finds.org.uk/images/rhenry2/WILTF19238.jpg"]},{"from":218,"to":222,"title":"BM-C2BFD6: A coin issued by Elagabalus","image_urls":["https://finds.org.uk/images/vdrost/BMC2BFD6O.JPG"]},{"from":218,"to":222,"title":"FAPJW-614393: A coin issued by Elagabalus","image_urls":["https://finds.org.uk/images/pwalton/7024.jpg"]},{"from":218,"to":222,"title":"WAW-F28A00: A coin issued by Elagabalus","image_urls":["https://finds.org.uk/images/abolton/WAW-F28A00.jpg"]},{"from":218,"to":222,"title":"YORYM-162552: A coin issued by Julia Maesa","image_urls":["https://finds.org.uk/images/law/KSB0075.jpg"]},{"from":218,"to":222,"title":"FAPJW-BB07E6: A coin issued by Elagabalus","image_urls":["https://finds.org.uk/images/pwalton/5234i.jpg"]},{"from":218,"to":222,"title":"WAW-D60048: A coin issued by Julia Maesa","image_urls":["https://finds.org.uk/images/eloisemarkwick/WAW-D60048.jpg"]},{"from":218,"to":222,"title":"LEIC-03B121: A coin issued by Julia Maesa","image_urls":["https://finds.org.uk/images/wscott/03B121.JPG"]},{"from":218,"to":222,"title":"YORYM-5BC1B2: A coin issued by Julia Soaemias","image_urls":["https://finds.org.uk/images/bethe/YORYM-5BC1B2.jpg"]},{"from":218,"to":222,"title":"SOMDOR-874A22: A coin issued by Elagabalus","image_urls":["https://finds.org.uk/images/npayne/874A22.jpg"]},{"from":218,"to":222,"title":"SF-A6DAA5: A coin issued by Elagabalus","image_urls":["https://finds.org.uk/images/abrown/WMH_SF-A6DAA5.jpg"]},{"from":218,"to":222,"title":"FAPJW-D05F15: A coin issued by Julia Maesa","image_urls":["https://finds.org.uk/images/pwalton/5015.jpg"]},{"from":218,"to":222,"title":"SUR-E242D7: A coin issued by Elagabalus","image_urls":["https://finds.org.uk/images/dwilliams/DSCN1585.JPG"]},{"from":218,"to":222,"title":"SUR-928411: A coin issued by Elagabalus","image_urls":["https://finds.org.uk/images/dwilliams/B13-419a.JPG"]},{"from":218,"to":222,"title":"WMID-253627: A coin issued by Elagabalus","image_urls":["https://finds.org.uk/images/tgilmore/WMID253627.jpg"]},{"from":218,"to":222,"title":"NCL-9AD036: A coin issued by Julia Soaemias","image_urls":["https://finds.org.uk/images/pwalton/NCL9ad036.jpg"]},{"from":218,"to":222,"title":"FAPJW-60F927: A coin issued by Julia Maesa","image_urls":["https://finds.org.uk/images/pwalton/7023.jpg"]},{"from":218,"to":222,"title":"LVPL-DC09F1: A coin issued by Julia Maesa","image_urls":["https://finds.org.uk/images/voakden/LVPL-DC09F1.JPG"]},{"from":218,"to":222,"title":"SF-267336: A coin issued by Elagabalus","image_urls":["https://finds.org.uk/images/abrown/WTH%20SF-267336.jpg"]},{"from":218,"to":222,"title":"BM-C2DA8C: A coin issued by Julia Maesa","image_urls":["https://finds.org.uk/images/vdrost/BMC2DA8CO.JPG"]},{"from":218,"to":222,"title":"HAMP-6FE2F1: A coin issued by Elagabalus","image_urls":["https://finds.org.uk/images/khindshamp/HAMP6FE2F1.jpg"]},{"from":218,"to":222,"title":"WILT-869E22: A coin issued by Julia Maesa","image_urls":["https://finds.org.uk/images/khinds/Bulley0908hoardcoin11.jpg"]},{"from":218,"to":222,"title":"NLM-9BC7F0: A coin issued by Julia Soaemias","image_urls":["https://finds.org.uk/images/mforeman/NLM28070.jpg"]},{"from":218,"to":219,"title":"BH-C7E0B2: A coin issued by Elagabalus","image_urls":["https://finds.org.uk/images/jwatters/Roman%20coin%2009%2031%20-%203.jpg"]},{"from":218,"to":222,"title":"NCL-885FE4: A coin issued by Elagabalus","image_urls":["https://finds.org.uk/images/pwalton/763.jpg"]},{"from":218,"to":222,"title":"YORYM-680018: A coin issued by Elagabalus","image_urls":["https://finds.org.uk/images/bcrump/BL0364.jpg"]},{"from":218,"to":222,"title":"WAW-59AE66: A coin issued by Julia Maesa","image_urls":["https://finds.org.uk/images/abolton/WAW-59AE66.jpg"]},{"from":218,"to":222,"title":"SF-90A866: A coin issued by Elagabalus","image_urls":["https://finds.org.uk/images/abrown/IKL_SF-90A866.jpg"]},{"from":218,"to":222,"title":"SOM-1B47D7: A coin issued by Julia Soaemias","image_urls":["https://finds.org.uk/images/annab/SOM-1B47D7.jpg"]},{"from":218,"to":222,"title":"NMS-789973: A coin issued by Elagabalus","image_urls":["https://finds.org.uk/images/amarsden/1559_789973_%20RB_Coin.jpg"]},{"from":218,"to":222,"title":"LVPL50: A coin issued by Julia Soaemias","image_urls":["https://finds.org.uk/images/nherepath/lvpl50.jpg"]},{"from":218,"to":222,"title":"CAM-A33356: A coin issued by Julia Maesa","image_urls":["https://finds.org.uk/images/hfowler/CAM-A33356.jpg"]},{"from":218,"to":222,"title":"PUBLIC-3FBF51: A coin issued by Elagabalus","image_urls":["https://finds.org.uk/images/birdman/P1040732.JPG"]},{"from":218,"to":222,"title":"LANCUM-D8A3CA: A coin issued by Elagabalus","image_urls":["https://finds.org.uk/images/AlexIdris/aaant.JPG"]},{"from":218,"to":222,"title":"NCL-A3FA24: A coin issued by Julia Soaemias","image_urls":["https://finds.org.uk/images/pwalton/A3FA24.jpg"]},{"from":218,"to":220,"title":"IOW-7839B8: A coin issued by Julia Paula","image_urls":["https://finds.org.uk/images/fbasford/IOW2011-4-120.JPG"]},{"from":218,"to":220,"title":"GLO-10D842: A coin issued by Julia Maesa","image_urls":["https://finds.org.uk/images/kadams/5963DenariusofJuliaMaesa.JPG"]},{"from":218,"to":222,"title":"NCL-613E32: A coin issued by Elagabalus","image_urls":["https://finds.org.uk/images/pwalton/797.jpg"]},{"from":218,"to":222,"title":"WMID-3A24F1: A coin issued by Julia Maesa","image_urls":["https://finds.org.uk/images/tgilmore/WMID-3A24F1.jpg"]},{"from":218,"to":222,"title":"CAM-F68C43: A coin issued by Elagabalus","image_urls":["https://finds.org.uk/images/hfowler/CAM-F68C43.jpg"]},{"from":218,"to":222,"title":"IOW-012325: A coin issued by Elagabalus","image_urls":["https://finds.org.uk/images/fbasford/IOW2011-2-37.JPG"]},{"from":218,"to":222,"title":"ESS-FBADF8: A coin issued by Elagabalus","image_urls":["https://finds.org.uk/images/kmarsden/ESS-FBADF8.jpg"]},{"from":218,"to":222,"title":"NMS-94EFF8: A coin issued by Julia Paula","image_urls":["https://finds.org.uk/images/amarsden/KLMD042013juliapauladen.jpg"]},{"from":218,"to":222,"title":"NCL-CA3535: A coin issued by Julia Maesa","image_urls":["https://finds.org.uk/images/pwalton/894.jpg"]},{"from":218,"to":222,"title":"BM-0421A0: A coin issued by Elagabalus","image_urls":["https://finds.org.uk/images/jasonlundock/BM-0421A0.jpg"]},{"from":218,"to":222,"title":"NCL-F12188: A coin issued by Elagabalus","image_urls":["https://finds.org.uk/images/pwalton/1055.jpg"]},{"from":218,"to":222,"title":"SOM-6A53D8: A coin issued by Elagabalus","image_urls":["https://finds.org.uk/images/alicef/SOM-6A53D8.JPG"]},{"from":218,"to":220,"title":"BM-9AC4A2: A coin issued by Julia Paula","image_urls":["https://finds.org.uk/images/jasonlundock/4062.jpg"]},{"from":218,"to":222,"title":"BM-F96FB4: A coin issued by Julia Soaemias","image_urls":["https://finds.org.uk/images/jasonlundock/5212Julia%20Soaemias.jpg"]},{"from":218,"to":222,"title":"LEIC-A95AC3: A coin issued by Elagabalus","image_urls":["https://finds.org.uk/images/annab/LEIC-A95AC3.jpg"]},{"from":218,"to":222,"title":"FAPJW-E088F6: A coin issued by Julia Maesa","image_urls":["https://finds.org.uk/images/pwalton/5099.jpg"]},{"from":218,"to":222,"title":"LANCUM-0CF060: A coin issued by Elagabalus","image_urls":["https://finds.org.uk/images/dboughton/LVMDJN0CF060.jpg"]},{"from":218,"to":222,"title":"NCL-3FB038: A coin issued by Elagabalus","image_urls":["https://finds.org.uk/images/pwalton/4326.jpg"]},{"from":218,"to":231,"title":"SWYOR-774041: A coin issued by Julia Mamaea","image_urls":["https://finds.org.uk/images/wakefield/PAS_1132_4041.jpg"]},{"from":218,"to":222,"title":"NCL-381E90: A coin issued by Elagabalus","image_urls":["https://finds.org.uk/images/pwalton/669.jpg"]},{"from":218,"to":222,"title":"FAPJW-D039F5: A coin issued by Julia Maesa","image_urls":["https://finds.org.uk/images/pwalton/5018.jpg"]},{"from":218,"to":222,"title":"PUBLIC-373185: A coin issued by Julia Maesa","image_urls":["https://finds.org.uk/images/kiwidigger/Unknown%20female%20reverse.JPG"]},{"from":218,"to":324,"title":"LEIC-9AA7E5: A coin issued by Constantine I","image_urls":["https://finds.org.uk/images/leicvol/LEIC-9AA7E5.jpg"]},{"from":218,"to":222,"title":"PUBLIC-23DF45: A coin issued by Elagabalus","image_urls":["https://finds.org.uk/images/leicvol/23DF45.jpg"]},{"from":218,"to":222,"title":"PUBLIC-E81411: A coin issued by Julia Maesa","image_urls":["https://finds.org.uk/images/calow1/FLE14792.JPG"]},{"from":218,"to":222,"title":"WAW-DBE4B8: A coin issued by Elagabalus","image_urls":["https://finds.org.uk/images/kleahy2/WAW-Bidford%2C%20Elagobalus.jpg"]},{"from":218,"to":222,"title":"WILT-01C59E: A coin issued by Elagabalus","image_urls":["https://finds.org.uk/images/rhenry2/WILT01C59E.jpg"]},{"from":218,"to":220,"title":"LEIC-5B6F82: A coin issued by Julia Maesa","image_urls":["https://finds.org.uk/images/wscott/5B6F82%20.JPG"]},{"from":218,"to":222,"title":"WILT-4F5066: A coin issued by Julia Maesa","image_urls":["https://finds.org.uk/images/cshenry/WILT-4F5066.jpg"]},{"from":218,"to":222,"title":"FAPJW-1D69C4: A coin issued by Julia Maesa","image_urls":["https://finds.org.uk/images/pwalton/FAPJW-1D69C4.jpg"]},{"from":218,"to":222,"title":"SUSS-239FA0: A coin issued by Julia Soaemias","image_urls":["https://finds.org.uk/images/lwalker/SUSS-239FA0.jpg"]},{"from":218,"to":222,"title":"BM-756154: A coin issued by Elagabalus","image_urls":["https://finds.org.uk/images/jasonlundock/901a.jpg"]},{"from":218,"to":220,"title":"SWYOR-73B961: A coin issued by Julia Maesa","image_urls":["https://finds.org.uk/images/acooper/PAS%20981%20broken%20denarius%20woman.jpg"]},{"from":218,"to":222,"title":"LANCUM-2E6911: A coin issued by Elagabalus","image_urls":["https://finds.org.uk/images/dboughton/BFMD2E6911.jpg"]},{"from":218,"to":222,"title":"NCL-FC1044: A coin issued by Caracalla","image_urls":["https://finds.org.uk/images/pwalton/876.jpg"]},{"from":218,"to":222,"title":"SOM-A1C4B2: A coin issued by Julia Maesa","image_urls":["https://finds.org.uk/images/elburnett/SOM-A1C4B2.JPG"]},{"from":218,"to":222,"title":"SWYOR-FE1642: A coin issued by Julia Maesa","image_urls":["https://finds.org.uk/images/acooper/PAS_731_julia_denarius.jpg"]},{"from":218,"to":222,"title":"DENO-552EE2: A coin issued by Elagabalus","image_urls":["https://finds.org.uk/images/ratherton/E6862%20malkin%20R%20coin%201.jpg"]},{"from":218,"to":222,"title":"DUR-D761C4: A coin issued by Julia Soaemias","image_urls":["https://finds.org.uk/images/frances/DUR-D761C4.jpg"]},{"from":218,"to":222,"title":"BM-EEA050: A coin issued by Elagabalus","image_urls":["https://finds.org.uk/images/jasonlundock/5232.jpg"]},{"from":218,"to":222,"title":"WAW-F886A4: A coin issued by Elagabalus","image_urls":["https://finds.org.uk/images/rshenry/WAW-F886A4.jpg"]},{"from":218,"to":222,"title":"DENO-3F3C91: A coin issued by Elagabalus","image_urls":["https://finds.org.uk/images/arohde/E6421%2011%20denarius.jpg"]},{"from":218,"to":222,"title":"SUR-349C64: A coin issued by Elagabalus","image_urls":["https://finds.org.uk/images/margaretb/08.1368.JPG"]},{"from":218,"to":222,"title":"FAPJW-4A5503: A coin issued by Julia Maesa","image_urls":["https://finds.org.uk/images/pwalton/7003.jpg"]},{"from":218,"to":222,"title":"SUR-E9D2B6: A coin issued by Elagabalus","image_urls":["https://finds.org.uk/images/dwilliams/B11-210.jpg"]},{"from":218,"to":222,"title":"NCL-943786: A coin issued by Elagabalus","image_urls":["https://finds.org.uk/images/pwalton/943786.jpg"]},{"from":218,"to":222,"title":"BM-F8CEB2: A coin issued by Julia Paula","image_urls":["https://finds.org.uk/images/jasonlundock/5214.jpg"]},{"from":218,"to":222,"title":"SF-FCA9D2: A coin issued by Julia Maesa","image_urls":["https://finds.org.uk/images/abrown/WMH_SF-FCA9D2.jpg"]},{"from":218,"to":222,"title":"YORYM-974432: A coin issued by Elagabalus","image_urls":["https://finds.org.uk/images/bmorris/DRH0070.jpg"]},{"from":218,"to":222,"title":"SUR-80A1C1: A coin issued by Elagabalus","image_urls":["https://finds.org.uk/images/dwilliams/11-1134.jpg"]},{"from":218,"to":222,"title":"BH-2572B7: A coin issued by Elagabalus","image_urls":["https://finds.org.uk/images/jwatters/Roman_coin_11_132_15.jpg"]},{"from":218,"to":222,"title":"SWYOR-C672D7: A coin issued by Elagabalus","image_urls":["https://finds.org.uk/images/wakefield/Wakefield_2129_annona.jpg"]},{"from":218,"to":222,"title":"DEV-40F5E4: A coin issued by Elagabalus","image_urls":["https://finds.org.uk/images/dwootton/DEV-40F5E4%20Denarius%20of%20Elgabalus.jpg"]},{"from":218,"to":222,"title":"WMID-A50857: A coin issued by Elagabalus","image_urls":["https://finds.org.uk/images/eloisemarkwick/WMID-A50857.jpg"]},{"from":218,"to":222,"title":"BM-66CCF1: A coin issued by Elagabalus","image_urls":["https://finds.org.uk/images/jasonlundock/1094.jpg"]},{"from":218,"to":222,"title":"WILT-04E47E: A coin issued by Elagabalus","image_urls":["https://finds.org.uk/images/awillis/WILT-04E47E.jpg"]},{"from":218,"to":222,"title":"NCL-4D4797: A coin issued by Elagabalus","image_urls":["https://finds.org.uk/images/pwalton/893.jpg"]},{"from":218,"to":222,"title":"HAMP-D0F240: A coin issued by Elagabalus","image_urls":["https://finds.org.uk/images/rwebley/HAMP-D0F240Elagabalusdenarius.jpg"]},{"from":218,"to":222,"title":"FAPJW-6053B3: A coin issued by Elagabalus","image_urls":["https://finds.org.uk/images/pwalton/7000.jpg"]},{"from":218,"to":222,"title":"BH-EAEAA4: A coin issued by Elagabalus","image_urls":["https://finds.org.uk/images/jwatters/Roman%20coin%2007%2034%20-%2014.jpg"]},{"from":218,"to":222,"title":"WILT-8D4040: A coin issued by Elagabalus","image_urls":["https://finds.org.uk/images/rhenry2/WILT-8D4040.jpg"]},{"from":218,"to":222,"title":"NCL-B90644: A coin issued by Elagabalus","image_urls":["https://finds.org.uk/images/pwalton/1171.jpg"]},{"from":218,"to":222,"title":"NCL-1AB6C6: A coin issued by Julia Maesa","image_urls":["https://finds.org.uk/images/pwalton/718.jpg"]},{"from":218,"to":218,"title":"BH-6540A6: A coin issued by Elagabalus","image_urls":["https://finds.org.uk/images/jwatters/Roman_coin_3161_3.jpg"]},{"from":218,"to":222,"title":"SF-CE1752: A coin issued by Julia Soaemias","image_urls":["https://finds.org.uk/images/jplouviez/StoneaSF-CE1752.JPG"]},{"from":218,"to":222,"title":"BERK-2C8B86: A coin issued by Elagabalus","image_urls":["https://finds.org.uk/images/abyard/2013964.jpg"]},{"from":218,"to":222,"title":"BM-9CF783: A coin issued by Elagabalus","image_urls":["https://finds.org.uk/images/vdrost/BM9CF783obv.JPG"]},{"from":218,"to":222,"title":"NCL-2989B8: A coin issued by Elagabalus","image_urls":["https://finds.org.uk/images/pwalton/655.jpg"]},{"from":218,"to":222,"title":"BH-DA7E00: A coin issued by Elagabalus","image_urls":["https://finds.org.uk/images/jwatters/Roman_coin_12_104a_2.jpg"]},{"from":218,"to":222,"title":"YORYM-476B46: A coin issued by Elagabalus","image_urls":["https://finds.org.uk/images/law/BR0076i.jpg"]},{"from":218,"to":222,"title":"SWYOR-42BA00: A coin issued by Elagabalus","image_urls":["https://finds.org.uk/images/acooper/PAS_1415_denarius.jpg"]},{"from":218,"to":222,"title":"SF-5112B0: A coin issued by Elagabalus","image_urls":["https://finds.org.uk/images/abrown/WSW_SF-5112B0.jpg"]},{"from":218,"to":222,"title":"HAMP-AE5316: A coin issued by Elagabalus","image_urls":["https://finds.org.uk/images/jmccrohan/Hamp%20AE5316.tif"]},{"from":218,"to":222,"title":"NARC-E162D4: A coin issued by Elagabalus","image_urls":["https://finds.org.uk/images/sashby/NARC-E162D4%20veg%20coin.jpg"]},{"from":218,"to":222,"title":"BM-F465C5: A coin issued by Elagabalus","image_urls":["https://finds.org.uk/images/jasonlundock/5210a.jpg"]},{"from":218,"to":222,"title":"YORYM-9EB050: A coin issued by Elagabalus","image_urls":["https://finds.org.uk/images/bmorris/BL1088.jpg"]},{"from":218,"to":222,"title":"SF-C9D720: A coin issued by Elagabalus","image_urls":["https://finds.org.uk/images/fminter/WMH005SF-C9D720.JPG"]},{"from":218,"to":222,"title":"NARC-6730A1: A coin issued by Elagabalus","image_urls":["https://finds.org.uk/images/tbrindle/NARC-6730A1denariusobv.jpg"]},{"from":218,"to":218,"title":"DENO-533467: A coin issued by Elagabalus","image_urls":["https://finds.org.uk/images/ratherton/E5577%20den.jpg"]},{"from":218,"to":222,"title":"NCL-29D3E6: A coin issued by Julia Maesa","image_urls":["https://finds.org.uk/images/pwalton/721.jpg"]},{"from":218,"to":222,"title":"NARC-5AEFE4: A coin issued by Elagabalus","image_urls":["https://finds.org.uk/images/jcassidy/NARC-5AEFE4%20b.jpg"]},{"from":218,"to":222,"title":"LVPL97: A coin issued by Elagabalus","image_urls":["https://finds.org.uk/images/nherepath/lvpl97.jpg"]},{"from":218,"to":222,"title":"BM-EF3D85: A coin issued by Elagabalus","image_urls":["https://finds.org.uk/images/jasonlundock/5283.jpg"]},{"from":218,"to":222,"title":"BM-518488: A coin issued by Julia Maesa","image_urls":["https://finds.org.uk/images/jasonlundock/5499.jpg"]},{"from":218,"to":222,"title":"NARC-D74AE6: A coin issued by Elagabalus","image_urls":["https://finds.org.uk/images/tbrindle/NARC-D74AE6.jpg"]},{"from":218,"to":222,"title":"BH-75CB9B: A coin issued by Elagabalus","image_urls":["https://finds.org.uk/images/jwatters/Roman_coin_14_94.jpg"]},{"from":218,"to":222,"title":"SUR-5EE711: A coin issued by Elagabalus","image_urls":["https://finds.org.uk/images/dwilliams/08.1316.JPG"]},{"from":218,"to":222,"title":"NCL-36F585: A coin issued by Elagabalus","image_urls":["https://finds.org.uk/images/pwalton/565.jpg"]},{"from":218,"to":222,"title":"SF-A89C63: A coin issued by Julia Maesa","image_urls":["https://finds.org.uk/images/abrown/WMH_SF-A89C63.jpg"]},{"from":218,"to":222,"title":"RIC IV Elagabalus 272. 1941.131.903","image_urls":["http://numismatics.org/collectionimages/19001949/1941/1941.131.903.rev.width350.jpg"]},{"from":218,"to":222,"title":"RIC IV Elagabalus 107b. 1995.11.1159","image_urls":["http://numismatics.org/collectionimages/19501999/1995/1995.11.1159.rev.width350.jpg"]},{"from":218,"to":222,"title":"RIC IV Elagabalus 78. 1944.100.52306","image_urls":["http://numismatics.org/collectionimages/19001949/1944/1944.100.52306.rev.width350.jpg"]},{"from":218,"to":222,"title":"RIC IV Elagabalus 103. 1935.117.624","image_urls":["http://numismatics.org/collectionimages/19001949/1935/1935.117.624.rev.width350.jpg"]},{"from":218,"to":222,"title":"RIC IV Elagabalus 130b. 1935.117.618","image_urls":["http://numismatics.org/collectionimages/19001949/1935/1935.117.618.rev.width350.jpg"]},{"from":218,"to":222,"title":"RIC IV Elagabalus 146. 1944.100.52333","image_urls":["http://numismatics.org/collectionimages/19001949/1944/1944.100.52333.rev.width350.jpg"]},{"from":218,"to":222,"title":"RIC IV Elagabalus 268. 1944.100.52405","image_urls":["http://numismatics.org/collectionimages/19001949/1944/1944.100.52405.rev.width350.jpg"]},{"from":218,"to":222,"title":"RIC IV Elagabalus 140b. 1948.19.1721","image_urls":["http://numismatics.org/collectionimages/19001949/1948/1948.19.1721.rev.width350.jpg"]},{"from":218,"to":222,"title":"RIC IV Elagabalus 241. 1974.26.2006","image_urls":["http://numismatics.org/collectionimages/19501999/1974/1974.26.2006.rev.width350.jpg"]},{"from":218,"to":222,"title":"RIC IV Elagabalus 145b. 1905.57.571","image_urls":["http://numismatics.org/collectionimages/19001949/1905/1905.57.571.rev.width350.jpg"]},{"from":218,"to":222,"title":"RIC IV Elagabalus 419. 1944.100.52432","image_urls":["http://numismatics.org/collectionimages/19001949/1944/1944.100.52432.rev.width350.jpg"]},{"from":218,"to":222,"title":"RIC IV Elagabalus 417. 1965.30.11","image_urls":["http://numismatics.org/collectionimages/19501999/1965/1965.30.11.rev.width350.jpg"]},{"from":218,"to":222,"title":"RIC IV Elagabalus 131. 1944.100.52327","image_urls":["http://numismatics.org/collectionimages/19001949/1944/1944.100.52327.rev.width350.jpg"]},{"from":218,"to":222,"title":"RIC IV Elagabalus 241. 1935.117.639","image_urls":["http://numismatics.org/collectionimages/19001949/1935/1935.117.639.rev.width350.jpg"]},{"from":218,"to":222,"title":"Bronze Coin, Emisa, AD 218 - AD 222. 1944.100.51967","image_urls":["http://numismatics.org/collectionimages/19001949/1944/1944.100.51967.rev.width350.jpg"]},{"from":218,"to":222,"title":"RIC IV Elagabalus 254. 1987.26.217","image_urls":["http://numismatics.org/collectionimages/19501999/1987/1987.26.217.rev.width350.jpg"]},{"from":218,"to":222,"title":"RIC IV Elagabalus 146. 2004.14.143","image_urls":["http://numismatics.org/collectionimages/20002049/2004/2004.14.143.rev.width350.jpg"]},{"from":218,"to":222,"title":"RIC IV Elagabalus 122e. 1944.100.51880","image_urls":["http://numismatics.org/collectionimages/19001949/1944/1944.100.51880.rev.width350.jpg"]},{"from":218,"to":222,"title":"RIC IV Elagabalus 241. 1948.19.1771","image_urls":["http://numismatics.org/collectionimages/19001949/1948/1948.19.1771.rev.width350.jpg"]},{"from":218,"to":222,"title":"RIC IV Elagabalus 271. 1948.19.1792","image_urls":["http://numismatics.org/collectionimages/19001949/1948/1948.19.1792.rev.width350.jpg"]},{"from":218,"to":222,"title":"RIC IV Elagabalus 71b. 1944.100.51877","image_urls":["http://numismatics.org/collectionimages/19001949/1944/1944.100.51877.rev.width350.jpg"]},{"from":218,"to":222,"title":"RIC IV Elagabalus 107b. 1944.100.52321","image_urls":["http://numismatics.org/collectionimages/19001949/1944/1944.100.52321.rev.width350.jpg"]},{"from":218,"to":222,"title":"RIC IV Elagabalus 272. 1934.74.20","image_urls":["http://numismatics.org/collectionimages/19001949/1934/1934.74.20.rev.width350.jpg"]},{"from":218,"to":222,"title":"RIC IV Elagabalus 130b. 1944.100.52290","image_urls":["http://numismatics.org/collectionimages/19001949/1944/1944.100.52290.rev.width350.jpg"]},{"from":218,"to":219,"title":"RIC IV Elagabalus 166. 1982.50.3","image_urls":["http://numismatics.org/collectionimages/19501999/1982/1982.50.3.rev.width350.jpg"]},{"from":218,"to":222,"title":"RIC IV Elagabalus 272. 1923.151.63","image_urls":["http://numismatics.org/collectionimages/19001949/1923/1923.151.63.rev.width350.jpg"]},{"from":218,"to":222,"title":"RIC IV Elagabalus 421. 1944.100.52429","image_urls":["http://numismatics.org/collectionimages/19001949/1944/1944.100.52429.rev.width350.jpg"]},{"from":218,"to":222,"title":"RIC IV Elagabalus 263. 1944.100.52398","image_urls":["http://numismatics.org/collectionimages/19001949/1944/1944.100.52398.rev.width350.jpg"]},{"from":218,"to":222,"title":"Bronze Coin, Odessus, AD 218 - AD 222. 1997.32.108","image_urls":["http://numismatics.org/collectionimages/19501999/1997/1997.32.108.rev.width350.jpg"]},{"from":218,"to":222,"title":"RIC IV Elagabalus 191b. 1991.9.111","image_urls":["http://numismatics.org/collectionimages/19501999/1991/1991.9.111.rev.width350.jpg"]},{"from":218,"to":222,"title":"RIC IV Elagabalus 241. 1935.117.638","image_urls":["http://numismatics.org/collectionimages/19001949/1935/1935.117.638.rev.width350.jpg"]},{"from":218,"to":222,"title":"RIC IV Elagabalus 199. 1944.100.52368","image_urls":["http://numismatics.org/collectionimages/19001949/1944/1944.100.52368.rev.width350.jpg"]},{"from":218,"to":222,"title":"RIC IV Elagabalus 100. 1948.19.1756","image_urls":["http://numismatics.org/collectionimages/19001949/1948/1948.19.1756.rev.width350.jpg"]},{"from":218,"to":222,"title":"RIC IV Elagabalus 111. 1991.9.99","image_urls":["http://numismatics.org/collectionimages/19501999/1991/1991.9.99.rev.width350.jpg"]},{"from":218,"to":222,"title":"RIC IV Elagabalus 268. 1905.57.579","image_urls":["http://numismatics.org/collectionimages/19001949/1905/1905.57.579.rev.width350.jpg"]},{"from":218,"to":222,"title":"RIC IV Elagabalus 102. 1993.34.4","image_urls":["http://numismatics.org/collectionimages/19501999/1993/1993.34.4.rev.width350.jpg"]},{"from":218,"to":222,"title":"RIC IV Elagabalus 76d. 1955.191.34","image_urls":["http://numismatics.org/collectionimages/19501999/1955/1955.191.34.rev.width350.jpg"]},{"from":218,"to":222,"title":"RIC IV Elagabalus 268. 1948.19.1786","image_urls":["http://numismatics.org/collectionimages/19001949/1948/1948.19.1786.rev.width350.jpg"]},{"from":218,"to":222,"title":"Bronze Coin, Odessus, AD 218 - AD 222. 1997.32.111","image_urls":["http://numismatics.org/collectionimages/19501999/1997/1997.32.111.rev.width350.jpg"]},{"from":218,"to":222,"title":"Bronze Coin, Miletopolis, AD 218 - AD 222. 1944.100.43066","image_urls":["http://numismatics.org/collectionimages/19001949/1944/1944.100.43066.rev.width350.jpg"]},{"from":218,"to":222,"title":"RIC IV Elagabalus 95b. 1944.100.52284","image_urls":["http://numismatics.org/collectionimages/19001949/1944/1944.100.52284.rev.width350.jpg"]},{"from":218,"to":222,"title":"RIC IV Elagabalus 121b. 1935.117.612","image_urls":["http://numismatics.org/collectionimages/19001949/1935/1935.117.612.rev.width350.jpg"]},{"from":218,"to":222,"title":"RIC IV Elagabalus 68b. 1923.151.57","image_urls":["http://numismatics.org/collectionimages/19001949/1923/1923.151.57.rev.width350.jpg"]},{"from":218,"to":222,"title":"RIC IV Elagabalus 67e. 1948.19.1732","image_urls":["http://numismatics.org/collectionimages/19001949/1948/1948.19.1732.rev.width350.jpg"]},{"from":218,"to":222,"title":"RIC IV Elagabalus 73b. 1935.117.614","image_urls":["http://numismatics.org/collectionimages/19001949/1935/1935.117.614.rev.width350.jpg"]},{"from":218,"to":222,"title":"RIC IV Elagabalus 272. 1948.19.1794","image_urls":["http://numismatics.org/collectionimages/19001949/1948/1948.19.1794.rev.width350.jpg"]},{"from":218,"to":222,"title":"RIC IV Elagabalus 266. 1944.100.52401","image_urls":["http://numismatics.org/collectionimages/19001949/1944/1944.100.52401.rev.width350.jpg"]},{"from":218,"to":222,"title":"RIC IV Elagabalus 195d. 1944.100.52359","image_urls":["http://numismatics.org/collectionimages/19001949/1944/1944.100.52359.rev.width350.jpg"]},{"from":218,"to":222,"title":"RIC IV Elagabalus 249. 1948.19.1776","image_urls":["http://numismatics.org/collectionimages/19001949/1948/1948.19.1776.rev.width350.jpg"]},{"from":218,"to":222,"title":"RIC IV Elagabalus 421. 1944.100.52431","image_urls":["http://numismatics.org/collectionimages/19001949/1944/1944.100.52431.rev.width350.jpg"]},{"from":218,"to":222,"title":"RIC IV Elagabalus 74. 1941.15.74","image_urls":["http://numismatics.org/collectionimages/19001949/1941/1941.15.74.rev.width350.jpg"]},{"from":218,"to":222,"title":"RIC IV Elagabalus 131. 1944.100.52326","image_urls":["http://numismatics.org/collectionimages/19001949/1944/1944.100.52326.rev.width350.jpg"]},{"from":218,"to":222,"title":"RIC IV Elagabalus 141. 1944.100.52295","image_urls":["http://numismatics.org/collectionimages/19001949/1944/1944.100.52295.rev.width350.jpg"]},{"from":218,"to":222,"title":"RIC IV Elagabalus 149f. 1985.140.175","image_urls":["http://numismatics.org/collectionimages/19501999/1985/1985.140.175.rev.width350.jpg"]},{"from":218,"to":222,"title":"RIC IV Elagabalus 268. 1944.100.52404","image_urls":["http://numismatics.org/collectionimages/19001949/1944/1944.100.52404.rev.width350.jpg"]},{"from":218,"to":222,"title":"RIC IV Elagabalus 249. 1944.100.52394","image_urls":["http://numismatics.org/collectionimages/19001949/1944/1944.100.52394.rev.width350.jpg"]},{"from":218,"to":222,"title":"RIC IV Elagabalus 263. 1948.19.1782","image_urls":["http://numismatics.org/collectionimages/19001949/1948/1948.19.1782.rev.width350.jpg"]},{"from":218,"to":219,"title":"RIC IV Elagabalus 166. 1944.100.52365","image_urls":["http://numismatics.org/collectionimages/19001949/1944/1944.100.52365.rev.width350.jpg"]},{"from":218,"to":222,"title":"RIC IV Elagabalus 83A. 1948.19.1753","image_urls":["http://numismatics.org/collectionimages/19001949/1948/1948.19.1753.rev.width350.jpg"]},{"from":218,"to":222,"title":"RIC IV Elagabalus 263. 1995.11.1141","image_urls":["http://numismatics.org/collectionimages/19501999/1995/1995.11.1141.rev.width350.jpg"]},{"from":218,"to":222,"title":"RIC IV Elagabalus 89b. 1956.127.1266","image_urls":["http://numismatics.org/collectionimages/19501999/1956/1956.127.1266.rev.width350.jpg"]},{"from":218,"to":222,"title":"RIC IV Elagabalus 268. 1944.100.52402","image_urls":["http://numismatics.org/collectionimages/19001949/1944/1944.100.52402.rev.width350.jpg"]},{"from":218,"to":222,"title":"RIC IV Elagabalus 243. 1944.100.52392","image_urls":["http://numismatics.org/collectionimages/19001949/1944/1944.100.52392.rev.width350.jpg"]},{"from":218,"to":222,"title":"RIC IV Elagabalus 130d. 1944.100.52293","image_urls":["http://numismatics.org/collectionimages/19001949/1944/1944.100.52293.rev.width350.jpg"]},{"from":218,"to":222,"title":"RIC IV Elagabalus 115. 1944.100.52287","image_urls":["http://numismatics.org/collectionimages/19001949/1944/1944.100.52287.rev.width350.jpg"]},{"from":218,"to":222,"title":"RIC IV Elagabalus 263. 1948.19.1780","image_urls":["http://numismatics.org/collectionimages/19001949/1948/1948.19.1780.rev.width350.jpg"]},{"from":218,"to":222,"title":"RIC IV Elagabalus 73b. 1991.9.96","image_urls":["http://numismatics.org/collectionimages/19501999/1991/1991.9.96.rev.width350.jpg"]},{"from":218,"to":222,"title":"RIC IV Elagabalus 241. 1944.100.52386","image_urls":["http://numismatics.org/collectionimages/19001949/1944/1944.100.52386.rev.width350.jpg"]},{"from":218,"to":222,"title":"RIC IV Elagabalus 243. 1948.19.1774","image_urls":["http://numismatics.org/collectionimages/19001949/1948/1948.19.1774.rev.width350.jpg"]},{"from":218,"to":222,"title":"RIC IV Elagabalus 153. 1966.83.2","image_urls":["http://numismatics.org/collectionimages/19501999/1966/1966.83.2.rev.width350.jpg"]},{"from":218,"to":222,"title":"Bronze Coin, Emisa, AD 218 - AD 222. 2002.21.1","image_urls":["http://numismatics.org/collectionimages/20002049/2002/2002.21.1.rev.width350.jpg"]},{"from":218,"to":222,"title":"RIC IV Elagabalus 73b. 1944.100.52371","image_urls":["http://numismatics.org/collectionimages/19001949/1944/1944.100.52371.rev.width350.jpg"]},{"from":218,"to":222,"title":"RIC IV Elagabalus 187d. 1948.19.1768","image_urls":["http://numismatics.org/collectionimages/19001949/1948/1948.19.1768.rev.width350.jpg"]},{"from":218,"to":222,"title":"RIC IV Elagabalus 70e. 2004.14.145","image_urls":["http://numismatics.org/collectionimages/20002049/2004/2004.14.145.rev.width350.jpg"]},{"from":218,"to":222,"title":"RIC IV Elagabalus 78. 1944.100.52308","image_urls":["http://numismatics.org/collectionimages/19001949/1944/1944.100.52308.rev.width350.jpg"]},{"from":218,"to":222,"title":"RIC IV Elagabalus 73b. 1944.100.52277","image_urls":["http://numismatics.org/collectionimages/19001949/1944/1944.100.52277.rev.width350.jpg"]},{"from":218,"to":222,"title":"RIC IV Elagabalus 377. 1944.100.52376","image_urls":["http://numismatics.org/collectionimages/19001949/1944/1944.100.52376.rev.width350.jpg"]},{"from":218,"to":222,"title":"RIC IV Elagabalus 146. 1948.19.1764","image_urls":["http://numismatics.org/collectionimages/19001949/1948/1948.19.1764.rev.width350.jpg"]},{"from":218,"to":222,"title":"RIC IV Elagabalus 146. 1941.15.77","image_urls":["http://numismatics.org/collectionimages/19001949/1941/1941.15.77.rev.width350.jpg"]},{"from":218,"to":222,"title":"RIC IV Elagabalus 271. 1944.100.52407","image_urls":["http://numismatics.org/collectionimages/19001949/1944/1944.100.52407.rev.width350.jpg"]},{"from":218,"to":222,"title":"RIC IV Elagabalus 150b. 1944.100.52298","image_urls":["http://numismatics.org/collectionimages/19001949/1944/1944.100.52298.rev.width350.jpg"]},{"from":218,"to":222,"title":"RIC IV Elagabalus 271. 1948.19.1791","image_urls":["http://numismatics.org/collectionimages/19001949/1948/1948.19.1791.rev.width350.jpg"]},{"from":218,"to":222,"title":"RIC IV Elagabalus 201d. 1944.100.52361","image_urls":["http://numismatics.org/collectionimages/19001949/1944/1944.100.52361.rev.width350.jpg"]},{"from":218,"to":222,"title":"RIC IV Elagabalus 107b. 1948.19.1758","image_urls":["http://numismatics.org/collectionimages/19001949/1948/1948.19.1758.rev.width350.jpg"]},{"from":218,"to":222,"title":"RIC IV Elagabalus 263. 1948.19.1779","image_urls":["http://numismatics.org/collectionimages/19001949/1948/1948.19.1779.rev.width350.jpg"]},{"from":218,"to":222,"title":"RIC IV Elagabalus 95b. 1944.100.52283","image_urls":["http://numismatics.org/collectionimages/19001949/1944/1944.100.52283.rev.width350.jpg"]},{"from":218,"to":222,"title":"RIC IV Elagabalus 243. 1995.11.1152","image_urls":["http://numismatics.org/collectionimages/19501999/1995/1995.11.1152.rev.width350.jpg"]},{"from":218,"to":222,"title":"RIC IV Elagabalus 414. 0000.999.23449","image_urls":["http://numismatics.org/collectionimages/00001899/0000/0000.999.23449.rev.width350.jpg"]},{"from":218,"to":222,"title":"Bronze Coin, Odessus, AD 218 - AD 222. 1997.32.110","image_urls":["http://numismatics.org/collectionimages/19501999/1997/1997.32.110.rev.width350.jpg"]},{"from":218,"to":222,"title":"RIC IV Elagabalus 140d. 1991.9.92","image_urls":["http://numismatics.org/collectionimages/19501999/1991/1991.9.92.rev.width350.jpg"]},{"from":218,"to":222,"title":"RIC IV Elagabalus 156d. 1944.100.51889","image_urls":["http://numismatics.org/collectionimages/19001949/1944/1944.100.51889.rev.width350.jpg"]},{"from":218,"to":222,"title":"RIC IV Elagabalus 88b. 1944.100.52312","image_urls":["http://numismatics.org/collectionimages/19001949/1944/1944.100.52312.rev.width350.jpg"]},{"from":218,"to":222,"title":"RIC IV Elagabalus 95b. 1905.57.565","image_urls":["http://numismatics.org/collectionimages/19001949/1905/1905.57.565.rev.width350.jpg"]},{"from":218,"to":222,"title":"Bronze Coin of Aurelios Dionysios, strategos, Hypaepa, AD 218 - AD 222. 1986.77.164","image_urls":["http://numismatics.org/collectionimages/19501999/1986/1986.77.164.rev.width350.jpg"]},{"from":218,"to":222,"title":"RIC IV Elagabalus 103. 1993.34.5","image_urls":["http://numismatics.org/collectionimages/19501999/1993/1993.34.5.rev.width350.jpg"]},{"from":218,"to":222,"title":"RIC IV Elagabalus 155e. 1984.37.21","image_urls":["http://numismatics.org/collectionimages/19501999/1984/1984.37.21.rev.width350.jpg"]},{"from":218,"to":222,"title":"RIC IV Elagabalus 407 (as). 1944.100.52426","image_urls":["http://numismatics.org/collectionimages/19001949/1944/1944.100.52426.rev.width350.jpg"]},{"from":218,"to":222,"title":"RIC IV Elagabalus 131. 1935.117.630","image_urls":["http://numismatics.org/collectionimages/19001949/1935/1935.117.630.rev.width350.jpg"]},{"from":218,"to":222,"title":"RIC IV Elagabalus 153. 1948.19.1736","image_urls":["http://numismatics.org/collectionimages/19001949/1948/1948.19.1736.rev.width350.jpg"]},{"from":218,"to":222,"title":"RIC IV Elagabalus 256. 1944.100.52411","image_urls":["http://numismatics.org/collectionimages/19001949/1944/1944.100.52411.rev.width350.jpg"]},{"from":218,"to":222,"title":"Bronze Coin, Emisa, AD 218 - AD 222. 1971.193.11","image_urls":["http://numismatics.org/collectionimages/19501999/1971/1971.193.11.rev.width350.jpg"]},{"from":218,"to":219,"title":"Silver Tetradrachm, Seleuceia ad Tigrim, AD 218 - AD 219. 1944.100.83525","image_urls":["http://numismatics.org/collectionimages/19001949/1944/1944.100.83525.rev.width350.jpg"]},{"from":218,"to":222,"title":"RIC IV Elagabalus 161d. 1905.57.573","image_urls":["http://numismatics.org/collectionimages/19001949/1905/1905.57.573.rev.width350.jpg"]},{"from":218,"to":222,"title":"RIC IV Elagabalus 420. 1944.100.52428","image_urls":["http://numismatics.org/collectionimages/19001949/1944/1944.100.52428.rev.width350.jpg"]},{"from":218,"to":222,"title":"RIC IV Elagabalus 150b. 1973.239.14","image_urls":["http://numismatics.org/collectionimages/19501999/1973/1973.239.14.rev.width350.jpg"]},{"from":218,"to":222,"title":"RIC IV Elagabalus 153. 1944.100.51913","image_urls":["http://numismatics.org/collectionimages/19001949/1944/1944.100.51913.rev.width350.jpg"]},{"from":218,"to":222,"title":"RIC IV Elagabalus 107b. 1935.117.626","image_urls":["http://numismatics.org/collectionimages/19001949/1935/1935.117.626.rev.width350.jpg"]},{"from":218,"to":222,"title":"RIC IV Elagabalus 100. 1978.64.457","image_urls":["http://numismatics.org/collectionimages/19501999/1978/1978.64.457.rev.width350.jpg"]},{"from":218,"to":222,"title":"Bronze Coin, Lampsacus, AD 218 - AD 222. 1944.100.43030","image_urls":["http://numismatics.org/collectionimages/19001949/1944/1944.100.43030.rev.width350.jpg"]},{"from":218,"to":222,"title":"RIC IV Elagabalus 414. 1935.117.653","image_urls":["http://numismatics.org/collectionimages/19001949/1935/1935.117.653.rev.width350.jpg"]},{"from":218,"to":222,"title":"RIC IV Elagabalus 71b. 1944.100.51876","image_urls":["http://numismatics.org/collectionimages/19001949/1944/1944.100.51876.rev.width350.jpg"]},{"from":218,"to":222,"title":"RIC IV Elagabalus 107b. 1948.19.1759","image_urls":["http://numismatics.org/collectionimages/19001949/1948/1948.19.1759.rev.width350.jpg"]},{"from":218,"to":222,"title":"Bronze Coin, Emisa, AD 218 - AD 222. 1944.100.66207","image_urls":["http://numismatics.org/collectionimages/19001949/1944/1944.100.66207.rev.width350.jpg"]},{"from":218,"to":222,"title":"RIC IV Elagabalus 107b. 1995.11.1161","image_urls":["http://numismatics.org/collectionimages/19501999/1995/1995.11.1161.rev.width350.jpg"]},{"from":218,"to":222,"title":"RIC IV Elagabalus 70e. 1991.9.167","image_urls":["http://numismatics.org/collectionimages/19501999/1991/1991.9.167.rev.width350.jpg"]},{"from":218,"to":222,"title":"RIC IV Elagabalus 154. 1944.100.51885","image_urls":["http://numismatics.org/collectionimages/19001949/1944/1944.100.51885.rev.width350.jpg"]},{"from":218,"to":222,"title":"RIC IV Elagabalus 122f. 1944.100.51879","image_urls":["http://numismatics.org/collectionimages/19001949/1944/1944.100.51879.rev.width350.jpg"]},{"from":218,"to":222,"title":"RIC IV Elagabalus 131. 1948.19.1762","image_urls":["http://numismatics.org/collectionimages/19001949/1948/1948.19.1762.rev.width350.jpg"]},{"from":218,"to":222,"title":"RIC IV Elagabalus 91b. 1944.100.52281","image_urls":["http://numismatics.org/collectionimages/19001949/1944/1944.100.52281.rev.width350.jpg"]},{"from":218,"to":222,"title":"RIC IV Elagabalus 150b. 1944.100.52296","image_urls":["http://numismatics.org/collectionimages/19001949/1944/1944.100.52296.rev.width350.jpg"]},{"from":218,"to":222,"title":"RIC IV Elagabalus 263. 1935.117.644","image_urls":["http://numismatics.org/collectionimages/19001949/1935/1935.117.644.rev.width350.jpg"]},{"from":218,"to":222,"title":"RIC IV Elagabalus 377. 1995.11.1429","image_urls":["http://numismatics.org/collectionimages/19501999/1995/1995.11.1429.rev.width350.jpg"]},{"from":218,"to":222,"title":"RIC IV Elagabalus 254. 1970.77.1","image_urls":["http://numismatics.org/collectionimages/19501999/1970/1970.77.1.rev.width350.jpg"]},{"from":218,"to":222,"title":"RIC IV Elagabalus 254. 1944.100.52395","image_urls":["http://numismatics.org/collectionimages/19001949/1944/1944.100.52395.rev.width350.jpg"]},{"from":218,"to":222,"title":"RIC IV Elagabalus 241. 1944.100.52389","image_urls":["http://numismatics.org/collectionimages/19001949/1944/1944.100.52389.rev.width350.jpg"]},{"from":218,"to":222,"title":"RIC IV Elagabalus 263. 1948.19.1783","image_urls":["http://numismatics.org/collectionimages/19001949/1948/1948.19.1783.rev.width350.jpg"]},{"from":218,"to":222,"title":"RIC IV Elagabalus 249. 1948.19.1777","image_urls":["http://numismatics.org/collectionimages/19001949/1948/1948.19.1777.rev.width350.jpg"]},{"from":218,"to":222,"title":"RIC IV Elagabalus 139b. 1948.19.1735","image_urls":["http://numismatics.org/collectionimages/19001949/1948/1948.19.1735.rev.width350.jpg"]},{"from":218,"to":222,"title":"RIC IV Elagabalus 131. 1905.57.570","image_urls":["http://numismatics.org/collectionimages/19001949/1905/1905.57.570.rev.width350.jpg"]},{"from":218,"to":222,"title":"RIC IV Elagabalus 365d. 1944.100.52380","image_urls":["http://numismatics.org/collectionimages/19001949/1944/1944.100.52380.rev.width350.jpg"]},{"from":218,"to":222,"title":"Bronze Coin, Tyre, AD 218 - AD 222. 1948.19.2478","image_urls":["http://numismatics.org/collectionimages/19001949/1948/1948.19.2478.rev.width350.jpg"]},{"from":218,"to":222,"title":"Bronze Coin, Zeugma, AD 218 - AD 222. 1977.158.856","image_urls":["http://numismatics.org/collectionimages/19501999/1977/1977.158.856.rev.width350.jpg"]},{"from":218,"to":222,"title":"RIC IV Elagabalus 73b. 1944.100.52278","image_urls":["http://numismatics.org/collectionimages/19001949/1944/1944.100.52278.rev.width350.jpg"]},{"from":218,"to":222,"title":"RIC IV Elagabalus 146. 1944.100.52329","image_urls":["http://numismatics.org/collectionimages/19001949/1944/1944.100.52329.rev.width350.jpg"]},{"from":218,"to":222,"title":"RIC IV Elagabalus 271. 1935.117.647","image_urls":["http://numismatics.org/collectionimages/19001949/1935/1935.117.647.rev.width350.jpg"]},{"from":218,"to":222,"title":"RIC IV Elagabalus 268. 1923.151.62","image_urls":["http://numismatics.org/collectionimages/19001949/1923/1923.151.62.rev.width350.jpg"]},{"from":218,"to":222,"title":"RIC IV Elagabalus 156b. 1923.151.56","image_urls":["http://numismatics.org/collectionimages/19001949/1923/1923.151.56.rev.width350.jpg"]},{"from":218,"to":222,"title":"RIC IV Elagabalus 201d. 1944.100.52362","image_urls":["http://numismatics.org/collectionimages/19001949/1944/1944.100.52362.rev.width350.jpg"]},{"from":218,"to":222,"title":"RIC IV Elagabalus 189. 1944.100.52356","image_urls":["http://numismatics.org/collectionimages/19001949/1944/1944.100.52356.rev.width350.jpg"]},{"from":218,"to":222,"title":"RIC IV Elagabalus 256. 1944.100.52410","image_urls":["http://numismatics.org/collectionimages/19001949/1944/1944.100.52410.rev.width350.jpg"]},{"from":218,"to":222,"title":"RIC IV Elagabalus 95b. 1995.11.1158","image_urls":["http://numismatics.org/collectionimages/19501999/1995/1995.11.1158.rev.width350.jpg"]},{"from":218,"to":222,"title":"RIC IV Elagabalus 263. 1960.170.399","image_urls":["http://numismatics.org/collectionimages/19501999/1960/1960.170.399.rev.width350.jpg"]},{"from":218,"to":222,"title":"Bronze Coin, Metropolis, AD 218 - AD 222. 1944.100.46498","image_urls":["http://numismatics.org/collectionimages/19001949/1944/1944.100.46498.rev.width350.jpg"]},{"from":218,"to":222,"title":"RIC IV Elagabalus 146. 1944.100.52332","image_urls":["http://numismatics.org/collectionimages/19001949/1944/1944.100.52332.rev.width350.jpg"]},{"from":218,"to":222,"title":"RIC IV Elagabalus 71b. 1948.19.1720","image_urls":["http://numismatics.org/collectionimages/19001949/1948/1948.19.1720.rev.width350.jpg"]},{"from":218,"to":222,"title":"RIC IV Elagabalus 414. 1995.11.1143","image_urls":["http://numismatics.org/collectionimages/19501999/1995/1995.11.1143.rev.width350.jpg"]},{"from":218,"to":222,"title":"RIC IV Elagabalus 268. 1991.9.113","image_urls":["http://numismatics.org/collectionimages/19501999/1991/1991.9.113.rev.width350.jpg"]},{"from":218,"to":222,"title":"RIC IV Elagabalus 130b. 1944.100.52289","image_urls":["http://numismatics.org/collectionimages/19001949/1944/1944.100.52289.rev.width350.jpg"]},{"from":218,"to":222,"title":"RIC IV Elagabalus 115. 1935.117.617","image_urls":["http://numismatics.org/collectionimages/19001949/1935/1935.117.617.rev.width350.jpg"]},{"from":218,"to":222,"title":"RIC IV Elagabalus 406. 1944.100.52425","image_urls":["http://numismatics.org/collectionimages/19001949/1944/1944.100.52425.rev.width350.jpg"]},{"from":218,"to":222,"title":"RIC IV Elagabalus 56b. 1944.100.52305","image_urls":["http://numismatics.org/collectionimages/19001949/1944/1944.100.52305.rev.width350.jpg"]},{"from":218,"to":222,"title":"RIC IV Elagabalus 241. 1944.100.52390","image_urls":["http://numismatics.org/collectionimages/19001949/1944/1944.100.52390.rev.width350.jpg"]},{"from":218,"to":222,"title":"RIC IV Elagabalus 146. 1923.999.140","image_urls":["http://numismatics.org/collectionimages/19001949/1923/1923.999.140.rev.width350.jpg"]},{"from":218,"to":222,"title":"RIC IV Elagabalus 140b. 1944.100.51884","image_urls":["http://numismatics.org/collectionimages/19001949/1944/1944.100.51884.rev.width350.jpg"]},{"from":218,"to":222,"title":"Bronze Coin, Odessus, AD 218 - AD 222. 1997.32.112","image_urls":["http://numismatics.org/collectionimages/19501999/1997/1997.32.112.rev.width350.jpg"]},{"from":218,"to":222,"title":"RIC IV Elagabalus 125. 1935.117.628","image_urls":["http://numismatics.org/collectionimages/19001949/1935/1935.117.628.rev.width350.jpg"]},{"from":218,"to":222,"title":"RIC IV Elagabalus 161b. 1944.100.52337","image_urls":["http://numismatics.org/collectionimages/19001949/1944/1944.100.52337.rev.width350.jpg"]},{"from":218,"to":222,"title":"RIC IV Elagabalus 156d. 1948.19.1725","image_urls":["http://numismatics.org/collectionimages/19001949/1948/1948.19.1725.rev.width350.jpg"]},{"from":218,"to":222,"title":"RIC IV Elagabalus 130b. 1944.100.52291","image_urls":["http://numismatics.org/collectionimages/19001949/1944/1944.100.52291.rev.width350.jpg"]},{"from":218,"to":222,"title":"RIC IV Elagabalus 358d. 1984.176.48","image_urls":["http://numismatics.org/collectionimages/19501999/1984/1984.176.48.rev.width350.jpg"]},{"from":218,"to":222,"title":"RIC IV Elagabalus 152. 1935.117.613","image_urls":["http://numismatics.org/collectionimages/19001949/1935/1935.117.613.rev.width350.jpg"]},{"from":218,"to":222,"title":"RIC IV Elagabalus 125. 1944.100.52322","image_urls":["http://numismatics.org/collectionimages/19001949/1944/1944.100.52322.rev.width350.jpg"]},{"from":218,"to":222,"title":"RIC IV Elagabalus 115. 1923.151.58","image_urls":["http://numismatics.org/collectionimages/19001949/1923/1923.151.58.rev.width350.jpg"]},{"from":218,"to":222,"title":"RIC IV Elagabalus 263. 1944.100.52399","image_urls":["http://numismatics.org/collectionimages/19001949/1944/1944.100.52399.rev.width350.jpg"]},{"from":218,"to":222,"title":"RIC IV Elagabalus 70f. 1935.117.607","image_urls":["http://numismatics.org/collectionimages/19001949/1935/1935.117.607.rev.width350.jpg"]},{"from":218,"to":222,"title":"RIC IV Elagabalus 131. 1995.11.1160","image_urls":["http://numismatics.org/collectionimages/19501999/1995/1995.11.1160.rev.width350.jpg"]},{"from":218,"to":222,"title":"RIC IV Elagabalus 268. 1948.19.1787","image_urls":["http://numismatics.org/collectionimages/19001949/1948/1948.19.1787.rev.width350.jpg"]},{"from":218,"to":222,"title":"RIC IV Elagabalus 100. 1944.100.52316","image_urls":["http://numismatics.org/collectionimages/19001949/1944/1944.100.52316.rev.width350.jpg"]},{"from":218,"to":222,"title":"RIC IV Elagabalus 201a. 1977.158.1275","image_urls":["http://numismatics.org/collectionimages/19501999/1977/1977.158.1275.rev.width350.jpg"]},{"from":218,"to":222,"title":"RIC IV Elagabalus 70e. 1948.19.1719","image_urls":["http://numismatics.org/collectionimages/19001949/1948/1948.19.1719.rev.width350.jpg"]},{"from":218,"to":222,"title":"RIC IV Elagabalus 103. 1905.57.569","image_urls":["http://numismatics.org/collectionimages/19001949/1905/1905.57.569.rev.width350.jpg"]},{"from":218,"to":222,"title":"RIC IV Elagabalus 268. 2004.14.147","image_urls":["http://numismatics.org/collectionimages/20002049/2004/2004.14.147.rev.width350.jpg"]},{"from":218,"to":222,"title":"RIC IV Elagabalus 67f. 1948.19.1731","image_urls":["http://numismatics.org/collectionimages/19001949/1948/1948.19.1731.rev.width350.jpg"]},{"from":218,"to":222,"title":"RIC IV Elagabalus 83A. 1944.100.52310","image_urls":["http://numismatics.org/collectionimages/19001949/1944/1944.100.52310.rev.width350.jpg"]},{"from":218,"to":222,"title":"RIC IV Elagabalus 107b. 1944.100.52319","image_urls":["http://numismatics.org/collectionimages/19001949/1944/1944.100.52319.rev.width350.jpg"]},{"from":218,"to":222,"title":"RIC IV Elagabalus 272. 1995.1.37","image_urls":["http://numismatics.org/collectionimages/19501999/1995/1995.1.37.rev.width350.jpg"]},{"from":218,"to":222,"title":"RIC IV Elagabalus 415. 1975.27.7","image_urls":["http://numismatics.org/collectionimages/19501999/1975/1975.27.7.rev.width350.jpg"]},{"from":218,"to":222,"title":"RIC IV Elagabalus 73d. 1951.117.32","image_urls":["http://numismatics.org/collectionimages/19501999/1951/1951.117.32.rev.width350.jpg"]},{"from":218,"to":222,"title":"RIC IV Elagabalus 243. 1944.100.52393","image_urls":["http://numismatics.org/collectionimages/19001949/1944/1944.100.52393.rev.width350.jpg"]},{"from":218,"to":222,"title":"RIC IV Elagabalus 241. 1944.100.52387","image_urls":["http://numismatics.org/collectionimages/19001949/1944/1944.100.52387.rev.width350.jpg"]},{"from":218,"to":222,"title":"RIC IV Elagabalus 59. 1944.100.52273","image_urls":["http://numismatics.org/collectionimages/19001949/1944/1944.100.52273.rev.width350.jpg"]},{"from":218,"to":222,"title":"RIC IV Elagabalus 129e. 1944.100.52288","image_urls":["http://numismatics.org/collectionimages/19001949/1944/1944.100.52288.rev.width350.jpg"]},{"from":218,"to":222,"title":"RIC IV Elagabalus 263. 1948.19.1781","image_urls":["http://numismatics.org/collectionimages/19001949/1948/1948.19.1781.rev.width350.jpg"]},{"from":218,"to":222,"title":"RIC IV Elagabalus 131. 1960.170.398","image_urls":["http://numismatics.org/collectionimages/19501999/1960/1960.170.398.rev.width350.jpg"]},{"from":218,"to":222,"title":"RIC IV Elagabalus 91b. 1956.127.1267","image_urls":["http://numismatics.org/collectionimages/19501999/1956/1956.127.1267.rev.width350.jpg"]},{"from":218,"to":222,"title":"RIC IV Elagabalus 188d. 1941.131.901","image_urls":["http://numismatics.org/collectionimages/19001949/1941/1941.131.901.rev.width350.jpg"]},{"from":218,"to":222,"title":"RIC IV Elagabalus 102. 1935.117.616","image_urls":["http://numismatics.org/collectionimages/19001949/1935/1935.117.616.rev.width350.jpg"]},{"from":218,"to":222,"title":"RIC IV Elagabalus 136. 1944.100.52372","image_urls":["http://numismatics.org/collectionimages/19001949/1944/1944.100.52372.rev.width350.jpg"]},{"from":218,"to":222,"title":"RIC IV Elagabalus 78. 1948.19.1752","image_urls":["http://numismatics.org/collectionimages/19001949/1948/1948.19.1752.rev.width350.jpg"]},{"from":218,"to":222,"title":"RIC IV Elagabalus 68b. 1944.100.51909","image_urls":["http://numismatics.org/collectionimages/19001949/1944/1944.100.51909.rev.width350.jpg"]},{"from":218,"to":222,"title":"RIC IV Elagabalus 59. 1991.9.95","image_urls":["http://numismatics.org/collectionimages/19501999/1991/1991.9.95.rev.width350.jpg"]},{"from":218,"to":222,"title":"RIC IV Elagabalus 199. 1944.100.52370","image_urls":["http://numismatics.org/collectionimages/19001949/1944/1944.100.52370.rev.width350.jpg"]},{"from":218,"to":222,"title":"RIC IV Elagabalus 349d. 1944.100.52379","image_urls":["http://numismatics.org/collectionimages/19001949/1944/1944.100.52379.rev.width350.jpg"]},{"from":218,"to":222,"title":"RIC IV Elagabalus 187d. 1948.19.1767","image_urls":["http://numismatics.org/collectionimages/19001949/1948/1948.19.1767.rev.width350.jpg"]},{"from":218,"to":222,"title":"RIC IV Elagabalus 73b. 1956.127.1265","image_urls":["http://numismatics.org/collectionimages/19501999/1956/1956.127.1265.rev.width350.jpg"]},{"from":218,"to":222,"title":"RIC IV Elagabalus 130d. 1944.100.52292","image_urls":["http://numismatics.org/collectionimages/19001949/1944/1944.100.52292.rev.width350.jpg"]},{"from":218,"to":222,"title":"RIC IV Elagabalus 249. 1923.999.141","image_urls":["http://numismatics.org/collectionimages/19001949/1923/1923.999.141.rev.width350.jpg"]},{"from":218,"to":222,"title":"RIC IV Elagabalus 56b. 1916.192.302","image_urls":["http://numismatics.org/collectionimages/19001949/1916/1916.192.302.rev.width350.jpg"]},{"from":218,"to":222,"title":"RIC IV Elagabalus 268. 1978.64.467","image_urls":["http://numismatics.org/collectionimages/19501999/1978/1978.64.467.rev.width350.jpg"]},{"from":218,"to":222,"title":"RIC IV Elagabalus 111. 1948.19.1760","image_urls":["http://numismatics.org/collectionimages/19001949/1948/1948.19.1760.rev.width350.jpg"]},{"from":218,"to":222,"title":"RIC IV Elagabalus 68b. 1995.11.1157","image_urls":["http://numismatics.org/collectionimages/19501999/1995/1995.11.1157.rev.width350.jpg"]},{"from":218,"to":222,"title":"RIC IV Elagabalus 249. 1997.23.1","image_urls":["http://numismatics.org/collectionimages/19501999/1997/1997.23.1.rev.width350.jpg"]},{"from":218,"to":219,"title":"Silver Double, Rome, AD 218 - AD 219. 2015.12.20","image_urls":["http://numismatics.org/collectionimages/20002049/2015/2015.12.20.rev.width350.jpg"]},{"from":218,"to":222,"title":"RIC IV Elagabalus 122f. 1991.9.97","image_urls":["http://numismatics.org/collectionimages/19501999/1991/1991.9.97.rev.width350.jpg"]},{"from":218,"to":222,"title":"Bronze Coin, Metropolis, AD 218 - AD 222. 1944.100.46497","image_urls":["http://numismatics.org/collectionimages/19001949/1944/1944.100.46497.rev.width350.jpg"]},{"from":218,"to":222,"title":"RIC IV Elagabalus 243. 1948.19.1775","image_urls":["http://numismatics.org/collectionimages/19001949/1948/1948.19.1775.rev.width350.jpg"]},{"from":218,"to":222,"title":"Bronze Coin, Odessus, AD 218 - AD 222. 1997.32.109","image_urls":["http://numismatics.org/collectionimages/19501999/1997/1997.32.109.rev.width350.jpg"]},{"from":218,"to":222,"title":"RIC IV Elagabalus 56b. 1944.100.52304","image_urls":["http://numismatics.org/collectionimages/19001949/1944/1944.100.52304.rev.width350.jpg"]},{"from":218,"to":222,"title":"RIC IV Elagabalus 128b. 1944.100.52294","image_urls":["http://numismatics.org/collectionimages/19001949/1944/1944.100.52294.rev.width350.jpg"]},{"from":218,"to":222,"title":"RIC IV Elagabalus 268. 1995.11.1142","image_urls":["http://numismatics.org/collectionimages/19501999/1995/1995.11.1142.rev.width350.jpg"]},{"from":218,"to":222,"title":"RIC IV Elagabalus 268. 1944.100.52403","image_urls":["http://numismatics.org/collectionimages/19001949/1944/1944.100.52403.rev.width350.jpg"]},{"from":218,"to":222,"title":"Bronze Coin, Zeugma, AD 218 - AD 222. 1944.100.65246","image_urls":["http://numismatics.org/collectionimages/19001949/1944/1944.100.65246.rev.width350.jpg"]},{"from":218,"to":222,"title":"RIC IV Elagabalus 131. 1991.9.100","image_urls":["http://numismatics.org/collectionimages/19501999/1991/1991.9.100.rev.width350.jpg"]},{"from":218,"to":222,"title":"RIC IV Elagabalus 266. 1948.19.1784","image_urls":["http://numismatics.org/collectionimages/19001949/1948/1948.19.1784.rev.width350.jpg"]},{"from":218,"to":222,"title":"RIC IV Elagabalus 348. 1954.203.239","image_urls":["http://numismatics.org/collectionimages/19501999/1954/1954.203.239.rev.width350.jpg"]},{"from":218,"to":222,"title":"RIC IV Elagabalus 187d. 1944.100.52354","image_urls":["http://numismatics.org/collectionimages/19001949/1944/1944.100.52354.rev.width350.jpg"]},{"from":218,"to":222,"title":"RIC IV Elagabalus 131. 1948.19.1761","image_urls":["http://numismatics.org/collectionimages/19001949/1948/1948.19.1761.rev.width350.jpg"]},{"from":218,"to":222,"title":"RIC IV Elagabalus 146. 1944.100.52331","image_urls":["http://numismatics.org/collectionimages/19001949/1944/1944.100.52331.rev.width350.jpg"]},{"from":218,"to":222,"title":"RIC IV Elagabalus 88b. 1956.127.1268","image_urls":["http://numismatics.org/collectionimages/19501999/1956/1956.127.1268.rev.width350.jpg"]},{"from":218,"to":222,"title":"RIC IV Elagabalus 131. 1905.57.662","image_urls":["http://numismatics.org/collectionimages/19001949/1905/1905.57.662.rev.width350.jpg"]},{"from":218,"to":222,"title":"Bronze Coin, Byzantium, AD 218 - AD 222. 1974.226.19","image_urls":["http://numismatics.org/collectionimages/19501999/1974/1974.226.19.rev.width350.jpg"]},{"from":218,"to":222,"title":"RIC IV Elagabalus 91b. 1944.100.52280","image_urls":["http://numismatics.org/collectionimages/19001949/1944/1944.100.52280.rev.width350.jpg"]},{"from":218,"to":222,"title":"RIC IV Elagabalus 128b. 1944.100.52373","image_urls":["http://numismatics.org/collectionimages/19001949/1944/1944.100.52373.rev.width350.jpg"]},{"from":218,"to":222,"title":"Bronze Coin, Emisa, AD 218 - AD 222. 1944.100.66209","image_urls":["http://numismatics.org/collectionimages/19001949/1944/1944.100.66209.rev.width350.jpg"]},{"from":218,"to":222,"title":"RIC IV Elagabalus 59. 1944.100.52274","image_urls":["http://numismatics.org/collectionimages/19001949/1944/1944.100.52274.rev.width350.jpg"]},{"from":218,"to":222,"title":"RIC IV Elagabalus 272. 1985.5.18","image_urls":["http://numismatics.org/collectionimages/19501999/1985/1985.5.18.rev.width350.jpg"]},{"from":218,"to":222,"title":"RIC IV Elagabalus 115. 1948.19.1770","image_urls":["http://numismatics.org/collectionimages/19001949/1948/1948.19.1770.rev.width350.jpg"]},{"from":218,"to":222,"title":"RIC IV Elagabalus 152. 1944.100.51912","image_urls":["http://numismatics.org/collectionimages/19001949/1944/1944.100.51912.rev.width350.jpg"]},{"from":218,"to":222,"title":"RIC IV Elagabalus 264. 1944.100.52397","image_urls":["http://numismatics.org/collectionimages/19001949/1944/1944.100.52397.rev.width350.jpg"]},{"from":218,"to":222,"title":"RIC IV Elagabalus 243. 1948.19.1773","image_urls":["http://numismatics.org/collectionimages/19001949/1948/1948.19.1773.rev.width350.jpg"]},{"from":218,"to":222,"title":"RIC IV Elagabalus 156b. 1944.100.51890","image_urls":["http://numismatics.org/collectionimages/19001949/1944/1944.100.51890.rev.width350.jpg"]},{"from":218,"to":222,"title":"Bronze Coin, Odessus, AD 218 - AD 222. 1997.32.113","image_urls":["http://numismatics.org/collectionimages/19501999/1997/1997.32.113.rev.width350.jpg"]},{"from":218,"to":222,"title":"Bronze Coin, Odessus, AD 218 - AD 222. 1997.32.107","image_urls":["http://numismatics.org/collectionimages/19501999/1997/1997.32.107.rev.width350.jpg"]},{"from":218,"to":222,"title":"RIC IV Elagabalus 367. 1951.61.86","image_urls":["http://numismatics.org/collectionimages/19501999/1951/1951.61.86.rev.width350.jpg"]},{"from":218,"to":222,"title":"RIC IV Elagabalus 271. 1995.11.1140","image_urls":["http://numismatics.org/collectionimages/19501999/1995/1995.11.1140.rev.width350.jpg"]},{"from":218,"to":222,"title":"RIC IV Elagabalus 243. 1944.100.52391","image_urls":["http://numismatics.org/collectionimages/19001949/1944/1944.100.52391.rev.width350.jpg"]},{"from":218,"to":222,"title":"RIC IV Elagabalus 273. 1950.148.5","image_urls":["http://numismatics.org/collectionimages/19501999/1950/1950.148.5.rev.width350.jpg"]},{"from":218,"to":222,"title":"RIC IV Elagabalus 102. 1944.100.52286","image_urls":["http://numismatics.org/collectionimages/19001949/1944/1944.100.52286.rev.width350.jpg"]},{"from":218,"to":222,"title":"RIC IV Elagabalus 137f. 1948.19.1734","image_urls":["http://numismatics.org/collectionimages/19001949/1948/1948.19.1734.rev.width350.jpg"]},{"from":218,"to":222,"title":"RIC IV Elagabalus 73b. 1970.156.426","image_urls":["http://numismatics.org/collectionimages/19501999/1970/1970.156.426.rev.width350.jpg"]},{"from":218,"to":222,"title":"RIC IV Elagabalus 88b. 1944.100.52313","image_urls":["http://numismatics.org/collectionimages/19001949/1944/1944.100.52313.rev.width350.jpg"]},{"from":218,"to":222,"title":"RIC IV Elagabalus 146. 1935.117.631","image_urls":["http://numismatics.org/collectionimages/19001949/1935/1935.117.631.rev.width350.jpg"]},{"from":218,"to":222,"title":"Bronze Coin, Emisa, AD 218 - AD 222. 1944.100.51968","image_urls":["http://numismatics.org/collectionimages/19001949/1944/1944.100.51968.rev.width350.jpg"]},{"from":218,"to":222,"title":"RIC IV Elagabalus 130b. 2004.14.144","image_urls":["http://numismatics.org/collectionimages/20002049/2004/2004.14.144.rev.width350.jpg"]},{"from":218,"to":222,"title":"RIC IV Elagabalus 161b. 1944.100.52334","image_urls":["http://numismatics.org/collectionimages/19001949/1944/1944.100.52334.rev.width350.jpg"]},{"from":218,"to":222,"title":"RIC IV Elagabalus 268. 1935.117.646","image_urls":["http://numismatics.org/collectionimages/19001949/1935/1935.117.646.rev.width350.jpg"]},{"from":218,"to":222,"title":"RIC IV Elagabalus 140b. 1948.19.1722","image_urls":["http://numismatics.org/collectionimages/19001949/1948/1948.19.1722.rev.width350.jpg"]},{"from":218,"to":222,"title":"RIC IV Elagabalus 266. 1923.151.61","image_urls":["http://numismatics.org/collectionimages/19001949/1923/1923.151.61.rev.width350.jpg"]},{"from":218,"to":222,"title":"RIC IV Elagabalus 140b. 1935.117.610","image_urls":["http://numismatics.org/collectionimages/19001949/1935/1935.117.610.rev.width350.jpg"]},{"from":218,"to":222,"title":"RIC IV Elagabalus 150b. 1935.117.619","image_urls":["http://numismatics.org/collectionimages/19001949/1935/1935.117.619.rev.width350.jpg"]},{"from":218,"to":222,"title":"RIC IV Elagabalus 146. 1944.100.52328","image_urls":["http://numismatics.org/collectionimages/19001949/1944/1944.100.52328.rev.width350.jpg"]},{"from":218,"to":222,"title":"RIC IV Elagabalus 268. 1948.19.1788","image_urls":["http://numismatics.org/collectionimages/19001949/1948/1948.19.1788.rev.width350.jpg"]},{"from":218,"to":222,"title":"RIC IV Elagabalus 243. 1957.172.1807","image_urls":["http://numismatics.org/collectionimages/19501999/1957/1957.172.1807.rev.width350.jpg"]},{"from":218,"to":222,"title":"RIC IV Elagabalus 190d. 1944.100.52358","image_urls":["http://numismatics.org/collectionimages/19001949/1944/1944.100.52358.rev.width350.jpg"]},{"from":218,"to":222,"title":"RIC IV Elagabalus 243. 1935.117.640","image_urls":["http://numismatics.org/collectionimages/19001949/1935/1935.117.640.rev.width350.jpg"]},{"from":218,"to":222,"title":"Bronze Coin, Tarsus, AD 218 - AD 222. 1995.110.48","image_urls":["http://numismatics.org/collectionimages/19501999/1995/1995.110.48.rev.width350.jpg"]},{"from":218,"to":222,"title":"RIC IV Elagabalus 95b. 1948.19.1746","image_urls":["http://numismatics.org/collectionimages/19001949/1948/1948.19.1746.rev.width350.jpg"]},{"from":218,"to":222,"title":"RIC IV Elagabalus 237. 1944.100.52385","image_urls":["http://numismatics.org/collectionimages/19001949/1944/1944.100.52385.rev.width350.jpg"]},{"from":218,"to":222,"title":"RIC IV Elagabalus 88b. 1935.117.622","image_urls":["http://numismatics.org/collectionimages/19001949/1935/1935.117.622.rev.width350.jpg"]},{"from":218,"to":222,"title":"RIC IV Elagabalus 78. 1991.9.98","image_urls":["http://numismatics.org/collectionimages/19501999/1991/1991.9.98.rev.width350.jpg"]},{"from":218,"to":219,"title":"RIC IV Elagabalus 168b. 1944.100.52367","image_urls":["http://numismatics.org/collectionimages/19001949/1944/1944.100.52367.rev.width350.jpg"]},{"from":218,"to":222,"title":"RIC IV Elagabalus 243. 1987.26.215","image_urls":["http://numismatics.org/collectionimages/19501999/1987/1987.26.215.rev.width350.jpg"]},{"from":218,"to":222,"title":"RIC IV Elagabalus 100. 1948.19.1755","image_urls":["http://numismatics.org/collectionimages/19001949/1948/1948.19.1755.rev.width350.jpg"]},{"from":218,"to":222,"title":"RIC IV Elagabalus 421. 1944.100.52430","image_urls":["http://numismatics.org/collectionimages/19001949/1944/1944.100.52430.rev.width350.jpg"]},{"from":218,"to":222,"title":"RIC IV Elagabalus 131. 1944.100.52325","image_urls":["http://numismatics.org/collectionimages/19001949/1944/1944.100.52325.rev.width350.jpg"]},{"from":218,"to":222,"title":"RIC IV Elagabalus 264. 1935.117.643","image_urls":["http://numismatics.org/collectionimages/19001949/1935/1935.117.643.rev.width350.jpg"]},{"from":218,"to":222,"title":"RIC IV Elagabalus 237. 1935.117.637","image_urls":["http://numismatics.org/collectionimages/19001949/1935/1935.117.637.rev.width350.jpg"]},{"from":218,"to":222,"title":"RIC IV Elagabalus 91b. 1905.57.563","image_urls":["http://numismatics.org/collectionimages/19001949/1905/1905.57.563.rev.width350.jpg"]},{"from":218,"to":222,"title":"RIC IV Elagabalus 263. 1905.57.578","image_urls":["http://numismatics.org/collectionimages/19001949/1905/1905.57.578.rev.width350.jpg"]},{"from":218,"to":222,"title":"RIC IV Elagabalus 90f. 1948.19.1744","image_urls":["http://numismatics.org/collectionimages/19001949/1948/1948.19.1744.rev.width350.jpg"]},{"from":218,"to":222,"title":"RIC IV Elagabalus 111. 1944.100.52320","image_urls":["http://numismatics.org/collectionimages/19001949/1944/1944.100.52320.rev.width350.jpg"]},{"from":218,"to":222,"title":"RIC IV Elagabalus 83A. 1970.156.427","image_urls":["http://numismatics.org/collectionimages/19501999/1970/1970.156.427.rev.width350.jpg"]},{"from":218,"to":222,"title":"RIC IV Elagabalus 141. 1905.57.567","image_urls":["http://numismatics.org/collectionimages/19001949/1905/1905.57.567.rev.width350.jpg"]},{"from":218,"to":222,"title":"RIC IV Elagabalus 341. 1944.100.52377","image_urls":["http://numismatics.org/collectionimages/19001949/1944/1944.100.52377.rev.width350.jpg"]},{"from":218,"to":222,"title":"RIC IV Elagabalus 161d. 1948.19.1765","image_urls":["http://numismatics.org/collectionimages/19001949/1948/1948.19.1765.rev.width350.jpg"]},{"from":218,"to":222,"title":"RIC IV Elagabalus 67f. 1944.100.51907","image_urls":["http://numismatics.org/collectionimages/19001949/1944/1944.100.51907.rev.width350.jpg"]},{"from":218,"to":222,"title":"RIC IV Elagabalus 123b. 1944.100.51882","image_urls":["http://numismatics.org/collectionimages/19001949/1944/1944.100.51882.rev.width350.jpg"]},{"from":218,"to":222,"title":"RIC IV Elagabalus 161b. 1944.100.52335","image_urls":["http://numismatics.org/collectionimages/19001949/1944/1944.100.52335.rev.width350.jpg"]},{"from":218,"to":222,"title":"RIC IV Elagabalus 155f. 1948.19.1723","image_urls":["http://numismatics.org/collectionimages/19001949/1948/1948.19.1723.rev.width350.jpg"]},{"from":218,"to":222,"title":"RIC IV Elagabalus 156b. 1935.117.611","image_urls":["http://numismatics.org/collectionimages/19001949/1935/1935.117.611.rev.width350.jpg"]},{"from":218,"to":222,"title":"RIC IV Elagabalus 243. 1935.117.641","image_urls":["http://numismatics.org/collectionimages/19001949/1935/1935.117.641.rev.width350.jpg"]},{"from":218,"to":222,"title":"RIC IV Elagabalus 243. 1905.57.576","image_urls":["http://numismatics.org/collectionimages/19001949/1905/1905.57.576.rev.width350.jpg"]},{"from":218,"to":222,"title":"Bronze Coin, Zeugma, AD 218 - AD 222. 1953.171.1451","image_urls":["http://numismatics.org/collectionimages/19501999/1953/1953.171.1451.rev.width350.jpg"]},{"from":218,"to":222,"title":"RIC IV Elagabalus 68b. 1987.26.213","image_urls":["http://numismatics.org/collectionimages/19501999/1987/1987.26.213.rev.width350.jpg"]},{"from":218,"to":222,"title":"RIC IV Elagabalus 122f. 1935.117.608","image_urls":["http://numismatics.org/collectionimages/19001949/1935/1935.117.608.rev.width350.jpg"]},{"from":218,"to":222,"title":"Bronze Coin, Hypaepa, AD 218 - AD 222. 1979.189.13","image_urls":["http://numismatics.org/collectionimages/19501999/1979/1979.189.13.rev.width350.jpg"]},{"from":218,"to":222,"title":"RIC IV Elagabalus 131. 1944.100.52323","image_urls":["http://numismatics.org/collectionimages/19001949/1944/1944.100.52323.rev.width350.jpg"]},{"from":218,"to":222,"title":"RIC IV Elagabalus 107b. 1923.151.59","image_urls":["http://numismatics.org/collectionimages/19001949/1923/1923.151.59.rev.width350.jpg"]},{"from":218,"to":222,"title":"RIC IV Elagabalus 102. 1948.19.1747","image_urls":["http://numismatics.org/collectionimages/19001949/1948/1948.19.1747.rev.width350.jpg"]},{"from":218,"to":222,"title":"RIC IV Elagabalus 103. 1944.100.52317","image_urls":["http://numismatics.org/collectionimages/19001949/1944/1944.100.52317.rev.width350.jpg"]},{"from":218,"to":222,"title":"RIC IV Elagabalus 56b. 1935.117.620","image_urls":["http://numismatics.org/collectionimages/19001949/1935/1935.117.620.rev.width350.jpg"]},{"from":218,"to":222,"title":"RIC IV Elagabalus 131. 1935.117.629","image_urls":["http://numismatics.org/collectionimages/19001949/1935/1935.117.629.rev.width350.jpg"]},{"from":218,"to":222,"title":"RIC IV Elagabalus 256. 1944.100.52412","image_urls":["http://numismatics.org/collectionimages/19001949/1944/1944.100.52412.rev.width350.jpg"]},{"from":218,"to":222,"title":"RIC IV Elagabalus 78. 1944.100.52307","image_urls":["http://numismatics.org/collectionimages/19001949/1944/1944.100.52307.rev.width350.jpg"]},{"from":218,"to":222,"title":"RIC IV Elagabalus 107b. 1935.117.625","image_urls":["http://numismatics.org/collectionimages/19001949/1935/1935.117.625.rev.width350.jpg"]},{"from":218,"to":222,"title":"Bronze Coin, Berytus, AD 218 - AD 222. 1944.100.72405","image_urls":["http://numismatics.org/collectionimages/19001949/1944/1944.100.72405.rev.width350.jpg"]},{"from":218,"to":222,"title":"RIC IV Elagabalus 271. 1944.100.52406","image_urls":["http://numismatics.org/collectionimages/19001949/1944/1944.100.52406.rev.width350.jpg"]},{"from":218,"to":222,"title":"RIC IV Elagabalus 188d. 1944.100.52355","image_urls":["http://numismatics.org/collectionimages/19001949/1944/1944.100.52355.rev.width350.jpg"]},{"from":218,"to":222,"title":"RIC IV Elagabalus 424. 1944.100.52433","image_urls":["http://numismatics.org/collectionimages/19001949/1944/1944.100.52433.rev.width350.jpg"]},{"from":218,"to":222,"title":"RIC IV Elagabalus 268. 1987.26.218","image_urls":["http://numismatics.org/collectionimages/19501999/1987/1987.26.218.rev.width350.jpg"]},{"from":218,"to":222,"title":"RIC IV Elagabalus 73b. 1948.19.1743","image_urls":["http://numismatics.org/collectionimages/19001949/1948/1948.19.1743.rev.width350.jpg"]},{"from":218,"to":222,"title":"RIC IV Elagabalus 71b. 1944.100.51878","image_urls":["http://numismatics.org/collectionimages/19001949/1944/1944.100.51878.rev.width350.jpg"]},{"from":218,"to":222,"title":"RIC IV Elagabalus 140b. 1905.57.560","image_urls":["http://numismatics.org/collectionimages/19001949/1905/1905.57.560.rev.width350.jpg"]},{"from":218,"to":222,"title":"RIC IV Elagabalus 266. 1944.100.52400","image_urls":["http://numismatics.org/collectionimages/19001949/1944/1944.100.52400.rev.width350.jpg"]},{"from":218,"to":222,"title":"RIC IV Elagabalus 272. 1944.100.52409","image_urls":["http://numismatics.org/collectionimages/19001949/1944/1944.100.52409.rev.width350.jpg"]},{"from":218,"to":222,"title":"RIC IV Elagabalus 271. 1948.19.1793","image_urls":["http://numismatics.org/collectionimages/19001949/1948/1948.19.1793.rev.width350.jpg"]},{"from":218,"to":222,"title":"Bronze Coin, Hypaepa, AD 218 - AD 222. 1979.189.12","image_urls":["http://numismatics.org/collectionimages/19501999/1979/1979.189.12.rev.width350.jpg"]},{"from":218,"to":222,"title":"RIC IV Elagabalus 155e. 1948.19.1724","image_urls":["http://numismatics.org/collectionimages/19001949/1948/1948.19.1724.rev.width350.jpg"]},{"from":218,"to":222,"title":"RIC IV Elagabalus 139b. 1991.9.94","image_urls":["http://numismatics.org/collectionimages/19501999/1991/1991.9.94.rev.width350.jpg"]},{"from":218,"to":222,"title":"RIC IV Elagabalus 188d. 1905.57.574","image_urls":["http://numismatics.org/collectionimages/19001949/1905/1905.57.574.rev.width350.jpg"]},{"from":218,"to":222,"title":"RIC IV Elagabalus 88b. 1905.57.568","image_urls":["http://numismatics.org/collectionimages/19001949/1905/1905.57.568.rev.width350.jpg"]},{"from":218,"to":222,"title":"RIC IV Elagabalus 349b. 1944.100.52378","image_urls":["http://numismatics.org/collectionimages/19001949/1944/1944.100.52378.rev.width350.jpg"]},{"from":218,"to":222,"title":"RIC IV Elagabalus 138e. 1944.100.51883","image_urls":["http://numismatics.org/collectionimages/19001949/1944/1944.100.51883.rev.width350.jpg"]},{"from":218,"to":222,"title":"RIC IV Elagabalus 153. 1956.127.1264","image_urls":["http://numismatics.org/collectionimages/19501999/1956/1956.127.1264.rev.width350.jpg"]},{"from":218,"to":222,"title":"RIC IV Elagabalus 109. 1950.148.4","image_urls":["http://numismatics.org/collectionimages/19501999/1950/1950.148.4.rev.width350.jpg"]},{"from":218,"to":222,"title":"RIC IV Elagabalus 190d. 1947.2.527","image_urls":["http://numismatics.org/collectionimages/19001949/1947/1947.2.527.rev.width350.jpg"]},{"from":218,"to":222,"title":"RIC IV Elagabalus 70f. 1944.100.51908","image_urls":["http://numismatics.org/collectionimages/19001949/1944/1944.100.51908.rev.width350.jpg"]},{"from":218,"to":222,"title":"RIC IV Elagabalus 102. 1944.100.52285","image_urls":["http://numismatics.org/collectionimages/19001949/1944/1944.100.52285.rev.width350.jpg"]},{"from":218,"to":222,"title":"RIC IV Elagabalus 189. 1944.100.52357","image_urls":["http://numismatics.org/collectionimages/19001949/1944/1944.100.52357.rev.width350.jpg"]},{"from":218,"to":222,"title":"RIC IV Elagabalus 91b. 1944.100.52279","image_urls":["http://numismatics.org/collectionimages/19001949/1944/1944.100.52279.rev.width350.jpg"]},{"from":218,"to":222,"title":"RIC IV Elagabalus 243. 1948.19.1772","image_urls":["http://numismatics.org/collectionimages/19001949/1948/1948.19.1772.rev.width350.jpg"]},{"from":218,"to":222,"title":"RIC IV Elagabalus 264. 1944.100.52396","image_urls":["http://numismatics.org/collectionimages/19001949/1944/1944.100.52396.rev.width350.jpg"]},{"from":218,"to":222,"title":"Bronze Coin, Odessus, AD 218 - AD 222. 1944.100.15388","image_urls":["http://numismatics.org/collectionimages/19001949/1944/1944.100.15388.rev.width350.jpg"]},{"from":218,"to":222,"title":"Bronze Coin, Ephesus, AD 218 - AD 222. 1971.279.26","image_urls":["http://numismatics.org/collectionimages/19501999/1971/1971.279.26.rev.width350.jpg"]},{"from":218,"to":222,"title":"RIC IV Elagabalus 121b. 1944.100.51911","image_urls":["http://numismatics.org/collectionimages/19001949/1944/1944.100.51911.rev.width350.jpg"]},{"from":218,"to":222,"title":"RIC IV Elagabalus 272. 1948.19.1790","image_urls":["http://numismatics.org/collectionimages/19001949/1948/1948.19.1790.rev.width350.jpg"]},{"from":218,"to":222,"title":"RIC IV Elagabalus 201d. 1944.100.52360","image_urls":["http://numismatics.org/collectionimages/19001949/1944/1944.100.52360.rev.width350.jpg"]},{"from":218,"to":222,"title":"RIC IV Elagabalus 199. 1944.100.52369","image_urls":["http://numismatics.org/collectionimages/19001949/1944/1944.100.52369.rev.width350.jpg"]},{"from":218,"to":222,"title":"RIC IV Elagabalus 91b. 1944.100.52282","image_urls":["http://numismatics.org/collectionimages/19001949/1944/1944.100.52282.rev.width350.jpg"]},{"from":218,"to":222,"title":"RIC IV Elagabalus 73b. 1944.100.52276","image_urls":["http://numismatics.org/collectionimages/19001949/1944/1944.100.52276.rev.width350.jpg"]},{"from":218,"to":222,"title":"RIC IV Elagabalus 410. 0000.999.23448","image_urls":["http://numismatics.org/collectionimages/00001899/0000/0000.999.23448.rev.width350.jpg"]},{"from":218,"to":222,"title":"RIC IV Elagabalus 268. 1935.117.645","image_urls":["http://numismatics.org/collectionimages/19001949/1935/1935.117.645.rev.width350.jpg"]},{"from":218,"to":222,"title":"Silver Denarius, Rome, AD 218 - AD 222. 2015.12.23","image_urls":["http://numismatics.org/collectionimages/20002049/2015/2015.12.23.rev.width350.jpg"]},{"from":218,"to":222,"title":"RIC IV Elagabalus 406. 1995.11.1151","image_urls":["http://numismatics.org/collectionimages/19501999/1995/1995.11.1151.rev.width350.jpg"]},{"from":218,"to":222,"title":"RIC IV Elagabalus 254. 1948.19.1778","image_urls":["http://numismatics.org/collectionimages/19001949/1948/1948.19.1778.rev.width350.jpg"]},{"from":218,"to":222,"title":"RIC IV Elagabalus 59. 1941.15.76","image_urls":["http://numismatics.org/collectionimages/19001949/1941/1941.15.76.rev.width350.jpg"]},{"from":218,"to":222,"title":"Bronze Coin, Anazarbus, AD 218 - AD 222. 2000.8.22","image_urls":["http://numismatics.org/collectionimages/20002049/2000/2000.8.22.rev.width350.jpg"]},{"from":218,"to":222,"title":"RIC IV Elagabalus 91b. 1948.19.1745","image_urls":["http://numismatics.org/collectionimages/19001949/1948/1948.19.1745.rev.width350.jpg"]},{"from":218,"to":222,"title":"RIC IV Elagabalus 103. 1944.100.52318","image_urls":["http://numismatics.org/collectionimages/19001949/1944/1944.100.52318.rev.width350.jpg"]},{"from":218,"to":222,"title":"RIC IV Elagabalus 372. 1935.117.636","image_urls":["http://numismatics.org/collectionimages/19001949/1935/1935.117.636.rev.width350.jpg"]},{"from":218,"to":222,"title":"RIC IV Elagabalus 88b. 1935.117.621","image_urls":["http://numismatics.org/collectionimages/19001949/1935/1935.117.621.rev.width350.jpg"]},{"from":218,"to":222,"title":"RIC IV Elagabalus 139d. 1905.57.562","image_urls":["http://numismatics.org/collectionimages/19001949/1905/1905.57.562.rev.width350.jpg"]},{"from":218,"to":219,"title":"RIC IV Elagabalus 167. 1944.100.52366","image_urls":["http://numismatics.org/collectionimages/19001949/1944/1944.100.52366.rev.width350.jpg"]},{"from":218,"to":222,"title":"RIC IV Elagabalus 95b. 1935.117.615","image_urls":["http://numismatics.org/collectionimages/19001949/1935/1935.117.615.rev.width350.jpg"]},{"from":218,"to":222,"title":"RIC IV Elagabalus 88b. 1948.19.1754","image_urls":["http://numismatics.org/collectionimages/19001949/1948/1948.19.1754.rev.width350.jpg"]},{"from":218,"to":222,"title":"RIC IV Elagabalus 107b. 1960.170.397","image_urls":["http://numismatics.org/collectionimages/19501999/1960/1960.170.397.rev.width350.jpg"]},{"from":218,"to":222,"title":"RIC IV Elagabalus 146. 1944.100.52330","image_urls":["http://numismatics.org/collectionimages/19001949/1944/1944.100.52330.rev.width350.jpg"]},{"from":218,"to":222,"title":"RIC IV Elagabalus 131. 1944.100.52324","image_urls":["http://numismatics.org/collectionimages/19001949/1944/1944.100.52324.rev.width350.jpg"]},{"from":218,"to":222,"title":"RIC IV Elagabalus 254. 1935.117.642","image_urls":["http://numismatics.org/collectionimages/19001949/1935/1935.117.642.rev.width350.jpg"]},{"from":218,"to":222,"title":"RIC IV Elagabalus 263. 1905.57.577","image_urls":["http://numismatics.org/collectionimages/19001949/1905/1905.57.577.rev.width350.jpg"]},{"from":218,"to":222,"title":"RIC IV Elagabalus 138f. 1935.117.609","image_urls":["http://numismatics.org/collectionimages/19001949/1935/1935.117.609.rev.width350.jpg"]},{"from":218,"to":222,"title":"RIC IV Elagabalus 155e. 1944.100.51886","image_urls":["http://numismatics.org/collectionimages/19001949/1944/1944.100.51886.rev.width350.jpg"]},{"from":218,"to":222,"title":"RIC IV Elagabalus 68b. 1948.19.1733","image_urls":["http://numismatics.org/collectionimages/19001949/1948/1948.19.1733.rev.width350.jpg"]},{"from":218,"to":222,"title":"Bronze Coin of ROMAN.IMPERIAL, Zeugma, AD 218 - AD 222. 1988.3.1","image_urls":["http://numismatics.org/collectionimages/19501999/1988/1988.3.1.rev.width350.jpg"]},{"from":218,"to":222,"title":"RIC IV Elagabalus 364b. 1906.236.510","image_urls":["http://numismatics.org/collectionimages/19001949/1906/1906.236.510.rev.width350.jpg"]},{"from":218,"to":222,"title":"Bronze Coin, Emisa, AD 218 - AD 222. 1944.100.66208","image_urls":["http://numismatics.org/collectionimages/19001949/1944/1944.100.66208.rev.width350.jpg"]},{"from":218,"to":222,"title":"RIC IV Elagabalus 271. 1922.38.142","image_urls":["http://numismatics.org/collectionimages/19001949/1922/1922.38.142.rev.width350.jpg"]},{"from":218,"to":222,"title":"Bronze Coin, Sidon, AD 218 - AD 222. 1944.100.71759","image_urls":["http://numismatics.org/collectionimages/19001949/1944/1944.100.71759.rev.width350.jpg"]},{"from":218,"to":222,"title":"RIC IV Elagabalus 162. 1948.19.1748","image_urls":["http://numismatics.org/collectionimages/19001949/1948/1948.19.1748.rev.width350.jpg"]},{"from":218,"to":222,"title":"RIC IV Elagabalus 150b. 1944.100.52297","image_urls":["http://numismatics.org/collectionimages/19001949/1944/1944.100.52297.rev.width350.jpg"]},{"from":218,"to":222,"title":"RIC IV Elagabalus 369. 1944.100.52375","image_urls":["http://numismatics.org/collectionimages/19001949/1944/1944.100.52375.rev.width350.jpg"]},{"from":218,"to":222,"title":"RIC IV Elagabalus 413. 1964.183.2","image_urls":["http://numismatics.org/collectionimages/19501999/1964/1964.183.2.rev.width350.jpg"]},{"from":218,"to":222,"title":"RIC IV Elagabalus 254. 1995.11.1139","image_urls":["http://numismatics.org/collectionimages/19501999/1995/1995.11.1139.rev.width350.jpg"]},{"from":218,"to":222,"title":"RIC IV Elagabalus 146. 1948.19.1763","image_urls":["http://numismatics.org/collectionimages/19001949/1948/1948.19.1763.rev.width350.jpg"]},{"from":218,"to":222,"title":"RIC IV Elagabalus 103. 1948.19.1757","image_urls":["http://numismatics.org/collectionimages/19001949/1948/1948.19.1757.rev.width350.jpg"]},{"from":218,"to":222,"title":"RIC IV Elagabalus 107b. 1935.117.627","image_urls":["http://numismatics.org/collectionimages/19001949/1935/1935.117.627.rev.width350.jpg"]},{"from":218,"to":222,"title":"RIC IV Elagabalus 202. 1944.100.52363","image_urls":["http://numismatics.org/collectionimages/19001949/1944/1944.100.52363.rev.width350.jpg"]},{"from":218,"to":222,"title":"RIC IV Elagabalus 150b. 1978.64.458","image_urls":["http://numismatics.org/collectionimages/19501999/1978/1978.64.458.rev.width350.jpg"]},{"from":218,"to":222,"title":"RIC IV Elagabalus 377. 1957.172.1805","image_urls":["http://numismatics.org/collectionimages/19501999/1957/1957.172.1805.rev.width350.jpg"]},{"from":218,"to":222,"title":"RIC IV Elagabalus 241. 1995.11.1153","image_urls":["http://numismatics.org/collectionimages/19501999/1995/1995.11.1153.rev.width350.jpg"]},{"from":218,"to":222,"title":"RIC IV Elagabalus 88b. 1944.100.52315","image_urls":["http://numismatics.org/collectionimages/19001949/1944/1944.100.52315.rev.width350.jpg"]},{"from":218,"to":222,"title":"RIC IV Elagabalus 82. 1944.100.52309","image_urls":["http://numismatics.org/collectionimages/19001949/1944/1944.100.52309.rev.width350.jpg"]},{"from":218,"to":222,"title":"RIC IV Elagabalus 162. 1944.100.52299","image_urls":["http://numismatics.org/collectionimages/19001949/1944/1944.100.52299.rev.width350.jpg"]},{"from":218,"to":222,"title":"RIC IV Elagabalus 272. 1944.100.52408","image_urls":["http://numismatics.org/collectionimages/19001949/1944/1944.100.52408.rev.width350.jpg"]},{"from":218,"to":222,"title":"RIC IV Elagabalus 423. 1975.226.91","image_urls":["http://numismatics.org/collectionimages/19501999/1975/1975.226.91.rev.width350.jpg"]},{"from":218,"to":222,"title":"RIC IV Elagabalus 271. 1948.19.1789","image_urls":["http://numismatics.org/collectionimages/19001949/1948/1948.19.1789.rev.width350.jpg"]},{"from":218,"to":222,"title":"Bronze Coin, Odessus, AD 218 - AD 222. 1997.32.114","image_urls":["http://numismatics.org/collectionimages/19501999/1997/1997.32.114.rev.width350.jpg"]},{"from":218,"to":222,"title":"RIC IV Elagabalus 268. 1957.172.1808","image_urls":["http://numismatics.org/collectionimages/19501999/1957/1957.172.1808.rev.width350.jpg"]},{"from":218,"to":222,"title":"RIC IV Elagabalus 347. 1947.97.486","image_urls":["http://numismatics.org/collectionimages/19001949/1947/1947.97.486.rev.width350.jpg"]},{"from":218,"to":222,"title":"RIC IV Elagabalus 149e. 1941.131.900","image_urls":["http://numismatics.org/collectionimages/19001949/1941/1941.131.900.rev.width350.jpg"]},{"from":218,"to":222,"title":"RIC IV Elagabalus 123b. 1941.131.899","image_urls":["http://numismatics.org/collectionimages/19001949/1941/1941.131.899.rev.width350.jpg"]},{"from":218,"to":222,"title":"RIC IV Elagabalus 88b. 1935.117.623","image_urls":["http://numismatics.org/collectionimages/19001949/1935/1935.117.623.rev.width350.jpg"]},{"from":218,"to":222,"title":"RIC IV Elagabalus 94f. 1905.57.564","image_urls":["http://numismatics.org/collectionimages/19001949/1905/1905.57.564.rev.width350.jpg"]},{"from":218,"to":222,"title":"RIC IV Elagabalus 241. 1941.131.902","image_urls":["http://numismatics.org/collectionimages/19001949/1941/1941.131.902.rev.width350.jpg"]},{"from":218,"to":222,"title":"RIC IV Elagabalus 241. 1944.100.52388","image_urls":["http://numismatics.org/collectionimages/19001949/1944/1944.100.52388.rev.width350.jpg"]},{"from":218,"to":222,"title":"RIC IV Elagabalus 102. 1957.172.1804","image_urls":["http://numismatics.org/collectionimages/19501999/1957/1957.172.1804.rev.width350.jpg"]},{"from":218,"to":222,"title":"RIC IV Elagabalus 268. 1948.19.1785","image_urls":["http://numismatics.org/collectionimages/19001949/1948/1948.19.1785.rev.width350.jpg"]},{"from":218,"to":222,"title":"RIC IV Elagabalus 88b. 1944.100.52314","image_urls":["http://numismatics.org/collectionimages/19001949/1944/1944.100.52314.rev.width350.jpg"]},{"from":218,"to":222,"title":"Bronze Coin, Laodiceia ad Libanum, AD 218 - AD 222. 1944.100.66478","image_urls":["http://numismatics.org/collectionimages/19001949/1944/1944.100.66478.rev.width350.jpg"]},{"from":218,"to":222,"title":"RIC IV Elagabalus 146. 1905.57.572","image_urls":["http://numismatics.org/collectionimages/19001949/1905/1905.57.572.rev.width350.jpg"]},{"from":218,"to":222,"title":"RIC IV Elagabalus 115. 1905.57.566","image_urls":["http://numismatics.org/collectionimages/19001949/1905/1905.57.566.rev.width350.jpg"]},{"from":218,"to":222,"title":"RIC IV Elagabalus 414. 1944.100.52427","image_urls":["http://numismatics.org/collectionimages/19001949/1944/1944.100.52427.rev.width350.jpg"]},{"from":218,"to":222,"title":"RIC IV Elagabalus 123d. 1944.100.51881","image_urls":["http://numismatics.org/collectionimages/19001949/1944/1944.100.51881.rev.width350.jpg"]},{"from":218,"to":222,"title":"RIC IV Elagabalus 155e. 1923.151.55","image_urls":["http://numismatics.org/collectionimages/19001949/1923/1923.151.55.rev.width350.jpg"]},{"from":218,"to":222,"title":"RIC IV Elagabalus 72f. 1944.100.52275","image_urls":["http://numismatics.org/collectionimages/19001949/1944/1944.100.52275.rev.width350.jpg"]},{"from":218,"to":222,"title":"RIC IV Elagabalus 154. 1960.175.41","image_urls":["http://numismatics.org/collectionimages/19501999/1960/1960.175.41.rev.width350.jpg"]},{"from":218,"to":222,"title":"Bronze Coin of Aurelios Dionysios, strategos, Hypaepa, AD 218 - AD 222. 1986.77.163","image_urls":["http://numismatics.org/collectionimages/19501999/1986/1986.77.163.rev.width350.jpg"]},{"from":218,"to":222,"title":"RIC IV Elagabalus 358d. 1944.100.52374","image_urls":["http://numismatics.org/collectionimages/19001949/1944/1944.100.52374.rev.width350.jpg"]},{"from":218,"to":222,"title":"RIC IV Elagabalus 56b. 1948.19.1751","image_urls":["http://numismatics.org/collectionimages/19001949/1948/1948.19.1751.rev.width350.jpg"]},{"from":218,"to":222,"title":"RIC IV Elagabalus 161b. 1944.100.52336","image_urls":["http://numismatics.org/collectionimages/19001949/1944/1944.100.52336.rev.width350.jpg"]},{"from":218,"to":222,"title":"Bronze Coin, Sagalassus, AD 218 - AD 222. 1974.226.163","image_urls":["http://numismatics.org/collectionimages/19501999/1974/1974.226.163.rev.width350.jpg"]},{"from":218,"to":222,"title":"RIC IV Elagabalus 272. 1935.117.648","image_urls":["http://numismatics.org/collectionimages/19001949/1935/1935.117.648.rev.width350.jpg"]}]