[{"from":219,"to":219,"title":"YORYM-1C5D08: A coin issued by Antoninus Pius","image_urls":["https://finds.org.uk/images/law/SS0258.jpg"]},{"from":219,"to":219,"title":"LEIC-FB7375: A coin issued by Elagabalus","image_urls":["https://finds.org.uk/images/wscott/FB7375.JPG"]},{"from":219,"to":219,"title":"NARC-514933: A coin issued by Elagabalus","image_urls":["https://finds.org.uk/images/tbrindle/NARC-514933denariusobv.jpg"]},{"from":219,"to":222,"title":"SOM-44A1A4: A coin issued by Julia Soaemias","image_urls":["https://finds.org.uk/images/elburnett/SOM-44A1A4.JPG"]},{"from":219,"to":219,"title":"HAMP3035: A coin issued by Elagabalus","image_urls":["https://finds.org.uk/images/sworrell/hamp%203035.JPG"]},{"from":219,"to":220,"title":"ESS-DBA3F5: A coin issued by Elagabalus","image_urls":["https://finds.org.uk/images/cmcdonald/Elagabalus%20comp.jpg"]},{"from":219,"to":220,"title":"YORYM-867EB8: A coin issued by Julia Paula","image_urls":["https://finds.org.uk/images/bmorris/MPS0051.jpg"]},{"from":219,"to":220,"title":"LEIC-B50412: A coin issued by Julia Paula","image_urls":["https://finds.org.uk/images/wscott/B50412.JPG"]},{"from":219,"to":219,"title":"NARC-1E37E4: A coin issued by Elagabalus","image_urls":["https://finds.org.uk/images/tbrindle/NARC-1E37E4denariusobv.jpg"]},{"from":219,"to":219,"title":"NARC-B35834: A coin issued by Elagabalus","image_urls":["https://finds.org.uk/images/jcassidy/NARC-B35834%20b.jpg"]},{"from":219,"to":219,"title":"LEIC-5B8CE6: A coin issued by Elagabalus","image_urls":["https://finds.org.uk/images/wscott/1684.JPG"]},{"from":219,"to":219,"title":"SF-4CD101: A coin issued by Elagabalus","image_urls":["https://finds.org.uk/images/abrown/Isleham_SF-4CD101.jpg"]},{"from":219,"to":219,"title":"SOM-262E28: A coin issued by Elagabalus","image_urls":["https://finds.org.uk/images/kmarsden/SOM-262E28.JPG"]},{"from":219,"to":219,"title":"WMID-FE91A5: A coin issued by Elagabalus","image_urls":["https://finds.org.uk/images/dslarke/ras%20rx1%201008%20copy.jpg"]},{"from":219,"to":219,"title":"SWYOR-BAC514: A coin issued by Elagabalus","image_urls":["https://finds.org.uk/images/acooper/PAS_1316_denarius_standing.jpg"]},{"from":219,"to":219,"title":"SWYOR-513113: A coin issued by Elagabalus","image_urls":["https://finds.org.uk/images/acooper/PAS_1071_roman_coin.jpg"]},{"from":219,"to":219,"title":"CORN-D4E043: A coin issued by Elagabalus","image_urls":["https://finds.org.uk/images/atyacke/Elagabalusden219obv.jpg"]},{"from":219,"to":220,"title":"HAMP-21FC97: A coin issued by Julia Paula","image_urls":["https://finds.org.uk/images/rwebley/HAMP-21FC97JuliaPauladenarius.jpg"]},{"from":219,"to":220,"title":"NLM-5D71D6: A coin issued by Julia Paula","image_urls":["https://finds.org.uk/images/mforeman/NLM16023.jpg"]},{"from":219,"to":219,"title":"WILT-EA95C0: A coin issued by Elagabalus","image_urls":["https://finds.org.uk/images/khinds/Parfitt0907elagabalus.jpg"]},{"from":219,"to":219,"title":"YORYM-C2C1F7: A coin issued by Elagabalus","image_urls":["https://finds.org.uk/images/bmorris/WS0203.jpg"]},{"from":219,"to":219,"title":"ESS-92AB15: A coin issued by Elagabalus","image_urls":["https://finds.org.uk/images/bpaites/Antoninuspiusdenarius.jpg"]},{"from":219,"to":219,"title":"WAW-4B4A54: A coin issued by Elagabalus","image_urls":["https://finds.org.uk/images/abolton/WAW-4B4A54.JPG"]},{"from":219,"to":219,"title":"DOR-2F0545: A coin issued by Elagabalus","image_urls":["https://finds.org.uk/images/caht/2F0545.jpg"]},{"from":219,"to":219,"title":"BM-F47B54: A coin issued by Elagabalus","image_urls":["https://finds.org.uk/images/jasonlundock/5254a.jpg"]},{"from":219,"to":219,"title":"NARC-ABB0E6: A coin issued by Elagabalus","image_urls":["https://finds.org.uk/images/tbrindle/NARC-ABB0E6.jpg"]},{"from":219,"to":220,"title":"RIC IV Elagabalus 211. 1985.140.176","image_urls":["http://numismatics.org/collectionimages/19501999/1985/1985.140.176.rev.width350.jpg"]},{"from":219,"to":220,"title":"Silver Denarius, Rome, AD 219 - AD 220. 2015.12.22","image_urls":["http://numismatics.org/collectionimages/20002049/2015/2015.12.22.rev.width350.jpg"]},{"from":219,"to":220,"title":"RIC IV Elagabalus 211. 1944.100.52414","image_urls":["http://numismatics.org/collectionimages/19001949/1944/1944.100.52414.rev.width350.jpg"]},{"from":219,"to":220,"title":"RIC IV Elagabalus 211. 1948.19.1797","image_urls":["http://numismatics.org/collectionimages/19001949/1948/1948.19.1797.rev.width350.jpg"]},{"from":219,"to":220,"title":"RIC IV Elagabalus 378. 1948.19.1795","image_urls":["http://numismatics.org/collectionimages/19001949/1948/1948.19.1795.rev.width350.jpg"]},{"from":219,"to":220,"title":"RIC IV Elagabalus 378. 1944.100.52413","image_urls":["http://numismatics.org/collectionimages/19001949/1944/1944.100.52413.rev.width350.jpg"]},{"from":219,"to":220,"title":"RIC IV Elagabalus 222. 1948.19.1798","image_urls":["http://numismatics.org/collectionimages/19001949/1948/1948.19.1798.rev.width350.jpg"]},{"from":219,"to":222,"title":"Silver Tetradrachm, Antioch, AD 219 - AD 222. 1944.100.65982","image_urls":["http://numismatics.org/collectionimages/19001949/1944/1944.100.65982.rev.width350.jpg"]},{"from":219,"to":220,"title":"RIC IV Elagabalus 211. 1935.117.650","image_urls":["http://numismatics.org/collectionimages/19001949/1935/1935.117.650.rev.width350.jpg"]},{"from":219,"to":220,"title":"RIC IV Elagabalus 381. 1944.100.52434","image_urls":["http://numismatics.org/collectionimages/19001949/1944/1944.100.52434.rev.width350.jpg"]},{"from":219,"to":220,"title":"RIC IV Elagabalus 211. 1960.170.400","image_urls":["http://numismatics.org/collectionimages/19501999/1960/1960.170.400.rev.width350.jpg"]},{"from":219,"to":220,"title":"Silver Denarius, Rome, AD 219 - AD 220. 2015.12.21","image_urls":["http://numismatics.org/collectionimages/20002049/2015/2015.12.21.rev.width350.jpg"]},{"from":219,"to":220,"title":"RIC IV Elagabalus 211. 1987.26.216","image_urls":["http://numismatics.org/collectionimages/19501999/1987/1987.26.216.rev.width350.jpg"]},{"from":219,"to":220,"title":"RIC IV Elagabalus 222. 1944.100.52421","image_urls":["http://numismatics.org/collectionimages/19001949/1944/1944.100.52421.rev.width350.jpg"]},{"from":219,"to":220,"title":"RIC IV Elagabalus 222. 1944.100.52418","image_urls":["http://numismatics.org/collectionimages/19001949/1944/1944.100.52418.rev.width350.jpg"]},{"from":219,"to":220,"title":"RIC IV Elagabalus 387. 1995.110.4","image_urls":["http://numismatics.org/collectionimages/19501999/1995/1995.110.4.rev.width350.jpg"]},{"from":219,"to":222,"title":"Silver Tetradrachm, Antioch, AD 219 - AD 222. 1944.100.65989","image_urls":["http://numismatics.org/collectionimages/19001949/1944/1944.100.65989.rev.width350.jpg"]},{"from":219,"to":220,"title":"RIC IV Elagabalus 211. 1948.19.1796","image_urls":["http://numismatics.org/collectionimages/19001949/1948/1948.19.1796.rev.width350.jpg"]},{"from":219,"to":220,"title":"RIC IV Elagabalus 222. 1935.117.649","image_urls":["http://numismatics.org/collectionimages/19001949/1935/1935.117.649.rev.width350.jpg"]},{"from":219,"to":220,"title":"RIC IV Elagabalus 214. 1905.57.581","image_urls":["http://numismatics.org/collectionimages/19001949/1905/1905.57.581.rev.width350.jpg"]},{"from":219,"to":220,"title":"Bronze Coin, Caesareia ad Libanum, AD 219 - AD 220. 1944.100.70927","image_urls":["http://numismatics.org/collectionimages/19001949/1944/1944.100.70927.rev.width350.jpg"]},{"from":219,"to":220,"title":"Bronze Coin, Sidon, AD 219 - AD 220. 1944.100.71806","image_urls":["http://numismatics.org/collectionimages/19001949/1944/1944.100.71806.rev.width350.jpg"]},{"from":219,"to":220,"title":"Bronze Coin, Tripolis, AD 219 - AD 220. 1944.100.72624","image_urls":["http://numismatics.org/collectionimages/19001949/1944/1944.100.72624.rev.width350.jpg"]},{"from":219,"to":220,"title":"RIC IV Elagabalus 211. 1995.11.1149","image_urls":["http://numismatics.org/collectionimages/19501999/1995/1995.11.1149.rev.width350.jpg"]},{"from":219,"to":220,"title":"RIC IV Elagabalus 211. 1944.100.52416","image_urls":["http://numismatics.org/collectionimages/19001949/1944/1944.100.52416.rev.width350.jpg"]},{"from":219,"to":220,"title":"RIC IV Elagabalus 211. 1944.100.52415","image_urls":["http://numismatics.org/collectionimages/19001949/1944/1944.100.52415.rev.width350.jpg"]},{"from":219,"to":220,"title":"Silver Tetradrachm, Seleuceia ad Tigrim, AD 219 - AD 220. 1944.100.83526","image_urls":["http://numismatics.org/collectionimages/19001949/1944/1944.100.83526.rev.width350.jpg"]},{"from":219,"to":220,"title":"RIC IV Elagabalus 211. 1941.131.904","image_urls":["http://numismatics.org/collectionimages/19001949/1941/1941.131.904.rev.width350.jpg"]},{"from":219,"to":220,"title":"RIC IV Elagabalus 214. 1948.19.1799","image_urls":["http://numismatics.org/collectionimages/19001949/1948/1948.19.1799.rev.width350.jpg"]},{"from":219,"to":220,"title":"RIC IV Elagabalus 381. 1935.117.654","image_urls":["http://numismatics.org/collectionimages/19001949/1935/1935.117.654.rev.width350.jpg"]},{"from":219,"to":220,"title":"RIC IV Elagabalus 214. 2004.32.6","image_urls":["http://numismatics.org/collectionimages/20002049/2004/2004.32.6.rev.width350.jpg"]},{"from":219,"to":220,"title":"RIC IV Elagabalus 211. 1944.100.52417","image_urls":["http://numismatics.org/collectionimages/19001949/1944/1944.100.52417.rev.width350.jpg"]},{"from":219,"to":220,"title":"Bronze Coin, Sidon, AD 219 - AD 220. 1944.100.71805","image_urls":["http://numismatics.org/collectionimages/19001949/1944/1944.100.71805.rev.width350.jpg"]},{"from":219,"to":220,"title":"RIC IV Elagabalus 214. 1935.117.651","image_urls":["http://numismatics.org/collectionimages/19001949/1935/1935.117.651.rev.width350.jpg"]},{"from":219,"to":222,"title":"Silver Tetradrachm, Antioch, AD 219 - AD 222. 1911.87.21","image_urls":["http://numismatics.org/collectionimages/19001949/1911/1911.87.21.rev.width350.jpg"]},{"from":219,"to":220,"title":"RIC IV Elagabalus 216. 1944.100.52420","image_urls":["http://numismatics.org/collectionimages/19001949/1944/1944.100.52420.rev.width350.jpg"]},{"from":219,"to":220,"title":"RIC IV Elagabalus 211. 1944.100.52419","image_urls":["http://numismatics.org/collectionimages/19001949/1944/1944.100.52419.rev.width350.jpg"]},{"from":219,"to":220,"title":"RIC IV Elagabalus 211. 1985.5.8","image_urls":["http://numismatics.org/collectionimages/19501999/1985/1985.5.8.rev.width350.jpg"]},{"from":219,"to":220,"title":"RIC IV Elagabalus 211. 1905.57.580","image_urls":["http://numismatics.org/collectionimages/19001949/1905/1905.57.580.rev.width350.jpg"]},{"from":219,"to":220,"title":"RIC IV Elagabalus 387. 1944.100.52435","image_urls":["http://numismatics.org/collectionimages/19001949/1944/1944.100.52435.rev.width350.jpg"]}]