[{"from":22,"to":30,"title":"As of Tiberius, Rome, A.D. 22-30. 1989.19.8.","image_urls":["http://coins.lib.virginia.edu/images/coins/screen/n1989_19_8_rev.jpg"]},{"from":22,"to":23,"title":"Sestertius of Tiberius, Rome, A.D. 22-23. 1989.19.10.","image_urls":["http://coins.lib.virginia.edu/images/coins/screen/n1989_19_10_rev.jpg"]},{"from":22,"to":23,"title":"As of Tiberius, Rome, A.D. 22-23. 1994.10.1.","image_urls":["http://coins.lib.virginia.edu/images/coins/screen/n1994_10_1_rev.jpg"]},{"from":22,"to":23,"title":"SOM-BADDC1: A coin issued by Tiberius","image_urls":["https://finds.org.uk/images/npayne/BADDC1.JPG"]},{"from":22,"to":30,"title":"LEIC-26F2B2: A coin issued by Tiberius","image_urls":["https://finds.org.uk/images/wscott/26F2B2.JPG"]},{"from":22,"to":30,"title":"RIC I (second edition) Tiberius 81. 1944.100.39269","image_urls":["http://numismatics.org/collectionimages/19001949/1944/1944.100.39269.rev.width350.jpg"]},{"from":22,"to":23,"title":"Bronze As of Tiberius, Rome, AD 22 - AD 23. 1944.100.53412","image_urls":["http://numismatics.org/collectionimages/19001949/1944/1944.100.53412.rev.width350.jpg"]},{"from":22,"to":30,"title":"RIC I (second edition) Tiberius 81. 1944.100.39224","image_urls":["http://numismatics.org/collectionimages/19001949/1944/1944.100.39224.rev.width350.jpg"]},{"from":22,"to":23,"title":"RIC I (second edition) Tiberius 51. 1978.64.391","image_urls":["http://numismatics.org/collectionimages/19501999/1978/1978.64.391.rev.width350.jpg"]},{"from":22,"to":26,"title":"RIC I (second edition) Tiberius 79. 1957.172.1508","image_urls":["http://numismatics.org/collectionimages/19501999/1957/1957.172.1508.rev.width350.jpg"]},{"from":22,"to":23,"title":"RIC I (second edition) Tiberius 46. 1995.11.1663","image_urls":["http://numismatics.org/collectionimages/19501999/1995/1995.11.1663.rev.width350.jpg"]},{"from":22,"to":23,"title":"RIC I (second edition) Tiberius 45. 1957.172.1519","image_urls":["http://numismatics.org/collectionimages/19501999/1957/1957.172.1519.rev.width350.jpg"]},{"from":22,"to":23,"title":"RIC I (second edition) Tiberius 46. 1944.100.39280","image_urls":["http://numismatics.org/collectionimages/19001949/1944/1944.100.39280.rev.width350.jpg"]},{"from":22,"to":23,"title":"RIC I (second edition) Tiberius 43. 1944.100.39289","image_urls":["http://numismatics.org/collectionimages/19001949/1944/1944.100.39289.rev.width350.jpg"]},{"from":22,"to":30,"title":"RIC I (second edition) Tiberius 81. 1957.172.1511","image_urls":["http://numismatics.org/collectionimages/19501999/1957/1957.172.1511.rev.width350.jpg"]},{"from":22,"to":30,"title":"RIC I (second edition) Tiberius 81. 1944.100.39225","image_urls":["http://numismatics.org/collectionimages/19001949/1944/1944.100.39225.rev.width350.jpg"]},{"from":22,"to":23,"title":"RIC I (second edition) Tiberius 43. 1947.2.419","image_urls":["http://numismatics.org/collectionimages/19001949/1947/1947.2.419.rev.width350.jpg"]},{"from":22,"to":26,"title":"RIC I (second edition) Tiberius 79. 1944.100.39219","image_urls":["http://numismatics.org/collectionimages/19001949/1944/1944.100.39219.rev.width350.jpg"]},{"from":22,"to":23,"title":"RIC I (second edition) Tiberius 44. 1944.100.39287","image_urls":["http://numismatics.org/collectionimages/19001949/1944/1944.100.39287.rev.width350.jpg"]},{"from":22,"to":23,"title":"RIC I (second edition) Tiberius 48. 1944.100.39212","image_urls":["http://numismatics.org/collectionimages/19001949/1944/1944.100.39212.rev.width350.jpg"]},{"from":22,"to":23,"title":"RIC I (second edition) Tiberius 51. 1957.172.1516","image_urls":["http://numismatics.org/collectionimages/19501999/1957/1957.172.1516.rev.width350.jpg"]},{"from":22,"to":30,"title":"RIC I (second edition) Tiberius 81. 0000.999.16786","image_urls":["http://numismatics.org/collectionimages/00001899/0000/0000.999.16786.rev.width350.jpg"]},{"from":22,"to":23,"title":"RIC I (second edition) Tiberius 74. 1944.100.39218","image_urls":["http://numismatics.org/collectionimages/19001949/1944/1944.100.39218.rev.width350.jpg"]},{"from":22,"to":23,"title":"RIC I (second edition) Tiberius 44. 1947.2.418","image_urls":["http://numismatics.org/collectionimages/19001949/1947/1947.2.418.rev.width350.jpg"]},{"from":22,"to":23,"title":"RIC I (second edition) Tiberius 49. 1932.12.16","image_urls":["http://numismatics.org/collectionimages/19001949/1932/1932.12.16.rev.width350.jpg"]},{"from":22,"to":23,"title":"RIC I (second edition) Tiberius 45. 1944.100.39292","image_urls":["http://numismatics.org/collectionimages/19001949/1944/1944.100.39292.rev.width350.jpg"]},{"from":22,"to":23,"title":"RIC I (second edition) Tiberius 44. 1944.100.39286","image_urls":["http://numismatics.org/collectionimages/19001949/1944/1944.100.39286.rev.width350.jpg"]},{"from":22,"to":30,"title":"RIC I (second edition) Tiberius 81. 1916.192.166","image_urls":["http://numismatics.org/collectionimages/19001949/1916/1916.192.166.rev.width350.jpg"]},{"from":22,"to":23,"title":"RIC I (second edition) Tiberius 8. 1956.184.18","image_urls":["http://numismatics.org/collectionimages/19501999/1956/1956.184.18.rev.width350.jpg"]},{"from":22,"to":23,"title":"RIC I (second edition) Tiberius 45. 1944.100.39291","image_urls":["http://numismatics.org/collectionimages/19001949/1944/1944.100.39291.rev.width350.jpg"]},{"from":22,"to":23,"title":"RIC I (second edition) Tiberius 42. 1957.172.1518","image_urls":["http://numismatics.org/collectionimages/19501999/1957/1957.172.1518.rev.width350.jpg"]},{"from":22,"to":23,"title":"RIC I (second edition) Tiberius 51. 1944.100.39279","image_urls":["http://numismatics.org/collectionimages/19001949/1944/1944.100.39279.rev.width350.jpg"]},{"from":22,"to":26,"title":"RIC I (second edition) Tiberius 79. 1944.100.39220","image_urls":["http://numismatics.org/collectionimages/19001949/1944/1944.100.39220.rev.width350.jpg"]},{"from":22,"to":23,"title":"RIC I (second edition) Tiberius 48. 1935.117.358","image_urls":["http://numismatics.org/collectionimages/19001949/1935/1935.117.358.rev.width350.jpg"]},{"from":22,"to":23,"title":"RIC I (second edition) Tiberius 44. 1944.100.39285","image_urls":["http://numismatics.org/collectionimages/19001949/1944/1944.100.39285.rev.width350.jpg"]},{"from":22,"to":23,"title":"RIC I (second edition) Tiberius 45. 1951.61.32","image_urls":["http://numismatics.org/collectionimages/19501999/1951/1951.61.32.rev.width350.jpg"]},{"from":22,"to":30,"title":"RIC I (second edition) Tiberius 81. 1974.26.602","image_urls":["http://numismatics.org/collectionimages/19501999/1974/1974.26.602.rev.width350.jpg"]},{"from":22,"to":23,"title":"RIC I (second edition) Tiberius 43. 1964.79.12","image_urls":["http://numismatics.org/collectionimages/19501999/1964/1964.79.12.rev.width350.jpg"]},{"from":22,"to":23,"title":"RIC I (second edition) Tiberius 47. 1905.57.287","image_urls":["http://numismatics.org/collectionimages/19001949/1905/1905.57.287.rev.width350.jpg"]},{"from":22,"to":23,"title":"RIC I (second edition) Tiberius 77. 1944.100.39217","image_urls":["http://numismatics.org/collectionimages/19001949/1944/1944.100.39217.rev.width350.jpg"]},{"from":22,"to":30,"title":"RIC I (second edition) Tiberius 81. 2004.14.76","image_urls":["http://numismatics.org/collectionimages/20002049/2004/2004.14.76.rev.width350.jpg"]},{"from":22,"to":23,"title":"RIC I (second edition) Tiberius 46. 1953.171.1072","image_urls":["http://numismatics.org/collectionimages/19501999/1953/1953.171.1072.rev.width350.jpg"]},{"from":22,"to":23,"title":"RIC I (second edition) Tiberius 47. 1992.121.76","image_urls":["http://numismatics.org/collectionimages/19501999/1992/1992.121.76.rev.width350.jpg"]},{"from":22,"to":23,"title":"RIC I (second edition) Tiberius 48. 1944.100.39277","image_urls":["http://numismatics.org/collectionimages/19001949/1944/1944.100.39277.rev.width350.jpg"]},{"from":22,"to":30,"title":"RIC I (second edition) Tiberius 81. 1937.158.458","image_urls":["http://numismatics.org/collectionimages/19001949/1937/1937.158.458.rev.width350.jpg"]},{"from":22,"to":30,"title":"RIC I (second edition) Tiberius 81. 1916.192.167","image_urls":["http://numismatics.org/collectionimages/19001949/1916/1916.192.167.rev.width350.jpg"]},{"from":22,"to":30,"title":"RIC I (second edition) Tiberius 81. 1944.100.39226","image_urls":["http://numismatics.org/collectionimages/19001949/1944/1944.100.39226.rev.width350.jpg"]},{"from":22,"to":23,"title":"RIC I (second edition) Tiberius 43. 2000.5.5","image_urls":["http://numismatics.org/collectionimages/20002049/2000/2000.5.5.rev.width350.jpg"]},{"from":22,"to":23,"title":"RIC I (second edition) Tiberius 49. 1944.100.39213","image_urls":["http://numismatics.org/collectionimages/19001949/1944/1944.100.39213.rev.width350.jpg"]},{"from":22,"to":30,"title":"RIC I (second edition) Tiberius 81. 1944.100.39222","image_urls":["http://numismatics.org/collectionimages/19001949/1944/1944.100.39222.rev.width350.jpg"]},{"from":22,"to":23,"title":"RIC I (second edition) Tiberius 47. 1929.66.10","image_urls":["http://numismatics.org/collectionimages/19001949/1929/1929.66.10.rev.width350.jpg"]},{"from":22,"to":23,"title":"RIC I (second edition) Tiberius 45. 1916.192.168","image_urls":["http://numismatics.org/collectionimages/19001949/1916/1916.192.168.rev.width350.jpg"]},{"from":22,"to":23,"title":"RIC I (second edition) Tiberius 48. 1887.9.1","image_urls":["http://numismatics.org/collectionimages/00001899/1887/1887.9.1.rev.width350.jpg"]},{"from":22,"to":23,"title":"RIC I (second edition) Tiberius 74. 1953.171.1315","image_urls":["http://numismatics.org/collectionimages/19501999/1953/1953.171.1315.rev.width350.jpg"]},{"from":22,"to":23,"title":"RIC I (second edition) Tiberius 47. 1944.100.39281","image_urls":["http://numismatics.org/collectionimages/19001949/1944/1944.100.39281.rev.width350.jpg"]},{"from":22,"to":23,"title":"RIC I (second edition) Tiberius 51. 1944.100.39278","image_urls":["http://numismatics.org/collectionimages/19001949/1944/1944.100.39278.rev.width350.jpg"]},{"from":22,"to":23,"title":"RIC I (second edition) Tiberius 42. 1944.100.39288","image_urls":["http://numismatics.org/collectionimages/19001949/1944/1944.100.39288.rev.width350.jpg"]},{"from":22,"to":23,"title":"Bronze As, Rome, AD 22 - AD 23. 2015.12.8","image_urls":["http://numismatics.org/collectionimages/20002049/2015/2015.12.8.rev.width350.jpg"]},{"from":22,"to":23,"title":"RIC I (second edition) Tiberius 48. 1995.11.1616","image_urls":["http://numismatics.org/collectionimages/19501999/1995/1995.11.1616.rev.width350.jpg"]}]