[{"from":221,"to":235,"title":"BH-1BD2ED: A coin issued by Julia Mamaea","image_urls":["https://finds.org.uk/images/jwatters/Roman_coin_15_36_50.jpg"]},{"from":221,"to":235,"title":"PUBLIC-36C1E3: A coin issued by Julia Mamaea","image_urls":["https://finds.org.uk/images/mdlmarshall2/PUBLIC-36C1E3%20JuliaMameadenarius.jpg"]},{"from":221,"to":221,"title":"YORYM-C04675: A coin issued by Elagabalus","image_urls":["https://finds.org.uk/images/rebeccam/SS0169.jpg"]},{"from":221,"to":235,"title":"LEIC-971391: A coin issued by Julia Mamaea","image_urls":["https://finds.org.uk/images/teeosw/LEIC-971391.jpg"]},{"from":221,"to":222,"title":"LEIC-190542: A coin issued by Elagabalus","image_urls":["https://finds.org.uk/images/wscott/190542.JPG"]},{"from":221,"to":235,"title":"WILT-615DE8: A coin issued by Julia Mamaea","image_urls":["https://finds.org.uk/images/rhenry2/WILT615DE8.jpg"]},{"from":221,"to":221,"title":"SWYOR-284C26: A coin issued by Elagabalus","image_urls":["https://finds.org.uk/images/acooper/PAS_1451_denarius.jpg"]},{"from":221,"to":235,"title":"WAW-D5F465: A coin issued by Julia Mamaea","image_urls":["https://finds.org.uk/images/eloisemarkwick/WAW-D5F465.jpg"]},{"from":221,"to":235,"title":"YORYM-981D27: A coin issued by Julia Mamaea","image_urls":["https://finds.org.uk/images/bmorris/MPS0055.jpg"]},{"from":221,"to":222,"title":"LEIC-DC7D94: A coin issued by Elagabalus","image_urls":["https://finds.org.uk/images/wscott/DC7D94.JPG"]},{"from":221,"to":235,"title":"NARC-3CE422: A coin issued by Julia Mamaea","image_urls":["https://finds.org.uk/images/rwebley/NARC-3CE422denariusobv.jpg"]},{"from":221,"to":235,"title":"DOR-771827: A coin issued by Julia Mamaea","image_urls":["https://finds.org.uk/images/caht/771827.jpg"]},{"from":221,"to":235,"title":"NLM-532C88: A coin issued by Julia Mamaea","image_urls":["https://finds.org.uk/images/mforeman/NLM15692.jpg"]},{"from":221,"to":235,"title":"YORYM-5E94EB: A coin issued by Julia Mamaea","image_urls":["https://finds.org.uk/images/bmorris/JAB0035.jpg"]},{"from":221,"to":221,"title":"BM-60D5F1: A coin issued by Elagabalus","image_urls":["https://finds.org.uk/images/jasonlundock/5152.jpg"]},{"from":221,"to":222,"title":"DUR-247388: A coin issued by Julia Mamaea","image_urls":["https://finds.org.uk/images/emorris/DUR-247388.jpg"]},{"from":221,"to":235,"title":"HAMP-BD0222: A coin issued by Julia Mamaea","image_urls":["https://finds.org.uk/images/jojocole/HAMP-BD0222.jpg"]},{"from":221,"to":235,"title":"ESS-500BC0: A coin issued by Julia Mamaea","image_urls":["https://finds.org.uk/images/lmclean/ESS-500BC0.jpg"]},{"from":221,"to":221,"title":"YORYM-D4F093: A coin issued by Elagabalus","image_urls":["https://finds.org.uk/images/bmorris/JCY0078.jpg"]},{"from":221,"to":223,"title":"HAMP-1CCD66: A coin issued by Constantine I","image_urls":["https://finds.org.uk/images/ellysg1/ConstantineInummus.jpg"]},{"from":221,"to":235,"title":"YORYM-1DD685: A coin issued by Julia Mamaea","image_urls":["https://finds.org.uk/images/ellie/BB%20744.jpg"]},{"from":221,"to":222,"title":"LVPL-27B365: A coin issued by Severus Alexander","image_urls":["https://finds.org.uk/images/voakden/LVPL-27B365.jpg"]},{"from":221,"to":235,"title":"YORYM-D06C14: A coin issued by Julia Mamaea","image_urls":["https://finds.org.uk/images/bmorris/CSB0003.jpg"]},{"from":221,"to":235,"title":"DUR-B4D426: A coin issued by Julia Mamaea","image_urls":["https://finds.org.uk/images/a8622912/DUR-B4D426.jpg"]},{"from":221,"to":221,"title":"NCL-B289F5: A coin issued by Elagabalus","image_urls":["https://finds.org.uk/images/pwalton/572.jpg"]},{"from":221,"to":221,"title":"BM-51B9C6: A coin issued by Elagabalus","image_urls":["https://finds.org.uk/images/jasonlundock/5496.jpg"]},{"from":221,"to":235,"title":"YORYM-9ABD06: A coin issued by Julia Mamaea","image_urls":["https://finds.org.uk/images/bmorris/BL1200.jpg"]},{"from":221,"to":222,"title":"LEIC-8D3122: A coin issued by Elagabalus","image_urls":["https://finds.org.uk/images/wscott/8D3122.JPG"]},{"from":221,"to":221,"title":"SF-882097: A coin issued by Elagabalus","image_urls":["https://finds.org.uk/images/abrown/FSF_SF882097.jpg"]},{"from":221,"to":225,"title":"NLM-4C1C24: A coin issued by Julia Mamaea","image_urls":["https://finds.org.uk/images/mforeman/NLM23959.jpg"]},{"from":221,"to":235,"title":"NCL-2C2794: A coin issued by Julia Mamaea","image_urls":["https://finds.org.uk/images/rcollins/NCL-2C2794.JPG"]},{"from":221,"to":235,"title":"HAMP-ADACC7: A coin issued by Julia Mamaea","image_urls":["https://finds.org.uk/images/awillishamp/HAMP-ADACC7.jpg"]},{"from":221,"to":221,"title":"BM-F432A1: A coin issued by Elagabalus","image_urls":["https://finds.org.uk/images/jasonlundock/5241.jpg"]},{"from":221,"to":235,"title":"ESS-A649D8: A coin issued by Julia Mamaea","image_urls":["https://finds.org.uk/images/lmclean/ESS-A649D8%20Radiate%20Julia%20Mamaea%20copy.jpg"]},{"from":221,"to":222,"title":"NCL-712036: A coin issued by Elagabalus","image_urls":["https://finds.org.uk/images/pwalton/1062.jpg"]},{"from":221,"to":221,"title":"NCL-B734C2: A coin issued by Elagabalus","image_urls":["https://finds.org.uk/images/pwalton/elagjohnmerg.jpg"]},{"from":221,"to":260,"title":"NCL-205BF4: A coin issued by Julia Mamaea","image_urls":["https://finds.org.uk/images/pwalton/895.jpg"]},{"from":221,"to":235,"title":"SF-A68653: A coin issued by Julia Mamaea","image_urls":["https://finds.org.uk/images/abrown/WMH_SF-A68653.jpg"]},{"from":221,"to":222,"title":"SOM-2E0090: A coin issued by Elagabalus","image_urls":["https://finds.org.uk/images/elburnett/SOM-2E0090.jpg"]},{"from":221,"to":235,"title":"NCL-213FD3: A coin issued by Julia Mamaea","image_urls":["https://finds.org.uk/images/dgumby/1153.jpg"]},{"from":221,"to":235,"title":"DOR-BC9492: A coin issued by Julia Mamaea","image_urls":["https://finds.org.uk/images/caht/BC9492.jpg"]},{"from":221,"to":221,"title":"HAMP-640DF8: A coin issued by Elagabalus","image_urls":["https://finds.org.uk/images/khindshamp/HAMP640DF8.jpg"]},{"from":221,"to":235,"title":"SF-1EC7C8: A coin issued by Julia Mamaea","image_urls":["https://finds.org.uk/images/abrown/Snetterton_SF1EC7C8.jpg"]},{"from":221,"to":222,"title":"Bronze Coin, Odessus, AD 221 - AD 222. 1997.32.117","image_urls":["http://numismatics.org/collectionimages/19501999/1997/1997.32.117.rev.width350.jpg"]},{"from":221,"to":222,"title":"Bronze Coin, Odessus, AD 221 - AD 222. 1997.32.116","image_urls":["http://numismatics.org/collectionimages/19501999/1997/1997.32.116.rev.width350.jpg"]},{"from":221,"to":222,"title":"Bronze Coin, Odessus, AD 221 - AD 222. 1997.32.115","image_urls":["http://numismatics.org/collectionimages/19501999/1997/1997.32.115.rev.width350.jpg"]},{"from":221,"to":222,"title":"Silver Tetradrachm, Seleuceia ad Tigrim, AD 221 - AD 222. 1944.100.83528","image_urls":["http://numismatics.org/collectionimages/19001949/1944/1944.100.83528.rev.width350.jpg"]},{"from":221,"to":222,"title":"Bronze Dichalque, Caesareia ad Libanum, AD 221 - AD 222. 1992.54.820","image_urls":["http://numismatics.org/collectionimages/19501999/1992/1992.54.820.rev.width350.jpg"]}]