[{"from":222,"to":235,"title":"Sestertius of Severus Alexander, Rome, 222-235. 1994.10.10.","image_urls":["http://coins.lib.virginia.edu/images/coins/screen/n1994_10_10_rev.jpg"]},{"from":222,"to":228,"title":"Denarius of Severus Alexander, Rome, 222-235. 1989.19.19.","image_urls":["http://coins.lib.virginia.edu/images/coins/screen/n1989_19_19_rev.jpg"]},{"from":222,"to":231,"title":"SF-57CE3B: A coin issued by Severus Alexander","image_urls":["https://finds.org.uk/images/abrown/WMH_SF57CE3B.jpg"]},{"from":222,"to":235,"title":"SUR-603702: A coin issued by Julia Mamaea","image_urls":["https://finds.org.uk/images/margaretb/11-981.jpg"]},{"from":222,"to":235,"title":"FAPJW-607B42: A coin issued by Julia Mamaea","image_urls":["https://finds.org.uk/images/pwalton/7005.jpg"]},{"from":222,"to":228,"title":"WAW-F223E3: A coin issued by Severus Alexander","image_urls":["https://finds.org.uk/images/abolton/WAW-F223E3%20.JPG"]},{"from":222,"to":222,"title":"SOM-A2B5D3: A coin issued by Severus Alexander","image_urls":["https://finds.org.uk/images/elburnett/SOM-A2B5D3.JPG"]},{"from":222,"to":235,"title":"LANCUM-7F78B0: A coin issued by Julia Mamaea","image_urls":["https://finds.org.uk/images/fsimpson/DSCN0641.JPG"]},{"from":222,"to":235,"title":"SUSS-54AAC7: A coin issued by Severus Alexander","image_urls":["https://finds.org.uk/images/lburnett/SUSS-54AAC7.JPG"]},{"from":222,"to":222,"title":"SF-5AEEE6: A coin issued by Severus Alexander","image_urls":["https://finds.org.uk/images/jcarr/HCH%20SF-5AEEE6.jpg"]},{"from":222,"to":228,"title":"WILT-89C1C7: A coin issued by Severus Alexander","image_urls":["https://finds.org.uk/images/rhenry2/WILT-89C1C7.jpg"]},{"from":222,"to":228,"title":"NCL-565CB6: A coin issued by Severus Alexander","image_urls":["https://finds.org.uk/images/pwalton/812.jpg"]},{"from":222,"to":235,"title":"NCL-01B558: A coin issued by Julia Mamaea","image_urls":["https://finds.org.uk/images/pwalton/1213.jpg"]},{"from":222,"to":238,"title":"FAPJW-CFE924: A coin issued by Julia Mamaea","image_urls":["https://finds.org.uk/images/pwalton/5017.jpg"]},{"from":222,"to":235,"title":"DOR-959A21: A coin issued by Severus Alexander","image_urls":["https://finds.org.uk/images/jshoemark2/006.jpg"]},{"from":222,"to":222,"title":"HAMP-D5CB52: A coin issued by Severus Alexander","image_urls":["https://finds.org.uk/images/khindshamp/HAMP-D5CB52.jpg"]},{"from":222,"to":235,"title":"LIN-A26ED1: A coin issued by Severus Alexander","image_urls":["https://finds.org.uk/images/adaubney/LIN2012-998.jpg"]},{"from":222,"to":235,"title":"FAKL-DAB456: A coin issued by Severus Alexander","image_urls":["https://finds.org.uk/images/kleahy/077.jpg"]},{"from":222,"to":235,"title":"YORYM-DD49C2: A coin issued by Julia Mamaea","image_urls":["https://finds.org.uk/images/law/RM0037.jpg"]},{"from":222,"to":235,"title":"HAMP-552E95: A coin issued by Severus Alexander","image_urls":["https://finds.org.uk/images/rhenry/HAMP-552E95.jpg"]},{"from":222,"to":235,"title":"YORYM-FD9A46: A coin issued by Julia Mamaea","image_urls":["https://finds.org.uk/images/law/KSB0035.jpg"]},{"from":222,"to":228,"title":"NLM-69D7A3: A coin issued by Severus Alexander","image_urls":["https://finds.org.uk/images/mforeman/NLM20618.jpg"]},{"from":222,"to":235,"title":"BM-EFA8F6: A coin issued by Julia Mamaea","image_urls":["https://finds.org.uk/images/jasonlundock/5216.jpg"]},{"from":222,"to":228,"title":"DENO-11D1C5: A coin issued by Severus Alexander","image_urls":["https://finds.org.uk/images/cburrill2/E6945_SeverusAlexander_Anonna_Denarius_.jpg"]},{"from":222,"to":228,"title":"BM-27D3B6: A coin issued by Severus Alexander","image_urls":["https://finds.org.uk/images/jasonlundock/1044.jpg"]},{"from":222,"to":235,"title":"SUR-3E0CB1: A coin issued by Severus Alexander","image_urls":["https://finds.org.uk/images/dwilliams/06.1119.JPG"]},{"from":222,"to":235,"title":"WAW-6C4E11: A coin issued by Julia Mamaea","image_urls":["https://finds.org.uk/images/abolton/WAW-6C4E11.jpg"]},{"from":222,"to":235,"title":"DOR-079063: A coin issued by Julia Mamaea","image_urls":["https://finds.org.uk/images/jshoemark2/164.jpg"]},{"from":222,"to":228,"title":"BM-F03AC8: A coin issued by Severus Alexander","image_urls":["https://finds.org.uk/images/jasonlundock/5209.jpg"]},{"from":222,"to":235,"title":"CAM-1A1B11: A coin issued by Severus Alexander","image_urls":["https://finds.org.uk/images/hfowler/CAM-1A1B11.jpg"]},{"from":222,"to":228,"title":"WILT-483EC4: A coin issued by Severus Alexander","image_urls":["https://finds.org.uk/images/khinds/Vanstone1008denarius.jpg"]},{"from":222,"to":231,"title":"HAMP-8D9971: A coin issued by Severus Alexander","image_urls":["https://finds.org.uk/images/craig/HAMP-8D9971.jpg"]},{"from":222,"to":235,"title":"NCL-0C2556: A coin issued by Julia Mamaea","image_urls":["https://finds.org.uk/images/pwalton/1502.jpg"]},{"from":222,"to":222,"title":"SF-31D041: A coin issued by Elagabalus","image_urls":["https://finds.org.uk/images/abrown/EYE_SF31D041.jpg"]},{"from":222,"to":228,"title":"YORYM-D95834: A coin issued by Severus Alexander","image_urls":["https://finds.org.uk/images/law/PRB0019.jpg"]},{"from":222,"to":228,"title":"PUBLIC-8C37D5: A coin issued by Severus Alexander","image_urls":["https://finds.org.uk/images/zoom/co.JPG"]},{"from":222,"to":235,"title":"CAM-EC5C21: A coin issued by Severus Alexander","image_urls":["https://finds.org.uk/images/hfowler/CAM-EC5C21.jpg"]},{"from":222,"to":235,"title":"YORYM-8D6EC7: A coin issued by Severus Alexander","image_urls":["https://finds.org.uk/images/law/BL0003.jpg"]},{"from":222,"to":228,"title":"HESH-0B6876: A coin issued by Severus Alexander","image_urls":["https://finds.org.uk/images/preavill/HESH-0B6876.jpg"]},{"from":222,"to":235,"title":"CAM-EAA412: A coin issued by Julia Mamaea","image_urls":["https://finds.org.uk/images/pjw/5004.jpg"]},{"from":222,"to":235,"title":"WMID-8BCB55: A coin issued by Julia Mamaea","image_urls":["https://finds.org.uk/images/tbrindle/WMID-8BCB55.jpg"]},{"from":222,"to":222,"title":"DENO-9FC115: A coin issued by Severus Alexander","image_urls":["https://finds.org.uk/images/ratherton/E7707_Rom_Coin_Dinarious_edited-1.jpg"]},{"from":222,"to":228,"title":"SUSS-A686B7: A coin issued by Severus Alexander","image_urls":["https://finds.org.uk/images/lwalker/SUSS-A686B7.JPG"]},{"from":222,"to":228,"title":"PUBLIC-D2DB22: A coin issued by Severus Alexander","image_urls":["https://finds.org.uk/images/calow1/FLE11.008.JPG"]},{"from":222,"to":235,"title":"FAPJW-09CEA2: A coin issued by Severus Alexander","image_urls":["https://finds.org.uk/images/pwalton/FAPJW_09CEA2bis_R.JPG"]},{"from":222,"to":228,"title":"SOM-7E5BC2: A coin issued by Severus Alexander","image_urls":["https://finds.org.uk/images/rwebley2/SOM-7E5BC2.JPG"]},{"from":222,"to":235,"title":"SUR-384CD2: A coin issued by Julia Mamaea","image_urls":["https://finds.org.uk/images/margaretb/SUR-384CD2julia.jpg"]},{"from":222,"to":228,"title":"SF-205851: A coin issued by Severus Alexander","image_urls":["https://finds.org.uk/images/abrown/WMH_SF-205851.jpg"]},{"from":222,"to":235,"title":"NCL-38A697: A coin issued by Julia Mamaea","image_urls":["https://finds.org.uk/images/pwalton/891.jpg"]},{"from":222,"to":235,"title":"WILT-B90868: A coin issued by Severus Alexander","image_urls":["https://finds.org.uk/images/rhenry2/WILT-B90868.jpg"]},{"from":222,"to":222,"title":"DUR-F457F2: A coin issued by Severus Alexander","image_urls":["https://finds.org.uk/images/frances/DUR-F457F2.jpg"]},{"from":222,"to":228,"title":"BERK-D94FE2: A coin issued by Severus Alexander","image_urls":["https://finds.org.uk/images/abyard/2010565.jpg"]},{"from":222,"to":235,"title":"SOM-6A9CF6: A coin issued by Severus Alexander","image_urls":["https://finds.org.uk/images/alicef/SOM-6A9CF6.JPG"]},{"from":222,"to":228,"title":"HESH-A4F695: A coin issued by Severus Alexander","image_urls":["https://finds.org.uk/images/preavill/HESH-A4F695%20.jpg"]},{"from":222,"to":235,"title":"SF-A04521: A coin issued by Severus Alexander","image_urls":["https://finds.org.uk/images/gstewart/CAM_SF-A04521.jpg"]},{"from":222,"to":235,"title":"GLO-1DE7F2: A coin issued by Severus Alexander","image_urls":["https://finds.org.uk/images/kadams/DSC_0436%20copy.jpg"]},{"from":222,"to":235,"title":"BERK-72DBF4: A coin issued by Julia Mamaea","image_urls":["https://finds.org.uk/images/abyard/DBartonMamaeaSest.jpg"]},{"from":222,"to":235,"title":"SUR-B9DA43: A coin issued by Severus Alexander","image_urls":["https://finds.org.uk/images/dwilliams/B13-434.JPG"]},{"from":222,"to":235,"title":"BM-F437D3: A coin issued by Severus Alexander","image_urls":["https://finds.org.uk/images/jasonlundock/5250.jpg"]},{"from":222,"to":228,"title":"YORYM-C3BA97: A coin issued by Severus Alexander","image_urls":["https://finds.org.uk/images/bethe/RoD0074.jpg"]},{"from":222,"to":238,"title":"BM-F458E7: A coin issued by Severus Alexander","image_urls":["https://finds.org.uk/images/jasonlundock/5278.jpg"]},{"from":222,"to":228,"title":"BM-5204A2: A coin issued by Severus Alexander","image_urls":["https://finds.org.uk/images/jasonlundock/5486.jpg"]},{"from":222,"to":222,"title":"DENO-0FE5F7: A coin issued by Severus Alexander","image_urls":["https://finds.org.uk/images/arohde/01%20denarius.jpg"]},{"from":222,"to":235,"title":"WAW-5E4727: A coin issued by Julia Mamaea","image_urls":["https://finds.org.uk/images/rshenry/WAW-5E4727.jpg"]},{"from":222,"to":235,"title":"IOW-2D86A6: A coin issued by Julia Mamaea","image_urls":["https://finds.org.uk/images/fbasford/IOW2008-2-132.JPG"]},{"from":222,"to":222,"title":"NCL-732916: A coin issued by Severus Alexander","image_urls":["https://finds.org.uk/images/pwalton/874.jpg"]},{"from":222,"to":235,"title":"DUR-339BF9: A coin issued by Severus Alexander","image_urls":["https://finds.org.uk/images/elliecox/DUR339BF9.jpg"]},{"from":222,"to":235,"title":"PAS-6780B2: A coin issued by Julia Mamaea","image_urls":["https://finds.org.uk/images/rwebley2/PAS6780B2.JPG"]},{"from":222,"to":235,"title":"YORYM-578563: A coin issued by Julia Mamaea","image_urls":["https://finds.org.uk/images/bmorris/YORYM-578563.jpg"]},{"from":222,"to":224,"title":"WMID-179BD1: A coin issued by Severus Alexander","image_urls":["https://finds.org.uk/images/cjohnson/WMID-179BD1.JPG"]},{"from":222,"to":235,"title":"NCL-764311: A coin issued by Julia Mamaea","image_urls":["https://finds.org.uk/images/pwalton/693.jpg"]},{"from":222,"to":222,"title":"SWYOR-233E93: A coin issued by Severus Alexander","image_urls":["https://finds.org.uk/images/sward/PAS%20512%20coin.jpg"]},{"from":222,"to":222,"title":"YORYM-D276B6: A coin issued by Elagabalus","image_urls":["https://finds.org.uk/images/yorkvol/RL0003.jpg"]},{"from":222,"to":235,"title":"CAM-EC24C6: A coin issued by Julia Mamaea","image_urls":["https://finds.org.uk/images/hfowler/CAM-EC24C6.jpg"]},{"from":222,"to":235,"title":"HAMP-45CA07: A coin issued by Severus Alexander","image_urls":["https://finds.org.uk/images/rwebley/HAMP-45CA07SeverusAlexandersestertius.jpg"]},{"from":222,"to":235,"title":"SUSS-9F6B56: A coin issued by Severus Alexander","image_urls":["https://finds.org.uk/images/lwilson/Istead-silver%20res.jpg"]},{"from":222,"to":222,"title":"FAPJW-2A5997: A coin issued by Severus Alexander","image_urls":["https://finds.org.uk/images/pwalton/9006.jpg"]},{"from":222,"to":235,"title":"SWYOR-23120A: A coin issued by Severus Alexander","image_urls":["https://finds.org.uk/images/acooper/PAS_2249_silver.jpg"]},{"from":222,"to":235,"title":"NCL-638A75: A coin issued by Julia Mamaea","image_urls":["https://finds.org.uk/images/pwalton/719.jpg"]},{"from":222,"to":235,"title":"YORYM-9769B1: A coin issued by Julia Mamaea","image_urls":["https://finds.org.uk/images/yorkvol/BL0723.jpg"]},{"from":222,"to":224,"title":"NCL-F51EF2: A coin issued by Severus Alexander","image_urls":["https://finds.org.uk/images/pwalton/5591.jpg"]},{"from":222,"to":235,"title":"NCL-36AFD0: A coin issued by Julia Mamaea","image_urls":["https://finds.org.uk/images/pwalton/880.jpg"]},{"from":222,"to":222,"title":"NMGW-1A5D75: A coin issued by Severus Alexander","image_urls":["https://finds.org.uk/images/rbattye/2005.131.5.jpg"]},{"from":222,"to":235,"title":"WILT-C649C3: A coin issued by Severus Alexander","image_urls":["https://finds.org.uk/images/janehanbidge/WILT-C649C3.jpg"]},{"from":222,"to":228,"title":"SF-6D7078: A coin issued by Severus Alexander","image_urls":["https://finds.org.uk/images/abrown/SEY%20SF-6D7078.jpg"]},{"from":222,"to":235,"title":"KENT-55F634: A coin issued by Severus Alexander","image_urls":["https://finds.org.uk/images/arichardson/Denarius%20obverse.JPG"]},{"from":222,"to":235,"title":"WILT-0FD2C3: A coin issued by Julia Mamaea","image_urls":["https://finds.org.uk/images/rhenry2/WILT-0FD2C3.jpg"]},{"from":222,"to":228,"title":"SOM-27C531: A coin issued by Severus Alexander","image_urls":["https://finds.org.uk/images/alicef/SOM-27C531.JPG"]},{"from":222,"to":235,"title":"NCL-55E9C5: A coin issued by Julia Mamaea","image_urls":["https://finds.org.uk/images/pwalton/SF720merg.jpg"]},{"from":222,"to":235,"title":"WILT-9207E7: A coin issued by Severus Alexander","image_urls":["https://finds.org.uk/images/awillis/WILT-9207E7.jpg"]},{"from":222,"to":235,"title":"PUBLIC-E4C583: A coin issued by Severus Alexander","image_urls":["https://finds.org.uk/images/calow1/FLE12.%20241.JPG"]},{"from":222,"to":228,"title":"LANCUM-0F6DD7: A coin issued by Severus Alexander","image_urls":["https://finds.org.uk/images/dboughton/BFMDGC0F6DD7.jpg"]},{"from":222,"to":228,"title":"NCL-A10023: A coin issued by Severus Alexander","image_urls":["https://finds.org.uk/images/pwalton/777.jpg"]},{"from":222,"to":224,"title":"SWYOR-6F4172: A coin issued by Severus Alexander","image_urls":["https://finds.org.uk/images/wakefield/PAS_586_denarius.jpg"]},{"from":222,"to":235,"title":"NCL-386C31: A coin issued by Julia Mamaea","image_urls":["https://finds.org.uk/images/pwalton/681.jpg"]},{"from":222,"to":228,"title":"BM-EF7B76: A coin issued by Severus Alexander","image_urls":["https://finds.org.uk/images/jasonlundock/5255.jpg"]},{"from":222,"to":228,"title":"BM-EF6624: A coin issued by Severus Alexander","image_urls":["https://finds.org.uk/images/jasonlundock/5277.jpg"]},{"from":222,"to":222,"title":"LVPL-1DD827: A coin issued by Severus Alexander","image_urls":["https://finds.org.uk/images/voakden/LVPL-1DD827.JPG"]},{"from":222,"to":235,"title":"WMID-0AB554: A coin issued by Julia Mamaea","image_urls":["https://finds.org.uk/images/tbrindle/WMID-0AB554.jpg"]},{"from":222,"to":235,"title":"WMID-9C2278: A coin issued by Severus Alexander","image_urls":["https://finds.org.uk/images/tgilmore/WMID-9C2278.jpg"]},{"from":222,"to":228,"title":"BM-60D065: A coin issued by Severus Alexander","image_urls":["https://finds.org.uk/images/jasonlundock/5153.jpg"]},{"from":222,"to":224,"title":"NARC-666147: A coin issued by Severus Alexander","image_urls":["https://finds.org.uk/images/jcassidy/666147%20a.jpg"]},{"from":222,"to":235,"title":"NCL-FC7B44: A coin issued by Julia Mamaea","image_urls":["https://finds.org.uk/images/pwalton/1184.jpg"]},{"from":222,"to":222,"title":"WMID-7B7763: A coin issued by Elagabalus","image_urls":["https://finds.org.uk/images/tbrindle/WMID-7B7763.jpg"]},{"from":222,"to":235,"title":"BUC-6634F7: A coin issued by Julia Mamaea","image_urls":["https://finds.org.uk/images/Helen Low/3DSCN4112.JPG"]},{"from":222,"to":228,"title":"FAPJW-607095: A coin issued by Severus Alexander","image_urls":["https://finds.org.uk/images/pwalton/7006.jpg"]},{"from":222,"to":228,"title":"NCL-C719E5: A coin issued by Severus Alexander","image_urls":["https://finds.org.uk/images/pwalton/781.jpg"]},{"from":222,"to":235,"title":"KENT-FFFCF6: A coin issued by Severus Alexander","image_urls":["https://finds.org.uk/images/arichardson/PAK197-077%20copy.jpg"]},{"from":222,"to":222,"title":"YORYM-1FBA67: A coin issued by Severus Alexander","image_urls":["https://finds.org.uk/images/law/BL0518.jpg"]},{"from":222,"to":235,"title":"SUSS-8AE701: A coin issued by Severus Alexander","image_urls":["https://finds.org.uk/images/lburnett/SUSS-8AE701.jpg"]},{"from":222,"to":228,"title":"PUBLIC-B42873: A coin issued by Severus Alexander","image_urls":["https://finds.org.uk/images/busterhamer/denarius%20alexander.jpg"]},{"from":222,"to":228,"title":"BM-F4CCD8: A coin issued by Severus Alexander","image_urls":["https://finds.org.uk/images/jasonlundock/5291a.jpg"]},{"from":222,"to":235,"title":"NARC-140EB3: A coin issued by Julia Mamaea","image_urls":["https://finds.org.uk/images/tbrindle/NARC-140EB3denariusjuliamamaea.jpg"]},{"from":222,"to":228,"title":"FAPJW-5FDEF7: A coin issued by Severus Alexander","image_urls":["https://finds.org.uk/images/pwalton/7008.jpg"]},{"from":222,"to":228,"title":"FAPJW-1D81F4: A coin issued by Severus Alexander","image_urls":["https://finds.org.uk/images/pwalton/FAPJW-1D81F4.jpg"]},{"from":222,"to":235,"title":"NCL-37E7D5: A coin issued by Julia Mamaea","image_urls":["https://finds.org.uk/images/pwalton/571.jpg"]},{"from":222,"to":228,"title":"YORYM-343FA1: A coin issued by Severus Alexander","image_urls":["https://finds.org.uk/images/law/BL0533.jpg"]},{"from":222,"to":228,"title":"NCL-C6BB04: A coin issued by Severus Alexander","image_urls":["https://finds.org.uk/images/pwalton/826.jpg"]},{"from":222,"to":222,"title":"IOW-760021: A coin issued by Severus Alexander","image_urls":["https://finds.org.uk/images/fbasford/IOW2013-4-20.JPG"]},{"from":222,"to":222,"title":"SOM-FE9D67: A coin issued by Julia Mamaea","image_urls":["https://finds.org.uk/images/alicef/SOM-FE9D67.JPG"]},{"from":222,"to":235,"title":"LEIC-99F691: A coin issued by Severus Alexander","image_urls":["https://finds.org.uk/images/wscott/99F691.JPG"]},{"from":222,"to":228,"title":"DUR-3E06CA: A coin issued by Severus Alexander","image_urls":["https://finds.org.uk/images/a8622912/DUR3E06CA.jpg"]},{"from":222,"to":228,"title":"FAPJW-5FC1B7: A coin issued by Severus Alexander","image_urls":["https://finds.org.uk/images/pwalton/7009.jpg"]},{"from":222,"to":228,"title":"FAPJW-615328: A coin issued by Severus Alexander","image_urls":["https://finds.org.uk/images/pwalton/7027.jpg"]},{"from":222,"to":222,"title":"DENO-3A1352: A coin issued by Severus Alexander","image_urls":["https://finds.org.uk/images/arohde/E5593%20denarius%20Sev.jpg"]},{"from":222,"to":222,"title":"DENO-BBC595: A coin issued by Severus Alexander","image_urls":["https://finds.org.uk/images/arohde/E6646%2002%20nummus%20standing%20figure.jpg"]},{"from":222,"to":222,"title":"LEIC-C6F375: A coin issued by Severus Alexander","image_urls":["https://finds.org.uk/images/wscott/C6F375%20.JPG"]},{"from":222,"to":235,"title":"WILT-E9D8D4: A coin issued by Severus Alexander","image_urls":["https://finds.org.uk/images/cestellej/WILT-E9D8D4.jpg"]},{"from":222,"to":228,"title":"BM-60C380: A coin issued by Severus Alexander","image_urls":["https://finds.org.uk/images/jasonlundock/5155.jpg"]},{"from":222,"to":235,"title":"BERK-408228: A coin issued by Julia Mamaea","image_urls":["https://finds.org.uk/images/abyard/2011352.jpg"]},{"from":222,"to":222,"title":"NCL-1FBBC4: A coin issued by Severus Alexander","image_urls":["https://finds.org.uk/images/dgumby/1038.jpg"]},{"from":222,"to":228,"title":"NCL-369BF7: A coin issued by Severus Alexander","image_urls":["https://finds.org.uk/images/pwalton/653.jpg"]},{"from":222,"to":235,"title":"SWYOR-834B24: A coin issued by Severus Alexander","image_urls":["https://finds.org.uk/images/acooper/PAS_1939_coin1.jpg"]},{"from":222,"to":235,"title":"SF-F0D542: A coin issued by Severus Alexander","image_urls":["https://finds.org.uk/images/abrown/WMH_SF-F0D542.jpg"]},{"from":222,"to":235,"title":"NMGW-DEBB88: A coin issued by Julia Mamaea","image_urls":["https://finds.org.uk/images/mlodwick/Dscn0941.jpg"]},{"from":222,"to":235,"title":"NCL-561F53: A coin issued by Julia Mamaea","image_urls":["https://finds.org.uk/images/pwalton/716.jpg"]},{"from":222,"to":228,"title":"SWYOR-B0E5D1: A coin issued by Severus Alexander","image_urls":["https://finds.org.uk/images/acooper/PAS_2593_coin_h.jpg"]},{"from":222,"to":235,"title":"WMID-4BBC82: A coin issued by Severus Alexander","image_urls":["https://finds.org.uk/images/tgilmore/WMID-4BBC82.jpg"]},{"from":222,"to":235,"title":"NARC-AC8908: A coin issued by Julia Mamaea","image_urls":["https://finds.org.uk/images/tbrindle/NARC-AC8908.jpg"]},{"from":222,"to":235,"title":"BH-1FA2A3: A coin issued by Severus Alexander","image_urls":["https://finds.org.uk/images/jwatters/Roman%20coin%2007%207%20-%206.jpg"]},{"from":222,"to":222,"title":"BERK-B5D7A7: A coin issued by Julia Mamaea","image_urls":["https://finds.org.uk/images/abyard/2013388.jpg"]},{"from":222,"to":223,"title":"YORYM-EFF5F0: A coin issued by Crispus","image_urls":["https://finds.org.uk/images/rmort/BL0842.jpg"]},{"from":222,"to":235,"title":"HAMP-BE1482: A coin issued by Severus Alexander","image_urls":["https://finds.org.uk/images/dwill2/Hamp%20BE1482a.JPG"]},{"from":222,"to":235,"title":"BM-F8F524: A coin issued by Julia Mamaea","image_urls":["https://finds.org.uk/images/jasonlundock/5247a.jpg"]},{"from":222,"to":222,"title":"WAW-644DD2: A coin issued by Severus Alexander","image_urls":["https://finds.org.uk/images/abolton/WAW-644DD2.jpg"]},{"from":222,"to":228,"title":"FAPJW-CC1452: A coin issued by Severus Alexander","image_urls":["https://finds.org.uk/images/pwalton/686.jpg"]},{"from":222,"to":235,"title":"YORYM-FCABF4: A coin issued by Severus Alexander","image_urls":["https://finds.org.uk/images/bmorris/DWY0090.jpg"]},{"from":222,"to":235,"title":"HAMP-3A5721: A coin issued by Severus Alexander","image_urls":["https://finds.org.uk/images/dwill2/DSCN0195.JPG"]},{"from":222,"to":235,"title":"NARC-0FD813: A coin issued by Severus Alexander","image_urls":["https://finds.org.uk/images/rharte/NARC-OFD813%28s%29.jpg"]},{"from":222,"to":222,"title":"BM-EEC315: A coin issued by Severus Alexander","image_urls":["https://finds.org.uk/images/jasonlundock/5240.jpg"]},{"from":222,"to":235,"title":"LANCUM-BBED10: A coin issued by Julia Mamaea","image_urls":["https://finds.org.uk/images/dboughton/KDMDMHBBED10.jpg"]},{"from":222,"to":222,"title":"LIN-5E5873: A coin issued by Julia Mamaea","image_urls":["https://finds.org.uk/images/adaubney/LIN2011-985.jpg"]},{"from":222,"to":228,"title":"BM-85AA24: A coin issued by Severus Alexander","image_urls":["https://finds.org.uk/images/jasonlundock/5156.jpg"]},{"from":222,"to":235,"title":"WILT-888656: A coin issued by Severus Alexander","image_urls":["https://finds.org.uk/images/rhenry2/WILT-888656.jpg"]},{"from":222,"to":222,"title":"PUBLIC-64D806: A coin issued by Severus Alexander","image_urls":["https://finds.org.uk/images/calow1/FLE12.%20317.JPG"]},{"from":222,"to":228,"title":"DENO-1687F2: A coin issued by Severus Alexander","image_urls":["https://finds.org.uk/images/ratherton/E6880%20alcock%20R%20coin%202%20sev%20alex%20den.JPG"]},{"from":222,"to":228,"title":"HAMP1057: A coin issued by Severus Alexander","image_urls":["https://finds.org.uk/images/sworrell/Hamp%201057b.jpg"]},{"from":222,"to":228,"title":"NCL-2BFB95: A coin issued by Severus Alexander","image_urls":["https://finds.org.uk/images/rcollins/NCL-2BFB95.JPG"]},{"from":222,"to":235,"title":"LEIC-FD0FA1: A coin issued by Julia Mamaea","image_urls":["https://finds.org.uk/images/wscott/FD0FA1.JPG"]},{"from":222,"to":235,"title":"WILT-57CE66: A coin issued by Severus Alexander","image_urls":["https://finds.org.uk/images/rhenry2/WILT-57CE66.jpg"]},{"from":222,"to":235,"title":"NMGW-36EEB6: A coin issued by Julia Mamaea","image_urls":["https://finds.org.uk/images/wenkedomscheit/2013.89.10jpg.jpg"]},{"from":222,"to":235,"title":"SUSS-728CB4: A coin issued by Julia Mamaea","image_urls":["https://finds.org.uk/images/lwalker/MH-21.jpg"]},{"from":222,"to":222,"title":"SF-EAFDA5: A coin issued by Severus Alexander","image_urls":["https://finds.org.uk/images/abrown/ADT_SF-EAFDA5.jpg"]},{"from":222,"to":228,"title":"NCL-1AA136: A coin issued by Severus Alexander","image_urls":["https://finds.org.uk/images/pwalton/731.jpg"]},{"from":222,"to":235,"title":"NCL-9A3896: A coin issued by Julia Mamaea","image_urls":["https://finds.org.uk/images/pwalton/678.jpg"]},{"from":222,"to":235,"title":"YORYM-3198A6: A coin issued by Severus Alexander","image_urls":["https://finds.org.uk/images/bmorris/WS0375.jpg"]},{"from":222,"to":235,"title":"BM-A3959B: A coin issued by Severus Alexander","image_urls":["https://finds.org.uk/images/vdrost/BM-A3959B_REV.JPG"]},{"from":222,"to":235,"title":"YORYM-900AE7: A coin issued by Severus Alexander","image_urls":["https://finds.org.uk/images/law/IPD0017.jpg"]},{"from":222,"to":235,"title":"NCL-8F43C2: A coin issued by Severus Alexander","image_urls":["https://finds.org.uk/images/pwalton/706.jpg"]},{"from":222,"to":235,"title":"DUR-331128: A coin issued by Julia Mamaea","image_urls":["https://finds.org.uk/images/a8622912/DUR-331128.jpg"]},{"from":222,"to":228,"title":"YORYM-8D4C81: A coin issued by Severus Alexander","image_urls":["https://finds.org.uk/images/law/BL0002i.jpg"]},{"from":222,"to":231,"title":"SF-2E29BB: A coin issued by Severus Alexander","image_urls":["https://finds.org.uk/images/annab/IslehamSF2E29BB.jpg"]},{"from":222,"to":235,"title":"WMID-A47D70: A coin issued by Severus Alexander","image_urls":["https://finds.org.uk/images/eloisemarkwick/WMID-A47D70.jpg"]},{"from":222,"to":228,"title":"BM-EF64F3: A coin issued by Severus Alexander","image_urls":["https://finds.org.uk/images/jasonlundock/5279.jpg"]},{"from":222,"to":235,"title":"BM-EF8E21: A coin issued by Julia Mamaea","image_urls":["https://finds.org.uk/images/jasonlundock/5215A.jpg"]},{"from":222,"to":235,"title":"BM-C501E6: A coin issued by Julia Mamaea","image_urls":["https://finds.org.uk/images/jasonlundock/818.jpg"]},{"from":222,"to":235,"title":"YORYM-F21353: A coin issued by Julia Mamaea","image_urls":["https://finds.org.uk/images/law/BL0006.jpg"]},{"from":222,"to":235,"title":"NCL-9A2C36: A coin issued by Severus Alexander","image_urls":["https://finds.org.uk/images/pwalton/NCL9A2C36.jpg"]},{"from":222,"to":235,"title":"KENT-96FAB4: A coin issued by Julia Mamaea","image_urls":["https://finds.org.uk/images/arichardson/PAK127-013.JPG"]},{"from":222,"to":231,"title":"LIN-5FBC33: A coin issued by Severus Alexander","image_urls":["https://finds.org.uk/images/adaubney/LIN4816.jpg"]},{"from":222,"to":235,"title":"YORYM-4B3CC6: A coin issued by Severus Alexander","image_urls":["https://finds.org.uk/images/bmorris/BL0796.jpg"]},{"from":222,"to":222,"title":"NCL-3ADED1: A coin issued by Julia Mamaea","image_urls":["https://finds.org.uk/images/pwalton/680.jpg"]},{"from":222,"to":228,"title":"NCL-001D71: A coin issued by Severus Alexander","image_urls":["https://finds.org.uk/images/pwalton/900.jpg"]},{"from":222,"to":235,"title":"NMGW-9E2E72: A coin issued by Severus Alexander","image_urls":["https://finds.org.uk/images/mlodwick/2009.9.3.jpg"]},{"from":222,"to":235,"title":"NCL-765626: A coin issued by Julia Mamaea","image_urls":["https://finds.org.uk/images/pwalton/738.jpg"]},{"from":222,"to":235,"title":"NCL-A19B62: A coin issued by Severus Alexander","image_urls":["https://finds.org.uk/images/pwalton/773.jpg"]},{"from":222,"to":235,"title":"NLM-386DD4: A coin issued by Severus Alexander","image_urls":["https://finds.org.uk/images/mforeman/NLM29238.jpg"]},{"from":222,"to":235,"title":"FAPJW-4A2FD3: A coin issued by Julia Mamaea","image_urls":["https://finds.org.uk/images/pwalton/7004.jpg"]},{"from":222,"to":235,"title":"WILT-5A2CD3: A coin issued by Severus Alexander","image_urls":["https://finds.org.uk/images/jshoemark/WILT5A2CD3.jpg"]},{"from":222,"to":222,"title":"SUR-1E2EA1: A coin issued by Severus Alexander","image_urls":["https://finds.org.uk/images/margaretb/14-1295.JPG"]},{"from":222,"to":235,"title":"NCL-019922: A coin issued by Julia Mamaea","image_urls":["https://finds.org.uk/images/pwalton/1117.jpg"]},{"from":222,"to":235,"title":"YORYM-3E3D32: A coin issued by Severus Alexander","image_urls":["https://finds.org.uk/images/rebeccam/WJC0023.jpg"]},{"from":222,"to":228,"title":"LANCUM-0BA040: A coin issued by Severus Alexander","image_urls":["https://finds.org.uk/images/dboughton/KDMDTP0BA040.jpg"]},{"from":222,"to":222,"title":"LIN-BB89C3: A coin issued by Elagabalus","image_urls":["https://finds.org.uk/images/adaubney/LIN7195.jpg"]},{"from":222,"to":223,"title":"NARC-20C88D: A coin issued by Severus Alexander","image_urls":["https://finds.org.uk/images/jcassidy/NARC20C88Db.JPG"]},{"from":222,"to":228,"title":"CAM-EA5DE8: A coin issued by Severus Alexander","image_urls":["https://finds.org.uk/images/pjw/5000.jpg"]},{"from":222,"to":223,"title":"BERK-4CF318: A coin issued by Severus Alexander","image_urls":["https://finds.org.uk/images/abyard/2014267.jpg"]},{"from":222,"to":235,"title":"BM-F09373: A coin issued by Julia Mamaea","image_urls":["https://finds.org.uk/images/jasonlundock/5268.jpg"]},{"from":222,"to":222,"title":"FAPJW-2ABF85: A coin issued by Severus Alexander","image_urls":["https://finds.org.uk/images/pwalton/9002.jpg"]},{"from":222,"to":235,"title":"SUR-F7BC25: A coin issued by Severus Alexander","image_urls":["https://finds.org.uk/images/dwilliams/B13-39.JPG"]},{"from":222,"to":235,"title":"NCL-9AA201: A coin issued by Julia Mamaea","image_urls":["https://finds.org.uk/images/vwolfe/NCL9aa201.jpg"]},{"from":222,"to":235,"title":"YORYM-06C997: A coin issued by Severus Alexander","image_urls":["https://finds.org.uk/images/law/DE0087.jpg"]},{"from":222,"to":228,"title":"HAMP-54B3B5: A coin issued by Severus Alexander","image_urls":["https://finds.org.uk/images/khindshamp/HAMP-54B3B5.jpg"]},{"from":222,"to":235,"title":"SWYOR-FE2DC2: A coin issued by Severus Alexander","image_urls":["https://finds.org.uk/images/acooper/PAS_731_alexander_coin.jpg"]},{"from":222,"to":228,"title":"NCL-9A2575: A coin issued by Severus Alexander","image_urls":["https://finds.org.uk/images/pwalton/712.jpg"]},{"from":222,"to":235,"title":"HAMP-554403: A coin issued by Severus Alexander","image_urls":["https://finds.org.uk/images/rhenry/HAMP-554403.jpg"]},{"from":222,"to":228,"title":"NCL-37BE65: A coin issued by Severus Alexander","image_urls":["https://finds.org.uk/images/pwalton/752.jpg"]},{"from":222,"to":228,"title":"FAPJW-613252: A coin issued by Severus Alexander","image_urls":["https://finds.org.uk/images/pwalton/7028.jpg"]},{"from":222,"to":222,"title":"SUSS-CEDC06: A coin issued by Severus Alexander","image_urls":["https://finds.org.uk/images/lburnett/SUSS-CEDC06.JPG"]},{"from":222,"to":222,"title":"BH-FF5A23: A coin issued by Elagabalus","image_urls":["https://finds.org.uk/images/dwatters/Roman%20coin%2006%20257%20-%2055.jpg"]},{"from":222,"to":228,"title":"BM-F42571: A coin issued by Severus Alexander","image_urls":["https://finds.org.uk/images/jasonlundock/5208.jpg"]},{"from":222,"to":228,"title":"RIC IV Severus Alexander 133. 1948.19.1835","image_urls":["http://numismatics.org/collectionimages/19001949/1948/1948.19.1835.rev.width350.jpg"]},{"from":222,"to":228,"title":"RIC IV Severus Alexander 139c. 1944.100.52510","image_urls":["http://numismatics.org/collectionimages/19001949/1944/1944.100.52510.rev.width350.jpg"]},{"from":222,"to":228,"title":"RIC IV Severus Alexander 144. 1923.151.69","image_urls":["http://numismatics.org/collectionimages/19001949/1923/1923.151.69.rev.width350.jpg"]},{"from":222,"to":228,"title":"RIC IV Severus Alexander 156. 1944.100.52519","image_urls":["http://numismatics.org/collectionimages/19001949/1944/1944.100.52519.rev.width350.jpg"]},{"from":222,"to":228,"title":"RIC IV Severus Alexander 182c. 1935.117.692","image_urls":["http://numismatics.org/collectionimages/19001949/1935/1935.117.692.rev.width350.jpg"]},{"from":222,"to":228,"title":"RIC IV Severus Alexander 177. 1944.100.52531","image_urls":["http://numismatics.org/collectionimages/19001949/1944/1944.100.52531.rev.width350.jpg"]},{"from":222,"to":235,"title":"Bronze Coin, Iuliopolis, AD 222 - AD 235. 1995.49.94","image_urls":["http://numismatics.org/collectionimages/19501999/1995/1995.49.94.rev.width350.jpg"]},{"from":222,"to":228,"title":"RIC IV Severus Alexander 174. 1935.117.689","image_urls":["http://numismatics.org/collectionimages/19001949/1935/1935.117.689.rev.width350.jpg"]},{"from":222,"to":228,"title":"RIC IV Severus Alexander 139c. 1974.95.162","image_urls":["http://numismatics.org/collectionimages/19501999/1974/1974.95.162.rev.width350.jpg"]},{"from":222,"to":228,"title":"RIC IV Severus Alexander 133. 1948.19.1834","image_urls":["http://numismatics.org/collectionimages/19001949/1948/1948.19.1834.rev.width350.jpg"]},{"from":222,"to":228,"title":"RIC IV Severus Alexander 182c. 1944.100.52539","image_urls":["http://numismatics.org/collectionimages/19001949/1944/1944.100.52539.rev.width350.jpg"]},{"from":222,"to":228,"title":"RIC IV Severus Alexander 173. 1989.11.6","image_urls":["http://numismatics.org/collectionimages/19501999/1989/1989.11.6.rev.width350.jpg"]},{"from":222,"to":228,"title":"RIC IV Severus Alexander 133. 1944.100.52507","image_urls":["http://numismatics.org/collectionimages/19001949/1944/1944.100.52507.rev.width350.jpg"]},{"from":222,"to":228,"title":"RIC IV Severus Alexander 144. 1944.100.52513","image_urls":["http://numismatics.org/collectionimages/19001949/1944/1944.100.52513.rev.width350.jpg"]},{"from":222,"to":228,"title":"RIC IV Severus Alexander 153. 1991.9.117","image_urls":["http://numismatics.org/collectionimages/19501999/1991/1991.9.117.rev.width350.jpg"]},{"from":222,"to":235,"title":"Bronze Coin, Attaleia, AD 222 - AD 235. 1944.100.48883","image_urls":["http://numismatics.org/collectionimages/19001949/1944/1944.100.48883.rev.width350.jpg"]},{"from":222,"to":235,"title":"Bronze Coin, Sinope, AD 222 - AD 235. 1944.100.41881","image_urls":["http://numismatics.org/collectionimages/19001949/1944/1944.100.41881.rev.width350.jpg"]},{"from":222,"to":228,"title":"RIC IV Severus Alexander 180c. 1944.100.52536","image_urls":["http://numismatics.org/collectionimages/19001949/1944/1944.100.52536.rev.width350.jpg"]},{"from":222,"to":228,"title":"RIC IV Severus Alexander 144. 1935.117.685","image_urls":["http://numismatics.org/collectionimages/19001949/1935/1935.117.685.rev.width350.jpg"]},{"from":222,"to":235,"title":"Bronze Coin, Elaea, AD 222 - AD 235. 1944.100.44202","image_urls":["http://numismatics.org/collectionimages/19001949/1944/1944.100.44202.rev.width350.jpg"]},{"from":222,"to":228,"title":"RIC IV Severus Alexander 127c. 1944.100.52503","image_urls":["http://numismatics.org/collectionimages/19001949/1944/1944.100.52503.rev.width350.jpg"]},{"from":222,"to":228,"title":"RIC IV Severus Alexander 135. 1935.117.683","image_urls":["http://numismatics.org/collectionimages/19001949/1935/1935.117.683.rev.width350.jpg"]},{"from":222,"to":228,"title":"RIC IV Severus Alexander 127c. 1944.100.52501","image_urls":["http://numismatics.org/collectionimages/19001949/1944/1944.100.52501.rev.width350.jpg"]},{"from":222,"to":228,"title":"RIC IV Severus Alexander 127c. 1948.19.1888","image_urls":["http://numismatics.org/collectionimages/19001949/1948/1948.19.1888.rev.width350.jpg"]},{"from":222,"to":228,"title":"RIC IV Severus Alexander 133. 1916.999.86","image_urls":["http://numismatics.org/collectionimages/19001949/1916/1916.999.86.rev.width350.jpg"]},{"from":222,"to":228,"title":"RIC IV Severus Alexander 152d. 1960.175.43","image_urls":["http://numismatics.org/collectionimages/19501999/1960/1960.175.43.rev.width350.jpg"]},{"from":222,"to":228,"title":"RIC IV Severus Alexander 144. 1944.100.52512","image_urls":["http://numismatics.org/collectionimages/19001949/1944/1944.100.52512.rev.width350.jpg"]},{"from":222,"to":228,"title":"RIC IV Severus Alexander 133. 1944.100.52506","image_urls":["http://numismatics.org/collectionimages/19001949/1944/1944.100.52506.rev.width350.jpg"]},{"from":222,"to":235,"title":"Bronze Coin of Str. C. Tertullus, Pergamum, AD 222 - AD 235. 1944.100.43362","image_urls":["http://numismatics.org/collectionimages/19001949/1944/1944.100.43362.rev.width350.jpg"]},{"from":222,"to":231,"title":"RIC IV Severus Alexander 557. 1882.13.7","image_urls":["http://numismatics.org/collectionimages/00001899/1882/1882.13.7.rev.width350.jpg"]},{"from":222,"to":228,"title":"RIC IV Severus Alexander 168. 1944.100.52525","image_urls":["http://numismatics.org/collectionimages/19001949/1944/1944.100.52525.rev.width350.jpg"]},{"from":222,"to":228,"title":"RIC IV Severus Alexander 139a. 1991.9.120","image_urls":["http://numismatics.org/collectionimages/19501999/1991/1991.9.120.rev.width350.jpg"]},{"from":222,"to":228,"title":"RIC IV Severus Alexander 149. 1955.191.35","image_urls":["http://numismatics.org/collectionimages/19501999/1955/1955.191.35.rev.width350.jpg"]},{"from":222,"to":228,"title":"RIC IV Severus Alexander 127c. 1944.100.52504","image_urls":["http://numismatics.org/collectionimages/19001949/1944/1944.100.52504.rev.width350.jpg"]},{"from":222,"to":228,"title":"Silver Denarius of Severus Alexander, Rome, AD 222 - AD 228. 1944.100.52527","image_urls":["http://numismatics.org/collectionimages/19001949/1944/1944.100.52527.rev.width350.jpg"]},{"from":222,"to":228,"title":"RIC IV Severus Alexander 139c. 1944.100.52509","image_urls":["http://numismatics.org/collectionimages/19001949/1944/1944.100.52509.rev.width350.jpg"]},{"from":222,"to":228,"title":"RIC IV Severus Alexander 165c. 1944.100.52521","image_urls":["http://numismatics.org/collectionimages/19001949/1944/1944.100.52521.rev.width350.jpg"]},{"from":222,"to":228,"title":"RIC IV Severus Alexander 156. 1935.117.686","image_urls":["http://numismatics.org/collectionimages/19001949/1935/1935.117.686.rev.width350.jpg"]},{"from":222,"to":228,"title":"RIC IV Severus Alexander 176. 1944.100.52530","image_urls":["http://numismatics.org/collectionimages/19001949/1944/1944.100.52530.rev.width350.jpg"]},{"from":222,"to":228,"title":"RIC IV Severus Alexander 148d. 1944.100.52518","image_urls":["http://numismatics.org/collectionimages/19001949/1944/1944.100.52518.rev.width350.jpg"]},{"from":222,"to":228,"title":"RIC IV Severus Alexander 139c. 1923.151.68","image_urls":["http://numismatics.org/collectionimages/19001949/1923/1923.151.68.rev.width350.jpg"]},{"from":222,"to":235,"title":"Bronze Coin, Abonuteichos, AD 222 - AD 235. 1944.100.41499","image_urls":["http://numismatics.org/collectionimages/19001949/1944/1944.100.41499.rev.width350.jpg"]},{"from":222,"to":228,"title":"RIC IV Severus Alexander 174. 1923.151.70","image_urls":["http://numismatics.org/collectionimages/19001949/1923/1923.151.70.rev.width350.jpg"]},{"from":222,"to":228,"title":"RIC IV Severus Alexander 144. 1944.100.52514","image_urls":["http://numismatics.org/collectionimages/19001949/1944/1944.100.52514.rev.width350.jpg"]},{"from":222,"to":228,"title":"RIC IV Severus Alexander 127c. 1935.117.681","image_urls":["http://numismatics.org/collectionimages/19001949/1935/1935.117.681.rev.width350.jpg"]},{"from":222,"to":228,"title":"RIC IV Severus Alexander 180c. 1944.100.52535","image_urls":["http://numismatics.org/collectionimages/19001949/1944/1944.100.52535.rev.width350.jpg"]},{"from":222,"to":228,"title":"RIC IV Severus Alexander 173. 1944.100.52529","image_urls":["http://numismatics.org/collectionimages/19001949/1944/1944.100.52529.rev.width350.jpg"]},{"from":222,"to":235,"title":"Bronze Coin, Metropolis, AD 222 - AD 235. 1924.999.88","image_urls":["http://numismatics.org/collectionimages/19001949/1924/1924.999.88.rev.width350.jpg"]},{"from":222,"to":228,"title":"RIC IV Severus Alexander 165d. 1985.140.180","image_urls":["http://numismatics.org/collectionimages/19501999/1985/1985.140.180.rev.width350.jpg"]},{"from":222,"to":228,"title":"RIC IV Severus Alexander 127c. 1948.19.1889","image_urls":["http://numismatics.org/collectionimages/19001949/1948/1948.19.1889.rev.width350.jpg"]},{"from":222,"to":228,"title":"RIC IV Severus Alexander 127c. 1944.100.52502","image_urls":["http://numismatics.org/collectionimages/19001949/1944/1944.100.52502.rev.width350.jpg"]},{"from":222,"to":228,"title":"RIC IV Severus Alexander 148d. 1944.100.52517","image_urls":["http://numismatics.org/collectionimages/19001949/1944/1944.100.52517.rev.width350.jpg"]},{"from":222,"to":228,"title":"RIC IV Severus Alexander 141c. 1948.19.1839","image_urls":["http://numismatics.org/collectionimages/19001949/1948/1948.19.1839.rev.width350.jpg"]},{"from":222,"to":228,"title":"RIC IV Severus Alexander 173. 1995.11.1128","image_urls":["http://numismatics.org/collectionimages/19501999/1995/1995.11.1128.rev.width350.jpg"]},{"from":222,"to":235,"title":"Bronze Coin, Antioch, AD 222 - AD 235. 1944.100.51042","image_urls":["http://numismatics.org/collectionimages/19001949/1944/1944.100.51042.rev.width350.jpg"]},{"from":222,"to":228,"title":"RIC IV Severus Alexander 133. 1935.117.682","image_urls":["http://numismatics.org/collectionimages/19001949/1935/1935.117.682.rev.width350.jpg"]},{"from":222,"to":228,"title":"RIC IV Severus Alexander 139c. 1935.117.684","image_urls":["http://numismatics.org/collectionimages/19001949/1935/1935.117.684.rev.width350.jpg"]},{"from":222,"to":228,"title":"RIC IV Severus Alexander 139c. 1995.11.1121","image_urls":["http://numismatics.org/collectionimages/19501999/1995/1995.11.1121.rev.width350.jpg"]},{"from":222,"to":228,"title":"RIC IV Severus Alexander 178d. 1935.117.690","image_urls":["http://numismatics.org/collectionimages/19001949/1935/1935.117.690.rev.width350.jpg"]},{"from":222,"to":228,"title":"RIC IV Severus Alexander 148d. 1995.1.38","image_urls":["http://numismatics.org/collectionimages/19501999/1995/1995.1.38.rev.width350.jpg"]},{"from":222,"to":228,"title":"RIC IV Severus Alexander 160d. 1995.11.1122","image_urls":["http://numismatics.org/collectionimages/19501999/1995/1995.11.1122.rev.width350.jpg"]},{"from":222,"to":228,"title":"RIC IV Severus Alexander 141d. 1995.1.41","image_urls":["http://numismatics.org/collectionimages/19501999/1995/1995.1.41.rev.width350.jpg"]},{"from":222,"to":228,"title":"RIC IV Severus Alexander 168. 1905.57.590","image_urls":["http://numismatics.org/collectionimages/19001949/1905/1905.57.590.rev.width350.jpg"]},{"from":222,"to":235,"title":"Bronze Coin, Sebastopolis Cariae, AD 222 - AD 235. 1971.230.46","image_urls":["http://numismatics.org/collectionimages/19501999/1971/1971.230.46.rev.width350.jpg"]},{"from":222,"to":235,"title":"Bronze Coin, Odessus, AD 222 - AD 235. 1944.100.15389","image_urls":["http://numismatics.org/collectionimages/19001949/1944/1944.100.15389.rev.width350.jpg"]},{"from":222,"to":228,"title":"RIC IV Severus Alexander 133. 1944.100.52505","image_urls":["http://numismatics.org/collectionimages/19001949/1944/1944.100.52505.rev.width350.jpg"]},{"from":222,"to":235,"title":"Bronze Coin, Heraclea Salbace, AD 222 - AD 235. 1944.100.47994","image_urls":["http://numismatics.org/collectionimages/19001949/1944/1944.100.47994.rev.width350.jpg"]},{"from":222,"to":228,"title":"RIC IV Severus Alexander 133. 1948.19.1833","image_urls":["http://numismatics.org/collectionimages/19001949/1948/1948.19.1833.rev.width350.jpg"]},{"from":222,"to":228,"title":"RIC IV Severus Alexander 127c. 1923.151.67","image_urls":["http://numismatics.org/collectionimages/19001949/1923/1923.151.67.rev.width350.jpg"]},{"from":222,"to":228,"title":"RIC IV Severus Alexander 180c. 1987.26.221","image_urls":["http://numismatics.org/collectionimages/19501999/1987/1987.26.221.rev.width350.jpg"]},{"from":222,"to":228,"title":"RIC IV Severus Alexander 165c. 1944.100.52523","image_urls":["http://numismatics.org/collectionimages/19001949/1944/1944.100.52523.rev.width350.jpg"]},{"from":222,"to":228,"title":"RIC IV Severus Alexander 182c. 1944.100.52538","image_urls":["http://numismatics.org/collectionimages/19001949/1944/1944.100.52538.rev.width350.jpg"]},{"from":222,"to":235,"title":"Bronze Coin, Philomelium, AD 222 - AD 235. 2004.14.151","image_urls":["http://numismatics.org/collectionimages/20002049/2004/2004.14.151.rev.width350.jpg"]},{"from":222,"to":228,"title":"RIC IV Severus Alexander 148d. 1987.26.219","image_urls":["http://numismatics.org/collectionimages/19501999/1987/1987.26.219.rev.width350.jpg"]},{"from":222,"to":228,"title":"RIC IV Severus Alexander 182c. 1948.19.1843","image_urls":["http://numismatics.org/collectionimages/19001949/1948/1948.19.1843.rev.width350.jpg"]},{"from":222,"to":228,"title":"RIC IV Severus Alexander 178c. 1944.100.52533","image_urls":["http://numismatics.org/collectionimages/19001949/1944/1944.100.52533.rev.width350.jpg"]},{"from":222,"to":235,"title":"Bronze Coin, Hadriani ad Olympum, AD 222 - AD 235. 1971.230.11","image_urls":["http://numismatics.org/collectionimages/19501999/1971/1971.230.11.rev.width350.jpg"]},{"from":222,"to":228,"title":"RIC IV Severus Alexander 139c. 1948.19.1837","image_urls":["http://numismatics.org/collectionimages/19001949/1948/1948.19.1837.rev.width350.jpg"]},{"from":222,"to":228,"title":"RIC IV Severus Alexander 160d. 1934.999.707","image_urls":["http://numismatics.org/collectionimages/19001949/1934/1934.999.707.rev.width350.jpg"]},{"from":222,"to":228,"title":"RIC IV Severus Alexander 144. 1944.100.52515","image_urls":["http://numismatics.org/collectionimages/19001949/1944/1944.100.52515.rev.width350.jpg"]},{"from":222,"to":228,"title":"RIC IV Severus Alexander 180c. 1948.19.1842","image_urls":["http://numismatics.org/collectionimages/19001949/1948/1948.19.1842.rev.width350.jpg"]},{"from":222,"to":228,"title":"RIC IV Severus Alexander 139c. 1948.19.1836","image_urls":["http://numismatics.org/collectionimages/19001949/1948/1948.19.1836.rev.width350.jpg"]},{"from":222,"to":228,"title":"RIC IV Severus Alexander 141c. 1944.100.52511","image_urls":["http://numismatics.org/collectionimages/19001949/1944/1944.100.52511.rev.width350.jpg"]},{"from":222,"to":228,"title":"RIC IV Severus Alexander 144. 1974.26.2007","image_urls":["http://numismatics.org/collectionimages/19501999/1974/1974.26.2007.rev.width350.jpg"]},{"from":222,"to":228,"title":"RIC IV Severus Alexander 160c. 1944.100.52520","image_urls":["http://numismatics.org/collectionimages/19001949/1944/1944.100.52520.rev.width350.jpg"]},{"from":222,"to":228,"title":"RIC IV Severus Alexander 133. 1944.100.52508","image_urls":["http://numismatics.org/collectionimages/19001949/1944/1944.100.52508.rev.width350.jpg"]},{"from":222,"to":228,"title":"RIC IV Severus Alexander 182c. 1944.100.52540","image_urls":["http://numismatics.org/collectionimages/19001949/1944/1944.100.52540.rev.width350.jpg"]},{"from":222,"to":228,"title":"RIC IV Severus Alexander 180c. 1944.100.52534","image_urls":["http://numismatics.org/collectionimages/19001949/1944/1944.100.52534.rev.width350.jpg"]},{"from":222,"to":228,"title":"RIC IV Severus Alexander 141d. 1995.1.40","image_urls":["http://numismatics.org/collectionimages/19501999/1995/1995.1.40.rev.width350.jpg"]},{"from":222,"to":235,"title":"Bronze Coin, Hadrianopolis Phrygia/Sebaste, AD 222 - AD 235. 1971.230.75","image_urls":["http://numismatics.org/collectionimages/19501999/1971/1971.230.75.rev.width350.jpg"]},{"from":222,"to":228,"title":"RIC IV Severus Alexander 168. 1935.117.687","image_urls":["http://numismatics.org/collectionimages/19001949/1935/1935.117.687.rev.width350.jpg"]},{"from":222,"to":228,"title":"RIC IV Severus Alexander 182c. 1935.117.693","image_urls":["http://numismatics.org/collectionimages/19001949/1935/1935.117.693.rev.width350.jpg"]},{"from":222,"to":235,"title":"Bronze Coin, Lampsacus, AD 222 - AD 235. 1944.100.43031","image_urls":["http://numismatics.org/collectionimages/19001949/1944/1944.100.43031.rev.width350.jpg"]},{"from":222,"to":235,"title":"Bronze Coin, Phocaea, AD 222 - AD 235. 1947.97.415","image_urls":["http://numismatics.org/collectionimages/19001949/1947/1947.97.415.rev.width350.jpg"]},{"from":222,"to":228,"title":"RIC IV Severus Alexander 144. 1905.57.589","image_urls":["http://numismatics.org/collectionimages/19001949/1905/1905.57.589.rev.width350.jpg"]},{"from":222,"to":235,"title":"Bronze Coin, Pergamum, AD 222 - AD 235. 1971.230.21","image_urls":["http://numismatics.org/collectionimages/19501999/1971/1971.230.21.rev.width350.jpg"]},{"from":222,"to":228,"title":"RIC IV Severus Alexander 133. 2004.14.149","image_urls":["http://numismatics.org/collectionimages/20002049/2004/2004.14.149.rev.width350.jpg"]},{"from":222,"to":228,"title":"RIC IV Severus Alexander 133. 1948.19.1832","image_urls":["http://numismatics.org/collectionimages/19001949/1948/1948.19.1832.rev.width350.jpg"]},{"from":222,"to":228,"title":"RIC IV Severus Alexander 182c. 1944.100.52537","image_urls":["http://numismatics.org/collectionimages/19001949/1944/1944.100.52537.rev.width350.jpg"]},{"from":222,"to":235,"title":"Bronze Coin, Odessus, AD 222 - AD 235. 1998.13.6","image_urls":["http://numismatics.org/collectionimages/19501999/1998/1998.13.6.rev.width350.jpg"]},{"from":222,"to":228,"title":"RIC IV Severus Alexander 165c. 1944.100.52522","image_urls":["http://numismatics.org/collectionimages/19001949/1944/1944.100.52522.rev.width350.jpg"]},{"from":222,"to":228,"title":"RIC IV Severus Alexander 147. 1944.100.52516","image_urls":["http://numismatics.org/collectionimages/19001949/1944/1944.100.52516.rev.width350.jpg"]},{"from":222,"to":228,"title":"RIC IV Severus Alexander 173. 1948.19.1841","image_urls":["http://numismatics.org/collectionimages/19001949/1948/1948.19.1841.rev.width350.jpg"]},{"from":222,"to":228,"title":"RIC IV Severus Alexander 141d. 1991.9.115","image_urls":["http://numismatics.org/collectionimages/19501999/1991/1991.9.115.rev.width350.jpg"]},{"from":222,"to":228,"title":"RIC IV Severus Alexander 139a. 1948.19.1838","image_urls":["http://numismatics.org/collectionimages/19001949/1948/1948.19.1838.rev.width350.jpg"]},{"from":222,"to":228,"title":"RIC IV Severus Alexander 127c. 1995.11.939","image_urls":["http://numismatics.org/collectionimages/19501999/1995/1995.11.939.rev.width350.jpg"]},{"from":222,"to":228,"title":"RIC IV Severus Alexander 154c. 1941.15.78","image_urls":["http://numismatics.org/collectionimages/19001949/1941/1941.15.78.rev.width350.jpg"]},{"from":222,"to":228,"title":"RIC IV Severus Alexander 127c. 1935.117.680","image_urls":["http://numismatics.org/collectionimages/19001949/1935/1935.117.680.rev.width350.jpg"]},{"from":222,"to":228,"title":"RIC IV Severus Alexander 168. 1944.100.52524","image_urls":["http://numismatics.org/collectionimages/19001949/1944/1944.100.52524.rev.width350.jpg"]},{"from":222,"to":228,"title":"RIC IV Severus Alexander 180c. 1935.117.691","image_urls":["http://numismatics.org/collectionimages/19001949/1935/1935.117.691.rev.width350.jpg"]},{"from":222,"to":235,"title":"Bronze Coin, Selge, AD 222 - AD 235. 1973.191.92","image_urls":["http://numismatics.org/collectionimages/19501999/1973/1973.191.92.rev.width350.jpg"]},{"from":222,"to":235,"title":"Bronze Dichalque, Caesareia ad Libanum, AD 222 - AD 235. 1992.54.821","image_urls":["http://numismatics.org/collectionimages/19501999/1992/1992.54.821.rev.width350.jpg"]},{"from":222,"to":228,"title":"RIC IV Severus Alexander 178d. 1944.100.52532","image_urls":["http://numismatics.org/collectionimages/19001949/1944/1944.100.52532.rev.width350.jpg"]},{"from":222,"to":228,"title":"RIC IV Severus Alexander 169. 1944.100.52526","image_urls":["http://numismatics.org/collectionimages/19001949/1944/1944.100.52526.rev.width350.jpg"]},{"from":222,"to":228,"title":"RIC IV Severus Alexander 155. 1948.19.1840","image_urls":["http://numismatics.org/collectionimages/19001949/1948/1948.19.1840.rev.width350.jpg"]},{"from":222,"to":228,"title":"RIC IV Severus Alexander 165c. 1978.64.469","image_urls":["http://numismatics.org/collectionimages/19501999/1978/1978.64.469.rev.width350.jpg"]}]