[{"from":223,"to":223,"title":"LIN-648005: A coin issued by Severus Alexander","image_urls":["https://finds.org.uk/images/adaubney/LIN796.JPG"]},{"from":223,"to":223,"title":"DUR-BCF0A7: A coin issued by Severus Alexander","image_urls":["https://finds.org.uk/images/brander/IMG_7105.jpg"]},{"from":223,"to":223,"title":"ESS-DB2767: A coin issued by Severus Alexander","image_urls":["https://finds.org.uk/images/cmcdonald/Sep%20Sev%20comp.jpg"]},{"from":223,"to":223,"title":"LVPL-1CAB76: A coin issued by Severus Alexander","image_urls":["https://finds.org.uk/images/nherepath/1CAB76.jpg"]},{"from":223,"to":223,"title":"BM-F03323: A coin issued by Severus Alexander","image_urls":["https://finds.org.uk/images/jasonlundock/5243.jpg"]},{"from":223,"to":223,"title":"BM-29A38C: A coin issued by Severus Alexander","image_urls":["https://finds.org.uk/images/vdrost/BM_29A38C_rev.JPG"]},{"from":223,"to":223,"title":"LVPL-E71300: A coin issued by Severus Alexander","image_urls":["https://finds.org.uk/images/voakden/LVPL-E71300.jpg"]},{"from":223,"to":223,"title":"WILT-9E5BC5: A coin issued by Severus Alexander","image_urls":["https://finds.org.uk/images/awillis/WILT-9E5BC5.jpg"]},{"from":223,"to":223,"title":"GLO-79FD15: A coin issued by Severus Alexander","image_urls":["https://finds.org.uk/images/kadams/GLO79FD15.jpg"]},{"from":223,"to":223,"title":"BM-6124D0: A coin issued by Severus Alexander","image_urls":["https://finds.org.uk/images/jasonlundock/5100.jpg"]},{"from":223,"to":223,"title":"BM-F072A3: A coin issued by Severus Alexander","image_urls":["https://finds.org.uk/images/jasonlundock/5211a.jpg"]},{"from":223,"to":223,"title":"NLM-359A05: A coin issued by Severus Alexander","image_urls":["https://finds.org.uk/images/mforeman/NLM23850.jpg"]},{"from":223,"to":223,"title":"NCL-771C78: A coin issued by Severus Alexander","image_urls":["https://finds.org.uk/images/pwalton/668.jpg"]},{"from":223,"to":223,"title":"NMS-AE0825: A coin issued by Severus Alexander","image_urls":["https://finds.org.uk/images/amarsden/KLMD122012sevalexden.jpg"]},{"from":223,"to":223,"title":"PUBLIC-04A6E5: A coin issued by Severus Alexander","image_urls":["https://finds.org.uk/images/kiwidigger/Severus%20Alexander%20denarius%2011%20Mar%202014%20reverse.JPG"]},{"from":223,"to":224,"title":"IOW-3679E5: A coin issued by Severus Alexander","image_urls":["https://finds.org.uk/images/fbasford/IOW2014-2-458.JPG"]},{"from":223,"to":228,"title":"PUBLIC-F13CD7: A coin issued by Severus Alexander","image_urls":["https://finds.org.uk/images/Linz/PUBLIC-F13CD7%20COIN.jpg"]},{"from":223,"to":223,"title":"NCL-0C3962: A coin issued by Severus Alexander","image_urls":["https://finds.org.uk/images/pwalton/1501.jpg"]}]