[{"from":224,"to":224,"title":"BERK-841870: A coin issued by Severus Alexander","image_urls":["https://finds.org.uk/images/maritime/90.%20Silver%20Roman%20Coin%2C%20Alexander%20Y90.jpg"]},{"from":224,"to":224,"title":"WMID-FC2312: A coin issued by Severus Alexander","image_urls":["https://finds.org.uk/images/tgilmore/WMID-FC2312.jpg"]},{"from":224,"to":224,"title":"LVPL-756893: A coin issued by Severus Alexander","image_urls":["https://finds.org.uk/images/tgilmore/LVPL-756893.jpg"]},{"from":224,"to":224,"title":"SUR-212678: A coin issued by Julia Mamaea","image_urls":["https://finds.org.uk/images/dwilliams/B12-83.JPG"]},{"from":224,"to":224,"title":"LANCUM-2B3972: A coin issued by Julia Mamaea","image_urls":["https://finds.org.uk/images/dboughton/LANCUM2B3972.jpg"]},{"from":224,"to":224,"title":"DOR-F53420: A coin issued by Severus Alexander","image_urls":["https://finds.org.uk/images/caht/F53420.JPG"]},{"from":224,"to":224,"title":"PUBLIC-CB91B4: A coin issued by Julia Mamaea","image_urls":["https://finds.org.uk/images/lucius/2013_02_24__01.jpg"]},{"from":224,"to":224,"title":"IOW-AC3F84: A coin issued by Severus Alexander","image_urls":["https://finds.org.uk/images/fbasford/IOW2009-1-724.JPG"]},{"from":224,"to":224,"title":"SOM-7AAE27: A coin issued by Severus Alexander","image_urls":["https://finds.org.uk/images/elburnett/SOM-7AAE27.jpg"]},{"from":224,"to":224,"title":"FAPJW-2D6143: A coin issued by Severus Alexander","image_urls":["https://finds.org.uk/images/pwalton/8097.jpg"]},{"from":224,"to":224,"title":"BH-D2BFE2: A coin issued by Severus Alexander","image_urls":["https://finds.org.uk/images/jwatters/Roman%20coin%2007%202%20-%2015.jpg"]}]