[{"from":225,"to":235,"title":"Denarius of Severus Alexander, Antioch, 218-224. 2001.4.3.","image_urls":["http://coins.lib.virginia.edu/images/coins/screen/n2001_4_3_rev.jpg"]},{"from":225,"to":225,"title":"NARC-6E8AB4: A coin issued by Severus Alexander","image_urls":["https://finds.org.uk/images/jcassidy/NARC-6E8AB4%20a.jpg"]},{"from":225,"to":240,"title":"NMS-D4F0CA: A coin issued by Severus Alexander","image_urls":["https://finds.org.uk/images/edarch/53068_D4F0CA_RB_CoinHoard1.jpg"]},{"from":225,"to":225,"title":"YORYM-003285: A coin issued by Orbiana","image_urls":["https://finds.org.uk/images/law/BR0023.jpg"]},{"from":225,"to":225,"title":"LIN-A1A6E4: A coin issued by Severus Alexander","image_urls":["https://finds.org.uk/images/adaubney/LIN2011-1330.jpg"]},{"from":225,"to":227,"title":"NCL-D2E056: A coin issued by Orbiana","image_urls":["https://finds.org.uk/images/dgumby/1040.jpg"]},{"from":225,"to":227,"title":"BM-C9ECA6: A coin issued by Orbiana","image_urls":["https://finds.org.uk/images/jasonlundock/825.jpg"]},{"from":225,"to":225,"title":"LIN-772FA2: A coin issued by Severus Alexander","image_urls":["https://finds.org.uk/images/adaubney/LIN2011-1324.jpg"]},{"from":225,"to":225,"title":"LIN-770076: A coin issued by Elagabalus","image_urls":["https://finds.org.uk/images/adaubney/LIN2011-1323.jpg"]},{"from":225,"to":227,"title":"YORYM-C2DCF2: A coin issued by Orbiana","image_urls":["https://finds.org.uk/images/bmorris/WS0204.jpg"]},{"from":225,"to":225,"title":"NLM-F21677: A coin issued by Severus Alexander","image_urls":["https://finds.org.uk/images/mforeman/NLM24790.jpg"]},{"from":225,"to":225,"title":"SOMDOR-A8B081: A coin issued by Severus Alexander","image_urls":["https://finds.org.uk/images/npayne/A8B081.jpg"]},{"from":225,"to":235,"title":"LEIC-4E2FC4: A coin issued by Julia Mamaea","image_urls":["https://finds.org.uk/images/wscott/BOS%201855%204E2FC4.jpg"]},{"from":225,"to":227,"title":"NCL-BDF4F6: A coin issued by Orbiana","image_urls":["https://finds.org.uk/images/pwalton/913.jpg"]},{"from":225,"to":225,"title":"BM-EE7DD5: A coin issued by Severus Alexander","image_urls":["https://finds.org.uk/images/jasonlundock/5253a.jpg"]},{"from":225,"to":225,"title":"IOW-9F88E1: A coin issued by Severus Alexander","image_urls":["https://finds.org.uk/images/fbasford/IOW2010-2-39.JPG"]},{"from":225,"to":227,"title":"NCL-B2DD25: A coin issued by Orbiana","image_urls":["https://finds.org.uk/images/pwalton/722.jpg"]},{"from":225,"to":227,"title":"WILT-7DC240: A coin issued by Orbiana","image_urls":["https://finds.org.uk/images/rhenry2/WILT7DC240.jpg"]},{"from":225,"to":235,"title":"RIC IV Severus Alexander 335. 1944.100.53321","image_urls":["http://numismatics.org/collectionimages/19001949/1944/1944.100.53321.rev.width350.jpg"]}]