[{"from":226,"to":226,"title":"HAMP-AADB77: A coin issued by Julia Mamaea","image_urls":["https://finds.org.uk/images/jmccrohan/Hamp%20AADB77.tif"]},{"from":226,"to":226,"title":"SUSS-2A5646: A coin issued by Julia Mamaea","image_urls":["https://finds.org.uk/images/lburnett/suss-2A5646.JPG"]},{"from":226,"to":226,"title":"NARC-418E57: A coin issued by Severus Alexander","image_urls":["https://finds.org.uk/images/jcassidy/NARC-418E57a.jpg"]},{"from":226,"to":226,"title":"LIN-4138B5: A coin issued by Julia Mamaea","image_urls":["https://finds.org.uk/images/adaubney/LIN8542.jpg"]},{"from":226,"to":226,"title":"LIN-0D14A8: A coin issued by Julia Mamaea","image_urls":["https://finds.org.uk/images/adaubney/LIN9269.jpg"]},{"from":226,"to":228,"title":"IOW-3D89E7: A coin issued by Severus Alexander","image_urls":["https://finds.org.uk/images/fbasford/IOW2010-2-74.JPG"]},{"from":226,"to":230,"title":"KENT-74D0E6: A coin issued by Severus Alexander","image_urls":["https://finds.org.uk/images/jbryan/KENT74D0E6.jpg"]},{"from":226,"to":226,"title":"NCL-2CBFD7: A coin issued by Severus Alexander","image_urls":["https://finds.org.uk/images/pwalton/SF276a.jpg"]},{"from":226,"to":226,"title":"BERK-B506B0: A coin issued by Severus Alexander","image_urls":["https://finds.org.uk/images/abyard/TDavis2010081.jpg"]},{"from":226,"to":227,"title":"YORYM-6630A1: A coin issued by Severus Alexander","image_urls":["https://finds.org.uk/images/yorkvol/TL0090.jpg"]},{"from":226,"to":226,"title":"IOW-5FE8EC: A coin issued by Julia Mamaea","image_urls":["https://finds.org.uk/images/fbasford/IOW2015518.JPG"]},{"from":226,"to":226,"title":"SUSS-EE95F6: A coin issued by Julia Mamaea","image_urls":["https://finds.org.uk/images/lwilson/FIV-275.jpg"]},{"from":226,"to":226,"title":"HAMP-559227: A coin issued by Severus Alexander","image_urls":["https://finds.org.uk/images/khindshamp/CoinRed1.jpg"]},{"from":226,"to":226,"title":"LIN-DA52D4: A coin issued by Julia Mamaea","image_urls":["https://finds.org.uk/images/adaubney/LIN2011-1013.jpg"]},{"from":226,"to":226,"title":"PUBLIC-042531: A coin issued by Severus Alexander","image_urls":["https://finds.org.uk/images/Linz/PUBLIC-042531%20COIN.jpg"]},{"from":226,"to":226,"title":"IOW-BF9212: A coin issued by Severus Alexander","image_urls":["https://finds.org.uk/images/fbasford/IOW2013-2-411.JPG"]},{"from":226,"to":226,"title":"SUR-283817: A coin issued by Julia Mamaea","image_urls":["https://finds.org.uk/images/dwilliams/B11-258.jpg"]},{"from":226,"to":226,"title":"SWYOR-DEEC17: A coin issued by Julia Mamaea","image_urls":["https://finds.org.uk/images/acooper/PAS_1095_coin1.jpg"]},{"from":226,"to":228,"title":"BH-6A4A4C: A coin issued by Severus Alexander","image_urls":["https://finds.org.uk/images/jwatters/Roman_coin_15_93_32.jpg"]},{"from":226,"to":226,"title":"SUSS-C4F3B5: A coin issued by Severus Alexander","image_urls":["https://finds.org.uk/images/lwalker/SUSS-C4F3B5.JPG"]},{"from":226,"to":226,"title":"LEIC-0539A2: A coin issued by Severus Alexander","image_urls":["https://finds.org.uk/images/wscott/0539A2.JPG"]},{"from":226,"to":226,"title":"SF-A67281: A coin issued by Severus Alexander","image_urls":["https://finds.org.uk/images/abrown/WMH_SF-A67281.jpg"]},{"from":226,"to":226,"title":"BH-E6D436: A coin issued by Severus Alexander","image_urls":["https://finds.org.uk/images/jwatters/Roman_coin_10_167_1.jpg"]},{"from":226,"to":231,"title":"NLM-BE9485: A coin issued by Severus Alexander","image_urls":["https://finds.org.uk/images/mforeman/NLM21766.jpg"]},{"from":226,"to":226,"title":"YORYM-25E491: A coin issued by Severus Alexander","image_urls":["https://finds.org.uk/images/bmorris/BL1113.jpg"]},{"from":226,"to":228,"title":"HAMP-5B7425: A coin issued by Severus Alexander","image_urls":["https://finds.org.uk/images/rwebley/HAMP-5B7425SeverusAlexanderdenarius.jpg"]},{"from":226,"to":226,"title":"DENO-33DBF4: A coin issued by Severus Alexander","image_urls":["https://finds.org.uk/images/ratherton/E6112%20den%20sev%20alex.jpg"]},{"from":226,"to":226,"title":"LIN-BBDE0E: A coin issued by Severus Alexander","image_urls":["https://finds.org.uk/images/adaubney/LIN-BBDE0E.jpg"]},{"from":226,"to":226,"title":"SOM-56F401: A coin issued by Severus Alexander","image_urls":["https://finds.org.uk/images/npayne/56F401.JPG"]},{"from":226,"to":226,"title":"ESS-422276: A coin issued by Severus Alexander","image_urls":["https://finds.org.uk/images/cmcdonald/Spall%20sev%20alexander.jpg"]},{"from":226,"to":228,"title":"SF-C50E76: A coin issued by Severus Alexander","image_urls":["https://finds.org.uk/images/abrown/WSW_SF-C50E76.jpg"]},{"from":226,"to":226,"title":"LIN-A7B131: A coin issued by Julia Mamaea","image_urls":["https://finds.org.uk/images/adaubney/LIN8779.JPG"]},{"from":226,"to":226,"title":"LIN-036047: A coin issued by Julia Mamaea","image_urls":["https://finds.org.uk/images/adaubney/LIN2011-56.jpg"]}]