[{"from":227,"to":227,"title":"BH-D89C22: A coin issued by Severus Alexander","image_urls":["https://finds.org.uk/images/jwatters/Roman_coin_15_63_11.jpg"]},{"from":227,"to":227,"title":"CAM-E416D2: A coin issued by Severus Alexander","image_urls":["https://finds.org.uk/images/hfowler/CAM-E416D2.jpg"]},{"from":227,"to":228,"title":"NARC-88EE00: A coin issued by Severus Alexander","image_urls":["https://finds.org.uk/images/jcassidy/NARC-88EE00%20a.jpg"]},{"from":227,"to":227,"title":"YORYM-C62E36: A coin issued by Severus Alexander","image_urls":["https://finds.org.uk/images/bmorris/BL1034.jpg"]},{"from":227,"to":227,"title":"LON-BEED62: A coin issued by Severus Alexander","image_urls":["https://finds.org.uk/images/kcreed/SeverusAlexDenarius.jpg"]},{"from":227,"to":227,"title":"YORYM-25D341: A coin issued by Severus Alexander","image_urls":["https://finds.org.uk/images/bmorris/BL1112.jpg"]},{"from":227,"to":227,"title":"LIN-B75CD6: A coin issued by Severus Alexander","image_urls":["https://finds.org.uk/images/adaubney/GL95.jpg"]},{"from":227,"to":227,"title":"SF-70D215: A coin issued by Severus Alexander","image_urls":["https://finds.org.uk/images/abrown/GreatMaplestead_SF70D215.jpg"]},{"from":227,"to":228,"title":"BERK-DC8C80: A coin issued by Severus Alexander","image_urls":["https://finds.org.uk/images/abyard/cranealexander.jpg"]},{"from":227,"to":228,"title":"ESS-C50FA1: A coin issued by Severus Alexander","image_urls":["https://finds.org.uk/images/cmcdonald/Brown%20Sev%20Alex%20den.jpg"]},{"from":227,"to":227,"title":"SF-F3A298: A coin issued by Severus Alexander","image_urls":["https://finds.org.uk/images/abrown/BDG_SF-F3A298.jpg"]},{"from":227,"to":227,"title":"IOW-83EAF8: A coin issued by Severus Alexander","image_urls":["https://finds.org.uk/images/fbasford/IOW2010-2-506.JPG"]},{"from":227,"to":227,"title":"NCL-BD4706: A coin issued by Severus Alexander","image_urls":["https://finds.org.uk/images/pwalton/1113.jpg"]},{"from":227,"to":227,"title":"LIN-19B421: A coin issued by Severus Alexander","image_urls":["https://finds.org.uk/images/awillis/LIN-19B421.jpg"]},{"from":227,"to":227,"title":"NCL-804C00: A coin issued by Severus Alexander","image_urls":["https://finds.org.uk/images/jswisko/IMG_2671.jpg"]},{"from":227,"to":227,"title":"LIN-EE3BD6: A coin issued by Severus Alexander","image_urls":["https://finds.org.uk/images/adaubney/LIN2011-429.jpg"]},{"from":227,"to":227,"title":"DENO-94C530: A coin issued by Severus Alexander","image_urls":["https://finds.org.uk/images/arohde/E5688%20denarius.jpg"]},{"from":227,"to":227,"title":"WILT-A04B01: A coin issued by Severus Alexander","image_urls":["https://finds.org.uk/images/rhenry2/WILTA04B01.jpg"]},{"from":227,"to":227,"title":"NMGW-4A45FA: A coin issued by Severus Alexander","image_urls":["https://finds.org.uk/images/wenkedomscheit/20141111jpg.jpg"]},{"from":227,"to":227,"title":"NCL-8ADD21: A coin issued by Severus Alexander","image_urls":["https://finds.org.uk/images/pwalton/838.jpg"]},{"from":227,"to":228,"title":"LIN-712986: A coin issued by Severus Alexander","image_urls":["https://finds.org.uk/images/adaubney/LW207.jpg"]},{"from":227,"to":228,"title":"FAPJW-60DCB1: A coin issued by Severus Alexander","image_urls":["https://finds.org.uk/images/pwalton/a7026.jpg"]},{"from":227,"to":227,"title":"SUR-89BCC4: A coin issued by Severus Alexander","image_urls":["https://finds.org.uk/images/dwilliams/07.596.JPG"]},{"from":227,"to":227,"title":"NCL-71AD74: A coin issued by Severus Alexander","image_urls":["https://finds.org.uk/images/pwalton/663.jpg"]},{"from":227,"to":227,"title":"BM-768B85: A coin issued by Severus Alexander","image_urls":["https://finds.org.uk/images/jasonlundock/907a.jpg"]},{"from":227,"to":227,"title":"KENT-DF8047: A coin issued by Severus Alexander","image_urls":["https://finds.org.uk/images/eeh7/KENT-DF8047.jpg"]}]