[{"from":228,"to":228,"title":"LEIC-C8D805: A coin issued by Julia Mamaea","image_urls":["https://finds.org.uk/images/wscott/DSCN0097.JPG"]},{"from":228,"to":235,"title":"FAPJW-8BAC74: A coin issued by Severus Alexander","image_urls":["https://finds.org.uk/images/pwalton/FAPJW_8BAC74_R.JPG"]},{"from":228,"to":235,"title":"DOR-95181A: A coin issued by Severus Alexander","image_urls":["https://finds.org.uk/images/jshoemark2/007.jpg"]},{"from":228,"to":231,"title":"GLO-D49D16: A coin issued by Severus Alexander","image_urls":["https://finds.org.uk/images/kadams/3278%20Roman%20coin.jpg"]},{"from":228,"to":231,"title":"NCL-C8EA91: A coin issued by Severus Alexander","image_urls":["https://finds.org.uk/images/dgumby/798.jpg"]},{"from":228,"to":228,"title":"SF-203000: A coin issued by Severus Alexander","image_urls":["https://finds.org.uk/images/abrown/WMH_SF-203000.jpg"]},{"from":228,"to":231,"title":"NCL-EED6B7: A coin issued by Severus Alexander","image_urls":["https://finds.org.uk/images/pwalton/1106.jpg"]},{"from":228,"to":341,"title":"SUR-9E5F45: A coin issued by Severus Alexander","image_urls":["https://finds.org.uk/images/dwilliams/07.737.JPG"]},{"from":228,"to":231,"title":"FAPJW-E5EC78: A coin issued by Severus Alexander","image_urls":["https://finds.org.uk/images/pwalton/795.jpg"]},{"from":228,"to":231,"title":"WILT-16E5B7: A coin issued by Severus Alexander","image_urls":["https://finds.org.uk/images/rhenry2/WILT-16E5B7.jpg"]},{"from":228,"to":231,"title":"SF-93FBC1: A coin issued by Severus Alexander","image_urls":["https://finds.org.uk/images/abrown/NKT_SF-93FBC1.jpg"]},{"from":228,"to":231,"title":"YORYM-271405: A coin issued by Severus Alexander","image_urls":["https://finds.org.uk/images/bmorris/TOB0047.jpg"]},{"from":228,"to":231,"title":"SF-30F606: A coin issued by Severus Alexander","image_urls":["https://finds.org.uk/images/gstewart/SNT_SF-30F606.jpg"]},{"from":228,"to":231,"title":"NCL-3A06B7: A coin issued by Severus Alexander","image_urls":["https://finds.org.uk/images/pwalton/SF568merg.jpg"]},{"from":228,"to":231,"title":"YORYM-10F7D8: A coin issued by Severus Alexander","image_urls":["https://finds.org.uk/images/bmorris/MP0096.jpg"]},{"from":228,"to":228,"title":"BM-F94F84: A coin issued by Severus Alexander","image_urls":["https://finds.org.uk/images/jasonlundock/5207.jpg"]},{"from":228,"to":228,"title":"WMID-E0C381: A coin issued by Severus Alexander","image_urls":["https://finds.org.uk/images/dslarke/ray%209%201108.jpg"]},{"from":228,"to":231,"title":"IOW-DC2AB8: A coin issued by Severus Alexander","image_urls":["https://finds.org.uk/images/fbasford/IOW2009-1-709.JPG"]},{"from":228,"to":231,"title":"SOM-DE0153: A coin issued by Severus Alexander","image_urls":["https://finds.org.uk/images/npayne/DE0153.JPG"]},{"from":228,"to":228,"title":"LIN-57A2A7: A coin issued by Julia Mamaea","image_urls":["https://finds.org.uk/images/adaubney/LIN2014_19.jpg"]},{"from":228,"to":231,"title":"BM-77CDC7: A coin issued by Severus Alexander","image_urls":["https://finds.org.uk/images/jasonlundock/1505.jpg"]},{"from":228,"to":228,"title":"BUC-AC9DF4: A coin issued by Severus Alexander","image_urls":["https://finds.org.uk/images/rtyrrell/Dscn4391.jpg"]},{"from":228,"to":231,"title":"SF-9B8C93: A coin issued by Severus Alexander","image_urls":["https://finds.org.uk/images/abrown/WMH_SF-9B8C93.jpg"]},{"from":228,"to":229,"title":"NCL-67E0B7: A coin issued by Severus Alexander","image_urls":["https://finds.org.uk/images/rcollins/Roman%20coin%2015.JPG"]},{"from":228,"to":235,"title":"LEIC-D4FA44: A coin issued by Severus Alexander","image_urls":["https://finds.org.uk/images/leicvol/LEIC-D4FA44.jpg"]},{"from":228,"to":228,"title":"ESS-7BE395: A coin issued by Severus Alexander","image_urls":["https://finds.org.uk/images/lmclean/1%20ESS-7BE395%20%20as%20of%20Severus%20Alexander.jpg"]},{"from":228,"to":235,"title":"BM-DE4475: A coin issued by Severus Alexander","image_urls":["https://finds.org.uk/images/beckyd/4233.jpg"]},{"from":228,"to":231,"title":"BM-DE2042: A coin issued by Severus Alexander","image_urls":["https://finds.org.uk/images/beckyd/4231.jpg"]},{"from":228,"to":231,"title":"FAPJW-B711D3: A coin issued by Severus Alexander","image_urls":["https://finds.org.uk/images/pwalton/5498.jpg"]},{"from":228,"to":231,"title":"SF-E32EB2: A coin issued by Severus Alexander","image_urls":["https://finds.org.uk/images/abrown/WMH_SF-E32EB2.jpg"]},{"from":228,"to":231,"title":"CAM-170BD1: A coin issued by Severus Alexander","image_urls":["https://finds.org.uk/images/hfowler/CAM-170BD1.jpg"]},{"from":228,"to":228,"title":"BERK-47925A: A coin issued by Severus Alexander","image_urls":["https://finds.org.uk/images/abyard/20131099.jpg"]},{"from":228,"to":231,"title":"CAM-587DC8: A coin issued by Severus Alexander","image_urls":["https://finds.org.uk/images/hfowler/CAM-587DC8.jpg"]},{"from":228,"to":231,"title":"NLM-F0B5C5: A coin issued by Severus Alexander","image_urls":["https://finds.org.uk/images/mforeman/NLM24777.jpg"]},{"from":228,"to":231,"title":"WAW-F14AE8: A coin issued by Severus Alexander","image_urls":["https://finds.org.uk/images/abolton/WAW-F14AE8.JPG"]},{"from":228,"to":231,"title":"SF-225BE8: A coin issued by Severus Alexander","image_urls":["https://finds.org.uk/images/abrown/Snetterton_SF-225BE8.jpg"]},{"from":228,"to":231,"title":"BM-EF1201: A coin issued by Severus Alexander","image_urls":["https://finds.org.uk/images/jasonlundock/5210.jpg"]},{"from":228,"to":231,"title":"SF-9D18F2: A coin issued by Severus Alexander","image_urls":["https://finds.org.uk/images/abrown/LKD%20SF-9D18F2.jpg"]},{"from":228,"to":231,"title":"YORYM-25F847: A coin issued by Severus Alexander","image_urls":["https://finds.org.uk/images/bmorris/BL1114.jpg"]},{"from":228,"to":228,"title":"LEIC-E963C6: A coin issued by Severus Alexander","image_urls":["https://finds.org.uk/images/wscott/E963C6.JPG"]},{"from":228,"to":228,"title":"WILT-A5AD51: A coin issued by Severus Alexander","image_urls":["https://finds.org.uk/images/awillis/WILT-A5AD51.jpg"]},{"from":228,"to":231,"title":"BM-F46C57: A coin issued by Severus Alexander","image_urls":["https://finds.org.uk/images/jasonlundock/5256.jpg"]},{"from":228,"to":231,"title":"NCL-BFD5D1: A coin issued by Severus Alexander","image_urls":["https://finds.org.uk/images/pwalton/4040.jpg"]},{"from":228,"to":228,"title":"BH-1633F0: A coin issued by Severus Alexander","image_urls":["https://finds.org.uk/images/jwatters/Roman_coin_12_105_2.jpg"]},{"from":228,"to":228,"title":"BM-85C541: A coin issued by Severus Alexander","image_urls":["https://finds.org.uk/images/jasonlundock/5192.jpg"]},{"from":228,"to":231,"title":"NCL-366B02: A coin issued by Severus Alexander","image_urls":["https://finds.org.uk/images/pwalton/772.jpg"]},{"from":228,"to":231,"title":"SF-E32195: A coin issued by Severus Alexander","image_urls":["https://finds.org.uk/images/abrown/WMH_SF-E32195.jpg"]},{"from":228,"to":231,"title":"BH-328203: A coin issued by Severus Alexander","image_urls":["https://finds.org.uk/images/jwatters/Roman_coin_12_33_29.jpg"]},{"from":228,"to":231,"title":"KENT-F16BD3: A coin issued by Severus Alexander","image_urls":["https://finds.org.uk/images/jjackson/17a%20034.jpg"]},{"from":228,"to":231,"title":"KENT-C3F662: A coin issued by Severus Alexander","image_urls":["https://finds.org.uk/images/jjackson/mcwilliams1.jpg"]},{"from":228,"to":228,"title":"WMID-20EE87: A coin issued by Severus Alexander","image_urls":["https://finds.org.uk/images/tbrindle/WMID-20EE87.jpg"]},{"from":228,"to":231,"title":"YORYM-CDA3A2: A coin issued by Severus Alexander","image_urls":["https://finds.org.uk/images/law/BR0050i.jpg"]},{"from":228,"to":228,"title":"YORYM-16A291: A coin issued by Severus Alexander","image_urls":["https://finds.org.uk/images/sholmes/16A291obv.jpg"]},{"from":228,"to":231,"title":"SWYOR-E8F9EC: A coin issued by Severus Alexander","image_urls":["https://finds.org.uk/images/acooper/PAS_2380_coin_Sev_alex.jpg"]},{"from":228,"to":231,"title":"NCL-941946: A coin issued by Severus Alexander","image_urls":["https://finds.org.uk/images/pwalton/941946.jpg"]},{"from":228,"to":231,"title":"BM-F4D432: A coin issued by Severus Alexander","image_urls":["https://finds.org.uk/images/jasonlundock/5282.jpg"]},{"from":228,"to":231,"title":"LANCUM-738336: A coin issued by Severus Alexander","image_urls":["https://finds.org.uk/images/dboughton/SRMDMR738336.jpg"]},{"from":228,"to":228,"title":"SF-1124A6: A coin issued by Severus Alexander","image_urls":["https://finds.org.uk/images/abrown/HNS_SF-1124A6.jpg"]},{"from":228,"to":228,"title":"YORYM-F415A5: A coin issued by Severus Alexander","image_urls":["https://finds.org.uk/images/bethe/YORYM-F415A5.jpg"]},{"from":228,"to":228,"title":"SWYOR-23D5D1: A coin issued by Severus Alexander","image_urls":["https://finds.org.uk/images/acooper/PAS_2567_severus.jpg"]},{"from":228,"to":228,"title":"NCL-EE4461: A coin issued by Severus Alexander","image_urls":["https://finds.org.uk/images/pwalton/1221.jpg"]},{"from":228,"to":231,"title":"YORYM-653DD8: A coin issued by Severus Alexander","image_urls":["https://finds.org.uk/images/law/DCr0064.jpg"]},{"from":228,"to":231,"title":"RIC IV Severus Alexander 200a. 1944.100.52546","image_urls":["http://numismatics.org/collectionimages/19001949/1944/1944.100.52546.rev.width350.jpg"]},{"from":228,"to":231,"title":"RIC IV Severus Alexander 193a. 1946.7.41","image_urls":["http://numismatics.org/collectionimages/19001949/1946/1946.7.41.rev.width350.jpg"]},{"from":228,"to":231,"title":"RIC IV Severus Alexander 190a. 1948.19.1849","image_urls":["http://numismatics.org/collectionimages/19001949/1948/1948.19.1849.rev.width350.jpg"]},{"from":228,"to":231,"title":"RIC IV Severus Alexander 212a. 1944.100.52551","image_urls":["http://numismatics.org/collectionimages/19001949/1944/1944.100.52551.rev.width350.jpg"]},{"from":228,"to":231,"title":"RIC IV Severus Alexander 200a. 1905.57.591","image_urls":["http://numismatics.org/collectionimages/19001949/1905/1905.57.591.rev.width350.jpg"]},{"from":228,"to":231,"title":"RIC IV Severus Alexander 194a. 1944.100.52545","image_urls":["http://numismatics.org/collectionimages/19001949/1944/1944.100.52545.rev.width350.jpg"]},{"from":228,"to":231,"title":"RIC IV Severus Alexander 205. 1935.117.697","image_urls":["http://numismatics.org/collectionimages/19001949/1935/1935.117.697.rev.width350.jpg"]},{"from":228,"to":231,"title":"RIC IV Severus Alexander 187. 1944.100.52542","image_urls":["http://numismatics.org/collectionimages/19001949/1944/1944.100.52542.rev.width350.jpg"]},{"from":228,"to":231,"title":"RIC IV Severus Alexander 200a. 1941.15.80","image_urls":["http://numismatics.org/collectionimages/19001949/1941/1941.15.80.rev.width350.jpg"]},{"from":228,"to":231,"title":"RIC IV Severus Alexander 220a. 1948.19.1852","image_urls":["http://numismatics.org/collectionimages/19001949/1948/1948.19.1852.rev.width350.jpg"]},{"from":228,"to":231,"title":"RIC IV Severus Alexander 224. 1944.100.52557","image_urls":["http://numismatics.org/collectionimages/19001949/1944/1944.100.52557.rev.width350.jpg"]},{"from":228,"to":231,"title":"RIC IV Severus Alexander 219a. 1935.117.698","image_urls":["http://numismatics.org/collectionimages/19001949/1935/1935.117.698.rev.width350.jpg"]},{"from":228,"to":231,"title":"RIC IV Severus Alexander 200a. 1985.140.199","image_urls":["http://numismatics.org/collectionimages/19501999/1985/1985.140.199.rev.width350.jpg"]},{"from":228,"to":231,"title":"RIC IV Severus Alexander 184a. 1935.117.694","image_urls":["http://numismatics.org/collectionimages/19001949/1935/1935.117.694.rev.width350.jpg"]},{"from":228,"to":231,"title":"RIC IV Severus Alexander 208. 1935.117.688","image_urls":["http://numismatics.org/collectionimages/19001949/1935/1935.117.688.rev.width350.jpg"]},{"from":228,"to":231,"title":"RIC IV Severus Alexander 205. 1987.59.11","image_urls":["http://numismatics.org/collectionimages/19501999/1987/1987.59.11.rev.width350.jpg"]},{"from":228,"to":231,"title":"RIC IV Severus Alexander 193a. 1955.67.2","image_urls":["http://numismatics.org/collectionimages/19501999/1955/1955.67.2.rev.width350.jpg"]},{"from":228,"to":231,"title":"RIC IV Severus Alexander 226a. 1948.19.1855","image_urls":["http://numismatics.org/collectionimages/19001949/1948/1948.19.1855.rev.width350.jpg"]},{"from":228,"to":231,"title":"RIC IV Severus Alexander 184a. 1995.11.941","image_urls":["http://numismatics.org/collectionimages/19501999/1995/1995.11.941.rev.width350.jpg"]},{"from":228,"to":231,"title":"RIC IV Severus Alexander 185. 1941.15.79","image_urls":["http://numismatics.org/collectionimages/19001949/1941/1941.15.79.rev.width350.jpg"]},{"from":228,"to":231,"title":"RIC IV Severus Alexander 200a. 1935.117.696","image_urls":["http://numismatics.org/collectionimages/19001949/1935/1935.117.696.rev.width350.jpg"]},{"from":228,"to":231,"title":"RIC IV Severus Alexander 220a. 1935.117.699","image_urls":["http://numismatics.org/collectionimages/19001949/1935/1935.117.699.rev.width350.jpg"]},{"from":228,"to":231,"title":"RIC IV Severus Alexander 184a. 1944.100.52541","image_urls":["http://numismatics.org/collectionimages/19001949/1944/1944.100.52541.rev.width350.jpg"]},{"from":228,"to":231,"title":"RIC IV Severus Alexander 221a. 1944.100.52556","image_urls":["http://numismatics.org/collectionimages/19001949/1944/1944.100.52556.rev.width350.jpg"]},{"from":228,"to":231,"title":"RIC IV Severus Alexander 226a. 1935.117.700","image_urls":["http://numismatics.org/collectionimages/19001949/1935/1935.117.700.rev.width350.jpg"]},{"from":228,"to":231,"title":"RIC IV Severus Alexander 193a. 1944.100.52544","image_urls":["http://numismatics.org/collectionimages/19001949/1944/1944.100.52544.rev.width350.jpg"]},{"from":228,"to":231,"title":"RIC IV Severus Alexander 226a. 1944.100.52559","image_urls":["http://numismatics.org/collectionimages/19001949/1944/1944.100.52559.rev.width350.jpg"]},{"from":228,"to":231,"title":"RIC IV Severus Alexander 190a. 1948.19.1845","image_urls":["http://numismatics.org/collectionimages/19001949/1948/1948.19.1845.rev.width350.jpg"]},{"from":228,"to":231,"title":"RIC IV Severus Alexander 226a. 1905.57.596","image_urls":["http://numismatics.org/collectionimages/19001949/1905/1905.57.596.rev.width350.jpg"]},{"from":228,"to":231,"title":"RIC IV Severus Alexander 208. 1944.100.52550","image_urls":["http://numismatics.org/collectionimages/19001949/1944/1944.100.52550.rev.width350.jpg"]},{"from":228,"to":231,"title":"RIC IV Severus Alexander 219a. 1905.57.593","image_urls":["http://numismatics.org/collectionimages/19001949/1905/1905.57.593.rev.width350.jpg"]},{"from":228,"to":231,"title":"RIC IV Severus Alexander 200a. 1944.100.52547","image_urls":["http://numismatics.org/collectionimages/19001949/1944/1944.100.52547.rev.width350.jpg"]},{"from":228,"to":231,"title":"RIC IV Severus Alexander 219a. 1948.19.1851","image_urls":["http://numismatics.org/collectionimages/19001949/1948/1948.19.1851.rev.width350.jpg"]},{"from":228,"to":231,"title":"RIC IV Severus Alexander 224. 1948.19.1854","image_urls":["http://numismatics.org/collectionimages/19001949/1948/1948.19.1854.rev.width350.jpg"]},{"from":228,"to":231,"title":"RIC IV Severus Alexander 205. 1948.19.1848","image_urls":["http://numismatics.org/collectionimages/19001949/1948/1948.19.1848.rev.width350.jpg"]},{"from":228,"to":231,"title":"RIC IV Severus Alexander 226a. 1944.100.52560","image_urls":["http://numismatics.org/collectionimages/19001949/1944/1944.100.52560.rev.width350.jpg"]},{"from":228,"to":231,"title":"RIC IV Severus Alexander 220a. 1905.57.594","image_urls":["http://numismatics.org/collectionimages/19001949/1905/1905.57.594.rev.width350.jpg"]},{"from":228,"to":231,"title":"RIC IV Severus Alexander 220a. 1944.100.52554","image_urls":["http://numismatics.org/collectionimages/19001949/1944/1944.100.52554.rev.width350.jpg"]},{"from":228,"to":231,"title":"RIC IV Severus Alexander 202. 1944.100.52548","image_urls":["http://numismatics.org/collectionimages/19001949/1944/1944.100.52548.rev.width350.jpg"]},{"from":228,"to":231,"title":"RIC IV Severus Alexander 190a. 1948.19.1846","image_urls":["http://numismatics.org/collectionimages/19001949/1948/1948.19.1846.rev.width350.jpg"]},{"from":228,"to":231,"title":"RIC IV Severus Alexander 219a. 1944.100.52553","image_urls":["http://numismatics.org/collectionimages/19001949/1944/1944.100.52553.rev.width350.jpg"]},{"from":228,"to":231,"title":"RIC IV Severus Alexander 190a. 1991.9.118","image_urls":["http://numismatics.org/collectionimages/19501999/1991/1991.9.118.rev.width350.jpg"]},{"from":228,"to":231,"title":"RIC IV Severus Alexander 226a. 1944.100.52561","image_urls":["http://numismatics.org/collectionimages/19001949/1944/1944.100.52561.rev.width350.jpg"]},{"from":228,"to":231,"title":"RIC IV Severus Alexander 190a. 1948.19.1844","image_urls":["http://numismatics.org/collectionimages/19001949/1948/1948.19.1844.rev.width350.jpg"]},{"from":228,"to":231,"title":"RIC IV Severus Alexander 202. 1905.57.592","image_urls":["http://numismatics.org/collectionimages/19001949/1905/1905.57.592.rev.width350.jpg"]},{"from":228,"to":231,"title":"RIC IV Severus Alexander 208. 1948.19.1850","image_urls":["http://numismatics.org/collectionimages/19001949/1948/1948.19.1850.rev.width350.jpg"]},{"from":228,"to":231,"title":"RIC IV Severus Alexander 221a. 1944.100.52555","image_urls":["http://numismatics.org/collectionimages/19001949/1944/1944.100.52555.rev.width350.jpg"]},{"from":228,"to":231,"title":"RIC IV Severus Alexander 224. 1905.57.595","image_urls":["http://numismatics.org/collectionimages/19001949/1905/1905.57.595.rev.width350.jpg"]},{"from":228,"to":231,"title":"RIC IV Severus Alexander 193a. 1948.19.1847","image_urls":["http://numismatics.org/collectionimages/19001949/1948/1948.19.1847.rev.width350.jpg"]},{"from":228,"to":231,"title":"RIC IV Severus Alexander 221a. 1948.19.1853","image_urls":["http://numismatics.org/collectionimages/19001949/1948/1948.19.1853.rev.width350.jpg"]},{"from":228,"to":231,"title":"RIC IV Severus Alexander 190a. 1944.100.52543","image_urls":["http://numismatics.org/collectionimages/19001949/1944/1944.100.52543.rev.width350.jpg"]},{"from":228,"to":231,"title":"RIC IV Severus Alexander 224. 1944.100.52558","image_urls":["http://numismatics.org/collectionimages/19001949/1944/1944.100.52558.rev.width350.jpg"]},{"from":228,"to":231,"title":"RIC IV Severus Alexander 215d. 1985.140.177","image_urls":["http://numismatics.org/collectionimages/19501999/1985/1985.140.177.rev.width350.jpg"]},{"from":228,"to":231,"title":"RIC IV Severus Alexander 212a. 1944.100.52552","image_urls":["http://numismatics.org/collectionimages/19001949/1944/1944.100.52552.rev.width350.jpg"]},{"from":228,"to":231,"title":"RIC IV Severus Alexander 205. 1944.100.52549","image_urls":["http://numismatics.org/collectionimages/19001949/1944/1944.100.52549.rev.width350.jpg"]},{"from":228,"to":231,"title":"RIC IV Severus Alexander 193a. 1935.117.695","image_urls":["http://numismatics.org/collectionimages/19001949/1935/1935.117.695.rev.width350.jpg"]}]