[{"from":229,"to":229,"title":"LEIC-9FF741: A coin issued by Severus Alexander","image_urls":["https://finds.org.uk/images/wscott/9FF741.JPG"]},{"from":229,"to":229,"title":"HAMP-99CDE6: A coin issued by Severus Alexander","image_urls":["https://finds.org.uk/images/jmccrohan/Hamp%2099CDE6.tif"]},{"from":229,"to":235,"title":"DUR-BE6024: A coin issued by Severus Alexander","image_urls":["https://finds.org.uk/images/emorris/IMG_9125.jpg"]},{"from":229,"to":229,"title":"FAPJW-2D9946: A coin issued by Severus Alexander","image_urls":["https://finds.org.uk/images/pwalton/9004.jpg"]},{"from":229,"to":229,"title":"BM-9ABD86: A coin issued by Severus Alexander","image_urls":["https://finds.org.uk/images/jasonlundock/4008.jpg"]},{"from":229,"to":229,"title":"CAM-2FEB36: A coin issued by Severus Alexander","image_urls":["https://finds.org.uk/images/hfowler/CAM-2FEB36.jpg"]},{"from":229,"to":229,"title":"NCL-CF75D7: A coin issued by Severus Alexander","image_urls":["https://finds.org.uk/images/pwalton/594.jpg"]},{"from":229,"to":229,"title":"IOW-DCC2C1: A coin issued by Severus Alexander","image_urls":["https://finds.org.uk/images/fbasford/IOW2014-1-151a.JPG"]},{"from":229,"to":229,"title":"SUR-32C692: A coin issued by Severus Alexander","image_urls":["https://finds.org.uk/images/margaretb/09.806.jpg"]},{"from":229,"to":229,"title":"NCL-FC6CC6: A coin issued by Severus Alexander","image_urls":["https://finds.org.uk/images/pwalton/869.jpg"]},{"from":229,"to":229,"title":"IOW-411536: A coin issued by Severus Alexander","image_urls":["https://finds.org.uk/images/fbasford/IOW2007-10-92.JPG"]},{"from":229,"to":229,"title":"WILT-C4DCA4: A coin issued by Severus Alexander","image_urls":["https://finds.org.uk/images/khinds/Closier0807sevalex.jpg"]},{"from":229,"to":229,"title":"YORYM-372156: A coin issued by Severus Alexander","image_urls":["https://finds.org.uk/images/yorkvol/CSh0018.jpg"]},{"from":229,"to":229,"title":"SUSS-256A92: A coin issued by Severus Alexander","image_urls":["https://finds.org.uk/images/archer/SUSS-256A92%20%20Ticket%208.jpg"]},{"from":229,"to":229,"title":"WMID-76B2C2: A coin issued by Severus Alexander","image_urls":["https://finds.org.uk/images/dslarke/holden%20den%200609_edited-1.jpg"]},{"from":229,"to":231,"title":"BERK-2F3194: A coin issued by Severus Alexander","image_urls":["https://finds.org.uk/images/abyard/2014584.jpg"]},{"from":229,"to":230,"title":"Bronze Coin, Anazarbus, AD 229 - AD 230. 2000.8.23","image_urls":["http://numismatics.org/collectionimages/20002049/2000/2000.8.23.rev.width350.jpg"]}]