[{"from":230,"to":230,"title":"LIN-97ADB2: A coin issued by Severus Alexander","image_urls":["https://finds.org.uk/images/adaubney/LIN2012-110.jpg"]},{"from":230,"to":230,"title":"SWYOR-273DA1: A coin issued by Severus Alexander","image_urls":["https://finds.org.uk/images/acooper/PAS_992_coin.jpg"]},{"from":230,"to":250,"title":"FAPJW-14C992: A coin issued by Julia Domna","image_urls":["https://finds.org.uk/images/pwalton/fapjw14c992.jpg"]},{"from":230,"to":230,"title":"WILT-913D38: A coin issued by Severus Alexander","image_urls":["https://finds.org.uk/images/jshoemark/WILT-913D38.jpg"]},{"from":230,"to":230,"title":"IOW-73FC02: A coin issued by Severus Alexander","image_urls":["https://finds.org.uk/images/fbasford/IOW2013-2-337800dpi.JPG"]},{"from":230,"to":232,"title":"BM-F05DE2: A coin issued by Severus Alexander","image_urls":["https://finds.org.uk/images/jasonlundock/5281.jpg"]},{"from":230,"to":230,"title":"NCL-0708A6: A coin issued by Severus Alexander","image_urls":["https://finds.org.uk/images/pwalton/770.jpg"]},{"from":230,"to":230,"title":"ESS-852322: A coin issued by Severus Alexander","image_urls":["https://finds.org.uk/images/bpaites/ESS852322SeverusAlexander.jpg"]},{"from":230,"to":230,"title":"LIN-9A7293: A coin issued by Severus Alexander","image_urls":["https://finds.org.uk/images/adaubney/LIN9511.jpg"]},{"from":230,"to":230,"title":"NCL-384802: A coin issued by Severus Alexander","image_urls":["https://finds.org.uk/images/pwalton/811.jpg"]},{"from":230,"to":230,"title":"LIN-B76E28: A coin issued by Julia Mamaea","image_urls":["https://finds.org.uk/images/adaubney/GL96.jpg"]},{"from":230,"to":230,"title":"HAMP-FB4F95: A coin issued by Severus Alexander","image_urls":["https://finds.org.uk/images/rwebley/HAMP-FB4F95SeverusAlexAs.jpg"]},{"from":230,"to":230,"title":"LEIC-99A413: A coin issued by Severus Alexander","image_urls":["https://finds.org.uk/images/wscott/99A413.JPG"]},{"from":230,"to":231,"title":"Bronze Drachm, Alexandreia, AD 230 - AD 231. 1944.100.64692","image_urls":["http://numismatics.org/collectionimages/19001949/1944/1944.100.64692.rev.width350.jpg"]},{"from":230,"to":231,"title":"Bronze Drachm, Alexandreia, AD 230 - AD 231. 1944.100.64688","image_urls":["http://numismatics.org/collectionimages/19001949/1944/1944.100.64688.rev.width350.jpg"]},{"from":230,"to":231,"title":"Bronze Diobol, Alexandreia, AD 230 - AD 231. 1944.100.64693","image_urls":["http://numismatics.org/collectionimages/19001949/1944/1944.100.64693.rev.width350.jpg"]}]