[{"from":231,"to":235,"title":"Denarius of Severus Alexander, Rome, 231-235. 1989.19.20.","image_urls":["http://coins.lib.virginia.edu/images/coins/screen/n1989_19_20_rev.jpg"]},{"from":231,"to":231,"title":"HAMP-C60813: A coin issued by Severus Alexander","image_urls":["https://finds.org.uk/images/rhenry/HAMP-C60813SeverusAlexander.jpg"]},{"from":231,"to":231,"title":"LIN-DE7FE0: A coin issued by Julia Mamaea","image_urls":["https://finds.org.uk/images/adaubney/LIN2013-992.jpg"]},{"from":231,"to":235,"title":"HESH-A5B974: A coin issued by Julia Mamaea","image_urls":["https://finds.org.uk/images/preavill/HESH-A5B974.jpg"]},{"from":231,"to":231,"title":"SF-F87575: A coin issued by Severus Alexander","image_urls":["https://finds.org.uk/images/abrown/BRD_SF-F87575.JPG"]},{"from":231,"to":232,"title":"WAW-FCD526: A coin issued by Severus Alexander","image_urls":["https://finds.org.uk/images/abolton/WAW-FCD526a.jpg"]},{"from":231,"to":231,"title":"SUR-A605A7: A coin issued by Severus Alexander","image_urls":["https://finds.org.uk/images/dwilliams/07.162.JPG"]},{"from":231,"to":231,"title":"BM-EECFD3: A coin issued by Severus Alexander","image_urls":["https://finds.org.uk/images/jasonlundock/5249.jpg"]},{"from":231,"to":235,"title":"KENT-36138C: A coin issued by Severus Alexander","image_urls":["https://finds.org.uk/images/jjackson/KENT36138C.jpg"]},{"from":231,"to":231,"title":"HAMP-5FC064: A coin issued by Severus Alexander","image_urls":["https://finds.org.uk/images/khindshamp/HAMP-5FC064.jpg"]},{"from":231,"to":235,"title":"IOW-3F28B3: A coin issued by Severus Alexander","image_urls":["https://finds.org.uk/images/fbasford/IOW2007-1-555.JPG"]},{"from":231,"to":235,"title":"YORYM-8D9439: A coin issued by Severus Alexander","image_urls":["https://finds.org.uk/images/bmorris/RoD0368.jpg"]},{"from":231,"to":235,"title":"BH-E7F443: A coin issued by Severus Alexander","image_urls":["https://finds.org.uk/images/jwatters/Roman%20coin%2010%2099%20-%201.jpg"]},{"from":231,"to":235,"title":"CAM-5386B2: A coin issued by Severus Alexander","image_urls":["https://finds.org.uk/images/hfowler/CAM-5386B2.jpg"]},{"from":231,"to":235,"title":"LVPL-5FA0BD: A coin issued by Severus Alexander","image_urls":["https://finds.org.uk/images/voakden/LVPL-5FA0BD.jpg"]},{"from":231,"to":235,"title":"YORYM-D3EC9A: A coin issued by Severus Alexander","image_urls":["https://finds.org.uk/images/bmorris/BM0037.jpg"]},{"from":231,"to":235,"title":"SOM-43A006: A coin issued by Severus Alexander","image_urls":["https://finds.org.uk/images/elburnett/SOM43A006.JPG"]},{"from":231,"to":231,"title":"NCL-38F843: A coin issued by Severus Alexander","image_urls":["https://finds.org.uk/images/pwalton/566.jpg"]},{"from":231,"to":231,"title":"BERK-B954E5: A coin with an unrecorded/uncertain issuer.","image_urls":["https://finds.org.uk/images/maritime/7%20Berk%20B954E5.jpg"]},{"from":231,"to":231,"title":"LIN-D143A5: A coin issued by Julia Mamaea","image_urls":["https://finds.org.uk/images/adaubney/LIN8711.JPG"]},{"from":231,"to":235,"title":"YORYM-02C4A5: A coin issued by Severus Alexander","image_urls":["https://finds.org.uk/images/bmorris/PR0025.jpg"]},{"from":231,"to":235,"title":"NCL-F50AB5: A coin issued by Severus Alexander","image_urls":["https://finds.org.uk/images/pwalton/912.jpg"]},{"from":231,"to":231,"title":"YORYM-257DB4: A coin issued by Severus Alexander","image_urls":["https://finds.org.uk/images/bmorris/PD0074.jpg"]},{"from":231,"to":235,"title":"BM-205DAC: A coin issued by Severus Alexander","image_urls":["https://finds.org.uk/images/vdrost/BM-205DAC-R.JPG"]},{"from":231,"to":235,"title":"NCL-E36D60: A coin issued by Severus Alexander","image_urls":["https://finds.org.uk/images/pwalton/692.jpg"]},{"from":231,"to":231,"title":"LEIC-69D824: A coin issued by Severus Alexander","image_urls":["https://finds.org.uk/images/wscott/69D824.JPG"]},{"from":231,"to":235,"title":"BH-8183C5: A coin issued by Severus Alexander","image_urls":["https://finds.org.uk/images/jwatters/Roman_coin_15_20_123.jpg"]},{"from":231,"to":235,"title":"WILT-46A5A1: A coin issued by Severus Alexander","image_urls":["https://finds.org.uk/images/rhenry2/WILT-46A5A1.jpg"]},{"from":231,"to":235,"title":"IOW-23BFA4: A coin issued by Severus Alexander","image_urls":["https://finds.org.uk/images/fbasford/IOW2011-2-126.JPG"]},{"from":231,"to":235,"title":"LIN-052301: A coin issued by Caracalla","image_urls":["https://finds.org.uk/images/adaubney/LIN2012-700.jpg"]},{"from":231,"to":235,"title":"IOW-D9835C: A coin issued by Severus Alexander","image_urls":["https://finds.org.uk/images/fbasford/2015T620.JPG"]},{"from":231,"to":235,"title":"HAMP-2C0F52: A coin issued by Severus Alexander","image_urls":["https://finds.org.uk/images/dwill2/Hamp%202C0F52.tif"]},{"from":231,"to":235,"title":"YORYM-2A4803: A coin issued by Severus Alexander","image_urls":["https://finds.org.uk/images/bmorris/WS0022.jpg"]},{"from":231,"to":231,"title":"LEIC-81ABD4: A coin issued by Severus Alexander","image_urls":["https://finds.org.uk/images/wscott/81ABD4.JPG"]},{"from":231,"to":235,"title":"NCL-FD5033: A coin issued by Severus Alexander","image_urls":["https://finds.org.uk/images/pwalton/870.jpg"]},{"from":231,"to":235,"title":"HAMP-A7AF74: A coin issued by Severus Alexander","image_urls":["https://finds.org.uk/images/jmccrohan/Hamp%20A74F74.tif"]},{"from":231,"to":235,"title":"SUSS-F13D0A: A coin issued by Severus Alexander","image_urls":["https://finds.org.uk/images/stephaniesmith/SUSSF13D0A.jpg"]},{"from":231,"to":235,"title":"ESS-55AAC1: A coin issued by Severus Alexander","image_urls":["https://finds.org.uk/images/kmarsden/ESS-55AAC1.jpg"]},{"from":231,"to":235,"title":"CAM-5BE834: A coin issued by Severus Alexander","image_urls":["https://finds.org.uk/images/hfowler/CAM-5BE834.jpg"]},{"from":231,"to":235,"title":"YORYM-FD8BA3: A coin issued by Severus Alexander","image_urls":["https://finds.org.uk/images/law/KSB0020.jpg"]},{"from":231,"to":235,"title":"RIC IV Severus Alexander 251. 1944.100.52574","image_urls":["http://numismatics.org/collectionimages/19001949/1944/1944.100.52574.rev.width350.jpg"]}]