[{"from":232,"to":232,"title":"IOW-19F341: A coin issued by Severus Alexander","image_urls":["https://finds.org.uk/images/fbasford/IOW2012-1-461.JPG"]},{"from":232,"to":232,"title":"HAMP-955F23: A coin issued by Severus Alexander","image_urls":["https://finds.org.uk/images/rwebley/HAMP-955F23SeverusAlexanderdenarius.jpg"]},{"from":232,"to":232,"title":"CAM-F6F4F0: A coin issued by Severus Alexander","image_urls":["https://finds.org.uk/images/hfowler/CAM-F6F4F0.jpg"]},{"from":232,"to":232,"title":"IOW-DACA32: A coin issued by Severus Alexander","image_urls":["https://finds.org.uk/images/fbasford/IOW2005-113-2.JPG"]},{"from":232,"to":232,"title":"NMS-010506: A coin issued by Severus Alexander","image_urls":["https://finds.org.uk/images/amarsden/FLITCHAM%20sev%20alex%20den%2052540.jpg"]},{"from":232,"to":232,"title":"LEIC-C7BF7A: A coin issued by Severus Alexander","image_urls":["https://finds.org.uk/images/philharding/CAD2580c.jpg"]},{"from":232,"to":232,"title":"KENT-D1EAC3: A coin issued by Julia Mamaea","image_urls":["https://finds.org.uk/images/gburr/DSCN5351.JPG"]},{"from":232,"to":232,"title":"BM-F4A370: A coin issued by Severus Alexander","image_urls":["https://finds.org.uk/images/jasonlundock/5249a.jpg"]}]