[{"from":233,"to":235,"title":"NARC-A91123: A coin issued by Severus Alexander","image_urls":["https://finds.org.uk/images/tbrindle/NARC-A91123.jpg"]},{"from":233,"to":235,"title":"YORYM-260926: A coin issued by Severus Alexander","image_urls":["https://finds.org.uk/images/bmorris/BL1115.jpg"]},{"from":233,"to":233,"title":"NLM-F7DF50: A coin issued by Severus Alexander","image_urls":["https://finds.org.uk/images/mforeman/NLM21777.jpg"]},{"from":233,"to":235,"title":"BH-0ADE32: A coin issued by Severus Alexander","image_urls":["https://finds.org.uk/images/jwatters/Roman_coin_12_182_26a.jpg"]},{"from":233,"to":235,"title":"NLM-79782F: A coin issued by Severus Alexander","image_urls":["https://finds.org.uk/images/mforeman/NLM26661.jpg"]},{"from":233,"to":235,"title":"BM-49C2A2: A coin issued by Severus Alexander","image_urls":["https://finds.org.uk/images/vdrost/DSC02046.JPG"]},{"from":233,"to":233,"title":"FAPJW-E0C5B1: A coin issued by Severus Alexander","image_urls":["https://finds.org.uk/images/pwalton/5082.jpg"]},{"from":233,"to":235,"title":"YORYM-ADF8F3: A coin issued by Severus Alexander","image_urls":["https://finds.org.uk/images/ellie/BB%20811.jpg"]},{"from":233,"to":233,"title":"FAPJW-6127E7: A coin issued by Severus Alexander","image_urls":["https://finds.org.uk/images/pwalton/7018.jpg"]},{"from":233,"to":233,"title":"NCL-592216: A coin issued by Severus Alexander","image_urls":["https://finds.org.uk/images/pwalton/4413.jpg"]},{"from":233,"to":235,"title":"YORYM-5001F3: A coin issued by Severus Alexander","image_urls":["https://finds.org.uk/images/bmorris/RWH0077.jpg"]}]