[{"from":235,"to":236,"title":"Sestertius of Maximinus Thrax, Rome, A.D. 235. 1989.19.21.","image_urls":["http://coins.lib.virginia.edu/images/coins/screen/n1989_19_21_rev.jpg"]},{"from":235,"to":238,"title":"ESS-14DA26: A coin issued by Maximinus","image_urls":["https://finds.org.uk/images/eloise77/ESS-14DA26.jpg"]},{"from":235,"to":238,"title":"LEIC-F48520: A coin issued by Maximinus","image_urls":["https://finds.org.uk/images/MeredithLaing/LEIC-F48520.jpg"]},{"from":235,"to":236,"title":"NCL-6119C0: A coin issued by Maximinus","image_urls":["https://finds.org.uk/images/pwalton/4830.jpg"]},{"from":235,"to":238,"title":"NCL-D04712: A coin issued by Maximinus","image_urls":["https://finds.org.uk/images/pwalton/597.jpg"]},{"from":235,"to":238,"title":"SF-C6A845: A coin issued by Maximinus","image_urls":["https://finds.org.uk/images/fminter/WMH005SF-C6A845.JPG"]},{"from":235,"to":236,"title":"IOW-E78ED5: A coin issued by Maximinus","image_urls":["https://finds.org.uk/images/fbasford/2007%20T225-28.JPG"]},{"from":235,"to":235,"title":"LEIC-7D7238: A coin issued by Severus Alexander","image_urls":["https://finds.org.uk/images/wscott/7D7238.JPG"]},{"from":235,"to":238,"title":"YORYM-5A6676: A coin issued by Maximinus","image_urls":["https://finds.org.uk/images/law/SS0038.jpg"]},{"from":235,"to":235,"title":"NMS-5CABD4: A coin issued by Maximinus","image_urls":["https://finds.org.uk/images/amarsden/DGW112011maximinusdenarius.jpg"]},{"from":235,"to":235,"title":"LANCUM-2B4957: A coin issued by Maximinus","image_urls":["https://finds.org.uk/images/dboughton/LANCUM2BA957.jpg"]},{"from":235,"to":236,"title":"LIN-7140AD: A coin issued by Maximinus","image_urls":["https://finds.org.uk/images/adaubney/LIN-7140AD.jpg"]},{"from":235,"to":236,"title":"NCL-068052: A coin issued by Maximinus","image_urls":["https://finds.org.uk/images/pwalton/613.jpg"]},{"from":235,"to":236,"title":"NCL-2B25C5: A coin issued by Maximinus","image_urls":["https://finds.org.uk/images/pwalton/1010.jpg"]},{"from":235,"to":236,"title":"NCL-725933: A coin issued by Maximinus","image_urls":["https://finds.org.uk/images/pwalton/756.jpg"]},{"from":235,"to":238,"title":"NCL-11DD91: A coin issued by Maximinus","image_urls":["https://finds.org.uk/images/pwalton/4833.jpg"]},{"from":235,"to":236,"title":"LON-BDB0AB: A coin issued by Maximinus","image_urls":["https://finds.org.uk/images/paitesb123/As-June14.jpg"]},{"from":235,"to":236,"title":"WAW-7A9418: A coin issued by Maximus","image_urls":["https://finds.org.uk/images/abolton/WAW-7A9418.jpg"]},{"from":235,"to":236,"title":"YORYM-AD8066: A coin issued by Maximinus","image_urls":["https://finds.org.uk/images/bmorris/BL1089.jpg"]},{"from":235,"to":236,"title":"SUSS-687DA4: A coin issued by Maximinus","image_urls":["https://finds.org.uk/images/04bowmant/MARTIN%20POLLARD%202.jpg"]},{"from":235,"to":236,"title":"LON-DB8FC4: A coin issued by Maximinus","image_urls":["https://finds.org.uk/images/fwinkley/Chivington%20-%20Roman%20-%20Jan%2010.jpg"]},{"from":235,"to":235,"title":"PUBLIC-D88CF6: A coin with an unrecorded/uncertain issuer.","image_urls":["https://finds.org.uk/images/kiwidigger/Maximinus%20Pius%20I%20denarius%20reverse.JPG"]},{"from":235,"to":236,"title":"SUR-3827E0: A coin with an unrecorded/uncertain issuer.","image_urls":["https://finds.org.uk/images/margaretb/13-1125.JPG"]},{"from":235,"to":236,"title":"SF-882CC2: A coin issued by Maximinus","image_urls":["https://finds.org.uk/images/abrown/BRD_SF-882CC2.jpg"]},{"from":235,"to":236,"title":"YORYM-B918D5: A coin issued by Maximinus","image_urls":["https://finds.org.uk/images/bmorris/AW0038.jpg"]},{"from":235,"to":236,"title":"SUR-CEF883: A coin issued by Maximinus","image_urls":["https://finds.org.uk/images/margaretb/13-754.JPG"]},{"from":235,"to":236,"title":"WILT-8E2614: A coin issued by Maximinus","image_urls":["https://finds.org.uk/images/khinds/Thomas0310denarius.jpg"]},{"from":235,"to":238,"title":"NMS-ABBA51: A coin issued by Maximinus","image_urls":["https://finds.org.uk/images/amarsden/AMD032015choppedhalfmaximinus.jpg"]},{"from":235,"to":236,"title":"BM-C291FB: A coin issued by Maximinus","image_urls":["https://finds.org.uk/images/vdrost/0BMC291FBobv.JPG"]},{"from":235,"to":236,"title":"SOM-3AD6A8: A coin issued by Maximinus","image_urls":["https://finds.org.uk/images/elburnett/SOM-3AD6A8.JPG"]},{"from":235,"to":236,"title":"LIN-B32D11: A coin issued by Maximinus","image_urls":["https://finds.org.uk/images/adaubney/LIN2011-697.jpg"]},{"from":235,"to":236,"title":"DUR-50A5E4: A coin issued by Maximinus","image_urls":["https://finds.org.uk/images/frances/DUR-50A5E4.jpg"]},{"from":235,"to":236,"title":"DUR-FF8A72: A coin issued by Maximinus","image_urls":["https://finds.org.uk/images/a8622912/DUR-FF8A72.jpg"]},{"from":235,"to":238,"title":"NMGW-278327: A coin issued by Maximinus","image_urls":["https://finds.org.uk/images/sianw/2006.11.47r.TIF"]},{"from":235,"to":236,"title":"NCL-2FCE48: A coin issued by Maximinus","image_urls":["https://finds.org.uk/images/rcollins/NCL-2FCE48.JPG"]},{"from":235,"to":238,"title":"SUSS-A31C16: A coin issued by Maximinus","image_urls":["https://finds.org.uk/images/lburnett/SUSS-A31C16.jpg"]},{"from":235,"to":238,"title":"NARC-3ACEB5: A coin issued by Maximinus","image_urls":["https://finds.org.uk/images/jcassidy/NARC-3ACEB5b.jpg"]},{"from":235,"to":238,"title":"WAW-D77461: A coin issued by Maximinus","image_urls":["https://finds.org.uk/images/abolton/WAW-D77461.jpg"]},{"from":235,"to":238,"title":"WAW-950FF6: A coin issued by Maximinus","image_urls":["https://finds.org.uk/images/tgilmore/WAW-950FF6.jpg"]},{"from":235,"to":238,"title":"SOM-FEEA00: A coin issued by Maximinus","image_urls":["https://finds.org.uk/images/elburnett/SOM-FEEA00.JPG"]},{"from":235,"to":238,"title":"HAMP2864: A coin issued by Maximinus","image_urls":["https://finds.org.uk/images/sworrell/hamp%202864.jpg"]},{"from":235,"to":236,"title":"DOR-2F2A82: A coin issued by Maximinus","image_urls":["https://finds.org.uk/images/caht/2F2A82.jpg"]},{"from":235,"to":236,"title":"NARC-E97105: A coin issued by Maximinus","image_urls":["https://finds.org.uk/images/jcassidy/NARC-E97105a.jpg"]},{"from":235,"to":236,"title":"SUR-912A77: A coin issued by Maximinus","image_urls":["https://finds.org.uk/images/margaretb/11-337.jpg"]},{"from":235,"to":236,"title":"HAMP-3257D3: A coin issued by Maximinus","image_urls":["https://finds.org.uk/images/rhenry/HAMP-3257D3%20Maximinus%20I.jpg"]},{"from":235,"to":238,"title":"SWYOR-2758D4: A coin issued by Maximinus","image_urls":["https://finds.org.uk/images/wakefield/PAS_1572_denarius2.jpg"]},{"from":235,"to":236,"title":"PUBLIC-3BAD88: A coin issued by Maximinus","image_urls":["https://finds.org.uk/images/calow1/FLE14902.JPG"]},{"from":235,"to":238,"title":"GLO-0FEFA5: A coin issued by Maximinus","image_urls":["https://finds.org.uk/images/kadams/2772%20Maximinus%20I%20Obverse.jpg"]},{"from":235,"to":238,"title":"SWYOR-B28882: A coin issued by Maximinus","image_urls":["https://finds.org.uk/images/acooper/PAS_1185_coin.jpg"]},{"from":235,"to":236,"title":"SF-657094: A coin issued by Maximinus","image_urls":["https://finds.org.uk/images/abrown/IKL%20SF-657094%23.jpg"]},{"from":235,"to":236,"title":"YORYM-00DC92: A coin issued by Maximinus","image_urls":["https://finds.org.uk/images/law/BR0027.jpg"]},{"from":235,"to":236,"title":"DOR-FFFA81: A coin issued by Maximinus","image_urls":["https://finds.org.uk/images/caht/FFFA81.jpg"]},{"from":235,"to":238,"title":"Bronze Coin, Ephesus, AD 235 - AD 238. 1944.100.46152","image_urls":["http://numismatics.org/collectionimages/19001949/1944/1944.100.46152.rev.width350.jpg"]},{"from":235,"to":238,"title":"Bronze Coin, Nicomedia, AD 235 - AD 238. 1998.18.37","image_urls":["http://numismatics.org/collectionimages/19501999/1998/1998.18.37.rev.width350.jpg"]},{"from":235,"to":238,"title":"Bronze Coin, Comama, AD 235 - AD 238. 1948.19.1498","image_urls":["http://numismatics.org/collectionimages/19001949/1948/1948.19.1498.rev.width350.jpg"]},{"from":235,"to":238,"title":"Bronze Coin, Magnesia ad Maeandrum, AD 235 - AD 238. 1944.100.46484","image_urls":["http://numismatics.org/collectionimages/19001949/1944/1944.100.46484.rev.width350.jpg"]},{"from":235,"to":238,"title":"Bronze Coin, Magnesia ad Maeandrum, AD 235 - AD 238. 1972.185.9","image_urls":["http://numismatics.org/collectionimages/19501999/1972/1972.185.9.rev.width350.jpg"]},{"from":235,"to":238,"title":"Bronze Coin, Hadrianeia, AD 235 - AD 238. 1970.189.1","image_urls":["http://numismatics.org/collectionimages/19501999/1970/1970.189.1.rev.width350.jpg"]},{"from":235,"to":238,"title":"Bronze Coin, Tarsus, AD 235 - AD 238. 1944.100.54590","image_urls":["http://numismatics.org/collectionimages/19001949/1944/1944.100.54590.rev.width350.jpg"]},{"from":235,"to":238,"title":"Bronze Coin, Nysa, AD 235 - AD 238. 1944.100.49330","image_urls":["http://numismatics.org/collectionimages/19001949/1944/1944.100.49330.rev.width350.jpg"]},{"from":235,"to":238,"title":"Bronze Coin, Tarsus, AD 235 - AD 238. 1944.100.54595","image_urls":["http://numismatics.org/collectionimages/19001949/1944/1944.100.54595.rev.width350.jpg"]},{"from":235,"to":238,"title":"Bronze Coin, Magnesia ad Maeandrum, AD 235 - AD 238. 1944.100.46486","image_urls":["http://numismatics.org/collectionimages/19001949/1944/1944.100.46486.rev.width350.jpg"]},{"from":235,"to":238,"title":"Bronze Coin, Anchialus, AD 235 - AD 238. 1997.32.125","image_urls":["http://numismatics.org/collectionimages/19501999/1997/1997.32.125.rev.width350.jpg"]},{"from":235,"to":236,"title":"Bronze Coin, Anemurium, AD 235 - AD 236. 2006.21.8","image_urls":["http://numismatics.org/collectionimages/20002049/2006/2006.21.8.rev.width350.jpg"]},{"from":235,"to":238,"title":"Bronze Coin, Eucarpeia, AD 235 - AD 238. 1971.230.67","image_urls":["http://numismatics.org/collectionimages/19501999/1971/1971.230.67.rev.width350.jpg"]},{"from":235,"to":238,"title":"Bronze Coin, Anchialus, AD 235 - AD 238. 1973.191.1","image_urls":["http://numismatics.org/collectionimages/19501999/1973/1973.191.1.rev.width350.jpg"]},{"from":235,"to":238,"title":"Bronze Coin, Nicomedia, AD 235 - AD 238. 1953.171.491","image_urls":["http://numismatics.org/collectionimages/19501999/1953/1953.171.491.rev.width350.jpg"]},{"from":235,"to":238,"title":"Bronze Coin, Nicomedia, AD 235 - AD 238. 1944.100.42317","image_urls":["http://numismatics.org/collectionimages/19001949/1944/1944.100.42317.rev.width350.jpg"]},{"from":235,"to":238,"title":"Bronze Coin, Anchialus, AD 235 - AD 238. 1997.32.123","image_urls":["http://numismatics.org/collectionimages/19501999/1997/1997.32.123.rev.width350.jpg"]},{"from":235,"to":238,"title":"Bronze Coin, Anchialus, AD 235 - AD 238. 1999.80.1","image_urls":["http://numismatics.org/collectionimages/19501999/1999/1999.80.1.rev.width350.jpg"]},{"from":235,"to":238,"title":"Bronze Coin, Midaeum, AD 235 - AD 238. 1944.100.50539","image_urls":["http://numismatics.org/collectionimages/19001949/1944/1944.100.50539.rev.width350.jpg"]},{"from":235,"to":238,"title":"Bronze Coin, Adramyteum, AD 235 - AD 238. 1944.100.42411","image_urls":["http://numismatics.org/collectionimages/19001949/1944/1944.100.42411.rev.width350.jpg"]},{"from":235,"to":238,"title":"Bronze Coin, Acmoneia, AD 235 - AD 238. 1944.100.49862","image_urls":["http://numismatics.org/collectionimages/19001949/1944/1944.100.49862.rev.width350.jpg"]},{"from":235,"to":238,"title":"Bronze Coin, Dorylaeum, AD 235 - AD 238. 1971.230.63","image_urls":["http://numismatics.org/collectionimages/19501999/1971/1971.230.63.rev.width350.jpg"]},{"from":235,"to":238,"title":"Bronze Coin, Tarsus, AD 235 - AD 238. 1944.100.54583","image_urls":["http://numismatics.org/collectionimages/19001949/1944/1944.100.54583.rev.width350.jpg"]},{"from":235,"to":238,"title":"Bronze Coin, Bruzus, AD 235 - AD 238. 1944.100.49994","image_urls":["http://numismatics.org/collectionimages/19001949/1944/1944.100.49994.rev.width350.jpg"]},{"from":235,"to":238,"title":"Bronze Coin, Phocaea, AD 235 - AD 238. 1944.100.46788","image_urls":["http://numismatics.org/collectionimages/19001949/1944/1944.100.46788.rev.width350.jpg"]},{"from":235,"to":238,"title":"Bronze Coin, Cotiaeum, AD 235 - AD 238. 1944.100.50367","image_urls":["http://numismatics.org/collectionimages/19001949/1944/1944.100.50367.rev.width350.jpg"]},{"from":235,"to":238,"title":"Bronze Coin, Syedra, AD 235 - AD 238. 1973.191.139","image_urls":["http://numismatics.org/collectionimages/19501999/1973/1973.191.139.rev.width350.jpg"]},{"from":235,"to":238,"title":"Bronze Coin, Aspendus, AD 235 - AD 238. 1951.64.46","image_urls":["http://numismatics.org/collectionimages/19501999/1951/1951.64.46.rev.width350.jpg"]},{"from":235,"to":238,"title":"Bronze Coin, Cibyra, AD 235 - AD 238. 1967.152.476","image_urls":["http://numismatics.org/collectionimages/19501999/1967/1967.152.476.rev.width350.jpg"]},{"from":235,"to":238,"title":"Bronze Coin, Sagalassus, AD 235 - AD 238. 1974.226.164","image_urls":["http://numismatics.org/collectionimages/19501999/1974/1974.226.164.rev.width350.jpg"]},{"from":235,"to":238,"title":"Bronze Coin, Tium, AD 235 - AD 238. 1944.100.42381","image_urls":["http://numismatics.org/collectionimages/19001949/1944/1944.100.42381.rev.width350.jpg"]},{"from":235,"to":238,"title":"Bronze Coin, Celenderis, AD 235 - AD 238. 1944.100.44330","image_urls":["http://numismatics.org/collectionimages/19001949/1944/1944.100.44330.rev.width350.jpg"]},{"from":235,"to":238,"title":"Bronze Coin, Sagalassus, AD 235 - AD 238. 1970.142.674","image_urls":["http://numismatics.org/collectionimages/19501999/1970/1970.142.674.rev.width350.jpg"]},{"from":235,"to":238,"title":"Bronze Coin, Ephesus, AD 235 - AD 238. 1944.100.46153","image_urls":["http://numismatics.org/collectionimages/19001949/1944/1944.100.46153.rev.width350.jpg"]},{"from":235,"to":238,"title":"Bronze Coin, Nicomedia, AD 235 - AD 238. 1971.279.1","image_urls":["http://numismatics.org/collectionimages/19501999/1971/1971.279.1.rev.width350.jpg"]},{"from":235,"to":238,"title":"Bronze Coin, Anchialus, AD 235 - AD 238. 1923.17.11","image_urls":["http://numismatics.org/collectionimages/19001949/1923/1923.17.11.rev.width350.jpg"]},{"from":235,"to":238,"title":"Bronze Coin, Cyme, AD 235 - AD 238. 1944.100.44160","image_urls":["http://numismatics.org/collectionimages/19001949/1944/1944.100.44160.rev.width350.jpg"]},{"from":235,"to":238,"title":"Bronze Coin, Larissa, AD 235 - AD 238. 1944.100.17786","image_urls":["http://numismatics.org/collectionimages/19001949/1944/1944.100.17786.rev.width350.jpg"]},{"from":235,"to":238,"title":"Bronze Coin, Side, AD 235 - AD 238. 1944.100.50959","image_urls":["http://numismatics.org/collectionimages/19001949/1944/1944.100.50959.rev.width350.jpg"]},{"from":235,"to":238,"title":"Bronze Coin, Magnesia ad Maeandrum, AD 235 - AD 238. 1944.100.46487","image_urls":["http://numismatics.org/collectionimages/19001949/1944/1944.100.46487.rev.width350.jpg"]},{"from":235,"to":238,"title":"Bronze Coin, Cyzicus, AD 235 - AD 238. 1944.100.42862","image_urls":["http://numismatics.org/collectionimages/19001949/1944/1944.100.42862.rev.width350.jpg"]},{"from":235,"to":238,"title":"Bronze Coin, Alexandreia Troas, AD 235 - AD 238. 1954.75.25","image_urls":["http://numismatics.org/collectionimages/19501999/1954/1954.75.25.rev.width350.jpg"]},{"from":235,"to":238,"title":"Bronze Coin, Comama, AD 235 - AD 238. 1944.100.51176","image_urls":["http://numismatics.org/collectionimages/19001949/1944/1944.100.51176.rev.width350.jpg"]},{"from":235,"to":238,"title":"Bronze Coin, Hadrianopolis Phrygia/Sebaste, AD 235 - AD 238. 1944.100.50421","image_urls":["http://numismatics.org/collectionimages/19001949/1944/1944.100.50421.rev.width350.jpg"]},{"from":235,"to":238,"title":"Bronze Coin, Nicomedia, AD 235 - AD 238. 1944.100.42318","image_urls":["http://numismatics.org/collectionimages/19001949/1944/1944.100.42318.rev.width350.jpg"]},{"from":235,"to":238,"title":"Bronze Coin, Tarsus, AD 235 - AD 238. 1944.100.54594","image_urls":["http://numismatics.org/collectionimages/19001949/1944/1944.100.54594.rev.width350.jpg"]},{"from":235,"to":238,"title":"Bronze Coin, Tarsus, AD 235 - AD 238. 1944.100.54588","image_urls":["http://numismatics.org/collectionimages/19001949/1944/1944.100.54588.rev.width350.jpg"]},{"from":235,"to":238,"title":"Bronze Coin, Selge, AD 235 - AD 238. 1944.100.52177","image_urls":["http://numismatics.org/collectionimages/19001949/1944/1944.100.52177.rev.width350.jpg"]},{"from":235,"to":236,"title":"RIC IV Maximinus Thrax 58. 1935.117.84","image_urls":["http://numismatics.org/collectionimages/19001949/1935/1935.117.84.rev.width350.jpg"]},{"from":235,"to":238,"title":"Bronze Coin, Cotiaeum, AD 235 - AD 238. 1944.100.50366","image_urls":["http://numismatics.org/collectionimages/19001949/1944/1944.100.50366.rev.width350.jpg"]},{"from":235,"to":238,"title":"Bronze Coin, Acmoneia, AD 235 - AD 238. 1944.100.49861","image_urls":["http://numismatics.org/collectionimages/19001949/1944/1944.100.49861.rev.width350.jpg"]},{"from":235,"to":238,"title":"Bronze Coin, Parium, AD 235 - AD 238. 1944.100.43142","image_urls":["http://numismatics.org/collectionimages/19001949/1944/1944.100.43142.rev.width350.jpg"]},{"from":235,"to":238,"title":"Bronze Coin, Anchialus, AD 235 - AD 238. 1997.32.124","image_urls":["http://numismatics.org/collectionimages/19501999/1997/1997.32.124.rev.width350.jpg"]},{"from":235,"to":238,"title":"Bronze Coin, Coracesium, AD 235 - AD 238. 1944.100.53224","image_urls":["http://numismatics.org/collectionimages/19001949/1944/1944.100.53224.rev.width350.jpg"]},{"from":235,"to":238,"title":"Bronze Coin, Magnesia ad Maeandrum, AD 235 - AD 238. 1944.100.46488","image_urls":["http://numismatics.org/collectionimages/19001949/1944/1944.100.46488.rev.width350.jpg"]},{"from":235,"to":238,"title":"Bronze Coin, Tarsus, AD 235 - AD 238. 1944.100.54586","image_urls":["http://numismatics.org/collectionimages/19001949/1944/1944.100.54586.rev.width350.jpg"]},{"from":235,"to":238,"title":"Bronze Coin, Tarsus, AD 235 - AD 238. 1944.100.54589","image_urls":["http://numismatics.org/collectionimages/19001949/1944/1944.100.54589.rev.width350.jpg"]},{"from":235,"to":238,"title":"Bronze Coin, Larissa, AD 235 - AD 238. 1944.100.17787","image_urls":["http://numismatics.org/collectionimages/19001949/1944/1944.100.17787.rev.width350.jpg"]}]