[{"from":236,"to":238,"title":"IOW-4A9F07: A coin issued by Maximus","image_urls":["https://finds.org.uk/images/fbasford/IOW2012-2-264.JPG"]},{"from":236,"to":238,"title":"HESH-677DC4: A coin issued by Maximus","image_urls":["https://finds.org.uk/images/preavill/HESH-677DC4.jpg"]},{"from":236,"to":236,"title":"LEIC-4E9DC2: A coin issued by Maximinus","image_urls":["https://finds.org.uk/images/wscott/DSCN3598.JPG"]},{"from":236,"to":238,"title":"LEIC-2228A4: A coin issued by Maximinus","image_urls":["https://finds.org.uk/images/wscott/2228A4.JPG"]},{"from":236,"to":237,"title":"CORN-960542: A coin issued by Maximinus","image_urls":["https://finds.org.uk/images/atyacke/MaximinusIdenariusobv.jpg"]},{"from":236,"to":238,"title":"CORN-C5B078: A coin issued by Maximinus","image_urls":["https://finds.org.uk/images/atyacke/RomangrotAug120010.JPG"]},{"from":236,"to":236,"title":"HAMP386: A coin issued by Maximinus","image_urls":["https://finds.org.uk/images/sworrell/hamp386a.jpg"]},{"from":236,"to":238,"title":"HAMP-48E538: A coin issued by Maximinus","image_urls":["https://finds.org.uk/images/arwenjames/HAMP48E538.jpg"]},{"from":236,"to":238,"title":"WMID-79F573: A coin issued by Maximinus","image_urls":["https://finds.org.uk/images/dslarke/cov%20sest%200209.jpg"]},{"from":236,"to":237,"title":"PUBLIC-E25B64: A coin issued by Maximinus","image_urls":["https://finds.org.uk/images/calow1/FLE13.434.JPG"]},{"from":236,"to":238,"title":"SF-9B3D01: A coin issued by Maximinus","image_urls":["https://finds.org.uk/images/abrown/WMH_SF-9B3D01.jpg"]},{"from":236,"to":238,"title":"HAMP2890: A coin issued by Maximinus","image_urls":["https://finds.org.uk/images/sworrell/hamp%202890.JPG"]},{"from":236,"to":238,"title":"BUC-F80781: A coin issued by Maximus","image_urls":["https://finds.org.uk/images/rtyrrell/TC234.jpg"]},{"from":236,"to":236,"title":"HAMP-B68E15: A coin issued by Maximinus","image_urls":["https://finds.org.uk/images/rwebley/HAMP-B68E15MaximinusIdenarius.jpg"]},{"from":236,"to":238,"title":"BH-846658: A coin issued by Maximus","image_urls":["https://finds.org.uk/images/jwatters/Roman_coin_15_41_14.jpg"]},{"from":236,"to":237,"title":"PUBLIC-FDAB43: A coin issued by Maximinus","image_urls":["https://finds.org.uk/images/calow1/FLE11.124.JPG"]},{"from":236,"to":238,"title":"RIC IV Maximinus Thrax 85. 1944.100.10459","image_urls":["http://numismatics.org/collectionimages/19001949/1944/1944.100.10459.rev.width350.jpg"]}]