[{"from":238,"to":239,"title":"Antoninianus of Gordian III, Rome, 238-239. 1991.17.12.","image_urls":["http://coins.lib.virginia.edu/images/coins/screen/n1991_17_12_rev.jpg"]},{"from":238,"to":244,"title":"SF-F1382E: A coin issued by Gordian III","image_urls":["https://finds.org.uk/images/abrown/Birdbrook_SFF1382E.jpg"]},{"from":238,"to":238,"title":"WILT-0F3306: A coin issued by Balbinus","image_urls":["https://finds.org.uk/images/khinds/WILT-0F3306.jpg"]},{"from":238,"to":244,"title":"BH-BB04E2: A coin issued by Gordian III","image_urls":["https://finds.org.uk/images/jwatters/Roman%20coin%2007%2051%20-%2018.jpg"]},{"from":238,"to":244,"title":"BERK-9FE788: A coin issued by Gordian III","image_urls":["https://finds.org.uk/images/abyard/2011224.jpg"]},{"from":238,"to":238,"title":"SUSS-EBA05F: A coin issued by Balbinus","image_urls":["https://finds.org.uk/images/stephaniesmith/SUSSEBA05F.jpg"]},{"from":238,"to":244,"title":"NARC-8AD291: A coin issued by Gordian III","image_urls":["https://finds.org.uk/images/jcassidy/NARC-8AD291b.jpg"]},{"from":238,"to":239,"title":"SWYOR-D49292: A coin issued by Gordian III","image_urls":["https://finds.org.uk/images/acooper/PAS%20832%20radiate%20coin.jpg"]},{"from":238,"to":239,"title":"DEV-D38396: A coin issued by Gordian III","image_urls":["https://finds.org.uk/images/dwootton/DEV-D38396-R13%20COMPLETED.jpg"]},{"from":238,"to":244,"title":"NLM-2B0391: A coin issued by Gordian III","image_urls":["https://finds.org.uk/images/lstaves/NLM11841.jpg"]},{"from":238,"to":244,"title":"YORYM-9395D5: A coin issued by Gordian III","image_urls":["https://finds.org.uk/images/law/BR0322.jpg"]},{"from":238,"to":244,"title":"IOW-8B2843: A coin issued by Gordian III","image_urls":["https://finds.org.uk/images/fbasford/IOW2013-2-156.JPG"]},{"from":238,"to":244,"title":"SWYOR-8EAA26: A coin issued by Gordian III","image_urls":["https://finds.org.uk/images/acooper/PAS_664_coin_small.jpg"]},{"from":238,"to":239,"title":"BM-F44778: A coin issued by Gordian III","image_urls":["https://finds.org.uk/images/jasonlundock/5256a.jpg"]},{"from":238,"to":244,"title":"CORN-6910B0: A coin issued by Gordian III","image_urls":["https://finds.org.uk/images/atyacke/GordianIIIrev.jpg"]},{"from":238,"to":244,"title":"SWYOR-253F01: A coin issued by Gordian III","image_urls":["https://finds.org.uk/images/dcrowther/PAS_1104_radiate.jpg"]},{"from":238,"to":244,"title":"WAW-5FEF13: A coin issued by Gordian III","image_urls":["https://finds.org.uk/images/rshenry/WAW-5FEF13.jpg"]},{"from":238,"to":244,"title":"FAPJW-0993E5: A coin issued by Gordian III","image_urls":["https://finds.org.uk/images/pwalton/fapjw0993e5.jpg"]},{"from":238,"to":238,"title":"BH-EBA0F0: A coin issued by Balbinus","image_urls":["https://finds.org.uk/images/jwatters/Roman%20coin%2006%20111%20-%207.jpg"]},{"from":238,"to":244,"title":"HAMP-CF12F4: A coin issued by Gordian III","image_urls":["https://finds.org.uk/images/rwebley/HAMP-CF12F4GordianIIIas.jpg"]},{"from":238,"to":244,"title":"SUSS-A7D5A3: A coin issued by Gordian III","image_urls":["https://finds.org.uk/images/saehoile/SUSS-A7D5A3%20Roman%20Coin.jpg"]},{"from":238,"to":239,"title":"WILT-DFFCB6: A coin issued by Gordian III","image_urls":["https://finds.org.uk/images/rhenry2/WILTDFFCB6.jpg"]},{"from":238,"to":244,"title":"SUSS-0E3FF1: A coin issued by Gordian III","image_urls":["https://finds.org.uk/images/lburnett/suss-0E3FF1.jpg"]},{"from":238,"to":244,"title":"LVPL-5D2DE5: A coin issued by Gordian III","image_urls":["https://finds.org.uk/images/tgilmore/IMG_3712.jpg"]},{"from":238,"to":244,"title":"WILT-EB2D12: A coin issued by Gordian III","image_urls":["https://finds.org.uk/images/alysontanner/WILT-EB2D12.jpg"]},{"from":238,"to":244,"title":"HAMP-531DB8: A coin issued by Gordian III","image_urls":["https://finds.org.uk/images/rwebley/HAMP-531DB8GordianIIIradiate.jpg"]},{"from":238,"to":253,"title":"SUR-0D17A6: A coin issued by Gordian III","image_urls":["https://finds.org.uk/images/margaretb/09.095.JPG"]},{"from":238,"to":244,"title":"FASAM-0C2775: A coin issued by Gordian III","image_urls":["https://finds.org.uk/images/sam/Gordian%20III%20Deultum%20rev.jpg"]},{"from":238,"to":244,"title":"WMID-0153C7: A coin issued by Gordian III","image_urls":["https://finds.org.uk/images/tgilmore/WMID-0153C7.jpg"]},{"from":238,"to":244,"title":"PUBLIC-E69E7A: A coin issued by Gordian III","image_urls":["https://finds.org.uk/images/calow1/FLE14.%20888.JPG"]},{"from":238,"to":244,"title":"FAPJW-E5BFE1: A coin issued by Gordian III","image_urls":["https://finds.org.uk/images/pwalton/790.jpg"]},{"from":238,"to":244,"title":"FABM-7498E3: A coin issued by Gordian III","image_urls":["https://finds.org.uk/images/ileins/Gordian.jpg"]},{"from":238,"to":239,"title":"NMGW-4CE561: A coin issued by Gordian III","image_urls":["https://finds.org.uk/images/sianw/20061711.jpg"]},{"from":238,"to":244,"title":"DUR-7E8A03: A coin issued by Gordian III","image_urls":["https://finds.org.uk/images/brander/2.jpg"]},{"from":238,"to":244,"title":"BH-770C65: A coin issued by Gordian III","image_urls":["https://finds.org.uk/images/jwatters/Roman%20coin%2005%20216%20-%202.jpg"]},{"from":238,"to":244,"title":"HAMP2850: A coin issued by Gordian III","image_urls":["https://finds.org.uk/images/sworrell/hamp%202850.JPG"]},{"from":238,"to":244,"title":"LON-CCFB45: A coin issued by Gordian III","image_urls":["https://finds.org.uk/images/ksumnall/Freeman%20-%20Roman%20coin%2018.jpg"]},{"from":238,"to":244,"title":"LEIC-430CB7: A coin issued by Gordian III","image_urls":["https://finds.org.uk/images/wscott/430CB7.JPG"]},{"from":238,"to":244,"title":"WMID-816A1E: A coin issued by Gordian III","image_urls":["https://finds.org.uk/images/hglenn/WMID816A1E.jpg"]},{"from":238,"to":238,"title":"LEIC-196037: A coin issued by Gordian III","image_urls":["https://finds.org.uk/images/wscott/196037..JPG"]},{"from":238,"to":244,"title":"SUR-25C888: A coin issued by Gordian III","image_urls":["https://finds.org.uk/images/dwilliams/B12-410.JPG"]},{"from":238,"to":244,"title":"BERK-C78EF6: A coin issued by Gordian III","image_urls":["https://finds.org.uk/images/maritime/Roman%20Coin-Gordianus%2C%20Tkt%20Y%20247.jpg"]},{"from":238,"to":244,"title":"SWYOR-0F4764: A coin issued by Gordian III","image_urls":["https://finds.org.uk/images/acooper/PAS_2142_romancoin8.jpg"]},{"from":238,"to":244,"title":"LEIC-7C55F8: A coin issued by Gordian III","image_urls":["https://finds.org.uk/images/wscott/7C55F8.JPG"]},{"from":238,"to":239,"title":"SUR-3B2B00: A coin issued by Gordian III","image_urls":["https://finds.org.uk/images/dwilliams/11-1528.jpg"]},{"from":238,"to":244,"title":"SWYOR-071CD5: A coin issued by Gordian III","image_urls":["https://finds.org.uk/images/acooper/PAS_2300_radiate.jpg"]},{"from":238,"to":238,"title":"LVPL-91FAE4: A coin issued by Balbinus","image_urls":["https://finds.org.uk/images/fmcintosh/fletcher-%20balbinus%20sest-%20LVPL-91FAE4.jpg"]},{"from":238,"to":244,"title":"SUR-EC2FD4: A coin issued by Gordian III","image_urls":["https://finds.org.uk/images/dwilliams/07.351.JPG"]},{"from":238,"to":239,"title":"WAW-1AA7B3: A coin issued by Gordian III","image_urls":["https://finds.org.uk/images/abolton/WAW-1AA7B3.jpg"]},{"from":238,"to":244,"title":"NCL-014B37: A coin issued by Gordian III","image_urls":["https://finds.org.uk/images/pwalton/1080.jpg"]},{"from":238,"to":239,"title":"BM-BDAC3C: A coin issued by Gordian III","image_urls":["https://finds.org.uk/images/vdrost/BM_BDAC3C_R.JPG"]},{"from":238,"to":244,"title":"Bronze Coin, Anchialus, AD 238 - AD 244. 1944.100.15538","image_urls":["http://numismatics.org/collectionimages/19001949/1944/1944.100.15538.rev.width350.jpg"]},{"from":238,"to":244,"title":"Bronze Coin, Tium, AD 238 - AD 244. 1953.171.501","image_urls":["http://numismatics.org/collectionimages/19501999/1953/1953.171.501.rev.width350.jpg"]},{"from":238,"to":244,"title":"Bronze Coin, Tyre, AD 238 - AD 244. 1944.100.81882","image_urls":["http://numismatics.org/collectionimages/19001949/1944/1944.100.81882.rev.width350.jpg"]},{"from":238,"to":244,"title":"Bronze Coin, Odessus, AD 238 - AD 244. 1955.59.7","image_urls":["http://numismatics.org/collectionimages/19501999/1955/1955.59.7.rev.width350.jpg"]},{"from":238,"to":244,"title":"Bronze Coin, Tyre, AD 238 - AD 244. 1944.100.81885","image_urls":["http://numismatics.org/collectionimages/19001949/1944/1944.100.81885.rev.width350.jpg"]},{"from":238,"to":244,"title":"Bronze Coin, Tarsus, AD 238 - AD 244. 1977.24.7","image_urls":["http://numismatics.org/collectionimages/19501999/1977/1977.24.7.rev.width350.jpg"]},{"from":238,"to":244,"title":"Bronze Coin, Anchialus, AD 238 - AD 244. 1944.100.15535","image_urls":["http://numismatics.org/collectionimages/19001949/1944/1944.100.15535.rev.width350.jpg"]},{"from":238,"to":244,"title":"Bronze Coin, Odessus, AD 238 - AD 244. 1944.100.15390","image_urls":["http://numismatics.org/collectionimages/19001949/1944/1944.100.15390.rev.width350.jpg"]},{"from":238,"to":244,"title":"Bronze Coin, Odessus, AD 238 - AD 244. 1997.32.120","image_urls":["http://numismatics.org/collectionimages/19501999/1997/1997.32.120.rev.width350.jpg"]},{"from":238,"to":244,"title":"Bronze Coin, Hypaepa, AD 238 - AD 244. 1944.100.49267","image_urls":["http://numismatics.org/collectionimages/19001949/1944/1944.100.49267.rev.width350.jpg"]},{"from":238,"to":244,"title":"Bronze Coin, Tarsus, AD 238 - AD 244. 1944.100.55022","image_urls":["http://numismatics.org/collectionimages/19001949/1944/1944.100.55022.rev.width350.jpg"]},{"from":238,"to":244,"title":"Bronze Coin, Odessus, AD 238 - AD 244. 1944.100.15393","image_urls":["http://numismatics.org/collectionimages/19001949/1944/1944.100.15393.rev.width350.jpg"]},{"from":238,"to":244,"title":"Bronze Coin, Tarsus, AD 238 - AD 244. 1944.100.55031","image_urls":["http://numismatics.org/collectionimages/19001949/1944/1944.100.55031.rev.width350.jpg"]},{"from":238,"to":244,"title":"Bronze Coin, Seleuceia ad Calycadnum, AD 238 - AD 244. 1944.100.54216","image_urls":["http://numismatics.org/collectionimages/19001949/1944/1944.100.54216.rev.width350.jpg"]},{"from":238,"to":244,"title":"Bronze Coin, Calchedon, AD 238 - AD 244. 1944.100.42035","image_urls":["http://numismatics.org/collectionimages/19001949/1944/1944.100.42035.rev.width350.jpg"]},{"from":238,"to":244,"title":"Bronze Coin, Tarsus, AD 238 - AD 244. 1944.100.51934","image_urls":["http://numismatics.org/collectionimages/19001949/1944/1944.100.51934.rev.width350.jpg"]},{"from":238,"to":244,"title":"Bronze Coin, Berytus, AD 238 - AD 244. 1944.100.72433","image_urls":["http://numismatics.org/collectionimages/19001949/1944/1944.100.72433.rev.width350.jpg"]},{"from":238,"to":244,"title":"Bronze Coin, Anchialus, AD 238 - AD 244. 1997.32.126","image_urls":["http://numismatics.org/collectionimages/19501999/1997/1997.32.126.rev.width350.jpg"]},{"from":238,"to":244,"title":"Bronze Coin, Metropolis, AD 238 - AD 244. 1944.100.46503","image_urls":["http://numismatics.org/collectionimages/19001949/1944/1944.100.46503.rev.width350.jpg"]},{"from":238,"to":244,"title":"Bronze Coin, Magnesia ad Sipylum, AD 238 - AD 244. 1938.127.137","image_urls":["http://numismatics.org/collectionimages/19001949/1938/1938.127.137.rev.width350.jpg"]},{"from":238,"to":244,"title":"Bronze Coin, Anchialus, AD 238 - AD 244. 1944.100.15537","image_urls":["http://numismatics.org/collectionimages/19001949/1944/1944.100.15537.rev.width350.jpg"]},{"from":238,"to":244,"title":"Bronze Coin, Tyre, AD 238 - AD 244. 1944.100.81881","image_urls":["http://numismatics.org/collectionimages/19001949/1944/1944.100.81881.rev.width350.jpg"]},{"from":238,"to":244,"title":"Bronze Coin, Hypaepa, AD 238 - AD 244. 1972.185.12","image_urls":["http://numismatics.org/collectionimages/19501999/1972/1972.185.12.rev.width350.jpg"]},{"from":238,"to":244,"title":"Bronze Coin, Apameia (Myrleia), AD 238 - AD 244. 1944.100.41983","image_urls":["http://numismatics.org/collectionimages/19001949/1944/1944.100.41983.rev.width350.jpg"]},{"from":238,"to":244,"title":"Bronze Coin, Metropolis, AD 238 - AD 244. 1944.100.46508","image_urls":["http://numismatics.org/collectionimages/19001949/1944/1944.100.46508.rev.width350.jpg"]},{"from":238,"to":244,"title":"Bronze Coin, Perinthus, AD 238 - AD 244. 1999.80.4","image_urls":["http://numismatics.org/collectionimages/19501999/1999/1999.80.4.rev.width350.jpg"]},{"from":238,"to":244,"title":"Bronze Coin, Antioch, AD 238 - AD 244. 1944.100.51058","image_urls":["http://numismatics.org/collectionimages/19001949/1944/1944.100.51058.rev.width350.jpg"]},{"from":238,"to":244,"title":"Bronze Coin, Berytus, AD 238 - AD 244. 1944.100.72436","image_urls":["http://numismatics.org/collectionimages/19001949/1944/1944.100.72436.rev.width350.jpg"]},{"from":238,"to":244,"title":"Bronze Coin, Anchialus, AD 238 - AD 244. 1997.32.129","image_urls":["http://numismatics.org/collectionimages/19501999/1997/1997.32.129.rev.width350.jpg"]},{"from":238,"to":244,"title":"Bronze Coin, Metropolis, AD 238 - AD 244. 1944.100.46506","image_urls":["http://numismatics.org/collectionimages/19001949/1944/1944.100.46506.rev.width350.jpg"]},{"from":238,"to":244,"title":"Bronze Coin, Neapolis ad Harpasum, AD 238 - AD 244. 1970.142.497","image_urls":["http://numismatics.org/collectionimages/19501999/1970/1970.142.497.rev.width350.jpg"]},{"from":238,"to":244,"title":"Bronze Coin, Saitta, AD 238 - AD 244. 0000.999.20928","image_urls":["http://numismatics.org/collectionimages/00001899/0000/0000.999.20928.rev.width350.jpg"]},{"from":238,"to":244,"title":"Bronze Coin, Tyre, AD 238 - AD 244. 1944.100.81884","image_urls":["http://numismatics.org/collectionimages/19001949/1944/1944.100.81884.rev.width350.jpg"]},{"from":238,"to":244,"title":"Bronze Coin, Antioch, AD 238 - AD 244. 1944.100.51060","image_urls":["http://numismatics.org/collectionimages/19001949/1944/1944.100.51060.rev.width350.jpg"]},{"from":238,"to":244,"title":"Bronze Coin, Heracleia Pontica, AD 238 - AD 244. 1944.100.42146","image_urls":["http://numismatics.org/collectionimages/19001949/1944/1944.100.42146.rev.width350.jpg"]},{"from":238,"to":244,"title":"Bronze Coin, Antioch, AD 238 - AD 244. 1975.220.7","image_urls":["http://numismatics.org/collectionimages/19501999/1975/1975.220.7.rev.width350.jpg"]},{"from":238,"to":244,"title":"Bronze Coin, Hypaepa, AD 238 - AD 244. 1971.279.46","image_urls":["http://numismatics.org/collectionimages/19501999/1971/1971.279.46.rev.width350.jpg"]},{"from":238,"to":244,"title":"Bronze Coin, Nicomedia, AD 238 - AD 244. 1944.100.42323","image_urls":["http://numismatics.org/collectionimages/19001949/1944/1944.100.42323.rev.width350.jpg"]},{"from":238,"to":244,"title":"Bronze Coin, Saitta, AD 238 - AD 244. 1973.191.16","image_urls":["http://numismatics.org/collectionimages/19501999/1973/1973.191.16.rev.width350.jpg"]},{"from":238,"to":244,"title":"Bronze Coin, Odessus, AD 238 - AD 244. 1944.100.15396","image_urls":["http://numismatics.org/collectionimages/19001949/1944/1944.100.15396.rev.width350.jpg"]},{"from":238,"to":244,"title":"Bronze Coin, Anchialus, AD 238 - AD 244. 1944.100.15540","image_urls":["http://numismatics.org/collectionimages/19001949/1944/1944.100.15540.rev.width350.jpg"]},{"from":238,"to":244,"title":"Bronze Coin, Amastris, AD 238 - AD 244. 1944.100.41525","image_urls":["http://numismatics.org/collectionimages/19001949/1944/1944.100.41525.rev.width350.jpg"]},{"from":238,"to":244,"title":"Bronze Coin, Anchialus, AD 238 - AD 244. 1923.17.12","image_urls":["http://numismatics.org/collectionimages/19001949/1923/1923.17.12.rev.width350.jpg"]},{"from":238,"to":244,"title":"Bronze Coin, Odessus, AD 238 - AD 244. 1998.13.8","image_urls":["http://numismatics.org/collectionimages/19501999/1998/1998.13.8.rev.width350.jpg"]},{"from":238,"to":244,"title":"Bronze Coin, Heracleia Pontica, AD 238 - AD 244. 1944.100.42145","image_urls":["http://numismatics.org/collectionimages/19001949/1944/1944.100.42145.rev.width350.jpg"]},{"from":238,"to":244,"title":"Bronze Coin, Tarsus, AD 238 - AD 244. 1984.65.150","image_urls":["http://numismatics.org/collectionimages/19501999/1984/1984.65.150.rev.width350.jpg"]},{"from":238,"to":244,"title":"Bronze Coin, Berytus, AD 238 - AD 244. 1944.100.72444","image_urls":["http://numismatics.org/collectionimages/19001949/1944/1944.100.72444.rev.width350.jpg"]},{"from":238,"to":244,"title":"Bronze Coin, Tarsus, AD 238 - AD 244. 1944.100.83578","image_urls":["http://numismatics.org/collectionimages/19001949/1944/1944.100.83578.rev.width350.jpg"]},{"from":238,"to":244,"title":"Bronze Coin, Tium, AD 238 - AD 244. 1953.171.500","image_urls":["http://numismatics.org/collectionimages/19501999/1953/1953.171.500.rev.width350.jpg"]},{"from":238,"to":244,"title":"Bronze Coin, Amastris, AD 238 - AD 244. 1973.191.7","image_urls":["http://numismatics.org/collectionimages/19501999/1973/1973.191.7.rev.width350.jpg"]},{"from":238,"to":244,"title":"Bronze Coin, Hypaepa, AD 238 - AD 244. 1974.226.84","image_urls":["http://numismatics.org/collectionimages/19501999/1974/1974.226.84.rev.width350.jpg"]},{"from":238,"to":244,"title":"Bronze Coin, Metropolis, AD 238 - AD 244. 1944.100.46504","image_urls":["http://numismatics.org/collectionimages/19001949/1944/1944.100.46504.rev.width350.jpg"]},{"from":238,"to":244,"title":"Bronze Coin, Calchedon, AD 238 - AD 244. 1944.100.42036","image_urls":["http://numismatics.org/collectionimages/19001949/1944/1944.100.42036.rev.width350.jpg"]},{"from":238,"to":244,"title":"Bronze Coin, Eucarpeia, AD 238 - AD 244. 1944.100.50399","image_urls":["http://numismatics.org/collectionimages/19001949/1944/1944.100.50399.rev.width350.jpg"]},{"from":238,"to":239,"title":"Billon Tetradrachm, Alexandreia, AD 238 - AD 239. 1966.286.35","image_urls":["http://numismatics.org/collectionimages/19501999/1966/1966.286.35.rev.width350.jpg"]},{"from":238,"to":244,"title":"Bronze Coin, Antioch, AD 238 - AD 244. 1944.100.51056","image_urls":["http://numismatics.org/collectionimages/19001949/1944/1944.100.51056.rev.width350.jpg"]},{"from":238,"to":244,"title":"Bronze Coin, Hadrianopolis Phrygia/Sebaste, AD 238 - AD 244. 1971.230.78","image_urls":["http://numismatics.org/collectionimages/19501999/1971/1971.230.78.rev.width350.jpg"]},{"from":238,"to":244,"title":"Bronze Coin, Pergamum/Nicomedia, AD 238 - AD 244. 1944.100.43367","image_urls":["http://numismatics.org/collectionimages/19001949/1944/1944.100.43367.rev.width350.jpg"]},{"from":238,"to":244,"title":"Bronze Coin, Anchialus, AD 238 - AD 244. 1944.100.15536","image_urls":["http://numismatics.org/collectionimages/19001949/1944/1944.100.15536.rev.width350.jpg"]},{"from":238,"to":244,"title":"Bronze Coin, Sinope, AD 238 - AD 244. 1944.100.41883","image_urls":["http://numismatics.org/collectionimages/19001949/1944/1944.100.41883.rev.width350.jpg"]},{"from":238,"to":244,"title":"Bronze Coin, Odessus, AD 238 - AD 244. 1948.19.532","image_urls":["http://numismatics.org/collectionimages/19001949/1948/1948.19.532.rev.width350.jpg"]},{"from":238,"to":244,"title":"Bronze Coin, Tarsus, AD 238 - AD 244. 1974.226.179","image_urls":["http://numismatics.org/collectionimages/19501999/1974/1974.226.179.rev.width350.jpg"]},{"from":238,"to":244,"title":"Bronze Coin, Calchedon, AD 238 - AD 244. 1953.171.460","image_urls":["http://numismatics.org/collectionimages/19501999/1953/1953.171.460.rev.width350.jpg"]},{"from":238,"to":244,"title":"Bronze Coin, Caesareia in Cappadocia, AD 238 - AD 244. 1911.87.25","image_urls":["http://numismatics.org/collectionimages/19001949/1911/1911.87.25.rev.width350.jpg"]},{"from":238,"to":244,"title":"Bronze Coin, Odessus, AD 238 - AD 244. 1997.32.121","image_urls":["http://numismatics.org/collectionimages/19501999/1997/1997.32.121.rev.width350.jpg"]},{"from":238,"to":244,"title":"Bronze Coin, Metropolis, AD 238 - AD 244. 1944.100.46507","image_urls":["http://numismatics.org/collectionimages/19001949/1944/1944.100.46507.rev.width350.jpg"]},{"from":238,"to":244,"title":"Bronze Coin, Odessus, AD 238 - AD 244. 1997.32.118","image_urls":["http://numismatics.org/collectionimages/19501999/1997/1997.32.118.rev.width350.jpg"]},{"from":238,"to":244,"title":"Bronze Coin, Berytus, AD 238 - AD 244. 1944.100.72438","image_urls":["http://numismatics.org/collectionimages/19001949/1944/1944.100.72438.rev.width350.jpg"]},{"from":238,"to":244,"title":"Bronze Coin, Odessus, AD 238 - AD 244. 1998.13.7","image_urls":["http://numismatics.org/collectionimages/19501999/1998/1998.13.7.rev.width350.jpg"]},{"from":238,"to":244,"title":"Bronze Coin, Tarsus, AD 238 - AD 244. 1944.100.55018","image_urls":["http://numismatics.org/collectionimages/19001949/1944/1944.100.55018.rev.width350.jpg"]},{"from":238,"to":244,"title":"Bronze Coin, Iuliopolis, AD 238 - AD 244. 1944.100.42150","image_urls":["http://numismatics.org/collectionimages/19001949/1944/1944.100.42150.rev.width350.jpg"]},{"from":238,"to":244,"title":"Bronze Coin, Antioch, AD 238 - AD 244. 1950.76.3","image_urls":["http://numismatics.org/collectionimages/19501999/1950/1950.76.3.rev.width350.jpg"]},{"from":238,"to":244,"title":"Bronze Coin, Metropolis, AD 238 - AD 244. 1944.100.46502","image_urls":["http://numismatics.org/collectionimages/19001949/1944/1944.100.46502.rev.width350.jpg"]},{"from":238,"to":244,"title":"Bronze Coin, Odessus, AD 238 - AD 244. 1944.100.15395","image_urls":["http://numismatics.org/collectionimages/19001949/1944/1944.100.15395.rev.width350.jpg"]},{"from":238,"to":244,"title":"Bronze Coin, Trapezus, AD 238 - AD 244. 1944.100.41449","image_urls":["http://numismatics.org/collectionimages/19001949/1944/1944.100.41449.rev.width350.jpg"]},{"from":238,"to":244,"title":"Bronze Coin, Tarsus, AD 238 - AD 244. 1944.100.55027","image_urls":["http://numismatics.org/collectionimages/19001949/1944/1944.100.55027.rev.width350.jpg"]},{"from":238,"to":244,"title":"Bronze Coin, Magnesia ad Maeandrum, AD 238 - AD 244. 1944.100.46489","image_urls":["http://numismatics.org/collectionimages/19001949/1944/1944.100.46489.rev.width350.jpg"]},{"from":238,"to":244,"title":"Bronze Coin, Tarsus, AD 238 - AD 244. 1944.100.55036","image_urls":["http://numismatics.org/collectionimages/19001949/1944/1944.100.55036.rev.width350.jpg"]},{"from":238,"to":244,"title":"Bronze Coin, Metropolis, AD 238 - AD 244. 1944.100.46505","image_urls":["http://numismatics.org/collectionimages/19001949/1944/1944.100.46505.rev.width350.jpg"]},{"from":238,"to":244,"title":"Bronze Coin, Amastris, AD 238 - AD 244. 1944.100.41524","image_urls":["http://numismatics.org/collectionimages/19001949/1944/1944.100.41524.rev.width350.jpg"]},{"from":238,"to":244,"title":"Bronze Coin, Odessus, AD 238 - AD 244. 1970.142.11","image_urls":["http://numismatics.org/collectionimages/19501999/1970/1970.142.11.rev.width350.jpg"]},{"from":238,"to":244,"title":"Bronze Coin, Bruzus, AD 238 - AD 244. 1944.100.49997","image_urls":["http://numismatics.org/collectionimages/19001949/1944/1944.100.49997.rev.width350.jpg"]},{"from":238,"to":244,"title":"Bronze Coin, Caesareia Germanica, AD 238 - AD 244. 1944.100.41997","image_urls":["http://numismatics.org/collectionimages/19001949/1944/1944.100.41997.rev.width350.jpg"]},{"from":238,"to":244,"title":"Bronze Coin, Neapolis ad Harpasum, AD 238 - AD 244. 1944.100.48045","image_urls":["http://numismatics.org/collectionimages/19001949/1944/1944.100.48045.rev.width350.jpg"]},{"from":238,"to":244,"title":"Bronze Coin, Phocaea, AD 238 - AD 244. 1944.100.46789","image_urls":["http://numismatics.org/collectionimages/19001949/1944/1944.100.46789.rev.width350.jpg"]},{"from":238,"to":244,"title":"Bronze Coin, Corycus, AD 238 - AD 244. 1955.176.5","image_urls":["http://numismatics.org/collectionimages/19501999/1955/1955.176.5.rev.width350.jpg"]},{"from":238,"to":244,"title":"Bronze Coin, Patara, AD 238 - AD 244. 1944.100.50731","image_urls":["http://numismatics.org/collectionimages/19001949/1944/1944.100.50731.rev.width350.jpg"]},{"from":238,"to":244,"title":"Bronze Coin, Viminacium, AD 238 - AD 244. 2005.45.17","image_urls":["http://numismatics.org/collectionimages/20002049/2005/2005.45.17.rev.width350.jpg"]},{"from":238,"to":244,"title":"Bronze Coin, Neocaesareia, AD 238 - AD 244. 1944.100.41417","image_urls":["http://numismatics.org/collectionimages/19001949/1944/1944.100.41417.rev.width350.jpg"]},{"from":238,"to":244,"title":"Bronze Coin, Limyra, AD 238 - AD 244. 1973.191.54","image_urls":["http://numismatics.org/collectionimages/19501999/1973/1973.191.54.rev.width350.jpg"]},{"from":238,"to":244,"title":"Bronze Coin, Anchialus, AD 238 - AD 244. 1997.32.128","image_urls":["http://numismatics.org/collectionimages/19501999/1997/1997.32.128.rev.width350.jpg"]},{"from":238,"to":244,"title":"Bronze Coin, Calchedon, AD 238 - AD 244. 1944.100.42037","image_urls":["http://numismatics.org/collectionimages/19001949/1944/1944.100.42037.rev.width350.jpg"]},{"from":238,"to":244,"title":"Bronze Coin, Anchialus, AD 238 - AD 244. 1944.100.15539","image_urls":["http://numismatics.org/collectionimages/19001949/1944/1944.100.15539.rev.width350.jpg"]},{"from":238,"to":244,"title":"Bronze Coin, Anchialus, AD 238 - AD 244. 1997.32.130","image_urls":["http://numismatics.org/collectionimages/19501999/1997/1997.32.130.rev.width350.jpg"]},{"from":238,"to":244,"title":"Bronze Coin, Anchialus, AD 238 - AD 244. 1948.19.535","image_urls":["http://numismatics.org/collectionimages/19001949/1948/1948.19.535.rev.width350.jpg"]},{"from":238,"to":244,"title":"Bronze Coin, Odessus, AD 238 - AD 244. 1997.32.139","image_urls":["http://numismatics.org/collectionimages/19501999/1997/1997.32.139.rev.width350.jpg"]},{"from":238,"to":244,"title":"Bronze Coin, Leucas, AD 238 - AD 244. 1944.100.66169","image_urls":["http://numismatics.org/collectionimages/19001949/1944/1944.100.66169.rev.width350.jpg"]},{"from":238,"to":244,"title":"Bronze Coin, Anchialus, AD 238 - AD 244. 1997.32.127","image_urls":["http://numismatics.org/collectionimages/19501999/1997/1997.32.127.rev.width350.jpg"]},{"from":238,"to":244,"title":"Bronze Coin, Berytus, AD 238 - AD 244. 1944.100.72428","image_urls":["http://numismatics.org/collectionimages/19001949/1944/1944.100.72428.rev.width350.jpg"]},{"from":238,"to":244,"title":"Bronze Coin, Side, AD 238 - AD 244. 1953.171.936","image_urls":["http://numismatics.org/collectionimages/19501999/1953/1953.171.936.rev.width350.jpg"]},{"from":238,"to":244,"title":"Bronze Coin, Seleuceia ad Calycadnum, AD 238 - AD 244. 1973.191.135","image_urls":["http://numismatics.org/collectionimages/19501999/1973/1973.191.135.rev.width350.jpg"]},{"from":238,"to":244,"title":"Bronze Coin, Neocaesareia, AD 238 - AD 244. 1970.142.250","image_urls":["http://numismatics.org/collectionimages/19501999/1970/1970.142.250.rev.width350.jpg"]},{"from":238,"to":244,"title":"Bronze Coin, Tarsus, AD 238 - AD 244. 1944.100.55032","image_urls":["http://numismatics.org/collectionimages/19001949/1944/1944.100.55032.rev.width350.jpg"]},{"from":238,"to":244,"title":"Bronze Coin, Tarsus, AD 238 - AD 244. 1944.100.55026","image_urls":["http://numismatics.org/collectionimages/19001949/1944/1944.100.55026.rev.width350.jpg"]},{"from":238,"to":244,"title":"Bronze Coin, Aspendus, AD 238 - AD 244. 1974.226.107","image_urls":["http://numismatics.org/collectionimages/19501999/1974/1974.226.107.rev.width350.jpg"]},{"from":238,"to":244,"title":"Bronze Coin, Antioch, AD 238 - AD 244. 1973.191.64","image_urls":["http://numismatics.org/collectionimages/19501999/1973/1973.191.64.rev.width350.jpg"]},{"from":238,"to":244,"title":"Bronze Coin, Metropolis, AD 238 - AD 244. 1953.171.756","image_urls":["http://numismatics.org/collectionimages/19501999/1953/1953.171.756.rev.width350.jpg"]},{"from":238,"to":244,"title":"Bronze Coin, Metropolis, AD 238 - AD 244. 1944.100.46501","image_urls":["http://numismatics.org/collectionimages/19001949/1944/1944.100.46501.rev.width350.jpg"]},{"from":238,"to":244,"title":"Bronze Coin, Odessus, AD 238 - AD 244. 1944.100.15394","image_urls":["http://numismatics.org/collectionimages/19001949/1944/1944.100.15394.rev.width350.jpg"]},{"from":238,"to":244,"title":"Bronze Coin, Odessus, AD 238 - AD 244. 1944.100.15397","image_urls":["http://numismatics.org/collectionimages/19001949/1944/1944.100.15397.rev.width350.jpg"]},{"from":238,"to":244,"title":"Bronze Coin, Tarsus, AD 238 - AD 244. 1944.100.55020","image_urls":["http://numismatics.org/collectionimages/19001949/1944/1944.100.55020.rev.width350.jpg"]},{"from":238,"to":244,"title":"Bronze Coin, Philadelphia/Smyrna, AD 238 - AD 244. 1971.279.58","image_urls":["http://numismatics.org/collectionimages/19501999/1971/1971.279.58.rev.width350.jpg"]},{"from":238,"to":244,"title":"Bronze Coin, Caesareia in Cappadocia, AD 238 - AD 244. 1944.100.62625","image_urls":["http://numismatics.org/collectionimages/19001949/1944/1944.100.62625.rev.width350.jpg"]},{"from":238,"to":244,"title":"Bronze Coin, Seleuceia ad Calycadnum, AD 238 - AD 244. 1944.100.54219","image_urls":["http://numismatics.org/collectionimages/19001949/1944/1944.100.54219.rev.width350.jpg"]},{"from":238,"to":244,"title":"Bronze Coin, Anchialus, AD 238 - AD 244. 1944.100.15541","image_urls":["http://numismatics.org/collectionimages/19001949/1944/1944.100.15541.rev.width350.jpg"]},{"from":238,"to":244,"title":"Bronze Coin, Magnesia ad Maeandrum, AD 238 - AD 244. 1972.185.10","image_urls":["http://numismatics.org/collectionimages/19501999/1972/1972.185.10.rev.width350.jpg"]},{"from":238,"to":244,"title":"Bronze Coin, Tarsus, AD 238 - AD 244. 1973.191.144","image_urls":["http://numismatics.org/collectionimages/19501999/1973/1973.191.144.rev.width350.jpg"]},{"from":238,"to":244,"title":"Bronze Coin, Odessus, AD 238 - AD 244. 1944.100.15391","image_urls":["http://numismatics.org/collectionimages/19001949/1944/1944.100.15391.rev.width350.jpg"]},{"from":238,"to":244,"title":"Bronze Coin, Neocaesareia, AD 238 - AD 244. 1944.100.41418","image_urls":["http://numismatics.org/collectionimages/19001949/1944/1944.100.41418.rev.width350.jpg"]},{"from":238,"to":244,"title":"Bronze Coin, Anchialus, AD 238 - AD 244. 1923.17.13","image_urls":["http://numismatics.org/collectionimages/19001949/1923/1923.17.13.rev.width350.jpg"]},{"from":238,"to":244,"title":"Bronze Coin, Eucarpeia, AD 238 - AD 244. 1971.230.68","image_urls":["http://numismatics.org/collectionimages/19501999/1971/1971.230.68.rev.width350.jpg"]},{"from":238,"to":244,"title":"Bronze Coin, Tarsus, AD 238 - AD 244. 1944.100.55028","image_urls":["http://numismatics.org/collectionimages/19001949/1944/1944.100.55028.rev.width350.jpg"]},{"from":238,"to":244,"title":"Bronze Coin, Pergamum, AD 238 - AD 244. 1944.100.43363","image_urls":["http://numismatics.org/collectionimages/19001949/1944/1944.100.43363.rev.width350.jpg"]},{"from":238,"to":244,"title":"Bronze Coin, Tarsus, AD 238 - AD 244. 1944.100.55037","image_urls":["http://numismatics.org/collectionimages/19001949/1944/1944.100.55037.rev.width350.jpg"]},{"from":238,"to":244,"title":"Bronze Coin, Corycus, AD 238 - AD 244. 1944.100.53243","image_urls":["http://numismatics.org/collectionimages/19001949/1944/1944.100.53243.rev.width350.jpg"]},{"from":238,"to":244,"title":"Bronze Coin, Odessus, AD 238 - AD 244. 1997.32.119","image_urls":["http://numismatics.org/collectionimages/19501999/1997/1997.32.119.rev.width350.jpg"]},{"from":238,"to":244,"title":"Bronze Coin, Anchialus, AD 238 - AD 244. 1994.157.51","image_urls":["http://numismatics.org/collectionimages/19501999/1994/1994.157.51.rev.width350.jpg"]}]