[{"from":239,"to":239,"title":"HAMP-430F95: A coin issued by Gordian III","image_urls":["https://finds.org.uk/images/rwebley/HAMP-430F95GordianIIIradiate.jpg"]},{"from":239,"to":239,"title":"WAW-6E2E03: A coin issued by Gordian III","image_urls":["https://finds.org.uk/images/abolton/WAW-6E2E03.jpg"]},{"from":239,"to":239,"title":"LVPL-3C9AB0: A coin issued by Gordian III","image_urls":["https://finds.org.uk/images/fmcintosh/marbury-%20gordian.jpg"]},{"from":239,"to":239,"title":"SF-F9CBA4: A coin issued by Gordian III","image_urls":["https://finds.org.uk/images/abrown/ACT_SF-F9CBA4.jpg"]},{"from":239,"to":239,"title":"IOW-D1DEC4: A coin issued by Gordian III","image_urls":["https://finds.org.uk/images/fbasford/IOW2007-1-450.JPG"]},{"from":239,"to":240,"title":"HAMP1058: A coin issued by Gordian III","image_urls":["https://finds.org.uk/images/sworrell/Hamp%201058a.jpg"]},{"from":239,"to":240,"title":"RIC IV Gordian III 172b. 1944.100.19933","image_urls":["http://numismatics.org/collectionimages/19001949/1944/1944.100.19933.rev.width350.jpg"]},{"from":239,"to":240,"title":"Silver Tetradrachm, Antioch, AD 239 - AD 240. 1944.100.66068","image_urls":["http://numismatics.org/collectionimages/19001949/1944/1944.100.66068.rev.width350.jpg"]}]