[{"from":240,"to":240,"title":"YORYM-77DE23: A coin issued by Gordian III","image_urls":["https://finds.org.uk/images/devans/july14%20015.jpg"]},{"from":240,"to":240,"title":"SF-57D015: A coin issued by Gordian III","image_urls":["https://finds.org.uk/images/abrown/DLL_SF-57D015.jpg"]},{"from":240,"to":240,"title":"NARC-3EBD35: A coin issued by Gordian III","image_urls":["https://finds.org.uk/images/dchurchill/narc3ebd35obvrev.jpg"]},{"from":240,"to":240,"title":"YORYM-745976: A coin issued by Gordian III","image_urls":["https://finds.org.uk/images/bmorris/CH0112.jpg"]},{"from":240,"to":240,"title":"SOM-D42B31: A coin issued by Gordian III","image_urls":["https://finds.org.uk/images/npayne/D42B31.JPG"]},{"from":240,"to":240,"title":"BERK-2D3655: A coin issued by Gordian III","image_urls":["https://finds.org.uk/images/abyard/2010605.jpg"]},{"from":240,"to":240,"title":"BH-BB2E0D: A coin issued by Gordian III","image_urls":["https://finds.org.uk/images/jwatters/Roman_coin_14_61_20.jpg"]},{"from":240,"to":240,"title":"NCL-B4ABC5: A coin issued by Gordian III","image_urls":["https://finds.org.uk/images/pwalton/1400.jpg"]},{"from":240,"to":240,"title":"SF-4AB84D: A coin issued by Gordian III","image_urls":["https://finds.org.uk/images/abrown/WMH_SF-4AB84D.jpg"]},{"from":240,"to":244,"title":"DUR-660BE5: A coin issued by Gordian III","image_urls":["https://finds.org.uk/images/emorris/Simon%20Halstead%20Roman.jpg"]},{"from":240,"to":240,"title":"FASAM-7657E1: A coin issued by Gordian III","image_urls":["https://finds.org.uk/images/sam/890.jpg"]},{"from":240,"to":244,"title":"IOW-E47B97: A coin issued by Gordian III","image_urls":["https://finds.org.uk/images/fbasford/IOW2012-1-257.JPG"]},{"from":240,"to":240,"title":"DOR-526842: A coin issued by Gordian III","image_urls":["https://finds.org.uk/images/caht/526842.jpg"]},{"from":240,"to":240,"title":"WMID-1A5EE8: A coin issued by Gordian III","image_urls":["https://finds.org.uk/images/tgilmore/WMID-1A5EE8.jpg"]},{"from":240,"to":242,"title":"HAMP-5F1953: A coin issued by Gordian III","image_urls":["https://finds.org.uk/images/rwebley/HAMP-5F1953GordianIIIas.jpg"]},{"from":240,"to":240,"title":"FASAM-75F6E5: A coin issued by Gordian III","image_urls":["https://finds.org.uk/images/sam/816.jpg"]},{"from":240,"to":240,"title":"SWYOR-82EE03: A coin issued by Gordian III","image_urls":["https://finds.org.uk/images/acooper/PAS_1405_5radiate.jpg"]},{"from":240,"to":240,"title":"IOW-C7A965: A coin issued by Gordian III","image_urls":["https://finds.org.uk/images/fbasford/IOW2013-2-328.JPG"]},{"from":240,"to":240,"title":"FASAM-786402: A coin issued by Gordian III","image_urls":["https://finds.org.uk/images/sam/834.jpg"]},{"from":240,"to":244,"title":"SUSS-B37934: A coin issued by Gordian III","image_urls":["https://finds.org.uk/images/stephaniesmith/SUSS-B37934RomanAsorDupondius.jpg"]},{"from":240,"to":241,"title":"BH-C52DB1: A coin issued by Gordian III","image_urls":["https://finds.org.uk/images/jwatters/Roman%20coin%2008%20102%20-%201.jpg"]},{"from":240,"to":240,"title":"BM-EEAD63: A coin issued by Gordian III","image_urls":["https://finds.org.uk/images/jasonlundock/5253.jpg"]},{"from":240,"to":240,"title":"IOW-217663: A coin issued by Gordian III","image_urls":["https://finds.org.uk/images/fbasford/IOW2013-5-161.JPG"]},{"from":240,"to":241,"title":"HAMP-B0F2F5: A coin issued by Gordian III","image_urls":["https://finds.org.uk/images/rwebley/HAMP-B0F2F5GordianIIIradiate.jpg"]},{"from":240,"to":240,"title":"HAMP1070: A coin issued by Gordian III","image_urls":["https://finds.org.uk/images/sworrell/Hamp%201070a.jpg"]},{"from":240,"to":240,"title":"BERK-BF88C9: A coin issued by Gordian III","image_urls":["https://finds.org.uk/images/abyard/2015116.jpg"]},{"from":240,"to":240,"title":"BH-F21EA8: A coin issued by Gordian III","image_urls":["https://finds.org.uk/images/jwatters/Roman%20coin%2009%20115%20-%205.jpg"]},{"from":240,"to":240,"title":"SF-9C3732: A coin issued by Gordian III","image_urls":["https://finds.org.uk/images/justineemma/SUT_SF-9C3732.jpg"]},{"from":240,"to":240,"title":"YORYM-00B5BD: A coin issued by Gordian III","image_urls":["https://finds.org.uk/images/bmorris/CHC0066.jpg"]},{"from":240,"to":240,"title":"DUR-9251A0: A coin issued by Gordian III","image_urls":["https://finds.org.uk/images/frances/DUR-9251A0.jpg"]},{"from":240,"to":240,"title":"FASAM-7571A4: A coin issued by Gordian III","image_urls":["https://finds.org.uk/images/sam/882.jpg"]},{"from":240,"to":240,"title":"HAMP-2EC3B3: A coin issued by Gordian III","image_urls":["https://finds.org.uk/images/rwebley/HAMP-2EC3B3Gordianascopy.jpg"]},{"from":240,"to":240,"title":"SUR-E7F263: A coin issued by Gordian III","image_urls":["https://finds.org.uk/images/margaretb/DSCN6904.JPG"]},{"from":240,"to":240,"title":"WMID-02F044: A coin issued by Gordian III","image_urls":["https://finds.org.uk/images/tgilmore/WMID-02F044.jpg"]},{"from":240,"to":267,"title":"Bronze Coin, Athens, AD 240 - AD 267. 1944.100.26177","image_urls":["http://numismatics.org/collectionimages/19001949/1944/1944.100.26177.rev.width350.jpg"]},{"from":240,"to":267,"title":"Bronze Coin, Athens, AD 240 - AD 267. 1944.100.26195","image_urls":["http://numismatics.org/collectionimages/19001949/1944/1944.100.26195.rev.width350.jpg"]},{"from":240,"to":267,"title":"Bronze Coin, Athens, AD 240 - AD 267. 1941.131.581","image_urls":["http://numismatics.org/collectionimages/19001949/1941/1941.131.581.rev.width350.jpg"]},{"from":240,"to":241,"title":"Bronze Coin, Viminacium, AD 240 - AD 241. 1944.100.15180","image_urls":["http://numismatics.org/collectionimages/19001949/1944/1944.100.15180.rev.width350.jpg"]},{"from":240,"to":267,"title":"Bronze Coin, Athens, AD 240 - AD 267. 1944.100.26203","image_urls":["http://numismatics.org/collectionimages/19001949/1944/1944.100.26203.rev.width350.jpg"]},{"from":240,"to":267,"title":"Bronze Coin, Athens, AD 240 - AD 267. 1944.100.26208","image_urls":["http://numismatics.org/collectionimages/19001949/1944/1944.100.26208.rev.width350.jpg"]}]