[{"from":241,"to":243,"title":"Antoninianus of Gordian III, Rome, 241-243. 1991.17.15.","image_urls":["http://coins.lib.virginia.edu/images/coins/screen/n1991_17_15_rev.jpg"]},{"from":241,"to":243,"title":"Antoninianus of Gordian III, Rome, 241-243. 1991.17.302.","image_urls":["http://coins.lib.virginia.edu/images/coins/screen/n1991_17_302_rev.jpg"]},{"from":241,"to":243,"title":"Antoninianus of Gordian III, Rome, 241-243. 1991.17.23.","image_urls":["http://coins.lib.virginia.edu/images/coins/screen/n1991_17_23_rev.jpg"]},{"from":241,"to":243,"title":"Antoninianus of Gordian III, Rome, 241-243. 1991.17.14.","image_urls":["http://coins.lib.virginia.edu/images/coins/screen/n1991_17_14_rev.jpg"]},{"from":241,"to":243,"title":"Antoninianus of Gordian III, Rome, 241-243. 1991.17.20.","image_urls":["http://coins.lib.virginia.edu/images/coins/screen/n1991_17_20_rev.jpg"]},{"from":241,"to":244,"title":"Denarius of Gordian III, Rome, 238-244. 1989.19.22.","image_urls":["http://coins.lib.virginia.edu/images/coins/screen/n1989_19_22_rev.jpg"]},{"from":241,"to":243,"title":"Antoninianus of Gordian III, Rome, 241-243. 1991.17.22.","image_urls":["http://coins.lib.virginia.edu/images/coins/screen/n1991_17_22_rev.jpg"]},{"from":241,"to":243,"title":"Antoninianus of Gordian III, Rome, 241-243. 1991.17.16.","image_urls":["http://coins.lib.virginia.edu/images/coins/screen/n1991_17_16_rev.jpg"]},{"from":241,"to":243,"title":"Antoninianus of Gordian III, Rome, 241-243. 1991.17.19.","image_urls":["http://coins.lib.virginia.edu/images/coins/screen/n1991_17_19_rev.jpg"]},{"from":241,"to":244,"title":"Dupondius of Gordian III, Rome, A.D. 240. 1991.17.13.","image_urls":["http://coins.lib.virginia.edu/images/coins/screen/n1991_17_13_rev.jpg"]},{"from":241,"to":244,"title":"CAM-309505: A coin issued by Gordian III","image_urls":["https://finds.org.uk/images/hfowler/CAM-309505.jpg"]},{"from":241,"to":243,"title":"BM-76F010: A coin issued by Gordian III","image_urls":["https://finds.org.uk/images/jasonlundock/905a.jpg"]},{"from":241,"to":244,"title":"HAMP-AEAFD3: A coin issued by Gordian III","image_urls":["https://finds.org.uk/images/rwebley/HAMP-AEAFD3GordianIIIas.jpg"]},{"from":241,"to":243,"title":"LIN-262D24: A coin issued by Gordian III","image_urls":["https://finds.org.uk/images/adaubney/LIN262D24.jpg"]},{"from":241,"to":243,"title":"HAMP-FE39F7: A coin issued by Gordian III","image_urls":["https://finds.org.uk/images/rhenry/HAMP-FE39F7gordian.jpg"]},{"from":241,"to":243,"title":"WILT-6B9E80: A coin issued by Gordian III","image_urls":["https://finds.org.uk/images/jshoemark/WILT-6B9E80.jpg"]},{"from":241,"to":242,"title":"SWYOR-8C7D77: A coin issued by Gordian III","image_urls":["https://finds.org.uk/images/acooper/PAS_2268_radiate.jpg"]},{"from":241,"to":243,"title":"WMID-E196D7: A coin issued by Gordian III","image_urls":["https://finds.org.uk/images/dslarke/ray%2013%201108%20copy.jpg"]},{"from":241,"to":243,"title":"DUR-51D685: A coin issued by Gordian III","image_urls":["https://finds.org.uk/images/frances/moorland%203%20DUR-51D685.jpg"]},{"from":241,"to":243,"title":"BM-EF4417: A coin issued by Gordian III","image_urls":["https://finds.org.uk/images/jasonlundock/5260.jpg"]},{"from":241,"to":243,"title":"PUBLIC-250D20: A coin issued by Gordian III","image_urls":["https://finds.org.uk/images/leicvol/250D20.jpg"]},{"from":241,"to":242,"title":"CORN-D73CB4: A coin issued by Gordian III","image_urls":["https://finds.org.uk/images/atyacke/RomangrotAug120016.JPG"]},{"from":241,"to":241,"title":"LEIC-ED9AD5: A coin issued by Gordian III","image_urls":["https://finds.org.uk/images/wscott/ED9AD5%20.JPG"]},{"from":241,"to":243,"title":"PAS-1C5EE5: A coin issued by Gordian III","image_urls":["https://finds.org.uk/images/vwolfe/PAS1c5ee5.jpg"]},{"from":241,"to":243,"title":"NCL-2A8FA3: A coin issued by Gordian III","image_urls":["https://finds.org.uk/images/pwalton/4232.jpg"]},{"from":241,"to":243,"title":"BM-DE63B1: A coin issued by Gordian III","image_urls":["https://finds.org.uk/images/beckyd/4229.jpg"]},{"from":241,"to":243,"title":"HAMP1056: A coin issued by Gordian III","image_urls":["https://finds.org.uk/images/sworrell/Hamp%201056a.jpg"]},{"from":241,"to":243,"title":"NCL-6F77A0: A coin issued by Gordian III","image_urls":["https://finds.org.uk/images/pwalton/NCL6F77A0.jpg"]},{"from":241,"to":243,"title":"WILT-FF9AB5: A coin issued by Gordian III","image_urls":["https://finds.org.uk/images/khinds/Rich0710gordian3.jpg"]},{"from":241,"to":243,"title":"SOM-F990C6: A coin issued by Gordian III","image_urls":["https://finds.org.uk/images/elburnett/SOMF990C6.jpg"]},{"from":241,"to":242,"title":"SUSS-037963: A coin issued by Gordian III","image_urls":["https://finds.org.uk/images/lwilson/1-238k.jpg"]},{"from":241,"to":243,"title":"BM-EF6DB1: A coin issued by Gordian III","image_urls":["https://finds.org.uk/images/jasonlundock/5244a.jpg"]},{"from":241,"to":243,"title":"DENO-91A262: A coin issued by Gordian III","image_urls":["https://finds.org.uk/images/arohde/E6221%20unknown%20radiate.jpg"]},{"from":241,"to":243,"title":"WILT-747516: A coin issued by Gordian III","image_urls":["https://finds.org.uk/images/rhenry2/WILT-747516.jpg"]},{"from":241,"to":243,"title":"CAM-2E7F97: A coin issued by Gordian III","image_urls":["https://finds.org.uk/images/hfowler/CAM-2E7F97.jpg"]},{"from":241,"to":243,"title":"BM-BCC988: A coin issued by Gordian III","image_urls":["https://finds.org.uk/images/vdrost/BM_BCC988_R.JPG"]},{"from":241,"to":243,"title":"FAPJW-09C3C6: A coin issued by Gordian III","image_urls":["https://finds.org.uk/images/pwalton/fapjw09c3c6.jpg"]},{"from":241,"to":243,"title":"BM-F472D1: A coin issued by Gordian III","image_urls":["https://finds.org.uk/images/jasonlundock/5239.jpg"]},{"from":241,"to":243,"title":"SF-4F8C44: A coin issued by Gordian III","image_urls":["https://finds.org.uk/images/abrown/BND_SF4F8C44.jpg"]},{"from":241,"to":243,"title":"FAPJW-D0C770: A coin issued by Gordian III","image_urls":["https://finds.org.uk/images/pwalton/5009.jpg"]},{"from":241,"to":243,"title":"DOR-3C6B22: A coin issued by Gordian III","image_urls":["https://finds.org.uk/images/caht/3C6B22.jpg"]},{"from":241,"to":243,"title":"FASAM-760ED5: A coin issued by Gordian III","image_urls":["https://finds.org.uk/images/sam/808.jpg"]},{"from":241,"to":243,"title":"SUR-CD9766: A coin issued by Gordian III","image_urls":["https://finds.org.uk/images/margaretb/09.680.JPG"]},{"from":241,"to":243,"title":"SF-D35E57: A coin issued by Gordian III","image_urls":["https://finds.org.uk/images/abrown/PTR%20SF-D35E57.jpg"]},{"from":241,"to":243,"title":"IOW-D51261: A coin issued by Gordian III","image_urls":["https://finds.org.uk/images/fbasford/IOW2013-2-40.JPG"]},{"from":241,"to":243,"title":"BH-1BE334: A coin issued by Gordian III","image_urls":["https://finds.org.uk/images/jwatters/Roman%20coin%2006%20272%20-%204.jpg"]},{"from":241,"to":243,"title":"FAPJW-3595C1: A coin issued by Gordian III","image_urls":["https://finds.org.uk/images/pwalton/599.jpg"]},{"from":241,"to":243,"title":"NMS-0F75C6: A coin issued by Gordian III","image_urls":["https://finds.org.uk/images/amarsden/IM042012gordian3rad.jpg"]},{"from":241,"to":243,"title":"FAPJW-67C903: A coin issued by Gordian III","image_urls":["https://finds.org.uk/images/pwalton/9003.jpg"]},{"from":241,"to":243,"title":"WMID-02CB50: A coin issued by Gordian III","image_urls":["https://finds.org.uk/images/tgilmore/WMID-02CB50.jpg"]},{"from":241,"to":243,"title":"NCL-6F30A6: A coin issued by Gordian III","image_urls":["https://finds.org.uk/images/pwalton/NCL6F30A6.jpg"]},{"from":241,"to":243,"title":"FAPJW-E5D404: A coin issued by Gordian III","image_urls":["https://finds.org.uk/images/pwalton/792.jpg"]},{"from":241,"to":243,"title":"SF-62B0E1: A coin issued by Gordian III","image_urls":["https://finds.org.uk/images/abrown/MKE_SF62B0E1.jpg"]},{"from":241,"to":243,"title":"FASAM-4B2126: A coin issued by Gordian III","image_urls":["https://finds.org.uk/images/sam/FASAM4B2126R.JPG"]},{"from":241,"to":243,"title":"FAPJW-BC3AC2: A coin issued by Gordian III","image_urls":["https://finds.org.uk/images/pwalton/622.jpg"]},{"from":241,"to":243,"title":"SOM-FAD047: A coin issued by Gordian III","image_urls":["https://finds.org.uk/images/annab/SOM-FAD047.jpg"]},{"from":241,"to":243,"title":"IOW-E6EC22: A coin issued by Gordian III","image_urls":["https://finds.org.uk/images/fbasford/IOW2008-1-3.JPG"]},{"from":241,"to":243,"title":"BH-910092: A coin issued by Gordian III","image_urls":["https://finds.org.uk/images/jwatters/Roman_coin_13_120_2.jpg"]},{"from":241,"to":242,"title":"Bronze Sestertius, Rome, AD 241 - AD 242. 2015.12.37","image_urls":["http://numismatics.org/collectionimages/20002049/2015/2015.12.37.rev.width350.jpg"]},{"from":241,"to":242,"title":"Bronze Coin, Neocaesareia, AD 241 - AD 242. 1974.226.38","image_urls":["http://numismatics.org/collectionimages/19501999/1974/1974.226.38.rev.width350.jpg"]},{"from":241,"to":244,"title":"Silver Tetradrachm, Antioch, AD 241 - AD 244. 1944.100.66063","image_urls":["http://numismatics.org/collectionimages/19001949/1944/1944.100.66063.rev.width350.jpg"]},{"from":241,"to":242,"title":"Bronze Coin, Neocaesareia, AD 241 - AD 242. 1944.100.41419","image_urls":["http://numismatics.org/collectionimages/19001949/1944/1944.100.41419.rev.width350.jpg"]},{"from":241,"to":243,"title":"RIC IV Gordian III 97. 1967.153.196","image_urls":["http://numismatics.org/collectionimages/19501999/1967/1967.153.196.rev.width350.jpg"]},{"from":241,"to":244,"title":"Bronze Coin, Anchialus, AD 241 - AD 244. 1997.32.195","image_urls":["http://numismatics.org/collectionimages/19501999/1997/1997.32.195.rev.width350.jpg"]}]