[{"from":242,"to":244,"title":"Antoninianus of Gordian III, 238-244. 1991.17.11.","image_urls":["http://coins.lib.virginia.edu/images/coins/screen/n1991_17_11_rev.jpg"]},{"from":242,"to":243,"title":"CORN-851F46: A coin issued by Gordian III","image_urls":["https://finds.org.uk/images/atyacke/Julyfinds%20011.jpg"]},{"from":242,"to":243,"title":"SUSS-506008: A coin issued by Gordian III","image_urls":["https://finds.org.uk/images/lwilson/1-186x.jpg"]},{"from":242,"to":243,"title":"LIN-651398: A coin issued by Gordian III","image_urls":["https://finds.org.uk/images/adaubney/LIN651398.jpg"]},{"from":242,"to":243,"title":"DUR-F93CA4: A coin issued by Gordian III","image_urls":["https://finds.org.uk/images/emorris/David%20Moscrop%20radiate.jpg"]},{"from":242,"to":244,"title":"LANCUM-06D639: A coin issued by Gordian III","image_urls":["https://finds.org.uk/images/dboughton/LCMBP06D639.jpg"]},{"from":242,"to":244,"title":"HAMP-C2A341: A coin issued by Gordian III","image_urls":["https://finds.org.uk/images/ellysg1/GordianIII.jpg"]},{"from":242,"to":243,"title":"Bronze Coin, Anazarbus, AD 242 - AD 243. 2000.8.12","image_urls":["http://numismatics.org/collectionimages/20002049/2000/2000.8.12.rev.width350.jpg"]},{"from":242,"to":243,"title":"Bronze Coin, Anazarbus, AD 242 - AD 243. 2000.8.14","image_urls":["http://numismatics.org/collectionimages/20002049/2000/2000.8.14.rev.width350.jpg"]}]