[{"from":243,"to":244,"title":"Antoninianus of Gordian III, Rome, 243-244. 1991.17.17.","image_urls":["http://coins.lib.virginia.edu/images/coins/screen/n1991_17_17_rev.jpg"]},{"from":243,"to":244,"title":"Antoninianus of Gordian III, Rome, 243-244. 1991.17.25.","image_urls":["http://coins.lib.virginia.edu/images/coins/screen/n1991_17_25_rev.jpg"]},{"from":243,"to":244,"title":"Antoninianus of Gordian III, Rome, 243-244. 1991.17.24.","image_urls":["http://coins.lib.virginia.edu/images/coins/screen/n1991_17_24_rev.jpg"]},{"from":243,"to":244,"title":"YORYM-C149D1: A coin issued by Gordian III","image_urls":["https://finds.org.uk/images/bmorris/AW0092.jpg"]},{"from":243,"to":244,"title":"SF-127D51: A coin issued by Gordian III","image_urls":["https://finds.org.uk/images/abrown/Larling_SF-127D51.jpg"]},{"from":243,"to":243,"title":"YORYM-1B4781: A coin issued by Gordian III","image_urls":["https://finds.org.uk/images/law/SS0250.jpg"]},{"from":243,"to":244,"title":"SF-1E5046: A coin issued by Gordian III","image_urls":["https://finds.org.uk/images/abrown/WSW_SF-1E5046.jpg"]},{"from":243,"to":244,"title":"NCL-6FC814: A coin issued by Gordian III","image_urls":["https://finds.org.uk/images/pwalton/NCL6FC814.jpg"]},{"from":243,"to":244,"title":"FAPJW-35B992: A coin issued by Gordian III","image_urls":["https://finds.org.uk/images/pwalton/574.jpg"]},{"from":243,"to":244,"title":"BM-B756E3: A coin issued by Gordian III","image_urls":["https://finds.org.uk/images/jasonlundock/1046.jpg"]},{"from":243,"to":244,"title":"HAMP-66DA94: A coin issued by Gordian III","image_urls":["https://finds.org.uk/images/khindshamp/HAMP-66DA94.jpg"]},{"from":243,"to":244,"title":"BUC-069336: A coin issued by Gordian III","image_urls":["https://finds.org.uk/images/rtyrrell/17z.jpg"]},{"from":243,"to":244,"title":"HAMP-061F93: A coin issued by Gordian III","image_urls":["https://finds.org.uk/images/rwebley/HAMP-061F93GordianIIIradiate.jpg"]},{"from":243,"to":244,"title":"BH-02C9C8: A coin issued by Gordian III","image_urls":["https://finds.org.uk/images/jwatters/Roman%20coin%2006%20271%20-%2059.jpg"]},{"from":243,"to":244,"title":"WILT-BD2427: A coin issued by Gordian III","image_urls":["https://finds.org.uk/images/khinds/WILT-BD2427.jpg"]},{"from":243,"to":244,"title":"YORYM-1B66C4: A coin issued by Gordian III","image_urls":["https://finds.org.uk/images/law/BL0536.jpg"]},{"from":243,"to":244,"title":"SUSS-348F32: A coin issued by Gordian III","image_urls":["https://finds.org.uk/images/lwilson/1-168p.jpg"]},{"from":243,"to":244,"title":"BM-C5E905: A coin issued by Gordian III","image_urls":["https://finds.org.uk/images/jasonlundock/824.jpg"]},{"from":243,"to":244,"title":"PAS-420CA3: A coin issued by Gordian III","image_urls":["https://finds.org.uk/images/rwebley2/PAS420CA3.JPG"]},{"from":243,"to":244,"title":"NCL-FD6287: A coin issued by Gordian III","image_urls":["https://finds.org.uk/images/pwalton/1162.jpg"]},{"from":243,"to":244,"title":"SUR-A53F86: A coin issued by Gordian III","image_urls":["https://finds.org.uk/images/bvenn/08.498.JPG"]},{"from":243,"to":244,"title":"FAPJW-D0B828: A coin issued by Gordian III","image_urls":["https://finds.org.uk/images/pwalton/5010.jpg"]},{"from":243,"to":244,"title":"NCL-0EC211: A coin issued by Gordian III","image_urls":["https://finds.org.uk/images/pwalton/0EC211.jpg"]},{"from":243,"to":244,"title":"SUR-464714: A coin issued by Gordian III","image_urls":["https://finds.org.uk/images/dwilliams/B13-138.JPG"]},{"from":243,"to":244,"title":"LIN-D64172: A coin issued by Gordian III","image_urls":["https://finds.org.uk/images/adaubney/LIN8100.JPG"]},{"from":243,"to":244,"title":"HAMP-2156D5: A coin issued by Gordian III","image_urls":["https://finds.org.uk/images/rwebley/HAMP-217D28GordianIIIradiate.jpg"]},{"from":243,"to":244,"title":"SUR-962FD3: A coin issued by Gordian III","image_urls":["https://finds.org.uk/images/dwilliams/B14-761.JPG"]},{"from":243,"to":244,"title":"SUR-9C0F25: A coin issued by Gordian III","image_urls":["https://finds.org.uk/images/dwilliams/11-1610.JPG"]},{"from":243,"to":244,"title":"KENT-27CF77: A coin issued by Gordian III","image_urls":["https://finds.org.uk/images/arichardson/PAK193-014%20copy.jpg"]},{"from":243,"to":244,"title":"HAMP-DC3725: A coin issued by Gordian III","image_urls":["https://finds.org.uk/images/rwebley/HAMP-DC3725GordianIIIRadiate.jpg"]},{"from":243,"to":244,"title":"NCL-536A36: A coin issued by Gordian III","image_urls":["https://finds.org.uk/images/vdrost/NCL536A36.jpg"]},{"from":243,"to":244,"title":"BM-3B0E41: A coin issued by Gordian III","image_urls":["https://finds.org.uk/images/jasonlundock/bm3b0e41.jpg"]},{"from":243,"to":244,"title":"RIC IV Gordian III 156. 1974.26.200","image_urls":["http://numismatics.org/collectionimages/19501999/1974/1974.26.200.rev.width350.jpg"]}]