[{"from":244,"to":247,"title":"Antoninianus of Philip the Arab, Rome, 244-247. 1991.17.27.","image_urls":["http://coins.lib.virginia.edu/images/coins/screen/n1991_17_27_rev.jpg"]},{"from":244,"to":247,"title":"Antoninianus, Rome, A.D. 249. 1991.17.33.","image_urls":["http://coins.lib.virginia.edu/images/coins/screen/n1991_17_33_rev.jpg"]},{"from":244,"to":246,"title":"Antoninianus of Philip the Arab, Antioch, 247-249. 1991.17.36.","image_urls":["http://coins.lib.virginia.edu/images/coins/screen/n1991_17_36_rev.jpg"]},{"from":244,"to":249,"title":"Sestertius of Philip the Arab, Rome, 244-249. 1994.10.11.","image_urls":["http://coins.lib.virginia.edu/images/coins/screen/n1994_10_11_rev.jpg"]},{"from":244,"to":247,"title":"Antoninianus of Philip the Arab, Rome, 244-247. 1991.17.35.","image_urls":["http://coins.lib.virginia.edu/images/coins/screen/n1991_17_35_rev.jpg"]},{"from":244,"to":247,"title":"Antoninianus of Philip the Arab, Rome, 244-247. 1991.17.26.","image_urls":["http://coins.lib.virginia.edu/images/coins/screen/n1991_17_26_rev.jpg"]},{"from":244,"to":249,"title":"Antoninianus of Philip the Arab, Antioch, 247-249. 1991.17.29.","image_urls":["http://coins.lib.virginia.edu/images/coins/screen/n1991_17_29_rev.jpg"]},{"from":244,"to":247,"title":"Antoninianus of Philip the Arab, Rome, 244-247. 1991.17.28.","image_urls":["http://coins.lib.virginia.edu/images/coins/screen/n1991_17_28_rev.jpg"]},{"from":244,"to":247,"title":"Antoninianus of Philip the Arab, Rome, 244-247. 1991.17.34.","image_urls":["http://coins.lib.virginia.edu/images/coins/screen/n1991_17_34_rev.jpg"]},{"from":244,"to":247,"title":"Antoninianus of Philip the Arab, Antioch, A.D. 249. 1991.17.31.","image_urls":["http://coins.lib.virginia.edu/images/coins/screen/n1991_17_31_rev.jpg"]},{"from":244,"to":249,"title":"Antoninianus of Philip the Arab, Antioch, A.D. 247. 1991.17.30.","image_urls":["http://coins.lib.virginia.edu/images/coins/screen/n1991_17_30_rev.jpg"]},{"from":244,"to":249,"title":"KENT-17ADF8: A coin issued by Otacilia Severa","image_urls":["https://finds.org.uk/images/jbryan/KENT17ADF8.jpg"]},{"from":244,"to":247,"title":"HAMP-8A3B67: A coin issued by Philip I","image_urls":["https://finds.org.uk/images/rwebley/HAMP-8A3B67PhilipIradiate.jpg"]},{"from":244,"to":246,"title":"CAM-C32756: A coin issued by Philip II","image_urls":["https://finds.org.uk/images/hfowler/CAM-C32756.jpg"]},{"from":244,"to":247,"title":"SUSS-2E5C21: A coin issued by Philip I","image_urls":["https://finds.org.uk/images/tlocke/suss-2e5c21%20%2846%29.jpg"]},{"from":244,"to":249,"title":"BH-C3F167: A coin issued by Philip I","image_urls":["https://finds.org.uk/images/jwatters/Roman_coin_14_102_1.jpg"]},{"from":244,"to":249,"title":"WAW-5F3F32: A coin issued by Philip I","image_urls":["https://finds.org.uk/images/rshenry/WAW-5F3F32.jpg"]},{"from":244,"to":249,"title":"FAPJW-E267A4: A coin issued by Gordian III","image_urls":["https://finds.org.uk/images/pwalton/780.jpg"]},{"from":244,"to":247,"title":"WILT-2B73C8: A coin issued by Philip I","image_urls":["https://finds.org.uk/images/khinds/Cuss0411as.jpg"]},{"from":244,"to":249,"title":"NARC-112957: A coin issued by Philip I","image_urls":["https://finds.org.uk/images/tbrindle/philip%20as.jpg"]},{"from":244,"to":249,"title":"BH-410A78: A coin issued by Otacilia Severa","image_urls":["https://finds.org.uk/images/jwatters/Roman%20coin%2006%20267%20-%203.jpg"]},{"from":244,"to":246,"title":"WILT-103F45: A coin issued by Philip II","image_urls":["https://finds.org.uk/images/rhenry2/WILT-103F45.jpg"]},{"from":244,"to":246,"title":"IOW-CB9F44: A coin issued by Philip II","image_urls":["https://finds.org.uk/images/fbasford/IOW2004-91-4o.jpg"]},{"from":244,"to":249,"title":"NARC-6313A8: A coin issued by Philip I","image_urls":["https://finds.org.uk/images/jcassidy/NARC-6313A8%20a.jpg"]},{"from":244,"to":249,"title":"WILT-B796BA: A coin issued by Otacilia Severa","image_urls":["https://finds.org.uk/images/jshoemark/WILTB796BA.jpg"]},{"from":244,"to":247,"title":"WILT-30C134: A coin issued by Philip I","image_urls":["https://finds.org.uk/images/khinds/Croker0110coin.jpg"]},{"from":244,"to":246,"title":"HAMP-8BA579: A coin issued by Philip II","image_urls":["https://finds.org.uk/images/khindshamp/HAMP8BA579.jpg"]},{"from":244,"to":247,"title":"BH-8304B2: A coin issued by Philip I","image_urls":["https://finds.org.uk/images/jwatters/Roman%20coin%2005%20179%20-%2010.jpg"]},{"from":244,"to":249,"title":"NMGW-7D68A8: A coin issued by Philip I","image_urls":["https://finds.org.uk/images/rbattye/2005.67.2.jpg"]},{"from":244,"to":249,"title":"YORYM-415BF2: A coin issued by Philip I","image_urls":["https://finds.org.uk/images/bmorris/DE0181.jpg"]},{"from":244,"to":247,"title":"SF-828CC4: A coin issued by Philip I","image_urls":["https://finds.org.uk/images/abrown/MKE_SF828CC4.jpg"]},{"from":244,"to":249,"title":"BM-04CF75: A coin issued by Philip I","image_urls":["https://finds.org.uk/images/jasonlundock/BM-04CF75.jpg"]},{"from":244,"to":249,"title":"SF-370FD2: A coin issued by Philip I","image_urls":["https://finds.org.uk/images/abrown/SEY%20SF-370FD2.jpg"]},{"from":244,"to":249,"title":"WMID-FE5898: A coin issued by Philip I","image_urls":["https://finds.org.uk/images/dslarke/ras%20rx2%20copy.jpg"]},{"from":244,"to":249,"title":"PUBLIC-7E0145: A coin issued by Otacilia Severa","image_urls":["https://finds.org.uk/images/calow1/FLE14.%20620.JPG"]},{"from":244,"to":249,"title":"LON-7D87B3: A coin issued by Philip I","image_urls":["https://finds.org.uk/images/ksumnall/Isaacs-PhillipNummus-Dec10.jpg"]},{"from":244,"to":247,"title":"NCL-FAA121: A coin issued by Gordian III","image_urls":["https://finds.org.uk/images/pwalton/1181.jpg"]},{"from":244,"to":249,"title":"IOW-197B95: A coin issued by Philip I","image_urls":["https://finds.org.uk/images/fbasford/IOW2010-3-73.JPG"]},{"from":244,"to":249,"title":"LEIC-18B501: A coin issued by Philip I","image_urls":["https://finds.org.uk/images/rebecca/LEIC-18B501.JPG"]},{"from":244,"to":249,"title":"PUBLIC-66CB03: A coin issued by Philip I","image_urls":["https://finds.org.uk/images/calow1/FLE14.%20722.JPG"]},{"from":244,"to":249,"title":"SUR-786646: A coin issued by Philip I","image_urls":["https://finds.org.uk/images/dwilliams/06.635a.JPG"]},{"from":244,"to":249,"title":"SWYOR-3812D0: A coin issued by Otacilia Severa","image_urls":["https://finds.org.uk/images/acooper/PAS_758_roman.jpg"]},{"from":244,"to":246,"title":"NARC-D8CB04: A coin issued by Philip II","image_urls":["https://finds.org.uk/images/jcassidy/NARC-D8CB04%20b.jpg"]},{"from":244,"to":247,"title":"IOW-1A5CC7: A coin issued by Philip I","image_urls":["https://finds.org.uk/images/fbasford/IOW2012-1-365.JPG"]},{"from":244,"to":249,"title":"HAMP-B7FFF6: A coin issued by Otacilia Severa","image_urls":["https://finds.org.uk/images/ellysg1/NummusHAMP-B7FFF6.jpg"]},{"from":244,"to":247,"title":"FASAM-77CD04: A coin issued by Philip I","image_urls":["https://finds.org.uk/images/sam/840.jpg"]},{"from":244,"to":247,"title":"BH-994047: A coin issued by Philip I","image_urls":["https://finds.org.uk/images/jwatters/Roman_coin_14_120_16.jpg"]},{"from":244,"to":247,"title":"BH-B979D6: A coin issued by Philip I","image_urls":["https://finds.org.uk/images/jwatters/Roman_coin_14_56_3.jpg"]},{"from":244,"to":246,"title":"SF-9CD636: A coin issued by Philip I","image_urls":["https://finds.org.uk/images/abrown/LKD%20SF-9CD636.jpg"]},{"from":244,"to":249,"title":"KENT-FF6A00: A coin issued by Philip I","image_urls":["https://finds.org.uk/images/arichardson/PAK197-104%20copy.jpg"]},{"from":244,"to":249,"title":"FASAM-761D66: A coin issued by Philip I","image_urls":["https://finds.org.uk/images/sam/813.jpg"]},{"from":244,"to":249,"title":"HESH-C943E8: A coin issued by Philip I","image_urls":["https://finds.org.uk/images/preavill/HESH-C943E8.jpg"]},{"from":244,"to":246,"title":"WILT-09CEB1: A coin issued by Philip II","image_urls":["https://finds.org.uk/images/khinds/WILT-09CEB1.jpg"]},{"from":244,"to":249,"title":"LEIC-F14965: A coin issued by Philip I","image_urls":["https://finds.org.uk/images/wscott/F14965.JPG"]},{"from":244,"to":249,"title":"GLO-E04675: A coin issued by Otacilia Severa","image_urls":["https://finds.org.uk/images/kadams/GLOE04675.jpg"]},{"from":244,"to":249,"title":"YORYM-485946: A coin issued by Philip I","image_urls":["https://finds.org.uk/images/yorkvol/THR0404.jpg"]},{"from":244,"to":247,"title":"FAPJW-B7F425: A coin issued by Philip I","image_urls":["https://finds.org.uk/images/pwalton/4832.jpg"]},{"from":244,"to":249,"title":"BH-8144F1: A coin issued by Philip I","image_urls":["https://finds.org.uk/images/jwatters/Roman_coin_12_39_70.jpg"]},{"from":244,"to":247,"title":"NARC-788972: A coin issued by Philip I","image_urls":["https://finds.org.uk/images/tbrindle/NARC-788972radiateobv.jpg"]},{"from":244,"to":247,"title":"SOM-420972: A coin issued by Philip I","image_urls":["https://finds.org.uk/images/npayne/420972.jpg"]},{"from":244,"to":249,"title":"NCL-4D2012: A coin issued by Otacilia Severa","image_urls":["https://finds.org.uk/images/pwalton/878.jpg"]},{"from":244,"to":249,"title":"DENO-75F367: A coin issued by Otacilia Severa","image_urls":["https://finds.org.uk/images/cburrill2/E7419_Roman_As_Otacilla_CONCORDIA.jpg"]},{"from":244,"to":244,"title":"WMID-A96686: A coin issued by Philip I","image_urls":["https://finds.org.uk/images/dslarke/cov%20coin%201%200808%20copy.jpg"]},{"from":244,"to":249,"title":"BH-70C7D7: A coin issued by Philip I","image_urls":["https://finds.org.uk/images/jwatters/Roman%20coin%2007%2085%20-%204.jpg"]},{"from":244,"to":249,"title":"BM-EE4C45: A coin issued by Philip I","image_urls":["https://finds.org.uk/images/jasonlundock/5245Philip.jpg"]},{"from":244,"to":249,"title":"PUBLIC-920723: A coin issued by Gordian III","image_urls":["https://finds.org.uk/images/tomredmayne/gordian1.jpg"]},{"from":244,"to":246,"title":"BH-8DF024: A coin issued by Philip II","image_urls":["https://finds.org.uk/images/jwatters/Roman%20coin%20WF%202%20-%2053.jpg"]},{"from":244,"to":249,"title":"NMGW-09F346: A coin issued by Philip I","image_urls":["https://finds.org.uk/images/rbattye/2005.119.3.jpg"]},{"from":244,"to":249,"title":"NCL-FD3AF7: A coin issued by Otacilia Severa","image_urls":["https://finds.org.uk/images/pwalton/1132.jpg"]},{"from":244,"to":249,"title":"SUR-07E7B1: A coin issued by Philip I","image_urls":["https://finds.org.uk/images/dwilliams/11-1216.JPG"]},{"from":244,"to":244,"title":"LIN-749FA0: A coin issued by Philip I","image_urls":["https://finds.org.uk/images/adaubney/LIN2013-1027.jpg"]},{"from":244,"to":249,"title":"Bronze Coin, Zeugma, AD 244 - AD 249. 1944.100.65254","image_urls":["http://numismatics.org/collectionimages/19001949/1944/1944.100.65254.rev.width350.jpg"]},{"from":244,"to":249,"title":"RIC IV Philip I 166B. 2015.12.31","image_urls":["http://numismatics.org/collectionimages/20002049/2015/2015.12.31.rev.width350.jpg"]},{"from":244,"to":249,"title":"Bronze Coin, Sagalassus, AD 244 - AD 249. 1944.100.52068","image_urls":["http://numismatics.org/collectionimages/19001949/1944/1944.100.52068.rev.width350.jpg"]},{"from":244,"to":249,"title":"Bronze Coin, Nicopolis, AD 244 - AD 249. 1977.158.859","image_urls":["http://numismatics.org/collectionimages/19501999/1977/1977.158.859.rev.width350.jpg"]},{"from":244,"to":249,"title":"RIC IV Philip I 254. 1923.151.21","image_urls":["http://numismatics.org/collectionimages/19001949/1923/1923.151.21.rev.width350.jpg"]},{"from":244,"to":249,"title":"Bronze Coin of Philip II, Zeugma, AD 244 - AD 249. 1948.19.1978","image_urls":["http://numismatics.org/collectionimages/19001949/1948/1948.19.1978.rev.width350.jpg"]},{"from":244,"to":249,"title":"Bronze Coin, Zeugma, AD 244 - AD 249. 1944.100.65253","image_urls":["http://numismatics.org/collectionimages/19001949/1944/1944.100.65253.rev.width350.jpg"]},{"from":244,"to":249,"title":"Bronze Coin of Philip II, Heliopolis, AD 244 - AD 249. 2001.21.10","image_urls":["http://numismatics.org/collectionimages/20002049/2001/2001.21.10.rev.width350.jpg"]},{"from":244,"to":249,"title":"Bronze Coin, Neapolis, AD 244 - AD 249. 1961.154.143","image_urls":["http://numismatics.org/collectionimages/19501999/1961/1961.154.143.rev.width350.jpg"]},{"from":244,"to":249,"title":"Bronze Coin of Philip II, Zeugma, AD 244 - AD 249. 1953.171.1463","image_urls":["http://numismatics.org/collectionimages/19501999/1953/1953.171.1463.rev.width350.jpg"]},{"from":244,"to":245,"title":"Bronze Coin of Philip II, Anazarbus, AD 244 - AD 245. 2000.8.9","image_urls":["http://numismatics.org/collectionimages/20002049/2000/2000.8.9.rev.width350.jpg"]},{"from":244,"to":249,"title":"Bronze Coin, Apameia (Myrleia), AD 244 - AD 249. 1944.100.41984","image_urls":["http://numismatics.org/collectionimages/19001949/1944/1944.100.41984.rev.width350.jpg"]},{"from":244,"to":249,"title":"Bronze Coin of Philip II, Zeugma, AD 244 - AD 249. 1953.171.1461","image_urls":["http://numismatics.org/collectionimages/19501999/1953/1953.171.1461.rev.width350.jpg"]},{"from":244,"to":249,"title":"Bronze Coin, Metropolis, AD 244 - AD 249. 1944.100.46509","image_urls":["http://numismatics.org/collectionimages/19001949/1944/1944.100.46509.rev.width350.jpg"]},{"from":244,"to":246,"title":"RIC IV Philip I 70. 1948.19.662","image_urls":["http://numismatics.org/collectionimages/19001949/1948/1948.19.662.rev.width350.jpg"]},{"from":244,"to":249,"title":"Bronze Coin, Samos, AD 244 - AD 249. 1944.100.47584","image_urls":["http://numismatics.org/collectionimages/19001949/1944/1944.100.47584.rev.width350.jpg"]},{"from":244,"to":249,"title":"Bronze Coin, Antiocheia ad Maeandrum, AD 244 - AD 249. 1971.230.28","image_urls":["http://numismatics.org/collectionimages/19501999/1971/1971.230.28.rev.width350.jpg"]},{"from":244,"to":249,"title":"RIC IV Philip I 166B. 2015.12.32","image_urls":["http://numismatics.org/collectionimages/20002049/2015/2015.12.32.rev.width350.jpg"]},{"from":244,"to":249,"title":"Bronze Coin, Sagalassus, AD 244 - AD 249. 1998.18.100","image_urls":["http://numismatics.org/collectionimages/19501999/1998/1998.18.100.rev.width350.jpg"]},{"from":244,"to":249,"title":"Bronze Coin, Damascus, AD 244 - AD 249. 1944.100.83589","image_urls":["http://numismatics.org/collectionimages/19001949/1944/1944.100.83589.rev.width350.jpg"]},{"from":244,"to":249,"title":"Bronze Coin, Metropolis, AD 244 - AD 249. 1944.100.46513","image_urls":["http://numismatics.org/collectionimages/19001949/1944/1944.100.46513.rev.width350.jpg"]},{"from":244,"to":249,"title":"Silver Antoninianus, Rome, AD 244 - AD 249. 2015.12.29","image_urls":["http://numismatics.org/collectionimages/20002049/2015/2015.12.29.rev.width350.jpg"]},{"from":244,"to":249,"title":"Silver Antoninianus, Rome, AD 244 - AD 249. 2015.13.25","image_urls":["http://numismatics.org/collectionimages/20002049/2015/2015.13.25.rev.width350.jpg"]},{"from":244,"to":249,"title":"Silver Antoninianus, Rome, AD 244 - AD 249. 2015.12.30","image_urls":["http://numismatics.org/collectionimages/20002049/2015/2015.12.30.rev.width350.jpg"]},{"from":244,"to":249,"title":"Bronze Coin, Zeugma, AD 244 - AD 249. 1944.100.65255","image_urls":["http://numismatics.org/collectionimages/19001949/1944/1944.100.65255.rev.width350.jpg"]},{"from":244,"to":247,"title":"RIC IV Philip I 26B. 1995.11.1347","image_urls":["http://numismatics.org/collectionimages/19501999/1995/1995.11.1347.rev.width350.jpg"]},{"from":244,"to":249,"title":"Bronze Coin, Zeugma, AD 244 - AD 249. 1944.100.65250","image_urls":["http://numismatics.org/collectionimages/19001949/1944/1944.100.65250.rev.width350.jpg"]},{"from":244,"to":249,"title":"Bronze Coin, Nicopolis, AD 244 - AD 249. 1944.100.66510","image_urls":["http://numismatics.org/collectionimages/19001949/1944/1944.100.66510.rev.width350.jpg"]},{"from":244,"to":249,"title":"Bronze Coin, Bizya, AD 244 - AD 249. 2000.5.34","image_urls":["http://numismatics.org/collectionimages/20002049/2000/2000.5.34.rev.width350.jpg"]},{"from":244,"to":249,"title":"Bronze Coin of Philip II, Zeugma, AD 244 - AD 249. 1944.100.65263","image_urls":["http://numismatics.org/collectionimages/19001949/1944/1944.100.65263.rev.width350.jpg"]},{"from":244,"to":249,"title":"Bronze Coin, Verbe, AD 244 - AD 249. 1973.191.94","image_urls":["http://numismatics.org/collectionimages/19501999/1973/1973.191.94.rev.width350.jpg"]},{"from":244,"to":249,"title":"Bronze Coin, Sestos, AD 244 - AD 249. 1944.100.16633","image_urls":["http://numismatics.org/collectionimages/19001949/1944/1944.100.16633.rev.width350.jpg"]},{"from":244,"to":249,"title":"Bronze Coin, Zeugma, AD 244 - AD 249. 1944.100.65257","image_urls":["http://numismatics.org/collectionimages/19001949/1944/1944.100.65257.rev.width350.jpg"]},{"from":244,"to":249,"title":"Bronze Coin, Zeugma, AD 244 - AD 249. 2001.21.5","image_urls":["http://numismatics.org/collectionimages/20002049/2001/2001.21.5.rev.width350.jpg"]},{"from":244,"to":249,"title":"RIC IV Philip I 246Aa. 1944.100.18415","image_urls":["http://numismatics.org/collectionimages/19001949/1944/1944.100.18415.rev.width350.jpg"]},{"from":244,"to":249,"title":"Bronze Coin, Bizya, AD 244 - AD 249. 1944.100.15580","image_urls":["http://numismatics.org/collectionimages/19001949/1944/1944.100.15580.rev.width350.jpg"]}]