[{"from":245,"to":245,"title":"NMGW-0070C1: A coin issued by Julia Soaemias","image_urls":["https://finds.org.uk/images/sianw/2006.11.7r.TIF"]},{"from":245,"to":249,"title":"WMID-197DB7: A coin issued by Otacilia Severa","image_urls":["https://finds.org.uk/images/tbrindle/WMID-197DB7.jpg"]},{"from":245,"to":249,"title":"HAMP-9073C6: A coin issued by Otacilia Severa","image_urls":["https://finds.org.uk/images/khindshamp/HAMP-9073C6.jpg"]},{"from":245,"to":246,"title":"LEIC-21A411: A coin issued by Philip II","image_urls":["https://finds.org.uk/images/wscott/21A411.JPG"]},{"from":245,"to":249,"title":"NLM-773D21: A coin issued by Otacilia Severa","image_urls":["https://finds.org.uk/images/mforeman/NLM17519.jpg"]},{"from":245,"to":246,"title":"NLM-28CBD5: A coin issued by Philip II","image_urls":["https://finds.org.uk/images/mforeman/NLM24373.jpg"]},{"from":245,"to":249,"title":"BH-447F26: A coin issued by Otacilia Severa","image_urls":["https://finds.org.uk/images/jwatters/Roman%20coin%2009%2013%20-%201.jpg"]},{"from":245,"to":247,"title":"LEIC-68F7C6: A coin issued by Philip I","image_urls":["https://finds.org.uk/images/wscott/68F7C6.JPG"]},{"from":245,"to":247,"title":"WILT-644FA1: A coin issued by Philip I","image_urls":["https://finds.org.uk/images/khinds/WILT-644FA1.jpg"]}]