[{"from":246,"to":248,"title":"SF-1E8DC5: A coin issued by Philip II","image_urls":["https://finds.org.uk/images/abrown/WSW_SF-1E8DC5.jpg"]},{"from":246,"to":249,"title":"ESS-C92371: A coin issued by Philip II","image_urls":["https://finds.org.uk/images/kmarsden/ESS-C92371.jpg"]},{"from":246,"to":248,"title":"BH-777C42: A coin issued by Philip I","image_urls":["https://finds.org.uk/images/jwatters/Roman%20coin%2008%20135%20-%2044.jpg"]},{"from":246,"to":317,"title":"LVPL-8370F7: A coin issued by Constantine I","image_urls":["https://finds.org.uk/images/voakden/LVPL-8370F7.jpg"]},{"from":246,"to":246,"title":"SUR-B50FF7: A coin issued by Philip I","image_urls":["https://finds.org.uk/images/dwilliams/05.670a.jpg"]},{"from":246,"to":258,"title":"FAPJW-392105: A coin issued by Otacilia Severa","image_urls":["https://finds.org.uk/images/pwalton/7073.jpg"]},{"from":246,"to":247,"title":"Bronze Coin, Dacia, AD 246 - AD 247. 2005.45.1","image_urls":["http://numismatics.org/collectionimages/20002049/2005/2005.45.1.rev.width350.jpg"]}]