[{"from":247,"to":249,"title":"SUSS-4CCA52: A coin issued by Philip II","image_urls":["https://finds.org.uk/images/lburnett/SUSS-4CCA52%20.JPG"]},{"from":247,"to":249,"title":"DENO-827806: A coin issued by Philip I","image_urls":["https://finds.org.uk/images/cburrill2/E7067_Roman_Radiate.jpg"]},{"from":247,"to":249,"title":"PUBLIC-25AF31: A coin issued by Otacilia Severa","image_urls":["https://finds.org.uk/images/strebor/PUBLIC-29AF31%20Roman%20silver%20radiate%20Otacilia%20Severa%20AD244-9.jpg"]},{"from":247,"to":249,"title":"CAM-8BF945: A coin issued by Philip I","image_urls":["https://finds.org.uk/images/pjw/CAM_8BF945.jpg"]},{"from":247,"to":249,"title":"WILT-F45CD6: A coin issued by Philip I","image_urls":["https://finds.org.uk/images/khinds/BonAroman.jpg"]},{"from":247,"to":249,"title":"SUR-110DA4: A coin issued by Philip II","image_urls":["https://finds.org.uk/images/dwilliams/12-63.JPG"]},{"from":247,"to":249,"title":"NARC-EFE341: A coin issued by Philip I","image_urls":["https://finds.org.uk/images/jcassidy/NARC-EFE341%20b.jpg"]},{"from":247,"to":249,"title":"PUBLIC-3B0893: A coin issued by Otacilia Severa","image_urls":["https://finds.org.uk/images/strebor/PUBLIC-3B0893%20Base%20Silver%20radiate%20Otacilia%20Severa%20247-49.jpg"]},{"from":247,"to":247,"title":"LEIC-570D36: A coin issued by Otacilia Severa","image_urls":["https://finds.org.uk/images/wscott/570D36.JPG"]},{"from":247,"to":249,"title":"Bronze Coin of Philip II, Zeugma, AD 247 - AD 249. 2002.21.4","image_urls":["http://numismatics.org/collectionimages/20002049/2002/2002.21.4.rev.width350.jpg"]},{"from":247,"to":249,"title":"Bronze Coin of Philip II, Zeugma, AD 247 - AD 249. 2001.21.3","image_urls":["http://numismatics.org/collectionimages/20002049/2001/2001.21.3.rev.width350.jpg"]},{"from":247,"to":248,"title":"Bronze Drachm, Alexandreia, AD 247 - AD 248. 1944.100.67159","image_urls":["http://numismatics.org/collectionimages/19001949/1944/1944.100.67159.rev.width350.jpg"]},{"from":247,"to":248,"title":"Bronze Coin, Dacia, AD 247 - AD 248. 2005.45.2","image_urls":["http://numismatics.org/collectionimages/20002049/2005/2005.45.2.rev.width350.jpg"]}]