[{"from":248,"to":249,"title":"BH-936448: A coin issued by Otacilia Severa","image_urls":["https://finds.org.uk/images/jwatters/Roman%20coin%2009%2050%20-%2046.jpg"]},{"from":248,"to":248,"title":"WILT-7EBBD3: A coin issued by Otacilia Severa","image_urls":["https://finds.org.uk/images/khinds/HemmsCoulson0810As.jpg"]},{"from":248,"to":248,"title":"BH-150B00: A coin issued by Philip I","image_urls":["https://finds.org.uk/images/jwatters/Roman_coin_11_201_59.jpg"]},{"from":248,"to":248,"title":"SWYOR-79B816: A coin issued by Philip I","image_urls":["https://finds.org.uk/images/acooper/PAS%20609%20phillip.jpg"]},{"from":248,"to":248,"title":"LEIC-213D57: A coin issued by Otacilia Severa","image_urls":["https://finds.org.uk/images/wscott/213D57.jpg"]},{"from":248,"to":248,"title":"DENO-513595: A coin issued by Otacilia Severa","image_urls":["https://finds.org.uk/images/cburrill2/E6925_DJarvis2.jpg"]},{"from":248,"to":249,"title":"RIC IV Pacatianus 5a. 1944.100.18356","image_urls":["http://numismatics.org/collectionimages/19001949/1944/1944.100.18356.rev.width350.jpg"]},{"from":248,"to":249,"title":"Silver Tetradrachm, Antioch, AD 248 - AD 249. 1944.100.59183","image_urls":["http://numismatics.org/collectionimages/19001949/1944/1944.100.59183.rev.width350.jpg"]},{"from":248,"to":249,"title":"Silver Tetradrachm, Antioch, AD 248 - AD 249. 1944.100.59126","image_urls":["http://numismatics.org/collectionimages/19001949/1944/1944.100.59126.rev.width350.jpg"]},{"from":248,"to":249,"title":"Silver Tetradrachm, Antioch, AD 248 - AD 249. 1944.100.59186","image_urls":["http://numismatics.org/collectionimages/19001949/1944/1944.100.59186.rev.width350.jpg"]},{"from":248,"to":249,"title":"Silver Tetradrachm, Antioch, AD 248 - AD 249. 1944.100.59135","image_urls":["http://numismatics.org/collectionimages/19001949/1944/1944.100.59135.rev.width350.jpg"]},{"from":248,"to":249,"title":"Silver Tetradrachm, Antioch, AD 248 - AD 249. 1944.100.59152","image_urls":["http://numismatics.org/collectionimages/19001949/1944/1944.100.59152.rev.width350.jpg"]},{"from":248,"to":249,"title":"Bronze Coin, Dacia, AD 248 - AD 249. 2005.45.3","image_urls":["http://numismatics.org/collectionimages/20002049/2005/2005.45.3.rev.width350.jpg"]},{"from":248,"to":249,"title":"RIC IV Jotapianus 2A. 1976.159.1","image_urls":["http://numismatics.org/collectionimages/19501999/1976/1976.159.1.rev.width350.jpg"]},{"from":248,"to":249,"title":"RIC IV Pacatianus 5a. 1968.141.1","image_urls":["http://numismatics.org/collectionimages/19501999/1968/1968.141.1.rev.width350.jpg"]}]