[{"from":249,"to":251,"title":"Antoninianus of Trajan Decius, Rome, 250-251. 1991.17.39.","image_urls":["http://coins.lib.virginia.edu/images/coins/screen/n1991_17_39_rev.jpg"]},{"from":249,"to":251,"title":"CAM-CDFF65: A coin issued by Herennia Etruscilla","image_urls":["https://finds.org.uk/images/hfowler/CAM-CDFF65.jpg"]},{"from":249,"to":249,"title":"NCL-EDFF57: A coin issued by Otacilia Severa","image_urls":["https://finds.org.uk/images/pwalton/1195.jpg"]},{"from":249,"to":251,"title":"SUSS-63E8D1: A coin issued by Trajan Decius","image_urls":["https://finds.org.uk/images/lburnett/SUSS-63E8D1.JPG"]},{"from":249,"to":251,"title":"WAW-9A7123: A coin issued by Herennia Etruscilla","image_urls":["https://finds.org.uk/images/abolton/WAW9A7123.jpg"]},{"from":249,"to":251,"title":"BH-49BA85: A coin issued by Trajan Decius","image_urls":["https://finds.org.uk/images/jwatters/Roman_coin_11_189_162.jpg"]},{"from":249,"to":251,"title":"WAW-9DDF05: A coin issued by Trajan Decius","image_urls":["https://finds.org.uk/images/abolton/WAW-9DDF05.jpg"]},{"from":249,"to":251,"title":"CAM-E83EA3: A coin issued by Trajan Decius","image_urls":["https://finds.org.uk/images/hfowler/CAM-E83EA3.jpg"]},{"from":249,"to":251,"title":"SOM-BD4D05: A coin issued by Trajan Decius","image_urls":["https://finds.org.uk/images/npayne/BD4D05.jpg"]},{"from":249,"to":251,"title":"SUR-C10A36: A coin issued by Trajan Decius","image_urls":["https://finds.org.uk/images/margaretb/14-11.JPG"]},{"from":249,"to":251,"title":"YORYM-35CDA8: A coin issued by Herennia Etruscilla","image_urls":["https://finds.org.uk/images/bmorris/WSB0112.jpg"]},{"from":249,"to":249,"title":"CAM-EAED03: A coin issued by Philip I","image_urls":["https://finds.org.uk/images/pjw/5008.jpg"]},{"from":249,"to":251,"title":"SUR-8F6F97: A coin issued by Herennia Etruscilla","image_urls":["https://finds.org.uk/images/dwilliams/12-655.JPG"]},{"from":249,"to":249,"title":"NCL-0EF042: A coin issued by Philip II","image_urls":["https://finds.org.uk/images/pwalton/0EF042.jpg"]},{"from":249,"to":251,"title":"SOM-6B6921: A coin issued by Herennia Etruscilla","image_urls":["https://finds.org.uk/images/alicef/SOM-6B6921.JPG"]},{"from":249,"to":249,"title":"IOW-7D9737: A coin issued by Trajan Decius","image_urls":["https://finds.org.uk/images/fbasford/IOW2011-4-102.JPG"]},{"from":249,"to":251,"title":"SUR-D3EDE4: A coin issued by Trajan Decius","image_urls":["https://finds.org.uk/images/dwilliams/15348.JPG"]},{"from":249,"to":251,"title":"SF-769AFE: A coin issued by Trajan Decius","image_urls":["https://finds.org.uk/images/abrown/PSG_SF769AFE.jpg"]},{"from":249,"to":251,"title":"YORYM-331DC3: A coin issued by Herennia Etruscilla","image_urls":["https://finds.org.uk/images/law/BL0051.jpg"]},{"from":249,"to":251,"title":"NARC-3D7831: A coin issued by Trajan Decius","image_urls":["https://finds.org.uk/images/jcassidy/denarius%20a.jpg"]},{"from":249,"to":251,"title":"HAMP422: A coin issued by Trajan Decius","image_urls":["https://finds.org.uk/images/sworrell/hamp422a.jpg"]},{"from":249,"to":251,"title":"BERK-8979A0: A coin issued by Trajan Decius","image_urls":["https://finds.org.uk/images/abyard/2012470.jpg"]},{"from":249,"to":251,"title":"DUR-720803: A coin issued by Trajan Decius","image_urls":["https://finds.org.uk/images/a8622912/DUR-720803.jpg"]},{"from":249,"to":250,"title":"NARC-083EE6: A coin issued by Herennia Etruscilla","image_urls":["https://finds.org.uk/images/jcassidy/NARC-083EE6%20b.jpg"]},{"from":249,"to":251,"title":"HAMP2176: A coin issued by Trajan Decius","image_urls":["https://finds.org.uk/images/sworrell/hamp%202176a.jpg"]},{"from":249,"to":251,"title":"SUR-A56AE5: A coin with an unrecorded/uncertain issuer.","image_urls":["https://finds.org.uk/images/margaretb/09.1274.jpg"]},{"from":249,"to":251,"title":"NMGW-23DC38: A coin issued by Trajan Decius","image_urls":["https://finds.org.uk/images/mlodwick/2011.77.1.jpg"]},{"from":249,"to":251,"title":"SOMDOR-84BCF7: A coin issued by Trajan Decius","image_urls":["https://finds.org.uk/images/npayne/84BCF7.jpg"]},{"from":249,"to":251,"title":"Silver Tetradrachm, Antioch, AD 249 - AD 251. 1944.100.59307","image_urls":["http://numismatics.org/collectionimages/19001949/1944/1944.100.59307.rev.width350.jpg"]},{"from":249,"to":251,"title":"Silver Tetradrachm, Antioch, AD 249 - AD 251. 1944.100.59202","image_urls":["http://numismatics.org/collectionimages/19001949/1944/1944.100.59202.rev.width350.jpg"]},{"from":249,"to":251,"title":"Bronze Coin, Selge, AD 249 - AD 251. 1944.100.52182","image_urls":["http://numismatics.org/collectionimages/19001949/1944/1944.100.52182.rev.width350.jpg"]},{"from":249,"to":251,"title":"Silver Tetradrachm, Antioch, AD 249 - AD 251. 1944.100.59253","image_urls":["http://numismatics.org/collectionimages/19001949/1944/1944.100.59253.rev.width350.jpg"]},{"from":249,"to":250,"title":"Bronze Coin, Dacia, AD 249 - AD 250. 2005.45.4","image_urls":["http://numismatics.org/collectionimages/20002049/2005/2005.45.4.rev.width350.jpg"]},{"from":249,"to":251,"title":"Bronze Coin, Pergamum, AD 249 - AD 251. 1953.70.16","image_urls":["http://numismatics.org/collectionimages/19501999/1953/1953.70.16.rev.width350.jpg"]},{"from":249,"to":251,"title":"Bronze Coin, Antiocheia ad Maeandrum, AD 249 - AD 251. 1974.277.1","image_urls":["http://numismatics.org/collectionimages/19501999/1974/1974.277.1.rev.width350.jpg"]},{"from":249,"to":251,"title":"Bronze Coin, Maeonia, AD 249 - AD 251. 1975.216.4","image_urls":["http://numismatics.org/collectionimages/19501999/1975/1975.216.4.rev.width350.jpg"]},{"from":249,"to":251,"title":"Bronze Coin, Damascus, AD 249 - AD 251. 1944.100.83590","image_urls":["http://numismatics.org/collectionimages/19001949/1944/1944.100.83590.rev.width350.jpg"]},{"from":249,"to":251,"title":"Bronze Coin, Pergamum, AD 249 - AD 251. 1944.100.43364","image_urls":["http://numismatics.org/collectionimages/19001949/1944/1944.100.43364.rev.width350.jpg"]},{"from":249,"to":251,"title":"Bronze Sestertius, Antioch, AD 249 - AD 251. 1944.100.59353","image_urls":["http://numismatics.org/collectionimages/19001949/1944/1944.100.59353.rev.width350.jpg"]},{"from":249,"to":251,"title":"Bronze Coin, Pergamum, AD 249 - AD 251. 1944.100.43365","image_urls":["http://numismatics.org/collectionimages/19001949/1944/1944.100.43365.rev.width350.jpg"]},{"from":249,"to":251,"title":"Bronze Coin, Hypaepa, AD 249 - AD 251. 1953.171.873","image_urls":["http://numismatics.org/collectionimages/19501999/1953/1953.171.873.rev.width350.jpg"]},{"from":249,"to":251,"title":"RIC IV Trajan Decius 115A. 1944.100.19998","image_urls":["http://numismatics.org/collectionimages/19001949/1944/1944.100.19998.rev.width350.jpg"]},{"from":249,"to":251,"title":"Bronze Coin, Sagalassus, AD 249 - AD 251. 1973.191.89","image_urls":["http://numismatics.org/collectionimages/19501999/1973/1973.191.89.rev.width350.jpg"]},{"from":249,"to":251,"title":"Silver Tetradrachm, Antioch, AD 249 - AD 251. 1944.100.59272","image_urls":["http://numismatics.org/collectionimages/19001949/1944/1944.100.59272.rev.width350.jpg"]},{"from":249,"to":251,"title":"Bronze Coin, Apameia (Myrleia), AD 249 - AD 251. 1944.100.41985","image_urls":["http://numismatics.org/collectionimages/19001949/1944/1944.100.41985.rev.width350.jpg"]},{"from":249,"to":250,"title":"Bronze Coin, Dacia, AD 249 - AD 250. 2005.45.5","image_urls":["http://numismatics.org/collectionimages/20002049/2005/2005.45.5.rev.width350.jpg"]},{"from":249,"to":251,"title":"Bronze Coin, Elaea, AD 249 - AD 251. 1972.185.4","image_urls":["http://numismatics.org/collectionimages/19501999/1972/1972.185.4.rev.width350.jpg"]}]