[{"from":250,"to":251,"title":"CAM-FE687D: A coin issued by Hostilian","image_urls":["https://finds.org.uk/images/hfowler/CAMFE687D.jpg"]},{"from":250,"to":275,"title":"NARC-332FC0: A coin issued by Uncertain - 3rd century","image_urls":["https://finds.org.uk/images/rwebley/NARC-332FC0radiateobv.jpg"]},{"from":250,"to":251,"title":"LVPL-D29CE6: A coin issued by Trajan Decius","image_urls":["https://finds.org.uk/images/voakden/LVPL-D29CE6.jpg"]},{"from":250,"to":251,"title":"WMID-BEFBD6: A coin issued by Herennius Etruscus","image_urls":["https://finds.org.uk/images/tgilmore/WMID-BEFBD6.jpg"]},{"from":250,"to":251,"title":"WMID-C000D4: A coin issued by Herennius Etruscus","image_urls":["https://finds.org.uk/images/tbrindle/WMID-C000D4.jpg"]},{"from":250,"to":251,"title":"FASAM-760467: A coin issued by Herennius Etruscus","image_urls":["https://finds.org.uk/images/sam/837.jpg"]},{"from":250,"to":251,"title":"KENT-155194: A coin issued by Trajan Decius","image_urls":["https://finds.org.uk/images/jbryan/KENT-155194.jpg"]},{"from":250,"to":251,"title":"BH-6DC5DB: A coin issued by Herennius Etruscus","image_urls":["https://finds.org.uk/images/jwatters/Roman_coin_15_20_19.jpg"]},{"from":250,"to":251,"title":"Bronze Coin, Dacia, AD 250 - AD 251. 2005.45.7","image_urls":["http://numismatics.org/collectionimages/20002049/2005/2005.45.7.rev.width350.jpg"]},{"from":250,"to":251,"title":"RIC IV Trajan Decius 167A. 1944.100.26995","image_urls":["http://numismatics.org/collectionimages/19001949/1944/1944.100.26995.rev.width350.jpg"]},{"from":250,"to":251,"title":"RIC IV Trajan Decius 89. 1935.117.222","image_urls":["http://numismatics.org/collectionimages/19001949/1935/1935.117.222.rev.width350.jpg"]},{"from":250,"to":251,"title":"RIC IV Trajan Decius 81A. 0000.999.8169","image_urls":["http://numismatics.org/collectionimages/00001899/0000/0000.999.8169.rev.width350.jpg"]},{"from":250,"to":251,"title":"RIC IV Trajan Decius 93. 1944.100.19984","image_urls":["http://numismatics.org/collectionimages/19001949/1944/1944.100.19984.rev.width350.jpg"]},{"from":250,"to":251,"title":"RIC IV Trajan Decius 98. 1944.100.19987","image_urls":["http://numismatics.org/collectionimages/19001949/1944/1944.100.19987.rev.width350.jpg"]},{"from":250,"to":251,"title":"RIC IV Trajan Decius 93. 1944.100.19983","image_urls":["http://numismatics.org/collectionimages/19001949/1944/1944.100.19983.rev.width350.jpg"]},{"from":250,"to":251,"title":"RIC IV Trajan Decius 90. 1935.117.221","image_urls":["http://numismatics.org/collectionimages/19001949/1935/1935.117.221.rev.width350.jpg"]},{"from":250,"to":251,"title":"Bronze Coin, Anazarbus, AD 250 - AD 251. 2000.8.7","image_urls":["http://numismatics.org/collectionimages/20002049/2000/2000.8.7.rev.width350.jpg"]},{"from":250,"to":251,"title":"RIC IV Trajan Decius 78. 1944.100.19975","image_urls":["http://numismatics.org/collectionimages/19001949/1944/1944.100.19975.rev.width350.jpg"]},{"from":250,"to":251,"title":"RIC IV Trajan Decius 80. 2008.63.147","image_urls":["http://numismatics.org/collectionimages/20002049/2008/2008.63.147.rev.width350.jpg"]},{"from":250,"to":251,"title":"RIC IV Trajan Decius 97. 1935.117.223","image_urls":["http://numismatics.org/collectionimages/19001949/1935/1935.117.223.rev.width350.jpg"]},{"from":250,"to":251,"title":"Bronze Coin, Dacia, AD 250 - AD 251. 2005.45.10","image_urls":["http://numismatics.org/collectionimages/20002049/2005/2005.45.10.rev.width350.jpg"]},{"from":250,"to":251,"title":"RIC IV Trajan Decius 84B. 1948.19.739","image_urls":["http://numismatics.org/collectionimages/19001949/1948/1948.19.739.rev.width350.jpg"]},{"from":250,"to":251,"title":"RIC IV Trajan Decius 84B. 1947.97.175","image_urls":["http://numismatics.org/collectionimages/19001949/1947/1947.97.175.rev.width350.jpg"]},{"from":250,"to":251,"title":"Bronze Coin, Dacia, AD 250 - AD 251. 2005.45.6","image_urls":["http://numismatics.org/collectionimages/20002049/2005/2005.45.6.rev.width350.jpg"]},{"from":250,"to":251,"title":"RIC IV Trajan Decius 89. 1955.59.10","image_urls":["http://numismatics.org/collectionimages/19501999/1955/1955.59.10.rev.width350.jpg"]},{"from":250,"to":251,"title":"RIC IV Trajan Decius 95. 1944.100.19986","image_urls":["http://numismatics.org/collectionimages/19001949/1944/1944.100.19986.rev.width350.jpg"]},{"from":250,"to":251,"title":"RIC IV Trajan Decius 98. 1944.100.19988","image_urls":["http://numismatics.org/collectionimages/19001949/1944/1944.100.19988.rev.width350.jpg"]},{"from":250,"to":251,"title":"RIC IV Trajan Decius 87. 1944.100.19980","image_urls":["http://numismatics.org/collectionimages/19001949/1944/1944.100.19980.rev.width350.jpg"]},{"from":250,"to":251,"title":"Bronze Coin, Dacia, AD 250 - AD 251. 2005.45.9","image_urls":["http://numismatics.org/collectionimages/20002049/2005/2005.45.9.rev.width350.jpg"]},{"from":250,"to":251,"title":"RIC IV Trajan Decius 84B. 1944.100.19977","image_urls":["http://numismatics.org/collectionimages/19001949/1944/1944.100.19977.rev.width350.jpg"]},{"from":250,"to":251,"title":"RIC IV Trajan Decius 78. 1935.117.215","image_urls":["http://numismatics.org/collectionimages/19001949/1935/1935.117.215.rev.width350.jpg"]},{"from":250,"to":251,"title":"RIC IV Trajan Decius 85B. 1944.100.19978","image_urls":["http://numismatics.org/collectionimages/19001949/1944/1944.100.19978.rev.width350.jpg"]},{"from":250,"to":251,"title":"RIC IV Trajan Decius 82B. 1935.117.218","image_urls":["http://numismatics.org/collectionimages/19001949/1935/1935.117.218.rev.width350.jpg"]},{"from":250,"to":251,"title":"RIC IV Trajan Decius 86B. 1935.117.220","image_urls":["http://numismatics.org/collectionimages/19001949/1935/1935.117.220.rev.width350.jpg"]},{"from":250,"to":251,"title":"RIC IV Trajan Decius 77. 1935.117.214","image_urls":["http://numismatics.org/collectionimages/19001949/1935/1935.117.214.rev.width350.jpg"]},{"from":250,"to":251,"title":"RIC IV Trajan Decius 81A. 1935.117.217","image_urls":["http://numismatics.org/collectionimages/19001949/1935/1935.117.217.rev.width350.jpg"]},{"from":250,"to":251,"title":"RIC IV Trajan Decius 94. 1944.100.19985","image_urls":["http://numismatics.org/collectionimages/19001949/1944/1944.100.19985.rev.width350.jpg"]},{"from":250,"to":251,"title":"RIC IV Trajan Decius 79. 1944.100.19976","image_urls":["http://numismatics.org/collectionimages/19001949/1944/1944.100.19976.rev.width350.jpg"]},{"from":250,"to":251,"title":"Bronze Coin, Anazarbus, AD 250 - AD 251. 2000.8.10","image_urls":["http://numismatics.org/collectionimages/20002049/2000/2000.8.10.rev.width350.jpg"]},{"from":250,"to":251,"title":"RIC IV Trajan Decius 84A. 1935.117.219","image_urls":["http://numismatics.org/collectionimages/19001949/1935/1935.117.219.rev.width350.jpg"]},{"from":250,"to":251,"title":"Bronze Coin, Dacia, AD 250 - AD 251. 2005.45.8","image_urls":["http://numismatics.org/collectionimages/20002049/2005/2005.45.8.rev.width350.jpg"]},{"from":250,"to":251,"title":"Bronze Coin, Anazarbus, AD 250 - AD 251. 2000.8.8","image_urls":["http://numismatics.org/collectionimages/20002049/2000/2000.8.8.rev.width350.jpg"]},{"from":250,"to":251,"title":"RIC IV Trajan Decius 90. 1944.100.19982","image_urls":["http://numismatics.org/collectionimages/19001949/1944/1944.100.19982.rev.width350.jpg"]},{"from":250,"to":251,"title":"RIC IV Trajan Decius 80. 1935.117.216","image_urls":["http://numismatics.org/collectionimages/19001949/1935/1935.117.216.rev.width350.jpg"]}]