[{"from":251,"to":253,"title":"Antoninianus of Trebonianus Gallus, 251-253. 1991.17.41.","image_urls":["http://coins.lib.virginia.edu/images/coins/screen/n1991_17_41_rev.jpg"]},{"from":251,"to":253,"title":"Antoninianus of Trebonianus Gallus, Rome, 251-253. 1991.17.40.","image_urls":["http://coins.lib.virginia.edu/images/coins/screen/n1991_17_40_rev.jpg"]},{"from":251,"to":253,"title":"Antoninianus of Trebonianus Gallus, 251-253. 1991.17.43.","image_urls":["http://coins.lib.virginia.edu/images/coins/screen/n1991_17_43_rev.jpg"]},{"from":251,"to":253,"title":"Antoninianus of Trebonianus Gallus, 251-253. 1991.17.42.","image_urls":["http://coins.lib.virginia.edu/images/coins/screen/n1991_17_42_rev.jpg"]},{"from":251,"to":253,"title":"PUBLIC-C37D45: A coin issued by Volusian","image_urls":["https://finds.org.uk/images/calow1/FLE12.324.JPG"]},{"from":251,"to":253,"title":"KENT-B70A52: A coin issued by Trebonianus Gallus","image_urls":["https://finds.org.uk/images/arichardson/PAK203-068%20copy.jpg"]},{"from":251,"to":251,"title":"BM-0508F6: A coin issued by Hostilian","image_urls":["https://finds.org.uk/images/jasonlundock/BM-0508F8.jpg"]},{"from":251,"to":253,"title":"HAMP-2D3043: A coin issued by Trebonianus Gallus","image_urls":["https://finds.org.uk/images/rwebley/HAMP-2D3043TrebonianusGallusradiate.jpg"]},{"from":251,"to":253,"title":"HAMP-FD1683: A coin issued by Volusian","image_urls":["https://finds.org.uk/images/jojocole/HAMP-FD1683.jpg"]},{"from":251,"to":253,"title":"NARC-1A1CC5: A coin issued by Volusian","image_urls":["https://finds.org.uk/images/jcassidy/NARC-1A1CC5%20b.jpg"]},{"from":251,"to":253,"title":"DOR-F1D1D1: A coin issued by Volusian","image_urls":["https://finds.org.uk/images/caht/F1D1D1.jpg"]},{"from":251,"to":253,"title":"LEIC-206F66: A coin issued by Trebonianus Gallus","image_urls":["https://finds.org.uk/images/wscott/206F66%20.JPG"]},{"from":251,"to":253,"title":"HAMP-88E4C5: A coin issued by Volusian","image_urls":["https://finds.org.uk/images/rwebley/HAMP-88E4C5Volusianradiate.jpg"]},{"from":251,"to":253,"title":"SF-3778E5: A coin issued by Volusian","image_urls":["https://finds.org.uk/images/abrown/WSW_SF-3778E5.jpg"]},{"from":251,"to":253,"title":"HAMP-F4DFE2: A coin issued by Trebonianus Gallus","image_urls":["https://finds.org.uk/images/rwebley/HAMP-F4DFE2TrebonianusGallusas.jpg"]},{"from":251,"to":253,"title":"SUSS-E88FF4: A coin issued by Trebonianus Gallus","image_urls":["https://finds.org.uk/images/jjackson/SUSS-E88FF4.JPG"]},{"from":251,"to":253,"title":"SUSS-E26F64: A coin issued by Trebonianus Gallus","image_urls":["https://finds.org.uk/images/lburnett/SUSS-E26F64.jpg"]},{"from":251,"to":253,"title":"NARC-4254D2: A coin issued by Trebonianus Gallus","image_urls":["https://finds.org.uk/images/tbrindle/NARC-4254D2%20Trebanius%20Gallus%20Coin%20REV.jpg"]},{"from":251,"to":253,"title":"PUBLIC-9FA4F0: A coin issued by Trebonianus Gallus","image_urls":["https://finds.org.uk/images/Linz/Trebonianus%20Gallus.jpg"]},{"from":251,"to":253,"title":"BM-EE8BF0: A coin issued by Volusian","image_urls":["https://finds.org.uk/images/jasonlundock/5254.jpg"]},{"from":251,"to":253,"title":"ESS-083365: A coin issued by Trebonianus Gallus","image_urls":["https://finds.org.uk/images/cmcdonald/Lumsden%20Treb%20Gall.jpg"]},{"from":251,"to":253,"title":"BH-B388A1: A coin issued by Trebonianus Gallus","image_urls":["https://finds.org.uk/images/jwatters/Roman%20coin%2009%20223%20-%2012.jpg"]},{"from":251,"to":253,"title":"LANCUM-1B2ABF: A coin issued by Trebonianus Gallus","image_urls":["https://finds.org.uk/images/dboughton/LVMDPD1B2ABF.jpg"]},{"from":251,"to":253,"title":"NMGW-D3E171: A coin issued by Volusian","image_urls":["https://finds.org.uk/images/wenkedomscheit/2013.196.4jpg.jpg"]},{"from":251,"to":253,"title":"WMID-012F01: A coin issued by Volusian","image_urls":["https://finds.org.uk/images/tbrindle/WMID-012F01.jpg"]},{"from":251,"to":251,"title":"WAW-D83FE5: A coin issued by Herennius Etruscus","image_urls":["https://finds.org.uk/images/rshenry/WAW-D83FE5.jpg"]},{"from":251,"to":252,"title":"LEIC-068105: A coin issued by Trebonianus Gallus","image_urls":["https://finds.org.uk/images/wscott/068105.JPG"]},{"from":251,"to":251,"title":"SUSS-213574: A coin issued by Hostilian","image_urls":["https://finds.org.uk/images/lwilson/3-91a.jpg"]},{"from":251,"to":253,"title":"BM-C8E5F2: A coin issued by Volusian","image_urls":["https://finds.org.uk/images/jasonlundock/839.jpg"]},{"from":251,"to":251,"title":"NARC-02EC07: A coin issued by Hostilian","image_urls":["https://finds.org.uk/images/tbrindle/NARC-02EC07radiate.jpg"]},{"from":251,"to":251,"title":"LVPL-15B546: A coin issued by Herennius Etruscus","image_urls":["https://finds.org.uk/images/voakden/LVPL-15B546.jpg"]},{"from":251,"to":252,"title":"Bronze Coin, Anazarbus, AD 251 - AD 252. 2000.8.24","image_urls":["http://numismatics.org/collectionimages/20002049/2000/2000.8.24.rev.width350.jpg"]},{"from":251,"to":253,"title":"RIC IV Volusian 180. 1974.95.88","image_urls":["http://numismatics.org/collectionimages/19501999/1974/1974.95.88.rev.width350.jpg"]},{"from":251,"to":253,"title":"Bronze Coin, Sagalassus, AD 251 - AD 253. 1973.191.90","image_urls":["http://numismatics.org/collectionimages/19501999/1973/1973.191.90.rev.width350.jpg"]},{"from":251,"to":253,"title":"Bronze Coin, Tyre, AD 251 - AD 253. 1999.32.211","image_urls":["http://numismatics.org/collectionimages/19501999/1999/1999.32.211.rev.width350.jpg"]},{"from":251,"to":253,"title":"RIC IV Trebonianus Gallus 71. 1944.100.27037","image_urls":["http://numismatics.org/collectionimages/19001949/1944/1944.100.27037.rev.width350.jpg"]},{"from":251,"to":252,"title":"Bronze Coin, Anazarbus, AD 251 - AD 252. 2000.8.21","image_urls":["http://numismatics.org/collectionimages/20002049/2000/2000.8.21.rev.width350.jpg"]},{"from":251,"to":253,"title":"RIC IV Trebonianus Gallus 113. 1999.6.1","image_urls":["http://numismatics.org/collectionimages/19501999/1999/1999.6.1.rev.width350.jpg"]},{"from":251,"to":253,"title":"Bronze Coin, Hadrianopolis Phrygia/Sebaste, AD 251 - AD 253. 1944.100.50422","image_urls":["http://numismatics.org/collectionimages/19001949/1944/1944.100.50422.rev.width350.jpg"]}]