[{"from":253,"to":259,"title":"Antoninianus of Valerian, Lugdunum, 253-259. 1991.17.54.","image_urls":["http://coins.lib.virginia.edu/images/coins/screen/n1991_17_54_rev.jpg"]},{"from":253,"to":268,"title":"Antoninianus of Gallienus, Mediolanum, 253-268. 1991.17.107.","image_urls":["http://coins.lib.virginia.edu/images/coins/screen/n1991_17_107_rev.jpg"]},{"from":253,"to":268,"title":"Antoninianus of Gallienus, Mediolanum, 253-268. 1991.17.134.","image_urls":["http://coins.lib.virginia.edu/images/coins/screen/n1991_17_134_rev.jpg"]},{"from":253,"to":268,"title":"Antoninianus of Gallienus, Rome, 253-268. 1991.17.113.","image_urls":["http://coins.lib.virginia.edu/images/coins/screen/n1991_17_113_rev.jpg"]},{"from":253,"to":268,"title":"Antoninianus of Gallienus, Rome, 253-268. 1991.17.116.","image_urls":["http://coins.lib.virginia.edu/images/coins/screen/n1991_17_116_rev.jpg"]},{"from":253,"to":268,"title":"Antoninianus of Gallienus, Rome, 253-268. 1991.17.98.","image_urls":["http://coins.lib.virginia.edu/images/coins/screen/n1991_17_98_rev.jpg"]},{"from":253,"to":268,"title":"Antoninianus of Gallienus, Rome, 253-268. 1991.17.86.","image_urls":["http://coins.lib.virginia.edu/images/coins/screen/n1991_17_86_rev.jpg"]},{"from":253,"to":268,"title":"Antoninianus of Gallienus, Rome, 253-268. 1991.17.166.","image_urls":["http://coins.lib.virginia.edu/images/coins/screen/n1991_17_166_rev.jpg"]},{"from":253,"to":268,"title":"Antoninianus of Gallienus, Rome, 253-268. 1991.17.92.","image_urls":["http://coins.lib.virginia.edu/images/coins/screen/n1991_17_92_rev.jpg"]},{"from":253,"to":268,"title":"Antoninianus of Gallienus, Rome, 253-268. 1991.17.104.","image_urls":["http://coins.lib.virginia.edu/images/coins/screen/n1991_17_104_rev.jpg"]},{"from":253,"to":268,"title":"Antoninianus of Gallienus, Rome, 253-268. 1991.17.71.","image_urls":["http://coins.lib.virginia.edu/images/coins/screen/n1991_17_71_rev.jpg"]},{"from":253,"to":268,"title":"Antoninianus of Gallienus, Rome, 253-268. 1991.17.110.","image_urls":["http://coins.lib.virginia.edu/images/coins/screen/n1991_17_110_rev.jpg"]},{"from":253,"to":268,"title":"Antoninianus of Gallienus, Rome, 253-268. 1991.17.80.","image_urls":["http://coins.lib.virginia.edu/images/coins/screen/n1991_17_80_rev.jpg"]},{"from":253,"to":268,"title":"Antoninianus of Gallienus, Rome, 253-268. 1991.17.154.","image_urls":["http://coins.lib.virginia.edu/images/coins/screen/n1991_17_154_rev.jpg"]},{"from":253,"to":268,"title":"Antoninianus of Gallienus, Rome, 253-268. 1991.17.160.","image_urls":["http://coins.lib.virginia.edu/images/coins/screen/n1991_17_160_rev.jpg"]},{"from":253,"to":268,"title":"Antoninianus of Gallienus, Rome, 253-268. 1991.17.74.","image_urls":["http://coins.lib.virginia.edu/images/coins/screen/n1991_17_74_rev.jpg"]},{"from":253,"to":268,"title":"Antoninianus of Gallienus, Rome, 253-268. 1991.17.95.","image_urls":["http://coins.lib.virginia.edu/images/coins/screen/n1991_17_95_rev.jpg"]},{"from":253,"to":268,"title":"Antoninianus of Gallienus, Rome, 253-268. 1991.17.89.","image_urls":["http://coins.lib.virginia.edu/images/coins/screen/n1991_17_89_rev.jpg"]},{"from":253,"to":259,"title":"Antoninianus of Valerian, Rome, 253-259. 1991.17.53.","image_urls":["http://coins.lib.virginia.edu/images/coins/screen/n1991_17_53_rev.jpg"]},{"from":253,"to":268,"title":"Antoninianus of Gallienus, Mediolanum, 253-268. 1991.17.142.","image_urls":["http://coins.lib.virginia.edu/images/coins/screen/n1991_17_142_rev.jpg"]},{"from":253,"to":268,"title":"Antoninianus of Gallienus, Mediolanum, 253-268. 1991.17.83.","image_urls":["http://coins.lib.virginia.edu/images/coins/screen/n1991_17_83_rev.jpg"]},{"from":253,"to":268,"title":"Antoninianus of Gallienus, Rome, 253-268. 1991.17.136.","image_urls":["http://coins.lib.virginia.edu/images/coins/screen/n1991_17_136_rev.jpg"]},{"from":253,"to":268,"title":"Antoninianus of Gallienus, Mediolanum, 253-268. 1991.17.163.","image_urls":["http://coins.lib.virginia.edu/images/coins/screen/n1991_17_163_rev.jpg"]},{"from":253,"to":268,"title":"Antoninianus of Gallienus, Rome, 253-268. 1991.17.121.","image_urls":["http://coins.lib.virginia.edu/images/coins/screen/n1991_17_121_rev.jpg"]},{"from":253,"to":268,"title":"Antoninianus of Gallienus, Rome, 253-268. 1991.17.77.","image_urls":["http://coins.lib.virginia.edu/images/coins/screen/n1991_17_77_rev.jpg"]},{"from":253,"to":268,"title":"Antoninianus of Gallienus, Rome, 253-268. 1991.17.157.","image_urls":["http://coins.lib.virginia.edu/images/coins/screen/n1991_17_157_rev.jpg"]},{"from":253,"to":268,"title":"Antoninianus of Gallienus, Rome, 253-268. 1991.17.151.","image_urls":["http://coins.lib.virginia.edu/images/coins/screen/n1991_17_151_rev.jpg"]},{"from":253,"to":259,"title":"Antoninianus of Valerian, Rome, 253-259. 1991.17.44.","image_urls":["http://coins.lib.virginia.edu/images/coins/screen/n1991_17_44_rev.jpg"]},{"from":253,"to":268,"title":"Antoninianus of Gallienus, Rome, 253-268. 1991.17.124.","image_urls":["http://coins.lib.virginia.edu/images/coins/screen/n1991_17_124_rev.jpg"]},{"from":253,"to":268,"title":"Antoninianus of Gallienus, Rome, 253-268. 1991.17.103.","image_urls":["http://coins.lib.virginia.edu/images/coins/screen/n1991_17_103_rev.jpg"]},{"from":253,"to":268,"title":"Antoninianus of Gallienus, Rome, 253-268. 1991.17.118.","image_urls":["http://coins.lib.virginia.edu/images/coins/screen/n1991_17_118_rev.jpg"]},{"from":253,"to":268,"title":"Antoninianus of Gallienus, Rome, 253-268. 1991.17.301.","image_urls":["http://coins.lib.virginia.edu/images/coins/screen/n1991_17_301_rev.jpg"]},{"from":253,"to":268,"title":"Antoninianus of Gallienus, Mediolanum, 253-268. 1991.17.112.","image_urls":["http://coins.lib.virginia.edu/images/coins/screen/n1991_17_112_rev.jpg"]},{"from":253,"to":268,"title":"Antoninianus of Gallienus, Mediolanum, 253-268. 1991.17.127.","image_urls":["http://coins.lib.virginia.edu/images/coins/screen/n1991_17_127_rev.jpg"]},{"from":253,"to":268,"title":"Antoninianus of Gallienus, Mediolanum, 253-268. 1991.17.106.","image_urls":["http://coins.lib.virginia.edu/images/coins/screen/n1991_17_106_rev.jpg"]},{"from":253,"to":268,"title":"Antoninianus of Gallienus, Rome, 253-268. 1991.17.97.","image_urls":["http://coins.lib.virginia.edu/images/coins/screen/n1991_17_97_rev.jpg"]},{"from":253,"to":268,"title":"Antoninianus of Gallienus, Rome, 253-268. 1991.17.100.","image_urls":["http://coins.lib.virginia.edu/images/coins/screen/n1991_17_100_rev.jpg"]},{"from":253,"to":268,"title":"Antoninianus of Gallienus, Rome, 253-268. 1991.17.109.","image_urls":["http://coins.lib.virginia.edu/images/coins/screen/n1991_17_109_rev.jpg"]},{"from":253,"to":268,"title":"Antoninianus of Gallienus, Rome, 253-268. 1991.17.115.","image_urls":["http://coins.lib.virginia.edu/images/coins/screen/n1991_17_115_rev.jpg"]},{"from":253,"to":268,"title":"Antoninianus of Gallienus, Rome, 253-268. 1991.17.85.","image_urls":["http://coins.lib.virginia.edu/images/coins/screen/n1991_17_85_rev.jpg"]},{"from":253,"to":268,"title":"Antoninianus of Gallienus, Rome, 253-268. 1991.17.91.","image_urls":["http://coins.lib.virginia.edu/images/coins/screen/n1991_17_91_rev.jpg"]},{"from":253,"to":268,"title":"Antoninianus of Gallienus, Mediolanum, 253-268. 1991.17.79.","image_urls":["http://coins.lib.virginia.edu/images/coins/screen/n1991_17_79_rev.jpg"]},{"from":253,"to":268,"title":"Antoninianus of Gallienus, Rome, 253-268. 1991.17.165.","image_urls":["http://coins.lib.virginia.edu/images/coins/screen/n1991_17_165_rev.jpg"]},{"from":253,"to":268,"title":"Antoninianus of Gallienus, Rome, 253-268. 1991.17.70.","image_urls":["http://coins.lib.virginia.edu/images/coins/screen/n1991_17_70_rev.jpg"]},{"from":253,"to":268,"title":"Antoninianus of Gallienus, Rome, 253-268. 1991.17.150.","image_urls":["http://coins.lib.virginia.edu/images/coins/screen/n1991_17_150_rev.jpg"]},{"from":253,"to":268,"title":"Antoninianus of Gallienus, Rome, 253-268. 1991.17.94.","image_urls":["http://coins.lib.virginia.edu/images/coins/screen/n1991_17_94_rev.jpg"]},{"from":253,"to":259,"title":"Antoninianus of Valerian, Rome, 253-259. 1991.17.52.","image_urls":["http://coins.lib.virginia.edu/images/coins/screen/n1991_17_52_rev.jpg"]},{"from":253,"to":255,"title":"Antoninianus of Valerian II, Lugdunum, 253-255. 1991.17.67.","image_urls":["http://coins.lib.virginia.edu/images/coins/screen/n1991_17_67_rev.jpg"]},{"from":253,"to":268,"title":"Antoninianus of Gallienus, Rome, 253-268. 1991.17.153.","image_urls":["http://coins.lib.virginia.edu/images/coins/screen/n1991_17_153_rev.jpg"]},{"from":253,"to":268,"title":"Antoninianus of Gallienus, Rome, 253-268. 1991.17.73.","image_urls":["http://coins.lib.virginia.edu/images/coins/screen/n1991_17_73_rev.jpg"]},{"from":253,"to":268,"title":"Antoninianus of Gallienus, Rome, 253-268. 1991.17.88.","image_urls":["http://coins.lib.virginia.edu/images/coins/screen/n1991_17_88_rev.jpg"]},{"from":253,"to":259,"title":"Antoninianus of Valerian, Rome, 253-259. 1991.17.46.","image_urls":["http://coins.lib.virginia.edu/images/coins/screen/n1991_17_46_rev.jpg"]},{"from":253,"to":268,"title":"Antoninianus of Gallienus, Rome, 253-268. 1991.17.114.","image_urls":["http://coins.lib.virginia.edu/images/coins/screen/n1991_17_114_rev.jpg"]},{"from":253,"to":268,"title":"Antoninianus of Gallienus, Rome, 253-268. 1991.17.162.","image_urls":["http://coins.lib.virginia.edu/images/coins/screen/n1991_17_162_rev.jpg"]},{"from":253,"to":268,"title":"Antoninianus of Gallienus, Mediolanum, 253-268. 1991.17.120.","image_urls":["http://coins.lib.virginia.edu/images/coins/screen/n1991_17_120_rev.jpg"]},{"from":253,"to":268,"title":"Antoninianus of Gallienus, Mediolanum, 253-268. 1991.17.156.","image_urls":["http://coins.lib.virginia.edu/images/coins/screen/n1991_17_156_rev.jpg"]},{"from":253,"to":268,"title":"Antoninianus of Gallienus, Rome, 253-268. 1991.17.76.","image_urls":["http://coins.lib.virginia.edu/images/coins/screen/n1991_17_76_rev.jpg"]},{"from":253,"to":268,"title":"Antoninianus of Gallienus, Mediolanum, 253-268. 1991.17.123.","image_urls":["http://coins.lib.virginia.edu/images/coins/screen/n1991_17_123_rev.jpg"]},{"from":253,"to":268,"title":"Antoninianus of Gallienus, Rome, 253-268. 1991.17.300.","image_urls":["http://coins.lib.virginia.edu/images/coins/screen/n1991_17_300_rev.jpg"]},{"from":253,"to":268,"title":"Antoninianus of Gallienus, Rome, 253-268. 1991.17.102.","image_urls":["http://coins.lib.virginia.edu/images/coins/screen/n1991_17_102_rev.jpg"]},{"from":253,"to":268,"title":"Antoninianus of Gallienus, Rome, 253-268. 1991.17.117.","image_urls":["http://coins.lib.virginia.edu/images/coins/screen/n1991_17_117_rev.jpg"]},{"from":253,"to":268,"title":"Antoninianus of Gallienus, Rome, 253-268. 1991.17.111.","image_urls":["http://coins.lib.virginia.edu/images/coins/screen/n1991_17_111_rev.jpg"]},{"from":253,"to":268,"title":"Antoninianus of Gallienus, Rome, 253-268. 1991.17.93.","image_urls":["http://coins.lib.virginia.edu/images/coins/screen/n1991_17_93_rev.jpg"]},{"from":253,"to":268,"title":"Antoninianus of Gallienus, Rome, 253-268. 1991.17.87.","image_urls":["http://coins.lib.virginia.edu/images/coins/screen/n1991_17_87_rev.jpg"]},{"from":253,"to":268,"title":"Antoninianus of Gallienus, Rome, 253-268. 1991.17.105.","image_urls":["http://coins.lib.virginia.edu/images/coins/screen/n1991_17_105_rev.jpg"]},{"from":253,"to":268,"title":"Antoninianus of Gallienus, Rome, 253-268. 1991.17.69.","image_urls":["http://coins.lib.virginia.edu/images/coins/screen/n1991_17_69_rev.jpg"]},{"from":253,"to":268,"title":"Antoninianus of Gallienus, Mediolanum, 253-268. 1991.17.81.","image_urls":["http://coins.lib.virginia.edu/images/coins/screen/n1991_17_81_rev.jpg"]},{"from":253,"to":268,"title":"Antoninianus of Gallienus, Siscia, 253-268. 1991.17.96.","image_urls":["http://coins.lib.virginia.edu/images/coins/screen/n1991_17_96_rev.jpg"]},{"from":253,"to":268,"title":"Antoninianus of Gallienus, Rome, 253-268. 1991.17.108.","image_urls":["http://coins.lib.virginia.edu/images/coins/screen/n1991_17_108_rev.jpg"]},{"from":253,"to":259,"title":"Antoninianus of Valerian, Rome, 253-259. 1991.17.60.","image_urls":["http://coins.lib.virginia.edu/images/coins/screen/n1991_17_60_rev.jpg"]},{"from":253,"to":268,"title":"Antoninianus of Gallienus, Rome, 253-268. 1991.17.75.","image_urls":["http://coins.lib.virginia.edu/images/coins/screen/n1991_17_75_rev.jpg"]},{"from":253,"to":268,"title":"Antoninianus of Gallienus, Rome, 253-268. 1991.17.161.","image_urls":["http://coins.lib.virginia.edu/images/coins/screen/n1991_17_161_rev.jpg"]},{"from":253,"to":268,"title":"Antoninianus of Gallienus, Rome, 253-268. 1991.17.155.","image_urls":["http://coins.lib.virginia.edu/images/coins/screen/n1991_17_155_rev.jpg"]},{"from":253,"to":268,"title":"Antoninianus of Gallienus, Rome, 253-268. 1991.17.99.","image_urls":["http://coins.lib.virginia.edu/images/coins/screen/n1991_17_99_rev.jpg"]},{"from":253,"to":259,"title":"Antoninianus of Valerian, Lugdunum, 253-259. 1991.17.57.","image_urls":["http://coins.lib.virginia.edu/images/coins/screen/n1991_17_57_rev.jpg"]},{"from":253,"to":268,"title":"Antoninianus of Gallienus, Rome, 253-268. 1991.17.137.","image_urls":["http://coins.lib.virginia.edu/images/coins/screen/n1991_17_137_rev.jpg"]},{"from":253,"to":268,"title":"Antoninianus of Gallienus, Rome, 253-268. 1991.17.90.","image_urls":["http://coins.lib.virginia.edu/images/coins/screen/n1991_17_90_rev.jpg"]},{"from":253,"to":268,"title":"Antoninianus of Gallienus, Rome, 253-268. 1991.17.84.","image_urls":["http://coins.lib.virginia.edu/images/coins/screen/n1991_17_84_rev.jpg"]},{"from":253,"to":268,"title":"Antoninianus of Gallienus, Mediolanum, 253-268. 1991.17.78.","image_urls":["http://coins.lib.virginia.edu/images/coins/screen/n1991_17_78_rev.jpg"]},{"from":253,"to":268,"title":"Antoninianus of Gallienus, Rome, 253-268. 1991.17.164.","image_urls":["http://coins.lib.virginia.edu/images/coins/screen/n1991_17_164_rev.jpg"]},{"from":253,"to":268,"title":"Antoninianus of Gallienus, Rome, 253-268. 1991.17.143.","image_urls":["http://coins.lib.virginia.edu/images/coins/screen/n1991_17_143_rev.jpg"]},{"from":253,"to":259,"title":"Antoninianus of Valerian, Rome, 253-259. 1991.17.51.","image_urls":["http://coins.lib.virginia.edu/images/coins/screen/n1991_17_51_rev.jpg"]},{"from":253,"to":268,"title":"Antoninianus of Gallienus, Mediolanum, 253-268. 1991.17.125.","image_urls":["http://coins.lib.virginia.edu/images/coins/screen/n1991_17_125_rev.jpg"]},{"from":253,"to":268,"title":"Antoninianus of Gallienus, Rome, 253-268. 1991.17.119.","image_urls":["http://coins.lib.virginia.edu/images/coins/screen/n1991_17_119_rev.jpg"]},{"from":253,"to":268,"title":"Antoninianus of Gallienus, Rome, 253-268. 1991.17.72.","image_urls":["http://coins.lib.virginia.edu/images/coins/screen/n1991_17_72_rev.jpg"]},{"from":253,"to":260,"title":"NCL-005532: A coin issued by Valerian I","image_urls":["https://finds.org.uk/images/pwalton/1064.jpg"]},{"from":253,"to":260,"title":"BERK-66C041: A coin issued by Valerian I","image_urls":["https://finds.org.uk/images/abyard/2010802.jpg"]},{"from":253,"to":260,"title":"YORYM-D4C791: A coin issued by Valerian I","image_urls":["https://finds.org.uk/images/rebeccam/SS0187.jpg"]},{"from":253,"to":268,"title":"NLM-B7BB75: A coin issued by Salonina (sole reign of Gallienus)","image_urls":["https://finds.org.uk/images/mforeman/NLM22464.jpg"]},{"from":253,"to":260,"title":"NARC-256424: A coin issued by Salonina (joint reign)","image_urls":["https://finds.org.uk/images/jcassidy/NARC-256424%20b.jpg"]},{"from":253,"to":253,"title":"HAMP-775A3C: A coin issued by Valerian I","image_urls":["https://finds.org.uk/images/khindshamp/HAMP-775A3C.jpg"]},{"from":253,"to":260,"title":"CORN-B08B72: A coin issued by Valerian I","image_urls":["https://finds.org.uk/images/atyacke/Romancoin006.JPG"]},{"from":253,"to":255,"title":"NARC-1F6306: A coin issued by Valerian II","image_urls":["https://finds.org.uk/images/rwebley/NARC-1F6306radiateobv.JPG"]},{"from":253,"to":268,"title":"WILT-CFA385: A coin issued by Gallienus (Joint reign)","image_urls":["https://finds.org.uk/images/khinds/Merritt1210gallienus2.jpg"]},{"from":253,"to":268,"title":"NLM-C7D384: A coin issued by Gallienus (sole reign)","image_urls":["https://finds.org.uk/images/mforeman/NLM22497.jpg"]},{"from":253,"to":260,"title":"LIN-E81381: A coin issued by Valerian I","image_urls":["https://finds.org.uk/images/adaubney/P13.jpg"]},{"from":253,"to":253,"title":"BH-096642: A coin issued by Volusian","image_urls":["https://finds.org.uk/images/jwatters/Roman%20coin%2007%2031%20-%207.jpg"]},{"from":253,"to":260,"title":"BH-6B0208: A coin issued by Salonina (joint reign)","image_urls":["https://finds.org.uk/images/jwatters/Roman_coin_15_21_35.jpg"]},{"from":253,"to":268,"title":"CORN-CA3E80: A coin issued by Gallienus (Joint reign)","image_urls":["https://finds.org.uk/images/atyacke/Powellfinds%20060.jpg"]},{"from":253,"to":268,"title":"BH-DAEA97: A coin issued by Gallienus (sole reign)","image_urls":["https://finds.org.uk/images/jwatters/Roman%20coin%2007%2038%20-%207.jpg"]},{"from":253,"to":260,"title":"LON-9CF745: A coin issued by Salonina (joint reign)","image_urls":["https://finds.org.uk/images/kcreed/LON-9CF745Saloninaradiate.jpg"]},{"from":253,"to":260,"title":"SOM-DC1BE7: A coin issued by Valerian I","image_urls":["https://finds.org.uk/images/npayne/DC1BE7.JPG"]},{"from":253,"to":268,"title":"HAMP-DDEE44: A coin issued by Gallienus (joint or sole reign)","image_urls":["https://finds.org.uk/images/jojocole/HAMPDDEE44.jpg"]},{"from":253,"to":260,"title":"SF-D4E6B1: A coin issued by Valerian I","image_urls":["https://finds.org.uk/images/abrown/SF-D4E6B1.jpg"]},{"from":253,"to":260,"title":"BM-0495A4: A coin issued by Salonina (joint reign)","image_urls":["https://finds.org.uk/images/jasonlundock/BM-0495A4.jpg"]},{"from":253,"to":260,"title":"PUBLIC-8272C6: A coin issued by Valerian I","image_urls":["https://finds.org.uk/images/Linz/PUBLIC-8272C6%20COIN.jpg"]},{"from":253,"to":260,"title":"IOW-C4EB97: A coin issued by Gallienus (Joint reign)","image_urls":["https://finds.org.uk/images/fbasford/IOW2011-4-281.JPG"]},{"from":253,"to":268,"title":"BH-F53F91: A coin issued by Gallienus (Joint reign)","image_urls":["https://finds.org.uk/images/jwatters/Roman%20coin%2006%2036%20-%205a.jpg"]},{"from":253,"to":260,"title":"SF-C8FDF1: A coin issued by Valerian I","image_urls":["https://finds.org.uk/images/abrown/Larling_SFC8FDF1.jpg"]},{"from":253,"to":268,"title":"NARC-86BDC2: A coin issued by Gallienus (sole reign)","image_urls":["https://finds.org.uk/images/jcassidy/77obv.jpg"]},{"from":253,"to":268,"title":"HAMP-5DBFA7: A coin issued by Gallienus (Joint reign)","image_urls":["https://finds.org.uk/images/rwebley/HAMP-5DBFA7gallieniusradiate.jpg"]},{"from":253,"to":260,"title":"WMID-C078E5: A coin issued by Valerian I","image_urls":["https://finds.org.uk/images/tgilmore/WMID-C078E5.jpg"]},{"from":253,"to":260,"title":"SUR-C32927: A coin issued by Gallienus (Joint reign)","image_urls":["https://finds.org.uk/images/dwilliams/04.265a.jpg"]},{"from":253,"to":253,"title":"BH-F679F1: A coin issued by Valerian I","image_urls":["https://finds.org.uk/images/jwatters/Roman%20coin%2007%20120%20-%2034.jpg"]},{"from":253,"to":260,"title":"BH-CA93C6: A coin issued by Valerian I","image_urls":["https://finds.org.uk/images/jwatters/Roman_coin_11_90_1.jpg"]},{"from":253,"to":254,"title":"SOM-F07101: A coin issued by Valerian I","image_urls":["https://finds.org.uk/images/vickylemmens/SOM-F07101.JPG"]},{"from":253,"to":268,"title":"CORN-612A92: A coin issued by Gallienus (Joint reign)","image_urls":["https://finds.org.uk/images/atyacke/Edwardsfinds%20039.jpg"]},{"from":253,"to":260,"title":"PUBLIC-F014A5: A coin issued by Salonina (joint reign)","image_urls":["https://finds.org.uk/images/Linz/PUBLIC-F014A5%20COIN.jpg"]},{"from":253,"to":260,"title":"YORYM-FF51F3: A coin issued by Salonina (sole reign of Gallienus)","image_urls":["https://finds.org.uk/images/yorkvol/SS0098.jpg"]},{"from":253,"to":253,"title":"FAPJW-CDB462: A coin issued by Volusian","image_urls":["https://finds.org.uk/images/pwalton/672.jpg"]},{"from":253,"to":260,"title":"IOW-AF15D1: A coin issued by Valerian I","image_urls":["https://finds.org.uk/images/fbasford/IOW2008-2-39.JPG"]},{"from":253,"to":260,"title":"WILT-056E92: A coin issued by Gallienus (Joint reign)","image_urls":["https://finds.org.uk/images/kcreed/WILT-056E92%20Gallienus%20%28Joint%20R%29%20Radiate.jpg"]},{"from":253,"to":260,"title":"NMGW-0A02B5: A coin issued by Gallienus (Joint reign)","image_urls":["https://finds.org.uk/images/rbattye/2005.191.4.jpg"]},{"from":253,"to":260,"title":"IOW-6AFD38: A coin issued by Valerian I","image_urls":["https://finds.org.uk/images/fbasford/IOW2007-10-14.JPG"]},{"from":253,"to":268,"title":"HAMP-252512: A coin issued by Salonina (sole reign of Gallienus)","image_urls":["https://finds.org.uk/images/catherineo92/HAMP252512.jpg"]},{"from":253,"to":253,"title":"HAMP-087EB5: A coin issued by Valerian I","image_urls":["https://finds.org.uk/images/rwebley/HAMP-087EB5ValerianIradiate.jpg"]},{"from":253,"to":268,"title":"LIN-DF0333: A coin issued by Gallienus (Joint reign)","image_urls":["https://finds.org.uk/images/adaubney/LIN2013-1000.jpg"]},{"from":253,"to":255,"title":"NLM-BE6DA4: A coin issued by Gallienus (Joint reign)","image_urls":["https://finds.org.uk/images/mforeman/NLM21765.jpg"]},{"from":253,"to":260,"title":"SUSS-833406: A coin issued by Gallienus (Joint reign)","image_urls":["https://finds.org.uk/images/lwilson/DSCN1886.jpg"]},{"from":253,"to":255,"title":"LIN-BB8EE6: A coin issued by Gallienus (sole reign)","image_urls":["https://finds.org.uk/images/adaubney/LIN2012-533.jpg"]},{"from":253,"to":268,"title":"SOMDOR-5ADE83: A coin issued by Gallienus (Joint reign)","image_urls":["https://finds.org.uk/images/caht/5ADE84o.jpg"]},{"from":253,"to":253,"title":"YORYM-3CD1B2: A coin issued by Aemilian","image_urls":["https://finds.org.uk/images/law/DE0019.jpg"]},{"from":253,"to":260,"title":"SUSS-E3CF67: A coin issued by Valerian I","image_urls":["https://finds.org.uk/images/stephaniesmith/SUSS-E3CF67.jpg"]},{"from":253,"to":260,"title":"SUR-DB1365: A coin issued by Gallienus (Joint reign)","image_urls":["https://finds.org.uk/images/dwilliams/06.373a.JPG"]},{"from":253,"to":268,"title":"BH-449482: A coin issued by Gallienus (sole reign)","image_urls":["https://finds.org.uk/images/jwatters/Roman%20coin%2007%2067%20-%204.jpg"]},{"from":253,"to":260,"title":"YORYM-25E747: A coin issued by Salonina (sole reign of Gallienus)","image_urls":["https://finds.org.uk/images/law/BL0649.jpg"]},{"from":253,"to":260,"title":"FAPJW-9A9324: A coin issued by Valerian I","image_urls":["https://finds.org.uk/images/pwalton/FAPJW9A9324EDIT.jpg"]},{"from":253,"to":260,"title":"NCL-02AF51: A coin issued by Salonina (joint reign)","image_urls":["https://finds.org.uk/images/pwalton/1157.jpg"]},{"from":253,"to":260,"title":"NCL-110390: A coin issued by Salonina (joint reign)","image_urls":["https://finds.org.uk/images/pwalton/4057.jpg"]},{"from":253,"to":260,"title":"WILT-CADAC3: A coin issued by Gallienus (Joint reign)","image_urls":["https://finds.org.uk/images/rhenry2/WILTCADAC3.jpg"]},{"from":253,"to":260,"title":"SUSS-FD9BAC: A coin issued by Salonina (joint reign)","image_urls":["https://finds.org.uk/images/stephaniesmith/SUSSFD9BAC.jpg"]},{"from":253,"to":700,"title":"HAMP678: A coin issued by Gallienus (Joint reign)","image_urls":["https://finds.org.uk/images/sworrell/hamp678a.jpg"]},{"from":253,"to":260,"title":"NARC-16F763: A coin issued by Gallienus (Joint reign)","image_urls":["https://finds.org.uk/images/jcassidy/NARC-16F763%20b.jpg"]},{"from":253,"to":268,"title":"WILT-CF85D3: A coin issued by Gallienus (Joint reign)","image_urls":["https://finds.org.uk/images/khinds/Merritt1210gallienus.jpg"]},{"from":253,"to":260,"title":"WILT-6F17A5: A coin issued by Mariniana","image_urls":["https://finds.org.uk/images/rhenry2/WILT-6F17A5.jpg"]},{"from":253,"to":260,"title":"LIN-888EF7: A coin issued by Valerian I","image_urls":["https://finds.org.uk/images/adaubney/LW294.jpg"]},{"from":253,"to":260,"title":"NCL-EF1E02: A coin issued by Valerian I","image_urls":["https://finds.org.uk/images/pwalton/1068.jpg"]},{"from":253,"to":268,"title":"WMID-508020: A coin issued by Salonina (sole reign of Gallienus)","image_urls":["https://finds.org.uk/images/tgilmore/wmid-508020.jpg"]},{"from":253,"to":260,"title":"PUBLIC-2535B1: A coin issued by Gallienus (Joint reign)","image_urls":["https://finds.org.uk/images/leicvol/2535B1.jpg"]},{"from":253,"to":260,"title":"NCL-5B3E05: A coin issued by Valerian I","image_urls":["https://finds.org.uk/images/rcollins/IMG_0956.jpg"]},{"from":253,"to":260,"title":"CAM-C6A914: A coin issued by Salonina (joint reign)","image_urls":["https://finds.org.uk/images/hfowler/CAM-C6A914.jpg"]},{"from":253,"to":268,"title":"LIN-E82CB6: A coin issued by Gallienus (sole reign)","image_urls":["https://finds.org.uk/images/adaubney/LIN8615.JPG"]},{"from":253,"to":260,"title":"FAPJW-36D510: A coin issued by Salonina (joint reign)","image_urls":["https://finds.org.uk/images/pwalton/7090.jpg"]},{"from":253,"to":260,"title":"DENO-97B184: A coin issued by Valerian I","image_urls":["https://finds.org.uk/images/cburrill2/ENQ210_BF_Coin_Bag3.jpg"]},{"from":253,"to":260,"title":"CAM-AA7353: A coin issued by Gallienus (Joint reign)","image_urls":["https://finds.org.uk/images/hfowler/CAM-AA7353.jpg"]},{"from":253,"to":260,"title":"SWYOR-5BC256: A coin issued by Gallienus (Joint reign)","image_urls":["https://finds.org.uk/images/acooper/PAS_645_gallienus_coin.jpg"]},{"from":253,"to":260,"title":"NCL-9ABC52: A coin issued by Salonina (joint reign)","image_urls":["https://finds.org.uk/images/vwolfe/NCL9abc52.jpg"]},{"from":253,"to":260,"title":"NCL-CCED04: A coin issued by Valerian I","image_urls":["https://finds.org.uk/images/pwalton/1425.jpg"]},{"from":253,"to":268,"title":"LEIC-AAD384: A coin issued by Gallienus (Joint reign)","image_urls":["https://finds.org.uk/images/wscott/AAD384a.JPG"]},{"from":253,"to":260,"title":"SWYOR-A38D11: A coin issued by Valerian I","image_urls":["https://finds.org.uk/images/acooper/PAS_2264_coin_10.jpg"]},{"from":253,"to":260,"title":"DUR-9A25A2: A coin issued by Mariniana","image_urls":["https://finds.org.uk/images/a8622912/DUR-9A25A2.jpg"]},{"from":253,"to":255,"title":"SWYOR-2C74B1: A coin issued by Gallienus (Joint reign)","image_urls":["https://finds.org.uk/images/acooper/PAS%20951%20coin%202.jpg"]},{"from":253,"to":260,"title":"SUR-3DC7E2: A coin issued by Salonina (sole reign of Gallienus)","image_urls":["https://finds.org.uk/images/dwilliams/06.1116.JPG"]},{"from":253,"to":260,"title":"SUSS-B1BF70: A coin issued by Mariniana","image_urls":["https://finds.org.uk/images/lburnett/SUSS-B1BF70.JPG"]},{"from":253,"to":260,"title":"SWYOR-FD2824: A coin issued by Gallienus (Joint reign)","image_urls":["https://finds.org.uk/images/ecox/GL0008.jpg"]},{"from":253,"to":268,"title":"SWYOR-B3C640: A coin issued by Gallienus (sole reign)","image_urls":["https://finds.org.uk/images/acooper/PAS_1019_radiate.jpg"]},{"from":253,"to":255,"title":"KENT-EEBCF7: A coin issued by Gallienus (Joint reign)","image_urls":["https://finds.org.uk/images/jbryan/KENTEEBCF7.jpg"]},{"from":253,"to":260,"title":"HAMP-5A3DD4: A coin issued by Valerian I","image_urls":["https://finds.org.uk/images/rwebley/HAMP-5A3DD4Valerianradiate.jpg"]},{"from":253,"to":255,"title":"SUR-3E0074: A coin issued by Gallienus (Joint reign)","image_urls":["https://finds.org.uk/images/dwilliams/06.1118.JPG"]},{"from":253,"to":260,"title":"YORYM-DC0CC2: A coin issued by Valerian I","image_urls":["https://finds.org.uk/images/law/RM0035.jpg"]},{"from":253,"to":260,"title":"SUSS-ACB5C4: A coin issued by Valerian I","image_urls":["https://finds.org.uk/images/lburnett/SUSS-ACB5C4.jpg"]},{"from":253,"to":260,"title":"FASAM-7766E6: A coin issued by Salonina (joint reign)","image_urls":["https://finds.org.uk/images/sam/860.jpg"]},{"from":253,"to":268,"title":"BUC-E61F56: A coin issued by Gallienus (Joint reign)","image_urls":["https://finds.org.uk/images/pmanning/12-01-2004TW26--.jpg"]},{"from":253,"to":268,"title":"CAM-A63FB2: A coin issued by Gallienus (Joint reign)","image_urls":["https://finds.org.uk/images/pjw/CAM_A63FB2.jpg"]},{"from":253,"to":268,"title":"LIN-BFAA76: A coin issued by Gallienus (sole reign)","image_urls":["https://finds.org.uk/images/adaubney/LIN9129.jpg"]},{"from":253,"to":260,"title":"CAM-3F8196: A coin issued by Valerian I","image_urls":["https://finds.org.uk/images/hfowler/CAM-3F8196.jpg"]},{"from":253,"to":260,"title":"WILT-90442B: A coin issued by Valerian I","image_urls":["https://finds.org.uk/images/jshoemark/WILT-90442B.jpg"]},{"from":253,"to":268,"title":"HAMP-C1F594: A coin issued by Salonina (sole reign of Gallienus)","image_urls":["https://finds.org.uk/images/rwebley/HAMP-C1F594Saloninaradiate.jpg"]},{"from":253,"to":260,"title":"SUSS-A90A10: A coin issued by Gallienus (Joint reign)","image_urls":["https://finds.org.uk/images/djones/SUSS-A90A10%28128%29.jpg"]},{"from":253,"to":254,"title":"SF-C09901: A coin issued by Valerian I","image_urls":["https://finds.org.uk/images/abrown/CAM_SF-CO9901.jpg"]},{"from":253,"to":253,"title":"LIN-4F7B72: A coin issued by Volusian","image_urls":["https://finds.org.uk/images/adaubney/LIN3074.jpg"]},{"from":253,"to":260,"title":"SOM-DCAD02: A coin issued by Valerian I","image_urls":["https://finds.org.uk/images/elburnett/SOM-DCAD02.JPG"]},{"from":253,"to":268,"title":"LEIC-286DC2: A coin issued by Gallienus (Joint reign)","image_urls":["https://finds.org.uk/images/wscott/286DC2.JPG"]},{"from":253,"to":268,"title":"WMID-8418E6: A coin issued by Gallienus (Joint reign)","image_urls":["https://finds.org.uk/images/cjohnson/J%20Hare%20-%20R%20coin%202.JPG"]},{"from":253,"to":260,"title":"YORYM-FD6465: A coin issued by Salonina (sole reign of Gallienus)","image_urls":["https://finds.org.uk/images/yorkvol/SS0136.jpg"]},{"from":253,"to":268,"title":"HESH-A6E572: A coin issued by Gallienus (sole reign)","image_urls":["https://finds.org.uk/images/gehitchens/HESHA6E572.jpg"]},{"from":253,"to":268,"title":"WMID-435C90: A coin issued by Salonina (sole reign of Gallienus)","image_urls":["https://finds.org.uk/images/tgilmore/WMID-435C90.jpg"]},{"from":253,"to":268,"title":"BH-E510D7: A coin issued by Gallienus (sole reign)","image_urls":["https://finds.org.uk/images/dwatters/Roman%20coin%2006%20111%20-%20121.jpg"]},{"from":253,"to":260,"title":"SOM-F015E2: A coin issued by Gallienus (Joint reign)","image_urls":["https://finds.org.uk/images/rwebley2/SOM-F015E2.jpg"]},{"from":253,"to":255,"title":"SUR-59DC62: A coin issued by Gallienus (sole reign)","image_urls":["https://finds.org.uk/images/dwilliams/11-779a.jpg"]},{"from":253,"to":260,"title":"PUBLIC-CC8A37: A coin issued by Valerian I","image_urls":["https://finds.org.uk/images/tomredmayne/2013_0210_091442AA.JPG"]},{"from":253,"to":260,"title":"GLO-D37583: A coin issued by Valerian I","image_urls":["https://finds.org.uk/images/kadams/178%20Roman%20coin%20face.JPG"]},{"from":253,"to":260,"title":"SUR-709985: A coin issued by Valerian I","image_urls":["https://finds.org.uk/images/margaretb/09.944.JPG"]},{"from":253,"to":260,"title":"DEV-B8CB83: A coin issued by Valerian I","image_urls":["https://finds.org.uk/images/dwootton/devb8cb83.jpg"]},{"from":253,"to":259,"title":"FAPJW-E28F76: A coin issued by Valerian I","image_urls":["https://finds.org.uk/images/pwalton/782.jpg"]},{"from":253,"to":260,"title":"YORYM-352966: A coin issued by Valerian I","image_urls":["https://finds.org.uk/images/law/BL0058.jpg"]},{"from":253,"to":260,"title":"YORYM-2E9E62: A coin issued by Gallienus (Joint reign)","image_urls":["https://finds.org.uk/images/law/NA0004.jpg"]},{"from":253,"to":260,"title":"PUBLIC-243586: A coin issued by Valerian I","image_urls":["https://finds.org.uk/images/leicvol/243586.jpg"]},{"from":253,"to":260,"title":"BERK-0271C6: A coin issued by Mariniana","image_urls":["https://finds.org.uk/images/abyard/RPerks2009392.jpg"]},{"from":253,"to":268,"title":"SUR-B43663: A coin issued by Salonina (sole reign of Gallienus)","image_urls":["https://finds.org.uk/images/dwilliams/05.662a.jpg"]},{"from":253,"to":260,"title":"IOW-A8F9C7: A coin issued by Valerian I","image_urls":["https://finds.org.uk/images/fbasford/IOW2009-1-107.JPG"]},{"from":253,"to":268,"title":"YORYM-ED59B4: A coin issued by Valerian I","image_urls":["https://finds.org.uk/images/law/SS0059.jpg"]},{"from":253,"to":260,"title":"YORYM-1BBFCC: A coin issued by Gallienus (Joint reign)","image_urls":["https://finds.org.uk/images/ellie/WC0053.jpg"]},{"from":253,"to":260,"title":"HAMP-83C7D7: A coin issued by Mariniana","image_urls":["https://finds.org.uk/images/rwebley/HAMP-83C7D7Marinianaradiate.jpg"]},{"from":253,"to":260,"title":"SF-335752: A coin issued by Gallienus (Joint reign)","image_urls":["https://finds.org.uk/images/arw66/WSW_SF-335752.jpg"]},{"from":253,"to":268,"title":"SWYOR-9A9EF5: A coin issued by Gallienus (Joint reign)","image_urls":["https://finds.org.uk/images/amarshall/LF%205b.jpg"]},{"from":253,"to":258,"title":"WAW-7A9E78: A coin issued by Gallienus (Joint reign)","image_urls":["https://finds.org.uk/images/abolton/WAW-7A9E78.jpg"]},{"from":253,"to":268,"title":"WAW-A32C48: A coin issued by Gallienus (Joint reign)","image_urls":["https://finds.org.uk/images/abolton/WAW-A32C48.jpg"]},{"from":253,"to":260,"title":"SUSS-B3FE84: A coin issued by Valerian I","image_urls":["https://finds.org.uk/images/lburnett/SUSS-B3FE84.jpg"]},{"from":253,"to":260,"title":"SUSS-EC6748: A coin issued by Valerian I","image_urls":["https://finds.org.uk/images/lwalker/AB-19.jpg"]},{"from":253,"to":253,"title":"SUR-465E80: A coin issued by Aemilian","image_urls":["https://finds.org.uk/images/dwilliams/B13-139.JPG"]},{"from":253,"to":260,"title":"NMGW-66F2B6: A coin issued by Gallienus (Joint reign)","image_urls":["https://finds.org.uk/images/wenkedomscheit/2013.27.1%20jpg.jpg"]},{"from":253,"to":260,"title":"LEIC-CBF173: A coin issued by Salonina (joint reign)","image_urls":["https://finds.org.uk/images/annab/LEIC-CBF173.jpg"]},{"from":253,"to":268,"title":"SOM-E81C37: A coin issued by Salonina (sole reign of Gallienus)","image_urls":["https://finds.org.uk/images/annab/SOM-E81C37.jpg"]},{"from":253,"to":260,"title":"LEIC-3F47A3: A coin issued by Gallienus (sole reign)","image_urls":["https://finds.org.uk/images/philharding/CAD2274d.jpg"]},{"from":253,"to":268,"title":"WMID-D849B0: A coin issued by Salonina (sole reign of Gallienus)","image_urls":["https://finds.org.uk/images/cjohnson/WMID-D849B0.JPG"]},{"from":253,"to":260,"title":"HAMP-96B752: A coin issued by Valerian I","image_urls":["https://finds.org.uk/images/khindshamp/HAMP96B752.jpg"]},{"from":253,"to":268,"title":"LEIC-179FA0: A coin issued by Gallienus (sole reign)","image_urls":["https://finds.org.uk/images/philharding/CAD1329c.jpg"]},{"from":253,"to":268,"title":"WAW-230604: A coin issued by Gallienus (Joint reign)","image_urls":["https://finds.org.uk/images/abolton/WAW-230604.jpg"]},{"from":253,"to":260,"title":"NMGW-9DF7B5: A coin issued by Valerian I","image_urls":["https://finds.org.uk/images/rbattye/DSCN3509.JPG"]},{"from":253,"to":260,"title":"SF-CCE245: A coin issued by Valerian I","image_urls":["https://finds.org.uk/images/abrown/WSW_SF-CCE245.jpg"]},{"from":253,"to":255,"title":"WMID-E13533: A coin issued by Gallienus (Joint reign)","image_urls":["https://finds.org.uk/images/dslarke/ray%206%201108%20copy.jpg"]},{"from":253,"to":254,"title":"BH-EEE137: A coin issued by Valerian I","image_urls":["https://finds.org.uk/images/jwatters/Roman%20coin%2010%2038%20-%2067.jpg"]},{"from":253,"to":268,"title":"CAM-A615C0: A coin issued by Gallienus (Joint reign)","image_urls":["https://finds.org.uk/images/pjw/CAM_A615C0.jpg"]},{"from":253,"to":260,"title":"SUSS-22EB64: A coin issued by Valerian I","image_urls":["https://finds.org.uk/images/stephaniesmith/SUSS-22EB64.jpg"]},{"from":253,"to":268,"title":"LEIC-D50274: A coin issued by Gallienus (Joint reign)","image_urls":["https://finds.org.uk/images/wscott/D50274.JPG"]},{"from":253,"to":260,"title":"NARC-CA44F2: A coin issued by Gallienus (sole reign)","image_urls":["https://finds.org.uk/images/jcassidy/NARC-CA44F2%20obverse.jpg"]},{"from":253,"to":253,"title":"GLO-6374A7: A coin issued by Aemilian","image_urls":["https://finds.org.uk/images/kadams/1997%20Antoninianus%20of%20Aemilian.jpg"]},{"from":253,"to":260,"title":"PUBLIC-C8EE96: A coin issued by Valerian I","image_urls":["https://finds.org.uk/images/Linz/PUBLIC-C8EE96%20COIN.jpg"]},{"from":253,"to":268,"title":"YORYM-320D00: A coin issued by Salonina (sole reign of Gallienus)","image_urls":["https://finds.org.uk/images/law/BH0009.jpg"]},{"from":253,"to":260,"title":"NARC-DC9013: A coin issued by Gallienus (Joint reign)","image_urls":["https://finds.org.uk/images/tbrindle/radiateobv.jpg"]},{"from":253,"to":260,"title":"HAMP-143416: A coin issued by Valerian I","image_urls":["https://finds.org.uk/images/rwebley/HAMP-143416Valerianradiate.jpg"]},{"from":253,"to":260,"title":"BM-046442: A coin issued by Salonina (joint reign)","image_urls":["https://finds.org.uk/images/jasonlundock/BM-046442.jpg"]},{"from":253,"to":268,"title":"SUSS-549E41: A coin issued by Salonina (sole reign of Gallienus)","image_urls":["https://finds.org.uk/images/djones/SUSS-549E41%28135%29.jpg"]},{"from":253,"to":260,"title":"Bronze Coin, Hypaepa, AD 253 - AD 260. 1944.100.49270","image_urls":["http://numismatics.org/collectionimages/19001949/1944/1944.100.49270.rev.width350.jpg"]},{"from":253,"to":254,"title":"Bronze Coin, Anazarbus, AD 253 - AD 254. 2000.8.18","image_urls":["http://numismatics.org/collectionimages/20002049/2000/2000.8.18.rev.width350.jpg"]},{"from":253,"to":256,"title":"Bronze Coin, Nicomedia, AD 253 - AD 256. 1974.226.50","image_urls":["http://numismatics.org/collectionimages/19501999/1974/1974.226.50.rev.width350.jpg"]},{"from":253,"to":268,"title":"Bronze Coin, Sagalassus, AD 253 - AD 268. 1998.18.102","image_urls":["http://numismatics.org/collectionimages/19501999/1998/1998.18.102.rev.width350.jpg"]},{"from":253,"to":260,"title":"Bronze Medallion of Valerian I/Gallienus, Rome, AD 253 - AD 260. 1977.192.3","image_urls":["http://numismatics.org/collectionimages/19501999/1977/1977.192.3.rev.width350.jpg"]},{"from":253,"to":260,"title":"Bronze Coin, Dacia, AD 253 - AD 260. 2005.45.14","image_urls":["http://numismatics.org/collectionimages/20002049/2005/2005.45.14.rev.width350.jpg"]},{"from":253,"to":256,"title":"Bronze Coin, Nicomedia, AD 253 - AD 256. 1944.100.42332","image_urls":["http://numismatics.org/collectionimages/19001949/1944/1944.100.42332.rev.width350.jpg"]},{"from":253,"to":260,"title":"Bronze Coin, Metropolis, AD 253 - AD 260. 1944.100.46511","image_urls":["http://numismatics.org/collectionimages/19001949/1944/1944.100.46511.rev.width350.jpg"]},{"from":253,"to":260,"title":"Silver Antoninianus, Rome, AD 253 - AD 260. 2015.12.42","image_urls":["http://numismatics.org/collectionimages/20002049/2015/2015.12.42.rev.width350.jpg"]},{"from":253,"to":260,"title":"Bronze Coin, Sagalassus, AD 253 - AD 260. 1944.100.52074","image_urls":["http://numismatics.org/collectionimages/19001949/1944/1944.100.52074.rev.width350.jpg"]},{"from":253,"to":260,"title":"Bronze Coin, Larissa, AD 253 - AD 260. 1944.100.17789","image_urls":["http://numismatics.org/collectionimages/19001949/1944/1944.100.17789.rev.width350.jpg"]},{"from":253,"to":254,"title":"Bronze Coin, Anazarbus, AD 253 - AD 254. 2000.8.4","image_urls":["http://numismatics.org/collectionimages/20002049/2000/2000.8.4.rev.width350.jpg"]},{"from":253,"to":260,"title":"Bronze Coin, Pergamum, AD 253 - AD 260. 1944.100.43366","image_urls":["http://numismatics.org/collectionimages/19001949/1944/1944.100.43366.rev.width350.jpg"]},{"from":253,"to":268,"title":"Bronze Coin, Metropolis, AD 253 - AD 268. 1953.171.757","image_urls":["http://numismatics.org/collectionimages/19501999/1953/1953.171.757.rev.width350.jpg"]},{"from":253,"to":260,"title":"Bronze Sestertius of Valerian I/Gallienus, Rome, AD 253 - AD 260. 1944.100.30652","image_urls":["http://numismatics.org/collectionimages/19001949/1944/1944.100.30652.rev.width350.jpg"]},{"from":253,"to":268,"title":"Bronze Coin, Sagalassus, AD 253 - AD 268. 1944.100.52077","image_urls":["http://numismatics.org/collectionimages/19001949/1944/1944.100.52077.rev.width350.jpg"]},{"from":253,"to":268,"title":"Bronze Coin, Larissa, AD 253 - AD 268. 1944.100.17798","image_urls":["http://numismatics.org/collectionimages/19001949/1944/1944.100.17798.rev.width350.jpg"]},{"from":253,"to":268,"title":"Bronze Coin, Tabae, AD 253 - AD 268. 2006.21.6","image_urls":["http://numismatics.org/collectionimages/20002049/2006/2006.21.6.rev.width350.jpg"]},{"from":253,"to":268,"title":"Bronze Coin, Pergamum, AD 253 - AD 268. 1971.230.23","image_urls":["http://numismatics.org/collectionimages/19501999/1971/1971.230.23.rev.width350.jpg"]},{"from":253,"to":260,"title":"Bronze Coin, Tyre, AD 253 - AD 260. 1944.100.81942","image_urls":["http://numismatics.org/collectionimages/19001949/1944/1944.100.81942.rev.width350.jpg"]},{"from":253,"to":260,"title":"Bronze Coin, Iuliopolis, AD 253 - AD 260. 1944.100.42151","image_urls":["http://numismatics.org/collectionimages/19001949/1944/1944.100.42151.rev.width350.jpg"]},{"from":253,"to":256,"title":"Bronze Coin, Bagis, AD 253 - AD 256. 1944.100.48894","image_urls":["http://numismatics.org/collectionimages/19001949/1944/1944.100.48894.rev.width350.jpg"]},{"from":253,"to":260,"title":"Bronze Coin, Hypaepa, AD 253 - AD 260. 1944.100.49271","image_urls":["http://numismatics.org/collectionimages/19001949/1944/1944.100.49271.rev.width350.jpg"]},{"from":253,"to":268,"title":"Bronze Coin, Tyre, AD 253 - AD 268. 1944.100.81979","image_urls":["http://numismatics.org/collectionimages/19001949/1944/1944.100.81979.rev.width350.jpg"]},{"from":253,"to":260,"title":"Bronze Coin, Byzantium, AD 253 - AD 260. 1944.100.15653","image_urls":["http://numismatics.org/collectionimages/19001949/1944/1944.100.15653.rev.width350.jpg"]},{"from":253,"to":254,"title":"Bronze Coin, Parium, AD 253 - AD 254. 2000.5.36","image_urls":["http://numismatics.org/collectionimages/20002049/2000/2000.5.36.rev.width350.jpg"]},{"from":253,"to":260,"title":"Bronze Coin, Sagalassus, AD 253 - AD 260. 1944.100.52073","image_urls":["http://numismatics.org/collectionimages/19001949/1944/1944.100.52073.rev.width350.jpg"]},{"from":253,"to":260,"title":"Bronze Coin, Aegeae, AD 253 - AD 260. 1944.100.53036","image_urls":["http://numismatics.org/collectionimages/19001949/1944/1944.100.53036.rev.width350.jpg"]},{"from":253,"to":260,"title":"Bronze Coin, Nicomedia, AD 253 - AD 260. 1951.64.13","image_urls":["http://numismatics.org/collectionimages/19501999/1951/1951.64.13.rev.width350.jpg"]},{"from":253,"to":254,"title":"Bronze Coin, Anazarbus, AD 253 - AD 254. 2000.8.17","image_urls":["http://numismatics.org/collectionimages/20002049/2000/2000.8.17.rev.width350.jpg"]},{"from":253,"to":268,"title":"Bronze Coin, Sagalassus, AD 253 - AD 268. 1998.18.101","image_urls":["http://numismatics.org/collectionimages/19501999/1998/1998.18.101.rev.width350.jpg"]},{"from":253,"to":268,"title":"Bronze Coin, Attuda, AD 253 - AD 268. 1944.100.47740","image_urls":["http://numismatics.org/collectionimages/19001949/1944/1944.100.47740.rev.width350.jpg"]},{"from":253,"to":260,"title":"Bronze Coin, Sagalassus, AD 253 - AD 260. 1944.100.52075","image_urls":["http://numismatics.org/collectionimages/19001949/1944/1944.100.52075.rev.width350.jpg"]},{"from":253,"to":254,"title":"Bronze Coin, Anazarbus, AD 253 - AD 254. 2000.8.5","image_urls":["http://numismatics.org/collectionimages/20002049/2000/2000.8.5.rev.width350.jpg"]},{"from":253,"to":260,"title":"Silver Antoninianus, Rome, AD 253 - AD 260. 2015.12.41","image_urls":["http://numismatics.org/collectionimages/20002049/2015/2015.12.41.rev.width350.jpg"]},{"from":253,"to":268,"title":"Bronze Coin, Magnesia ad Sipylum, AD 253 - AD 268. 1944.100.49305","image_urls":["http://numismatics.org/collectionimages/19001949/1944/1944.100.49305.rev.width350.jpg"]},{"from":253,"to":268,"title":"Bronze Coin, Larissa, AD 253 - AD 268. 1944.100.17801","image_urls":["http://numismatics.org/collectionimages/19001949/1944/1944.100.17801.rev.width350.jpg"]},{"from":253,"to":260,"title":"Bronze Coin, Sagalassus, AD 253 - AD 260. 1968.244.31","image_urls":["http://numismatics.org/collectionimages/19501999/1968/1968.244.31.rev.width350.jpg"]},{"from":253,"to":268,"title":"Bronze Coin, Antiocheia ad Maeandrum, AD 253 - AD 268. 1953.171.798","image_urls":["http://numismatics.org/collectionimages/19501999/1953/1953.171.798.rev.width350.jpg"]},{"from":253,"to":268,"title":"Bronze Coin, Dacia, AD 253 - AD 268. 2005.45.16","image_urls":["http://numismatics.org/collectionimages/20002049/2005/2005.45.16.rev.width350.jpg"]},{"from":253,"to":268,"title":"Bronze Coin, Acmoneia, AD 253 - AD 268. 2001.21.12","image_urls":["http://numismatics.org/collectionimages/20002049/2001/2001.21.12.rev.width350.jpg"]},{"from":253,"to":254,"title":"Bronze Coin, Anazarbus, AD 253 - AD 254. 2000.8.3","image_urls":["http://numismatics.org/collectionimages/20002049/2000/2000.8.3.rev.width350.jpg"]},{"from":253,"to":260,"title":"Bronze Coin, Larissa, AD 253 - AD 260. 1944.100.17788","image_urls":["http://numismatics.org/collectionimages/19001949/1944/1944.100.17788.rev.width350.jpg"]},{"from":253,"to":254,"title":"Bronze Coin, Dacia, AD 253 - AD 254. 2005.45.13","image_urls":["http://numismatics.org/collectionimages/20002049/2005/2005.45.13.rev.width350.jpg"]},{"from":253,"to":254,"title":"Bronze Coin, Anazarbus, AD 253 - AD 254. 2000.8.15","image_urls":["http://numismatics.org/collectionimages/20002049/2000/2000.8.15.rev.width350.jpg"]},{"from":253,"to":260,"title":"Bronze Coin, Neocaesareia, AD 253 - AD 260. 1944.100.41423","image_urls":["http://numismatics.org/collectionimages/19001949/1944/1944.100.41423.rev.width350.jpg"]},{"from":253,"to":268,"title":"Bronze Coin, Saitta, AD 253 - AD 268. 1944.100.49371","image_urls":["http://numismatics.org/collectionimages/19001949/1944/1944.100.49371.rev.width350.jpg"]},{"from":253,"to":268,"title":"Bronze Coin, Hypaepa, AD 253 - AD 268. 1944.100.49266","image_urls":["http://numismatics.org/collectionimages/19001949/1944/1944.100.49266.rev.width350.jpg"]},{"from":253,"to":260,"title":"Bronze Coin, Neocaesareia, AD 253 - AD 260. 1944.100.41421","image_urls":["http://numismatics.org/collectionimages/19001949/1944/1944.100.41421.rev.width350.jpg"]},{"from":253,"to":254,"title":"Bronze Coin, Anazarbus, AD 253 - AD 254. 2000.8.16","image_urls":["http://numismatics.org/collectionimages/20002049/2000/2000.8.16.rev.width350.jpg"]},{"from":253,"to":254,"title":"Bronze Coin, Anazarbus, AD 253 - AD 254. 2000.8.19","image_urls":["http://numismatics.org/collectionimages/20002049/2000/2000.8.19.rev.width350.jpg"]},{"from":253,"to":260,"title":"Silver Antoninianus, Lugdunum, AD 253 - AD 260. 2015.12.40","image_urls":["http://numismatics.org/collectionimages/20002049/2015/2015.12.40.rev.width350.jpg"]},{"from":253,"to":268,"title":"Bronze Coin, Larissa, AD 253 - AD 268. 1944.100.17800","image_urls":["http://numismatics.org/collectionimages/19001949/1944/1944.100.17800.rev.width350.jpg"]},{"from":253,"to":260,"title":"Bronze Coin, Larissa, AD 253 - AD 260. 1944.100.17790","image_urls":["http://numismatics.org/collectionimages/19001949/1944/1944.100.17790.rev.width350.jpg"]},{"from":253,"to":268,"title":"Bronze Coin, Larissa, AD 253 - AD 268. 1944.100.17799","image_urls":["http://numismatics.org/collectionimages/19001949/1944/1944.100.17799.rev.width350.jpg"]},{"from":253,"to":254,"title":"Bronze Coin, Anazarbus, AD 253 - AD 254. 2000.8.13","image_urls":["http://numismatics.org/collectionimages/20002049/2000/2000.8.13.rev.width350.jpg"]},{"from":253,"to":260,"title":"Bronze Coin, Hypaepa, AD 253 - AD 260. 1944.100.49269","image_urls":["http://numismatics.org/collectionimages/19001949/1944/1944.100.49269.rev.width350.jpg"]}]