[{"from":254,"to":255,"title":"Antoninianus of Gallienus, Rome, 254-255. 1991.17.140.","image_urls":["http://coins.lib.virginia.edu/images/coins/screen/n1991_17_140_rev.jpg"]},{"from":254,"to":255,"title":"Antoninianus of Gallienus, Rome, 254-255. 1991.17.145.","image_urls":["http://coins.lib.virginia.edu/images/coins/screen/n1991_17_145_rev.jpg"]},{"from":254,"to":255,"title":"Antoninianus of Gallienus, Rome, 254-255. 1991.17.144.","image_urls":["http://coins.lib.virginia.edu/images/coins/screen/n1991_17_144_rev.jpg"]},{"from":254,"to":255,"title":"Antoninianus of Valerian II, Rome, 254-255. 1991.17.66.","image_urls":["http://coins.lib.virginia.edu/images/coins/screen/n1991_17_66_rev.jpg"]},{"from":254,"to":255,"title":"LVPL-244D72: A coin issued by Gallienus (Joint reign)","image_urls":["https://finds.org.uk/images/fmcintosh/radaite%20-%20LVPL-244D72.jpg"]},{"from":254,"to":254,"title":"SOMDOR-7822B4: A coin issued by Salonina (sole reign of Gallienus)","image_urls":["https://finds.org.uk/images/npayne/7822B4.jpg"]},{"from":254,"to":254,"title":"NCL-6FEDD7: A coin issued by Valerian I","image_urls":["https://finds.org.uk/images/pwalton/NCL6FEDD7.jpg"]},{"from":254,"to":254,"title":"IOW-5DB995Z: A coin issued by Valerian I","image_urls":["https://finds.org.uk/images/fbasford/IOW2014-2-355.JPG"]},{"from":254,"to":255,"title":"Bronze Coin, Dacia, AD 254 - AD 255. 2005.45.15","image_urls":["http://numismatics.org/collectionimages/20002049/2005/2005.45.15.rev.width350.jpg"]},{"from":254,"to":255,"title":"RIC V Valerian 210. 1944.100.27226","image_urls":["http://numismatics.org/collectionimages/19001949/1944/1944.100.27226.rev.width350.jpg"]}]