[{"from":255,"to":259,"title":"Antoninianus of Valerian, Antioch, 255-259. 1991.17.49.","image_urls":["http://coins.lib.virginia.edu/images/coins/screen/n1991_17_49_rev.jpg"]},{"from":255,"to":256,"title":"Antoninianus of Valerian, Rome, 255-256. 1991.17.61.","image_urls":["http://coins.lib.virginia.edu/images/coins/screen/n1991_17_61_rev.jpg"]},{"from":255,"to":259,"title":"Antoninianus of Valerian, Rome, 255-259. 1991.17.45.","image_urls":["http://coins.lib.virginia.edu/images/coins/screen/n1991_17_45_rev.jpg"]},{"from":255,"to":256,"title":"WAW-B1F5C2: A coin issued by Valerian I","image_urls":["https://finds.org.uk/images/abolton/WAW-B1F5C2.jpg"]},{"from":255,"to":256,"title":"BM-BE0D77: A coin issued by Valerian I","image_urls":["https://finds.org.uk/images/vdrost/BM_BE0D77_R.JPG"]},{"from":255,"to":258,"title":"WMID-C3BAF5: A coin issued by Valerian II","image_urls":["https://finds.org.uk/images/cjohnson/WMID-C3BAF5.JPG"]},{"from":255,"to":257,"title":"SUSS-2711D6: A coin issued by Gallienus (Joint reign)","image_urls":["https://finds.org.uk/images/grantw/1-161k.jpg"]},{"from":255,"to":256,"title":"FASAM-212E14: A coin issued by Valerian I","image_urls":["https://finds.org.uk/images/sam/746.jpg"]},{"from":255,"to":255,"title":"WAW-A053D3: A coin issued by Valerian II","image_urls":["https://finds.org.uk/images/abolton/WAW-A053D3.jpg"]},{"from":255,"to":256,"title":"NCL-701CC3: A coin issued by Valerian I","image_urls":["https://finds.org.uk/images/pwalton/NCL701CC3.jpg"]},{"from":255,"to":258,"title":"IOW-FA0B64: A coin issued by Valerian II","image_urls":["https://finds.org.uk/images/fbasford/IOW2005-137-1.JPG"]},{"from":255,"to":258,"title":"LIN-54CD93: A coin issued by Valerian I","image_urls":["https://finds.org.uk/images/adaubney/LIN2012-920.jpg"]}]