[{"from":256,"to":259,"title":"Antoninianus of Valerian II, Rome, 256-259. 1991.17.68.","image_urls":["http://coins.lib.virginia.edu/images/coins/screen/n1991_17_68_rev.jpg"]},{"from":256,"to":258,"title":"Antoninianus of Valerian, Rome, 256-258. 1991.17.63.","image_urls":["http://coins.lib.virginia.edu/images/coins/screen/n1991_17_63_rev.jpg"]},{"from":256,"to":256,"title":"LON-448121: A coin issued by Gallienus (Joint reign)","image_urls":["https://finds.org.uk/images/kcreed/LON-448121IMG_3065.jpg"]},{"from":256,"to":258,"title":"SUSS-1834A7: A coin issued by Valerian II","image_urls":["https://finds.org.uk/images/stephaniesmith/SUSS-1834A7ValerianII.jpg"]},{"from":256,"to":260,"title":"SF-88074C: A coin issued by Valerian I","image_urls":["https://finds.org.uk/images/abrown/BRD_SF-88074C.jpg"]},{"from":256,"to":257,"title":"LEIC-177195: A coin issued by Salonina (sole reign of Gallienus)","image_urls":["https://finds.org.uk/images/wscott/177195%20.JPG"]},{"from":256,"to":257,"title":"PAS-3ED843: A coin issued by Valerian I","image_urls":["https://finds.org.uk/images/rwebley2/PAS-3ED843.JPG"]},{"from":256,"to":257,"title":"WAW-9FD83D: A coin issued by Salonina (joint reign)","image_urls":["https://finds.org.uk/images/abolton/WAW9FD83D.jpg"]},{"from":256,"to":257,"title":"WILT-4FDA71: A coin issued by Valerian I","image_urls":["https://finds.org.uk/images/khinds/Phillips0610valerian.jpg"]},{"from":256,"to":258,"title":"PAS-82DC06: A coin issued by Valerian II","image_urls":["https://finds.org.uk/images/vwolfe/PAS091.jpg"]},{"from":256,"to":259,"title":"NARC-51E516: A coin issued by Gallienus (Joint reign)","image_urls":["https://finds.org.uk/images/tbrindle/NARC-51E516radiateobv.jpg"]},{"from":256,"to":257,"title":"HAMP-779C7B: A coin issued by Valerian I","image_urls":["https://finds.org.uk/images/khindshamp/HAMP-779C7B.jpg"]},{"from":256,"to":257,"title":"HAMP-98A8D7: A coin issued by Salonina (joint reign)","image_urls":["https://finds.org.uk/images/rhenry/HAMP-98A8D7Saloninaradiate.jpg"]},{"from":256,"to":257,"title":"RIC V Valerian 50. 1944.100.27158","image_urls":["http://numismatics.org/collectionimages/19001949/1944/1944.100.27158.rev.width350.jpg"]}]