[{"from":257,"to":268,"title":"Antoninianus of Gallienus, Rome, 257-268. 1991.17.148.","image_urls":["http://coins.lib.virginia.edu/images/coins/screen/n1991_17_148_rev.jpg"]},{"from":257,"to":268,"title":"Antoninianus of Gallienus, Mediolanum, 257-268. 1991.17.147.","image_urls":["http://coins.lib.virginia.edu/images/coins/screen/n1991_17_147_rev.jpg"]},{"from":257,"to":268,"title":"Antoninianus of Gallienus, Rome, 257-268. 1987.46.1.","image_urls":["http://coins.lib.virginia.edu/images/coins/screen/n1987_46_1_rev.jpg"]},{"from":257,"to":268,"title":"Antoninianus of Gallienus, Mediolanum, 257-268. 1991.17.146.","image_urls":["http://coins.lib.virginia.edu/images/coins/screen/n1991_17_146_rev.jpg"]},{"from":257,"to":258,"title":"Antoninianus of Gallienus, Rome, 257-258. 1991.17.152.","image_urls":["http://coins.lib.virginia.edu/images/coins/screen/n1991_17_152_rev.jpg"]},{"from":257,"to":260,"title":"BH-38BAE4: A coin issued by Gallienus (Joint reign)","image_urls":["https://finds.org.uk/images/jwatters/Roman_coin_13_34_13.jpg"]},{"from":257,"to":258,"title":"BH-75E2C8: A coin issued by Salonina (joint reign)","image_urls":["https://finds.org.uk/images/jwatters/Roman_coin_14_47_34.jpg"]},{"from":257,"to":268,"title":"HAMP-069FF0: A coin issued by Gallienus (Joint reign)","image_urls":["https://finds.org.uk/images/rwebley/HAMP-069FF0RadiateofGal.jpg"]},{"from":257,"to":258,"title":"WILT-DACB5C: A coin issued by Gallienus (Joint reign)","image_urls":["https://finds.org.uk/images/rhenry2/WILTDACB5C.jpg"]},{"from":257,"to":258,"title":"HAMP-8A5434: A coin issued by Gallienus (Joint reign)","image_urls":["https://finds.org.uk/images/rwebley/HAMP-8A5434Gallienusradiate.jpg"]},{"from":257,"to":260,"title":"DUR-65BAC5: A coin issued by Salonina (sole reign of Gallienus)","image_urls":["https://finds.org.uk/images/frances/DUR-65BAC5.jpg"]},{"from":257,"to":257,"title":"SOM-AC6A31: A coin issued by Mariniana","image_urls":["https://finds.org.uk/images/npayne/AC6A31.jpg"]},{"from":257,"to":257,"title":"SOM-AA0141: A coin issued by Gallienus (Joint reign)","image_urls":["https://finds.org.uk/images/dchorney/SOM-AA0141.jpg"]},{"from":257,"to":268,"title":"HAMP-066CA4: A coin issued by Gallienus (Joint reign)","image_urls":["https://finds.org.uk/images/rwebley/HAMP-066CA4.jpg"]},{"from":257,"to":258,"title":"PUBLIC-C95EB6: A coin issued by Gallienus (Joint reign)","image_urls":["https://finds.org.uk/images/simj3/2009.117.jpg"]},{"from":257,"to":268,"title":"HAMP-5A7A41: A coin issued by Gallienus (sole reign)","image_urls":["https://finds.org.uk/images/rwebley/HAMP-5A7A41Gallienusradiate.jpg"]},{"from":257,"to":268,"title":"HAMP-7F1EB3: A coin issued by Gallienus (sole reign)","image_urls":["https://finds.org.uk/images/rwebley/HAMP-7F1EB3Gallienusradiate.jpg"]},{"from":257,"to":258,"title":"BM-BDF2B7: A coin issued by Valerian I","image_urls":["https://finds.org.uk/images/vdrost/BM_BDF2B7_R.JPG"]},{"from":257,"to":268,"title":"HAMP-2BE017: A coin issued by Gallienus (Joint reign)","image_urls":["https://finds.org.uk/images/rwebley/HAMP-2BE017Gallienusradiate.jpg"]},{"from":257,"to":258,"title":"ESS-563226: A coin issued by Salonina (joint or sole reign)","image_urls":["https://finds.org.uk/images/bpaites/ESS563226SALONINA.jpg"]},{"from":257,"to":258,"title":"WAW-E8BDB4: A coin issued by Salonina (sole reign of Gallienus)","image_urls":["https://finds.org.uk/images/abolton/WAW-E8BDB4.jpg"]},{"from":257,"to":268,"title":"HAMP-B37FB1: A coin issued by Gallienus (Joint reign)","image_urls":["https://finds.org.uk/images/rwebley/HAMP-B37FB1Gallienusradiate.jpg"]},{"from":257,"to":258,"title":"RIC V Salonina 59. 1984.62.523","image_urls":["http://numismatics.org/collectionimages/19501999/1984/1984.62.523.rev.width350.jpg"]},{"from":257,"to":258,"title":"Silver Antoninianus, Lugdunum, AD 257 - AD 258. 2015.12.44","image_urls":["http://numismatics.org/collectionimages/20002049/2015/2015.12.44.rev.width350.jpg"]}]