[{"from":258,"to":259,"title":"Antoninianus of Gallienus, Lugdunum, 258-259. 1991.17.130.","image_urls":["http://coins.lib.virginia.edu/images/coins/screen/n1991_17_130_rev.jpg"]},{"from":258,"to":259,"title":"Antoninianus of Valerian, Mediolanum, 258-259. 1991.17.47.","image_urls":["http://coins.lib.virginia.edu/images/coins/screen/n1991_17_47_rev.jpg"]},{"from":258,"to":259,"title":"Antoninianus of Gallienus, Lugdunum, 258-259. 1991.17.133.","image_urls":["http://coins.lib.virginia.edu/images/coins/screen/n1991_17_133_rev.jpg"]},{"from":258,"to":259,"title":"Antoninianus of Gallienus, Lugdunum, 258-259. 1991.17.132.","image_urls":["http://coins.lib.virginia.edu/images/coins/screen/n1991_17_132_rev.jpg"]},{"from":258,"to":260,"title":"Antoninianus of Saloninus, Lugdunum, 258-260. 1991.17.168.","image_urls":["http://coins.lib.virginia.edu/images/coins/screen/n1991_17_168_rev.jpg"]},{"from":258,"to":259,"title":"Antoninianus of Gallienus, Lugdunum, 258-259. 1991.17.129.","image_urls":["http://coins.lib.virginia.edu/images/coins/screen/n1991_17_129_rev.jpg"]},{"from":258,"to":259,"title":"Antoninianus of Valerian, Rome, 258-259. 1991.17.55.","image_urls":["http://coins.lib.virginia.edu/images/coins/screen/n1991_17_55_rev.jpg"]},{"from":258,"to":259,"title":"Antoninianus of Gallienus, Lugdunum, 258-259. 1991.17.141.","image_urls":["http://coins.lib.virginia.edu/images/coins/screen/n1991_17_141_rev.jpg"]},{"from":258,"to":260,"title":"Antoninianus of Saloninus, Lugdunum, 258-260. 1991.17.167.","image_urls":["http://coins.lib.virginia.edu/images/coins/screen/n1991_17_167_rev.jpg"]},{"from":258,"to":259,"title":"Antoninianus of Gallienus, Lugdunum, 258-259. 1991.17.131.","image_urls":["http://coins.lib.virginia.edu/images/coins/screen/n1991_17_131_rev.jpg"]},{"from":258,"to":260,"title":"BM-A83A6A: A coin issued by Saloninus","image_urls":["https://finds.org.uk/images/vdrost/Photo1%2520data.jpg"]},{"from":258,"to":263,"title":"BH-446991: A coin issued by Gallienus (sole reign)","image_urls":["https://finds.org.uk/images/jwatters/Roman%20coin%2007%2067%20-%203.jpg"]},{"from":258,"to":260,"title":"SF-A73306: A coin issued by Saloninus","image_urls":["https://finds.org.uk/images/abrown/WMH_SF-A73306.jpg"]},{"from":258,"to":260,"title":"NMS-38CCC4: A coin issued by Gallienus (Joint reign)","image_urls":["https://finds.org.uk/images/amarsden/NMD042013gallienuslegionary.jpg"]},{"from":258,"to":259,"title":"WAW-091543: A coin issued by Gallienus (Joint reign)","image_urls":["https://finds.org.uk/images/abolton/WAW-091543.jpg"]},{"from":258,"to":259,"title":"WILT-59FDF6: A coin issued by Gallienus (Joint reign)","image_urls":["https://finds.org.uk/images/janehanbidge/WILT-59FDF6.jpg"]},{"from":258,"to":260,"title":"BUC-6CB341: A coin issued by Valerian II","image_urls":["https://finds.org.uk/images/pmanning/flitwick%20029.jpg"]},{"from":258,"to":258,"title":"PUBLIC-1FDBF7: A coin issued by Valerian I","image_urls":["https://finds.org.uk/images/nickb/booth0611farendValerian%20I.jpg"]},{"from":258,"to":259,"title":"RIC V Gallienus (joint reign) 10(a). 1944.100.30387","image_urls":["http://numismatics.org/collectionimages/19001949/1944/1944.100.30387.rev.width350.jpg"]}]