[{"from":259,"to":268,"title":"WMID-01C752: A coin issued by Postumus","image_urls":["https://finds.org.uk/images/tgilmore/WMID-01C752.jpg"]},{"from":259,"to":268,"title":"NCL-714993: A coin issued by Postumus","image_urls":["https://finds.org.uk/images/pwalton/NCL714993.jpg"]},{"from":259,"to":269,"title":"BH-2C5153: A coin issued by Gallienus (Joint reign)","image_urls":["https://finds.org.uk/images/jwatters/Roman%20coin%200429-38%20obv.jpg"]},{"from":259,"to":268,"title":"LIN-67F254: A coin issued by Postumus","image_urls":["https://finds.org.uk/images/adaubney/LIN6339.JPG"]},{"from":259,"to":259,"title":"HAMP818: A coin issued by Gallienus (Joint reign)","image_urls":["https://finds.org.uk/images/sworrell/Hamp818a.jpg"]},{"from":259,"to":268,"title":"SOM-8C1181: A coin issued by Gallienus (sole reign)","image_urls":["https://finds.org.uk/images/dchorney/SOM-8C1181.JPG"]},{"from":259,"to":268,"title":"NCL-7121C5: A coin issued by Postumus","image_urls":["https://finds.org.uk/images/pwalton/NCL7121C5.jpg"]},{"from":259,"to":268,"title":"NCL-70F326: A coin issued by Postumus","image_urls":["https://finds.org.uk/images/pwalton/NCL70F326.jpg"]},{"from":259,"to":268,"title":"NCL-710B35: A coin issued by Postumus","image_urls":["https://finds.org.uk/images/pwalton/NCL710B35.jpg"]},{"from":259,"to":268,"title":"WMID-03CB68: A coin issued by Postumus","image_urls":["https://finds.org.uk/images/tgilmore/WMID-03CB68.jpg"]}]