[{"from":26,"to":37,"title":"CORN-EE1431: A coin issued by Tiberius","image_urls":["https://finds.org.uk/images/atyacke/Cambsdenarii07.JPG"]},{"from":26,"to":26,"title":"LEIC-3BCFD5: A coin issued by Tiberius","image_urls":["https://finds.org.uk/images/wscott/DSCN9448.JPG"]},{"from":26,"to":27,"title":"Silver Tetradrachm, Seleuceia ad Tigrim, AD 26 - AD 27. 1944.100.83016","image_urls":["http://numismatics.org/collectionimages/19001949/1944/1944.100.83016.rev.width350.jpg"]},{"from":26,"to":27,"title":"Silver Tetradrachm, Seleuceia ad Tigrim, AD 26 - AD 27. 1944.100.83015","image_urls":["http://numismatics.org/collectionimages/19001949/1944/1944.100.83015.rev.width350.jpg"]},{"from":26,"to":27,"title":"Silver Tetradrachm, Seleuceia ad Tigrim, AD 26 - AD 27. 1944.100.83014","image_urls":["http://numismatics.org/collectionimages/19001949/1944/1944.100.83014.rev.width350.jpg"]},{"from":26,"to":27,"title":"Silver Tetradrachm, Seleuceia ad Tigrim, AD 26 - AD 27. 1944.100.83018","image_urls":["http://numismatics.org/collectionimages/19001949/1944/1944.100.83018.rev.width350.jpg"]},{"from":26,"to":27,"title":"Silver Tetradrachm, Seleuceia ad Tigrim, AD 26 - AD 27. 1944.100.83017","image_urls":["http://numismatics.org/collectionimages/19001949/1944/1944.100.83017.rev.width350.jpg"]},{"from":26,"to":27,"title":"Silver Tetradrachm, Seleuceia ad Tigrim, AD 26 - AD 27. 1944.100.83019","image_urls":["http://numismatics.org/collectionimages/19001949/1944/1944.100.83019.rev.width350.jpg"]}]