[{"from":263,"to":265,"title":"Antoninianus of Postumus, Treveri, 263-265. 1991.17.220.","image_urls":["http://coins.lib.virginia.edu/images/coins/screen/n1991_17_220_rev.jpg"]},{"from":263,"to":265,"title":"Antoninianus of Postumus, Treveri, 263-265. 1991.17.229.","image_urls":["http://coins.lib.virginia.edu/images/coins/screen/n1991_17_229_rev.jpg"]},{"from":263,"to":265,"title":"Antoninianus of Postumus, Treveri, 263-265. 1991.17.238.","image_urls":["http://coins.lib.virginia.edu/images/coins/screen/n1991_17_238_rev.jpg"]},{"from":263,"to":265,"title":"Antoninianus of Postumus, Treveri, 263-265. 1987.46.5.","image_urls":["http://coins.lib.virginia.edu/images/coins/screen/n1987_46_5_rev.jpg"]},{"from":263,"to":265,"title":"Antoninianus of Postumus, Treveri, 263-265. 1991.17.237.","image_urls":["http://coins.lib.virginia.edu/images/coins/screen/n1991_17_237_rev.jpg"]},{"from":263,"to":264,"title":"IOW-E1EFB9: A coin issued by Gallienus (sole reign)","image_urls":["https://finds.org.uk/images/fbasford/IOW2014-2-366.JPG"]},{"from":263,"to":265,"title":"WILT-93B5F7: A coin issued by Gallienus (sole reign)","image_urls":["https://finds.org.uk/images/rhenry2/WILT93B5F7.jpg"]}]