[{"from":265,"to":267,"title":"LEIC-FB6395: A coin issued by Gallienus (sole reign)","image_urls":["https://finds.org.uk/images/annab/LEIC-FB6395.jpg"]},{"from":265,"to":266,"title":"BM-3BDAA7: A coin issued by Gallienus (sole reign)","image_urls":["https://finds.org.uk/images/jasonlundock/BM-3BDAA7-R.JPG"]},{"from":265,"to":266,"title":"BM-D21662: A coin issued by Gallienus (sole reign)","image_urls":["https://finds.org.uk/images/vdrost/BM_D21662_R.JPG"]},{"from":265,"to":266,"title":"LVPL-60C69A: A coin issued by Gallienus (sole reign)","image_urls":["https://finds.org.uk/images/voakden/LVPL-60C69A.jpg"]},{"from":265,"to":266,"title":"BM-03F410: A coin issued by Gallienus (sole reign)","image_urls":["https://finds.org.uk/images/vdrost/BM-03F410_REV.JPG"]},{"from":265,"to":266,"title":"BM-D2586E: A coin issued by Gallienus (sole reign)","image_urls":["https://finds.org.uk/images/vdrost/BM_D2586E_R.JPG"]},{"from":265,"to":266,"title":"PUBLIC-7D421D: A coin issued by Gallienus (sole reign)","image_urls":["https://finds.org.uk/images/calow1/FLE151110.JPG"]},{"from":265,"to":266,"title":"SUR-468AF5: A coin issued by Gallienus (sole reign)","image_urls":["https://finds.org.uk/images/margaretb/14-701.JPG"]},{"from":265,"to":268,"title":"SUSS-078902: A coin issued by Postumus","image_urls":["https://finds.org.uk/images/lwilson/1-218d.jpg"]},{"from":265,"to":268,"title":"SUSS-CFC601: A coin issued by Postumus","image_urls":["https://finds.org.uk/images/lwalker/BR-81.jpg"]},{"from":265,"to":267,"title":"SUR-DDA6F2: A coin issued by Salonina (sole reign of Gallienus)","image_urls":["https://finds.org.uk/images/margaretb/13-201.JPG"]},{"from":265,"to":266,"title":"BM-9EF8BA: A coin issued by Gallienus (sole reign)","image_urls":["https://finds.org.uk/images/vdrost/BM9EF8BAobv.JPG"]},{"from":265,"to":266,"title":"IOW-52D5B3: A coin issued by Gallienus","image_urls":["https://finds.org.uk/images/fbasford/IOW2010-2-380.JPG"]},{"from":265,"to":266,"title":"BUC-614855: A coin issued by Gallienus (sole reign)","image_urls":["https://finds.org.uk/images/dunvant/4DSCN9596.JPG"]},{"from":265,"to":266,"title":"IOW-8BD1FA: A coin issued by Gallienus (sole reign)","image_urls":["https://finds.org.uk/images/fbasford/IOW2015328.JPG"]},{"from":265,"to":266,"title":"WMID-D2475E: A coin issued by Gallienus (sole reign)","image_urls":["https://finds.org.uk/images/tgilmore/WMIDD2475E.jpg"]}]