[{"from":266,"to":267,"title":"Antoninianus of Postumus, Treveri, 266-267. 1991.17.221.","image_urls":["http://coins.lib.virginia.edu/images/coins/screen/n1991_17_221_rev.jpg"]},{"from":266,"to":267,"title":"Antoninianus of Postumus, Treveri, 266-267. 1991.17.223.","image_urls":["http://coins.lib.virginia.edu/images/coins/screen/n1991_17_223_rev.jpg"]},{"from":266,"to":267,"title":"Antoninianus of Postumus, Treveri, 266-267. 1991.17.222.","image_urls":["http://coins.lib.virginia.edu/images/coins/screen/n1991_17_222_rev.jpg"]},{"from":266,"to":267,"title":"Antoninianus of Postumus, Treveri, 266-267. 1991.17.224.","image_urls":["http://coins.lib.virginia.edu/images/coins/screen/n1991_17_224_rev.jpg"]},{"from":266,"to":267,"title":"Antoninianus of Postumus, Treveri, 266-267. 1991.17.239.","image_urls":["http://coins.lib.virginia.edu/images/coins/screen/n1991_17_239_rev.jpg"]},{"from":266,"to":267,"title":"BM-BE664B: A coin issued by Gallienus (sole reign)","image_urls":["https://finds.org.uk/images/vdrost/BM_BE664B_R.JPG"]},{"from":266,"to":267,"title":"BM-BEA298: A coin issued by Gallienus (sole reign)","image_urls":["https://finds.org.uk/images/vdrost/BM_BEA298_R.JPG"]},{"from":266,"to":267,"title":"NMGW-F0ED12: A coin issued by Gallienus (Joint reign)","image_urls":["https://finds.org.uk/images/sianw/2006.25.2.TIF"]},{"from":266,"to":266,"title":"LEIC-587631: A coin issued by Postumus","image_urls":["https://finds.org.uk/images/wscott/LEIC-587631.jpg"]}]