[{"from":267,"to":268,"title":"BM-218AA4: A coin issued by Gallienus (sole reign)","image_urls":["https://finds.org.uk/images/vdrost/BM218AA4obv.JPG"]},{"from":267,"to":268,"title":"LEIC-BB9AA9: A coin issued by Salonina (sole reign of Gallienus)","image_urls":["https://finds.org.uk/images/teeosw/LEICBB9AA9.jpg"]},{"from":267,"to":268,"title":"SUSS-A886A1: A coin issued by Postumus","image_urls":["https://finds.org.uk/images/lwalker/DSCN0815.JPG"]},{"from":267,"to":268,"title":"LIN-0362A0: A coin issued by Gallienus (sole reign)","image_urls":["https://finds.org.uk/images/adaubney/LIN7751.JPG"]},{"from":267,"to":268,"title":"SUR-B87330: A coin issued by Gallienus (sole reign)","image_urls":["https://finds.org.uk/images/dwilliams/06%201129.JPG"]},{"from":267,"to":268,"title":"SUSS-6DC086: A coin issued by Gallienus (Joint reign)","image_urls":["https://finds.org.uk/images/lwilson/1-203r.jpg"]},{"from":267,"to":268,"title":"WILT-45DCC1: A coin issued by Gallienus (sole reign)","image_urls":["https://finds.org.uk/images/khinds/WILT-45DCC1.jpg"]},{"from":267,"to":268,"title":"BM-9F1429: A coin issued by Gallienus (sole reign)","image_urls":["https://finds.org.uk/images/vdrost/BM9F1429obv.JPG"]},{"from":267,"to":268,"title":"PUBLIC-37A1D6: A coin issued by Gallienus (sole reign)","image_urls":["https://finds.org.uk/images/alav/avk%20%2849%29.jpg"]},{"from":267,"to":268,"title":"SWYOR-CB0005: A coin issued by Gallienus (sole reign)","image_urls":["https://finds.org.uk/images/acooper/PAS%20519%20radiate.jpg"]},{"from":267,"to":268,"title":"BM-CB3E9B: A coin issued by Gallienus (sole reign)","image_urls":["https://finds.org.uk/images/vdrost/BMCB3E9Bobv.JPG"]},{"from":267,"to":268,"title":"DUR-2F5AA2: A coin issued by Gallienus (sole reign)","image_urls":["https://finds.org.uk/images/frances/DUR-2F5AA2%20stoker%20gallienus.jpg"]},{"from":267,"to":268,"title":"LEIC-14FA67: A coin issued by Gallienus (sole reign)","image_urls":["https://finds.org.uk/images/wscott/14FA67.JPG"]},{"from":267,"to":268,"title":"HAMP-AC6437: A coin issued by Gallienus (sole reign)","image_urls":["https://finds.org.uk/images/awillishamp/HAMP-AC6437.jpg"]},{"from":267,"to":267,"title":"HAMP384: A coin issued by Postumus","image_urls":["https://finds.org.uk/images/sworrell/hamp384a.jpg"]},{"from":267,"to":267,"title":"YORYM-3B9D42: A coin issued by Postumus","image_urls":["https://finds.org.uk/images/bmorris/PT0022.jpg"]},{"from":267,"to":268,"title":"LIN-BDA378: A coin issued by Gallienus (sole reign)","image_urls":["https://finds.org.uk/images/adaubney/LIN7530.JPG"]},{"from":267,"to":268,"title":"NMGW-F5242D: A coin issued by Gallienus (sole reign)","image_urls":["https://finds.org.uk/images/wenkedomscheit/2014138jpg.jpg"]},{"from":267,"to":268,"title":"WMID-64659D: A coin issued by Salonina (sole reign of Gallienus)","image_urls":["https://finds.org.uk/images/hglenn/WMID-64659D.jpg"]},{"from":267,"to":268,"title":"NLM-162F70: A coin issued by Postumus","image_urls":["https://finds.org.uk/images/mforeman/NLM21712.jpg"]},{"from":267,"to":268,"title":"KENT-E6A214: A coin issued by Gallienus (sole reign)","image_urls":["https://finds.org.uk/images/gburr/DSCN5372.JPG"]},{"from":267,"to":267,"title":"WMID-D20A30: A coin issued by Gallienus (sole reign)","image_urls":["https://finds.org.uk/images/tgilmore/WMIDD20A30.jpg"]},{"from":267,"to":268,"title":"PUBLIC-043F66: A coin issued by Postumus","image_urls":["https://finds.org.uk/images/Linz/043F66%20COIN.jpg"]},{"from":267,"to":268,"title":"LON-C08ED2: A coin issued by Gallienus (sole reign)","image_urls":["https://finds.org.uk/images/paitesb123/41-Gallienus-TOL12.jpg"]},{"from":267,"to":268,"title":"NMGW-5AB116: A coin issued by Gallienus (sole reign)","image_urls":["https://finds.org.uk/images/sianw/20061801.jpg"]},{"from":267,"to":268,"title":"LEIC-5F7C56: A coin issued by Gallienus (sole reign)","image_urls":["https://finds.org.uk/images/wscott/5F7C56.JPG"]},{"from":267,"to":268,"title":"BM-002182: A coin issued by Gallienus (sole reign)","image_urls":["https://finds.org.uk/images/vdrost/BM002182O.JPG"]},{"from":267,"to":268,"title":"LEIC-FB3D53: A coin issued by Gallienus (sole reign)","image_urls":["https://finds.org.uk/images/annab/LEIC-FB3D53.jpg"]},{"from":267,"to":268,"title":"PUBLIC-CF2D62: A coin issued by Gallienus (sole reign)","image_urls":["https://finds.org.uk/images/danling/Gallienus%20AE3.jpg"]},{"from":267,"to":268,"title":"LEIC-9912D8: A coin issued by Gallienus (sole reign)","image_urls":["https://finds.org.uk/images/wscott/9912D8.JPG"]},{"from":267,"to":267,"title":"WMID-8E8AD4: A coin issued by Postumus","image_urls":["https://finds.org.uk/images/tgilmore/wmid-8e8ad4.jpg"]},{"from":267,"to":268,"title":"SUR-9BA324: A coin issued by Gallienus (sole reign)","image_urls":["https://finds.org.uk/images/dwilliams/07.719.JPG"]},{"from":267,"to":268,"title":"SOM-D87767: A coin issued by Gallienus (sole reign)","image_urls":["https://finds.org.uk/images/npayne/D87767.JPG"]},{"from":267,"to":268,"title":"SWYOR-D41D48: A coin issued by Postumus","image_urls":["https://finds.org.uk/images/acooper/007.JPG"]},{"from":267,"to":268,"title":"SUSS-916CD5: A coin issued by Gallienus (sole reign)","image_urls":["https://finds.org.uk/images/lburnett/suss-916Cd5.JPG"]},{"from":267,"to":268,"title":"SUR-7877A4: A coin issued by Postumus","image_urls":["https://finds.org.uk/images/margaretb/SUR-7877A4radPostumus.jpg"]}]