[{"from":269,"to":270,"title":"Antoninianus of Victorinus, Colonia Claudia Ara Agrippinensium, 269-270. 1987.46.8.","image_urls":["http://coins.lib.virginia.edu/images/coins/screen/n1987_46_8_rev.jpg"]},{"from":269,"to":270,"title":"Antoninianus of Victorinus, Colonia Claudia Ara Agrippinensium, 269-270. 1987.46.13.","image_urls":["http://coins.lib.virginia.edu/images/coins/screen/n1987_46_13_rev.jpg"]},{"from":269,"to":271,"title":"NARC-321B64: A coin issued by Victorinus","image_urls":["https://finds.org.uk/images/rwebley/NARC-321B64radiateobv.jpg"]},{"from":269,"to":269,"title":"PUBLIC-382547: A coin issued by Claudius II","image_urls":["https://finds.org.uk/images/alav/avk%20%2853%29.jpg"]},{"from":269,"to":274,"title":"LVPL-FA0604: A coin issued by Uncertain - 1st-mid 3rd century","image_urls":["https://finds.org.uk/images/voakden/LVPL-FA0604.jpg"]},{"from":269,"to":269,"title":"BM-B2481B: A coin issued by Claudius II","image_urls":["https://finds.org.uk/images/vdrost/BMB2481Bobv.JPG"]},{"from":269,"to":276,"title":"BH-79B655: A coin issued by Aurelian","image_urls":["https://finds.org.uk/images/jwatters/Roman%20coin%200352%20-%2010%20all.jpg"]},{"from":269,"to":270,"title":"PUBLIC-DB42FE: A coin issued by Victorinus","image_urls":["https://finds.org.uk/images/ccf3/5.jpg"]},{"from":269,"to":271,"title":"NARC-47F487: A coin issued by Victorinus","image_urls":["https://finds.org.uk/images/rwebley/NARC-47F487radiateVictorinus.jpg"]},{"from":269,"to":269,"title":"WILT-EBEB89: A coin issued by Claudius II","image_urls":["https://finds.org.uk/images/jshoemark/WILT-EBEB89.jpg"]},{"from":269,"to":271,"title":"HAMP-FB9240: A coin issued by Victorinus","image_urls":["https://finds.org.uk/images/rwebley/HAMP-FB9240Victorinusradiate.jpg"]},{"from":269,"to":269,"title":"BH-EFFEE3: A coin issued by Claudius II","image_urls":["https://finds.org.uk/images/jwatters/Roman_coin_13_88_2.jpg"]},{"from":269,"to":271,"title":"BERK-764975: A coin issued by Victorinus","image_urls":["https://finds.org.uk/images/ksutton/Walker%20-%20Roman%20coin%20-%2004.jpg"]},{"from":269,"to":270,"title":"ESS-5CC2C6: A coin issued by Victorinus","image_urls":["https://finds.org.uk/images/srdeacon2/050-C0008ESS-5CC2C6.jpg"]},{"from":269,"to":271,"title":"BH-52E3E2: A coin issued by Victorinus","image_urls":["https://finds.org.uk/images/jwatters/Roman%20coin%2007%20121%20-%202.jpg"]},{"from":269,"to":271,"title":"NLM-295E26: A coin issued by Victorinus","image_urls":["https://finds.org.uk/images/mforeman/NLM24380.jpg"]},{"from":269,"to":270,"title":"DENO-96B812: A coin issued by Victorinus","image_urls":["https://finds.org.uk/images/ratherton/E5683%20coin%20rad.jpg"]},{"from":269,"to":271,"title":"WMID-751590: A coin issued by Victorinus","image_urls":["https://finds.org.uk/images/cjohnson/WMID-751590.JPG"]},{"from":269,"to":269,"title":"NARC-661954: A coin issued by Claudius II","image_urls":["https://finds.org.uk/images/jcassidy/claudius%20b.jpg"]},{"from":269,"to":271,"title":"DOR-90EC68: A coin issued by Victorinus","image_urls":["https://finds.org.uk/images/caht/9108A6.JPG"]},{"from":269,"to":270,"title":"PUBLIC-DB9D97: A coin issued by Victorinus","image_urls":["https://finds.org.uk/images/ccf3/9.jpg"]},{"from":269,"to":270,"title":"WMID-4EFCD3: A coin issued by Claudius II","image_urls":["https://finds.org.uk/images/tgilmore/WMID-4EFCD3.jpg"]},{"from":269,"to":269,"title":"WMID-2A1023: A coin issued by Claudius II","image_urls":["https://finds.org.uk/images/tgilmore/WMID-2A1023.jpg"]},{"from":269,"to":270,"title":"LVPL-EBD855: A coin issued by Claudius II","image_urls":["https://finds.org.uk/images/fmcintosh/gl%205.jpg"]},{"from":269,"to":269,"title":"SWYOR-EF50BA: A coin issued by Claudius II","image_urls":["https://finds.org.uk/images/wakefield/PAS_2623_radiate.jpg"]},{"from":269,"to":271,"title":"WMID-74D546: A coin issued by Victorinus","image_urls":["https://finds.org.uk/images/cjohnson/WMID-74D546.JPG"]},{"from":269,"to":269,"title":"CAM-2FB1D5: A coin issued by Claudius II","image_urls":["https://finds.org.uk/images/pjw/CAM_2FB1D5.jpg"]},{"from":269,"to":269,"title":"WAW-05D402: A coin issued by Laelian","image_urls":["https://finds.org.uk/images/abolton/WAW-05D402.jpg"]},{"from":269,"to":271,"title":"SF-E9CDB7: A coin issued by Victorinus","image_urls":["https://finds.org.uk/images/ccostin/SF-E9CDB7.jpg"]},{"from":269,"to":269,"title":"WILT-A8EE8A: A coin issued by Claudius II","image_urls":["https://finds.org.uk/images/rhenry2/WILTA8EE8A.jpg"]},{"from":269,"to":270,"title":"NLM-03A1D0: A coin issued by Claudius II","image_urls":["https://finds.org.uk/images/mforeman/NLM27137.jpg"]},{"from":269,"to":271,"title":"WMID-01A892: A coin issued by Victorinus","image_urls":["https://finds.org.uk/images/tgilmore/WMID-01A892.jpg"]},{"from":269,"to":271,"title":"CORN-261D75: A coin issued by Victorinus","image_urls":["https://finds.org.uk/images/atyacke/VictorinusSolradiateobv.jpg"]}]