[{"from":270,"to":275,"title":"BH-0142F4: A coin issued by Aurelian","image_urls":["https://finds.org.uk/images/jwatters/Roman_coin_12_159_29.jpg"]},{"from":270,"to":271,"title":"DOR-984626: A coin issued by Claudius II","image_urls":["https://finds.org.uk/images/caht/984626.jpg"]},{"from":270,"to":270,"title":"SUSS-3C5C58: A coin issued by Quintillus","image_urls":["https://finds.org.uk/images/lwalker/1-16%20r.jpg"]},{"from":270,"to":270,"title":"WILT-A0B911: A coin issued by Quintillus","image_urls":["https://finds.org.uk/images/bea92/WILT-A0B911.jpg"]},{"from":270,"to":270,"title":"LIN-388154: A coin issued by Claudius II","image_urls":["https://finds.org.uk/images/adaubney/LIN2012-652.jpg"]},{"from":270,"to":270,"title":"HAMP-91FE55: A coin issued by Claudius II","image_urls":["https://finds.org.uk/images/ellysg1/RomancoinC3.jpg"]},{"from":270,"to":270,"title":"SUSS-253415: A coin issued by Quintillus","image_urls":["https://finds.org.uk/images/lburnett/SUSS-253415.jpg"]},{"from":270,"to":275,"title":"DOR-A6BC76: A coin issued by Aurelian","image_urls":["https://finds.org.uk/images/caht/A6BC76.jpg"]},{"from":270,"to":271,"title":"CORN-3A5788: A coin issued by Claudius II","image_urls":["https://finds.org.uk/images/atyacke/Clemescoins%20021.jpg"]},{"from":270,"to":271,"title":"YORYM-3B2255: A coin issued by Divus Claudius (Official)","image_urls":["https://finds.org.uk/images/bmorris/WS0526.jpg"]},{"from":270,"to":270,"title":"KENT-49E5C7: A coin issued by Quintillus","image_urls":["https://finds.org.uk/images/arichardson/PAK124-027.JPG"]},{"from":270,"to":271,"title":"BH-DA7FD4: A coin issued by Divus Claudius (Official)","image_urls":["https://finds.org.uk/images/jwatters/Roman_coin_15_29_17.jpg"]},{"from":270,"to":270,"title":"NCL-9A2AC8: A coin issued by Claudius II","image_urls":["https://finds.org.uk/images/pwalton/NCL9A2AC8.jpg"]},{"from":270,"to":270,"title":"HAMP-CCB968: A coin issued by Quintillus","image_urls":["https://finds.org.uk/images/rwebley/HAMP-CCB968Quintillusradiate.jpg"]},{"from":270,"to":270,"title":"CAM-9E9637: A coin issued by Quintillus","image_urls":["https://finds.org.uk/images/pjw/CAM_9E9637.jpg"]},{"from":270,"to":270,"title":"BH-9F7233: A coin issued by Quintillus","image_urls":["https://finds.org.uk/images/jwatters/Roman_coin_10_150_11.jpg"]},{"from":270,"to":271,"title":"KENT-129ED3: A coin issued by Aurelian","image_urls":["https://finds.org.uk/images/jbryan/KENT129ED3.jpg"]},{"from":270,"to":270,"title":"WILT-FFAF76: A coin issued by Claudius II","image_urls":["https://finds.org.uk/images/jblake/Martin0211divoclavdio.jpg"]},{"from":270,"to":275,"title":"SUR-BC49F2: A coin issued by Aurelian","image_urls":["https://finds.org.uk/images/dwilliams/06.1144.JPG"]},{"from":270,"to":271,"title":"BH-B4E9D3: A coin issued by Divus Claudius (Official)","image_urls":["https://finds.org.uk/images/jwatters/Roman_coin_13_8_54%20copy.jpg"]},{"from":270,"to":270,"title":"ESS-C52825: A coin issued by Quintillus","image_urls":["https://finds.org.uk/images/kmarsden/ESS-C52825.JPG"]},{"from":270,"to":271,"title":"YORYM-5747E4: A coin issued by Divus Claudius (Official)","image_urls":["https://finds.org.uk/images/bmorris/AWY0099.jpg"]},{"from":270,"to":275,"title":"WILT-492A03: A coin issued by Aurelian","image_urls":["https://finds.org.uk/images/khinds/Barnes0710aurelian.jpg"]},{"from":270,"to":271,"title":"DUR-FA7C01: A coin issued by Divus Claudius (Official)","image_urls":["https://finds.org.uk/images/emorris/DUR-FA7C01.jpg"]},{"from":270,"to":270,"title":"HAMP2241: A coin issued by Quintillus","image_urls":["https://finds.org.uk/images/sworrell/hamp%202241.JPG"]},{"from":270,"to":271,"title":"BH-6A12FA: A coin issued by Divus Claudius (Official)","image_urls":["https://finds.org.uk/images/jwatters/Roman_coin_15_93_25a.jpg"]},{"from":270,"to":270,"title":"FAPJW-3623B5: A coin issued by Quintillus","image_urls":["https://finds.org.uk/images/pwalton/588.jpg"]},{"from":270,"to":275,"title":"SOM-7A4EA5: A coin issued by Aurelian","image_urls":["https://finds.org.uk/images/npayne/7A4EA5.JPG"]},{"from":270,"to":270,"title":"PUBLIC-4F4F71: A coin issued by Quintillus","image_urls":["https://finds.org.uk/images/alav/aeg%20%2811%29.jpg"]},{"from":270,"to":271,"title":"YORYM-203350: A coin issued by Divus Claudius (Official)","image_urls":["https://finds.org.uk/images/bmorris/WS0574.jpg"]},{"from":270,"to":271,"title":"BH-FF01B3: A coin issued by Divus Claudius (Official)","image_urls":["https://finds.org.uk/images/jwatters/Roman_coin_13_58_56.jpg"]},{"from":270,"to":271,"title":"PUBLIC-6AD896: A coin issued by Divus Claudius (Official)","image_urls":["https://finds.org.uk/images/calow1/FLE151022.JPG"]},{"from":270,"to":270,"title":"PUBLIC-0A6EF5: A coin issued by Quintillus","image_urls":["https://finds.org.uk/images/coinhunteruk/roman%20radiate%20quintilus%20concordia%20002.JPG"]},{"from":270,"to":270,"title":"SWYOR-2C24A7: A coin issued by Claudius II","image_urls":["https://finds.org.uk/images/sward/PAS%20094%20Lows%20field%20saxton.jpg"]},{"from":270,"to":270,"title":"SWYOR-D9FBB6: A coin issued by Quintillus","image_urls":["https://finds.org.uk/images/acooper/PAS_2283_radiate.jpg"]},{"from":270,"to":271,"title":"NCL-32CB51: A coin issued by Claudius II","image_urls":["https://finds.org.uk/images/rcollins/IMG_7920.jpg"]},{"from":270,"to":270,"title":"DENO-1D1FC2: A coin issued by Claudius II","image_urls":["https://finds.org.uk/images/arohde/coin%205%20radiate%20altar.jpg"]},{"from":270,"to":270,"title":"LIN-3B4716: A coin issued by Quintillus","image_urls":["https://finds.org.uk/images/adaubney/LIN9610.jpg"]},{"from":270,"to":271,"title":"BH-FEEB52: A coin issued by Divus Claudius (Official)","image_urls":["https://finds.org.uk/images/jwatters/Roman_coin_13_58_44.jpg"]},{"from":270,"to":273,"title":"NCL-6A1D71: A coin issued by Tetricus I","image_urls":["https://finds.org.uk/images/pwalton/NCL6A1D71.jpg"]},{"from":270,"to":275,"title":"LIN-5A0E58: A coin issued by Aurelian","image_urls":["https://finds.org.uk/images/adaubney/LIN8698.JPG"]},{"from":270,"to":270,"title":"NLM-4121D7: A coin issued by Quintillus","image_urls":["https://finds.org.uk/images/mforeman/NLM24265.jpg"]},{"from":270,"to":275,"title":"SUR-FE0717: A coin issued by Aurelian","image_urls":["https://finds.org.uk/images/dwilliams/B10.57.JPG"]},{"from":270,"to":273,"title":"NCL-6F3175: A coin issued by Commodus","image_urls":["https://finds.org.uk/images/pwalton/NCL6F3175.jpg"]},{"from":270,"to":275,"title":"WMID-BA7194: A coin issued by Aurelian","image_urls":["https://finds.org.uk/images/dslarke/WAG%20RAD%200908%20copy.jpg"]},{"from":270,"to":270,"title":"LEIC-3C35F5: A coin issued by Claudius II","image_urls":["https://finds.org.uk/images/wscott/3C35F5.JPG"]},{"from":270,"to":271,"title":"HAMP-8BDAD8: A coin issued by Divus Claudius (Official)","image_urls":["https://finds.org.uk/images/khindshamp/HAMP8BDAD8.jpg"]},{"from":270,"to":270,"title":"PUBLIC-E15058: A coin issued by Claudius II","image_urls":["https://finds.org.uk/images/32midhurst/Barbarous%20radiate%20%28640x393%29.jpg"]},{"from":270,"to":270,"title":"CORN-91C6D5: A coin issued by Claudius II","image_urls":["https://finds.org.uk/images/atyacke/ClaudiusIIAE3obv.jpg"]},{"from":270,"to":270,"title":"NMGW-02EB63: A coin issued by Divus Claudius (Official)","image_urls":["https://finds.org.uk/images/wenkedomscheit/2013.151.18jpg.jpg"]},{"from":270,"to":270,"title":"HAMP-992D48: A coin issued by Quintillus","image_urls":["https://finds.org.uk/images/rwebley/HAMP-992D48radiateofQuintillus.jpg"]},{"from":270,"to":271,"title":"YORYM-54FAA3: A coin issued by Divus Claudius (Official)","image_urls":["https://finds.org.uk/images/bmorris/JCY0023.jpg"]},{"from":270,"to":275,"title":"LANCUM-7246E6: A coin issued by Aurelian","image_urls":["https://finds.org.uk/images/dboughton/SRMDMR7246E6.jpg"]},{"from":270,"to":270,"title":"NLM-34C544: A coin issued by Aurelian","image_urls":["https://finds.org.uk/images/lstaves/NLM12532.jpg"]},{"from":270,"to":270,"title":"LIN-CC16D8: A coin issued by Claudius II","image_urls":["https://finds.org.uk/images/adaubney/LIN2012-293.jpg"]},{"from":270,"to":270,"title":"YORYM-C64B0C: A coin issued by Quintillus","image_urls":["https://finds.org.uk/images/bmorris/FORA0091.jpg"]},{"from":270,"to":270,"title":"SWYOR-026943: A coin issued by Claudius II","image_urls":["https://finds.org.uk/images/sward/PAS%20094%208b.jpg"]},{"from":270,"to":271,"title":"YORYM-1944E3: A coin issued by Claudius II","image_urls":["https://finds.org.uk/images/bmorris/SM0093.jpg"]},{"from":270,"to":270,"title":"HAMP-F7A481: A coin issued by Quintillus","image_urls":["https://finds.org.uk/images/rwebley/HAMP-F7A481Quintillusradiate.jpg"]},{"from":270,"to":275,"title":"WMID-BAF2A2: A coin issued by Aurelian","image_urls":["https://finds.org.uk/images/dslarke/WMID-BAF2A2.jpg"]},{"from":270,"to":270,"title":"HAMP-E932B8: A coin issued by Quintillus","image_urls":["https://finds.org.uk/images/khindshamp/HAMPE932B8.jpg"]},{"from":270,"to":275,"title":"SOMDOR-77A221: A coin issued by Aurelian","image_urls":["https://finds.org.uk/images/npayne/77A221.jpg"]},{"from":270,"to":271,"title":"NCL-429F25: A coin issued by Claudius II","image_urls":["https://finds.org.uk/images/emorris/IMG_6004.jpg"]},{"from":270,"to":270,"title":"BM-681604: A coin issued by Quintillus","image_urls":["https://finds.org.uk/images/vdrost/BM_681604_R.JPG"]},{"from":270,"to":270,"title":"PUBLIC-DB638E: A coin issued by Claudius II","image_urls":["https://finds.org.uk/images/wscott/PUBLICDB638Ea.jpg"]},{"from":270,"to":275,"title":"WILT-2BF385: A coin issued by Aurelian","image_urls":["https://finds.org.uk/images/khinds/Belk1111aurelian.jpg"]},{"from":270,"to":271,"title":"YORYM-AA02C7: A coin issued by Divus Claudius (Official)","image_urls":["https://finds.org.uk/images/bmorris/HM0002.jpg"]},{"from":270,"to":271,"title":"NCL-D72E82: A coin issued by Claudius II","image_urls":["https://finds.org.uk/images/emorris/IMG_31.jpg"]},{"from":270,"to":270,"title":"YORYM-C4CDB1: A coin issued by Claudius II","image_urls":["https://finds.org.uk/images/yorkvol/BR0983.jpg"]},{"from":270,"to":270,"title":"SF-3A9E91: A coin issued by Quintillus","image_urls":["https://finds.org.uk/images/arw66/WSW_SF-3A9E91.jpg"]},{"from":270,"to":275,"title":"HAMP-D57F14: A coin issued by Aurelian","image_urls":["https://finds.org.uk/images/rwebley/HAMP-D57F14Aurelianradiate.jpg"]},{"from":270,"to":270,"title":"KENT-990300: A coin issued by Quintillus","image_urls":["https://finds.org.uk/images/arichardson/PAK127-007.JPG"]},{"from":270,"to":271,"title":"SOM-280435: A coin issued by Divus Claudius (Official)","image_urls":["https://finds.org.uk/images/elburnett/SOM-280435.JPG"]},{"from":270,"to":275,"title":"SUR-1CEDF5: A coin issued by Aurelian","image_urls":["https://finds.org.uk/images/dwilliams/11-1273.jpg"]},{"from":270,"to":271,"title":"LIN-4C31F4: A coin issued by Aurelian","image_urls":["https://finds.org.uk/images/adaubney/LIN538.JPG"]},{"from":270,"to":275,"title":"YORYM-E7CFF1: A coin issued by Aurelian","image_urls":["https://finds.org.uk/images/yorkvol/LPB0003.jpg"]},{"from":270,"to":270,"title":"HAMP-9E6E83: A coin issued by Quintillus","image_urls":["https://finds.org.uk/images/khindshamp/HAMP-9E6E83.jpg"]},{"from":270,"to":270,"title":"HAMP-91DBD4: A coin issued by Claudius II","image_urls":["https://finds.org.uk/images/ellysg1/ClaudiusIIC1.jpg"]},{"from":270,"to":270,"title":"SUR-2F2277: A coin issued by Quintillus","image_urls":["https://finds.org.uk/images/dwilliams/151044.JPG"]},{"from":270,"to":270,"title":"SOM-5B36D5: A coin issued by Quintillus","image_urls":["https://finds.org.uk/images/rhenry3/SOM-5B36D5.jpg"]},{"from":270,"to":275,"title":"HAMP1061: A coin issued by Aurelian","image_urls":["https://finds.org.uk/images/sworrell/Hamp%201061a.jpg"]},{"from":270,"to":270,"title":"LIN-94AC1C: A coin issued by Quintillus","image_urls":["https://finds.org.uk/images/awillis/LIN-94AC1C.jpg"]},{"from":270,"to":270,"title":"SUR-B77ED7: A coin issued by Claudius II","image_urls":["https://finds.org.uk/images/bvenn/08.551.JPG"]},{"from":270,"to":270,"title":"LIN-720338: A coin issued by Quintillus","image_urls":["https://finds.org.uk/images/adaubney/LIN2818.JPG"]},{"from":270,"to":270,"title":"ESS-0371F5: A coin issued by Claudius II","image_urls":["https://finds.org.uk/images/cmcdonald/Scan%2034.jpg"]},{"from":270,"to":273,"title":"NCL-6A88B3: A coin issued by Tetricus I","image_urls":["https://finds.org.uk/images/pwalton/NCL6A88B3.jpg"]},{"from":270,"to":275,"title":"YORYM-354047: A coin issued by Aurelian","image_urls":["https://finds.org.uk/images/law/BL0059.jpg"]},{"from":270,"to":270,"title":"YORYM-1EFA35: A coin issued by Quintillus","image_urls":["https://finds.org.uk/images/law/BL0947.jpg"]},{"from":270,"to":270,"title":"NMGW-57C602: A coin issued by Quintillus","image_urls":["https://finds.org.uk/images/sianw/20071281.jpg"]},{"from":270,"to":270,"title":"HAMP3241: A coin issued by Quintillus","image_urls":["https://finds.org.uk/images/sworrell/hamp%203241.JPG"]},{"from":270,"to":275,"title":"DOR-67E3A7: A coin issued by Claudius II","image_urls":["https://finds.org.uk/images/caht/67E3A7.jpg"]},{"from":270,"to":270,"title":"WILT-283872: A coin issued by Claudius II","image_urls":["https://finds.org.uk/images/jblake/Barrett0710claud2.jpg"]},{"from":270,"to":275,"title":"BH-9C8A25: A coin issued by Aurelian","image_urls":["https://finds.org.uk/images/jwatters/Roman_coin_12_115_4.jpg"]},{"from":270,"to":275,"title":"IOW-F320D1: A coin issued by Aurelian","image_urls":["https://finds.org.uk/images/fbasford/IOW2008-1-43.JPG"]},{"from":270,"to":270,"title":"SUR-390DD7: A coin issued by Quintillus","image_urls":["https://finds.org.uk/images/margaretb/09.1369.JPG"]},{"from":270,"to":270,"title":"SWYOR-603E66: A coin issued by Quintillus","image_urls":["https://finds.org.uk/images/acooper/PAS_877_Whixley_9.jpg"]},{"from":270,"to":271,"title":"BH-4DD293: A coin issued by Divus Claudius (Official)","image_urls":["https://finds.org.uk/images/jwatters/Roman_coin_12_16_12.jpg"]},{"from":270,"to":270,"title":"ESS-051918: A coin issued by Claudius II","image_urls":["https://finds.org.uk/images/cmcdonald/Scan%2053.jpg"]},{"from":270,"to":271,"title":"YORYM-FEA6A3: A coin issued by Claudius II","image_urls":["https://finds.org.uk/images/bmorris/SR0065.jpg"]},{"from":270,"to":270,"title":"PUBLIC-679F61: A coin issued by Quintillus","image_urls":["https://finds.org.uk/images/kiwidigger/Unknown%20emperor%20reverse.JPG"]},{"from":270,"to":270,"title":"YORYM-4DA845: A coin issued by Claudius II","image_urls":["https://finds.org.uk/images/law/BR0086i.jpg"]},{"from":270,"to":270,"title":"PUBLIC-5CE9B3: A coin issued by Quintillus","image_urls":["https://finds.org.uk/images/strebor/PUBLIC-5CE9B3%20-%20AE%20Quintillus%20-%20rev%20SECURIT%20AD270.jpg"]},{"from":270,"to":271,"title":"BH-EA63C5: A coin issued by Divus Claudius (Official)","image_urls":["https://finds.org.uk/images/jwatters/Roman_coin_12_159_6b.jpg"]},{"from":270,"to":270,"title":"SF-766C23: A coin issued by Quintillus","image_urls":["https://finds.org.uk/images/abrown/IKL%20SF-766C23.jpg"]},{"from":270,"to":271,"title":"BM-CD45B1: A coin issued by Divus Claudius (Official)","image_urls":["https://finds.org.uk/images/vdrost/BM-CD45B1-R.JPG"]},{"from":270,"to":271,"title":"BH-31BE37: A coin issued by Divus Claudius (Official)","image_urls":["https://finds.org.uk/images/jwatters/Roman_coin_11_189_69.jpg"]},{"from":270,"to":275,"title":"WILT-B49BF0: A coin issued by Aurelian","image_urls":["https://finds.org.uk/images/khinds/Belk0210MM1-4.jpg"]},{"from":270,"to":270,"title":"LEIC-645891: A coin issued by Quintillus","image_urls":["https://finds.org.uk/images/leicvol/645891.jpg"]},{"from":270,"to":275,"title":"SF-AF4744: A coin issued by Aurelian","image_urls":["https://finds.org.uk/images/abrown/WMH_SF-AF4744.jpg"]},{"from":270,"to":270,"title":"GLO-D36924: A coin issued by Quintillus","image_urls":["https://finds.org.uk/images/kadams/383%20roman%20coin%20obverse.jpg"]},{"from":270,"to":275,"title":"FAPJW-E0B522: A coin issued by Aurelian","image_urls":["https://finds.org.uk/images/pwalton/5095.jpg"]},{"from":270,"to":270,"title":"BERK-94BED7: A coin issued by Quintillus","image_urls":["https://finds.org.uk/images/abyard/2011382.jpg"]},{"from":270,"to":270,"title":"NMGW-E3A293: A coin issued by Claudius II","image_urls":["https://finds.org.uk/images/wenkedomscheit/2013.72.4jpg.jpg"]},{"from":270,"to":270,"title":"HAMP-186A07: A coin issued by Claudius II","image_urls":["https://finds.org.uk/images/kcreed/HAMP-186A07%20Deified%20Claudius%20II%20radiate.jpg"]},{"from":270,"to":271,"title":"YORYM-11D441: A coin issued by Divus Claudius (Official)","image_urls":["https://finds.org.uk/images/bmorris/AWY0117.jpg"]},{"from":270,"to":273,"title":"WAW-B993E3: A coin issued by Tetricus II","image_urls":["https://finds.org.uk/images/abolton/WAW-B993E3.jpg"]},{"from":270,"to":275,"title":"CAM-800FC7: A coin issued by Aurelian","image_urls":["https://finds.org.uk/images/pjw/CAM_800FC7.jpg"]},{"from":270,"to":275,"title":"HAMP-FE5583: A coin issued by Aurelian","image_urls":["https://finds.org.uk/images/arwenjames/HAMP-FE5583.jpg"]},{"from":270,"to":275,"title":"SOM-8E9381: A coin issued by Aurelian","image_urls":["https://finds.org.uk/images/dchorney/SOM-8E9381.JPG"]},{"from":270,"to":270,"title":"SUSS-2DC075: A coin issued by Claudius II","image_urls":["https://finds.org.uk/images/djones/SUSS-2DC075.jpg"]},{"from":270,"to":275,"title":"YORYM-E5AC16: A coin issued by Aurelian","image_urls":["https://finds.org.uk/images/yorkvol/GBB0008.jpg"]},{"from":270,"to":270,"title":"CAM-B778D8: A coin issued by Allectus","image_urls":["https://finds.org.uk/images/pjw/CAM_B778D8.jpg"]},{"from":270,"to":272,"title":"DUR-AE6E57: A coin issued by Divus Claudius (Official)","image_urls":["https://finds.org.uk/images/emorris/DUR-AE6E57.jpg"]},{"from":270,"to":275,"title":"LANCUM-7290E6: A coin issued by Aurelian","image_urls":["https://finds.org.uk/images/dboughton/SRMDMR7290E6.jpg"]},{"from":270,"to":270,"title":"BH-533901: A coin issued by Quintillus","image_urls":["https://finds.org.uk/images/jwatters/Roman_coin_11_62_52.jpg"]},{"from":270,"to":270,"title":"SOM-564034: A coin issued by Quintillus","image_urls":["https://finds.org.uk/images/edwardaswell/SOM-564034.jpg"]},{"from":270,"to":270,"title":"SUSS-A7EFA8: A coin issued by Claudius II","image_urls":["https://finds.org.uk/images/djones/SUSS-A7EFA8%28118%29.jpg"]},{"from":270,"to":275,"title":"WILT-FCE645: A coin issued by Aurelian","image_urls":["https://finds.org.uk/images/khinds/Stone0607coin.jpg"]},{"from":270,"to":271,"title":"BH-8B2B34: A coin issued by Divus Claudius (Official)","image_urls":["https://finds.org.uk/images/jwatters/Roman_coin_12_115_1.jpg"]},{"from":270,"to":270,"title":"BH-B3A7A7: A coin issued by Quintillus","image_urls":["https://finds.org.uk/images/jwatters/Picture%20001.jpg"]},{"from":270,"to":271,"title":"DUR-CC0528: A coin issued by Divus Claudius (Official)","image_urls":["https://finds.org.uk/images/a8622912/DUR-CC0528.jpg"]},{"from":270,"to":271,"title":"YORYM-7BD804: A coin issued by Divus Claudius (Official)","image_urls":["https://finds.org.uk/images/bmorris/JBY0198.jpg"]},{"from":270,"to":271,"title":"BH-6AC9C2: A coin issued by Divus Claudius (Official)","image_urls":["https://finds.org.uk/images/jwatters/Roman_coin_15_93_49.jpg"]},{"from":270,"to":271,"title":"BH-BCC491: A coin issued by Divus Claudius (Official)","image_urls":["https://finds.org.uk/images/jwatters/Roman_coin_12_64_2.jpg"]},{"from":270,"to":275,"title":"YORYM-F0030C: A coin issued by Aurelian","image_urls":["https://finds.org.uk/images/bmorris/AWY0192.jpg"]},{"from":270,"to":275,"title":"WILT-466B34: A coin issued by Aurelian","image_urls":["https://finds.org.uk/images/rhenry2/WILT-466B34a.jpg"]},{"from":270,"to":270,"title":"NCL-9A3EC2: A coin issued by Claudius II","image_urls":["https://finds.org.uk/images/pwalton/NCL9A3EC2.jpg"]},{"from":270,"to":270,"title":"YORYM-30C454: A coin issued by Quintillus","image_urls":["https://finds.org.uk/images/bmorris/BR1080.jpg"]},{"from":270,"to":270,"title":"KENT-119AA4: A coin issued by Claudius II","image_urls":["https://finds.org.uk/images/jbryan/kent119aa4.jpg"]},{"from":270,"to":270,"title":"FAPJW-C1EFC6: A coin issued by Quintillus","image_urls":["https://finds.org.uk/images/wscott/bos5838FAPJWC1EFC6.jpg"]},{"from":270,"to":270,"title":"SOMDOR-FD0268: A coin issued by Claudius II","image_urls":["https://finds.org.uk/images/caht/FD0268obv.jpg"]},{"from":270,"to":275,"title":"YORYM-D0C2E3: A coin issued by Aurelian","image_urls":["https://finds.org.uk/images/law/GBB0001.jpg"]},{"from":270,"to":270,"title":"NMGW-D9B141: A coin issued by Claudius II","image_urls":["https://finds.org.uk/images/sianw/20071761.jpg"]},{"from":270,"to":270,"title":"DOR-4FA3E6: A coin issued by Quintillus","image_urls":["https://finds.org.uk/images/caht/4FA3E6.jpg"]},{"from":270,"to":271,"title":"BH-1990B8: A coin issued by Divus Claudius (Official)","image_urls":["https://finds.org.uk/images/jwatters/Roman_coin_15_36_2.jpg"]},{"from":270,"to":271,"title":"ESS-4D3C41: A coin issued by Divus Claudius (Official)","image_urls":["https://finds.org.uk/images/srdeacon2/052-C0111ESS-4D3C41.jpg"]},{"from":270,"to":270,"title":"CAM-190455: A coin issued by Quintillus","image_urls":["https://finds.org.uk/images/hfowler/CAM190455.jpg"]},{"from":270,"to":270,"title":"BH-D5BB27: A coin issued by Quintillus","image_urls":["https://finds.org.uk/images/jwatters/Roman%20coin%2007%201%20-%203.jpg"]},{"from":270,"to":271,"title":"YORYM-71C836: A coin issued by Divus Claudius (Official)","image_urls":["https://finds.org.uk/images/bmorris/JCY0060.jpg"]},{"from":270,"to":270,"title":"WILT-07C051: A coin issued by Claudius II","image_urls":["https://finds.org.uk/images/kcreed/WILT-07C051%20Deified%20Claudius%20Radiate.jpg"]},{"from":270,"to":275,"title":"PUBLIC-B2A655: A coin issued by Aurelian","image_urls":["https://finds.org.uk/images/Linz/PUBLIC-B2A655%20COIN.jpg"]},{"from":270,"to":270,"title":"SUR-BD1BE7: A coin issued by Quintillus","image_urls":["https://finds.org.uk/images/margaretb/SUR-BD1BE7Quintillus.jpg"]},{"from":270,"to":275,"title":"SF-9AE420: A coin issued by Aurelian","image_urls":["https://finds.org.uk/images/abrown/NYW_SF-9AE420.jpg"]},{"from":270,"to":271,"title":"BH-93DFC6: A coin issued by Divus Claudius (Official)","image_urls":["https://finds.org.uk/images/jwatters/Roman_coin_11_128_80.jpg"]},{"from":270,"to":270,"title":"WAW-F82905: A coin issued by Quintillus","image_urls":["https://finds.org.uk/images/rshenry/WAW-F82905.jpg"]},{"from":270,"to":271,"title":"YORYM-F20ED7: A coin issued by Divus Claudius (Official)","image_urls":["https://finds.org.uk/images/bmorris/JA0006.jpg"]},{"from":270,"to":270,"title":"LVPL-1E3861: A coin issued by Quintillus","image_urls":["https://finds.org.uk/images/voakden/LVPL-1E3861.JPG"]},{"from":270,"to":273,"title":"NCL-6A4A81: A coin issued by Tetricus I","image_urls":["https://finds.org.uk/images/pwalton/NCL6A4A81.jpg"]},{"from":270,"to":270,"title":"HAMP-921360: A coin issued by Claudius II","image_urls":["https://finds.org.uk/images/ellysg1/RomancoinC2.jpg"]},{"from":270,"to":270,"title":"DOR-FD24F0: A coin issued by Quintillus","image_urls":["https://finds.org.uk/images/caht/FD24F0.jpg"]},{"from":270,"to":275,"title":"WMID-D99088: A coin issued by Aurelian","image_urls":["https://finds.org.uk/images/tbrindle/WMID-D99088.jpg"]},{"from":270,"to":270,"title":"BERK-5A6B35: A coin issued by Claudius II","image_urls":["https://finds.org.uk/images/abyard/2010531.jpg"]},{"from":270,"to":275,"title":"SUR-1A0BEA: A coin issued by Aurelian","image_urls":["https://finds.org.uk/images/dwilliams/15590.JPG"]},{"from":270,"to":270,"title":"PUBLIC-386563: A coin issued by Claudius II","image_urls":["https://finds.org.uk/images/alav/avk%20%2855%29.jpg"]},{"from":270,"to":270,"title":"LIN-A14E72: A coin issued by Quintillus","image_urls":["https://finds.org.uk/images/adaubney/LIN2011-1327.jpg"]},{"from":270,"to":271,"title":"BH-2DB576: A coin issued by Divus Claudius (Official)","image_urls":["https://finds.org.uk/images/jwatters/Roman_coin_13_111_7.jpg"]},{"from":270,"to":270,"title":"IOW-2FC7B2: A coin issued by Quintillus","image_urls":["https://finds.org.uk/images/fbasford/IOW2012-2-36.JPG"]},{"from":270,"to":270,"title":"LVPL-2F1D64: A coin issued by Claudius II","image_urls":["https://finds.org.uk/images/voakden/LVPL-2F1D64.JPG"]},{"from":270,"to":270,"title":"DOR-2CBA14: A coin issued by Quintillus","image_urls":["https://finds.org.uk/images/caht/2CBA14.JPG"]},{"from":270,"to":275,"title":"DOR-645D23: A coin issued by Claudius II","image_urls":["https://finds.org.uk/images/caht/645D23.jpg"]},{"from":270,"to":275,"title":"WMID-246527: A coin issued by Aurelian","image_urls":["https://finds.org.uk/images/dslarke/TandL%20aurelian%20woodward%20%200509%20copy.jpg"]},{"from":270,"to":272,"title":"DUR-65C6F6: A coin issued by Divus Claudius (Official)","image_urls":["https://finds.org.uk/images/emorris/Bernie%20Jackson%20radiate%20B.jpg"]},{"from":270,"to":271,"title":"SOM-24E624: A coin issued by Divus Claudius (Official)","image_urls":["https://finds.org.uk/images/elburnett/SOM-24E624.JPG"]},{"from":270,"to":275,"title":"WILT-EB5D29: A coin issued by Aurelian","image_urls":["https://finds.org.uk/images/rhenry2/WILT-EB5D29.jpg"]},{"from":270,"to":275,"title":"SUSS-761F25: A coin issued by Aurelian","image_urls":["https://finds.org.uk/images/stephaniesmith/SUSS-761F25RadiateAurelian.jpg"]},{"from":270,"to":275,"title":"BM-F42AE4: A coin issued by Aurelian","image_urls":["https://finds.org.uk/images/jasonlundock/5273.jpg"]},{"from":270,"to":271,"title":"HAMP-A99F96: A coin issued by Divus Claudius (Official)","image_urls":["https://finds.org.uk/images/jojocole/HAMPA99F96.jpg"]},{"from":270,"to":270,"title":"NLM-06E39C: A coin issued by Claudius II","image_urls":["https://finds.org.uk/images/mforeman/NLM27143.jpg"]},{"from":270,"to":270,"title":"LVPL-DFC403: A coin issued by Quintillus","image_urls":["https://finds.org.uk/images/fmcintosh/pay%2050.jpg"]},{"from":270,"to":270,"title":"BH-6B5C37: A coin issued by Quintillus","image_urls":["https://finds.org.uk/images/jwatters/Roman_coin_11_128_18.jpg"]},{"from":270,"to":275,"title":"SF-0F0C16: A coin issued by Aurelian","image_urls":["https://finds.org.uk/images/abrown/BRK_SF-0F0C16.jpg"]},{"from":270,"to":271,"title":"SUSS-8CDDF0: A coin issued by Divus Claudius (Official)","image_urls":["https://finds.org.uk/images/stephaniesmith/SUSS-8CDDF0.jpg"]},{"from":270,"to":275,"title":"SF-DD0872: A coin issued by Aurelian","image_urls":["https://finds.org.uk/images/abrown/IKL%20SF-DD0872.jpg"]},{"from":270,"to":270,"title":"NMGW-E37FC8: A coin issued by Claudius II","image_urls":["https://finds.org.uk/images/wenkedomscheit/2013.72.3jpg.jpg"]},{"from":270,"to":271,"title":"NCL-9AE598: A coin issued by Divus Claudius (Official)","image_urls":["https://finds.org.uk/images/emorris/IMG_15.jpg"]},{"from":270,"to":271,"title":"LVPL-605630: A coin issued by Aurelian","image_urls":["https://finds.org.uk/images/voakden/LVPL-605630.jpg"]},{"from":270,"to":271,"title":"YORYM-C526F8: A coin issued by Claudius II","image_urls":["https://finds.org.uk/images/bmorris/TJ0046.jpg"]},{"from":270,"to":271,"title":"YORYM-191C84: A coin issued by Claudius II","image_urls":["https://finds.org.uk/images/bmorris/SM0092.jpg"]},{"from":270,"to":270,"title":"PUBLIC-37EEA2: A coin issued by Claudius II","image_urls":["https://finds.org.uk/images/alav/avk%20%2851%29.jpg"]},{"from":270,"to":270,"title":"SUR-59B5E1: A coin issued by Quintillus","image_urls":["https://finds.org.uk/images/dwilliams/06.598a.JPG"]},{"from":270,"to":275,"title":"SOM-B8C0E0: A coin issued by Aurelian","image_urls":["https://finds.org.uk/images/annab/SOM-B8C0E0.jpg"]},{"from":270,"to":271,"title":"HAMP-67EE27: A coin issued by Divus Claudius (Official)","image_urls":["https://finds.org.uk/images/khindshamp/HAMP67EE27.jpg"]},{"from":270,"to":273,"title":"NCL-6F75F7: A coin issued by Claudius II","image_urls":["https://finds.org.uk/images/pwalton/NCL6F75F7.jpg"]},{"from":270,"to":270,"title":"ESS-940EC0: A coin issued by Claudius II","image_urls":["https://finds.org.uk/images/lmclean/ESS-940EC0%20roman%20coin.jpg"]},{"from":270,"to":271,"title":"BH-C00BA3: A coin issued by Divus Claudius (Official)","image_urls":["https://finds.org.uk/images/jwatters/Roman_coin_11_201_27.jpg"]},{"from":270,"to":270,"title":"ESS-058E37: A coin issued by Quintillus","image_urls":["https://finds.org.uk/images/srdeacon2/034-C0147ESS-058E37.jpg"]},{"from":270,"to":271,"title":"SOM-EE6B01: A coin issued by Divus Claudius (Official)","image_urls":["https://finds.org.uk/images/kmarsden/SOM-EE6B01.jpg"]},{"from":270,"to":271,"title":"NLM-831423: A coin issued by Victorinus","image_urls":["https://finds.org.uk/images/mforeman/NLM26098.jpg"]},{"from":270,"to":275,"title":"SUR-292947: A coin issued by Aurelian","image_urls":["https://finds.org.uk/images/dwilliams/B11-400.jpg"]},{"from":270,"to":271,"title":"LON-FD2BB6: A coin issued by Claudius II","image_urls":["https://finds.org.uk/images/ksumnall/RomanRadiate-%20LON-FD2BB6-May12.jpg"]},{"from":270,"to":275,"title":"SF-9F1724: A coin issued by Aurelian","image_urls":["https://finds.org.uk/images/jplouviez/ADT003SF-9F1724.JPG"]},{"from":270,"to":270,"title":"ESS-D950B2: A coin issued by Divus Claudius (Official)","image_urls":["https://finds.org.uk/images/srdeacon2/034-C0053ESS-D950B2.jpg"]},{"from":270,"to":270,"title":"YORYM-8D61C3: A coin issued by Quintillus","image_urls":["https://finds.org.uk/images/bmorris/KR0005.jpg"]},{"from":270,"to":270,"title":"NMGW-8E42ED: A coin issued by Claudius II","image_urls":["https://finds.org.uk/images/wenkedomscheit/2014741jpg.jpg"]},{"from":270,"to":270,"title":"BH-014345: A coin issued by Quintillus","image_urls":["https://finds.org.uk/images/jwatters/Roman_coin_11_79_3.jpg"]},{"from":270,"to":275,"title":"HAMP-4988E4: A coin issued by Aurelian","image_urls":["https://finds.org.uk/images/rwebley/HAMP-4988E4Aurelianradiate.jpg"]},{"from":270,"to":270,"title":"YORYM-19FBFB: A coin issued by Quintillus","image_urls":["https://finds.org.uk/images/bmorris/SBY0034.jpg"]},{"from":270,"to":275,"title":"SF-721ED1: A coin issued by Aurelian","image_urls":["https://finds.org.uk/images/abrown/Snetterton_SF721ED1.jpg"]},{"from":270,"to":270,"title":"YORYM-1BA7D3: A coin issued by Quintillus","image_urls":["https://finds.org.uk/images/law/SS0253.jpg"]},{"from":270,"to":275,"title":"HAMP-F03604: A coin issued by Aurelian","image_urls":["https://finds.org.uk/images/jmccrohan/Hamp%20F03604.tif"]},{"from":270,"to":270,"title":"DENO-ECFA23: A coin issued by Quintillus","image_urls":["https://finds.org.uk/images/ratherton/E4326%20coin%20o.jpg"]},{"from":270,"to":270,"title":"ESS-A485A1: A coin issued by Quintillus","image_urls":["https://finds.org.uk/images/lmclean/ESS-A485A1%20Roman%20coin%20radiate%20of%20Quintillus.jpg"]},{"from":270,"to":275,"title":"BUC-DFB3A3: A coin issued by Severina","image_urls":["https://finds.org.uk/images/jmoss/2dscn9357.jpg"]},{"from":270,"to":275,"title":"Silver Antoninianus, Ticinum, AD 270 - AD 275. 2015.12.48","image_urls":["http://numismatics.org/collectionimages/20002049/2015/2015.12.48.rev.width350.jpg"]},{"from":270,"to":271,"title":"Billon Tetradrachm, Alexandreia, AD 270 - AD 271. 1944.100.67791","image_urls":["http://numismatics.org/collectionimages/19001949/1944/1944.100.67791.rev.width350.jpg"]}]