[{"from":272,"to":272,"title":"WMID-984290: A coin issued by Aurelian","image_urls":["https://finds.org.uk/images/dslarke/maqurice%20numm%203%201008%20copy.jpg"]},{"from":272,"to":273,"title":"HAMP421: A coin issued by Aurelian","image_urls":["https://finds.org.uk/images/sworrell/hamp421a.jpg"]},{"from":272,"to":274,"title":"HAMP-4CBC07: A coin issued by Aurelian","image_urls":["https://finds.org.uk/images/khindshamp/HAMP-4CBC07.jpg"]},{"from":272,"to":273,"title":"Billon Tetradrachm, Alexandreia, AD 272 - AD 273. 2000.12.2","image_urls":["http://numismatics.org/collectionimages/20002049/2000/2000.12.2.rev.width350.jpg"]}]