[{"from":274,"to":274,"title":"LEIC-F4D9B7: A coin issued by Aurelian","image_urls":["https://finds.org.uk/images/wscott/F4D9B7.JPG"]},{"from":274,"to":275,"title":"CAM-6CCE74: A coin issued by Severina","image_urls":["https://finds.org.uk/images/egill/cam-6cce74.jpg"]},{"from":274,"to":274,"title":"LVPL-7B8AF5: A coin issued by Aurelian","image_urls":["https://finds.org.uk/images/voakden/LVPL-7B8AF5.jpg"]},{"from":274,"to":275,"title":"LEIC-12ECC3: A coin issued by Aurelian","image_urls":["https://finds.org.uk/images/wscott/12ECC3.JPG"]},{"from":274,"to":275,"title":"BH-4B0A84: A coin issued by Aurelian","image_urls":["https://finds.org.uk/images/jwatters/Roman%20coin%202172%20-%202.jpg"]},{"from":274,"to":275,"title":"LEIC-F4C223: A coin issued by Aurelian","image_urls":["https://finds.org.uk/images/wscott/F4C223.JPG"]},{"from":274,"to":275,"title":"SUSS-21F664: A coin issued by Severina","image_urls":["https://finds.org.uk/images/lburnett/SUSS-21F664.JPG"]}]