[{"from":275,"to":276,"title":"SUR-F80247: A coin issued by Tacitus","image_urls":["https://finds.org.uk/images/dwilliams/B12-175.JPG"]},{"from":275,"to":285,"title":"PUBLIC-F34454: A coin issued by Radiate (Barbarous)","image_urls":["https://finds.org.uk/images/Linz/PUBLIC-F34454%20COIN.jpg"]},{"from":275,"to":276,"title":"WILT-B86C07: A coin issued by Tacitus","image_urls":["https://finds.org.uk/images/rwood/WILT-B86C07.jpg"]},{"from":275,"to":276,"title":"CORN-2FC0D1: A coin issued by Tacitus","image_urls":["https://finds.org.uk/images/atyacke/Powellfinds%20082.jpg"]},{"from":275,"to":276,"title":"WAW-2FE268: A coin issued by Tacitus","image_urls":["https://finds.org.uk/images/abolton/WAW2FE268.jpg"]},{"from":275,"to":276,"title":"IOW-87C587: A coin issued by Tacitus","image_urls":["https://finds.org.uk/images/fbasford/IOW2005-19-1.JPG"]},{"from":275,"to":275,"title":"PUBLIC-4D6504: A coin issued by Aurelian","image_urls":["https://finds.org.uk/images/strebor/PUBLIC-4D6504%20Roman%20antoninianus%20Aurelian%20AD%20270-75.jpg"]},{"from":275,"to":276,"title":"NARC-240AB3: A coin issued by Tacitus","image_urls":["https://finds.org.uk/images/tbrindle/NARC-240AB3radiaterev.jpg"]},{"from":275,"to":276,"title":"NMGW-8AB3C7: A coin issued by Tacitus","image_urls":["https://finds.org.uk/images/sianw/20062009.jpg"]},{"from":275,"to":276,"title":"NMGW-08AA25: A coin issued by Tacitus","image_urls":["https://finds.org.uk/images/sianw/2006.28.22.TIF"]},{"from":275,"to":276,"title":"LEIC-0500B1: A coin issued by Tacitus","image_urls":["https://finds.org.uk/images/wscott/DSCN6435.JPG"]},{"from":275,"to":276,"title":"SOMDOR-D55725: A coin issued by Tacitus","image_urls":["https://finds.org.uk/images/npayne/D55725.jpg"]},{"from":275,"to":276,"title":"SWYOR-092851: A coin issued by Tacitus","image_urls":["https://finds.org.uk/images/acooper/PAS_2318_Roman_coin_2.jpg"]},{"from":275,"to":276,"title":"WILT-E91F50: A coin issued by Tacitus","image_urls":["https://finds.org.uk/images/rhenry2/WILT-E91F50.jpg"]},{"from":275,"to":276,"title":"ESS-F73ED6: A coin issued by Tacitus","image_urls":["https://finds.org.uk/images/lmclean/ESS-F73ED6.jpg"]},{"from":275,"to":276,"title":"WAW-5D4364: A coin issued by Tacitus","image_urls":["https://finds.org.uk/images/eloisemarkwick/WAW-5D4364.jpg"]},{"from":275,"to":276,"title":"BH-6D33D5: A coin issued by Tacitus","image_urls":["https://finds.org.uk/images/jwatters/Roman%20coin%2008%20123%20-%202.jpg"]},{"from":275,"to":276,"title":"LVPL-7263B2: A coin issued by Tacitus","image_urls":["https://finds.org.uk/images/voakden/jo13.JPG"]},{"from":275,"to":276,"title":"YORYM-E8BB27: A coin issued by Tacitus","image_urls":["https://finds.org.uk/images/sholmes/E8BB27obv.jpg"]},{"from":275,"to":276,"title":"CAM-68F1A1: A coin issued by Tacitus","image_urls":["https://finds.org.uk/images/hfowler/CAM68F1A1.jpg"]},{"from":275,"to":276,"title":"CORN-4BF754: A coin issued by Tacitus","image_urls":["https://finds.org.uk/images/atyacke/Decem09finds%20004.jpg"]},{"from":275,"to":295,"title":"NARC-A93FD5: A coin issued by Claudius II","image_urls":["https://finds.org.uk/images/jcassidy/NARC-A93FD5%20b.jpg"]},{"from":275,"to":276,"title":"FAPJW-390B55: A coin issued by Tacitus","image_urls":["https://finds.org.uk/images/pwalton/7074.jpg"]}]