[{"from":276,"to":282,"title":"KENT-0330B8: A coin issued by Probus","image_urls":["https://finds.org.uk/images/arichardson/PAK197-112%20copy.jpg"]},{"from":276,"to":282,"title":"DOR-A8CC98: A coin issued by Probus","image_urls":["https://finds.org.uk/images/jshoemark2/0030.jpg"]},{"from":276,"to":282,"title":"SUR-25D407: A coin issued by Probus","image_urls":["https://finds.org.uk/images/dwilliams/B12-411.JPG"]},{"from":276,"to":282,"title":"HAMP-3F52C1: A coin issued by Probus","image_urls":["https://finds.org.uk/images/jmccrohan/Hamp%203F52C1.tif"]},{"from":276,"to":282,"title":"IOW-5C92D6: A coin issued by Probus","image_urls":["https://finds.org.uk/images/fbasford/IOW2011-4-161.JPG"]},{"from":276,"to":282,"title":"PUBLIC-CF6D27: A coin issued by Probus","image_urls":["https://finds.org.uk/images/strebor/Probvs%20%20276-82%20Silver%20washed%20radiate.jpg"]},{"from":276,"to":282,"title":"CORN-2FC054: A coin issued by Probus","image_urls":["https://finds.org.uk/images/atyacke/RomanAEcoin069.JPG"]},{"from":276,"to":282,"title":"PUBLIC-82D121: A coin issued by Probus","image_urls":["https://finds.org.uk/images/Linz/PUBLIC-82D121%20COIN.jpg"]},{"from":276,"to":282,"title":"BH-B38C25: A coin issued by Probus","image_urls":["https://finds.org.uk/images/jwatters/Roman%20coin%2008%20121%20-%201.jpg"]},{"from":276,"to":282,"title":"PUBLIC-0ACA40: A coin issued by Probus","image_urls":["https://finds.org.uk/images/Linz/PUBLIC-0ACA40.jpg"]},{"from":276,"to":282,"title":"BM-614304: A coin issued by Probus","image_urls":["https://finds.org.uk/images/vdrost/DSC02111.JPG"]},{"from":276,"to":282,"title":"BERK-972284: A coin issued by Probus","image_urls":["https://finds.org.uk/images/abyard/2010732.JPG"]},{"from":276,"to":282,"title":"SF-98EEA2: A coin issued by Probus","image_urls":["https://finds.org.uk/images/abrown/WGN_SF-98EEA2.jpg"]},{"from":276,"to":282,"title":"PUBLIC-A60544: A coin issued by Probus","image_urls":["https://finds.org.uk/images/Linz/PUBLIC-A60544.jpg"]},{"from":276,"to":282,"title":"SUR-838B15: A coin issued by Probus","image_urls":["https://finds.org.uk/images/dwilliams/B15414.JPG"]},{"from":276,"to":282,"title":"BH-272937: A coin issued by Probus","image_urls":["https://finds.org.uk/images/jwatters/Roman%20coin%20B2381%20-%202.jpg"]},{"from":276,"to":282,"title":"BM-D17FD3: A coin issued by Probus","image_urls":["https://finds.org.uk/images/vdrost/BM_D17FD3_R.JPG"]},{"from":276,"to":282,"title":"NMGW-A4D601: A coin issued by Probus","image_urls":["https://finds.org.uk/images/mlodwick/2009.58.1.jpg"]},{"from":276,"to":282,"title":"SOM-5A8312: A coin issued by Probus","image_urls":["https://finds.org.uk/images/kmarsden/SOM-5A8312.jpg"]},{"from":276,"to":282,"title":"LVPL-571FD1: A coin issued by Probus","image_urls":["https://finds.org.uk/images/tgilmore/LVPL-571FD1.jpg"]},{"from":276,"to":282,"title":"WILT-F228F7: A coin issued by Probus","image_urls":["https://finds.org.uk/images/jshoemark/WILT-F228F7.jpg"]},{"from":276,"to":282,"title":"SUR-753030: A coin issued by Probus","image_urls":["https://finds.org.uk/images/dwilliams/15969.JPG"]},{"from":276,"to":282,"title":"WAW-E3DBA1: A coin issued by Probus","image_urls":["https://finds.org.uk/images/abolton/WAW-E3DBA1.jpg"]},{"from":276,"to":276,"title":"LEIC-F4EAA7: A coin issued by Probus","image_urls":["https://finds.org.uk/images/wscott/F4EAA7.JPG"]},{"from":276,"to":282,"title":"DENO-EC50B5: A coin issued by Probus","image_urls":["https://finds.org.uk/images/cburrill2/E7388_Radiate_Probus_Aug.jpg"]},{"from":276,"to":282,"title":"DOR-F23665: A coin issued by Probus","image_urls":["https://finds.org.uk/images/caht/F23665.jpg"]},{"from":276,"to":282,"title":"BH-E6FD83: A coin issued by Probus","image_urls":["https://finds.org.uk/images/jwatters/Roman_coin_13_46_14.jpg"]},{"from":276,"to":282,"title":"LIN-275023: A coin issued by Probus","image_urls":["https://finds.org.uk/images/adaubney/LIN3002.jpg"]},{"from":276,"to":282,"title":"BH-75FBE5: A coin issued by Probus","image_urls":["https://finds.org.uk/images/jwatters/Roman_coin_11_21_26.jpg"]},{"from":276,"to":282,"title":"BH-5CD732: A coin issued by Probus","image_urls":["https://finds.org.uk/images/jwatters/Roman%20coin%2010%2021%20-%2034.jpg"]},{"from":276,"to":282,"title":"BH-6F45C4: A coin issued by Probus","image_urls":["https://finds.org.uk/images/jwatters/Roman%20coin%2009%20191%20-%2010.jpg"]},{"from":276,"to":282,"title":"WILT-F74608: A coin issued by Probus","image_urls":["https://finds.org.uk/images/rhenry2/WILT-F74608.jpg"]},{"from":276,"to":282,"title":"WILT-B8B1B5: A coin issued by Probus","image_urls":["https://finds.org.uk/images/alysontanner/WILT-B8B1B5.jpg"]},{"from":276,"to":282,"title":"WILT-8BD9A6: A coin issued by Probus","image_urls":["https://finds.org.uk/images/rhenry2/WILT-8BD9A6.jpg"]},{"from":276,"to":282,"title":"KENT-973231: A coin issued by Probus","image_urls":["https://finds.org.uk/images/jjackson/5a027.jpg"]},{"from":276,"to":282,"title":"SWYOR-D28946: A coin issued by Probus","image_urls":["https://finds.org.uk/images/acooper/PAS_2236_roman.jpg"]},{"from":276,"to":282,"title":"HAMP-54EF02: A coin issued by Probus","image_urls":["https://finds.org.uk/images/rwebley/HAMP-54EF02Probusradiate.jpg"]},{"from":276,"to":282,"title":"HAMP-3DBC17: A coin issued by Probus","image_urls":["https://finds.org.uk/images/ellysg1/HAMP-3DBC17Probusradiate.jpg"]},{"from":276,"to":282,"title":"WILT-F6D171: A coin issued by Probus","image_urls":["https://finds.org.uk/images/corbie01/WILT-F6D171.jpg"]},{"from":276,"to":282,"title":"BH-3244C4: A coin issued by Probus","image_urls":["https://finds.org.uk/images/jwatters/Roman_coin_12_33_19.jpg"]},{"from":276,"to":282,"title":"BH-545915: A coin issued by Probus","image_urls":["https://finds.org.uk/images/jwatters/Roman%20coin%2009%20127.jpg"]},{"from":276,"to":282,"title":"PUBLIC-00B1A5: A coin issued by Probus","image_urls":["https://finds.org.uk/images/Linz/PUBLIC-00B1A5.jpg"]},{"from":276,"to":282,"title":"KENT-F57AB1: A coin issued by Probus","image_urls":["https://finds.org.uk/images/gburr/DSCN5907.JPG"]},{"from":276,"to":282,"title":"BM-B0E6C2: A coin issued by Probus","image_urls":["https://finds.org.uk/images/jasonlundock/BM-B0E6C2.jpg"]},{"from":276,"to":276,"title":"BERK-2D7077: A coin issued by Tacitus","image_urls":["https://finds.org.uk/images/abyard/ESargent2010225.jpg"]},{"from":276,"to":282,"title":"IOW-148045: A coin issued by Probus","image_urls":["https://finds.org.uk/images/fbasford/IOW2003-81-99o%26r.JPG"]},{"from":276,"to":282,"title":"BH-B32156: A coin issued by Probus","image_urls":["https://finds.org.uk/images/jwatters/Roman_coin_13_97_3.jpg"]},{"from":276,"to":282,"title":"HAMP-F112A2: A coin issued by Probus","image_urls":["https://finds.org.uk/images/rwebley/HAMP-F112A2Probusradiate.jpg"]},{"from":276,"to":283,"title":"BH-119E00: A coin issued by Probus","image_urls":["https://finds.org.uk/images/jwatters/Roman%20coin%2009%2052%20-%2026.jpg"]},{"from":276,"to":282,"title":"WILT-919183: A coin issued by Probus","image_urls":["https://finds.org.uk/images/rhenry2/WILT-919183.jpg"]},{"from":276,"to":282,"title":"BH-D7E3D3: A coin issued by Probus","image_urls":["https://finds.org.uk/images/jwatters/Roman_coin_12_132_7.jpg"]},{"from":276,"to":282,"title":"BERK-CC3A37: A coin issued by Probus","image_urls":["https://finds.org.uk/images/abyard/20131040b.jpg"]},{"from":276,"to":276,"title":"SF-104262: A coin issued by Florian","image_urls":["https://finds.org.uk/images/abrown/WTM_SF-104202.jpg"]},{"from":276,"to":282,"title":"PUBLIC-782014: A coin issued by Probus","image_urls":["https://finds.org.uk/images/calow1/FLE14.%20781.JPG"]},{"from":276,"to":282,"title":"ESS-A80A71: A coin issued by Probus","image_urls":["https://finds.org.uk/images/lmclean/1mann.jpg"]},{"from":276,"to":282,"title":"SOM-832622: A coin issued by Probus","image_urls":["https://finds.org.uk/images/npayne/832622.jpg"]},{"from":276,"to":282,"title":"NARC-2362D3: A coin issued by Probus","image_urls":["https://finds.org.uk/images/jcassidy/NARC-2362D3b.jpg"]},{"from":276,"to":282,"title":"HAMP-DCAEE1: A coin issued by Probus","image_urls":["https://finds.org.uk/images/jojocole/HAMPDCAEE1.jpg"]},{"from":276,"to":282,"title":"PUBLIC-532C23: A coin issued by Probus","image_urls":["https://finds.org.uk/images/kiwidigger/Probus%20radiate%20reverse.JPG"]},{"from":276,"to":282,"title":"BUC-FF2DC3: A coin issued by Probus","image_urls":["https://finds.org.uk/images/jmoss/IW03.jpg"]},{"from":276,"to":282,"title":"NARC-CBD603: A coin issued by Probus","image_urls":["https://finds.org.uk/images/rwebley/NARC-CBD603radiateProbusobv.jpg"]},{"from":276,"to":282,"title":"LIN-CB1F92: A coin issued by Probus","image_urls":["https://finds.org.uk/images/adaubney/GL113.jpg"]},{"from":276,"to":282,"title":"GLO-B05425: A coin issued by Probus","image_urls":["https://finds.org.uk/images/kadams/1479%20Roman%20radiate%20of%20Probus.JPG"]},{"from":276,"to":282,"title":"SUSS-29AB16: A coin issued by Probus","image_urls":["https://finds.org.uk/images/corbie01/SUSS-29AB16Radiate.jpg"]},{"from":276,"to":282,"title":"WAW-6B56B0: A coin issued by Probus","image_urls":["https://finds.org.uk/images/abolton/WAW-6B56B0.jpg"]},{"from":276,"to":282,"title":"BH-815BF4: A coin issued by Probus","image_urls":["https://finds.org.uk/images/jwatters/Roman_coin_15_20_118.jpg"]},{"from":276,"to":282,"title":"PUBLIC-A6A2E6: A coin issued by Probus","image_urls":["https://finds.org.uk/images/Linz/PUBLIC-A6A2E6.jpg"]},{"from":276,"to":282,"title":"BH-399193: A coin issued by Probus","image_urls":["https://finds.org.uk/images/jwatters/Roman_coin_12_32_6.jpg"]},{"from":276,"to":282,"title":"WAW-214B56: A coin issued by Probus","image_urls":["https://finds.org.uk/images/abolton/WAW-214B56.jpg"]},{"from":276,"to":282,"title":"HAMP-337AF3: A coin issued by Probus","image_urls":["https://finds.org.uk/images/rhenry/HAMP-337AF3%20Probus.jpg"]},{"from":276,"to":282,"title":"HAMP-279C15: A coin issued by Probus","image_urls":["https://finds.org.uk/images/rwebley/HAMP-279C15Probusradiate.jpg"]},{"from":276,"to":282,"title":"SOM-2A4F86: A coin issued by Probus","image_urls":["https://finds.org.uk/images/kmarsden/SOM-2A4F86.JPG"]},{"from":276,"to":282,"title":"BH-6DA0B7: A coin issued by Probus","image_urls":["https://finds.org.uk/images/jwatters/Roman_coin_11_89_5.jpg"]},{"from":276,"to":282,"title":"LIN-73A303: A coin issued by Probus","image_urls":["https://finds.org.uk/images/adaubney/LIN2011-302.jpg"]},{"from":276,"to":282,"title":"IOW-4CA6F2: A coin issued by Probus","image_urls":["https://finds.org.uk/images/fbasford/IOW2005-15-2.JPG"]},{"from":276,"to":282,"title":"LVPL-72EDF7: A coin issued by Probus","image_urls":["https://finds.org.uk/images/voakden/JO21.JPG"]},{"from":276,"to":282,"title":"WAW-896AA5: A coin issued by Probus","image_urls":["https://finds.org.uk/images/abolton/WAW-896AA5.jpg"]},{"from":276,"to":282,"title":"NCL-6E95B1: A coin issued by Probus","image_urls":["https://finds.org.uk/images/pwalton/NCL6E95B1.jpg"]},{"from":276,"to":282,"title":"BM-B06B32: A coin issued by Probus","image_urls":["https://finds.org.uk/images/jasonlundock/BM-B06B32.jpg"]},{"from":276,"to":282,"title":"HAMP-849EE8: A coin issued by Probus","image_urls":["https://finds.org.uk/images/jmccrohan/Hamp%20849EE8.tif"]},{"from":276,"to":282,"title":"LVPL-DF9B27: A coin issued by Probus","image_urls":["https://finds.org.uk/images/fmcintosh/pay%2048.jpg"]},{"from":276,"to":282,"title":"WILT-E959C8: A coin issued by Probus","image_urls":["https://finds.org.uk/images/rhenry2/WILT-E959C8.jpg"]},{"from":276,"to":277,"title":"WMID-20F988: A coin issued by Probus","image_urls":["https://finds.org.uk/images/cjohnson/WMID-20F988.JPG"]},{"from":276,"to":276,"title":"ESS-EFC212: A coin issued by Probus","image_urls":["https://finds.org.uk/images/bpaites/Radiate.jpg"]},{"from":276,"to":282,"title":"YORYM-67CCF1: A coin issued by Probus","image_urls":["https://finds.org.uk/images/law/BR0293.jpg"]},{"from":276,"to":282,"title":"SOM-449CA8: A coin issued by Probus","image_urls":["https://finds.org.uk/images/elburnett/SOM-449CA8.JPG"]},{"from":276,"to":282,"title":"WILT-285B14: A coin issued by Probus","image_urls":["https://finds.org.uk/images/khinds/WILT-285B14.jpg"]},{"from":276,"to":282,"title":"BH-FF2104: A coin issued by Probus","image_urls":["https://finds.org.uk/images/laural/Roman%20coin%2007%2051%20-%2030.jpg"]},{"from":276,"to":282,"title":"Bronze Antoninianus, Siscia, AD 276 - AD 282. 1989.11.46","image_urls":["http://numismatics.org/collectionimages/19501999/1989/1989.11.46.rev.width350.jpg"]}]