[{"from":277,"to":280,"title":"LIN-D4FBC3: A coin issued by Probus","image_urls":["https://finds.org.uk/images/adaubney/LIN8589.JPG"]},{"from":277,"to":277,"title":"YORYM-E26964: A coin issued by Probus","image_urls":["https://finds.org.uk/images/law/AU0012.jpg"]},{"from":277,"to":278,"title":"HAMP-0A89F2: A coin issued by Probus","image_urls":["https://finds.org.uk/images/khindshamp/HAMP-0A89F2.jpg"]},{"from":277,"to":277,"title":"DUR-F9CEC3: A coin issued by Probus","image_urls":["https://finds.org.uk/images/emorris/DUR-F9CEC3.jpg"]},{"from":277,"to":277,"title":"LEIC-1FE873: A coin issued by Probus","image_urls":["https://finds.org.uk/images/wscott/1FE873.JPG"]},{"from":277,"to":280,"title":"LVPL-2AA607: A coin issued by Probus","image_urls":["https://finds.org.uk/images/voakden/LVPL-2AA607.jpg"]}]