[{"from":282,"to":283,"title":"LEIC-6035E3: A coin issued by Carus","image_urls":["https://finds.org.uk/images/wscott/421%206035E3.JPG"]},{"from":282,"to":283,"title":"NARC-4E4757: A coin issued by Carus","image_urls":["https://finds.org.uk/images/jcassidy/AS13.jpg"]},{"from":282,"to":284,"title":"BH-FFC1F9: A coin issued by Numerian","image_urls":["https://finds.org.uk/images/jwatters/Roman_coin_14_67_81.jpg"]},{"from":282,"to":283,"title":"BH-F86640: A coin issued by Carus","image_urls":["https://finds.org.uk/images/jwatters/Roman_coin_10_167_21.jpg"]},{"from":282,"to":285,"title":"IOW-4C0444: A coin issued by Carinus","image_urls":["https://finds.org.uk/images/fbasford/IOW2012-4-115.JPG"]},{"from":282,"to":283,"title":"LEIC-980733: A coin issued by Numerian","image_urls":["https://finds.org.uk/images/wscott/980733%20.JPG"]},{"from":282,"to":283,"title":"WILT-8297C8: A coin issued by Carus","image_urls":["https://finds.org.uk/images/khinds/NewtonSmith1011carus.jpg"]},{"from":282,"to":283,"title":"FASAM-BFF4E1: A coin issued by Carinus","image_urls":["https://finds.org.uk/images/sam/DSC06894.JPG"]},{"from":282,"to":283,"title":"LVPL-7EDC65: A coin issued by Carinus","image_urls":["https://finds.org.uk/images/voakden/LVPL-7EDC65.JPG"]},{"from":282,"to":283,"title":"WMID-15A573: A coin issued by Carus","image_urls":["https://finds.org.uk/images/cjohnson/WMID-15A573.JPG"]},{"from":282,"to":282,"title":"LVPL-5C9983: A coin issued by Probus","image_urls":["https://finds.org.uk/images/fmcintosh/COPE%20TETRADRACHM.jpg"]},{"from":282,"to":285,"title":"Silver Antoninianus, Antioch, AD 282 - AD 285. 1944.100.36421","image_urls":["http://numismatics.org/collectionimages/19001949/1944/1944.100.36421.rev.width350.jpg"]},{"from":282,"to":285,"title":"Silver Antoninianus, Antioch, AD 282 - AD 285. 1944.100.36403","image_urls":["http://numismatics.org/collectionimages/19001949/1944/1944.100.36403.rev.width350.jpg"]},{"from":282,"to":285,"title":"Silver Antoninianus, Antioch, AD 282 - AD 285. 1944.100.36414","image_urls":["http://numismatics.org/collectionimages/19001949/1944/1944.100.36414.rev.width350.jpg"]},{"from":282,"to":285,"title":"Silver Antoninianus, Antioch, AD 282 - AD 285. 1995.11.785","image_urls":["http://numismatics.org/collectionimages/19501999/1995/1995.11.785.rev.width350.jpg"]},{"from":282,"to":285,"title":"Silver Antoninianus, Cyzicus, AD 282 - AD 285. 1944.100.36376","image_urls":["http://numismatics.org/collectionimages/19001949/1944/1944.100.36376.rev.width350.jpg"]},{"from":282,"to":285,"title":"Silver Antoninianus, Cyzicus, AD 282 - AD 285. 1944.100.36390","image_urls":["http://numismatics.org/collectionimages/19001949/1944/1944.100.36390.rev.width350.jpg"]},{"from":282,"to":285,"title":"Silver Antoninianus, Cyzicus, AD 282 - AD 285. 1944.100.36381","image_urls":["http://numismatics.org/collectionimages/19001949/1944/1944.100.36381.rev.width350.jpg"]},{"from":282,"to":285,"title":"Silver Antoninianus, Antioch, AD 282 - AD 285. 1944.100.36412","image_urls":["http://numismatics.org/collectionimages/19001949/1944/1944.100.36412.rev.width350.jpg"]},{"from":282,"to":285,"title":"Silver Antoninianus, Antioch, AD 282 - AD 285. 1970.165.139","image_urls":["http://numismatics.org/collectionimages/19501999/1970/1970.165.139.rev.width350.jpg"]},{"from":282,"to":285,"title":"Silver Antoninianus, Cyzicus, AD 282 - AD 285. 1944.100.36384","image_urls":["http://numismatics.org/collectionimages/19001949/1944/1944.100.36384.rev.width350.jpg"]},{"from":282,"to":285,"title":"Silver Antoninianus, Cyzicus, AD 282 - AD 285. 1944.100.36378","image_urls":["http://numismatics.org/collectionimages/19001949/1944/1944.100.36378.rev.width350.jpg"]},{"from":282,"to":285,"title":"Silver Antoninianus, Siscia, AD 282 - AD 285. 1944.100.36365","image_urls":["http://numismatics.org/collectionimages/19001949/1944/1944.100.36365.rev.width350.jpg"]},{"from":282,"to":285,"title":"Silver Antoninianus, Antioch, AD 282 - AD 285. 1944.100.36422","image_urls":["http://numismatics.org/collectionimages/19001949/1944/1944.100.36422.rev.width350.jpg"]},{"from":282,"to":285,"title":"Silver Antoninianus, Antioch, AD 282 - AD 285. 1944.100.36410","image_urls":["http://numismatics.org/collectionimages/19001949/1944/1944.100.36410.rev.width350.jpg"]},{"from":282,"to":285,"title":"Silver Antoninianus, Antioch, AD 282 - AD 285. 1944.100.36419","image_urls":["http://numismatics.org/collectionimages/19001949/1944/1944.100.36419.rev.width350.jpg"]},{"from":282,"to":285,"title":"Silver Antoninianus, Antioch, AD 282 - AD 285. 1944.100.36404","image_urls":["http://numismatics.org/collectionimages/19001949/1944/1944.100.36404.rev.width350.jpg"]},{"from":282,"to":285,"title":"Silver Antoninianus, Antioch, AD 282 - AD 285. 1944.100.36417","image_urls":["http://numismatics.org/collectionimages/19001949/1944/1944.100.36417.rev.width350.jpg"]},{"from":282,"to":285,"title":"Silver Antoninianus, Antioch, AD 282 - AD 285. 1944.100.36402","image_urls":["http://numismatics.org/collectionimages/19001949/1944/1944.100.36402.rev.width350.jpg"]},{"from":282,"to":285,"title":"Silver Antoninianus, Antioch, AD 282 - AD 285. 1944.100.36395","image_urls":["http://numismatics.org/collectionimages/19001949/1944/1944.100.36395.rev.width350.jpg"]},{"from":282,"to":285,"title":"Silver Antoninianus, Antioch, AD 282 - AD 285. 1944.100.36405","image_urls":["http://numismatics.org/collectionimages/19001949/1944/1944.100.36405.rev.width350.jpg"]},{"from":282,"to":285,"title":"Silver Antoninianus, Cyzicus, AD 282 - AD 285. 1944.100.36368","image_urls":["http://numismatics.org/collectionimages/19001949/1944/1944.100.36368.rev.width350.jpg"]},{"from":282,"to":285,"title":"Silver Antoninianus, Cyzicus, AD 282 - AD 285. 1944.100.36377","image_urls":["http://numismatics.org/collectionimages/19001949/1944/1944.100.36377.rev.width350.jpg"]},{"from":282,"to":285,"title":"Silver Antoninianus, Antioch, AD 282 - AD 285. 1944.100.36398","image_urls":["http://numismatics.org/collectionimages/19001949/1944/1944.100.36398.rev.width350.jpg"]},{"from":282,"to":285,"title":"Silver Antoninianus, Antioch, AD 282 - AD 285. 1995.11.786","image_urls":["http://numismatics.org/collectionimages/19501999/1995/1995.11.786.rev.width350.jpg"]},{"from":282,"to":285,"title":"Silver Antoninianus, Cyzicus, AD 282 - AD 285. 1944.100.36383","image_urls":["http://numismatics.org/collectionimages/19001949/1944/1944.100.36383.rev.width350.jpg"]},{"from":282,"to":285,"title":"Silver Antoninianus, Cyzicus, AD 282 - AD 285. 1944.100.36389","image_urls":["http://numismatics.org/collectionimages/19001949/1944/1944.100.36389.rev.width350.jpg"]},{"from":282,"to":285,"title":"Silver Antoninianus, Cyzicus, AD 282 - AD 285. 1944.100.36380","image_urls":["http://numismatics.org/collectionimages/19001949/1944/1944.100.36380.rev.width350.jpg"]},{"from":282,"to":285,"title":"Silver Antoninianus, Antioch, AD 282 - AD 285. 1944.100.36399","image_urls":["http://numismatics.org/collectionimages/19001949/1944/1944.100.36399.rev.width350.jpg"]},{"from":282,"to":285,"title":"Silver Antoninianus, Cyzicus, AD 282 - AD 285. 1944.100.36387","image_urls":["http://numismatics.org/collectionimages/19001949/1944/1944.100.36387.rev.width350.jpg"]},{"from":282,"to":285,"title":"Silver Antoninianus, Siscia, AD 282 - AD 285. 1944.100.36366","image_urls":["http://numismatics.org/collectionimages/19001949/1944/1944.100.36366.rev.width350.jpg"]},{"from":282,"to":285,"title":"Silver Antoninianus, Antioch, AD 282 - AD 285. 1944.100.36401","image_urls":["http://numismatics.org/collectionimages/19001949/1944/1944.100.36401.rev.width350.jpg"]},{"from":282,"to":285,"title":"Silver Antoninianus, Cyzicus, AD 282 - AD 285. 1944.100.36391","image_urls":["http://numismatics.org/collectionimages/19001949/1944/1944.100.36391.rev.width350.jpg"]},{"from":282,"to":285,"title":"Silver Antoninianus, Antioch, AD 282 - AD 285. 1944.100.36416","image_urls":["http://numismatics.org/collectionimages/19001949/1944/1944.100.36416.rev.width350.jpg"]},{"from":282,"to":285,"title":"Silver Antoninianus, Cyzicus, AD 282 - AD 285. 1944.100.36379","image_urls":["http://numismatics.org/collectionimages/19001949/1944/1944.100.36379.rev.width350.jpg"]},{"from":282,"to":285,"title":"Silver Antoninianus, Antioch, AD 282 - AD 285. 1910.88.17","image_urls":["http://numismatics.org/collectionimages/19001949/1910/1910.88.17.rev.width350.jpg"]},{"from":282,"to":285,"title":"Silver Antoninianus, Antioch, AD 282 - AD 285. 1944.100.36397","image_urls":["http://numismatics.org/collectionimages/19001949/1944/1944.100.36397.rev.width350.jpg"]},{"from":282,"to":285,"title":"Silver Antoninianus, Antioch, AD 282 - AD 285. 1948.8.153","image_urls":["http://numismatics.org/collectionimages/19001949/1948/1948.8.153.rev.width350.jpg"]},{"from":282,"to":285,"title":"Silver Antoninianus, Antioch, AD 282 - AD 285. 1944.100.36411","image_urls":["http://numismatics.org/collectionimages/19001949/1944/1944.100.36411.rev.width350.jpg"]}]