[{"from":283,"to":284,"title":"BH-70049A: A coin issued by Numerian","image_urls":["https://finds.org.uk/images/jwatters/Roman_coin_13_155_83.jpg"]},{"from":283,"to":283,"title":"NARC-7CA0F5: A coin issued by Carinus","image_urls":["https://finds.org.uk/images/jcassidy/NARC-7CA0F5%20obverse.jpg"]},{"from":283,"to":283,"title":"LEIC-64B6C4: A coin issued by Carus","image_urls":["https://finds.org.uk/images/wscott/64B6C4.JPG"]},{"from":283,"to":285,"title":"SF-374B84: A coin issued by Carinus","image_urls":["https://finds.org.uk/images/abrown/WestWickham_SF-374B84.jpg"]},{"from":283,"to":285,"title":"BH-CB5827: A coin issued by Carinus","image_urls":["https://finds.org.uk/images/jwatters/Roman_coin_13_8_12.jpg"]},{"from":283,"to":284,"title":"NMS-003A90: A coin issued by Carinus","image_urls":["https://finds.org.uk/images/amarsden/NMD092013caropio.jpg"]},{"from":283,"to":285,"title":"CAM-A26C02: A coin issued by Carinus","image_urls":["https://finds.org.uk/images/hfowler/CAM-A26C02.jpg"]},{"from":283,"to":285,"title":"Silver Antoninianus, Antioch, AD 283 - AD 285. 1944.100.36652","image_urls":["http://numismatics.org/collectionimages/19001949/1944/1944.100.36652.rev.width350.jpg"]},{"from":283,"to":285,"title":"Silver Antoninianus, Ticinum, AD 283 - AD 285. 1944.100.36631","image_urls":["http://numismatics.org/collectionimages/19001949/1944/1944.100.36631.rev.width350.jpg"]},{"from":283,"to":285,"title":"Silver Antoninianus, Cyzicus, AD 283 - AD 285. 1944.100.36640","image_urls":["http://numismatics.org/collectionimages/19001949/1944/1944.100.36640.rev.width350.jpg"]},{"from":283,"to":285,"title":"Silver Antoninianus, Cyzicus, AD 283 - AD 285. 1944.100.36634","image_urls":["http://numismatics.org/collectionimages/19001949/1944/1944.100.36634.rev.width350.jpg"]},{"from":283,"to":285,"title":"Gold Aureus, Rome, AD 283 - AD 285. 1980.109.180","image_urls":["http://numismatics.org/collectionimages/19501999/1980/1980.109.180.rev.width350.jpg"]},{"from":283,"to":285,"title":"Silver Antoninianus, Antioch, AD 283 - AD 285. 1944.100.36604","image_urls":["http://numismatics.org/collectionimages/19001949/1944/1944.100.36604.rev.width350.jpg"]},{"from":283,"to":285,"title":"Silver Antoninianus, Cyzicus, AD 283 - AD 285. 1944.100.36556","image_urls":["http://numismatics.org/collectionimages/19001949/1944/1944.100.36556.rev.width350.jpg"]},{"from":283,"to":285,"title":"Silver Antoninianus, Antioch, AD 283 - AD 285. 1944.100.36607","image_urls":["http://numismatics.org/collectionimages/19001949/1944/1944.100.36607.rev.width350.jpg"]},{"from":283,"to":285,"title":"Silver Antoninianus, Ticinum, AD 283 - AD 285. 1944.100.36628","image_urls":["http://numismatics.org/collectionimages/19001949/1944/1944.100.36628.rev.width350.jpg"]},{"from":283,"to":285,"title":"Silver Antoninianus, Antioch, AD 283 - AD 285. 1944.100.36655","image_urls":["http://numismatics.org/collectionimages/19001949/1944/1944.100.36655.rev.width350.jpg"]},{"from":283,"to":285,"title":"Silver Antoninianus, Antioch, AD 283 - AD 285. 1944.100.36579","image_urls":["http://numismatics.org/collectionimages/19001949/1944/1944.100.36579.rev.width350.jpg"]},{"from":283,"to":285,"title":"Gold Aureus, Rome, AD 283 - AD 285. 1944.100.36537","image_urls":["http://numismatics.org/collectionimages/19001949/1944/1944.100.36537.rev.width350.jpg"]},{"from":283,"to":285,"title":"Silver Antoninianus, Cyzicus, AD 283 - AD 285. 1944.100.36636","image_urls":["http://numismatics.org/collectionimages/19001949/1944/1944.100.36636.rev.width350.jpg"]},{"from":283,"to":285,"title":"Silver Antoninianus, Siscia, AD 283 - AD 285. 1944.100.36546","image_urls":["http://numismatics.org/collectionimages/19001949/1944/1944.100.36546.rev.width350.jpg"]},{"from":283,"to":285,"title":"Silver Antoninianus, Cyzicus, AD 283 - AD 285. 1944.100.36645","image_urls":["http://numismatics.org/collectionimages/19001949/1944/1944.100.36645.rev.width350.jpg"]},{"from":283,"to":285,"title":"Silver Antoninianus, Cyzicus, AD 283 - AD 285. 1944.100.36639","image_urls":["http://numismatics.org/collectionimages/19001949/1944/1944.100.36639.rev.width350.jpg"]},{"from":283,"to":285,"title":"Silver Antoninianus, Antioch, AD 283 - AD 285. 1944.100.36567","image_urls":["http://numismatics.org/collectionimages/19001949/1944/1944.100.36567.rev.width350.jpg"]},{"from":283,"to":285,"title":"Gold Aureus, Siscia, AD 283 - AD 285. 1954.256.4","image_urls":["http://numismatics.org/collectionimages/19501999/1954/1954.256.4.rev.width350.jpg"]},{"from":283,"to":285,"title":"Silver Antoninianus, Cyzicus, AD 283 - AD 285. 1944.100.36637","image_urls":["http://numismatics.org/collectionimages/19001949/1944/1944.100.36637.rev.width350.jpg"]},{"from":283,"to":285,"title":"Gold Aureus, Siscia, AD 283 - AD 285. 1973.56.228","image_urls":["http://numismatics.org/collectionimages/19501999/1973/1973.56.228.rev.width350.jpg"]},{"from":283,"to":285,"title":"Silver Antoninianus, Ticinum, AD 283 - AD 285. 1979.25.1","image_urls":["http://numismatics.org/collectionimages/19501999/1979/1979.25.1.rev.width350.jpg"]},{"from":283,"to":285,"title":"Silver Antoninianus, Cyzicus, AD 283 - AD 285. 1944.100.36633","image_urls":["http://numismatics.org/collectionimages/19001949/1944/1944.100.36633.rev.width350.jpg"]},{"from":283,"to":285,"title":"Silver Antoninianus, Antioch, AD 283 - AD 285. 1944.100.36648","image_urls":["http://numismatics.org/collectionimages/19001949/1944/1944.100.36648.rev.width350.jpg"]},{"from":283,"to":285,"title":"Silver Antoninianus, Ticinum, AD 283 - AD 285. 1944.100.36534","image_urls":["http://numismatics.org/collectionimages/19001949/1944/1944.100.36534.rev.width350.jpg"]},{"from":283,"to":285,"title":"Silver Antoninianus, Antioch, AD 283 - AD 285. 1944.100.36612","image_urls":["http://numismatics.org/collectionimages/19001949/1944/1944.100.36612.rev.width350.jpg"]},{"from":283,"to":285,"title":"Silver Antoninianus, Antioch, AD 283 - AD 285. 1944.100.36606","image_urls":["http://numismatics.org/collectionimages/19001949/1944/1944.100.36606.rev.width350.jpg"]},{"from":283,"to":284,"title":"Silver Antoninianus, Ticinum, AD 283 - AD 284. 1985.140.190","image_urls":["http://numismatics.org/collectionimages/19501999/1985/1985.140.190.rev.width350.jpg"]},{"from":283,"to":285,"title":"Silver Antoninianus, Cyzicus, AD 283 - AD 285. 1944.100.36553","image_urls":["http://numismatics.org/collectionimages/19001949/1944/1944.100.36553.rev.width350.jpg"]},{"from":283,"to":285,"title":"Silver Antoninianus, Antioch, AD 283 - AD 285. 1944.100.36568","image_urls":["http://numismatics.org/collectionimages/19001949/1944/1944.100.36568.rev.width350.jpg"]},{"from":283,"to":285,"title":"Silver Antoninianus, Cyzicus, AD 283 - AD 285. 1944.100.36646","image_urls":["http://numismatics.org/collectionimages/19001949/1944/1944.100.36646.rev.width350.jpg"]},{"from":283,"to":285,"title":"Silver Antoninianus, Antioch, AD 283 - AD 285. 1944.100.36561","image_urls":["http://numismatics.org/collectionimages/19001949/1944/1944.100.36561.rev.width350.jpg"]},{"from":283,"to":285,"title":"Silver Antoninianus, Antioch, AD 283 - AD 285. 1944.100.36660","image_urls":["http://numismatics.org/collectionimages/19001949/1944/1944.100.36660.rev.width350.jpg"]},{"from":283,"to":285,"title":"Silver Antoninianus, Cyzicus, AD 283 - AD 285. 1944.100.36558","image_urls":["http://numismatics.org/collectionimages/19001949/1944/1944.100.36558.rev.width350.jpg"]},{"from":283,"to":285,"title":"Silver Antoninianus, Antioch, AD 283 - AD 285. 1974.203.38","image_urls":["http://numismatics.org/collectionimages/19501999/1974/1974.203.38.rev.width350.jpg"]},{"from":283,"to":285,"title":"Bronze Antoninianus, Antioch, AD 283 - AD 285. 1989.11.47","image_urls":["http://numismatics.org/collectionimages/19501999/1989/1989.11.47.rev.width350.jpg"]},{"from":283,"to":285,"title":"Silver Antoninianus, Antioch, AD 283 - AD 285. 1944.100.36573","image_urls":["http://numismatics.org/collectionimages/19001949/1944/1944.100.36573.rev.width350.jpg"]},{"from":283,"to":285,"title":"Silver Antoninianus, Ticinum, AD 283 - AD 285. 1944.100.36630","image_urls":["http://numismatics.org/collectionimages/19001949/1944/1944.100.36630.rev.width350.jpg"]},{"from":283,"to":285,"title":"Silver Antoninianus, Antioch, AD 283 - AD 285. 1944.100.36651","image_urls":["http://numismatics.org/collectionimages/19001949/1944/1944.100.36651.rev.width350.jpg"]},{"from":283,"to":285,"title":"Silver Antoninianus, Cyzicus, AD 283 - AD 285. 1944.100.36552","image_urls":["http://numismatics.org/collectionimages/19001949/1944/1944.100.36552.rev.width350.jpg"]},{"from":283,"to":285,"title":"Silver Antoninianus, Antioch, AD 283 - AD 285. 1944.100.36563","image_urls":["http://numismatics.org/collectionimages/19001949/1944/1944.100.36563.rev.width350.jpg"]},{"from":283,"to":285,"title":"Silver Antoninianus, Cyzicus, AD 283 - AD 285. 1944.100.36635","image_urls":["http://numismatics.org/collectionimages/19001949/1944/1944.100.36635.rev.width350.jpg"]},{"from":283,"to":285,"title":"Silver Antoninianus, Ticinum, AD 283 - AD 285. 1944.100.36629","image_urls":["http://numismatics.org/collectionimages/19001949/1944/1944.100.36629.rev.width350.jpg"]},{"from":283,"to":285,"title":"Silver Antoninianus, Cyzicus, AD 283 - AD 285. 1944.100.36638","image_urls":["http://numismatics.org/collectionimages/19001949/1944/1944.100.36638.rev.width350.jpg"]},{"from":283,"to":285,"title":"Silver Antoninianus, Cyzicus, AD 283 - AD 285. 1944.100.36551","image_urls":["http://numismatics.org/collectionimages/19001949/1944/1944.100.36551.rev.width350.jpg"]},{"from":283,"to":285,"title":"Silver Antoninianus, Cyzicus, AD 283 - AD 285. 1944.100.36644","image_urls":["http://numismatics.org/collectionimages/19001949/1944/1944.100.36644.rev.width350.jpg"]},{"from":283,"to":285,"title":"Silver Antoninianus, Cyzicus, AD 283 - AD 285. 1944.100.36602","image_urls":["http://numismatics.org/collectionimages/19001949/1944/1944.100.36602.rev.width350.jpg"]},{"from":283,"to":285,"title":"Silver Antoninianus, Antioch, AD 283 - AD 285. 1970.165.141","image_urls":["http://numismatics.org/collectionimages/19501999/1970/1970.165.141.rev.width350.jpg"]},{"from":283,"to":285,"title":"Silver Antoninianus, Antioch, AD 283 - AD 285. 1944.100.36578","image_urls":["http://numismatics.org/collectionimages/19001949/1944/1944.100.36578.rev.width350.jpg"]},{"from":283,"to":285,"title":"Silver Antoninianus, Ticinum, AD 283 - AD 285. 1995.11.777","image_urls":["http://numismatics.org/collectionimages/19501999/1995/1995.11.777.rev.width350.jpg"]},{"from":283,"to":285,"title":"Silver Antoninianus, Cyzicus, AD 283 - AD 285. 1948.8.156","image_urls":["http://numismatics.org/collectionimages/19001949/1948/1948.8.156.rev.width350.jpg"]},{"from":283,"to":285,"title":"Silver Antoninianus, Ticinum, AD 283 - AD 285. 1906.236.177","image_urls":["http://numismatics.org/collectionimages/19001949/1906/1906.236.177.rev.width350.jpg"]},{"from":283,"to":285,"title":"Silver Antoninianus, Antioch, AD 283 - AD 285. 1944.100.36650","image_urls":["http://numismatics.org/collectionimages/19001949/1944/1944.100.36650.rev.width350.jpg"]},{"from":283,"to":285,"title":"Silver Antoninianus, Antioch, AD 283 - AD 285. 1944.100.36659","image_urls":["http://numismatics.org/collectionimages/19001949/1944/1944.100.36659.rev.width350.jpg"]},{"from":283,"to":285,"title":"Silver Antoninianus, Ticinum, AD 283 - AD 285. 1944.100.36627","image_urls":["http://numismatics.org/collectionimages/19001949/1944/1944.100.36627.rev.width350.jpg"]},{"from":283,"to":285,"title":"Silver Antoninianus, Antioch, AD 283 - AD 285. 1944.100.36584","image_urls":["http://numismatics.org/collectionimages/19001949/1944/1944.100.36584.rev.width350.jpg"]},{"from":283,"to":285,"title":"Gold Aureus, Rome, AD 283 - AD 285. 1967.153.201","image_urls":["http://numismatics.org/collectionimages/19501999/1967/1967.153.201.rev.width350.jpg"]},{"from":283,"to":285,"title":"Silver Antoninianus, Ticinum, AD 283 - AD 285. 1974.136.82","image_urls":["http://numismatics.org/collectionimages/19501999/1974/1974.136.82.rev.width350.jpg"]},{"from":283,"to":285,"title":"Silver Antoninianus, Siscia, AD 283 - AD 285. 1944.100.36632","image_urls":["http://numismatics.org/collectionimages/19001949/1944/1944.100.36632.rev.width350.jpg"]},{"from":283,"to":285,"title":"Silver Antoninianus, Antioch, AD 283 - AD 285. 1944.100.36581","image_urls":["http://numismatics.org/collectionimages/19001949/1944/1944.100.36581.rev.width350.jpg"]},{"from":283,"to":285,"title":"Silver Antoninianus, Antioch, AD 283 - AD 285. 1944.100.36647","image_urls":["http://numismatics.org/collectionimages/19001949/1944/1944.100.36647.rev.width350.jpg"]},{"from":283,"to":285,"title":"Silver Antoninianus, Antioch, AD 283 - AD 285. 1944.100.36560","image_urls":["http://numismatics.org/collectionimages/19001949/1944/1944.100.36560.rev.width350.jpg"]},{"from":283,"to":285,"title":"Silver Antoninianus, Antioch, AD 283 - AD 285. 1944.100.36569","image_urls":["http://numismatics.org/collectionimages/19001949/1944/1944.100.36569.rev.width350.jpg"]},{"from":283,"to":285,"title":"Silver Antoninianus, Antioch, AD 283 - AD 285. 1944.100.36609","image_urls":["http://numismatics.org/collectionimages/19001949/1944/1944.100.36609.rev.width350.jpg"]},{"from":283,"to":285,"title":"Silver Antoninianus, Antioch, AD 283 - AD 285. 1944.100.36494","image_urls":["http://numismatics.org/collectionimages/19001949/1944/1944.100.36494.rev.width350.jpg"]},{"from":283,"to":285,"title":"Silver Antoninianus, Cyzicus, AD 283 - AD 285. 1944.100.36603","image_urls":["http://numismatics.org/collectionimages/19001949/1944/1944.100.36603.rev.width350.jpg"]},{"from":283,"to":285,"title":"Silver Antoninianus, Antioch, AD 283 - AD 285. 1944.100.36572","image_urls":["http://numismatics.org/collectionimages/19001949/1944/1944.100.36572.rev.width350.jpg"]},{"from":283,"to":285,"title":"Silver Antoninianus, Antioch, AD 283 - AD 285. 1944.100.36566","image_urls":["http://numismatics.org/collectionimages/19001949/1944/1944.100.36566.rev.width350.jpg"]},{"from":283,"to":285,"title":"Silver Antoninianus, Cyzicus, AD 283 - AD 285. 1944.100.36555","image_urls":["http://numismatics.org/collectionimages/19001949/1944/1944.100.36555.rev.width350.jpg"]},{"from":283,"to":285,"title":"Silver Antoninianus, Antioch, AD 283 - AD 285. 1944.100.36582","image_urls":["http://numismatics.org/collectionimages/19001949/1944/1944.100.36582.rev.width350.jpg"]},{"from":283,"to":285,"title":"Silver Antoninianus, Antioch, AD 283 - AD 285. 1944.100.36654","image_urls":["http://numismatics.org/collectionimages/19001949/1944/1944.100.36654.rev.width350.jpg"]},{"from":283,"to":285,"title":"Silver Antoninianus, Antioch, AD 283 - AD 285. 1944.100.36576","image_urls":["http://numismatics.org/collectionimages/19001949/1944/1944.100.36576.rev.width350.jpg"]},{"from":283,"to":285,"title":"Silver Antoninianus, Cyzicus, AD 283 - AD 285. 1944.100.36642","image_urls":["http://numismatics.org/collectionimages/19001949/1944/1944.100.36642.rev.width350.jpg"]},{"from":283,"to":285,"title":"Silver Antoninianus, Antioch, AD 283 - AD 285. 1944.100.36564","image_urls":["http://numismatics.org/collectionimages/19001949/1944/1944.100.36564.rev.width350.jpg"]},{"from":283,"to":285,"title":"Silver Antoninianus, Antioch, AD 283 - AD 285. 1944.100.36657","image_urls":["http://numismatics.org/collectionimages/19001949/1944/1944.100.36657.rev.width350.jpg"]},{"from":283,"to":285,"title":"Silver Antoninianus, Antioch, AD 283 - AD 285. 1944.100.36585","image_urls":["http://numismatics.org/collectionimages/19001949/1944/1944.100.36585.rev.width350.jpg"]},{"from":283,"to":285,"title":"Silver Antoninianus, Antioch, AD 283 - AD 285. 1944.100.36653","image_urls":["http://numismatics.org/collectionimages/19001949/1944/1944.100.36653.rev.width350.jpg"]},{"from":283,"to":285,"title":"Silver Antoninianus, Cyzicus, AD 283 - AD 285. 1944.100.36548","image_urls":["http://numismatics.org/collectionimages/19001949/1944/1944.100.36548.rev.width350.jpg"]},{"from":283,"to":285,"title":"Silver Antoninianus, Cyzicus, AD 283 - AD 285. 1944.100.36641","image_urls":["http://numismatics.org/collectionimages/19001949/1944/1944.100.36641.rev.width350.jpg"]},{"from":283,"to":285,"title":"Silver Antoninianus, Antioch, AD 283 - AD 285. 1944.100.36656","image_urls":["http://numismatics.org/collectionimages/19001949/1944/1944.100.36656.rev.width350.jpg"]},{"from":283,"to":284,"title":"Gold Aureus, Rome, AD 283 - AD 284. 1967.153.203","image_urls":["http://numismatics.org/collectionimages/19501999/1967/1967.153.203.rev.width350.jpg"]},{"from":283,"to":285,"title":"Silver Antoninianus, Antioch, AD 283 - AD 285. 1944.100.36580","image_urls":["http://numismatics.org/collectionimages/19001949/1944/1944.100.36580.rev.width350.jpg"]},{"from":283,"to":285,"title":"Silver Antoninianus, Ticinum, AD 283 - AD 285. 1944.100.36626","image_urls":["http://numismatics.org/collectionimages/19001949/1944/1944.100.36626.rev.width350.jpg"]},{"from":283,"to":285,"title":"Bronze Medallion, Rome, AD 283 - AD 285. 1944.100.36595","image_urls":["http://numismatics.org/collectionimages/19001949/1944/1944.100.36595.rev.width350.jpg"]},{"from":283,"to":285,"title":"Silver Antoninianus, Antioch, AD 283 - AD 285. 1944.100.36481","image_urls":["http://numismatics.org/collectionimages/19001949/1944/1944.100.36481.rev.width350.jpg"]},{"from":283,"to":285,"title":"Silver Antoninianus, Antioch, AD 283 - AD 285. 1944.100.36583","image_urls":["http://numismatics.org/collectionimages/19001949/1944/1944.100.36583.rev.width350.jpg"]},{"from":283,"to":285,"title":"Silver Antoninianus, Antioch, AD 283 - AD 285. 1944.100.36661","image_urls":["http://numismatics.org/collectionimages/19001949/1944/1944.100.36661.rev.width350.jpg"]},{"from":283,"to":285,"title":"Silver Antoninianus, Ticinum, AD 283 - AD 285. 1995.11.782","image_urls":["http://numismatics.org/collectionimages/19501999/1995/1995.11.782.rev.width350.jpg"]},{"from":283,"to":285,"title":"Silver Antoninianus, Cyzicus, AD 283 - AD 285. 1944.100.36550","image_urls":["http://numismatics.org/collectionimages/19001949/1944/1944.100.36550.rev.width350.jpg"]},{"from":283,"to":285,"title":"Silver Antoninianus, Antioch, AD 283 - AD 285. 1944.100.36559","image_urls":["http://numismatics.org/collectionimages/19001949/1944/1944.100.36559.rev.width350.jpg"]},{"from":283,"to":285,"title":"Silver Antoninianus, Antioch, AD 283 - AD 285. 1944.100.36658","image_urls":["http://numismatics.org/collectionimages/19001949/1944/1944.100.36658.rev.width350.jpg"]},{"from":283,"to":285,"title":"Silver Antoninianus, Antioch, AD 283 - AD 285. 1944.100.36571","image_urls":["http://numismatics.org/collectionimages/19001949/1944/1944.100.36571.rev.width350.jpg"]},{"from":283,"to":285,"title":"Silver Antoninianus, Antioch, AD 283 - AD 285. 1944.100.36565","image_urls":["http://numismatics.org/collectionimages/19001949/1944/1944.100.36565.rev.width350.jpg"]},{"from":283,"to":285,"title":"Silver Antoninianus, Cyzicus, AD 283 - AD 285. 1944.100.36643","image_urls":["http://numismatics.org/collectionimages/19001949/1944/1944.100.36643.rev.width350.jpg"]},{"from":283,"to":285,"title":"Gold Aureus, Siscia, AD 283 - AD 285. 1967.153.200","image_urls":["http://numismatics.org/collectionimages/19501999/1967/1967.153.200.rev.width350.jpg"]},{"from":283,"to":285,"title":"Silver Antoninianus, Ticinum, AD 283 - AD 285. 1989.11.45","image_urls":["http://numismatics.org/collectionimages/19501999/1989/1989.11.45.rev.width350.jpg"]},{"from":283,"to":285,"title":"Silver Antoninianus, Antioch, AD 283 - AD 285. 1944.100.36611","image_urls":["http://numismatics.org/collectionimages/19001949/1944/1944.100.36611.rev.width350.jpg"]},{"from":283,"to":285,"title":"Silver Antoninianus, Ticinum, AD 283 - AD 285. 1989.11.48","image_urls":["http://numismatics.org/collectionimages/19501999/1989/1989.11.48.rev.width350.jpg"]},{"from":283,"to":285,"title":"Silver Antoninianus, Antioch, AD 283 - AD 285. 1944.100.36605","image_urls":["http://numismatics.org/collectionimages/19001949/1944/1944.100.36605.rev.width350.jpg"]},{"from":283,"to":285,"title":"Silver Antoninianus, Antioch, AD 283 - AD 285. 1944.100.36608","image_urls":["http://numismatics.org/collectionimages/19001949/1944/1944.100.36608.rev.width350.jpg"]},{"from":283,"to":285,"title":"Silver Antoninianus, Antioch, AD 283 - AD 285. 1970.165.140","image_urls":["http://numismatics.org/collectionimages/19501999/1970/1970.165.140.rev.width350.jpg"]},{"from":283,"to":284,"title":"Silver Antoninianus, Ticinum, AD 283 - AD 284. 1985.140.191","image_urls":["http://numismatics.org/collectionimages/19501999/1985/1985.140.191.rev.width350.jpg"]},{"from":283,"to":285,"title":"Silver Antoninianus, Rome, AD 283 - AD 285. 1944.100.36668","image_urls":["http://numismatics.org/collectionimages/19001949/1944/1944.100.36668.rev.width350.jpg"]},{"from":283,"to":285,"title":"Silver Antoninianus, Antioch, AD 283 - AD 285. 1948.19.1014","image_urls":["http://numismatics.org/collectionimages/19001949/1948/1948.19.1014.rev.width350.jpg"]},{"from":283,"to":285,"title":"Silver Antoninianus, Cyzicus, AD 283 - AD 285. 1944.100.36554","image_urls":["http://numismatics.org/collectionimages/19001949/1944/1944.100.36554.rev.width350.jpg"]},{"from":283,"to":285,"title":"Silver Antoninianus, Antioch, AD 283 - AD 285. 1944.100.36575","image_urls":["http://numismatics.org/collectionimages/19001949/1944/1944.100.36575.rev.width350.jpg"]},{"from":283,"to":285,"title":"Silver Antoninianus, Antioch, AD 283 - AD 285. 1944.100.36610","image_urls":["http://numismatics.org/collectionimages/19001949/1944/1944.100.36610.rev.width350.jpg"]},{"from":283,"to":285,"title":"Silver Antoninianus, Antioch, AD 283 - AD 285. 1944.100.36562","image_urls":["http://numismatics.org/collectionimages/19001949/1944/1944.100.36562.rev.width350.jpg"]}]