[{"from":284,"to":305,"title":"LANCUM-441D17: A coin issued by Radiate (uncertain)","image_urls":["https://finds.org.uk/images/snoon/LANCUM-441D17.jpg"]},{"from":284,"to":285,"title":"LIN-FD8692: A coin with an unrecorded/uncertain issuer.","image_urls":["https://finds.org.uk/images/adaubney/LIN2012-222.jpg"]},{"from":284,"to":285,"title":"LVPL-21DE60: A coin issued by Diocletian","image_urls":["https://finds.org.uk/images/voakden/DSCN6601.JPG"]},{"from":284,"to":295,"title":"KENT354: A coin issued by Diocletian","image_urls":["https://finds.org.uk/images/rhobbs/kent354a.jpg"]},{"from":284,"to":305,"title":"WILT-5D83B3: A coin issued by Diocletian","image_urls":["https://finds.org.uk/images/rhenry2/WILT-5D83B3.jpg"]},{"from":284,"to":284,"title":"DENO-3B3AF6: A coin issued by Carinus","image_urls":["https://finds.org.uk/images/ratherton/carinus.24244%20d.n.w.jpg"]},{"from":284,"to":296,"title":"NLM-A20E76: A coin with an unrecorded/uncertain issuer.","image_urls":["https://finds.org.uk/images/mforeman/NLM17679.jpg"]},{"from":284,"to":294,"title":"SOM-653914: A coin issued by Diocletian (pre-reform)","image_urls":["https://finds.org.uk/images/elburnett/SOM-653914.jpg"]},{"from":284,"to":286,"title":"Silver Antoninianus of Diocletian, Rome, AD 284 - AD 286. 1906.236.179","image_urls":["http://numismatics.org/collectionimages/19001949/1906/1906.236.179.rev.width350.jpg"]},{"from":284,"to":285,"title":"Silver Antoninianus of Diocletian, Ticinum, AD 284 - AD 285. 1944.100.38070","image_urls":["http://numismatics.org/collectionimages/19001949/1944/1944.100.38070.rev.width350.jpg"]},{"from":284,"to":286,"title":"Silver Antoninianus of Diocletian, Rome, AD 284 - AD 286. 1992.77.121","image_urls":["http://numismatics.org/collectionimages/19501999/1992/1992.77.121.rev.width350.jpg"]},{"from":284,"to":286,"title":"Gold Aureus, Rome, AD 284 - AD 286. 1955.191.8","image_urls":["http://numismatics.org/collectionimages/19501999/1955/1955.191.8.rev.width350.jpg"]},{"from":284,"to":286,"title":"Silver Antoninianus of Diocletian, Rome, AD 284 - AD 286. 1944.100.38058","image_urls":["http://numismatics.org/collectionimages/19001949/1944/1944.100.38058.rev.width350.jpg"]},{"from":284,"to":292,"title":"Silver Antoninianus of Diocletian, Cyzicus, AD 284 - AD 292. 1944.100.38106","image_urls":["http://numismatics.org/collectionimages/19001949/1944/1944.100.38106.rev.width350.jpg"]},{"from":284,"to":292,"title":"Silver Antoninianus of Diocletian, Cyzicus, AD 284 - AD 292. 1944.100.38090","image_urls":["http://numismatics.org/collectionimages/19001949/1944/1944.100.38090.rev.width350.jpg"]},{"from":284,"to":294,"title":"Bronze Antoninianus of Diocletian, Cyzicus, AD 284 - AD 294. 1984.146.851","image_urls":["http://numismatics.org/collectionimages/19501999/1984/1984.146.851.rev.width350.jpg"]},{"from":284,"to":292,"title":"Gold Aureus of Maximian, Rome, AD 284 - AD 292. 1944.100.38223","image_urls":["http://numismatics.org/collectionimages/19001949/1944/1944.100.38223.rev.width350.jpg"]},{"from":284,"to":286,"title":"Silver Antoninianus of Diocletian, Rome, AD 284 - AD 286. 1944.100.38052","image_urls":["http://numismatics.org/collectionimages/19001949/1944/1944.100.38052.rev.width350.jpg"]},{"from":284,"to":286,"title":"Silver Antoninianus of Diocletian, Rome, AD 284 - AD 286. 1944.100.38054","image_urls":["http://numismatics.org/collectionimages/19001949/1944/1944.100.38054.rev.width350.jpg"]},{"from":284,"to":285,"title":"Silver Antoninianus of Diocletian, Ticinum, AD 284 - AD 285. 1944.100.38069","image_urls":["http://numismatics.org/collectionimages/19001949/1944/1944.100.38069.rev.width350.jpg"]},{"from":284,"to":292,"title":"Silver Antoninianus of Diocletian, Cyzicus, AD 284 - AD 292. 1944.100.38114","image_urls":["http://numismatics.org/collectionimages/19001949/1944/1944.100.38114.rev.width350.jpg"]},{"from":284,"to":292,"title":"Silver Antoninianus of Diocletian, Cyzicus, AD 284 - AD 292. 1944.100.38112","image_urls":["http://numismatics.org/collectionimages/19001949/1944/1944.100.38112.rev.width350.jpg"]},{"from":284,"to":292,"title":"Silver Antoninianus of Diocletian, Cyzicus, AD 284 - AD 292. 1944.100.38096","image_urls":["http://numismatics.org/collectionimages/19001949/1944/1944.100.38096.rev.width350.jpg"]},{"from":284,"to":294,"title":"Bronze Antoninianus of Diocletian, Cyzicus, AD 284 - AD 294. 1984.146.848","image_urls":["http://numismatics.org/collectionimages/19501999/1984/1984.146.848.rev.width350.jpg"]},{"from":284,"to":292,"title":"Silver Antoninianus of Diocletian, Cyzicus, AD 284 - AD 292. 1944.100.38117","image_urls":["http://numismatics.org/collectionimages/19001949/1944/1944.100.38117.rev.width350.jpg"]},{"from":284,"to":292,"title":"Silver Antoninianus of Diocletian, Cyzicus, AD 284 - AD 292. 1944.100.38102","image_urls":["http://numismatics.org/collectionimages/19001949/1944/1944.100.38102.rev.width350.jpg"]},{"from":284,"to":294,"title":"Bronze Antoninianus of Diocletian, Cyzicus, AD 284 - AD 294. 1984.146.850","image_urls":["http://numismatics.org/collectionimages/19501999/1984/1984.146.850.rev.width350.jpg"]},{"from":284,"to":286,"title":"Silver Antoninianus, Rome, AD 284 - AD 286. 2015.12.51","image_urls":["http://numismatics.org/collectionimages/20002049/2015/2015.12.51.rev.width350.jpg"]},{"from":284,"to":285,"title":"Silver Antoninianus of Diocletian, Ticinum, AD 284 - AD 285. 1947.97.309","image_urls":["http://numismatics.org/collectionimages/19001949/1947/1947.97.309.rev.width350.jpg"]},{"from":284,"to":294,"title":"Bronze Antoninianus of Diocletian, Cyzicus, AD 284 - AD 294. 1984.146.853","image_urls":["http://numismatics.org/collectionimages/19501999/1984/1984.146.853.rev.width350.jpg"]},{"from":284,"to":292,"title":"Silver Antoninianus of Diocletian, Cyzicus, AD 284 - AD 292. 1944.100.38100","image_urls":["http://numismatics.org/collectionimages/19001949/1944/1944.100.38100.rev.width350.jpg"]},{"from":284,"to":292,"title":"Silver Antoninianus of Diocletian, Cyzicus, AD 284 - AD 292. 1944.100.38109","image_urls":["http://numismatics.org/collectionimages/19001949/1944/1944.100.38109.rev.width350.jpg"]},{"from":284,"to":292,"title":"Silver Antoninianus of Diocletian, Cyzicus, AD 284 - AD 292. 1944.100.38099","image_urls":["http://numismatics.org/collectionimages/19001949/1944/1944.100.38099.rev.width350.jpg"]},{"from":284,"to":292,"title":"Silver Antoninianus of Diocletian, Cyzicus, AD 284 - AD 292. 1944.100.38115","image_urls":["http://numismatics.org/collectionimages/19001949/1944/1944.100.38115.rev.width350.jpg"]},{"from":284,"to":292,"title":"Silver Antoninianus of Diocletian, Cyzicus, AD 284 - AD 292. 1944.100.38103","image_urls":["http://numismatics.org/collectionimages/19001949/1944/1944.100.38103.rev.width350.jpg"]},{"from":284,"to":292,"title":"Gold Aureus, Rome, AD 284 - AD 292. 1948.19.1021","image_urls":["http://numismatics.org/collectionimages/19001949/1948/1948.19.1021.rev.width350.jpg"]},{"from":284,"to":292,"title":"Silver Antoninianus of Diocletian, Cyzicus, AD 284 - AD 292. 1944.100.38120","image_urls":["http://numismatics.org/collectionimages/19001949/1944/1944.100.38120.rev.width350.jpg"]},{"from":284,"to":286,"title":"Silver Antoninianus of Diocletian, Rome, AD 284 - AD 286. 1944.100.38057","image_urls":["http://numismatics.org/collectionimages/19001949/1944/1944.100.38057.rev.width350.jpg"]},{"from":284,"to":286,"title":"Silver Antoninianus of Diocletian, Rome, AD 284 - AD 286. 1906.236.180","image_urls":["http://numismatics.org/collectionimages/19001949/1906/1906.236.180.rev.width350.jpg"]},{"from":284,"to":294,"title":"Bronze Antoninianus of Diocletian, Cyzicus, AD 284 - AD 294. 1984.146.852","image_urls":["http://numismatics.org/collectionimages/19501999/1984/1984.146.852.rev.width350.jpg"]},{"from":284,"to":292,"title":"Silver Antoninianus of Diocletian, Cyzicus, AD 284 - AD 292. 1980.109.397","image_urls":["http://numismatics.org/collectionimages/19501999/1980/1980.109.397.rev.width350.jpg"]},{"from":284,"to":285,"title":"Silver Antoninianus of Diocletian, Ticinum, AD 284 - AD 285. 1944.100.38068","image_urls":["http://numismatics.org/collectionimages/19001949/1944/1944.100.38068.rev.width350.jpg"]},{"from":284,"to":286,"title":"Silver Antoninianus of Diocletian, Rome, AD 284 - AD 286. 1944.100.38053","image_urls":["http://numismatics.org/collectionimages/19001949/1944/1944.100.38053.rev.width350.jpg"]},{"from":284,"to":292,"title":"Silver Antoninianus of Diocletian, Cyzicus, AD 284 - AD 292. 1934.21.60","image_urls":["http://numismatics.org/collectionimages/19001949/1934/1934.21.60.rev.width350.jpg"]},{"from":284,"to":292,"title":"Silver Antoninianus of Diocletian, Cyzicus, AD 284 - AD 292. 1944.100.38113","image_urls":["http://numismatics.org/collectionimages/19001949/1944/1944.100.38113.rev.width350.jpg"]},{"from":284,"to":292,"title":"Silver Antoninianus of Diocletian, Cyzicus, AD 284 - AD 292. 1944.100.38089","image_urls":["http://numismatics.org/collectionimages/19001949/1944/1944.100.38089.rev.width350.jpg"]},{"from":284,"to":285,"title":"Silver Antoninianus of Diocletian, Ticinum, AD 284 - AD 285. 1947.99.42","image_urls":["http://numismatics.org/collectionimages/19001949/1947/1947.99.42.rev.width350.jpg"]},{"from":284,"to":292,"title":"Gold Aureus, Rome, AD 284 - AD 292. 1944.100.38225","image_urls":["http://numismatics.org/collectionimages/19001949/1944/1944.100.38225.rev.width350.jpg"]},{"from":284,"to":292,"title":"Silver Antoninianus of Diocletian, Cyzicus, AD 284 - AD 292. 1944.100.38105","image_urls":["http://numismatics.org/collectionimages/19001949/1944/1944.100.38105.rev.width350.jpg"]},{"from":284,"to":292,"title":"Silver Antoninianus of Diocletian, Cyzicus, AD 284 - AD 292. 1944.100.38107","image_urls":["http://numismatics.org/collectionimages/19001949/1944/1944.100.38107.rev.width350.jpg"]},{"from":284,"to":286,"title":"Silver Antoninianus of Diocletian, Rome, AD 284 - AD 286. 1944.100.38056","image_urls":["http://numismatics.org/collectionimages/19001949/1944/1944.100.38056.rev.width350.jpg"]},{"from":284,"to":294,"title":"Bronze Antoninianus of Diocletian, Cyzicus, AD 284 - AD 294. 1984.146.849","image_urls":["http://numismatics.org/collectionimages/19501999/1984/1984.146.849.rev.width350.jpg"]},{"from":284,"to":285,"title":"Gold Aureus, Siscia, AD 284 - AD 285. 1958.188.1","image_urls":["http://numismatics.org/collectionimages/19501999/1958/1958.188.1.rev.width350.jpg"]},{"from":284,"to":292,"title":"Silver Antoninianus of Diocletian, Cyzicus, AD 284 - AD 292. 1944.100.38098","image_urls":["http://numismatics.org/collectionimages/19001949/1944/1944.100.38098.rev.width350.jpg"]},{"from":284,"to":285,"title":"Silver Antoninianus of Diocletian, Ticinum, AD 284 - AD 285. 1970.165.153","image_urls":["http://numismatics.org/collectionimages/19501999/1970/1970.165.153.rev.width350.jpg"]},{"from":284,"to":292,"title":"Gold Aureus, Rome, AD 284 - AD 292. 1944.100.38222","image_urls":["http://numismatics.org/collectionimages/19001949/1944/1944.100.38222.rev.width350.jpg"]},{"from":284,"to":292,"title":"Silver Antoninianus of Diocletian, Cyzicus, AD 284 - AD 292. 1944.100.38095","image_urls":["http://numismatics.org/collectionimages/19001949/1944/1944.100.38095.rev.width350.jpg"]},{"from":284,"to":292,"title":"Silver Antoninianus of Diocletian, Cyzicus, AD 284 - AD 292. 1980.109.398","image_urls":["http://numismatics.org/collectionimages/19501999/1980/1980.109.398.rev.width350.jpg"]},{"from":284,"to":292,"title":"Silver Antoninianus of Diocletian, Cyzicus, AD 284 - AD 292. 1944.100.38111","image_urls":["http://numismatics.org/collectionimages/19001949/1944/1944.100.38111.rev.width350.jpg"]},{"from":284,"to":294,"title":"Bronze Antoninianus of Diocletian, Cyzicus, AD 284 - AD 294. 1984.146.847","image_urls":["http://numismatics.org/collectionimages/19501999/1984/1984.146.847.rev.width350.jpg"]},{"from":284,"to":292,"title":"Silver Antoninianus of Diocletian, Cyzicus, AD 284 - AD 292. 1944.100.38092","image_urls":["http://numismatics.org/collectionimages/19001949/1944/1944.100.38092.rev.width350.jpg"]},{"from":284,"to":292,"title":"Silver Antoninianus of Diocletian, Cyzicus, AD 284 - AD 292. 1943.23.46","image_urls":["http://numismatics.org/collectionimages/19001949/1943/1943.23.46.rev.width350.jpg"]},{"from":284,"to":292,"title":"Silver Antoninianus of Diocletian, Cyzicus, AD 284 - AD 292. 1944.100.38108","image_urls":["http://numismatics.org/collectionimages/19001949/1944/1944.100.38108.rev.width350.jpg"]},{"from":284,"to":292,"title":"Silver Antoninianus of Diocletian, Cyzicus, AD 284 - AD 292. 1944.100.38093","image_urls":["http://numismatics.org/collectionimages/19001949/1944/1944.100.38093.rev.width350.jpg"]},{"from":284,"to":286,"title":"Silver Antoninianus of Diocletian, Rome, AD 284 - AD 286. 1944.100.38051","image_urls":["http://numismatics.org/collectionimages/19001949/1944/1944.100.38051.rev.width350.jpg"]},{"from":284,"to":286,"title":"Gold Aureus of Diocletian, Cyzicus, AD 284 - AD 286. 1944.100.38087","image_urls":["http://numismatics.org/collectionimages/19001949/1944/1944.100.38087.rev.width350.jpg"]},{"from":284,"to":286,"title":"Silver Antoninianus of Diocletian, Rome, AD 284 - AD 286. 1906.236.181","image_urls":["http://numismatics.org/collectionimages/19001949/1906/1906.236.181.rev.width350.jpg"]},{"from":284,"to":286,"title":"Gold Aureus of Diocletian, Rome, AD 284 - AD 286. 1944.100.38050","image_urls":["http://numismatics.org/collectionimages/19001949/1944/1944.100.38050.rev.width350.jpg"]},{"from":284,"to":286,"title":"Silver Antoninianus, Rome, AD 284 - AD 286. 2015.12.50","image_urls":["http://numismatics.org/collectionimages/20002049/2015/2015.12.50.rev.width350.jpg"]},{"from":284,"to":285,"title":"Silver Antoninianus, Siscia, AD 284 - AD 285. 1944.100.30911","image_urls":["http://numismatics.org/collectionimages/19001949/1944/1944.100.30911.rev.width350.jpg"]},{"from":284,"to":286,"title":"Silver Antoninianus of Diocletian, Rome, AD 284 - AD 286. 1975.182.4","image_urls":["http://numismatics.org/collectionimages/19501999/1975/1975.182.4.rev.width350.jpg"]},{"from":284,"to":285,"title":"Silver Antoninianus of Diocletian, Ticinum, AD 284 - AD 285. 1947.99.41","image_urls":["http://numismatics.org/collectionimages/19001949/1947/1947.99.41.rev.width350.jpg"]},{"from":284,"to":292,"title":"Silver Antoninianus of Diocletian, Cyzicus, AD 284 - AD 292. 1944.100.38104","image_urls":["http://numismatics.org/collectionimages/19001949/1944/1944.100.38104.rev.width350.jpg"]},{"from":284,"to":292,"title":"Silver Antoninianus of Diocletian, Cyzicus, AD 284 - AD 292. 1944.100.38094","image_urls":["http://numismatics.org/collectionimages/19001949/1944/1944.100.38094.rev.width350.jpg"]},{"from":284,"to":292,"title":"Silver Antoninianus of Diocletian, Cyzicus, AD 284 - AD 292. 1931.126.4","image_urls":["http://numismatics.org/collectionimages/19001949/1931/1931.126.4.rev.width350.jpg"]},{"from":284,"to":292,"title":"Silver Antoninianus of Diocletian, Cyzicus, AD 284 - AD 292. 1944.100.38122","image_urls":["http://numismatics.org/collectionimages/19001949/1944/1944.100.38122.rev.width350.jpg"]},{"from":284,"to":292,"title":"Silver Antoninianus of Diocletian, Cyzicus, AD 284 - AD 292. 1944.100.38110","image_urls":["http://numismatics.org/collectionimages/19001949/1944/1944.100.38110.rev.width350.jpg"]},{"from":284,"to":292,"title":"Silver Antoninianus of Diocletian, Cyzicus, AD 284 - AD 292. 1944.100.38097","image_urls":["http://numismatics.org/collectionimages/19001949/1944/1944.100.38097.rev.width350.jpg"]},{"from":284,"to":286,"title":"Gold Aureus, Rome, AD 284 - AD 286. 1944.100.38049","image_urls":["http://numismatics.org/collectionimages/19001949/1944/1944.100.38049.rev.width350.jpg"]},{"from":284,"to":286,"title":"Silver Antoninianus of Diocletian, Rome, AD 284 - AD 286. 1944.100.38055","image_urls":["http://numismatics.org/collectionimages/19001949/1944/1944.100.38055.rev.width350.jpg"]},{"from":284,"to":292,"title":"Gold Aureus of Maximian, Rome, AD 284 - AD 292. 1944.100.38221","image_urls":["http://numismatics.org/collectionimages/19001949/1944/1944.100.38221.rev.width350.jpg"]},{"from":284,"to":292,"title":"Silver Antoninianus of Diocletian, Cyzicus, AD 284 - AD 292. 1944.100.38116","image_urls":["http://numismatics.org/collectionimages/19001949/1944/1944.100.38116.rev.width350.jpg"]},{"from":284,"to":292,"title":"Silver Antoninianus of Diocletian, Cyzicus, AD 284 - AD 292. 1944.100.38101","image_urls":["http://numismatics.org/collectionimages/19001949/1944/1944.100.38101.rev.width350.jpg"]},{"from":284,"to":292,"title":"Silver Antoninianus of Diocletian, Cyzicus, AD 284 - AD 292. 1944.100.38091","image_urls":["http://numismatics.org/collectionimages/19001949/1944/1944.100.38091.rev.width350.jpg"]},{"from":284,"to":292,"title":"Silver Antoninianus of Diocletian, Cyzicus, AD 284 - AD 292. 1944.100.38119","image_urls":["http://numismatics.org/collectionimages/19001949/1944/1944.100.38119.rev.width350.jpg"]},{"from":284,"to":292,"title":"Silver Antoninianus of Diocletian, Cyzicus, AD 284 - AD 292. 1944.100.38088","image_urls":["http://numismatics.org/collectionimages/19001949/1944/1944.100.38088.rev.width350.jpg"]},{"from":284,"to":292,"title":"Silver Antoninianus of Diocletian, Cyzicus, AD 284 - AD 292. 1944.100.38118","image_urls":["http://numismatics.org/collectionimages/19001949/1944/1944.100.38118.rev.width350.jpg"]},{"from":284,"to":292,"title":"Silver Antoninianus of Diocletian, Cyzicus, AD 284 - AD 292. 1934.74.7","image_urls":["http://numismatics.org/collectionimages/19001949/1934/1934.74.7.rev.width350.jpg"]},{"from":284,"to":292,"title":"Silver Antoninianus of Diocletian, Cyzicus, AD 284 - AD 292. 1944.100.38121","image_urls":["http://numismatics.org/collectionimages/19001949/1944/1944.100.38121.rev.width350.jpg"]},{"from":284,"to":292,"title":"Silver Antoninianus of Diocletian, Cyzicus, AD 284 - AD 292. 1977.158.1279","image_urls":["http://numismatics.org/collectionimages/19501999/1977/1977.158.1279.rev.width350.jpg"]}]