[{"from":285,"to":286,"title":"NARC-675913: A coin issued by Diocletian","image_urls":["https://finds.org.uk/images/jcassidy/roman%20coin%20obverse.jpg"]},{"from":285,"to":285,"title":"WILT-0BB346: A coin issued by Diocletian (pre-reform)","image_urls":["https://finds.org.uk/images/rhenry2/WILT-0BB346.jpg"]},{"from":285,"to":286,"title":"NCL-AE9AE1: A coin issued by Diocletian","image_urls":["https://finds.org.uk/images/rcollins/Raffle%20Roman%20coin.jpg"]},{"from":285,"to":286,"title":"BH-358515: A coin issued by Diocletian","image_urls":["https://finds.org.uk/images/jwatters/0455-104a%20Roman%20coin%20obv.jpg"]},{"from":285,"to":286,"title":"SWYOR-6A44A6: A coin issued by Diocletian","image_urls":["https://finds.org.uk/images/acooper/PL_Roman_coin.jpg"]},{"from":285,"to":285,"title":"WAW-31A3F8: A coin issued by Diocletian (pre-reform)","image_urls":["https://finds.org.uk/images/abolton/WAW-31A3F8.jpg"]},{"from":285,"to":286,"title":"CORN-0244F2: A coin issued by Diocletian","image_urls":["https://finds.org.uk/images/atyacke/April08finds%20001.jpg"]},{"from":285,"to":286,"title":"Silver Antoninianus of Maximian, Rome, AD 285 - AD 286. 1984.37.20","image_urls":["http://numismatics.org/collectionimages/19501999/1984/1984.37.20.rev.width350.jpg"]},{"from":285,"to":286,"title":"Silver Antoninianus of Maximian, Rome, AD 285 - AD 286. 1944.100.38202","image_urls":["http://numismatics.org/collectionimages/19001949/1944/1944.100.38202.rev.width350.jpg"]},{"from":285,"to":286,"title":"Bronze Antoninianus of Maximian, Rome, AD 285 - AD 286. 1984.146.1964","image_urls":["http://numismatics.org/collectionimages/19501999/1984/1984.146.1964.rev.width350.jpg"]},{"from":285,"to":286,"title":"Bronze Antoninianus of Diocletian, Rome, AD 285 - AD 286. 1984.146.1956","image_urls":["http://numismatics.org/collectionimages/19501999/1984/1984.146.1956.rev.width350.jpg"]},{"from":285,"to":287,"title":"Silver Antoninianus of Diocletian, Siscia, AD 285 - AD 287. 1906.236.184","image_urls":["http://numismatics.org/collectionimages/19001949/1906/1906.236.184.rev.width350.jpg"]},{"from":285,"to":287,"title":"Silver Antoninianus, Siscia, AD 285 - AD 287. 1944.100.38074","image_urls":["http://numismatics.org/collectionimages/19001949/1944/1944.100.38074.rev.width350.jpg"]},{"from":285,"to":286,"title":"Silver Antoninianus of Maximian, Rome, AD 285 - AD 286. 1970.165.156","image_urls":["http://numismatics.org/collectionimages/19501999/1970/1970.165.156.rev.width350.jpg"]},{"from":285,"to":286,"title":"Silver Antoninianus of Maximian, Rome, AD 285 - AD 286. 1990.3.123","image_urls":["http://numismatics.org/collectionimages/19501999/1990/1990.3.123.rev.width350.jpg"]},{"from":285,"to":286,"title":"Silver Antoninianus of Maximian, Rome, AD 285 - AD 286. 1944.100.38200","image_urls":["http://numismatics.org/collectionimages/19001949/1944/1944.100.38200.rev.width350.jpg"]},{"from":285,"to":292,"title":"Gold Aureus of Diocletian, Rome, AD 285 - AD 292. 1944.100.38083","image_urls":["http://numismatics.org/collectionimages/19001949/1944/1944.100.38083.rev.width350.jpg"]},{"from":285,"to":286,"title":"Bronze Antoninianus of Diocletian, Rome, AD 285 - AD 286. 2004.14.177","image_urls":["http://numismatics.org/collectionimages/20002049/2004/2004.14.177.rev.width350.jpg"]},{"from":285,"to":286,"title":"Silver Antoninianus of Maximian, Rome, AD 285 - AD 286. 1944.100.38201","image_urls":["http://numismatics.org/collectionimages/19001949/1944/1944.100.38201.rev.width350.jpg"]},{"from":285,"to":293,"title":"Gold Aureus, Rome, AD 285 - AD 293. 1944.100.38309","image_urls":["http://numismatics.org/collectionimages/19001949/1944/1944.100.38309.rev.width350.jpg"]},{"from":285,"to":286,"title":"Silver Antoninianus of Maximian, Rome, AD 285 - AD 286. 1944.100.38204","image_urls":["http://numismatics.org/collectionimages/19001949/1944/1944.100.38204.rev.width350.jpg"]},{"from":285,"to":286,"title":"Bronze Antoninianus of Maximian, Rome, AD 285 - AD 286. 1984.146.1955","image_urls":["http://numismatics.org/collectionimages/19501999/1984/1984.146.1955.rev.width350.jpg"]},{"from":285,"to":286,"title":"Silver Antoninianus of Diocletian, Siscia, AD 285 - AD 286. 1944.100.38077","image_urls":["http://numismatics.org/collectionimages/19001949/1944/1944.100.38077.rev.width350.jpg"]},{"from":285,"to":286,"title":"Silver Antoninianus of Maximian, Rome, AD 285 - AD 286. 1954.18.150","image_urls":["http://numismatics.org/collectionimages/19501999/1954/1954.18.150.rev.width350.jpg"]},{"from":285,"to":286,"title":"Bronze Antoninianus of Diocletian, Rome, AD 285 - AD 286. 1984.146.1958","image_urls":["http://numismatics.org/collectionimages/19501999/1984/1984.146.1958.rev.width350.jpg"]},{"from":285,"to":286,"title":"Silver Antoninianus of Maximian, Rome, AD 285 - AD 286. 1944.100.38203","image_urls":["http://numismatics.org/collectionimages/19001949/1944/1944.100.38203.rev.width350.jpg"]},{"from":285,"to":286,"title":"Bronze Antoninianus of Diocletian, Rome, AD 285 - AD 286. 1987.26.247","image_urls":["http://numismatics.org/collectionimages/19501999/1987/1987.26.247.rev.width350.jpg"]},{"from":285,"to":286,"title":"Silver Antoninianus of Diocletian, Siscia, AD 285 - AD 286. 1931.58.356","image_urls":["http://numismatics.org/collectionimages/19001949/1931/1931.58.356.rev.width350.jpg"]},{"from":285,"to":286,"title":"Bronze Antoninianus of Maximian, Rome, AD 285 - AD 286. 1984.146.1963","image_urls":["http://numismatics.org/collectionimages/19501999/1984/1984.146.1963.rev.width350.jpg"]},{"from":285,"to":286,"title":"Bronze Antoninianus of Diocletian, Rome, AD 285 - AD 286. 1984.146.1957","image_urls":["http://numismatics.org/collectionimages/19501999/1984/1984.146.1957.rev.width350.jpg"]},{"from":285,"to":292,"title":"Gold Aureus of Diocletian, Rome, AD 285 - AD 292. 1944.100.38082","image_urls":["http://numismatics.org/collectionimages/19001949/1944/1944.100.38082.rev.width350.jpg"]},{"from":285,"to":293,"title":"Gold Aureus, Rome, AD 285 - AD 293. 1944.100.38308","image_urls":["http://numismatics.org/collectionimages/19001949/1944/1944.100.38308.rev.width350.jpg"]},{"from":285,"to":287,"title":"Silver Antoninianus of Diocletian, Siscia, AD 285 - AD 287. 1944.100.38073","image_urls":["http://numismatics.org/collectionimages/19001949/1944/1944.100.38073.rev.width350.jpg"]},{"from":285,"to":293,"title":"Gold Aureus, Rome, AD 285 - AD 293. 1944.100.38310","image_urls":["http://numismatics.org/collectionimages/19001949/1944/1944.100.38310.rev.width350.jpg"]},{"from":285,"to":286,"title":"Bronze Antoninianus of Maximian, Rome, AD 285 - AD 286. 1984.146.1962","image_urls":["http://numismatics.org/collectionimages/19501999/1984/1984.146.1962.rev.width350.jpg"]}]