[{"from":286,"to":293,"title":"HESH-B26467: A coin issued by Carausius","image_urls":["https://finds.org.uk/images/preavill/HESH-B26467.jpg"]},{"from":286,"to":293,"title":"NMGW-A70171: A coin issued by Carausius","image_urls":["https://finds.org.uk/images/mlodwick/2009.64.2.jpg"]},{"from":286,"to":293,"title":"BH-56B8B4: A coin issued by Carausius","image_urls":["https://finds.org.uk/images/laural/Roman%20coin%2007%2039%20-%206.jpg"]},{"from":286,"to":293,"title":"LEIC-CF1DC7: A coin issued by Carausius","image_urls":["https://finds.org.uk/images/wscott/CF1DC7.JPG"]},{"from":286,"to":293,"title":"DOR-8413A6: A coin issued by Carausius","image_urls":["https://finds.org.uk/images/caht/8413A6.jpg"]},{"from":286,"to":293,"title":"LIN-CFBDB5: A coin issued by Carausius","image_urls":["https://finds.org.uk/images/adaubney/LIN812B.JPG"]},{"from":286,"to":293,"title":"WILT-2EA057: A coin issued by Carausius","image_urls":["https://finds.org.uk/images/khinds/Martin1010carausius.jpg"]},{"from":286,"to":293,"title":"BM-CC03CA: A coin issued by Carausius","image_urls":["https://finds.org.uk/images/vdrost/BMCC03CAobv.JPG"]},{"from":286,"to":293,"title":"NARC-92FA76: A coin issued by Carausius for Maximian","image_urls":["https://finds.org.uk/images/tbrindle/NARC-92FA76.jpg"]},{"from":286,"to":293,"title":"SOM-D1AC03: A coin issued by Carausius","image_urls":["https://finds.org.uk/images/npayne/D1AC03.JPG"]},{"from":286,"to":289,"title":"HAMP-C9EAF8: A coin issued by Carausius","image_urls":["https://finds.org.uk/images/khindshamp/HAMP-C9EAF8.jpg"]},{"from":286,"to":293,"title":"DENO-42E256: A coin issued by Carausius","image_urls":["https://finds.org.uk/images/arohde/E6243%20Carausius%20radiate.jpg"]},{"from":286,"to":293,"title":"LON-C2A0D7: A coin issued by Carausius","image_urls":["https://finds.org.uk/images/paitesb123/108-Carausius-TOL12.jpg"]},{"from":286,"to":292,"title":"YORYM-324E26: A coin issued by Probus","image_urls":["https://finds.org.uk/images/law/BL0049.jpg"]},{"from":286,"to":287,"title":"LIN-9052A1: A coin issued by Carausius","image_urls":["https://finds.org.uk/images/adaubney/LIN2011-1229.jpg"]},{"from":286,"to":293,"title":"DUR-E32B53: A coin issued by Carausius","image_urls":["https://finds.org.uk/images/frances/allison%20rudston%2010%20DUR-E32B53.jpg"]},{"from":286,"to":289,"title":"HAMP-23A1B2: A coin issued by Carausius","image_urls":["https://finds.org.uk/images/catherineo92/HAMP23A1B2.jpg"]},{"from":286,"to":293,"title":"NMS-FC9E78: A coin issued by Carausius","image_urls":["https://finds.org.uk/images/amarsden/NMD092014carausiusmars.jpg"]},{"from":286,"to":293,"title":"SUR-F422D8: A coin issued by Carausius","image_urls":["https://finds.org.uk/images/dwilliams/07.696.JPG"]},{"from":286,"to":293,"title":"LIN-273126: A coin issued by Carausius","image_urls":["https://finds.org.uk/images/adaubney/LIN3198.jpg"]},{"from":286,"to":293,"title":"HAMP-8242F7: A coin issued by Carausius","image_urls":["https://finds.org.uk/images/rwebley/HAMP-8242F7Carausiusradiate.jpg"]},{"from":286,"to":287,"title":"NMS-3DA945: A coin issued by Carausius","image_urls":["https://finds.org.uk/images/nbales/3DA945.jpg"]},{"from":286,"to":293,"title":"WMID-8233F1: A coin issued by Carausius","image_urls":["https://finds.org.uk/images/tgilmore/WMID-8233F1.jpg"]},{"from":286,"to":293,"title":"ESS-71B880: A coin issued by Carausius","image_urls":["https://finds.org.uk/images/cmcdonald/Adkin%20carausius.jpg"]},{"from":286,"to":293,"title":"BH-60C9C5: A coin issued by Carausius","image_urls":["https://finds.org.uk/images/jwatters/Roman_coin_12_79_52.jpg"]},{"from":286,"to":293,"title":"WMID-81C5A2: A coin issued by Carausius","image_urls":["https://finds.org.uk/images/tgilmore/WMID-81C5A2.jpg"]},{"from":286,"to":286,"title":"LEIC-746531: A coin issued by Maximian I (pre-reform)","image_urls":["https://finds.org.uk/images/wscott/1573%20746531.JPG"]},{"from":286,"to":293,"title":"BH-15D638: A coin issued by Carausius","image_urls":["https://finds.org.uk/images/laural/Roman%20coin%20WF%2007%20-%2071.jpg"]},{"from":286,"to":293,"title":"SUR-6782DD: A coin issued by Carausius for Maximian","image_urls":["https://finds.org.uk/images/margaretb/1526.JPG"]},{"from":286,"to":305,"title":"LIN-ABB775: A coin issued by Carausius for Maximian","image_urls":["https://finds.org.uk/images/adaubney/LIN5028.JPG"]},{"from":286,"to":293,"title":"NMS-0CEC64: A coin issued by Carausius","image_urls":["https://finds.org.uk/images/amarsden/KLMD072015carausiusMONETA.jpg"]},{"from":286,"to":293,"title":"NLM-9BA176: A coin issued by Carausius","image_urls":["https://finds.org.uk/images/mforeman/NLM16690.jpg"]},{"from":286,"to":310,"title":"BUC-2A6EC3: A coin issued by Maximian I (pre-reform)","image_urls":["https://finds.org.uk/images/sandiew/GB48.jpg"]},{"from":286,"to":305,"title":"LIN-7C5C34: A coin issued by Maximian I","image_urls":["https://finds.org.uk/images/adaubney/LIN576.JPG"]},{"from":286,"to":293,"title":"YORYM-E3B5B6: A coin issued by Claudius II","image_urls":["https://finds.org.uk/images/bmorris/WS0042.jpg"]},{"from":286,"to":286,"title":"HAMP-06D6A7: A coin issued by Maximian I (pre-reform)","image_urls":["https://finds.org.uk/images/kcreed/Hamp-06D6A7MaximianIradiate.jpg"]},{"from":286,"to":293,"title":"YORYM-16FE64: A coin issued by Carausius","image_urls":["https://finds.org.uk/images/law/BL0362.jpg"]},{"from":286,"to":293,"title":"SUR-E74522: A coin issued by Carausius for Diocletian","image_urls":["https://finds.org.uk/images/dwilliams/10.842.jpg"]},{"from":286,"to":293,"title":"LIN-E5D761: A coin issued by Carausius","image_urls":["https://finds.org.uk/images/adaubney/LIN8313.JPG"]},{"from":286,"to":293,"title":"PUBLIC-BD3EEF: A coin issued by Carausius","image_urls":["https://finds.org.uk/images/strebor/PUBLICBD3EEFCarausiusRomanbronzePAXAVG.jpg"]},{"from":286,"to":287,"title":"NMS-4B11C6: A coin issued by Carausius","image_urls":["https://finds.org.uk/images/amarsden/KLMD022014carausius.jpg"]},{"from":286,"to":293,"title":"WILT-39D937: A coin issued by Carausius","image_urls":["https://finds.org.uk/images/rhenry2/WILT-39D937.jpg"]},{"from":286,"to":293,"title":"SOM-EA5770: A coin issued by Carausius","image_urls":["https://finds.org.uk/images/rwebley2/SOM-EA5770.JPG"]},{"from":286,"to":293,"title":"LIN-E395D6: A coin issued by Carausius","image_urls":["https://finds.org.uk/images/adaubney/LIN8303.JPG"]},{"from":286,"to":293,"title":"SWYOR-8147A4: A coin issued by Carausius","image_urls":["https://finds.org.uk/images/acooper/PAS_1939_radiate2.jpg"]},{"from":286,"to":293,"title":"WAW-020223: A coin issued by Carausius","image_urls":["https://finds.org.uk/images/abolton/WAW-020223.jpg"]},{"from":286,"to":293,"title":"FASAM-979D5C: A coin issued by Carausius","image_urls":["https://finds.org.uk/images/sam/IMG_7834.JPG"]},{"from":286,"to":293,"title":"FASAM-48BB14: A coin issued by Carausius","image_urls":["https://finds.org.uk/images/sam/DSC08572.JPG"]},{"from":286,"to":293,"title":"BERK-7A29E5: A coin issued by Carausius","image_urls":["https://finds.org.uk/images/plevick/Polley%20-%20Roman%201comp.jpg"]},{"from":286,"to":293,"title":"BM-50F500: A coin issued by Carausius","image_urls":["https://finds.org.uk/images/jasonlundock/BM-5of500.jpg"]},{"from":286,"to":293,"title":"LANCUM-65A244: A coin issued by Carausius","image_urls":["https://finds.org.uk/images/neanore/LANCUM-65A244.jpg"]},{"from":286,"to":293,"title":"SUR-620C56: A coin issued by Carausius","image_urls":["https://finds.org.uk/images/dwilliams/B13-603.JPG"]},{"from":286,"to":287,"title":"NMS-F319C1: A coin issued by Carausius","image_urls":["https://finds.org.uk/images/amarsden/AHS112013carausius.jpg"]},{"from":286,"to":293,"title":"GLO-FFB996: A coin issued by Carausius","image_urls":["https://finds.org.uk/images/kadams/5685radiateofCarausius.jpg"]},{"from":286,"to":293,"title":"SUR-2F5234: A coin issued by Carausius","image_urls":["https://finds.org.uk/images/dwilliams/03.513a.jpg"]},{"from":286,"to":293,"title":"SWYOR-8A458E: A coin issued by Carausius","image_urls":["https://finds.org.uk/images/acooper/PAS_2162_Gallienus.jpg"]},{"from":286,"to":293,"title":"ESS-14D6E5: A coin issued by Carausius","image_urls":["https://finds.org.uk/images/lmclean/ESS-14D6E5%20carausius%20pax.jpg"]},{"from":286,"to":293,"title":"SWYOR-4FD965: A coin issued by Carausius","image_urls":["https://finds.org.uk/images/amarshall/DSCN5661.JPG"]},{"from":286,"to":293,"title":"DOR-2BA1E4: A coin issued by Carausius","image_urls":["https://finds.org.uk/images/caht/2BA1E4.JPG"]},{"from":286,"to":293,"title":"DOR-0DF037: A coin issued by Carausius","image_urls":["https://finds.org.uk/images/caht/0DF037.jpg"]},{"from":286,"to":293,"title":"NMGW-F90EC4: A coin issued by Carausius","image_urls":["https://finds.org.uk/images/wenkedomscheit/2014.5.2jpg.jpg"]},{"from":286,"to":293,"title":"PUBLIC-7B0E14: A coin issued by Carausius","image_urls":["https://finds.org.uk/images/Linz/MD27.jpg"]},{"from":286,"to":293,"title":"SUR-F46BD4: A coin issued by Carausius","image_urls":["https://finds.org.uk/images/dwilliams/07.700.JPG"]},{"from":286,"to":293,"title":"LEIC-8C2497: A coin issued by Carausius","image_urls":["https://finds.org.uk/images/wscott/8C2497.JPG"]},{"from":286,"to":293,"title":"SF-CC3F51: A coin issued by Carausius","image_urls":["https://finds.org.uk/images/abrown/WSW_SF-CC3F51.jpg"]},{"from":286,"to":293,"title":"NCL-A690A3: A coin issued by Carausius","image_urls":["https://finds.org.uk/images/sam/NCL-A690A3.jpg"]},{"from":286,"to":293,"title":"LIN-E40E95: A coin issued by Carausius","image_urls":["https://finds.org.uk/images/adaubney/LIN8306.JPG"]},{"from":286,"to":293,"title":"CAM-6BFD87: A coin issued by Carausius","image_urls":["https://finds.org.uk/images/hfowler/CAM-6BFD87.jpg"]},{"from":286,"to":293,"title":"BH-059652: A coin issued by Carausius","image_urls":["https://finds.org.uk/images/jwatters/Roman%20coin%2006%2032%20-%209.jpg"]},{"from":286,"to":293,"title":"WAW-C77573: A coin issued by Carausius","image_urls":["https://finds.org.uk/images/abolton/WAW-C77573.jpg"]},{"from":286,"to":293,"title":"LIN-E4AEF8: A coin issued by Carausius","image_urls":["https://finds.org.uk/images/adaubney/LIN8312.JPG"]},{"from":286,"to":293,"title":"WILT-F15877: A coin issued by Carausius","image_urls":["https://finds.org.uk/images/khinds/Barrett0410carausius.jpg"]},{"from":286,"to":293,"title":"HAMP-22A741: A coin issued by Carausius","image_urls":["https://finds.org.uk/images/khindshamp/HAMP-22A741.jpg"]},{"from":286,"to":293,"title":"SF-CC7F70: A coin issued by Carausius","image_urls":["https://finds.org.uk/images/abrown/WSW_SF-CC7F70.jpg"]},{"from":286,"to":293,"title":"SUSS-26BE55: A coin issued by Carausius","image_urls":["https://finds.org.uk/images/stephaniesmith/SUSS-26BE55RadiateCarausius.jpg"]},{"from":286,"to":293,"title":"BM-0B67F2: A coin issued by Carausius","image_urls":["https://finds.org.uk/images/jasonlundock/bm0b67f2.jpg"]},{"from":286,"to":293,"title":"YORYM-44B455: A coin issued by Carausius","image_urls":["https://finds.org.uk/images/bmorris/JCY0017.jpg"]},{"from":286,"to":293,"title":"NLM-00E8E4: A coin issued by Carausius","image_urls":["https://finds.org.uk/images/mforeman/NLM24918.jpg"]},{"from":286,"to":293,"title":"NARC-83C3E6: A coin issued by Carausius","image_urls":["https://finds.org.uk/images/tbrindle/NARC-83C3E6radiateobv.jpg"]},{"from":286,"to":293,"title":"HAMP-9EC8C6: A coin issued by Carausius","image_urls":["https://finds.org.uk/images/rwebley/HAMP-9EC8C6Carausiusradiate.jpg"]},{"from":286,"to":293,"title":"SUR-B45FD1: A coin issued by Carausius","image_urls":["https://finds.org.uk/images/dwilliams/06.1152.JPG"]},{"from":286,"to":293,"title":"SUR-C4DA92: A coin issued by Carausius","image_urls":["https://finds.org.uk/images/dwilliams/B11-293.jpg"]},{"from":286,"to":293,"title":"YORYM-B0E993: A coin issued by Carausius","image_urls":["https://finds.org.uk/images/bmorris/BL0816.jpg"]},{"from":286,"to":293,"title":"LVPL-58DE18: A coin issued by Carausius","image_urls":["https://finds.org.uk/images/voakden/IMG_3598.jpg"]},{"from":286,"to":293,"title":"HAMP-BCD1F7: A coin issued by Carausius","image_urls":["https://finds.org.uk/images/jmccrohan/Hamp%20BCD1F7.tif"]},{"from":286,"to":293,"title":"SUR-0C71D7: A coin issued by Carausius","image_urls":["https://finds.org.uk/images/margaretb/09.087.JPG"]},{"from":286,"to":293,"title":"NLM-28DCB1: A coin issued by Carausius","image_urls":["https://finds.org.uk/images/mforeman/NLM24374.jpg"]},{"from":286,"to":293,"title":"YORYM-D56A27: A coin issued by Carausius","image_urls":["https://finds.org.uk/images/rebeccam/SS0188.jpg"]},{"from":286,"to":293,"title":"WILT-7C1B24: A coin issued by Carausius","image_urls":["https://finds.org.uk/images/rhenry2/WILT7C1B24.jpg"]},{"from":286,"to":293,"title":"LIN-E46166: A coin issued by Carausius","image_urls":["https://finds.org.uk/images/adaubney/LIN8308.JPG"]},{"from":286,"to":293,"title":"SOM-DF0782: A coin issued by Carausius","image_urls":["https://finds.org.uk/images/npayne/DF0782.JPG"]},{"from":286,"to":293,"title":"ESS-03E883: A coin issued by Carausius","image_urls":["https://finds.org.uk/images/cmcdonald/Scan%204.jpg"]},{"from":286,"to":293,"title":"WMID-0A7971: A coin issued by Carausius","image_urls":["https://finds.org.uk/images/tbrindle/WMID-0A7971.jpg"]},{"from":286,"to":293,"title":"WMID-158F02: A coin issued by Carausius","image_urls":["https://finds.org.uk/images/tbrindle/WMID-158F02.jpg"]},{"from":286,"to":293,"title":"PUBLIC-AAFA78: A coin issued by Carausius","image_urls":["https://finds.org.uk/images/Linz/MD74.jpg"]},{"from":286,"to":293,"title":"SUR-88BD71: A coin issued by Carausius","image_urls":["https://finds.org.uk/images/dwilliams/07.582.JPG"]},{"from":286,"to":293,"title":"LVPL-6DF704: A coin issued by Carausius","image_urls":["https://finds.org.uk/images/voakden/LVPL-6DF704.JPG"]},{"from":286,"to":293,"title":"YORYM-DC43F5: A coin issued by Carausius","image_urls":["https://finds.org.uk/images/law/CB0120.jpg"]},{"from":286,"to":293,"title":"YORYM-7AA9C3: A coin issued by Carausius","image_urls":["https://finds.org.uk/images/bmorris/BL1189.jpg"]},{"from":286,"to":293,"title":"YORYM-241D16: A coin issued by Carausius","image_urls":["https://finds.org.uk/images/law/GBB0010.jpg"]},{"from":286,"to":293,"title":"WILT-29FB82: A coin issued by Carausius","image_urls":["https://finds.org.uk/images/khinds/Belk1111carausius.jpg"]},{"from":286,"to":289,"title":"HAMP-DF2D6D: A coin issued by Carausius","image_urls":["https://finds.org.uk/images/khindshamp/HAMP-DF2D6D.jpg"]},{"from":286,"to":293,"title":"LVPL-77D6A6: A coin issued by Carausius","image_urls":["https://finds.org.uk/images/fmcintosh/moore%20greetwell%2018.jpg"]},{"from":286,"to":293,"title":"NCL-10DD76: A coin issued by Carausius","image_urls":["https://finds.org.uk/images/pwalton/10DD76.jpg"]},{"from":286,"to":293,"title":"YORYM-269E74: A coin issued by Carausius","image_urls":["https://finds.org.uk/images/bmorris/JWi0007.jpg"]},{"from":286,"to":293,"title":"WILT-6A8D5E: A coin issued by Carausius","image_urls":["https://finds.org.uk/images/jshoemark/WILT6A8D5E.jpg"]},{"from":286,"to":293,"title":"SUR-F47BB3: A coin issued by Carausius","image_urls":["https://finds.org.uk/images/dwilliams/07.701.JPG"]},{"from":286,"to":293,"title":"WAW-A32033: A coin issued by Carausius","image_urls":["https://finds.org.uk/images/abolton/WAW-A32033.jpg"]},{"from":286,"to":293,"title":"SUR-29B103: A coin issued by Maximian I (pre-reform)","image_urls":["https://finds.org.uk/images/dwilliams/B11-406.jpg"]},{"from":286,"to":293,"title":"ESS-74EAE9: A coin issued by Carausius","image_urls":["https://finds.org.uk/images/kmarsden/ESS-74EAE9.jpg"]},{"from":286,"to":293,"title":"YORYM-9023F5: A coin issued by Carausius","image_urls":["https://finds.org.uk/images/law/IPD0018.jpg"]},{"from":286,"to":293,"title":"DENO-64DAE1: A coin issued by Carausius","image_urls":["https://finds.org.uk/images/arohde/E5986%20aureus%20concordia%20milit.jpg"]},{"from":286,"to":287,"title":"NMS-784AF4: A coin issued by Carausius","image_urls":["https://finds.org.uk/images/edarch/NMS-784AF4%20Carausius.jpg"]},{"from":286,"to":293,"title":"SUSS-39F9F8: A coin issued by Carausius","image_urls":["https://finds.org.uk/images/lburnett/PS%20box%202%2023.jpg"]},{"from":286,"to":293,"title":"WILT-A88FE0: A coin issued by Carausius","image_urls":["https://finds.org.uk/images/rhenry2/WILT-A88FE0.jpg"]},{"from":286,"to":293,"title":"HAMP-0CFDD1: A coin issued by Carausius","image_urls":["https://finds.org.uk/images/rwebley/HAMP-0CFDD1Carausiusradiate.jpg"]},{"from":286,"to":293,"title":"NMS-ADB096: A coin issued by Carausius","image_urls":["https://finds.org.uk/images/amarsden/DDMD022014carausius.jpg"]},{"from":286,"to":293,"title":"WILT-5DA966: A coin issued by Carausius","image_urls":["https://finds.org.uk/images/bea92/WILT-5DA966.jpg"]},{"from":286,"to":293,"title":"ESS-9DDCA4: A coin issued by Carausius","image_urls":["https://finds.org.uk/images/cmcdonald/Bronw%20Lee%20carausius.jpg"]},{"from":286,"to":294,"title":"DUR-580FC6: A coin issued by Maximian I (pre-reform)","image_urls":["https://finds.org.uk/images/emorris/DUR-580FC6.jpg"]},{"from":286,"to":287,"title":"NMS-A14E47: A coin issued by Carausius","image_urls":["https://finds.org.uk/images/amarsden/KLMD042014carausius.jpg"]},{"from":286,"to":293,"title":"SF-4B0485: A coin issued by Carausius","image_urls":["https://finds.org.uk/images/abrown/WSW%20026_SF-4B0485.jpg"]},{"from":286,"to":293,"title":"YORYM-276B93: A coin issued by Carausius","image_urls":["https://finds.org.uk/images/bmorris/YORYM_276B93.jpg"]},{"from":286,"to":293,"title":"ESS-5D37D6: A coin issued by Carausius","image_urls":["https://finds.org.uk/images/samatthews/029-C0113.jpg"]},{"from":286,"to":293,"title":"BH-A46983: A coin issued by Carausius","image_urls":["https://finds.org.uk/images/jwatters/Roman_coin_13_40_15.jpg"]},{"from":286,"to":293,"title":"LIN-E551B3: A coin issued by Carausius","image_urls":["https://finds.org.uk/images/adaubney/LIN5780.JPG"]},{"from":286,"to":293,"title":"SWYOR-7E97B4: A coin issued by Carausius","image_urls":["https://finds.org.uk/images/dcrowther/PAS_905_7E97B4.jpg"]},{"from":286,"to":293,"title":"BH-BFCEC6: A coin issued by Carausius for Maximian","image_urls":["https://finds.org.uk/images/jwatters/Roman_coin_11_201_31.jpg"]},{"from":286,"to":293,"title":"BUC-DC2D43: A coin issued by Carausius","image_urls":["https://finds.org.uk/images/jmoss/3DSCN4686.JPG"]},{"from":286,"to":293,"title":"BERK-372761: A coin issued by Carausius","image_urls":["https://finds.org.uk/images/abyard/2013844.jpg"]},{"from":286,"to":293,"title":"SUSS-5E9021: A coin issued by Carausius","image_urls":["https://finds.org.uk/images/lburnett/SUSS-5E9021.JPG"]},{"from":286,"to":293,"title":"SUR-F63406: A coin issued by Carausius","image_urls":["https://finds.org.uk/images/dwilliams/06.854.JPG"]},{"from":286,"to":293,"title":"NMS-283310: A coin issued by Carausius","image_urls":["https://finds.org.uk/images/amarsden/RC102013carausius.jpg"]},{"from":286,"to":287,"title":"CORN-C460B1: A coin issued by Maximian I","image_urls":["https://finds.org.uk/images/atyacke/MaximianIAlexandriaobv.jpg"]},{"from":286,"to":293,"title":"BH-74DF68: A coin issued by Carausius for Maximian","image_urls":["https://finds.org.uk/images/laural/Roman%20coin%2007%20130%20-%2066.jpg"]},{"from":286,"to":293,"title":"SOM-B0F428: A coin issued by Carausius","image_urls":["https://finds.org.uk/images/npayne/B0F428.JPG"]},{"from":286,"to":293,"title":"LEIC-574470: A coin issued by Carausius","image_urls":["https://finds.org.uk/images/leicvol/LEIC-574470.jpg"]},{"from":286,"to":293,"title":"WILT-2719D5: A coin issued by Carausius","image_urls":["https://finds.org.uk/images/rhenry2/WILT-2719D5.jpg"]},{"from":286,"to":293,"title":"HAMP-869B74: A coin issued by Carausius","image_urls":["https://finds.org.uk/images/rwebley/HAMP-869B74Carausiusradiate.jpg"]},{"from":286,"to":293,"title":"LIN-8DFDD4: A coin issued by Carausius","image_urls":["https://finds.org.uk/images/adaubney/LIN5957.JPG"]},{"from":286,"to":293,"title":"SUR-BA5C44: A coin issued by Carausius","image_urls":["https://finds.org.uk/images/dwilliams/06%201139.JPG"]},{"from":286,"to":293,"title":"WILT-846588: A coin issued by Carausius","image_urls":["https://finds.org.uk/images/jshoemark/WILT846588.jpg"]},{"from":286,"to":293,"title":"BH-3D8E04: A coin issued by Carausius","image_urls":["https://finds.org.uk/images/jwatters/Roman%20coin%2009%209%20-%202.jpg"]},{"from":286,"to":293,"title":"SUR-291256: A coin issued by Carausius","image_urls":["https://finds.org.uk/images/dwilliams/B11-398.jpg"]},{"from":286,"to":293,"title":"KENT-6BC345: A coin issued by Carausius","image_urls":["https://finds.org.uk/images/gburr/DSCN4627.JPG"]},{"from":286,"to":293,"title":"LON-BDB0F6: A coin issued by Carausius","image_urls":["https://finds.org.uk/images/ksumnall/Ladbrook-Hutt%20-%20Radiate%20-%20Sept%2010.jpg"]},{"from":286,"to":293,"title":"WILT-1C5F40: A coin issued by Carausius","image_urls":["https://finds.org.uk/images/rhenry2/WILT-1C5F40.jpg"]},{"from":286,"to":293,"title":"LIN-E49203: A coin issued by Carausius","image_urls":["https://finds.org.uk/images/adaubney/LIN8310.JPG"]},{"from":286,"to":293,"title":"SOM-A8CED7: A coin issued by Carausius","image_urls":["https://finds.org.uk/images/elburnett/SOM-A8CED7.jpg"]},{"from":286,"to":293,"title":"BH-091991: A coin issued by Carausius","image_urls":["https://finds.org.uk/images/jwatters/Roman_coin_13_54_37b.jpg"]},{"from":286,"to":293,"title":"BH-D43973: A coin issued by Carausius","image_urls":["https://finds.org.uk/images/jwatters/Roman%20coin%2009%207%20-%201.jpg"]},{"from":286,"to":287,"title":"BM-510F53: A coin issued by Carausius","image_urls":["https://finds.org.uk/images/jasonlundock/BM-510f53.jpg"]},{"from":286,"to":293,"title":"SF-42F9D5: A coin issued by Carausius","image_urls":["https://finds.org.uk/images/abrown/WSW_SF-42F9D5.jpg"]},{"from":286,"to":293,"title":"WMID-CE2611: A coin issued by Carausius","image_urls":["https://finds.org.uk/images/tbrindle/WMID-CE2611.jpg"]},{"from":286,"to":293,"title":"SF-5918C5: A coin issued by Carausius","image_urls":["https://finds.org.uk/images/abrown/FRK_SF-5918C5.jpg"]},{"from":286,"to":293,"title":"HAMP-52ED95: A coin issued by Carausius","image_urls":["https://finds.org.uk/images/rwebley/HAMP-52ED95Carausiusradiate.jpg"]},{"from":286,"to":293,"title":"SF-3D5881: A coin issued by Carausius","image_urls":["https://finds.org.uk/images/abrown/LKD%20SF-3D5881.jpg"]},{"from":286,"to":293,"title":"WILT-395C15: A coin issued by Carausius","image_urls":["https://finds.org.uk/images/khinds/WILT-395C15.jpg"]},{"from":286,"to":293,"title":"DUR-21C550: A coin issued by Carausius","image_urls":["https://finds.org.uk/images/frances/DUR-21C550.JPG"]},{"from":286,"to":293,"title":"WAW-3C55B2: A coin issued by Carausius","image_urls":["https://finds.org.uk/images/abolton/WAW-3C55B2.jpg"]},{"from":286,"to":293,"title":"SUR-2943B3: A coin issued by Carausius","image_urls":["https://finds.org.uk/images/dwilliams/B11-401.jpg"]},{"from":286,"to":293,"title":"CORN-83F8E7: A coin issued by Carausius","image_urls":["https://finds.org.uk/images/atyacke/Aug10finz%20021.jpg"]},{"from":286,"to":293,"title":"DUR-EA5A65: A coin issued by Carausius","image_urls":["https://finds.org.uk/images/emorris/DUR-EA5A65.jpg"]},{"from":286,"to":293,"title":"HAMP-E23002: A coin issued by Carausius","image_urls":["https://finds.org.uk/images/rwebley/HAMP-E23002Carausiusradiate.jpg"]},{"from":286,"to":293,"title":"LIN-E46CF6: A coin issued by Carausius","image_urls":["https://finds.org.uk/images/adaubney/LIN8309.JPG"]},{"from":286,"to":293,"title":"SUR-890187: A coin issued by Carausius","image_urls":["https://finds.org.uk/images/dwilliams/03.518a.jpg"]},{"from":286,"to":293,"title":"NMGW-FD402E: A coin issued by Carausius","image_urls":["https://finds.org.uk/images/wenkedomscheit/2014.7.13jpg.jpg"]},{"from":286,"to":293,"title":"LIN-E3F5D7: A coin issued by Carausius","image_urls":["https://finds.org.uk/images/adaubney/LIN8305.JPG"]},{"from":286,"to":293,"title":"BH-40A6F7: A coin issued by Carausius","image_urls":["https://finds.org.uk/images/jwatters/Roman_coin_12_105_9.jpg"]},{"from":286,"to":293,"title":"NARC-B30D36: A coin issued by Carausius","image_urls":["https://finds.org.uk/images/jcassidy/NARC-B30D36%20b.jpg"]},{"from":286,"to":293,"title":"SUR-B50F3B: A coin issued by Carausius","image_urls":["https://finds.org.uk/images/dwilliams/14-595.JPG"]},{"from":286,"to":293,"title":"DENO-91F3A3: A coin issued by Carausius","image_urls":["https://finds.org.uk/images/arohde/E6221%20Carausius%20radiate.jpg"]},{"from":286,"to":293,"title":"NCL-B6BC81: A coin issued by Carausius","image_urls":["https://finds.org.uk/images/pwalton/carausiusmerg.jpg"]},{"from":286,"to":293,"title":"WAW-EA5384: A coin issued by Carausius","image_urls":["https://finds.org.uk/images/abolton/WAW-EA5384.jpg"]},{"from":286,"to":293,"title":"BM-228151: A coin issued by Carausius","image_urls":["https://finds.org.uk/images/jasonlundock/BM-228151.jpg"]},{"from":286,"to":293,"title":"NMS-634ECC: A coin issued by Carausius","image_urls":["https://finds.org.uk/images/amarsden/NMD092014carausiuslion.jpg"]},{"from":286,"to":293,"title":"SWYOR-63D5B8: A coin issued by Carausius","image_urls":["https://finds.org.uk/images/jboffey1990/PAS_1252_radiate.jpg"]},{"from":286,"to":293,"title":"FASAM-8547A5: A coin issued by Carausius","image_urls":["https://finds.org.uk/images/sam/DSC07098.JPG"]},{"from":286,"to":293,"title":"SUR-CDDCF3: A coin issued by Carausius","image_urls":["https://finds.org.uk/images/dwilliams/08.1600.JPG"]},{"from":286,"to":293,"title":"BH-57FE14: A coin issued by Carausius","image_urls":["https://finds.org.uk/images/jwatters/Roman_coin_12_39_94.jpg"]},{"from":286,"to":293,"title":"BH-18F5D7: A coin issued by Carausius","image_urls":["https://finds.org.uk/images/jwatters/Roman%20coin%2009%2051%20-%208.jpg"]},{"from":286,"to":293,"title":"HAMP-CB0ED1: A coin issued by Carausius","image_urls":["https://finds.org.uk/images/rwebley/HAMP-CB0ED1Carausiusradiate.jpg"]},{"from":286,"to":293,"title":"BM-4CE4D6: A coin issued by Carausius","image_urls":["https://finds.org.uk/images/vdrost/DSC02065.JPG"]},{"from":286,"to":293,"title":"YORYM-F2B331: A coin issued by Carausius","image_urls":["https://finds.org.uk/images/bmorris/BR1155.jpg"]},{"from":286,"to":293,"title":"BM-B49CF4: A coin issued by Carausius","image_urls":["https://finds.org.uk/images/vdrost/CarausiusDenarius_PicketPiece_rev.JPG"]},{"from":286,"to":293,"title":"SUR-C69811: A coin issued by Carausius","image_urls":["https://finds.org.uk/images/margaretb/09.1409.JPG"]},{"from":286,"to":293,"title":"LIN-E51DD6: A coin issued by Carausius","image_urls":["https://finds.org.uk/images/adaubney/LIN5779.JPG"]},{"from":286,"to":293,"title":"NLM-63EB57Z: A coin issued by Carausius","image_urls":["https://finds.org.uk/images/mforeman/NLM19672.jpg"]},{"from":286,"to":293,"title":"NLM-5E8445: A coin issued by Carausius","image_urls":["https://finds.org.uk/images/mforeman/NLM16653.jpg"]},{"from":286,"to":293,"title":"LVPL-F97313: A coin issued by Carausius","image_urls":["https://finds.org.uk/images/voakden/LVPL-F97313.jpg"]},{"from":286,"to":293,"title":"HAMP-82A5C8: A coin issued by Carausius for Maximian","image_urls":["https://finds.org.uk/images/rwebley/HAMP-82A5C8Carausiusradiate.jpg"]},{"from":286,"to":293,"title":"NARC-AE0D62: A coin issued by Carausius","image_urls":["https://finds.org.uk/images/tbrindle/NARC-AE0D62radiateobv.jpg"]},{"from":286,"to":293,"title":"BH-408C32: A coin issued by Carausius","image_urls":["https://finds.org.uk/images/jwatters/Roman_coin_12_105_10.jpg"]},{"from":286,"to":292,"title":"YORYM-FBD865: A coin issued by Probus","image_urls":["https://finds.org.uk/images/law/KSB0032.jpg"]},{"from":286,"to":293,"title":"WILT-BE7CDA: A coin issued by Carausius","image_urls":["https://finds.org.uk/images/rhenry2/WILTBE7CDA.jpg"]},{"from":286,"to":293,"title":"SWYOR-25F690: A coin issued by Carausius","image_urls":["https://finds.org.uk/images/acooper/coin_kirk_deighton.jpg"]},{"from":286,"to":293,"title":"WILT-83DE37: A coin issued by Carausius","image_urls":["https://finds.org.uk/images/spam05/WILT-83DE37.jpg"]},{"from":286,"to":293,"title":"WMID-2C5A44: A coin issued by Carausius","image_urls":["https://finds.org.uk/images/riccardo/wmid-2c5a44_b.jpg"]},{"from":286,"to":293,"title":"NMS-DC2D13: A coin issued by Carausius","image_urls":["https://finds.org.uk/images/norfolkarcher/Carausius%20obv.JPG"]},{"from":286,"to":293,"title":"WAW-3D3D97: A coin issued by Carausius","image_urls":["https://finds.org.uk/images/abolton/WAW-3D3D97.jpg"]},{"from":286,"to":293,"title":"LIN-E31C34: A coin issued by Carausius","image_urls":["https://finds.org.uk/images/adaubney/LIN8302.JPG"]},{"from":286,"to":293,"title":"HAMP3187: A coin issued by Carausius","image_urls":["https://finds.org.uk/images/sworrell/hamp%203187.JPG"]},{"from":286,"to":293,"title":"SUR-B898E7: A coin issued by Carausius","image_urls":["https://finds.org.uk/images/dwilliams/08.139.JPG"]},{"from":286,"to":293,"title":"WAW-0880D5: A coin issued by Carausius","image_urls":["https://finds.org.uk/images/abolton/WAW-0880D5.jpg"]},{"from":286,"to":293,"title":"SOM-7C1163: A coin issued by Carausius","image_urls":["https://finds.org.uk/images/rwebley2/SOM-7C1163.jpg"]},{"from":286,"to":293,"title":"NLM-DD3194: A coin issued by Carausius","image_urls":["https://finds.org.uk/images/lstaves/NLM10796.jpg"]},{"from":286,"to":293,"title":"SWYOR-5D6E60: A coin issued by Carausius","image_urls":["https://finds.org.uk/images/acooper/PAS_877_wentbridge_8.jpg"]},{"from":286,"to":294,"title":"BH-3A2106: A coin issued by Carausius","image_urls":["https://finds.org.uk/images/jwatters/Radiate%20Carausius%20rev.jpg"]},{"from":286,"to":293,"title":"SUR-A26D07: A coin issued by Carausius","image_urls":["https://finds.org.uk/images/dwilliams/11-256.jpg"]},{"from":286,"to":293,"title":"DENO-651C91: A coin issued by Carausius","image_urls":["https://finds.org.uk/images/arohde/E5986%20aureus%20pax.jpg"]},{"from":286,"to":293,"title":"SUR-B664B5: A coin issued by Carausius","image_urls":["https://finds.org.uk/images/dwilliams/11-1536.jpg"]},{"from":286,"to":293,"title":"WILT-8436E5: A coin issued by Carausius","image_urls":["https://finds.org.uk/images/jshoemark/WILT8436E5.jpg"]},{"from":286,"to":293,"title":"HAMP-86EF17: A coin issued by Carausius","image_urls":["https://finds.org.uk/images/rwebley/HAMP-86EF17Carausiusradiate.jpg"]},{"from":286,"to":293,"title":"HAMP-53D451: A coin issued by Carausius","image_urls":["https://finds.org.uk/images/rwebley/HAMP-53D451Carausiusradiate.jpg"]},{"from":286,"to":293,"title":"SF-A862F0: A coin issued by Carausius for Maximian","image_urls":["https://finds.org.uk/images/abrown/WMH_SF-A862F0.jpg"]},{"from":286,"to":293,"title":"BH-99FB10: A coin issued by Carausius","image_urls":["https://finds.org.uk/images/jwatters/Roman%20coin%2009%2063%20-%202.jpg"]},{"from":286,"to":293,"title":"SOM-EC8713: A coin issued by Carausius","image_urls":["https://finds.org.uk/images/kmarsden/SOM-EC8713.JPG"]},{"from":286,"to":293,"title":"WAW-9E1EA6: A coin issued by Carausius","image_urls":["https://finds.org.uk/images/abolton/WAW-9E1EA6.jpg"]},{"from":286,"to":293,"title":"WAW-D8C232: A coin issued by Carausius","image_urls":["https://finds.org.uk/images/abolton/WAW-D8C232.jpg"]},{"from":286,"to":293,"title":"SUR-372B61: A coin issued by Carausius","image_urls":["https://finds.org.uk/images/dwilliams/07.203.JPG"]},{"from":286,"to":293,"title":"NLM-8783A4: A coin issued by Carausius","image_urls":["https://finds.org.uk/images/mforeman/NLM17562.jpg"]},{"from":286,"to":293,"title":"SOM-D404F1: A coin issued by Carausius","image_urls":["https://finds.org.uk/images/npayne/D404F1.JPG"]},{"from":286,"to":293,"title":"IOW-A839A1: A coin issued by Carausius","image_urls":["https://finds.org.uk/images/fbasford/IOW2007-1-432.JPG"]},{"from":286,"to":293,"title":"ESS-7FF087: A coin issued by Carausius","image_urls":["https://finds.org.uk/images/samatthews/ESS-7FF087.jpg"]},{"from":286,"to":293,"title":"WILT-796043: A coin with an unrecorded/uncertain issuer.","image_urls":["https://finds.org.uk/images/rhenry2/WILT-796043.jpg"]},{"from":286,"to":293,"title":"LIN-483121: A coin issued by Carausius","image_urls":["https://finds.org.uk/images/adaubney/LIN2014_151.jpg"]},{"from":286,"to":293,"title":"ESS-1DB9A0: A coin issued by Carausius","image_urls":["https://finds.org.uk/images/srdeacon2/052-C0001ESS-1DB9A0.jpg"]},{"from":286,"to":293,"title":"DENO-ECC6E0: A coin issued by Carausius","image_urls":["https://finds.org.uk/images/pdavidson/roman_coin_ECC6E0.jpg"]},{"from":286,"to":293,"title":"HAMP-834492: A coin issued by Carausius for Diocletian","image_urls":["https://finds.org.uk/images/rwebley/HAMP-834492Carausiusradiate.jpg"]},{"from":286,"to":293,"title":"BM-3F6121: A coin issued by Carausius","image_urls":["https://finds.org.uk/images/vdrost/BM_3F6121_rev.JPG"]},{"from":286,"to":293,"title":"SWYOR-500233: A coin issued by Carausius","image_urls":["https://finds.org.uk/images/amarshall/DSCN5644.JPG"]},{"from":286,"to":293,"title":"PUBLIC-65EA74: A coin issued by Carausius","image_urls":["https://finds.org.uk/images/calow1/FLE14.%20714.JPG"]},{"from":286,"to":293,"title":"LIN-E4A253: A coin issued by Carausius","image_urls":["https://finds.org.uk/images/adaubney/LIN8311.JPG"]},{"from":286,"to":293,"title":"DUR-A5CC48: A coin issued by Carausius","image_urls":["https://finds.org.uk/images/frances/criag%20best%20coin2.jpg"]},{"from":286,"to":289,"title":"HAMP-C9DE49: A coin issued by Carausius","image_urls":["https://finds.org.uk/images/khindshamp/HAMP-C9DE49.jpg"]},{"from":286,"to":293,"title":"SF-8FC4D7: A coin issued by Carausius","image_urls":["https://finds.org.uk/images/abrown/WSW_SF-8FC4D7.jpg"]},{"from":286,"to":310,"title":"NARC-A71D37: A coin issued by Maximian I (pre-reform)","image_urls":["https://finds.org.uk/images/tbrindle/NARC-A71D37radiateobv.jpg"]},{"from":286,"to":293,"title":"WILT-5D3FE8: A coin issued by Carausius","image_urls":["https://finds.org.uk/images/rhenry2/WILT-5D3FE8.jpg"]},{"from":286,"to":293,"title":"SUR-667D24: A coin issued by Carausius","image_urls":["https://finds.org.uk/images/dwilliams/08.1580.JPG"]},{"from":286,"to":293,"title":"LIN-E63962: A coin issued by Carausius for Maximian","image_urls":["https://finds.org.uk/images/adaubney/LIN8314.JPG"]},{"from":286,"to":293,"title":"WILT-087BA4: A coin issued by Carausius","image_urls":["https://finds.org.uk/images/jshoemark/WILT087BA4.jpg"]},{"from":286,"to":293,"title":"GLO-3A2ED4: A coin issued by Carausius","image_urls":["https://finds.org.uk/images/kadams/GLO3A2ED4.jpg"]},{"from":286,"to":287,"title":"LEIC-36B586: A coin issued by Carausius","image_urls":["https://finds.org.uk/images/wscott/36B586.JPG"]},{"from":286,"to":293,"title":"IOW-E21BC9: A coin issued by Carausius","image_urls":["https://finds.org.uk/images/fbasford/IOW2014-2-367.JPG"]},{"from":286,"to":293,"title":"SUR-572A63: A coin issued by Carausius","image_urls":["https://finds.org.uk/images/margaretb/DSCN2737.JPG"]},{"from":286,"to":287,"title":"NMS-3C7C03: A coin issued by Carausius","image_urls":["https://finds.org.uk/images/amarsden/KLMD032014carausiusretrograde.jpg"]},{"from":286,"to":305,"title":"DUR-928F52: A coin issued by Maximian I (pre-reform)","image_urls":["https://finds.org.uk/images/frances/DUR-928F52.jpg"]},{"from":286,"to":293,"title":"SUSS-614F07: A coin issued by Allectus","image_urls":["https://finds.org.uk/images/corbie01/SUSS-614F07RadiateAllectus.jpg"]},{"from":286,"to":293,"title":"YORYM-FEF2C6: A coin issued by Carausius","image_urls":["https://finds.org.uk/images/bmorris/GCB0002.jpg"]},{"from":286,"to":293,"title":"LANCUM-5CE838: A coin issued by Carausius","image_urls":["https://finds.org.uk/images/snoon/LANCUM-5CE838.jpg"]},{"from":286,"to":293,"title":"SOM-BC6C44: A coin issued by Carausius","image_urls":["https://finds.org.uk/images/npayne/BC6C44.JPG"]},{"from":286,"to":293,"title":"LIN-E3DF51: A coin issued by Carausius","image_urls":["https://finds.org.uk/images/adaubney/LIN8304.JPG"]},{"from":286,"to":293,"title":"SWYOR-CFEAC5: A coin issued by Carausius","image_urls":["https://finds.org.uk/images/dcrowther/PAS_905_CFEAC5.jpg"]},{"from":286,"to":293,"title":"BERK-391D53: A coin issued by Carausius","image_urls":["https://finds.org.uk/images/plevick/Or457.jpg"]},{"from":286,"to":293,"title":"LIN-4E7021: A coin issued by Carausius","image_urls":["https://finds.org.uk/images/adaubney/LIN2012-321.jpg"]},{"from":286,"to":293,"title":"DENO-082403: A coin issued by Carausius","image_urls":["https://finds.org.uk/images/cburrill2/Carausius_Bull_Radiate.jpg"]},{"from":286,"to":293,"title":"BUC-097BD8: A coin issued by Carausius","image_urls":["https://finds.org.uk/images/jmoss/2dscn9682.jpg"]},{"from":286,"to":289,"title":"HAMP-DE5FF3: A coin issued by Carausius","image_urls":["https://finds.org.uk/images/khindshamp/HAMP-DE5FF3.jpg"]},{"from":286,"to":293,"title":"LVPL-FB6789: A coin issued by Carausius","image_urls":["https://finds.org.uk/images/voakden/LVPL-FB6789.jpg"]},{"from":286,"to":293,"title":"ESS-14AE15: A coin issued by Carausius","image_urls":["https://finds.org.uk/images/lmclean/ESS-14AE15%20carausius.jpg"]},{"from":286,"to":293,"title":"LIN-E426B6: A coin issued by Carausius","image_urls":["https://finds.org.uk/images/adaubney/LIN8307.JPG"]},{"from":286,"to":293,"title":"SOM-7B10D5: A coin issued by Carausius","image_urls":["https://finds.org.uk/images/elburnett/SOM-7B10D5.JPG"]},{"from":286,"to":293,"title":"WILT-5E6837: A coin issued by Carausius for Maximian","image_urls":["https://finds.org.uk/images/khinds/WILT-5E6837.jpg"]},{"from":286,"to":293,"title":"BUC-7A7BF7: A coin issued by Carausius","image_urls":["https://finds.org.uk/images/jmoss/3DSCN4368.JPG"]},{"from":286,"to":293,"title":"WMID-C12986: A coin issued by Carausius","image_urls":["https://finds.org.uk/images/tgilmore/WMID-C12986.jpg"]},{"from":286,"to":293,"title":"HAMP-3D5D36: A coin issued by Carausius","image_urls":["https://finds.org.uk/images/rwebley/HAMP-3D5D36Carausiusradiate.jpg"]},{"from":286,"to":293,"title":"WAW-0ABBB1: A coin issued by Carausius","image_urls":["https://finds.org.uk/images/abolton/WAW-0ABBB1.jpg"]},{"from":286,"to":293,"title":"NCL-663DD7: A coin issued by Carausius","image_urls":["https://finds.org.uk/images/rcollins/IMG_3858.jpg"]},{"from":286,"to":293,"title":"SWYOR-B88266: A coin issued by Carausius","image_urls":["https://finds.org.uk/images/amarshall/MP%20carausius2a.jpg"]},{"from":286,"to":293,"title":"WILT-1522F2: A coin issued by Carausius","image_urls":["https://finds.org.uk/images/jblake/Carausiusradiate.jpg"]},{"from":286,"to":293,"title":"BERK-579174: A coin issued by Carausius","image_urls":["https://finds.org.uk/images/abyard/2010400.jpg"]},{"from":286,"to":293,"title":"SF-13D153: A coin issued by Carausius","image_urls":["https://finds.org.uk/images/bdonnellysymes/ADT_SF-13D153.jpg"]},{"from":286,"to":293,"title":"NLM-5F24A0: A coin issued by Carausius","image_urls":["https://finds.org.uk/images/mforeman/NLM16657.jpg"]},{"from":286,"to":286,"title":"ESS-7C8D27: A coin issued by Maximian I (pre-reform)","image_urls":["https://finds.org.uk/images/lmclean/7C8D27%20radiate%20of%20Maximianus.jpg"]},{"from":286,"to":293,"title":"DENO-EDF255Z: A coin issued by Carausius","image_urls":["https://finds.org.uk/images/pdavidson/coin_Carausius_rad.jpg"]},{"from":286,"to":293,"title":"BH-0830E5: A coin issued by Carausius","image_urls":["https://finds.org.uk/images/jwatters/Roman_coin_13_59_35.jpg"]},{"from":286,"to":293,"title":"NMS-678BCD: A coin issued by Carausius","image_urls":["https://finds.org.uk/images/amarsden/KLMD062014carausius.jpg"]},{"from":286,"to":293,"title":"SUR-323DD5: A coin issued by Carausius","image_urls":["https://finds.org.uk/images/dwilliams/11-1285.jpg"]},{"from":286,"to":293,"title":"BH-6B4067: A coin issued by Carausius","image_urls":["https://finds.org.uk/images/jwatters/Roman_coin_11_128_17.jpg"]},{"from":286,"to":293,"title":"WILT-EF61E2: A coin issued by Carausius","image_urls":["https://finds.org.uk/images/spam05/WILT-EF61E2.jpg"]},{"from":286,"to":293,"title":"HAMP-9852F2: A coin issued by Carausius","image_urls":["https://finds.org.uk/images/rhenry/HAMP-9852F2Carausiusradiate.jpg"]},{"from":286,"to":293,"title":"HAMP-A89911: A coin issued by Carausius","image_urls":["https://finds.org.uk/images/jmccrohan/Hamp%20A89911.tif"]},{"from":286,"to":293,"title":"NMS-C6FED2: A coin issued by Carausius","image_urls":["https://finds.org.uk/images/amarsden/E19342carausius.jpg"]},{"from":286,"to":293,"title":"SUR-E966F5: A coin issued by Carausius","image_urls":["https://finds.org.uk/images/dwilliams/08.1127.JPG"]},{"from":286,"to":293,"title":"BH-404120: A coin issued by Carausius","image_urls":["https://finds.org.uk/images/jwatters/Roman%20coin%2006%2032%20-%208.jpg"]},{"from":286,"to":293,"title":"HAMP-78A585: A coin issued by Carausius for Diocletian","image_urls":["https://finds.org.uk/images/rhenry/HAMP-78A585Carausiusradiate.jpg"]},{"from":286,"to":293,"title":"NLM-564FA8: A coin issued by Carausius","image_urls":["https://finds.org.uk/images/mforeman/NLM25012.jpg"]}]