[{"from":287,"to":293,"title":"SWYOR-ADBE75: A coin issued by Carausius","image_urls":["https://finds.org.uk/images/mblevins/Doncaster_945_CoinFrag.jpg"]},{"from":287,"to":293,"title":"FAKL-03F2B8: A coin issued by Carausius","image_urls":["https://finds.org.uk/images/kleahy/097.jpg"]},{"from":287,"to":293,"title":"DOR-304002: A coin issued by Carausius","image_urls":["https://finds.org.uk/images/caht/304002.jpg"]},{"from":287,"to":287,"title":"BM-B3BAD4: A coin issued by Diocletian (pre-reform)","image_urls":["https://finds.org.uk/images/vdrost/BMB3BAD4obv.JPG"]},{"from":287,"to":293,"title":"SUSS-7077F1: A coin issued by Carausius for Maximian","image_urls":["https://finds.org.uk/images/lburnett/SUSS-7077F1.jpg"]},{"from":287,"to":293,"title":"SUSS-7B13E6: A coin issued by Carausius","image_urls":["https://finds.org.uk/images/lburnett/SUSS-7B13E6%20.jpg"]},{"from":287,"to":293,"title":"LEIC-D50764: A coin issued by Carausius","image_urls":["https://finds.org.uk/images/wscott/D50764.JPG"]},{"from":287,"to":293,"title":"ESS-965668: A coin issued by Carausius","image_urls":["https://finds.org.uk/images/srdeacon2/034-C0015ESS-965668.jpg"]},{"from":287,"to":290,"title":"NCL-7FDBA5: A coin issued by Carausius","image_urls":["https://finds.org.uk/images/pwalton/NCL7fdba5.jpg"]},{"from":287,"to":293,"title":"LEIC-FD0290: A coin issued by Carausius","image_urls":["https://finds.org.uk/images/wscott/FD0290.JPG"]},{"from":287,"to":293,"title":"LVPL-A48541: A coin issued by Carausius","image_urls":["https://finds.org.uk/images/fmcintosh/carusius.jpg"]},{"from":287,"to":293,"title":"LANCUM-CD8DB7: A coin issued by Carausius","image_urls":["https://finds.org.uk/images/snoon/LANCUM-CD8DB7.jpg"]},{"from":287,"to":293,"title":"NCL-CB9BF1: A coin issued by Carausius","image_urls":["https://finds.org.uk/images/jasonlundock/NCL_CB9BF1.jpg"]},{"from":287,"to":293,"title":"BERK-EC34C1: A coin issued by Carausius","image_urls":["https://finds.org.uk/images/abyard/2011289.jpg"]},{"from":287,"to":293,"title":"NCL-81FBE2: A coin issued by Carausius","image_urls":["https://finds.org.uk/images/pwalton/ncl81fbe2.jpg"]},{"from":287,"to":293,"title":"LVPL-2FB772: A coin issued by Carausius","image_urls":["https://finds.org.uk/images/fmcintosh/coin%208.jpg"]},{"from":287,"to":293,"title":"ESS-975D73: A coin issued by Carausius","image_urls":["https://finds.org.uk/images/srdeacon2/034-C0167ESS-975D73.jpg"]},{"from":287,"to":293,"title":"LANCUM-897A56: A coin issued by Carausius","image_urls":["https://finds.org.uk/images/dboughton/LCMJH897A56.jpg"]},{"from":287,"to":293,"title":"BH-0CFB34: A coin issued by Carausius","image_urls":["https://finds.org.uk/images/jwatters/Roman%20coin%2005%20183%20-%204.jpg"]},{"from":287,"to":287,"title":"DOR-73C395: A coin issued by Diocletian (pre-reform)","image_urls":["https://finds.org.uk/images/caht/73C395.jpg"]},{"from":287,"to":293,"title":"BH-5E6340: A coin issued by Carausius","image_urls":["https://finds.org.uk/images/jwatters/Roman%20coin%2007%207%20-%2032.jpg"]},{"from":287,"to":293,"title":"ESS-966821: A coin issued by Carausius","image_urls":["https://finds.org.uk/images/srdeacon2/034-C0016ESS-966821.jpg"]},{"from":287,"to":293,"title":"NCL-8058B3: A coin issued by Carausius","image_urls":["https://finds.org.uk/images/vwolfe/NCL8058b3.jpg"]},{"from":287,"to":293,"title":"NARC-21D5CB: A coin issued by Carausius","image_urls":["https://finds.org.uk/images/jcassidy/NARC-21D5CBa.jpg"]},{"from":287,"to":290,"title":"NCL-7FBAF3: A coin issued by Carausius","image_urls":["https://finds.org.uk/images/pwalton/NCL7fbaf3.jpg"]},{"from":287,"to":293,"title":"BERK-ECBA97: A coin issued by Carausius","image_urls":["https://finds.org.uk/images/abyard/2013086.jpg"]},{"from":287,"to":288,"title":"DEV-83AA93: A coin issued by Diocletian (pre-reform)","image_urls":["https://finds.org.uk/images/dwootton/DEV%2083AA93.jpg"]},{"from":287,"to":293,"title":"SUR-18D257: A coin issued by Carausius","image_urls":["https://finds.org.uk/images/dwilliams/07.925.JPG"]},{"from":287,"to":288,"title":"LON-CF22F1: A coin issued by Diocletian (pre-reform)","image_urls":["https://finds.org.uk/images/cveysey/DSCN8978.JPG"]},{"from":287,"to":293,"title":"PUBLIC-B28CF8: A coin issued by Carausius","image_urls":["https://finds.org.uk/images/Linz/PUBLIC-B28CF8%20COIN.jpg"]},{"from":287,"to":293,"title":"LVPL-2AB9D0: A coin issued by Carausius","image_urls":["https://finds.org.uk/images/voakden/LVPL-2AB9D0.jpg"]},{"from":287,"to":294,"title":"Bronze Antoninianus of Diocletian, Cyzicus, AD 287 - AD 294. 1996.73.18","image_urls":["http://numismatics.org/collectionimages/19501999/1996/1996.73.18.rev.width350.jpg"]},{"from":287,"to":294,"title":"Bronze Antoninianus of Diocletian, Cyzicus, AD 287 - AD 294. 1996.73.16","image_urls":["http://numismatics.org/collectionimages/19501999/1996/1996.73.16.rev.width350.jpg"]},{"from":287,"to":290,"title":"Gold Aureus of Diocletian, Cyzicus, AD 287 - AD 290. 1944.100.38085","image_urls":["http://numismatics.org/collectionimages/19001949/1944/1944.100.38085.rev.width350.jpg"]}]