[{"from":288,"to":289,"title":"WMID-6EA667: A coin issued by Diocletian","image_urls":["https://finds.org.uk/images/dslarke/pam%20THICK%20coin2%20%202%2008%20copy.jpg"]},{"from":288,"to":289,"title":"NCL-8097D7: A coin issued by Carausius","image_urls":["https://finds.org.uk/images/pwalton/NCL8097d7.jpg"]},{"from":288,"to":289,"title":"WILT-B134F4: A coin issued by Carausius","image_urls":["https://finds.org.uk/images/khinds/Zebedee0609antoninianus.jpg"]},{"from":288,"to":289,"title":"IOW-582D74: A coin issued by Diocletian","image_urls":["https://finds.org.uk/images/fbasford/IOW2010-2-519.JPG"]},{"from":288,"to":289,"title":"BH-358945: A coin issued by Maximian I","image_urls":["https://finds.org.uk/images/jwatters/0455-105%20Roman%20coin%20obv.jpg"]},{"from":288,"to":288,"title":"SF-D135C7: A coin issued by Diocletian (pre-reform)","image_urls":["https://finds.org.uk/images/abrown/FKM_SF-D135C7.jpg"]},{"from":288,"to":289,"title":"ESS-F74204: A coin issued by Carausius","image_urls":["https://finds.org.uk/images/lmclean/ESS-F74204.jpg"]}]