[{"from":290,"to":291,"title":"SUR-2FC397: A coin with an unrecorded/uncertain issuer.","image_urls":["https://finds.org.uk/images/dwilliams/B13-471.JPG"]},{"from":290,"to":294,"title":"WMID-7EAE53: A coin issued by Maximian I (pre-reform)","image_urls":["https://finds.org.uk/images/dslarke/WMID-7EAE53.jpg"]},{"from":290,"to":291,"title":"NLM-3EE81E: A coin issued by Carausius","image_urls":["https://finds.org.uk/images/mforeman/NLM28252.jpg"]},{"from":290,"to":292,"title":"WILT-B38A83: A coin issued by Carausius for Diocletian","image_urls":["https://finds.org.uk/images/rhenry2/WILT-B38A83.jpg"]},{"from":290,"to":292,"title":"BH-9853B8: A coin issued by Carausius","image_urls":["https://finds.org.uk/images/jwatters/Roman%20coin%2009%20160%20-%2010.jpg"]},{"from":290,"to":291,"title":"SWYOR-50D801: A coin issued by Carausius","image_urls":["https://finds.org.uk/images/acooper/PAS_1865_radiate.jpg"]},{"from":290,"to":292,"title":"BH-F22EA1: A coin issued by Carausius","image_urls":["https://finds.org.uk/images/jwatters/Roman%20coin%2009%20162%20-%207.jpg"]},{"from":290,"to":294,"title":"WMID-C71A08: A coin issued by Maximian I (pre-reform)","image_urls":["https://finds.org.uk/images/cjohnson/WMID-C71A08.JPG"]},{"from":290,"to":292,"title":"BUC-75EDD7: A coin issued by Carausius","image_urls":["https://finds.org.uk/images/jmoss/DSCN6161.JPG"]},{"from":290,"to":292,"title":"HAMP-0F0D72: A coin issued by Diocletian (pre-reform)","image_urls":["https://finds.org.uk/images/jojocole/HAMP0F0D72.jpg"]},{"from":290,"to":290,"title":"WILT-267EE2: A coin issued by Carausius","image_urls":["https://finds.org.uk/images/jblake/Belk0809Carausius.jpg"]},{"from":290,"to":293,"title":"PUBLIC-F737A3: A coin issued by Carausius","image_urls":["https://finds.org.uk/images/zoom/R4ES01019.JPG"]},{"from":290,"to":292,"title":"SUR-95F2B5: A coin issued by Carausius","image_urls":["https://finds.org.uk/images/dwilliams/DSCN2739.JPG"]},{"from":290,"to":292,"title":"BH-22FE82: A coin issued by Carausius","image_urls":["https://finds.org.uk/images/jwatters/Roman%20coin%2008%2090%20-%202.jpg"]},{"from":290,"to":292,"title":"SF-82FE42: A coin issued by Carausius for Diocletian","image_urls":["https://finds.org.uk/images/abrown/WSW_SF-82FE42.jpg"]},{"from":290,"to":292,"title":"NARC-970211: A coin issued by Carausius for Diocletian","image_urls":["https://finds.org.uk/images/jcassidy/NARC-970211%20b.jpg"]},{"from":290,"to":292,"title":"HAMP-5FA660: A coin issued by Carausius for Diocletian","image_urls":["https://finds.org.uk/images/arwenjames/HAMP-5FA660.jpg"]},{"from":290,"to":291,"title":"BERK-6E6605: A coin issued by Carausius","image_urls":["https://finds.org.uk/images/abyard/WilfCarausius.jpg"]},{"from":290,"to":294,"title":"HAMP-D9ED61: A coin issued by Maximian I (pre-reform)","image_urls":["https://finds.org.uk/images/jmccrohan/Hamp%20D9ED61a.jpg"]},{"from":290,"to":292,"title":"LEIC-ED7604: A coin issued by Carausius","image_urls":["https://finds.org.uk/images/wscott/ED7604.JPG"]},{"from":290,"to":292,"title":"HAMP-D380B6: A coin issued by Carausius for Maximian","image_urls":["https://finds.org.uk/images/khindshamp/HAMP-D380B6.jpg"]},{"from":290,"to":291,"title":"BH-71B921: A coin issued by Carausius","image_urls":["https://finds.org.uk/images/jwatters/Roman_coin_14_97_8.jpg"]},{"from":290,"to":293,"title":"PUBLIC-F72985: A coin issued by Carausius","image_urls":["https://finds.org.uk/images/zoom/R3ES01014.JPG"]},{"from":290,"to":292,"title":"BH-C51A1A: A coin issued by Carausius","image_urls":["https://finds.org.uk/images/jwatters/Roman_coin_14_102_35.jpg"]},{"from":290,"to":292,"title":"HAMP-793F15: A coin issued by Carausius for Maximian","image_urls":["https://finds.org.uk/images/khindshamp/HAMP-793F15.jpg"]},{"from":290,"to":292,"title":"BH-4968B9: A coin issued by Carausius","image_urls":["https://finds.org.uk/images/jwatters/Roman_coin_14_108_21.jpg"]},{"from":290,"to":292,"title":"WILT-A54F02: A coin issued by Carausius for Diocletian","image_urls":["https://finds.org.uk/images/rhenry2/WILT-A54F02.jpg"]},{"from":290,"to":292,"title":"Gold Aureus of Diocletian, Cyzicus, AD 290 - AD 292. 1944.100.38084","image_urls":["http://numismatics.org/collectionimages/19001949/1944/1944.100.38084.rev.width350.jpg"]},{"from":290,"to":292,"title":"Gold Aureus of Diocletian, Antioch, AD 290 - AD 292. 1944.100.38123","image_urls":["http://numismatics.org/collectionimages/19001949/1944/1944.100.38123.rev.width350.jpg"]},{"from":290,"to":293,"title":"Gold Aureus, Antioch, AD 290 - AD 293. 1955.191.36","image_urls":["http://numismatics.org/collectionimages/19501999/1955/1955.191.36.rev.width350.jpg"]},{"from":290,"to":292,"title":"Silver Antoninianus of Diocletian, Rome, AD 292 - AD 290. 1944.100.38066","image_urls":["http://numismatics.org/collectionimages/19001949/1944/1944.100.38066.rev.width350.jpg"]},{"from":290,"to":292,"title":"Gold Aureus of Dioceltian, Cyzicus, AD 290 - AD 292. 1944.100.38086","image_urls":["http://numismatics.org/collectionimages/19001949/1944/1944.100.38086.rev.width350.jpg"]}]