[{"from":291,"to":292,"title":"NLM-F1E802: A coin issued by Carausius","image_urls":["https://finds.org.uk/images/mforeman/NLM24788.jpg"]},{"from":291,"to":292,"title":"WILT-7C1D86: A coin issued by Carausius for Diocletian","image_urls":["https://finds.org.uk/images/rhenry2/WILT7C1D86.jpg"]},{"from":291,"to":292,"title":"WILT-F7A772: A coin issued by Diocletian (pre-reform)","image_urls":["https://finds.org.uk/images/rhenry2/WILT-F7A772.jpg"]},{"from":291,"to":292,"title":"PUBLIC-A37376: A coin issued by Carausius for Diocletian","image_urls":["https://finds.org.uk/images/calow1/FLE13.475.JPG"]},{"from":291,"to":293,"title":"SF-5DB0DF: A coin issued by Carausius for Maximian","image_urls":["https://finds.org.uk/images/wildfe/1317.jpg"]},{"from":291,"to":292,"title":"Billon Tetradrachm, Alexandreia, AD 291 - AD 292. 1944.100.68578","image_urls":["http://numismatics.org/collectionimages/19001949/1944/1944.100.68578.rev.width350.jpg"]}]