[{"from":292,"to":293,"title":"IOW-881201: A coin issued by Carausius for Maximian","image_urls":["https://finds.org.uk/images/fbasford/IOW2005-19-2.JPG"]},{"from":292,"to":293,"title":"SWYOR-5F5C46: A coin issued by Carausius","image_urls":["https://finds.org.uk/images/acooper/PAS_2357_radiate.jpg"]},{"from":292,"to":293,"title":"SWYOR-C6D2E5: A coin issued by Carausius","image_urls":["https://finds.org.uk/images/acooper/PAS_2537_Carausius.jpg"]},{"from":292,"to":293,"title":"WILT-F17161: A coin issued by Carausius","image_urls":["https://finds.org.uk/images/khinds/Barrett0410carausiusPax.jpg"]},{"from":292,"to":293,"title":"WILT-90CA91: A coin issued by Carausius","image_urls":["https://finds.org.uk/images/rhenry2/WILT-90CA91.jpg"]}]