[{"from":293,"to":295,"title":"Aureus of Maximian, Antioch, 293-295. 1992.18.","image_urls":["http://coins.lib.virginia.edu/images/coins/screen/n1992_18_rev.jpg"]},{"from":293,"to":296,"title":"SOM-F6705B: A coin issued by Allectus","image_urls":["https://finds.org.uk/images/elburnett/SOMF6705B.JPG"]},{"from":293,"to":296,"title":"DENO-BC8822: A coin issued by Allectus","image_urls":["https://finds.org.uk/images/cburrill2/E7842_Allectus_radiate_coin_Scale_Edit.jpg"]},{"from":293,"to":296,"title":"HESH-AF7773: A coin issued by Allectus","image_urls":["https://finds.org.uk/images/preavill/Untitled-1.jpg"]},{"from":293,"to":296,"title":"IOW-BF3DE5: A coin issued by Allectus","image_urls":["https://finds.org.uk/images/fbasford/IOW2014-5-13.JPG"]},{"from":293,"to":296,"title":"DOR-FC5B52: A coin issued by Allectus","image_urls":["https://finds.org.uk/images/caht/FC5B52.jpg"]},{"from":293,"to":296,"title":"SUR-C3AC74: A coin issued by Allectus","image_urls":["https://finds.org.uk/images/dwilliams/12-602.JPG"]},{"from":293,"to":296,"title":"LIN-D0B4A1: A coin issued by Claudius II","image_urls":["https://finds.org.uk/images/adaubney/LIN6657.JPG"]},{"from":293,"to":296,"title":"WMID-04F0A4: A coin issued by Allectus","image_urls":["https://finds.org.uk/images/tgilmore/WMID-04F0A4.jpg"]},{"from":293,"to":293,"title":"WILT-F5F2E1: A coin issued by Carausius","image_urls":["https://finds.org.uk/images/khinds/WILT-F5F2E1.jpg"]},{"from":293,"to":296,"title":"PAS-42E15E: A coin issued by Allectus","image_urls":["https://finds.org.uk/images/rwebley2/PAS42E15E.JPG"]},{"from":293,"to":296,"title":"ESS-857D74: A coin issued by Allectus","image_urls":["https://finds.org.uk/images/lmclean/90steele.jpg"]},{"from":293,"to":296,"title":"LIN-A73DA6: A coin issued by Allectus","image_urls":["https://finds.org.uk/images/adaubney/LIN2013-1288.jpg"]},{"from":293,"to":296,"title":"NARC-D05411: A coin issued by Allectus","image_urls":["https://finds.org.uk/images/jcassidy/NARC-D05411%20b.jpg"]},{"from":293,"to":296,"title":"PUBLIC-3A87B4: A coin issued by Allectus","image_urls":["https://finds.org.uk/images/strebor/PUBLIC-3A87B4%20Allectus%20293-96%20PAX%20AVG.jpg"]},{"from":293,"to":296,"title":"BH-64D662: A coin issued by Allectus","image_urls":["https://finds.org.uk/images/jwatters/Roman_coin_12_79_1.jpg"]},{"from":293,"to":296,"title":"NARC-EA6E15: A coin issued by Allectus","image_urls":["https://finds.org.uk/images/jcassidy/NARC-EA6E15%20obverse.jpg"]},{"from":293,"to":296,"title":"SUSS-1713F3: A coin issued by Allectus","image_urls":["https://finds.org.uk/images/lwilson/FIV-411.jpg"]},{"from":293,"to":296,"title":"SUR-406B37: A coin issued by Allectus","image_urls":["https://finds.org.uk/images/dwilliams/B1510.JPG"]},{"from":293,"to":296,"title":"WAW-FB2834: A coin issued by Allectus","image_urls":["https://finds.org.uk/images/abolton/WAW-FB2834.jpg"]},{"from":293,"to":305,"title":"WILT-58AC18: A coin issued by Galerius","image_urls":["https://finds.org.uk/images/kiwidigger/Galerius%20silvered%20nummus%20reverse.JPG"]},{"from":293,"to":296,"title":"SUSS-211EF6: A coin issued by Allectus","image_urls":["https://finds.org.uk/images/stephaniesmith/SUSS-211EF6.jpg"]},{"from":293,"to":296,"title":"LIN-20F942: A coin issued by Allectus","image_urls":["https://finds.org.uk/images/adaubney/LIN8662.jpg"]},{"from":293,"to":296,"title":"HAMP3188: A coin issued by Allectus","image_urls":["https://finds.org.uk/images/sworrell/hamp%203188.JPG"]},{"from":293,"to":296,"title":"BH-2A78D7: A coin issued by Allectus","image_urls":["https://finds.org.uk/images/laural/Roman%20coin%20Tingrith%20-%2030.jpg"]},{"from":293,"to":296,"title":"WAW-87C973: A coin issued by Allectus","image_urls":["https://finds.org.uk/images/abolton/WAW-87C973.jpg"]},{"from":293,"to":296,"title":"BH-750BC1: A coin issued by Allectus","image_urls":["https://finds.org.uk/images/laural/Roman%20coin%2007%20130%20-%2067.jpg"]},{"from":293,"to":296,"title":"SUR-8E81E5: A coin issued by Allectus","image_urls":["https://finds.org.uk/images/dwilliams/B13-403.JPG"]},{"from":293,"to":296,"title":"WMID934: A coin issued by Allectus","image_urls":["https://finds.org.uk/images/tgilmore/wmid934.jpg"]},{"from":293,"to":296,"title":"NCL-A9E7D1: A coin issued by Allectus","image_urls":["https://finds.org.uk/images/pwalton/allectus.jpg"]},{"from":293,"to":296,"title":"WAW-0516C1: A coin issued by Allectus","image_urls":["https://finds.org.uk/images/abolton/WAW-0516C1.jpg"]},{"from":293,"to":296,"title":"LEIC-9DFDB6: A coin issued by Allectus","image_urls":["https://finds.org.uk/images/wscott/9DFDB6.JPG"]},{"from":293,"to":296,"title":"WILT-687368: A coin issued by Allectus","image_urls":["https://finds.org.uk/images/jshoemark/WILT-687368.jpg"]},{"from":293,"to":296,"title":"LIN-4ED765: A coin issued by Allectus","image_urls":["https://finds.org.uk/images/adaubney/LIN3068.jpg"]},{"from":293,"to":296,"title":"YORYM-B75272: A coin issued by Allectus","image_urls":["https://finds.org.uk/images/yorkvol/BR0719.jpg"]},{"from":293,"to":296,"title":"YORYM-27CC45: A coin issued by Allectus","image_urls":["https://finds.org.uk/images/law/TLC0183.jpg"]},{"from":293,"to":296,"title":"NCL-F0A9C0: A coin issued by Allectus","image_urls":["https://finds.org.uk/images/pwalton/DSC08654.JPG"]},{"from":293,"to":296,"title":"SUR-EB5391: A coin issued by Allectus","image_urls":["https://finds.org.uk/images/dwilliams/08.1129.JPG"]},{"from":293,"to":296,"title":"LIN-E6BA66: A coin issued by Allectus","image_urls":["https://finds.org.uk/images/adaubney/LIN8326.JPG"]},{"from":293,"to":296,"title":"SOM-125D95: A coin issued by Allectus","image_urls":["https://finds.org.uk/images/elburnett/SOM-125D95.JPG"]},{"from":293,"to":296,"title":"WILT-5C9561: A coin issued by Allectus","image_urls":["https://finds.org.uk/images/bea92/WILT-5C9561.jpg"]},{"from":293,"to":296,"title":"BERK-2B5993: A coin issued by Allectus","image_urls":["https://finds.org.uk/images/maritime/561RomanRadiate.jpg"]},{"from":293,"to":296,"title":"WILT-704ED7: A coin issued by Allectus","image_urls":["https://finds.org.uk/images/rhenry2/WILT-704ED7.jpg"]},{"from":293,"to":296,"title":"SWYOR-147D01: A coin issued by Allectus","image_urls":["https://finds.org.uk/images/acooper/PAS_1054_coin21.jpg"]},{"from":293,"to":296,"title":"WMID-34FAC4: A coin issued by Allectus","image_urls":["https://finds.org.uk/images/pbloore/jl5%200109%20copy.jpg"]},{"from":293,"to":296,"title":"BH-0811D7: A coin issued by Allectus","image_urls":["https://finds.org.uk/images/jwatters/Roman_coin_13_59_34.jpg"]},{"from":293,"to":296,"title":"BH-3E2F05: A coin issued by Allectus","image_urls":["https://finds.org.uk/images/jwatters/Roman%20coin%2007%2036%20-%2012.jpg"]},{"from":293,"to":296,"title":"LEIC-04FDA3: A coin issued by Allectus","image_urls":["https://finds.org.uk/images/wscott/04FDA3..JPG"]},{"from":293,"to":296,"title":"SUR-67C7E1: A coin issued by Allectus","image_urls":["https://finds.org.uk/images/dwilliams/08.803.JPG"]},{"from":293,"to":311,"title":"ESS-709EE8: A coin issued by Gallienus (sole reign)","image_urls":["https://finds.org.uk/images/lmclean/ESS-709EE8.jpg"]},{"from":293,"to":296,"title":"BH-B48CE5: A coin issued by Allectus","image_urls":["https://finds.org.uk/images/jwatters/Roman_coin_13_8_33.jpg"]},{"from":293,"to":296,"title":"SWYOR-AD9D53: A coin issued by Allectus","image_urls":["https://finds.org.uk/images/sward/Export%20AD9D53.jpg"]},{"from":293,"to":296,"title":"BUC-DC6BC0: A coin issued by Allectus","image_urls":["https://finds.org.uk/images/jmoss/2DSCN1858.JPG"]},{"from":293,"to":296,"title":"NLM-824852: A coin issued by Allectus","image_urls":["https://finds.org.uk/images/mforeman/NLM18190.jpg"]},{"from":293,"to":296,"title":"WAW-E4E4F9: A coin issued by Allectus","image_urls":["https://finds.org.uk/images/abolton/WAWE4E4F9.jpg"]},{"from":293,"to":296,"title":"SUR-8E9977: A coin issued by Allectus","image_urls":["https://finds.org.uk/images/dwilliams/B13-404.JPG"]},{"from":293,"to":296,"title":"KENT-674566: A coin issued by Allectus","image_urls":["https://finds.org.uk/images/jjackson/KENT-674566.jpg"]},{"from":293,"to":296,"title":"FASAM-97608F: A coin issued by Allectus","image_urls":["https://finds.org.uk/images/sam/FASAM-97608F_REV.JPG"]},{"from":293,"to":296,"title":"SWYOR-53F3B5: A coin issued by Allectus","image_urls":["https://finds.org.uk/images/wakefield/PAS_2004_coin_1.jpg"]},{"from":293,"to":296,"title":"DENO-2FCD64: A coin issued by Allectus","image_urls":["https://finds.org.uk/images/cburrill2/ENQ_23_RadiateAllectus_SH_B.jpg"]},{"from":293,"to":296,"title":"SWYOR-9701A5: A coin issued by Allectus","image_urls":["https://finds.org.uk/images/acooper/PAS%20943%20radiate.jpg"]},{"from":293,"to":296,"title":"LIN-D9B2A5: A coin issued by Allectus","image_urls":["https://finds.org.uk/images/adaubney/LIN2011-38.jpg"]},{"from":293,"to":296,"title":"NCL-1DEAD0: A coin issued by Allectus","image_urls":["https://finds.org.uk/images/rcollins/DSCN9197.JPG"]},{"from":293,"to":296,"title":"YORYM-E9F952: A coin issued by Allectus","image_urls":["https://finds.org.uk/images/rebeccam/BMR0197.jpg"]},{"from":293,"to":296,"title":"BM-BFD565: A coin issued by Allectus","image_urls":["https://finds.org.uk/images/vdrost/BM-BFD565-o1.JPG"]},{"from":293,"to":296,"title":"DUR-86B311: A coin issued by Allectus","image_urls":["https://finds.org.uk/images/frances/wheatley%20DUR-86B311.jpg"]},{"from":293,"to":296,"title":"DUR-E564E6: A coin issued by Allectus","image_urls":["https://finds.org.uk/images/emorris/DUR-E564E6.jpg"]},{"from":293,"to":296,"title":"WAW-A46A16: A coin issued by Allectus","image_urls":["https://finds.org.uk/images/abolton/WAW-A46A16.jpg"]},{"from":293,"to":296,"title":"SUR-C6CFC4: A coin issued by Allectus","image_urls":["https://finds.org.uk/images/dwilliams/06.671a.JPG"]},{"from":293,"to":296,"title":"BERK-9CF5E1: A coin issued by Tacitus","image_urls":["https://finds.org.uk/images/plevick/TICKET%20193%20-%20Sun%2002.09.07%20-%20Roman%20Coin%20Radiate.jpg"]},{"from":293,"to":296,"title":"BERK-CD9951: A coin issued by Allectus","image_urls":["https://finds.org.uk/images/abyard/2011866.jpg"]},{"from":293,"to":296,"title":"DENO-101A66: A coin issued by Allectus","image_urls":["https://finds.org.uk/images/ratherton/E6974%20stokes%20holme%20R%20rad.jpg"]},{"from":293,"to":296,"title":"ESS-D901F0: A coin issued by Allectus","image_urls":["https://finds.org.uk/images/srdeacon2/034-C0039ESS-D901F0.jpg"]},{"from":293,"to":296,"title":"NCL-774D73: A coin issued by Allectus","image_urls":["https://finds.org.uk/images/pwalton/NCL774D73merg.jpg"]},{"from":293,"to":296,"title":"NARC-0359B7: A coin issued by Allectus","image_urls":["https://finds.org.uk/images/jcassidy/NARC-0359B7%20b.jpg"]},{"from":293,"to":296,"title":"HAMP-DAB272: A coin issued by Allectus","image_urls":["https://finds.org.uk/images/jmccrohan/Hamp%20DAB272a.jpg"]},{"from":293,"to":296,"title":"HESH-E586D5: A coin issued by Allectus","image_urls":["https://finds.org.uk/images/preavill/HESH-E586D5.jpg"]},{"from":293,"to":296,"title":"DOR-A6F827: A coin issued by Allectus","image_urls":["https://finds.org.uk/images/caht/A6F827.jpg"]},{"from":293,"to":296,"title":"LIN-29F9D2: A coin issued by Allectus","image_urls":["https://finds.org.uk/images/adaubney/LIN2475.JPG"]},{"from":293,"to":296,"title":"WAW-A4AB73: A coin issued by Allectus","image_urls":["https://finds.org.uk/images/abolton/WAW-A4AB73.jpg"]},{"from":293,"to":296,"title":"PUBLIC-3B0C28: A coin issued by Allectus","image_urls":["https://finds.org.uk/images/strebor/PUBLIC-3B0C28%20%20Allectus%20293-96%20PAX%20AVG.jpg"]},{"from":293,"to":296,"title":"CAM-561A26: A coin issued by Allectus","image_urls":["https://finds.org.uk/images/hfowler/CAM-561A26%203rd.jpg"]},{"from":293,"to":296,"title":"YORYM-26F571: A coin issued by Allectus","image_urls":["https://finds.org.uk/images/rebeccam/BMR0373.jpg"]},{"from":293,"to":296,"title":"SWYOR-4F1546: A coin issued by Allectus","image_urls":["https://finds.org.uk/images/amarshall/DSCN5657.JPG"]},{"from":293,"to":296,"title":"LIN-B15E15: A coin issued by Allectus","image_urls":["https://finds.org.uk/images/adaubney/LIN5623.JPG"]},{"from":293,"to":296,"title":"YORYM-E992C5: A coin issued by Allectus","image_urls":["https://finds.org.uk/images/bmorris/BL1062.jpg"]},{"from":293,"to":296,"title":"WILT-54512E: A coin issued by Allectus","image_urls":["https://finds.org.uk/images/jshoemark/WILT54512E.jpg"]},{"from":293,"to":296,"title":"BH-3FE8C8: A coin issued by Allectus","image_urls":["https://finds.org.uk/images/jwatters/Roman_coin_12_105_12.jpg"]},{"from":293,"to":296,"title":"BERK-244C77: A coin issued by Allectus","image_urls":["https://finds.org.uk/images/ksutton/Polley%20-%20Roman%202%20-%20complete.jpg"]},{"from":293,"to":296,"title":"YORYM-274CB7: A coin issued by Allectus","image_urls":["https://finds.org.uk/images/bmorris/BL1124.jpg"]},{"from":293,"to":296,"title":"SUSS-EB8617: A coin issued by Allectus","image_urls":["https://finds.org.uk/images/lburnett/SUSS-EB8617.JPG"]},{"from":293,"to":296,"title":"GLO-92B350: A coin with an unrecorded/uncertain issuer.","image_urls":["https://finds.org.uk/images/kadams/GLO92B350.JPG"]},{"from":293,"to":296,"title":"DOR-5DC771: A coin issued by Allectus","image_urls":["https://finds.org.uk/images/caht/5DC771.jpg"]},{"from":293,"to":296,"title":"BH-C13716: A coin issued by Allectus","image_urls":["https://finds.org.uk/images/jwatters/Roman_coin_11_201_22.jpg"]},{"from":293,"to":296,"title":"YORYM-133BA1: A coin issued by Allectus","image_urls":["https://finds.org.uk/images/bmorris/KSB0319.jpg"]},{"from":293,"to":296,"title":"PUBLIC-E3EA8A: A coin issued by Allectus","image_urls":["https://finds.org.uk/images/calow1/FLE14.%20865.JPG"]},{"from":293,"to":296,"title":"LANCUM-D2A471: A coin issued by Allectus","image_urls":["https://finds.org.uk/images/jbaxter/LANCUM-D2A471%20Copper%20alloy%20radiate%20of%20Allectus%2C%20c.293-296%20%2811%29.jpg"]},{"from":293,"to":296,"title":"LEIC-EBE942: A coin issued by Allectus","image_urls":["https://finds.org.uk/images/wscott/EBE942.jpg"]},{"from":293,"to":296,"title":"BH-39F650: A coin issued by Allectus","image_urls":["https://finds.org.uk/images/jwatters/Roman_coin_13_43_21%20copy.jpg"]},{"from":293,"to":296,"title":"DENO-6D5800: A coin issued by Allectus","image_urls":["https://finds.org.uk/images/cburrill2/E7404_rom_Radiate_Allectus_Galley.jpg"]},{"from":293,"to":296,"title":"CAM-C66F47: A coin issued by Allectus","image_urls":["https://finds.org.uk/images/hfowler/CAM-C66F47.jpg"]},{"from":293,"to":296,"title":"NMGW-129EC5: A coin issued by Allectus","image_urls":["https://finds.org.uk/images/sianw/2006.11.17r.TIF"]},{"from":293,"to":296,"title":"DENO-56BF51: A coin issued by Allectus","image_urls":["https://finds.org.uk/images/cburrill2/E6911%20Pimperton%20Nummus2.jpg"]},{"from":293,"to":296,"title":"SUR-D3A4CA: A coin issued by Allectus","image_urls":["https://finds.org.uk/images/dwilliams/B14-463.JPG"]},{"from":293,"to":296,"title":"GLO-8F9515: A coin issued by Allectus","image_urls":["https://finds.org.uk/images/dchorney/GLO-8F9515.jpg"]},{"from":293,"to":296,"title":"BUC-9CB2D6: A coin issued by Allectus","image_urls":["https://finds.org.uk/images/rtyrrell/3322ee.jpg"]},{"from":293,"to":296,"title":"NMGW-7B2907: A coin issued by Allectus","image_urls":["https://finds.org.uk/images/wenkedomscheit/2013.188.3jpg.jpg"]},{"from":293,"to":296,"title":"LEIC-464034: A coin issued by Allectus","image_urls":["https://finds.org.uk/images/philharding/CAD089c.jpg"]},{"from":293,"to":296,"title":"DENO-41E616: A coin issued by Allectus","image_urls":["https://finds.org.uk/images/dsparkes/E5089%20radiate.jpg"]},{"from":293,"to":296,"title":"SWYOR-9756A2: A coin issued by Allectus","image_urls":["https://finds.org.uk/images/dcrowther/PAS_783_half_radiate_allectus.jpg"]},{"from":293,"to":296,"title":"BH-951862: A coin issued by Allectus","image_urls":["https://finds.org.uk/images/jwatters/Roman_coin_11_159.jpg"]},{"from":293,"to":296,"title":"SWYOR-23F854: A coin issued by Allectus","image_urls":["https://finds.org.uk/images/acooper/Wakefield_2130_Allectus.jpg"]},{"from":293,"to":296,"title":"ESS-311A73: A coin issued by Allectus","image_urls":["https://finds.org.uk/images/cmcdonald/DSCN0743.JPG"]},{"from":293,"to":296,"title":"WMID-C2EE44: A coin issued by Allectus","image_urls":["https://finds.org.uk/images/cjohnson/WMID-C2EE44.JPG"]},{"from":293,"to":296,"title":"LEIC-BBD167: A coin issued by Allectus","image_urls":["https://finds.org.uk/images/rebecca/LEIC-BBD167.JPG"]},{"from":293,"to":296,"title":"LEIC-330E26: A coin issued by Allectus","image_urls":["https://finds.org.uk/images/wscott/330E26.JPG"]},{"from":293,"to":296,"title":"YORYM-0FDBF2: A coin issued by Allectus","image_urls":["https://finds.org.uk/images/bmorris/BR1203.jpg"]},{"from":293,"to":296,"title":"LEIC-527AF4: A coin issued by Allectus","image_urls":["https://finds.org.uk/images/wscott/527AF4.JPG"]},{"from":293,"to":296,"title":"BH-C0BA11: A coin issued by Allectus","image_urls":["https://finds.org.uk/images/jwatters/Roman_coin_11_201_24a.jpg"]},{"from":293,"to":296,"title":"NCL-865E15: A coin issued by Allectus","image_urls":["https://finds.org.uk/images/rcollins/IMG_4744.jpg"]},{"from":293,"to":296,"title":"NARC-844691: A coin issued by Allectus","image_urls":["https://finds.org.uk/images/jcassidy/NARC-844691%20b.jpg"]},{"from":293,"to":296,"title":"LIN-996923: A coin issued by Allectus","image_urls":["https://finds.org.uk/images/adaubney/NC173.jpg"]},{"from":293,"to":296,"title":"BH-71F193: A coin issued by Allectus","image_urls":["https://finds.org.uk/images/jwatters/Roman_coin_14_97_7.jpg"]},{"from":293,"to":296,"title":"HAMP2851: A coin issued by Allectus","image_urls":["https://finds.org.uk/images/sworrell/hamp%202851.JPG"]},{"from":293,"to":305,"title":"WILT-F0E6CE: A coin issued by Constantius I","image_urls":["https://finds.org.uk/images/kiwidigger/Constantius%20I%20nummus%20reverse.JPG"]},{"from":293,"to":296,"title":"FASAM-92129B: A coin issued by Allectus","image_urls":["https://finds.org.uk/images/vdrost/FASAM-92129B_OBV.JPG"]},{"from":293,"to":296,"title":"HAMP-AE3387: A coin issued by Allectus","image_urls":["https://finds.org.uk/images/rwebley/HAMP-AE3387Allectusradiate.jpg"]},{"from":293,"to":296,"title":"LIN-308033: A coin issued by Allectus","image_urls":["https://finds.org.uk/images/adaubney/LW151%20duplicate.jpg"]},{"from":293,"to":296,"title":"NCL-CC61C5: A coin issued by Allectus","image_urls":["https://finds.org.uk/images/gkettlewell/IMG_5787.jpg"]},{"from":293,"to":402,"title":"NLM-98A9F3: A coin issued by Honorius (emperor)","image_urls":["https://finds.org.uk/images/mforeman/NLM25023.jpg"]},{"from":293,"to":296,"title":"HAMP-0716D7: A coin issued by Allectus","image_urls":["https://finds.org.uk/images/rwebley/HAMP-0716D7Allectusradiate.jpg"]},{"from":293,"to":296,"title":"NARC-5BD602: A coin issued by Allectus","image_urls":["https://finds.org.uk/images/jcassidy/NARC-5BD602%20b.jpg"]},{"from":293,"to":296,"title":"SOM-664725: A coin issued by Allectus","image_urls":["https://finds.org.uk/images/npayne/664725.JPG"]},{"from":293,"to":296,"title":"NLM-1CC445: A coin issued by Allectus","image_urls":["https://finds.org.uk/images/mforeman/NLM20325.JPG"]},{"from":293,"to":296,"title":"HAMP-AE6046: A coin issued by Allectus","image_urls":["https://finds.org.uk/images/jmccrohan/Hamp%20AE6046.tif"]},{"from":293,"to":296,"title":"LEIC-F6F4C8: A coin issued by Allectus","image_urls":["https://finds.org.uk/images/leicvol/DSCN7162.JPG"]},{"from":293,"to":296,"title":"SUSS-5C39C6: A coin issued by Allectus","image_urls":["https://finds.org.uk/images/tclifford/1-58%20l.jpg"]},{"from":293,"to":296,"title":"SOM-A96C47: A coin issued by Allectus","image_urls":["https://finds.org.uk/images/annab/SOM-A96C47.jpg"]},{"from":293,"to":296,"title":"FASAM-920560: A coin issued by Allectus","image_urls":["https://finds.org.uk/images/vdrost/FASAM-920560_OBV.JPG"]},{"from":293,"to":296,"title":"SUR-281495: A coin issued by Allectus","image_urls":["https://finds.org.uk/images/dwilliams/11-218.JPG"]},{"from":293,"to":296,"title":"ESS-F744B1: A coin issued by Allectus","image_urls":["https://finds.org.uk/images/lmclean/ESS-F744B1.jpg"]},{"from":293,"to":296,"title":"LVPL-37FE71: A coin issued by Allectus","image_urls":["https://finds.org.uk/images/voakden/JO15.JPG"]},{"from":293,"to":296,"title":"PUBLIC-282717: A coin issued by Allectus","image_urls":["https://finds.org.uk/images/paulwragg/PUBLIC-282717AllectusQradiate.jpg"]},{"from":293,"to":296,"title":"LVPL-ACBF83: A coin issued by Allectus","image_urls":["https://finds.org.uk/images/voakden/LVPL-ACBF83.JPG"]},{"from":293,"to":296,"title":"ESS-166797: A coin issued by Allectus","image_urls":["https://finds.org.uk/images/ellyfair/ESS-166797.jpg"]},{"from":293,"to":294,"title":"CPAT-D8ACC6: A coin issued by Maximian","image_urls":["https://finds.org.uk/images/jspencer/3449-0002.JPG"]},{"from":293,"to":296,"title":"GLO-D30A61: A coin issued by Allectus","image_urls":["https://finds.org.uk/images/kadams/177%20Roman%20coin%20face.JPG"]},{"from":293,"to":296,"title":"SF-25ECD8: A coin issued by Allectus","image_urls":["https://finds.org.uk/images/gstewart/OUS_SF-25ECD8.jpg"]},{"from":293,"to":296,"title":"BH-AA662D: A coin issued by Allectus","image_urls":["https://finds.org.uk/images/jwatters/Roman_coin_14_154_2.jpg"]},{"from":293,"to":296,"title":"LIN-88DF5D: A coin issued by Allectus","image_urls":["https://finds.org.uk/images/adaubney/LIN88DF5D.jpg"]},{"from":293,"to":296,"title":"LEIC-602CA1: A coin issued by Allectus","image_urls":["https://finds.org.uk/images/wscott/419%20602CA1.JPG"]},{"from":293,"to":296,"title":"YORYM-C0CC20: A coin issued by Allectus","image_urls":["https://finds.org.uk/images/law/PRY0018.jpg"]},{"from":293,"to":296,"title":"WILT-7FB118: A coin issued by Allectus","image_urls":["https://finds.org.uk/images/rhenry2/WILT-7FB118.jpg"]},{"from":293,"to":296,"title":"WAW-7DB573: A coin issued by Allectus","image_urls":["https://finds.org.uk/images/abolton/WAW-7DB573.jpg"]},{"from":293,"to":296,"title":"KENT-7E0848: A coin issued by Allectus","image_urls":["https://finds.org.uk/images/jbryan/Kent7e0848.jpg"]},{"from":293,"to":296,"title":"BH-ECE105: A coin issued by Allectus","image_urls":["https://finds.org.uk/images/jwatters/Roman%20coin%2009%20183%20-%203.jpg"]},{"from":293,"to":296,"title":"WAW-F96DF7: A coin issued by Allectus","image_urls":["https://finds.org.uk/images/abolton/WAW-F96DF7.JPG"]},{"from":293,"to":296,"title":"BH-822F78: A coin issued by Allectus","image_urls":["https://finds.org.uk/images/jwatters/Roman%20coin%2006%2098%20-%2013.jpg"]},{"from":293,"to":296,"title":"SOM-57F8D1: A coin issued by Allectus","image_urls":["https://finds.org.uk/images/klstobbart/SOM-57F8D1.jpg"]},{"from":293,"to":296,"title":"SF-715CB2: A coin issued by Allectus","image_urls":["https://finds.org.uk/images/abrown/GLG_SF-715CB2.jpg"]},{"from":293,"to":296,"title":"KENT-35B9A5: A coin issued by Allectus","image_urls":["https://finds.org.uk/images/jjackson/kent35b9a5.jpg"]},{"from":293,"to":296,"title":"LIN-D42357: A coin issued by Allectus","image_urls":["https://finds.org.uk/images/adaubney/LIN7157.jpg"]},{"from":293,"to":296,"title":"WAW-27E7B3: A coin issued by Allectus","image_urls":["https://finds.org.uk/images/abolton/WAW-27E7B3.jpg"]},{"from":293,"to":296,"title":"HAMP-500424: A coin issued by Allectus","image_urls":["https://finds.org.uk/images/rwebley/HAMP-500424Allectusradiate.jpg"]},{"from":293,"to":296,"title":"SUR-2D1184: A coin issued by Allectus","image_urls":["https://finds.org.uk/images/dwilliams/04.120a.jpg"]},{"from":293,"to":296,"title":"CAM-B7B055: A coin issued by Allectus","image_urls":["https://finds.org.uk/images/pjw/CAM_B7B055.jpg"]},{"from":293,"to":311,"title":"BERK-868AF5: A coin issued by Gallienus (sole reign)","image_urls":["https://finds.org.uk/images/plevick/TICKET%20179%20-%20Sat%2001.09.07%20-%20Roman%20Coin%20Radiate.jpg"]},{"from":293,"to":296,"title":"NCL-8127C1: A coin issued by Allectus","image_urls":["https://finds.org.uk/images/pwalton/NCL8127c1.jpg"]},{"from":293,"to":296,"title":"ESS-976A17: A coin issued by Allectus","image_urls":["https://finds.org.uk/images/srdeacon2/034-C0168ESS-976A17.jpg"]},{"from":293,"to":296,"title":"LEIC-F39086: A coin issued by Allectus","image_urls":["https://finds.org.uk/images/leicvol/DSCN7269.JPG"]},{"from":293,"to":296,"title":"DUR-E552E8: A coin issued by Allectus","image_urls":["https://finds.org.uk/images/frances/dunbar%20wold%20newton2%20DUR-E552E8.jpg"]},{"from":293,"to":296,"title":"YORYM-F49CB7: A coin issued by Allectus","image_urls":["https://finds.org.uk/images/bmorris/BR1160.jpg"]},{"from":293,"to":296,"title":"NARC-09B597: A coin issued by Allectus","image_urls":["https://finds.org.uk/images/rwebley/NARC-09B597radiateAllectusobv.jpg"]},{"from":293,"to":296,"title":"LEIC-D19070: A coin issued by Allectus","image_urls":["https://finds.org.uk/images/wscott/D19070.JPG"]},{"from":293,"to":305,"title":"ESS-23AF52: A coin issued by Galerius","image_urls":["https://finds.org.uk/images/srdeacon2/ESS-23AF52.jpg"]},{"from":293,"to":296,"title":"SUR-0FE265: A coin issued by Allectus","image_urls":["https://finds.org.uk/images/dwilliams/15917.JPG"]},{"from":293,"to":296,"title":"WMID-85E2C3: A coin issued by Allectus","image_urls":["https://finds.org.uk/images/tbrindle/WMID-85E2C3.jpg"]},{"from":293,"to":296,"title":"BERK-E584C5: A coin issued by Allectus","image_urls":["https://finds.org.uk/images/ksutton/Critchley%20-%20coin%204%20-%20complete.jpg"]},{"from":293,"to":294,"title":"BM-D1A007: A coin issued by Maximian I (pre-reform)","image_urls":["https://finds.org.uk/images/vdrost/BM_D1A007_R.JPG"]},{"from":293,"to":296,"title":"WMID-8352D0: A coin issued by Allectus","image_urls":["https://finds.org.uk/images/tgilmore/WMID-8352D0.jpg"]},{"from":293,"to":296,"title":"NMGW-0C6400: A coin issued by Allectus","image_urls":["https://finds.org.uk/images/wenkedomscheit/2013.72.13jpg.jpg"]},{"from":293,"to":296,"title":"NARC-87A5E4: A coin issued by Claudius II","image_urls":["https://finds.org.uk/images/jcassidy/70obv.jpg"]},{"from":293,"to":295,"title":"WILT-C8D5A5: A coin issued by Galerius (pre-reform)","image_urls":["https://finds.org.uk/images/rhenry2/WILT-C8D5A5.jpg"]},{"from":293,"to":296,"title":"IOW-565844: A coin with an unrecorded/uncertain issuer.","image_urls":["https://finds.org.uk/images/fbasford/IOW2010-2-133.JPG"]},{"from":293,"to":296,"title":"YORYM-2902A4: A coin issued by Allectus","image_urls":["https://finds.org.uk/images/bmorris/CD0039.jpg"]},{"from":293,"to":296,"title":"LIN-306841: A coin issued by Allectus","image_urls":["https://finds.org.uk/images/adaubney/LIN4949.JPG"]},{"from":293,"to":296,"title":"LEIC-FDE937: A coin issued by Allectus","image_urls":["https://finds.org.uk/images/wscott/FDE937.JPG"]},{"from":293,"to":296,"title":"BUC-EED956: A coin issued by Allectus","image_urls":["https://finds.org.uk/images/pmanning/romancbjoinedWR.jpg"]},{"from":293,"to":296,"title":"WAW-654951: A coin issued by Allectus","image_urls":["https://finds.org.uk/images/abolton/WAW-654951.jpg"]},{"from":293,"to":305,"title":"BM-8BB7E2: A coin issued by Constantius I","image_urls":["https://finds.org.uk/images/jasonlundock/BM-8BB7E2.jpg"]},{"from":293,"to":296,"title":"LEIC-F49113: A coin issued by Allectus","image_urls":["https://finds.org.uk/images/wscott/F49113.JPG"]},{"from":293,"to":296,"title":"BERK-B34465: A coin issued by Allectus","image_urls":["https://finds.org.uk/images/abyard/2011251.jpg"]},{"from":293,"to":296,"title":"ESS-A67F13: A coin issued by Allectus","image_urls":["https://finds.org.uk/images/lmclean/ESS-A67F13%20Radiate%20allectus.jpg"]},{"from":293,"to":296,"title":"LIN-E83C57: A coin issued by Allectus","image_urls":["https://finds.org.uk/images/adaubney/LIN8330.JPG"]},{"from":293,"to":296,"title":"SWYOR-1A8778: A coin issued by Allectus","image_urls":["https://finds.org.uk/images/acooper/PAS%20119%20galley%20coin.jpg"]},{"from":293,"to":296,"title":"LEIC-EE4C02: A coin issued by Allectus","image_urls":["https://finds.org.uk/images/wscott/EE4C02.JPG"]},{"from":293,"to":296,"title":"WILT-3DA680: A coin issued by Allectus","image_urls":["https://finds.org.uk/images/khinds/Wheeler0810allectus.jpg"]},{"from":293,"to":296,"title":"HAMP-0CB892: A coin issued by Allectus","image_urls":["https://finds.org.uk/images/ellysg1/HAMP-0CB892Allectusradiate.jpg"]},{"from":293,"to":296,"title":"SUR-54DB01: A coin issued by Allectus","image_urls":["https://finds.org.uk/images/margaretb/13-444.JPG"]},{"from":293,"to":296,"title":"NLM-F94AF2: A coin issued by Allectus","image_urls":["https://finds.org.uk/images/mforeman/NLM24336.jpg"]},{"from":293,"to":296,"title":"NLM-8269A0: A coin issued by Allectus","image_urls":["https://finds.org.uk/images/mforeman/NLM19033.jpg"]},{"from":293,"to":296,"title":"BH-EBCD44: A coin issued by Allectus","image_urls":["https://finds.org.uk/images/jwatters/Roman_coin_12_40_18.jpg"]},{"from":293,"to":296,"title":"LEIC-DDB9C2: A coin issued by Allectus","image_urls":["https://finds.org.uk/images/wscott/DDB9C2.JPG"]},{"from":293,"to":296,"title":"WILT-827C97: A coin issued by Allectus","image_urls":["https://finds.org.uk/images/kiwidigger/Allectus%20Q-radiate%20reverse.JPG"]},{"from":293,"to":296,"title":"BM-0D50B3: A coin issued by Allectus","image_urls":["https://finds.org.uk/images/jasonlundock/bm0d50b3.jpg"]},{"from":293,"to":296,"title":"NLM-83AC37: A coin issued by Allectus","image_urls":["https://finds.org.uk/images/lstaves/NLM11609.jpg"]},{"from":293,"to":296,"title":"DOR-1C2E6E: A coin issued by Allectus","image_urls":["https://finds.org.uk/images/jshoemark2/139.jpg"]},{"from":293,"to":296,"title":"LANCUM-02C6C1: A coin issued by Allectus","image_urls":["https://finds.org.uk/images/dboughton/PMDMWNuneatonCoin4ab.jpg"]},{"from":293,"to":296,"title":"NMS-3D7692: A coin issued by Allectus","image_urls":["https://finds.org.uk/images/amarsden/KLMD112012allectusradiate.jpg"]},{"from":293,"to":296,"title":"NCL-116CD7: A coin issued by Allectus","image_urls":["https://finds.org.uk/images/pwalton/116CD7.jpg"]},{"from":293,"to":296,"title":"BH-7E21D1: A coin issued by Allectus","image_urls":["https://finds.org.uk/images/jwatters/Roman%20coin%2010%2018%20-%2014.jpg"]},{"from":293,"to":296,"title":"SUR-ADE383: A coin issued by Allectus","image_urls":["https://finds.org.uk/images/dwilliams/B1588.JPG"]},{"from":293,"to":296,"title":"NARC-41D3E5: A coin issued by Allectus","image_urls":["https://finds.org.uk/images/sashby/NARC-41D3E5%20tl%20allectus.jpg"]},{"from":293,"to":296,"title":"IOW-A739A1: A coin issued by Allectus","image_urls":["https://finds.org.uk/images/fbasford/IOW2012-2-535.JPG"]},{"from":293,"to":296,"title":"WILT-BC0BC3: A coin issued by Allectus","image_urls":["https://finds.org.uk/images/jshoemark/WILT-BC0BC3.jpg"]},{"from":293,"to":296,"title":"BH-1D1290: A coin issued by Allectus","image_urls":["https://finds.org.uk/images/jwatters/Roman%20coin%2005%20182%20-%2024.jpg"]},{"from":293,"to":296,"title":"WMID-831F17: A coin issued by Allectus","image_urls":["https://finds.org.uk/images/tgilmore/WMID-831F17.jpg"]},{"from":293,"to":296,"title":"CAM-49FBB7: A coin issued by Allectus","image_urls":["https://finds.org.uk/images/pjw/CAM_49FBB7.jpg"]},{"from":293,"to":296,"title":"SUR-3754D5: A coin issued by Allectus","image_urls":["https://finds.org.uk/images/margaretb/SUR-3754D5Allectus.jpg"]},{"from":293,"to":296,"title":"CAM-40B445: A coin issued by Allectus","image_urls":["https://finds.org.uk/images/hfowler/CAM-40B445.JPG"]},{"from":293,"to":296,"title":"SUR-6F20A1: A coin issued by Allectus","image_urls":["https://finds.org.uk/images/dwilliams/B10.135.jpg"]},{"from":293,"to":296,"title":"HAMP-9B14C4: A coin issued by Allectus","image_urls":["https://finds.org.uk/images/rwebley/HAMP-9B14C4Allectusradiate.jpg"]},{"from":293,"to":296,"title":"NLM-F0DD16: A coin issued by Allectus","image_urls":["https://finds.org.uk/images/mforeman/NLM27121.jpg"]},{"from":293,"to":296,"title":"LIN-A31737: A coin issued by Allectus","image_urls":["https://finds.org.uk/images/adaubney/LIN7326.jpg"]},{"from":293,"to":296,"title":"PUBLIC-B791A8: A coin issued by Allectus","image_urls":["https://finds.org.uk/images/calow1/FLE14.%20662.JPG"]},{"from":293,"to":296,"title":"SUR-659BD7: A coin issued by Allectus","image_urls":["https://finds.org.uk/images/dwilliams/08.1635.JPG"]},{"from":293,"to":296,"title":"NLM-584B07: A coin issued by Allectus","image_urls":["https://finds.org.uk/images/mforeman/NLM18975.jpg"]},{"from":293,"to":296,"title":"DUR-62E016: A coin issued by Allectus","image_urls":["https://finds.org.uk/images/a8622912/DUR-62E016.jpg"]},{"from":293,"to":296,"title":"LIN-E69DE8: A coin issued by Allectus","image_urls":["https://finds.org.uk/images/adaubney/LIN8324.JPG"]},{"from":293,"to":296,"title":"SOMDOR-CB0006: A coin issued by Allectus","image_urls":["https://finds.org.uk/images/caht/CB0006.jpg"]},{"from":293,"to":296,"title":"SUSS-968DE5: A coin issued by Allectus","image_urls":["https://finds.org.uk/images/hfaux/1-236c.jpg"]},{"from":293,"to":296,"title":"BH-96E254: A coin issued by Allectus","image_urls":["https://finds.org.uk/images/jwatters/Roman%20coin%2010%2043%20-%2019.jpg"]},{"from":293,"to":296,"title":"LIN-182297: A coin issued by Allectus","image_urls":["https://finds.org.uk/images/adaubney/LIN2011-77.jpg"]},{"from":293,"to":296,"title":"HAMP-AB9B31: A coin issued by Allectus","image_urls":["https://finds.org.uk/images/rwebley/HAMP-AB9B31Allectusradiate.jpg"]},{"from":293,"to":296,"title":"NCL-821842: A coin issued by Allectus","image_urls":["https://finds.org.uk/images/pwalton/NCL821842.jpg"]},{"from":293,"to":296,"title":"BH-8E7208: A coin issued by Allectus","image_urls":["https://finds.org.uk/images/jwatters/Roman%20coin%2007%20119%20-%2060.jpg"]},{"from":293,"to":296,"title":"LEIC-36DAE1: A coin issued by Allectus","image_urls":["https://finds.org.uk/images/wscott/36DAE1.JPG"]},{"from":293,"to":296,"title":"NCL-81A841: A coin issued by Allectus","image_urls":["https://finds.org.uk/images/pwalton/ba.jpg"]},{"from":293,"to":296,"title":"LON-880B41: A coin issued by Allectus","image_urls":["https://finds.org.uk/images/kcreed/Allectusradiate.jpg"]},{"from":293,"to":396,"title":"YORYM-63E183: A coin issued by Allectus","image_urls":["https://finds.org.uk/images/bmorris/BR1250.jpg"]},{"from":293,"to":296,"title":"YORYM-FD6953: A coin issued by Allectus","image_urls":["https://finds.org.uk/images/bmorris/JCY0013.jpg"]},{"from":293,"to":296,"title":"BH-991888: A coin issued by Allectus","image_urls":["https://finds.org.uk/images/jwatters/Roman%20coin%2004%20214%20-%203.jpg"]},{"from":293,"to":296,"title":"NMGW-20C3DF: A coin issued by Allectus","image_urls":["https://finds.org.uk/images/wenkedomscheit/2014597jpg.jpg"]},{"from":293,"to":296,"title":"PUBLIC-730C06: A coin issued by Allectus","image_urls":["https://finds.org.uk/images/Linz/PUBLIC-730C06%20COIN.jpg"]},{"from":293,"to":296,"title":"SUSS-787057: A coin issued by Allectus","image_urls":["https://finds.org.uk/images/lburnett/SUSS-787057.JPG"]},{"from":293,"to":296,"title":"HAMP-9033C8: A coin issued by Allectus","image_urls":["https://finds.org.uk/images/khindshamp/HAMP-9033C8.jpg"]},{"from":293,"to":296,"title":"BH-882713: A coin issued by Allectus","image_urls":["https://finds.org.uk/images/jwatters/Roman%20coin%2006%20271%20-%2033.jpg"]},{"from":293,"to":296,"title":"HAMP-AF8B23: A coin issued by Allectus","image_urls":["https://finds.org.uk/images/rhenry/HAMP-AF8B23.jpg"]},{"from":293,"to":296,"title":"DUR-74BC11: A coin issued by Allectus","image_urls":["https://finds.org.uk/images/a8622912/DUR-74BC11.jpg"]},{"from":293,"to":296,"title":"LIN-E66DA4: A coin issued by Allectus","image_urls":["https://finds.org.uk/images/adaubney/LIN8320.JPG"]},{"from":293,"to":296,"title":"SOM-132322: A coin issued by Allectus","image_urls":["https://finds.org.uk/images/elburnett/SOM-132322.jpg"]},{"from":293,"to":296,"title":"NARC-7123C7: A coin issued by Allectus","image_urls":["https://finds.org.uk/images/jcassidy/NARC-7123C7%20b.jpg"]},{"from":293,"to":296,"title":"LEIC-D375C6: A coin issued by Allectus","image_urls":["https://finds.org.uk/images/leicvol/D375C6.jpg"]},{"from":293,"to":296,"title":"LIN-312488: A coin issued by Allectus","image_urls":["https://finds.org.uk/images/adaubney/LIN2011-955.jpg"]},{"from":293,"to":296,"title":"BUC-5F1140: A coin issued by Allectus","image_urls":["https://finds.org.uk/images/Helen Low/TC340.jpg"]},{"from":293,"to":296,"title":"YORYM-FDD274: A coin issued by Allectus","image_urls":["https://finds.org.uk/images/law/KSB0038.jpg"]},{"from":293,"to":296,"title":"BH-80A361: A coin issued by Allectus","image_urls":["https://finds.org.uk/images/jwatters/Roman%20coin%2007%20119%20-%208.jpg"]},{"from":293,"to":296,"title":"SWYOR-E95D93: A coin issued by Allectus","image_urls":["https://finds.org.uk/images/acooper/PAS_1635_Radiate2.jpg"]},{"from":293,"to":296,"title":"IOW-7847A6: A coin issued by Allectus","image_urls":["https://finds.org.uk/images/fbasford/IOW2011-4-121.JPG"]},{"from":293,"to":296,"title":"PUBLIC-E7D4C2: A coin issued by Allectus","image_urls":["https://finds.org.uk/images/zoom/Allectus%20%282%29.JPG"]},{"from":293,"to":296,"title":"WILT-CAD212: A coin issued by Allectus","image_urls":["https://finds.org.uk/images/rhenry2/WILTCAD212.jpg"]},{"from":293,"to":296,"title":"YORYM-4CE495: A coin issued by Allectus","image_urls":["https://finds.org.uk/images/law/BR0082i.jpg"]},{"from":293,"to":296,"title":"SOM-A6D7C3: A coin issued by Allectus","image_urls":["https://finds.org.uk/images/npayne/A6D7C3.JPG"]},{"from":293,"to":296,"title":"IOW-F8AFB3: A coin issued by Allectus","image_urls":["https://finds.org.uk/images/fbasford/IOW2008-1-639.JPG"]},{"from":293,"to":295,"title":"HAMP-723D88: A coin issued by Allectus","image_urls":["https://finds.org.uk/images/khindshamp/HAMP-723D88.jpg"]},{"from":293,"to":296,"title":"BM-FFC546: A coin issued by Allectus","image_urls":["https://finds.org.uk/images/vdrost/BMFFC546O.JPG"]},{"from":293,"to":296,"title":"LIN-E686E2: A coin issued by Allectus","image_urls":["https://finds.org.uk/images/adaubney/LIN8322.JPG"]},{"from":293,"to":296,"title":"BH-839C77: A coin issued by Allectus","image_urls":["https://finds.org.uk/images/jwatters/Roman%20coin%2004%20215%20-%2011.jpg"]},{"from":293,"to":296,"title":"WMID-0CAC15: A coin issued by Allectus","image_urls":["https://finds.org.uk/images/cjohnson/WMID-0CAC15%20obv.jpg"]},{"from":293,"to":296,"title":"BUC-B1F4D8: A coin issued by Allectus","image_urls":["https://finds.org.uk/images/jmoss/DSCN3599.JPG"]},{"from":293,"to":296,"title":"LEIC-6FEE72: A coin issued by Allectus","image_urls":["https://finds.org.uk/images/rknox/DSCN2206.JPG"]},{"from":293,"to":296,"title":"WILT-CE4817: A coin issued by Allectus","image_urls":["https://finds.org.uk/images/khinds/MilLilRB.jpg"]},{"from":293,"to":296,"title":"KENT-245B44: A coin issued by Allectus","image_urls":["https://finds.org.uk/images/jjackson/kent245b44.jpg"]},{"from":293,"to":296,"title":"HAMP-368537: A coin issued by Allectus","image_urls":["https://finds.org.uk/images/rwebley/HAMP-368537Allectusradiate.jpg"]},{"from":293,"to":296,"title":"PUBLIC-76C632: A coin issued by Allectus","image_urls":["https://finds.org.uk/images/simj3/2009.99.5i.jpg"]},{"from":293,"to":296,"title":"BH-067E15: A coin issued by Allectus","image_urls":["https://finds.org.uk/images/laural/Roman%20coin%2007%2086%20-%202.jpg"]},{"from":293,"to":296,"title":"YORYM-A5F8E2: A coin issued by Allectus","image_urls":["https://finds.org.uk/images/yorkvol/MH0045.jpg"]},{"from":293,"to":296,"title":"PUBLIC-78AF01: A coin issued by Allectus","image_urls":["https://finds.org.uk/images/calow1/FLE14.%20785.JPG"]},{"from":293,"to":296,"title":"BH-1FAB52: A coin issued by Allectus","image_urls":["https://finds.org.uk/images/jwatters/Roman%20coin%2010%20129%20-%202.jpg"]},{"from":293,"to":296,"title":"HAMP-0E3D15: A coin issued by Allectus","image_urls":["https://finds.org.uk/images/rwebley/HAMP-0E3D15Allectusradiate.jpg"]},{"from":293,"to":295,"title":"HAMP-E3DE5A: A coin issued by Allectus","image_urls":["https://finds.org.uk/images/khindshamp/HAMP-E3DE5A.jpg"]},{"from":293,"to":296,"title":"HAMP-0F99E1: A coin with an unrecorded/uncertain issuer.","image_urls":["https://finds.org.uk/images/pbarker/HAMP-0F99E1.jpg"]},{"from":293,"to":296,"title":"WAW-35A431: A coin issued by Allectus","image_urls":["https://finds.org.uk/images/abolton/WAW-35A431.jpg"]},{"from":293,"to":296,"title":"FAPJW-649503: A coin issued by Allectus","image_urls":["https://finds.org.uk/images/pwalton/fapjw-649503.jpg"]},{"from":293,"to":296,"title":"NCL-901221: A coin issued by Allectus","image_urls":["https://finds.org.uk/images/pwalton/NCL-901221.jpg"]},{"from":293,"to":296,"title":"PUBLIC-DB61B1: A coin issued by Allectus","image_urls":["https://finds.org.uk/images/alav/allrev.JPG"]},{"from":293,"to":296,"title":"YORYM-743653: A coin issued by Allectus","image_urls":["https://finds.org.uk/images/bmorris/CH0111.jpg"]},{"from":293,"to":296,"title":"LANCUM-E2F531: A coin issued by Allectus","image_urls":["https://finds.org.uk/images/snoon/LANCUM-E2F531.jpg"]},{"from":293,"to":296,"title":"BUC-E0DEA2: A coin issued by Allectus","image_urls":["https://finds.org.uk/images/jmoss/2dscn9369.jpg"]},{"from":293,"to":296,"title":"YORYM-FBF880: A coin issued by Allectus","image_urls":["https://finds.org.uk/images/law/KSB0033.jpg"]},{"from":293,"to":296,"title":"ESS-84E573: A coin issued by Allectus","image_urls":["https://finds.org.uk/images/cmcdonald/Shaw%20London%20mint%20coin%20ob.jpg"]},{"from":293,"to":296,"title":"NLM-3BF5E8: A coin issued by Allectus","image_urls":["https://finds.org.uk/images/mforeman/NLM13442.jpg"]},{"from":293,"to":296,"title":"WMID-833326: A coin issued by Allectus","image_urls":["https://finds.org.uk/images/tgilmore/WMID-833326.jpg"]},{"from":293,"to":295,"title":"Bronze Antoninianus of Diocletian, Antioch, AD 293 - AD 295. 1984.146.587","image_urls":["http://numismatics.org/collectionimages/19501999/1984/1984.146.587.rev.width350.jpg"]},{"from":293,"to":295,"title":"Silver Antoninianus of Diocletian, Siscia, AD 293 - AD 295. 1917.155.82","image_urls":["http://numismatics.org/collectionimages/19001949/1917/1917.155.82.rev.width350.jpg"]},{"from":293,"to":295,"title":"Silver Antoninianus of Diocletian, Antioch, AD 293 - AD 295. 1944.100.38142","image_urls":["http://numismatics.org/collectionimages/19001949/1944/1944.100.38142.rev.width350.jpg"]},{"from":293,"to":295,"title":"Silver Antoninianus of Diocletian, Antioch, AD 293 - AD 295. 1944.100.38136","image_urls":["http://numismatics.org/collectionimages/19001949/1944/1944.100.38136.rev.width350.jpg"]},{"from":293,"to":295,"title":"Silver Antoninianus of Diocletian, Antioch, AD 293 - AD 295. 1944.100.38145","image_urls":["http://numismatics.org/collectionimages/19001949/1944/1944.100.38145.rev.width350.jpg"]},{"from":293,"to":295,"title":"Silver Antoninianus of Diocletian, Antioch, AD 293 - AD 295. 1933.10.2","image_urls":["http://numismatics.org/collectionimages/19001949/1933/1933.10.2.rev.width350.jpg"]},{"from":293,"to":294,"title":"Gold Aureus, Treveri, AD 293 - AD 294. 1944.100.5852","image_urls":["http://numismatics.org/collectionimages/19001949/1944/1944.100.5852.rev.width350.jpg"]},{"from":293,"to":295,"title":"Silver Antoninianus of Diocletian, Antioch, AD 293 - AD 295. 1944.100.38139","image_urls":["http://numismatics.org/collectionimages/19001949/1944/1944.100.38139.rev.width350.jpg"]},{"from":293,"to":295,"title":"Silver Antoninianus of Diocletian, Antioch, AD 293 - AD 295. 1944.100.38130","image_urls":["http://numismatics.org/collectionimages/19001949/1944/1944.100.38130.rev.width350.jpg"]},{"from":293,"to":295,"title":"Silver Antoninianus of Diocletian, Antioch, AD 293 - AD 295. 1944.100.38124","image_urls":["http://numismatics.org/collectionimages/19001949/1944/1944.100.38124.rev.width350.jpg"]},{"from":293,"to":295,"title":"Silver Antoninianus of Diocletian, Antioch, AD 293 - AD 295. 1944.100.38147","image_urls":["http://numismatics.org/collectionimages/19001949/1944/1944.100.38147.rev.width350.jpg"]},{"from":293,"to":295,"title":"Silver Antoninianus of Diocletian, Siscia, AD 293 - AD 295. 1917.155.81","image_urls":["http://numismatics.org/collectionimages/19001949/1917/1917.155.81.rev.width350.jpg"]},{"from":293,"to":295,"title":"Silver Antoninianus of Diocletian, Antioch, AD 293 - AD 295. 1944.100.38141","image_urls":["http://numismatics.org/collectionimages/19001949/1944/1944.100.38141.rev.width350.jpg"]},{"from":293,"to":295,"title":"Silver Antoninianus of Diocletian, Antioch, AD 293 - AD 295. 1944.100.38133","image_urls":["http://numismatics.org/collectionimages/19001949/1944/1944.100.38133.rev.width350.jpg"]},{"from":293,"to":295,"title":"Silver Antoninianus of Diocletian, Antioch, AD 293 - AD 295. 1944.100.38127","image_urls":["http://numismatics.org/collectionimages/19001949/1944/1944.100.38127.rev.width350.jpg"]},{"from":293,"to":295,"title":"Silver Antoninianus of Diocletian, Antioch, AD 293 - AD 295. 1944.100.38138","image_urls":["http://numismatics.org/collectionimages/19001949/1944/1944.100.38138.rev.width350.jpg"]},{"from":293,"to":295,"title":"Bronze Antoninianus of Diocletian, Antioch, AD 293 - AD 295. 1990.23.35","image_urls":["http://numismatics.org/collectionimages/19501999/1990/1990.23.35.rev.width350.jpg"]},{"from":293,"to":295,"title":"Silver Antoninianus of Diocletian, Antioch, AD 293 - AD 295. 1944.100.38132","image_urls":["http://numismatics.org/collectionimages/19001949/1944/1944.100.38132.rev.width350.jpg"]},{"from":293,"to":295,"title":"Silver Antoninianus of Diocletian, Rome, AD 293 - AD 295. 1979.78.48","image_urls":["http://numismatics.org/collectionimages/19501999/1979/1979.78.48.rev.width350.jpg"]},{"from":293,"to":295,"title":"Bronze Antoninianus of Diocletian, Antioch, AD 293 - AD 295. 1984.146.592","image_urls":["http://numismatics.org/collectionimages/19501999/1984/1984.146.592.rev.width350.jpg"]},{"from":293,"to":295,"title":"Silver Antoninianus of Diocletian, Antioch, AD 293 - AD 295. 1944.100.38129","image_urls":["http://numismatics.org/collectionimages/19001949/1944/1944.100.38129.rev.width350.jpg"]},{"from":293,"to":305,"title":"Bronze Nummus, Treveri, AD 293 - AD 305. 1997.10.6","image_urls":["http://numismatics.org/collectionimages/19501999/1997/1997.10.6.rev.width350.jpg"]},{"from":293,"to":295,"title":"Silver Antoninianus of Diocletian, Antioch, AD 293 - AD 295. 1944.100.38131","image_urls":["http://numismatics.org/collectionimages/19001949/1944/1944.100.38131.rev.width350.jpg"]},{"from":293,"to":295,"title":"Silver Antoninianus of Diocletian, Antioch, AD 293 - AD 295. 1944.100.38140","image_urls":["http://numismatics.org/collectionimages/19001949/1944/1944.100.38140.rev.width350.jpg"]},{"from":293,"to":295,"title":"Silver Antoninianus of Diocletian, Antioch, AD 293 - AD 295. 1944.100.38128","image_urls":["http://numismatics.org/collectionimages/19001949/1944/1944.100.38128.rev.width350.jpg"]},{"from":293,"to":295,"title":"Silver Antoninianus of Diocletian, Antioch, AD 293 - AD 295. 1944.100.38126","image_urls":["http://numismatics.org/collectionimages/19001949/1944/1944.100.38126.rev.width350.jpg"]},{"from":293,"to":295,"title":"Silver Antoninianus of Diocletian, Rome, AD 293 - AD 295. 1987.26.248","image_urls":["http://numismatics.org/collectionimages/19501999/1987/1987.26.248.rev.width350.jpg"]},{"from":293,"to":295,"title":"Silver Antoninianus of Diocletian, Antioch, AD 293 - AD 295. 1974.203.40","image_urls":["http://numismatics.org/collectionimages/19501999/1974/1974.203.40.rev.width350.jpg"]},{"from":293,"to":294,"title":"Gold Aureus, Treveri, AD 293 - AD 294. 1952.42.1","image_urls":["http://numismatics.org/collectionimages/19501999/1952/1952.42.1.rev.width350.jpg"]},{"from":293,"to":295,"title":"Silver Antoninianus of Diocletian, Antioch, AD 293 - AD 295. 1944.100.38134","image_urls":["http://numismatics.org/collectionimages/19001949/1944/1944.100.38134.rev.width350.jpg"]},{"from":293,"to":295,"title":"Bronze Antoninianus of Diocletian, Antioch, AD 293 - AD 295. 1984.146.591","image_urls":["http://numismatics.org/collectionimages/19501999/1984/1984.146.591.rev.width350.jpg"]},{"from":293,"to":295,"title":"Silver Antoninianus of Diocletian, Antioch, AD 293 - AD 295. 1935.117.352","image_urls":["http://numismatics.org/collectionimages/19001949/1935/1935.117.352.rev.width350.jpg"]},{"from":293,"to":294,"title":"Gold Aureus, Treveri, AD 293 - AD 294. 1944.100.5851","image_urls":["http://numismatics.org/collectionimages/19001949/1944/1944.100.5851.rev.width350.jpg"]},{"from":293,"to":295,"title":"Silver Antoninianus of Diocletian, Antioch, AD 293 - AD 295. 1944.100.38144","image_urls":["http://numismatics.org/collectionimages/19001949/1944/1944.100.38144.rev.width350.jpg"]},{"from":293,"to":294,"title":"Bronze Antoninianus of Diocletian, Rome, AD 293 - AD 294. 1984.146.2213","image_urls":["http://numismatics.org/collectionimages/19501999/1984/1984.146.2213.rev.width350.jpg"]},{"from":293,"to":295,"title":"Silver Antoninianus of Diocletian, Siscia, AD 293 - AD 295. 1917.155.80","image_urls":["http://numismatics.org/collectionimages/19001949/1917/1917.155.80.rev.width350.jpg"]},{"from":293,"to":295,"title":"Silver Antoninianus of Diocletian, Antioch, AD 293 - AD 295. 1944.100.38143","image_urls":["http://numismatics.org/collectionimages/19001949/1944/1944.100.38143.rev.width350.jpg"]},{"from":293,"to":295,"title":"Bronze Antoninianus of Diocletian, Antioch, AD 293 - AD 295. 1984.146.588","image_urls":["http://numismatics.org/collectionimages/19501999/1984/1984.146.588.rev.width350.jpg"]},{"from":293,"to":295,"title":"Bronze Antoninianus of Diocletian, Antioch, AD 293 - AD 295. 1990.23.36","image_urls":["http://numismatics.org/collectionimages/19501999/1990/1990.23.36.rev.width350.jpg"]},{"from":293,"to":295,"title":"Gold Aureus, Antioch, AD 293 - AD 295. 1955.191.1","image_urls":["http://numismatics.org/collectionimages/19501999/1955/1955.191.1.rev.width350.jpg"]},{"from":293,"to":295,"title":"Bronze Antoninianus of Diocletian, Antioch, AD 293 - AD 295. 1984.146.589","image_urls":["http://numismatics.org/collectionimages/19501999/1984/1984.146.589.rev.width350.jpg"]},{"from":293,"to":295,"title":"Silver Antoninianus, Siscia, AD 293 - AD 295. 2015.12.54","image_urls":["http://numismatics.org/collectionimages/20002049/2015/2015.12.54.rev.width350.jpg"]},{"from":293,"to":295,"title":"Silver Antoninianus of Diocletian, Siscia, AD 293 - AD 295. 1925.176.119","image_urls":["http://numismatics.org/collectionimages/19001949/1925/1925.176.119.rev.width350.jpg"]},{"from":293,"to":295,"title":"Silver Antoninianus of Diocletian, Antioch, AD 293 - AD 295. 1944.100.38125","image_urls":["http://numismatics.org/collectionimages/19001949/1944/1944.100.38125.rev.width350.jpg"]},{"from":293,"to":295,"title":"Silver Antoninianus of Diocletian, Antioch, AD 293 - AD 295. 1944.100.38146","image_urls":["http://numismatics.org/collectionimages/19001949/1944/1944.100.38146.rev.width350.jpg"]},{"from":293,"to":295,"title":"Silver Antoninianus, Siscia, AD 293 - AD 295. 2015.12.52","image_urls":["http://numismatics.org/collectionimages/20002049/2015/2015.12.52.rev.width350.jpg"]},{"from":293,"to":295,"title":"Silver Antoninianus of Diocletian, Rome, AD 293 - AD 295. 1990.3.105","image_urls":["http://numismatics.org/collectionimages/19501999/1990/1990.3.105.rev.width350.jpg"]},{"from":293,"to":295,"title":"Silver Antoninianus of Diocletian, Antioch, AD 293 - AD 295. 1977.8.4","image_urls":["http://numismatics.org/collectionimages/19501999/1977/1977.8.4.rev.width350.jpg"]},{"from":293,"to":295,"title":"Silver Antoninianus of Diocletian, Antioch, AD 293 - AD 295. 1944.100.38137","image_urls":["http://numismatics.org/collectionimages/19001949/1944/1944.100.38137.rev.width350.jpg"]},{"from":293,"to":295,"title":"Bronze Antoninianus of Diocletian, Antioch, AD 293 - AD 295. 1984.146.590","image_urls":["http://numismatics.org/collectionimages/19501999/1984/1984.146.590.rev.width350.jpg"]},{"from":293,"to":294,"title":"Gold Medallion, Treveri, AD 293 - AD 294. 1967.153.38","image_urls":["http://numismatics.org/collectionimages/19501999/1967/1967.153.38.rev.width350.jpg"]},{"from":293,"to":295,"title":"Silver Antoninianus of Diocletian, Antioch, AD 293 - AD 295. 1995.11.797","image_urls":["http://numismatics.org/collectionimages/19501999/1995/1995.11.797.rev.width350.jpg"]},{"from":293,"to":295,"title":"Silver Antoninianus of Diocletian, Siscia, AD 293 - AD 295. 1974.203.39","image_urls":["http://numismatics.org/collectionimages/19501999/1974/1974.203.39.rev.width350.jpg"]},{"from":293,"to":295,"title":"Gold Aureus, Antioch, AD 293 - AD 295. 1960.175.44","image_urls":["http://numismatics.org/collectionimages/19501999/1960/1960.175.44.rev.width350.jpg"]},{"from":293,"to":295,"title":"Silver Antoninianus of Diocletian, Antioch, AD 293 - AD 295. 1974.203.41","image_urls":["http://numismatics.org/collectionimages/19501999/1974/1974.203.41.rev.width350.jpg"]},{"from":293,"to":295,"title":"Silver Antoninianus of Diocletian, Antioch, AD 293 - AD 295. 1944.100.38135","image_urls":["http://numismatics.org/collectionimages/19001949/1944/1944.100.38135.rev.width350.jpg"]},{"from":293,"to":295,"title":"Silver Antoninianus of Diocletian, Antioch, AD 293 - AD 295. 1977.158.1280","image_urls":["http://numismatics.org/collectionimages/19501999/1977/1977.158.1280.rev.width350.jpg"]}]