[{"from":294,"to":294,"title":"BM-B1C1F5: A coin issued by Galerius","image_urls":["https://finds.org.uk/images/jasonlundock/BM-B1C1F5.jpg"]},{"from":294,"to":305,"title":"DOR-BAB4F5: A coin issued by Galerius","image_urls":["https://finds.org.uk/images/rhenry4/DOR-BAB4F5.jpg"]},{"from":294,"to":305,"title":"BERK-3F9CE1: A coin issued by Diocletian","image_urls":["https://finds.org.uk/images/abyard/3F9CE1.jpg"]},{"from":294,"to":299,"title":"CAM-59C251: A coin issued by Diocletian","image_urls":["https://finds.org.uk/images/pjw/CAM_59C251.jpg"]},{"from":294,"to":296,"title":"LIN-BED714: A coin issued by Allectus","image_urls":["https://finds.org.uk/images/adaubney/LIN3052.jpg"]},{"from":294,"to":295,"title":"HAMP-171C02: A coin issued by Diocletian","image_urls":["https://finds.org.uk/images/khindshamp/HAMP-171C02.jpg"]},{"from":294,"to":337,"title":"WILT-74BEC1: A coin issued by House of Constantine","image_urls":["https://finds.org.uk/images/rhenry2/WILT-74BEC1.jpg"]},{"from":294,"to":305,"title":"LIN-C240E0: A coin issued by Galerius","image_urls":["https://finds.org.uk/images/adaubney/LIN7044.jpg"]},{"from":294,"to":305,"title":"CAM-8195E7: A coin issued by Galerius","image_urls":["https://finds.org.uk/images/pjw/CAM_8195E7.jpg"]},{"from":294,"to":305,"title":"NLM-2BDBC6: A coin issued by Galerius","image_urls":["https://finds.org.uk/images/lstaves/NLM10418.jpg"]},{"from":294,"to":305,"title":"WAW-92D4C5: A coin issued by Diocletian","image_urls":["https://finds.org.uk/images/abolton/WAW-92D4C5.jpg"]},{"from":294,"to":299,"title":"BM-04820D: A coin issued by Maximian I","image_urls":["https://finds.org.uk/images/vdrost/BM04820DO.JPG"]},{"from":294,"to":296,"title":"LVPL-AB8811: A coin issued by Allectus","image_urls":["https://finds.org.uk/images/voakden/LVPL-AB8811.jpg"]},{"from":294,"to":305,"title":"BERK-518F40: A coin issued by Tetrarchic Ruler (uncertain issuer)","image_urls":["https://finds.org.uk/images/abyard/2013233.jpg"]},{"from":294,"to":305,"title":"SF-911372: A coin issued by Constantius I","image_urls":["https://finds.org.uk/images/abrown/ADT_SF-911372.jpg"]},{"from":294,"to":307,"title":"LIN-C11781: A coin issued by Constantine I","image_urls":["https://finds.org.uk/images/adaubney/LIN410.JPG"]},{"from":294,"to":298,"title":"HAMP-869133: A coin issued by Galerius","image_urls":["https://finds.org.uk/images/ellysg1/HAMP-869133Galeriusnummus.jpg"]},{"from":294,"to":400,"title":"ESS-100EF1: A coin with an unrecorded/uncertain issuer.","image_urls":["https://finds.org.uk/images/cmcdonald/Lumsden%20illegible%209.jpg"]},{"from":294,"to":313,"title":"WAW-019CCF: A coin with an unrecorded/uncertain issuer.","image_urls":["https://finds.org.uk/images/abolton/WAW-019CCF.jpg"]},{"from":294,"to":305,"title":"PUBLIC-E63BB5: A coin issued by Galerius","image_urls":["https://finds.org.uk/images/calow1/FLE13.540.JPG"]},{"from":294,"to":305,"title":"YORYM-A75022: A coin issued by Constantius I","image_urls":["https://finds.org.uk/images/law/BRO548.jpg"]},{"from":294,"to":294,"title":"IOW-EDAC74: A coin issued by Galerius","image_urls":["https://finds.org.uk/images/fbasford/IOW2006-64-5.JPG"]},{"from":294,"to":305,"title":"HAMP-0173F3: A coin issued by Constantius I","image_urls":["https://finds.org.uk/images/rwebley/HAMP-0173F3ConstantiusInummus.jpg"]},{"from":294,"to":294,"title":"WAW-B59155: A coin issued by Diocletian","image_urls":["https://finds.org.uk/images/abolton/WAW-B59155.jpg"]},{"from":294,"to":305,"title":"PUBLIC-A1B355: A coin issued by Tetrarchic Ruler (uncertain issuer)","image_urls":["https://finds.org.uk/images/calow1/FLE13.464.JPG"]},{"from":294,"to":295,"title":"IOW-641395: A coin issued by Maximian I","image_urls":["https://finds.org.uk/images/fbasford/IOW2011-2-390a.JPG"]},{"from":294,"to":298,"title":"LIN-EE6F65: A coin issued by Galerius","image_urls":["https://finds.org.uk/images/adaubney/LIN3138.jpg"]},{"from":294,"to":307,"title":"SOMDOR-DF3488: A coin issued by Constantine I","image_urls":["https://finds.org.uk/images/npayne/DF3488.jpg"]},{"from":294,"to":294,"title":"BH-A02CF4: A coin issued by Maximian I","image_urls":["https://finds.org.uk/images/jwatters/Roman_coin_12_21_9.jpg"]},{"from":294,"to":299,"title":"DOR-B58F97: A coin issued by Constantius I","image_urls":["https://finds.org.uk/images/caht/B58F97.jpg"]},{"from":294,"to":299,"title":"LIN-D163E3: A coin issued by Constantius I","image_urls":["https://finds.org.uk/images/adaubney/LIN6656.JPG"]},{"from":294,"to":296,"title":"WAW-CAA161: A coin issued by Maximian I","image_urls":["https://finds.org.uk/images/kleahy2/Alcester%20oct%20CAA161.jpg"]},{"from":294,"to":299,"title":"YORYM-DBEB67: A coin issued by Maximian I","image_urls":["https://finds.org.uk/images/law/RM0034.jpg"]},{"from":294,"to":305,"title":"SUSS-57BB03: A coin issued by Diocletian","image_urls":["https://finds.org.uk/images/tclifford/1-223r.jpg"]},{"from":294,"to":299,"title":"SWYOR-CF5F55: A coin issued by Diocletian","image_urls":["https://finds.org.uk/images/bloom/PAS_1477_Coin.jpg"]},{"from":294,"to":305,"title":"NMGW-9A89B7: A coin issued by Constantius I","image_urls":["https://finds.org.uk/images/sianw/2007111.jpg"]},{"from":294,"to":305,"title":"SOMDOR-7E3DD2: A coin issued by Galerius","image_urls":["https://finds.org.uk/images/npayne/7E3DD2.jpg"]},{"from":294,"to":294,"title":"WILT-A55EB2: A coin issued by Maximian I (pre-reform)","image_urls":["https://finds.org.uk/images/khinds/Arbury0510maximianus.jpg"]},{"from":294,"to":313,"title":"BH-E012AD: A coin issued by Tetrarchic Ruler (uncertain issuer)","image_urls":["https://finds.org.uk/images/jwatters/Roman_coin_14_114_2.jpg"]},{"from":294,"to":295,"title":"Bronze Nummus, Lugdunum, AD 294 - AD 295. 1984.146.196","image_urls":["http://numismatics.org/collectionimages/19501999/1984/1984.146.196.rev.width350.jpg"]},{"from":294,"to":295,"title":"Billon Tetradrachm, Alexandreia, AD 294 - AD 295. 1944.100.68744","image_urls":["http://numismatics.org/collectionimages/19001949/1944/1944.100.68744.rev.width350.jpg"]},{"from":294,"to":295,"title":"Bronze Nummus, Lugdunum, AD 294 - AD 295. 1984.146.182","image_urls":["http://numismatics.org/collectionimages/19501999/1984/1984.146.182.rev.width350.jpg"]},{"from":294,"to":295,"title":"Bronze Nummus, Lugdunum, AD 294 - AD 295. 1984.146.195","image_urls":["http://numismatics.org/collectionimages/19501999/1984/1984.146.195.rev.width350.jpg"]},{"from":294,"to":299,"title":"Bronze Nummus, Treveri, AD 294 - AD 299. 1944.100.5872","image_urls":["http://numismatics.org/collectionimages/19001949/1944/1944.100.5872.rev.width350.jpg"]}]