[{"from":295,"to":299,"title":"SWYOR-723F23: A coin issued by Diocletian","image_urls":["https://finds.org.uk/images/acooper/PAS_1468_Coin2.jpg"]},{"from":295,"to":299,"title":"BERK-6ABD27: A coin issued by Galerius","image_urls":["https://finds.org.uk/images/abyard/2010737.jpg"]},{"from":295,"to":297,"title":"ESS-C83012: A coin issued by Diocletian","image_urls":["https://finds.org.uk/images/lmclean/ess-c83012%20silver%20denarius.jpg"]},{"from":295,"to":296,"title":"HAMP-E41432: A coin issued by Allectus","image_urls":["https://finds.org.uk/images/khindshamp/HAMP-E41432.jpg"]},{"from":295,"to":299,"title":"SUSS-D0B510: A coin issued by Diocletian","image_urls":["https://finds.org.uk/images/stephaniesmith/SUSS-D0B510.jpg"]},{"from":295,"to":299,"title":"YORYM-45FD53: A coin issued by Maximian I","image_urls":["https://finds.org.uk/images/bmorris/CA0129.jpg"]},{"from":295,"to":297,"title":"YORYM-F36466: A coin issued by Maximian I","image_urls":["https://finds.org.uk/images/bmorris/JF0004.jpg"]},{"from":295,"to":299,"title":"SOMDOR-FDB382: A coin issued by Maximian I","image_urls":["https://finds.org.uk/images/caht/FDB382rev.jpg"]},{"from":295,"to":298,"title":"LEIC-DD5C28: A coin issued by Diocletian","image_urls":["https://finds.org.uk/images/wscott/LEICDD5C28.jpg"]},{"from":295,"to":296,"title":"WILT-B26233: A coin issued by Allectus","image_urls":["https://finds.org.uk/images/khinds/Wheeler0911AllectusQradiate.jpg"]},{"from":295,"to":297,"title":"WILT-CA45F1: A coin issued by Diocletian","image_urls":["https://finds.org.uk/images/khinds/Crisp0207diocletian.jpg"]},{"from":295,"to":295,"title":"WAW-BABB72: A coin issued by Maximian I","image_urls":["https://finds.org.uk/images/abolton/WAW-BABB72.jpg"]},{"from":295,"to":297,"title":"WILT-DF1A13: A coin issued by Constantius I","image_urls":["https://finds.org.uk/images/khinds/Fryer0609roman1.jpg"]},{"from":295,"to":300,"title":"HAMP-EFE1A6: A coin issued by Constantius I","image_urls":["https://finds.org.uk/images/jmccrohan/Hamp%20EFE1A6.tif"]},{"from":295,"to":295,"title":"YORYM-068811: A coin issued by Diocletian","image_urls":["https://finds.org.uk/images/law/DE0084.jpg"]},{"from":295,"to":402,"title":"WAW-DA0236: A coin issued by Uncertain - 4th century","image_urls":["https://finds.org.uk/images/abolton/WAW-DA0236.JPG"]},{"from":295,"to":296,"title":"HAMP360: A coin issued by Diocletian","image_urls":["https://finds.org.uk/images/sworrell/hamp360b.jpg"]},{"from":295,"to":296,"title":"SUR-C7CA40: A coin issued by Constantius I","image_urls":["https://finds.org.uk/images/margaretb/12-959.JPG"]},{"from":295,"to":296,"title":"CORN-062A73: A coin issued by Maximian I","image_urls":["https://finds.org.uk/images/atyacke/Hubbardcoins%20012.jpg"]},{"from":295,"to":295,"title":"WILT-3A4195: A coin issued by Diocletian","image_urls":["https://finds.org.uk/images/jshoemark/WILT3A4195.jpg"]},{"from":295,"to":296,"title":"HAMP-140308: A coin issued by Allectus","image_urls":["https://finds.org.uk/images/catherineo92/HAMP140308.jpg"]},{"from":295,"to":296,"title":"WILT-8AB1A5: A coin issued by Allectus","image_urls":["https://finds.org.uk/images/khinds/WILT-8AB1A5.jpg"]},{"from":295,"to":318,"title":"BUC-7A04D6: A coin issued by Uncertain (AD 260 - 402)","image_urls":["https://finds.org.uk/images/jmoss/Dscn6199.jpg"]},{"from":295,"to":296,"title":"Bronze Nummus, Alexandreia, AD 295 - AD 296. 1974.26.31","image_urls":["http://numismatics.org/collectionimages/19501999/1974/1974.26.31.rev.width350.jpg"]},{"from":295,"to":297,"title":"Silver Argenteus, Treveri, AD 295 - AD 297. 1944.100.5870","image_urls":["http://numismatics.org/collectionimages/19001949/1944/1944.100.5870.rev.width350.jpg"]},{"from":295,"to":305,"title":"Gold Aureus, Treveri, AD 295 - AD 305. 1944.100.5864","image_urls":["http://numismatics.org/collectionimages/19001949/1944/1944.100.5864.rev.width350.jpg"]},{"from":295,"to":305,"title":"Gold Aureus, Treveri, AD 295 - AD 305. 1944.100.5858","image_urls":["http://numismatics.org/collectionimages/19001949/1944/1944.100.5858.rev.width350.jpg"]},{"from":295,"to":305,"title":"Gold Aureus, Treveri, AD 295 - AD 305. 1944.100.5860","image_urls":["http://numismatics.org/collectionimages/19001949/1944/1944.100.5860.rev.width350.jpg"]},{"from":295,"to":305,"title":"Gold Aureus, Treveri, AD 295 - AD 305. 1944.100.5855","image_urls":["http://numismatics.org/collectionimages/19001949/1944/1944.100.5855.rev.width350.jpg"]},{"from":295,"to":305,"title":"Gold Aureus, Treveri, AD 295 - AD 305. 1944.100.5867","image_urls":["http://numismatics.org/collectionimages/19001949/1944/1944.100.5867.rev.width350.jpg"]},{"from":295,"to":305,"title":"Gold Aureus, Treveri, AD 295 - AD 305. 1944.100.5861","image_urls":["http://numismatics.org/collectionimages/19001949/1944/1944.100.5861.rev.width350.jpg"]},{"from":295,"to":296,"title":"Bronze Nummus, Alexandreia, AD 295 - AD 296. 1984.146.456","image_urls":["http://numismatics.org/collectionimages/19501999/1984/1984.146.456.rev.width350.jpg"]},{"from":295,"to":297,"title":"Silver Argenteus, Treveri, AD 295 - AD 297. 1957.172.330","image_urls":["http://numismatics.org/collectionimages/19501999/1957/1957.172.330.rev.width350.jpg"]},{"from":295,"to":305,"title":"Gold Aureus, Treveri, AD 295 - AD 305. 1967.153.39","image_urls":["http://numismatics.org/collectionimages/19501999/1967/1967.153.39.rev.width350.jpg"]},{"from":295,"to":305,"title":"Gold Aureus, Treveri, AD 295 - AD 305. 1944.100.5863","image_urls":["http://numismatics.org/collectionimages/19001949/1944/1944.100.5863.rev.width350.jpg"]},{"from":295,"to":305,"title":"Gold Aureus, Treveri, AD 295 - AD 305. 1944.100.5857","image_urls":["http://numismatics.org/collectionimages/19001949/1944/1944.100.5857.rev.width350.jpg"]},{"from":295,"to":297,"title":"Silver Argenteus, Treveri, AD 295 - AD 297. 1944.100.5868","image_urls":["http://numismatics.org/collectionimages/19001949/1944/1944.100.5868.rev.width350.jpg"]},{"from":295,"to":305,"title":"Gold Aureus, Treveri, AD 295 - AD 305. 1980.109.185","image_urls":["http://numismatics.org/collectionimages/19501999/1980/1980.109.185.rev.width350.jpg"]},{"from":295,"to":305,"title":"Gold Aureus, Treveri, AD 295 - AD 305. 1944.100.5854","image_urls":["http://numismatics.org/collectionimages/19001949/1944/1944.100.5854.rev.width350.jpg"]},{"from":295,"to":296,"title":"Bronze Nummus, Alexandreia, AD 295 - AD 296. 1984.146.457","image_urls":["http://numismatics.org/collectionimages/19501999/1984/1984.146.457.rev.width350.jpg"]},{"from":295,"to":296,"title":"Billon octadrachm, Alexandreia, AD 295 - AD 296. 1970.139.1","image_urls":["http://numismatics.org/collectionimages/19501999/1970/1970.139.1.rev.width350.jpg"]},{"from":295,"to":305,"title":"Gold Aureus, Treveri, AD 295 - AD 305. 1944.100.5866","image_urls":["http://numismatics.org/collectionimages/19001949/1944/1944.100.5866.rev.width350.jpg"]},{"from":295,"to":305,"title":"Gold Aureus, Treveri, AD 295 - AD 305. 1955.191.6","image_urls":["http://numismatics.org/collectionimages/19501999/1955/1955.191.6.rev.width350.jpg"]},{"from":295,"to":305,"title":"Gold Aureus, Treveri, AD 295 - AD 305. 1967.153.40","image_urls":["http://numismatics.org/collectionimages/19501999/1967/1967.153.40.rev.width350.jpg"]},{"from":295,"to":296,"title":"Billon Tetradrachm, Alexandreia, AD 295 - AD 296. 1944.100.62133","image_urls":["http://numismatics.org/collectionimages/19001949/1944/1944.100.62133.rev.width350.jpg"]},{"from":295,"to":305,"title":"Gold Aureus, Treveri, AD 295 - AD 305. 1944.100.5862","image_urls":["http://numismatics.org/collectionimages/19001949/1944/1944.100.5862.rev.width350.jpg"]},{"from":295,"to":305,"title":"Gold Aureus, Treveri, AD 295 - AD 305. 1944.100.5856","image_urls":["http://numismatics.org/collectionimages/19001949/1944/1944.100.5856.rev.width350.jpg"]},{"from":295,"to":305,"title":"Gold Aureus, Treveri, AD 295 - AD 305. 1944.100.5853","image_urls":["http://numismatics.org/collectionimages/19001949/1944/1944.100.5853.rev.width350.jpg"]},{"from":295,"to":305,"title":"Gold Aureus, Treveri, AD 295 - AD 305. 1944.100.5865","image_urls":["http://numismatics.org/collectionimages/19001949/1944/1944.100.5865.rev.width350.jpg"]},{"from":295,"to":305,"title":"Gold Aureus, Treveri, AD 295 - AD 305. 1944.100.5859","image_urls":["http://numismatics.org/collectionimages/19001949/1944/1944.100.5859.rev.width350.jpg"]},{"from":295,"to":296,"title":"Bronze Nummus, Lugdunum, AD 295 - AD 296. 1944.100.1119","image_urls":["http://numismatics.org/collectionimages/19001949/1944/1944.100.1119.rev.width350.jpg"]},{"from":295,"to":297,"title":"Silver Argenteus, Treveri, AD 295 - AD 297. 1944.100.5869","image_urls":["http://numismatics.org/collectionimages/19001949/1944/1944.100.5869.rev.width350.jpg"]}]