[{"from":296,"to":297,"title":"KENT-9731A1: A coin issued by Constantius I","image_urls":["https://finds.org.uk/images/jjackson/KENT-9731A1.jpg"]},{"from":296,"to":297,"title":"SUSS-C3FE67: A coin issued by Maximian I","image_urls":["https://finds.org.uk/images/stephaniesmith/SUSS-C3FE67NummusMaximian.jpg"]},{"from":296,"to":305,"title":"DUR-E96823: A coin issued by Maximinus Daia","image_urls":["https://finds.org.uk/images/frances/fowler%2018%20DUR-E96823.jpg"]},{"from":296,"to":297,"title":"NARC-6F92E7: A coin issued by Diocletian","image_urls":["https://finds.org.uk/images/jcassidy/NARC-6F92E7%20a.jpg"]},{"from":296,"to":297,"title":"WILT-5E758E: A coin issued by Constantius I","image_urls":["https://finds.org.uk/images/rhenry2/WILT5E758E.jpg"]},{"from":296,"to":297,"title":"LVPL-F9A2B6: A coin issued by Diocletian","image_urls":["https://finds.org.uk/images/voakden/LVPL-F9A2B6.jpg"]},{"from":296,"to":297,"title":"WILT-3201F8: A coin issued by Diocletian","image_urls":["https://finds.org.uk/images/rhenry2/WILT-3201F8.jpg"]},{"from":296,"to":297,"title":"WMID-2C5D43: A coin issued by Maximian I","image_urls":["https://finds.org.uk/images/tgilmore/WMID-2C5D43.jpg"]},{"from":296,"to":297,"title":"DENO-549CB5: A coin issued by Maximian I","image_urls":["https://finds.org.uk/images/ratherton/E6879%20clifford%20maxim%20num.JPG"]},{"from":296,"to":297,"title":"SUR-E611F9: A coin issued by Constantius I","image_urls":["https://finds.org.uk/images/margaretb/15526.JPG"]},{"from":296,"to":297,"title":"HAMP-5AB7A4: A coin issued by Diocletian","image_urls":["https://finds.org.uk/images/rwebley/HAMP-5AB7A4Diocletiannummus.jpg"]},{"from":296,"to":297,"title":"NLM-BE10E4: A coin issued by Diocletian","image_urls":["https://finds.org.uk/images/mforeman/NLM21152.jpg"]},{"from":296,"to":297,"title":"NLM-560CA4: A coin issued by Maximian I","image_urls":["https://finds.org.uk/images/mforeman/NLM14291.jpg"]},{"from":296,"to":298,"title":"HESH-0999A5: A coin issued by Maximian I","image_urls":["https://finds.org.uk/images/preavill/HESH-0999A5.jpg"]},{"from":296,"to":297,"title":"SF-71A8E0: A coin issued by Galerius","image_urls":["https://finds.org.uk/images/abrown/MNL%20SF-71A8E0.jpg"]},{"from":296,"to":317,"title":"LON-B6F8B1: A coin issued by Constantine I","image_urls":["https://finds.org.uk/images/ksumnall/RCoinSol-Nov13.jpg"]},{"from":296,"to":297,"title":"NLM-844457: A coin issued by Maximian I","image_urls":["https://finds.org.uk/images/lstaves/NLM11610.jpg"]},{"from":296,"to":297,"title":"BERK-F93DE5: A coin issued by Constantius I","image_urls":["https://finds.org.uk/images/abyard/SAD001%20genio.jpg"]},{"from":296,"to":297,"title":"BM-495045: A coin issued by Maximian I","image_urls":["https://finds.org.uk/images/vdrost/BM-495045-R.JPG"]},{"from":296,"to":297,"title":"LANCUM-669AF3: A coin issued by Diocletian","image_urls":["https://finds.org.uk/images/dboughton/FFSL669AF3a.jpg"]},{"from":296,"to":299,"title":"WILT-801294: A coin issued by Galerius","image_urls":["https://finds.org.uk/images/awillis/WILT-801294.jpg"]},{"from":296,"to":297,"title":"DUR-662FE3: A coin issued by Maximian I","image_urls":["https://finds.org.uk/images/frances/DUR-662FE3.jpg"]},{"from":296,"to":297,"title":"BERK-6A6654: A coin issued by Galerius","image_urls":["https://finds.org.uk/images/abyard/2010767.jpg"]},{"from":296,"to":297,"title":"SUR-758640: A coin issued by Galerius","image_urls":["https://finds.org.uk/images/margaretb/14-144.JPG"]},{"from":296,"to":297,"title":"GLO-A8A762: A coin issued by Diocletian","image_urls":["https://finds.org.uk/images/kadams/2422%20Copper%20alloy%20nummus%20of%20Diocletion.JPG"]},{"from":296,"to":297,"title":"SUR-736206: A coin issued by Constantius I","image_urls":["https://finds.org.uk/images/dwilliams/08.227.JPG"]},{"from":296,"to":296,"title":"LEIC-F4FB31: A coin issued by Galerius","image_urls":["https://finds.org.uk/images/wscott/F4FB31..JPG"]},{"from":296,"to":297,"title":"BM-C38105: A coin issued by Constantius I","image_urls":["https://finds.org.uk/images/vdrost/0BMC38105obv.JPG"]},{"from":296,"to":297,"title":"NCL-A96F17: A coin issued by Diocletian","image_urls":["https://finds.org.uk/images/pwalton/dioclfollis.jpg"]},{"from":296,"to":297,"title":"LEIC-EE0297: A coin issued by Maximian I","image_urls":["https://finds.org.uk/images/wscott/EE0297.JPG"]},{"from":296,"to":297,"title":"FAPJW-6006D1: A coin issued by Diocletian","image_urls":["https://finds.org.uk/images/jasonlundock/7070.jpg"]},{"from":296,"to":297,"title":"GLO-AD29E6: A coin issued by Galerius","image_urls":["https://finds.org.uk/images/kadams/1468%20Roman%20nummus%20of%20Galerius.JPG"]},{"from":296,"to":297,"title":"SOM-D33DD3: A coin issued by Galerius","image_urls":["https://finds.org.uk/images/npayne/D33DD3.JPG"]},{"from":296,"to":297,"title":"SOMDOR-48DFF0: A coin issued by Galerius","image_urls":["https://finds.org.uk/images/npayne/48DFF0.jpg"]},{"from":296,"to":297,"title":"BH-486FB1: A coin issued by Maximian I","image_urls":["https://finds.org.uk/images/jwatters/Roman%20coin%2010%20124%20-%203.jpg"]},{"from":296,"to":297,"title":"HAMP-8F2814: A coin issued by Maximian I","image_urls":["https://finds.org.uk/images/khindshamp/HAMP-8F2814.jpg"]},{"from":296,"to":297,"title":"BM-085557: A coin issued by Diocletian","image_urls":["https://finds.org.uk/images/jasonlundock/BM085557.jpg"]},{"from":296,"to":297,"title":"SOMDOR-FE8256: A coin issued by Maximian I","image_urls":["https://finds.org.uk/images/caht/FE8256.jpg"]},{"from":296,"to":297,"title":"SUSS-25C0B0: A coin issued by Constantius I","image_urls":["https://finds.org.uk/images/djones/SUSS-25C0B0.jpg"]},{"from":296,"to":297,"title":"BH-A5F7B5: A coin issued by Maximian I","image_urls":["https://finds.org.uk/images/jwatters/Roman%20coin%200464-17%20rev.jpg"]},{"from":296,"to":297,"title":"PUBLIC-2B3873: A coin issued by Maximian I","image_urls":["https://finds.org.uk/images/red72/148.JPG"]},{"from":296,"to":402,"title":"ESS-238983: A coin issued by Uncertain - 4th century","image_urls":["https://finds.org.uk/images/srdeacon2/052-C0042ESS-238983.jpg"]},{"from":296,"to":297,"title":"SOM-D9B675: A coin issued by Maximian I","image_urls":["https://finds.org.uk/images/alicef/SOM-D9B675.JPG"]},{"from":296,"to":297,"title":"DOR-A75BE7: A coin issued by Constantius I","image_urls":["https://finds.org.uk/images/caht/A75BE7.jpg"]},{"from":296,"to":298,"title":"WILT-4502C3: A coin issued by Galerius","image_urls":["https://finds.org.uk/images/alysontanner/WILT-4502C3.jpg"]},{"from":296,"to":297,"title":"HAMP2834: A coin issued by Diocletian","image_urls":["https://finds.org.uk/images/sworrell/hamp%202831.JPG"]},{"from":296,"to":297,"title":"SUR-CC9245: A coin issued by Galerius","image_urls":["https://finds.org.uk/images/dwilliams/11-1173.jpg"]},{"from":296,"to":297,"title":"SUSS-1ECAA8: A coin issued by Maximian I","image_urls":["https://finds.org.uk/images/lburnett/SUSS-1ECAA8.JPG"]},{"from":296,"to":297,"title":"SUR-E85251: A coin issued by Maximian I","image_urls":["https://finds.org.uk/images/dwilliams/04.483b.jpg"]},{"from":296,"to":305,"title":"SWYOR-C20BD4: A coin issued by Constantius I","image_urls":["https://finds.org.uk/images/wakefield/PAS_1449_sestertius.jpg"]},{"from":296,"to":297,"title":"WAW-D5C7E5: A coin issued by Maximian I","image_urls":["https://finds.org.uk/images/eloisemarkwick/WAW-D5C7E5.jpg"]},{"from":296,"to":297,"title":"HAMP-1F9094: A coin issued by Constantius I","image_urls":["https://finds.org.uk/images/rwebley/HAMP-1F9094ConstantiusInummus.jpg"]},{"from":296,"to":297,"title":"LVPL-AA9604: A coin issued by Maximian I","image_urls":["https://finds.org.uk/images/voakden/LVPL-AA9604.JPG"]},{"from":296,"to":297,"title":"SOM-200AB8: A coin issued by Diocletian","image_urls":["https://finds.org.uk/images/elburnett/SOM-200AB8.JPG"]},{"from":296,"to":297,"title":"BH-686D61: A coin issued by Constantius I","image_urls":["https://finds.org.uk/images/jwatters/Roman_coin_12_105_3.jpg"]},{"from":296,"to":297,"title":"LEIC-F92635: A coin issued by Maximian I","image_urls":["https://finds.org.uk/images/wscott/F92635.JPG"]},{"from":296,"to":297,"title":"NMGW-9746B6: A coin issued by Diocletian","image_urls":["https://finds.org.uk/images/sianw/20072016.jpg"]},{"from":296,"to":297,"title":"HAMP-B7A453: A coin issued by Maximian I","image_urls":["https://finds.org.uk/images/rwebley/HAMP-B7A453MaximianInummus.jpg"]},{"from":296,"to":305,"title":"SUR-336473: A coin issued by Diocletian","image_urls":["https://finds.org.uk/images/dwilliams/11-1709.jpg"]},{"from":296,"to":297,"title":"NMGW-454F75: A coin issued by Constantius I","image_urls":["https://finds.org.uk/images/wenkedomscheit/201414919jpg.jpg"]},{"from":296,"to":297,"title":"HAMP-3BFD95: A coin issued by Diocletian","image_urls":["https://finds.org.uk/images/rwebley/HAMP-3BFD95Diocletiannummus.jpg"]},{"from":296,"to":402,"title":"NLM-6F8052: A coin issued by House of Constantine","image_urls":["https://finds.org.uk/images/lstaves/NLM09133.jpg"]},{"from":296,"to":297,"title":"BH-344D72: A coin issued by Galerius","image_urls":["https://finds.org.uk/images/jwatters/Roman_coin_13_43_1.jpg"]},{"from":296,"to":297,"title":"Bronze Nummus, Treveri, AD 296 - AD 297. 1922.38.9","image_urls":["http://numismatics.org/collectionimages/19001949/1922/1922.38.9.rev.width350.jpg"]},{"from":296,"to":297,"title":"Bronze Nummus, Treveri, AD 296 - AD 297. 1984.146.1275","image_urls":["http://numismatics.org/collectionimages/19501999/1984/1984.146.1275.rev.width350.jpg"]},{"from":296,"to":297,"title":"Billon Tetradrachm, Alexandreia, AD 296 - AD 297. 1944.100.62007","image_urls":["http://numismatics.org/collectionimages/19001949/1944/1944.100.62007.rev.width350.jpg"]},{"from":296,"to":297,"title":"Bronze Nummus, Treveri, AD 296 - AD 297. 1944.100.5897","image_urls":["http://numismatics.org/collectionimages/19001949/1944/1944.100.5897.rev.width350.jpg"]},{"from":296,"to":297,"title":"Bronze Nummus, Ticinum, AD 296 - AD 297. 1927.38.5","image_urls":["http://numismatics.org/collectionimages/19001949/1927/1927.38.5.rev.width350.jpg"]},{"from":296,"to":297,"title":"Bronze Nummus, Treveri, AD 296 - AD 297. 1944.100.5879","image_urls":["http://numismatics.org/collectionimages/19001949/1944/1944.100.5879.rev.width350.jpg"]},{"from":296,"to":297,"title":"Bronze Nummus, Treveri, AD 296 - AD 297. 1944.100.5885","image_urls":["http://numismatics.org/collectionimages/19001949/1944/1944.100.5885.rev.width350.jpg"]},{"from":296,"to":297,"title":"Bronze Nummus, Treveri, AD 296 - AD 297. 1944.100.5896","image_urls":["http://numismatics.org/collectionimages/19001949/1944/1944.100.5896.rev.width350.jpg"]},{"from":296,"to":297,"title":"Bronze Nummus, Treveri, AD 296 - AD 297. 1984.146.1277","image_urls":["http://numismatics.org/collectionimages/19501999/1984/1984.146.1277.rev.width350.jpg"]},{"from":296,"to":297,"title":"Bronze Nummus, Treveri, AD 296 - AD 297. 1995.11.751","image_urls":["http://numismatics.org/collectionimages/19501999/1995/1995.11.751.rev.width350.jpg"]},{"from":296,"to":297,"title":"Bronze Nummus, Treveri, AD 296 - AD 297. 1944.100.5881","image_urls":["http://numismatics.org/collectionimages/19001949/1944/1944.100.5881.rev.width350.jpg"]},{"from":296,"to":297,"title":"Bronze Nummus, Treveri, AD 296 - AD 297. 1944.100.5894","image_urls":["http://numismatics.org/collectionimages/19001949/1944/1944.100.5894.rev.width350.jpg"]},{"from":296,"to":297,"title":"Bronze Nummus, Ticinum, AD 296 - AD 297. 1984.146.1752","image_urls":["http://numismatics.org/collectionimages/19501999/1984/1984.146.1752.rev.width350.jpg"]},{"from":296,"to":297,"title":"Bronze Nummus, Treveri, AD 296 - AD 297. 1984.146.1278","image_urls":["http://numismatics.org/collectionimages/19501999/1984/1984.146.1278.rev.width350.jpg"]},{"from":296,"to":297,"title":"Bronze Nummus, Treveri, AD 296 - AD 297. 1984.146.1266","image_urls":["http://numismatics.org/collectionimages/19501999/1984/1984.146.1266.rev.width350.jpg"]},{"from":296,"to":297,"title":"Bronze Nummus, Treveri, AD 296 - AD 297. 1944.100.5898","image_urls":["http://numismatics.org/collectionimages/19001949/1944/1944.100.5898.rev.width350.jpg"]},{"from":296,"to":297,"title":"Bronze Nummus, Treveri, AD 296 - AD 297. 1944.100.5892","image_urls":["http://numismatics.org/collectionimages/19001949/1944/1944.100.5892.rev.width350.jpg"]},{"from":296,"to":297,"title":"Bronze Nummus, Treveri, AD 296 - AD 297. 1916.192.14","image_urls":["http://numismatics.org/collectionimages/19001949/1916/1916.192.14.rev.width350.jpg"]},{"from":296,"to":297,"title":"Bronze Nummus, Treveri, AD 296 - AD 297. 1944.100.5886","image_urls":["http://numismatics.org/collectionimages/19001949/1944/1944.100.5886.rev.width350.jpg"]},{"from":296,"to":297,"title":"Bronze Nummus, Treveri, AD 296 - AD 297. 1944.100.5878","image_urls":["http://numismatics.org/collectionimages/19001949/1944/1944.100.5878.rev.width350.jpg"]},{"from":296,"to":297,"title":"Bronze Nummus, Treveri, AD 296 - AD 297. 1984.146.1271","image_urls":["http://numismatics.org/collectionimages/19501999/1984/1984.146.1271.rev.width350.jpg"]},{"from":296,"to":297,"title":"Bronze Nummus, Treveri, AD 296 - AD 297. 1944.100.5884","image_urls":["http://numismatics.org/collectionimages/19001949/1944/1944.100.5884.rev.width350.jpg"]},{"from":296,"to":297,"title":"Bronze Nummus, Treveri, AD 296 - AD 297. 1984.146.1265","image_urls":["http://numismatics.org/collectionimages/19501999/1984/1984.146.1265.rev.width350.jpg"]},{"from":296,"to":297,"title":"Bronze Nummus, Treveri, AD 296 - AD 297. 1984.146.1276","image_urls":["http://numismatics.org/collectionimages/19501999/1984/1984.146.1276.rev.width350.jpg"]},{"from":296,"to":297,"title":"Bronze Nummus, Treveri, AD 296 - AD 297. 1984.146.1280","image_urls":["http://numismatics.org/collectionimages/19501999/1984/1984.146.1280.rev.width350.jpg"]},{"from":296,"to":297,"title":"Bronze Nummus, Treveri, AD 296 - AD 297. 1984.146.1274","image_urls":["http://numismatics.org/collectionimages/19501999/1984/1984.146.1274.rev.width350.jpg"]},{"from":296,"to":297,"title":"Silver Antoninianus of Maximian, Rome, AD 296 - AD 297. 1906.236.186","image_urls":["http://numismatics.org/collectionimages/19001949/1906/1906.236.186.rev.width350.jpg"]},{"from":296,"to":297,"title":"Bronze Nummus, Treveri, AD 296 - AD 297. 1944.100.5890","image_urls":["http://numismatics.org/collectionimages/19001949/1944/1944.100.5890.rev.width350.jpg"]},{"from":296,"to":297,"title":"Bronze Nummus, Treveri, AD 296 - AD 297. 1984.146.1268","image_urls":["http://numismatics.org/collectionimages/19501999/1984/1984.146.1268.rev.width350.jpg"]},{"from":296,"to":297,"title":"Bronze Nummus, Treveri, AD 296 - AD 297. 1989.11.56","image_urls":["http://numismatics.org/collectionimages/19501999/1989/1989.11.56.rev.width350.jpg"]},{"from":296,"to":297,"title":"Billon Tetradrachm, Alexandreia, AD 296 - AD 297. 1944.100.62009","image_urls":["http://numismatics.org/collectionimages/19001949/1944/1944.100.62009.rev.width350.jpg"]},{"from":296,"to":297,"title":"Bronze Nummus, Treveri, AD 296 - AD 297. 1974.95.252","image_urls":["http://numismatics.org/collectionimages/19501999/1974/1974.95.252.rev.width350.jpg"]},{"from":296,"to":297,"title":"Bronze Nummus, Ticinum, AD 296 - AD 297. 1984.146.1753","image_urls":["http://numismatics.org/collectionimages/19501999/1984/1984.146.1753.rev.width350.jpg"]},{"from":296,"to":297,"title":"Bronze Nummus, Treveri, AD 296 - AD 297. 1944.100.5883","image_urls":["http://numismatics.org/collectionimages/19001949/1944/1944.100.5883.rev.width350.jpg"]},{"from":296,"to":297,"title":"Bronze Nummus, Treveri, AD 296 - AD 297. 1984.146.1279","image_urls":["http://numismatics.org/collectionimages/19501999/1984/1984.146.1279.rev.width350.jpg"]},{"from":296,"to":297,"title":"Bronze Nummus, Treveri, AD 296 - AD 297. 1944.100.5895","image_urls":["http://numismatics.org/collectionimages/19001949/1944/1944.100.5895.rev.width350.jpg"]},{"from":296,"to":297,"title":"Bronze Nummus, Treveri, AD 296 - AD 297. 1944.100.5889","image_urls":["http://numismatics.org/collectionimages/19001949/1944/1944.100.5889.rev.width350.jpg"]},{"from":296,"to":297,"title":"Bronze Nummus, Treveri, AD 296 - AD 297. 1984.146.1273","image_urls":["http://numismatics.org/collectionimages/19501999/1984/1984.146.1273.rev.width350.jpg"]},{"from":296,"to":297,"title":"Bronze Nummus, Treveri, AD 296 - AD 297. 1984.146.1267","image_urls":["http://numismatics.org/collectionimages/19501999/1984/1984.146.1267.rev.width350.jpg"]},{"from":296,"to":297,"title":"Bronze Nummus, Treveri, AD 296 - AD 297. 1944.100.5880","image_urls":["http://numismatics.org/collectionimages/19001949/1944/1944.100.5880.rev.width350.jpg"]},{"from":296,"to":297,"title":"Bronze Nummus, Treveri, AD 296 - AD 297. 1984.146.1270","image_urls":["http://numismatics.org/collectionimages/19501999/1984/1984.146.1270.rev.width350.jpg"]},{"from":296,"to":297,"title":"Bronze Nummus, Treveri, AD 296 - AD 297. 1944.100.5877","image_urls":["http://numismatics.org/collectionimages/19001949/1944/1944.100.5877.rev.width350.jpg"]},{"from":296,"to":297,"title":"Bronze Nummus, Treveri, AD 296 - AD 297. 1944.100.5882","image_urls":["http://numismatics.org/collectionimages/19001949/1944/1944.100.5882.rev.width350.jpg"]},{"from":296,"to":297,"title":"Bronze Nummus, Treveri, AD 296 - AD 297. 1944.100.5891","image_urls":["http://numismatics.org/collectionimages/19001949/1944/1944.100.5891.rev.width350.jpg"]},{"from":296,"to":297,"title":"Bronze Nummus, Treveri, AD 296 - AD 297. 1984.146.1272","image_urls":["http://numismatics.org/collectionimages/19501999/1984/1984.146.1272.rev.width350.jpg"]},{"from":296,"to":297,"title":"Bronze Nummus, Treveri, AD 296 - AD 297. 1944.100.5893","image_urls":["http://numismatics.org/collectionimages/19001949/1944/1944.100.5893.rev.width350.jpg"]},{"from":296,"to":297,"title":"Bronze Nummus, Treveri, AD 296 - AD 297. 1944.100.5887","image_urls":["http://numismatics.org/collectionimages/19001949/1944/1944.100.5887.rev.width350.jpg"]},{"from":296,"to":297,"title":"Bronze Nummus, Treveri, AD 296 - AD 297. 1984.146.1281","image_urls":["http://numismatics.org/collectionimages/19501999/1984/1984.146.1281.rev.width350.jpg"]},{"from":296,"to":297,"title":"Bronze Nummus, Treveri, AD 296 - AD 297. 1944.100.5888","image_urls":["http://numismatics.org/collectionimages/19001949/1944/1944.100.5888.rev.width350.jpg"]},{"from":296,"to":297,"title":"Bronze Nummus, Treveri, AD 296 - AD 297. 1974.26.94","image_urls":["http://numismatics.org/collectionimages/19501999/1974/1974.26.94.rev.width350.jpg"]}]