[{"from":297,"to":298,"title":"CORN-421430: A coin issued by Tetrarchic Ruler (uncertain issuer)","image_urls":["https://finds.org.uk/images/atyacke/MaximianIrev.jpg"]},{"from":297,"to":298,"title":"SUR-4E5E51: A coin issued by Maximian I","image_urls":["https://finds.org.uk/images/dwilliams/B11-94.jpg"]},{"from":297,"to":300,"title":"BERK-D7BB07: A coin issued by Maximian I","image_urls":["https://finds.org.uk/images/abyard/2011546.jpg"]},{"from":297,"to":307,"title":"LVPL-0A37F4: A coin issued by Tetrarchic Ruler (uncertain issuer)","image_urls":["https://finds.org.uk/images/tgilmore/LVPL-0A37F4.jpg"]},{"from":297,"to":300,"title":"SF-8C3891: A coin issued by Diocletian","image_urls":["https://finds.org.uk/images/annab/SF8C3891.jpg"]},{"from":297,"to":300,"title":"FAKL-0F7D67: A coin issued by Galerius","image_urls":["https://finds.org.uk/images/kleahy/Navenby%20follis.jpg"]},{"from":297,"to":298,"title":"GLO-DE6E15: A coin issued by Galerius","image_urls":["https://finds.org.uk/images/kadams/2641%20Maximianus%20AE%20Follis.jpg"]},{"from":297,"to":297,"title":"BERK-F21066: A coin issued by Maximian I","image_urls":["https://finds.org.uk/images/abyard/diocletian.jpg"]},{"from":297,"to":298,"title":"SF-C32BA1: A coin issued by Galerius","image_urls":["https://finds.org.uk/images/abrown/FSF%20SF-C32BA1.jpg"]},{"from":297,"to":298,"title":"YORYM-3DC3D8: A coin issued by Galerius","image_urls":["https://finds.org.uk/images/bmorris/WSB0014.jpg"]},{"from":297,"to":305,"title":"PUBLIC-21C2B6: A coin issued by Constantius II","image_urls":["https://finds.org.uk/images/plodite/P3120009.JPG"]},{"from":297,"to":297,"title":"WAW-B60CE7: A coin issued by Maximian I","image_urls":["https://finds.org.uk/images/abolton/WAW-B60CE7.jpg"]},{"from":297,"to":307,"title":"BH-AD3160: A coin issued by Tetrarchic Ruler (uncertain issuer)","image_urls":["https://finds.org.uk/images/jwatters/Roman_coin_12_41_2.jpg"]},{"from":297,"to":297,"title":"NARC-6C8120: A coin issued by Diocletian","image_urls":["https://finds.org.uk/images/sashby/NARC-6C8120%20iw%20rom%20coin%20diocletian.jpg"]},{"from":297,"to":298,"title":"YORYM-532632: A coin issued by Antoninus Pius","image_urls":["https://finds.org.uk/images/law/CA0010.jpg"]},{"from":297,"to":300,"title":"HAMP2887: A coin issued by Diocletian","image_urls":["https://finds.org.uk/images/sworrell/hamp%202887b.jpg"]},{"from":297,"to":297,"title":"BH-FE01E7: A coin issued by Diocletian","image_urls":["https://finds.org.uk/images/jwatters/Roman_coin_13_139_6.jpg"]},{"from":297,"to":297,"title":"SF-E42EA3: A coin issued by Diocletian","image_urls":["https://finds.org.uk/images/fminter/BRG039SF-E42EA3andSF-E45660.jpg"]}]