[{"from":298,"to":299,"title":"HAMP-253855: A coin issued by Galerius","image_urls":["https://finds.org.uk/images/catherineo92/HAMP253855.jpg"]},{"from":298,"to":299,"title":"SUR-CF2841: A coin issued by Constantius I","image_urls":["https://finds.org.uk/images/dwilliams/B12-317.JPG"]},{"from":298,"to":299,"title":"SUR-5C30EC: A coin issued by Tetrarchic Ruler (uncertain issuer)","image_urls":["https://finds.org.uk/images/dwilliams/B15769.JPG"]},{"from":298,"to":299,"title":"LEIC-077D68: A coin issued by Maximian I","image_urls":["https://finds.org.uk/images/wscott/077D68%20.JPG"]},{"from":298,"to":299,"title":"WILT-E62592: A coin issued by Constantius I","image_urls":["https://finds.org.uk/images/rhenry2/WILTE62592.jpg"]},{"from":298,"to":299,"title":"WILT-19BE83: A coin issued by Galerius","image_urls":["https://finds.org.uk/images/rhenry2/WILT-19BE83.jpg"]},{"from":298,"to":299,"title":"WMID-2946A8: A coin issued by Diocletian","image_urls":["https://finds.org.uk/images/tgilmore/WMID-2946A8.jpg"]},{"from":298,"to":298,"title":"BH-136155: A coin issued by Tetrarchic Ruler (uncertain issuer)","image_urls":["https://finds.org.uk/images/jwatters/Roman_coin_12_49_6.jpg"]},{"from":298,"to":299,"title":"GLO-EBEDE0: A coin issued by Diocletian","image_urls":["https://finds.org.uk/images/kadams/GLOEBEDE0.jpg"]},{"from":298,"to":298,"title":"WILT-E8E243: A coin issued by Galerius","image_urls":["https://finds.org.uk/images/jshoemark/WILT-E8E243.jpg"]},{"from":298,"to":298,"title":"HAMP426: A coin issued by Constantius I","image_urls":["https://finds.org.uk/images/sworrell/hamp426b.jpg"]},{"from":298,"to":299,"title":"LEIC-D372E6: A coin issued by Constantius I","image_urls":["https://finds.org.uk/images/wscott/D372E6.JPG"]},{"from":298,"to":299,"title":"LIN-9086D2: A coin issued by Diocletian","image_urls":["https://finds.org.uk/images/adaubney/ST133.jpg"]},{"from":298,"to":303,"title":"DOR-42CD05: A coin issued by Constantius I","image_urls":["https://finds.org.uk/images/caht/42CD05.jpg"]},{"from":298,"to":299,"title":"IOW-ECF19E: A coin issued by Galerius","image_urls":["https://finds.org.uk/images/fbasford/IOW2015741.JPG"]},{"from":298,"to":299,"title":"DUR-3D52FC: A coin issued by Constantius I","image_urls":["https://finds.org.uk/images/a8622912/DUR3D52FC.jpg"]},{"from":298,"to":299,"title":"SOM-2F9F87: A coin issued by Galerius","image_urls":["https://finds.org.uk/images/edwardaswell/SOM-2F9F87.jpg"]},{"from":298,"to":299,"title":"LEIC-1F1D21: A coin issued by Maximian I","image_urls":["https://finds.org.uk/images/wscott/1F1D21.JPG"]},{"from":298,"to":298,"title":"BERK-9EEB74: A coin issued by Diocletian","image_urls":["https://finds.org.uk/images/abyard/2011481.JPG"]},{"from":298,"to":299,"title":"PUBLIC-318833: A coin issued by Constantius I","image_urls":["https://finds.org.uk/images/calow1/FLE151055.JPG"]},{"from":298,"to":299,"title":"SUR-420E34: A coin issued by Diocletian","image_urls":["https://finds.org.uk/images/dwilliams/04.209b.jpg"]},{"from":298,"to":299,"title":"SF-501582: A coin issued by Diocletian","image_urls":["https://finds.org.uk/images/fminter/IXWSF-501582.jpg"]},{"from":298,"to":299,"title":"BERK-F17471: A coin issued by Diocletian","image_urls":["https://finds.org.uk/images/abyard/2012292.jpg"]},{"from":298,"to":299,"title":"YORYM-7F9C81: A coin issued by Constantius I","image_urls":["https://finds.org.uk/images/bmorris/ACY0001.jpg"]},{"from":298,"to":298,"title":"CAM-54EA42: A coin issued by Constantius I","image_urls":["https://finds.org.uk/images/hfowler/CAM-54EA42.jpg"]},{"from":298,"to":298,"title":"BH-4F3F17: A coin issued by Constantius I","image_urls":["https://finds.org.uk/images/jwatters/Roman_coin_12_16_8.jpg"]},{"from":298,"to":298,"title":"YORYM-1B2558: A coin issued by Maximian I","image_urls":["https://finds.org.uk/images/law/SS0249.jpg"]},{"from":298,"to":299,"title":"WMAS-E627C7: A coin issued by Galerius","image_urls":["https://finds.org.uk/images/shousley/WMAS-E627C7.jpg"]},{"from":298,"to":299,"title":"WMID-752F13: A coin issued by Galerius","image_urls":["https://finds.org.uk/images/tgilmore/WMID-752F13.jpg"]},{"from":298,"to":299,"title":"DEV-56A236: A coin issued by Diocletian","image_urls":["https://finds.org.uk/images/dwootton/r%20coin%20wills%20ipplepen%20DEV-56A236%20COMPLETED.jpg"]},{"from":298,"to":299,"title":"HAMP-C58406: A coin issued by Galerius","image_urls":["https://finds.org.uk/images/rwebley/HAMP-C58406Galeriusnummus.jpg"]},{"from":298,"to":299,"title":"WILT-8FB2B0: A coin issued by Diocletian","image_urls":["https://finds.org.uk/images/rhenry2/WILT8FB2B0.jpg"]},{"from":298,"to":299,"title":"WMID-5D9D45: A coin issued by Galerius","image_urls":["https://finds.org.uk/images/tgilmore/WMID-5D9D45.jpg"]},{"from":298,"to":298,"title":"GLO-885962: A coin issued by Galerius","image_urls":["https://finds.org.uk/images/kadams/4642romancoin.jpg"]},{"from":298,"to":299,"title":"HAMP-CB0FD4: A coin issued by Diocletian","image_urls":["https://finds.org.uk/images/rwebley/HAMP-CB0FD4Diocletiannummus.jpg"]},{"from":298,"to":299,"title":"BM-44BF40: A coin issued by Constantius I","image_urls":["https://finds.org.uk/images/lczebotar/John%20Park%205.jpg"]},{"from":298,"to":299,"title":"WILT-3240F2: A coin issued by Galerius","image_urls":["https://finds.org.uk/images/khinds/King0110maxim.jpg"]},{"from":298,"to":299,"title":"SUR-8EE298: A coin issued by Constantius I","image_urls":["https://finds.org.uk/images/dwilliams/B13-531.JPG"]},{"from":298,"to":299,"title":"BUC-E2A3D4: A coin issued by Constantius I","image_urls":["https://finds.org.uk/images/jmoss/3824n.jpg"]},{"from":298,"to":298,"title":"HAMP-A4E788: A coin issued by Constantius I","image_urls":["https://finds.org.uk/images/rwebley/HAMP-A4E788ConstantiusInummus.jpg"]},{"from":298,"to":298,"title":"SOM-9ABD46: A coin issued by Constantius I","image_urls":["https://finds.org.uk/images/mknibb/9ABD46.jpg"]},{"from":298,"to":299,"title":"GLO-8F3DD6: A coin issued by Maximian I","image_urls":["https://finds.org.uk/images/dchorney/GLO-8F3DD6.jpg"]},{"from":298,"to":299,"title":"PUBLIC-C089E1: A coin issued by Galerius","image_urls":["https://finds.org.uk/images/calow1/FLE12.322.JPG"]},{"from":298,"to":299,"title":"Bronze Nummus, Treveri, AD 298 - AD 299. 1944.100.5910","image_urls":["http://numismatics.org/collectionimages/19001949/1944/1944.100.5910.rev.width350.jpg"]},{"from":298,"to":299,"title":"Bronze Nummus, Treveri, AD 298 - AD 299. 1944.100.5904","image_urls":["http://numismatics.org/collectionimages/19001949/1944/1944.100.5904.rev.width350.jpg"]},{"from":298,"to":299,"title":"Bronze Nummus, Treveri, AD 298 - AD 299. 1944.100.5913","image_urls":["http://numismatics.org/collectionimages/19001949/1944/1944.100.5913.rev.width350.jpg"]},{"from":298,"to":299,"title":"Bronze Nummus, Treveri, AD 298 - AD 299. 1944.100.5907","image_urls":["http://numismatics.org/collectionimages/19001949/1944/1944.100.5907.rev.width350.jpg"]},{"from":298,"to":299,"title":"Bronze Nummus, Treveri, AD 298 - AD 299. 1932.12.2","image_urls":["http://numismatics.org/collectionimages/19001949/1932/1932.12.2.rev.width350.jpg"]},{"from":298,"to":299,"title":"Bronze Nummus, Treveri, AD 298 - AD 299. 1984.146.1290","image_urls":["http://numismatics.org/collectionimages/19501999/1984/1984.146.1290.rev.width350.jpg"]},{"from":298,"to":299,"title":"Bronze Nummus, Treveri, AD 298 - AD 299. 1944.100.5909","image_urls":["http://numismatics.org/collectionimages/19001949/1944/1944.100.5909.rev.width350.jpg"]},{"from":298,"to":299,"title":"Bronze Nummus, Treveri, AD 298 - AD 299. 1984.146.1293","image_urls":["http://numismatics.org/collectionimages/19501999/1984/1984.146.1293.rev.width350.jpg"]},{"from":298,"to":299,"title":"Bronze Nummus, Treveri, AD 298 - AD 299. 1984.146.1287","image_urls":["http://numismatics.org/collectionimages/19501999/1984/1984.146.1287.rev.width350.jpg"]},{"from":298,"to":299,"title":"Bronze Nummus, Treveri, AD 298 - AD 299. 1944.100.5901","image_urls":["http://numismatics.org/collectionimages/19001949/1944/1944.100.5901.rev.width350.jpg"]},{"from":298,"to":299,"title":"Bronze Nummus, Treveri, AD 298 - AD 299. 1984.146.1283","image_urls":["http://numismatics.org/collectionimages/19501999/1984/1984.146.1283.rev.width350.jpg"]},{"from":298,"to":299,"title":"Bronze Nummus, Treveri, AD 298 - AD 299. 1934.76.1","image_urls":["http://numismatics.org/collectionimages/19001949/1934/1934.76.1.rev.width350.jpg"]},{"from":298,"to":299,"title":"Bronze Nummus, Treveri, AD 298 - AD 299. 1944.100.5912","image_urls":["http://numismatics.org/collectionimages/19001949/1944/1944.100.5912.rev.width350.jpg"]},{"from":298,"to":299,"title":"Bronze Nummus, Treveri, AD 298 - AD 299. 1944.100.5906","image_urls":["http://numismatics.org/collectionimages/19001949/1944/1944.100.5906.rev.width350.jpg"]},{"from":298,"to":299,"title":"Gold Aureus, Rome, AD 298 - AD 299. 1944.100.2803","image_urls":["http://numismatics.org/collectionimages/19001949/1944/1944.100.2803.rev.width350.jpg"]},{"from":298,"to":299,"title":"Bronze Nummus, Treveri, AD 298 - AD 299. 1944.100.5900","image_urls":["http://numismatics.org/collectionimages/19001949/1944/1944.100.5900.rev.width350.jpg"]},{"from":298,"to":299,"title":"Bronze Nummus, Treveri, AD 298 - AD 299. 1984.146.1269","image_urls":["http://numismatics.org/collectionimages/19501999/1984/1984.146.1269.rev.width350.jpg"]},{"from":298,"to":299,"title":"Bronze Nummus, Treveri, AD 298 - AD 299. 1984.146.1284","image_urls":["http://numismatics.org/collectionimages/19501999/1984/1984.146.1284.rev.width350.jpg"]},{"from":298,"to":299,"title":"Bronze Nummus, Treveri, AD 298 - AD 299. 1944.100.5903","image_urls":["http://numismatics.org/collectionimages/19001949/1944/1944.100.5903.rev.width350.jpg"]},{"from":298,"to":299,"title":"Bronze Nummus, Treveri, AD 298 - AD 299. 0000.999.3716","image_urls":["http://numismatics.org/collectionimages/00001899/0000/0000.999.3716.rev.width350.jpg"]},{"from":298,"to":299,"title":"Bronze Nummus, Treveri, AD 298 - AD 299. 1944.100.5908","image_urls":["http://numismatics.org/collectionimages/19001949/1944/1944.100.5908.rev.width350.jpg"]},{"from":298,"to":299,"title":"Bronze Nummus, Treveri, AD 298 - AD 299. 1944.100.5902","image_urls":["http://numismatics.org/collectionimages/19001949/1944/1944.100.5902.rev.width350.jpg"]},{"from":298,"to":299,"title":"Bronze Nummus of Diocletian, Treveri, AD 298 - AD 299. 1984.146.1288","image_urls":["http://numismatics.org/collectionimages/19501999/1984/1984.146.1288.rev.width350.jpg"]},{"from":298,"to":299,"title":"Silver Argenteus, Treveri, AD 298 - AD 299. 1944.100.5871","image_urls":["http://numismatics.org/collectionimages/19001949/1944/1944.100.5871.rev.width350.jpg"]},{"from":298,"to":299,"title":"Bronze Nummus, Treveri, AD 298 - AD 299. 1984.146.1286","image_urls":["http://numismatics.org/collectionimages/19501999/1984/1984.146.1286.rev.width350.jpg"]},{"from":298,"to":299,"title":"Bronze Nummus, Treveri, AD 298 - AD 299. 1944.100.5899","image_urls":["http://numismatics.org/collectionimages/19001949/1944/1944.100.5899.rev.width350.jpg"]},{"from":298,"to":299,"title":"Bronze Nummus, Treveri, AD 298 - AD 299. 1984.146.1292","image_urls":["http://numismatics.org/collectionimages/19501999/1984/1984.146.1292.rev.width350.jpg"]},{"from":298,"to":299,"title":"Bronze Nummus, Treveri, AD 298 - AD 299. 1974.26.95","image_urls":["http://numismatics.org/collectionimages/19501999/1974/1974.26.95.rev.width350.jpg"]},{"from":298,"to":299,"title":"Bronze Nummus, Treveri, AD 298 - AD 299. 1935.117.37","image_urls":["http://numismatics.org/collectionimages/19001949/1935/1935.117.37.rev.width350.jpg"]},{"from":298,"to":299,"title":"Bronze Nummus, Treveri, AD 298 - AD 299. 1944.100.5911","image_urls":["http://numismatics.org/collectionimages/19001949/1944/1944.100.5911.rev.width350.jpg"]},{"from":298,"to":299,"title":"Bronze Nummus, Treveri, AD 298 - AD 299. 1984.146.1289","image_urls":["http://numismatics.org/collectionimages/19501999/1984/1984.146.1289.rev.width350.jpg"]},{"from":298,"to":299,"title":"Bronze Nummus, Treveri, AD 298 - AD 299. 1925.176.104","image_urls":["http://numismatics.org/collectionimages/19001949/1925/1925.176.104.rev.width350.jpg"]},{"from":298,"to":299,"title":"Bronze Nummus, Treveri, AD 298 - AD 299. 1984.146.1285","image_urls":["http://numismatics.org/collectionimages/19501999/1984/1984.146.1285.rev.width350.jpg"]},{"from":298,"to":299,"title":"Bronze Nummus, Treveri, AD 298 - AD 299. 1995.11.825","image_urls":["http://numismatics.org/collectionimages/19501999/1995/1995.11.825.rev.width350.jpg"]},{"from":298,"to":299,"title":"Bronze Nummus, Treveri, AD 298 - AD 299. 1984.146.1291","image_urls":["http://numismatics.org/collectionimages/19501999/1984/1984.146.1291.rev.width350.jpg"]},{"from":298,"to":299,"title":"Bronze Nummus, Treveri, AD 298 - AD 299. 1984.146.1282","image_urls":["http://numismatics.org/collectionimages/19501999/1984/1984.146.1282.rev.width350.jpg"]},{"from":298,"to":299,"title":"Gold Aureus, Rome, AD 298 - AD 299. 1944.100.2802","image_urls":["http://numismatics.org/collectionimages/19001949/1944/1944.100.2802.rev.width350.jpg"]},{"from":298,"to":299,"title":"Bronze Nummus, Treveri, AD 298 - AD 299. 1944.100.5905","image_urls":["http://numismatics.org/collectionimages/19001949/1944/1944.100.5905.rev.width350.jpg"]}]