[{"from":299,"to":303,"title":"HAMP-6594CD: A coin issued by Maximian I","image_urls":["https://finds.org.uk/images/khindshamp/HAMP6594CD.jpg"]},{"from":299,"to":303,"title":"SOMDOR-D8DA23: A coin issued by Galerius","image_urls":["https://finds.org.uk/images/caht/D8DA23.jpg"]},{"from":299,"to":299,"title":"BM-08CB07: A coin issued by Maximian I","image_urls":["https://finds.org.uk/images/jasonlundock/bm08cb07.jpg"]},{"from":299,"to":303,"title":"BH-A5CFB7: A coin issued by Constantius I","image_urls":["https://finds.org.uk/images/jwatters/Roman%20coin%200464-15%20rev.jpg"]},{"from":299,"to":299,"title":"LON-9FFB34: A coin issued by Maximian I","image_urls":["https://finds.org.uk/images/kcreed/Maximiannummus.jpg"]},{"from":299,"to":300,"title":"BUC-085902: A coin issued by Galerius","image_urls":["https://finds.org.uk/images/jmoss/2dscn9301.jpg"]},{"from":299,"to":300,"title":"CORN-DA93D5: A coin issued by Diocletian","image_urls":["https://finds.org.uk/images/atyacke/November10finds%20023.jpg"]},{"from":299,"to":299,"title":"LIN-E8BE43: A coin issued by Constantius I","image_urls":["https://finds.org.uk/images/adaubney/LIN8335.JPG"]},{"from":299,"to":303,"title":"BUC-D27EC3: A coin issued by Diocletian","image_urls":["https://finds.org.uk/images/jmoss/3DSCN2933.JPG"]},{"from":299,"to":303,"title":"Bronze Nummus, Carthage, AD 299 - AD 303. 1925.176.54","image_urls":["http://numismatics.org/collectionimages/19001949/1925/1925.176.54.rev.width350.jpg"]},{"from":299,"to":303,"title":"Bronze Nummus, Carthage, AD 299 - AD 303. 1944.100.3212","image_urls":["http://numismatics.org/collectionimages/19001949/1944/1944.100.3212.rev.width350.jpg"]}]