[{"from":30,"to":335,"title":"BERK-B85C0E: A coin issued by Constantine I","image_urls":["https://finds.org.uk/images/abyard/2014729b.jpg"]},{"from":30,"to":45,"title":"SUR-D11368: A coin issued by Epaticcus","image_urls":["https://finds.org.uk/images/dwilliams/B11-230.jpg"]},{"from":30,"to":40,"title":"ESS-A77FE5: A coin issued by AGR","image_urls":["https://finds.org.uk/images/lmclean/1c%20ESS-A77FE5%20Iron%20Age%20coin.jpg"]},{"from":30,"to":240,"title":"WAW-3F7AD2: A coin issued by Uncertain - 1st/2nd Century AD","image_urls":["https://finds.org.uk/images/eloisemarkwick/WAW-3F7AD2.jpg"]},{"from":30,"to":43,"title":"SUR-D18411: A coin issued by Epaticcus","image_urls":["https://finds.org.uk/images/margaretb/SUR-D18411unit.jpg"]}]