[{"from":300,"to":305,"title":"LEIC-8C3815: A coin issued by Maximian I","image_urls":["https://finds.org.uk/images/wscott/8C3815.JPG"]},{"from":300,"to":400,"title":"BUC-D6B6C6: A coin issued by Uncertain - 4th century","image_urls":["https://finds.org.uk/images/jmoss/Dscn4080.jpg"]},{"from":300,"to":303,"title":"DOR-A78234: A coin issued by Diocletian","image_urls":["https://finds.org.uk/images/caht/A78234.jpg"]},{"from":300,"to":301,"title":"HESH-4A07C4: A coin issued by Galerius","image_urls":["https://finds.org.uk/images/preavill/HESH-4A07C4.jpg"]},{"from":300,"to":301,"title":"SUR-85DE08: A coin issued by Maximian I","image_urls":["https://finds.org.uk/images/dwilliams/B14-677.JPG"]},{"from":300,"to":301,"title":"SUSS-E994C1: A coin issued by Maximinus Daia","image_urls":["https://finds.org.uk/images/lwilson/1-99%20o.jpg"]},{"from":300,"to":301,"title":"WILT-7012D5: A coin issued by Galerius","image_urls":["https://finds.org.uk/images/rhenry2/WILT-7012D5.jpg"]},{"from":300,"to":303,"title":"LEIC-6B4C06: A coin issued by Constantius I","image_urls":["https://finds.org.uk/images/wscott/6B4C06.JPG"]},{"from":300,"to":305,"title":"LEIC-4033E6: A coin issued by Diocletian","image_urls":["https://finds.org.uk/images/philharding/CAD093c.jpg"]},{"from":300,"to":303,"title":"HAMP-10A5B4: A coin issued by Diocletian","image_urls":["https://finds.org.uk/images/vdrost/HAMP10A5B4.jpg"]},{"from":300,"to":400,"title":"LEIC-072CC7: A coin issued by Constantine I","image_urls":["https://finds.org.uk/images/wscott/072CC7.JPG"]},{"from":300,"to":303,"title":"WAW-D03560: A coin issued by Galerius","image_urls":["https://finds.org.uk/images/rshenry/WAW-D03560.jpg"]},{"from":300,"to":303,"title":"LEIC-5E3460: A coin issued by Galerius","image_urls":["https://finds.org.uk/images/wscott/5E3460%20%20C105.JPG"]},{"from":300,"to":303,"title":"SUR-2BB2C7: A coin issued by Maximian I","image_urls":["https://finds.org.uk/images/dwilliams/05.762b.jpg"]},{"from":300,"to":303,"title":"SUSS-DF1F7C: A coin issued by Diocletian","image_urls":["https://finds.org.uk/images/stephaniesmith/SUSSDF1F7C.jpg"]},{"from":300,"to":301,"title":"PAS-1B8DD8: A coin issued by Diocletian","image_urls":["https://finds.org.uk/images/vwolfe/PAS1b8dd8.jpg"]},{"from":300,"to":399,"title":"LEIC-B08F05: A coin issued by House of Constantine","image_urls":["https://finds.org.uk/images/wscott/B08F05a.jpg"]},{"from":300,"to":305,"title":"HAMP-DD7728: A coin issued by Maximian I","image_urls":["https://finds.org.uk/images/rwebley/HAMP-DD7728MaximianInummus.jpg"]},{"from":300,"to":303,"title":"HAMP-7D75E2: A coin issued by Galerius","image_urls":["https://finds.org.uk/images/ellysg1/HAMP-7D75E2Galeriusnummus.jpg"]},{"from":300,"to":303,"title":"WMID-9772F5: A coin issued by Tetrarchic Ruler (uncertain issuer)","image_urls":["https://finds.org.uk/images/tgilmore/WMID-9772F5.jpg"]},{"from":300,"to":400,"title":"NARC-D14A24: A coin issued by Uncertain - 4th century","image_urls":["https://finds.org.uk/images/tbrindle/NARC-D14A24nummusobv.jpg"]},{"from":300,"to":301,"title":"SF-0528F5: A coin issued by Galerius","image_urls":["https://finds.org.uk/images/abrown/WFL_SF-0528F5.jpg"]},{"from":300,"to":303,"title":"WMID-049554: A coin issued by Constantius I","image_urls":["https://finds.org.uk/images/dslarke/wag%20coin%208_edited-1.jpg"]},{"from":300,"to":303,"title":"WMID-E9C545: A coin issued by Maximian I","image_urls":["https://finds.org.uk/images/cjohnson/WMID-E9C545.JPG"]},{"from":300,"to":301,"title":"SF-F02384: A coin issued by Diocletian","image_urls":["https://finds.org.uk/images/abrown/WMH_SF-F02384.jpg"]},{"from":300,"to":301,"title":"ESS-98BFD3: A coin issued by Galerius","image_urls":["https://finds.org.uk/images/cmcdonald/P.Wood%20Maximian%20rev.jpg"]},{"from":300,"to":303,"title":"PUBLIC-A66513: A coin issued by Galerius","image_urls":["https://finds.org.uk/images/calow1/FLE12-181.jpg"]},{"from":300,"to":400,"title":"LEIC-2FEC95: A coin issued by Constantius II","image_urls":["https://finds.org.uk/images/wscott/DSCN0589.JPG"]},{"from":300,"to":400,"title":"WMID-7FD076: A coin issued by Uncertain - 4th century","image_urls":["https://finds.org.uk/images/cjohnson/WMID-7FD076.JPG"]},{"from":300,"to":400,"title":"ESS-197141: A coin issued by Uncertain - 4th century","image_urls":["https://finds.org.uk/images/lmclean/ESS-197141%20Roman%20coin%20nummus.jpg"]},{"from":300,"to":305,"title":"CORN-165462: A coin issued by Diocletian","image_urls":["https://finds.org.uk/images/atyacke/Powellfinds%20053.jpg"]},{"from":300,"to":303,"title":"BERK-AADDE1: A coin issued by Galerius","image_urls":["https://finds.org.uk/images/abyard/2010642.jpg"]},{"from":300,"to":400,"title":"LON-8FCE92: A coin with an unrecorded/uncertain issuer.","image_urls":["https://finds.org.uk/images/fsimpson/4610.6%20copy.jpg"]},{"from":300,"to":303,"title":"LEIC-6E2DE7: A coin issued by Constantius I","image_urls":["https://finds.org.uk/images/wscott/6E2DE7.JPG"]},{"from":300,"to":305,"title":"SOMDOR-1764C7: A coin issued by Tetrarchic Ruler (uncertain issuer)","image_urls":["https://finds.org.uk/images/npayne/1764C7.jpg"]},{"from":300,"to":303,"title":"IOW-0E1B22: A coin issued by Maximian I","image_urls":["https://finds.org.uk/images/fbasford/IOW2007-10-31.JPG"]},{"from":300,"to":303,"title":"YORYM-B92C12: A coin issued by Maximian I","image_urls":["https://finds.org.uk/images/bmorris/SHo0147.jpg"]},{"from":300,"to":303,"title":"KENT-A89481: A coin issued by Diocletian","image_urls":["https://finds.org.uk/images/krayfield/Nov%2004%20pics%20010.jpg"]},{"from":300,"to":303,"title":"ESS-C15693: A coin issued by Diocletian","image_urls":["https://finds.org.uk/images/samatthews/ESS-C15693%20coin.jpg"]},{"from":300,"to":301,"title":"SUR-9C7656: A coin issued by Galerius","image_urls":["https://finds.org.uk/images/dwilliams/07.727.JPG"]},{"from":300,"to":303,"title":"PUBLIC-95B821: A coin issued by Diocletian","image_urls":["https://finds.org.uk/images/Whoobub/PUBLIC-95B821Diocletian%20Follis%20Obv%20%26%20Rev.jpg"]},{"from":300,"to":303,"title":"SUSS-068B46: A coin issued by Galerius","image_urls":["https://finds.org.uk/images/lburnett/SUSS-068B46.jpg"]},{"from":300,"to":303,"title":"SF-39E7C6: A coin issued by Diocletian","image_urls":["https://finds.org.uk/images/fminter/HXN051SF-39E7C6.jpg"]},{"from":300,"to":301,"title":"WILT-A9E840: A coin issued by Constantius I","image_urls":["https://finds.org.uk/images/jshoemark/WILTA9E840.jpg"]},{"from":300,"to":303,"title":"WILT-53A633: A coin issued by Maximian I","image_urls":["https://finds.org.uk/images/rhenry2/WILT-53A633.jpg"]},{"from":300,"to":305,"title":"CAM-599272: A coin issued by Maximian I","image_urls":["https://finds.org.uk/images/pjw/CAM_599272.jpg"]},{"from":300,"to":305,"title":"LVPL-C346C7: A coin issued by Diocletian","image_urls":["https://finds.org.uk/images/samrowe/DSCN1337a.jpg"]},{"from":300,"to":303,"title":"ESS-EF8B90: A coin issued by Diocletian","image_urls":["https://finds.org.uk/images/lmclean/1f%20ESS-EF8B90.jpg"]},{"from":300,"to":300,"title":"BM-38FCC3: A coin issued by Diocletian","image_urls":["https://finds.org.uk/images/vdrost/DSC02022.JPG"]},{"from":300,"to":302,"title":"BM-A343B5: A coin issued by Constantius I","image_urls":["https://finds.org.uk/images/vdrost/BMA343B5obv.JPG"]},{"from":300,"to":400,"title":"GLO-AD9E12: A coin issued by Uncertain - 4th century","image_urls":["https://finds.org.uk/images/sayers89/coin26.jpg"]},{"from":300,"to":303,"title":"LEIC-28B41D: A coin issued by Diocletian","image_urls":["https://finds.org.uk/images/mf166/LEIC28B41D.jpg"]},{"from":300,"to":301,"title":"BERK-F13DE1: A coin issued by Diocletian","image_urls":["https://finds.org.uk/images/abyard/2012291.jpg"]},{"from":300,"to":305,"title":"SUR-D90923: A coin issued by Diocletian","image_urls":["https://finds.org.uk/images/margaretb/10.343.jpg"]},{"from":300,"to":301,"title":"CPAT-2F5B05: A coin issued by Diocletian","image_urls":["https://finds.org.uk/images/rod/2456-0031r.jpg"]},{"from":300,"to":303,"title":"WMID-C4BC75: A coin issued by Constantius I","image_urls":["https://finds.org.uk/images/abolton/WMID-C4BC75.jpg"]},{"from":300,"to":400,"title":"WAW-A403F3: A coin issued by Uncertain - 4th century","image_urls":["https://finds.org.uk/images/abolton/WAW-A403F3.jpg"]},{"from":300,"to":301,"title":"WILT-5A1C95: A coin issued by Maximian I","image_urls":["https://finds.org.uk/images/khinds/Wright1011maxim.jpg"]},{"from":300,"to":305,"title":"WAW-C1F082: A coin issued by Constantius I","image_urls":["https://finds.org.uk/images/abolton/WAW-C1F082.jpg"]},{"from":300,"to":303,"title":"SUSS-4E0AC3: A coin issued by Galerius","image_urls":["https://finds.org.uk/images/04bowmant/SUSS4E0AC3.jpg"]},{"from":300,"to":303,"title":"WILT-1BFDA6: A coin issued by Galerius","image_urls":["https://finds.org.uk/images/khinds/Henstridge1109maximianus.jpg"]},{"from":300,"to":305,"title":"DUR-0598F1: A coin issued by Tetrarchic Ruler (uncertain issuer)","image_urls":["https://finds.org.uk/images/frances/DUR-0598F1_aurelian.jpg"]},{"from":300,"to":400,"title":"BH-CD20D1: A coin with an unrecorded/uncertain issuer.","image_urls":["https://finds.org.uk/images/jwatters/AE4%20obv.jpg"]},{"from":300,"to":303,"title":"NARC-D3B6C6: A coin issued by Galerius","image_urls":["https://finds.org.uk/images/jcassidy/005.JPG"]},{"from":300,"to":303,"title":"YORYM-F27AF2: A coin issued by Maximian I","image_urls":["https://finds.org.uk/images/bmorris/WSB0091.jpg"]},{"from":300,"to":303,"title":"NARC-AEA874: A coin issued by Constantius I","image_urls":["https://finds.org.uk/images/jcassidy/NARC-AEA874%20b.jpg"]},{"from":300,"to":303,"title":"SUR-2BA1C4: A coin issued by Tetrarchic Ruler (uncertain issuer)","image_urls":["https://finds.org.uk/images/dwilliams/05.761b.jpg"]},{"from":300,"to":305,"title":"NARC-D10A12: A coin issued by Constantius I","image_urls":["https://finds.org.uk/images/jcassidy/NARC-D10A12a.jpg"]},{"from":300,"to":303,"title":"BUC-9FA4F1: A coin issued by Maximian I","image_urls":["https://finds.org.uk/images/jmoss/Dscn3397.jpg"]},{"from":300,"to":305,"title":"IOW-95CCA7: A coin issued by Constantius I","image_urls":["https://finds.org.uk/images/fbasford/IOW2003-74-25o.jpg"]},{"from":300,"to":303,"title":"SF-2B6E44: A coin issued by Diocletian","image_urls":["https://finds.org.uk/images/abrown/UFF%20SF-2B6E44.jpg"]},{"from":300,"to":303,"title":"LIN-BD71E3: A coin issued by Galerius","image_urls":["https://finds.org.uk/images/adaubney/LIN7529.JPG"]},{"from":300,"to":400,"title":"LVPL-3AF180: A coin issued by Constantine I","image_urls":["https://finds.org.uk/images/nherepath/3AF180.jpg"]},{"from":300,"to":303,"title":"YORYM-D07527: A coin issued by Constantius I","image_urls":["https://finds.org.uk/images/rebeccam/SS0179.jpg"]},{"from":300,"to":303,"title":"SUR-862E5B: A coin issued by Diocletian","image_urls":["https://finds.org.uk/images/dwilliams/B14-678a.JPG"]},{"from":300,"to":303,"title":"BERK-DD6025: A coin issued by Galerius","image_urls":["https://finds.org.uk/images/abyard/cranemaximusII.jpg"]},{"from":300,"to":303,"title":"IOW-DC7A34: A coin issued by Galerius","image_urls":["https://finds.org.uk/images/fbasford/IOW2006-40-35.JPG"]},{"from":300,"to":303,"title":"SUR-20C076: A coin issued by Maximian I","image_urls":["https://finds.org.uk/images/dwilliams/05.646b.jpg"]},{"from":300,"to":303,"title":"HESH-0BCC04: A coin issued by Constantius I","image_urls":["https://finds.org.uk/images/preavill/HESH-0BCC04.jpg"]},{"from":300,"to":301,"title":"PUBLIC-4F108A: A coin issued by Tetrarchic Ruler (uncertain issuer)","image_urls":["https://finds.org.uk/images/kiwidigger/PUBLIC-4F108A.JPG"]},{"from":300,"to":303,"title":"BERK-B299A2: A coin issued by Constantius I","image_urls":["https://finds.org.uk/images/ksutton/Coin%20from%20Volker.jpg"]},{"from":300,"to":300,"title":"LON-A2FAA6: A coin with an unrecorded/uncertain issuer.","image_urls":["https://finds.org.uk/images/ksumnall/Hollyfield%20-%20Roman%20coin%20dio%20-%20Mar%2010.jpg"]},{"from":300,"to":303,"title":"NLM-8459B8: A coin issued by Constantius I","image_urls":["https://finds.org.uk/images/mforeman/NLM21488.jpg"]},{"from":300,"to":400,"title":"NARC-CEA337: A coin issued by House of Constantine","image_urls":["https://finds.org.uk/images/tbrindle/NARC-CEA337nummusobv.jpg"]},{"from":300,"to":303,"title":"SOM-1A5F14: A coin issued by Constantine I","image_urls":["https://finds.org.uk/images/annab/SOM-1A5F14.jpg"]},{"from":300,"to":303,"title":"BERK-1BFCDD: A coin issued by Constantius I","image_urls":["https://finds.org.uk/images/abyard/2014513.jpg"]},{"from":300,"to":303,"title":"SOMDOR-4C3294: A coin issued by Constantius I","image_urls":["https://finds.org.uk/images/npayne/4C3294.jpg"]},{"from":300,"to":400,"title":"BUC-8F0092: A coin issued by Uncertain - 4th century","image_urls":["https://finds.org.uk/images/jmoss/3.jpg"]},{"from":300,"to":305,"title":"IOW-B65786: A coin issued by Diocletian","image_urls":["https://finds.org.uk/images/fbasford/IOW2013-1-369.JPG"]},{"from":300,"to":303,"title":"KENT-683C46: A coin issued by Diocletian","image_urls":["https://finds.org.uk/images/jjackson/KENT-683C46.jpg"]},{"from":300,"to":301,"title":"LANCUM-A49A58: A coin issued by Galerius","image_urls":["https://finds.org.uk/images/dboughton/IMG_2412.JPG"]},{"from":300,"to":303,"title":"LIN-46F6E8: A coin issued by Galerius","image_urls":["https://finds.org.uk/images/adaubney/LIN4236.jpg"]},{"from":300,"to":400,"title":"ESS-70E047: A coin issued by Uncertain - 4th century","image_urls":["https://finds.org.uk/images/lmclean/ESS-70E047.jpg"]},{"from":300,"to":301,"title":"SWYOR-EECE64: A coin issued by Maximian I","image_urls":["https://finds.org.uk/images/acooper/PAS_1391_coin.jpg"]},{"from":300,"to":303,"title":"ESS-979F82: A coin issued by Diocletian","image_urls":["https://finds.org.uk/images/cmcdonald/Gibson%20Diocletian.jpg"]},{"from":300,"to":303,"title":"WAW-9A0495: A coin issued by Maximian I","image_urls":["https://finds.org.uk/images/abolton/WAW9A0495.jpg"]},{"from":300,"to":303,"title":"PUBLIC-57FEA7: A coin issued by Maximian I","image_urls":["https://finds.org.uk/images/Linz/PUBLIC-57FEA7%20COIN.jpg"]},{"from":300,"to":335,"title":"LEIC-92F663: A coin issued by Constantine I","image_urls":["https://finds.org.uk/images/wscott/92F663.JPG"]},{"from":300,"to":300,"title":"SUSS-882463: A coin issued by Galerius","image_urls":["https://finds.org.uk/images/stephaniesmith/SUSS-882463MaximianCaesar.jpg"]},{"from":300,"to":303,"title":"BM-60DA60: A coin issued by Galerius","image_urls":["https://finds.org.uk/images/jasonlundock/5150.jpg"]},{"from":300,"to":400,"title":"NARC-5C9B30: A coin issued by Uncertain - 4th century","image_urls":["https://finds.org.uk/images/tbrindle/NARC-5C9B30%20-AE3obv.jpg"]},{"from":300,"to":303,"title":"SF-576B0D: A coin issued by Galerius","image_urls":["https://finds.org.uk/images/gstewart/YAX_SF-576B0D.jpg"]},{"from":300,"to":400,"title":"WMID-B40DD5: A coin with an unrecorded/uncertain issuer.","image_urls":["https://finds.org.uk/images/hglenn/WMIDB40DD5.jpg"]},{"from":300,"to":305,"title":"LVPL-A1B022: A coin issued by Maximian I","image_urls":["https://finds.org.uk/images/voakden/LVPL-A1B022.jpg"]},{"from":300,"to":400,"title":"LEIC-281801: A coin with an unrecorded/uncertain issuer.","image_urls":["https://finds.org.uk/images/wscott/281801%20.JPG"]},{"from":300,"to":304,"title":"Bronze Nummus, Lugdunum, AD 300 - AD 304. 1984.146.275","image_urls":["http://numismatics.org/collectionimages/19501999/1984/1984.146.275.rev.width350.jpg"]},{"from":300,"to":301,"title":"Bronze Nummus, Treveri, AD 300 - AD 301. 1984.146.1300","image_urls":["http://numismatics.org/collectionimages/19501999/1984/1984.146.1300.rev.width350.jpg"]},{"from":300,"to":301,"title":"Bronze Nummus, Treveri, AD 300 - AD 301. 1974.26.96","image_urls":["http://numismatics.org/collectionimages/19501999/1974/1974.26.96.rev.width350.jpg"]},{"from":300,"to":301,"title":"Bronze Nummus, Treveri, AD 300 - AD 301. 1984.146.1299","image_urls":["http://numismatics.org/collectionimages/19501999/1984/1984.146.1299.rev.width350.jpg"]},{"from":300,"to":304,"title":"Bronze Nummus, Lugdunum, AD 300 - AD 304. 1984.146.278","image_urls":["http://numismatics.org/collectionimages/19501999/1984/1984.146.278.rev.width350.jpg"]},{"from":300,"to":301,"title":"Bronze Nummus, Treveri, AD 300 - AD 301. 1944.100.5915","image_urls":["http://numismatics.org/collectionimages/19001949/1944/1944.100.5915.rev.width350.jpg"]},{"from":300,"to":301,"title":"Bronze Nummus, Treveri, AD 300 - AD 301. 1944.100.5918","image_urls":["http://numismatics.org/collectionimages/19001949/1944/1944.100.5918.rev.width350.jpg"]},{"from":300,"to":301,"title":"Bronze Nummus, Antioch, AD 300 - AD 301. 1944.100.4224","image_urls":["http://numismatics.org/collectionimages/19001949/1944/1944.100.4224.rev.width350.jpg"]},{"from":300,"to":304,"title":"Bronze Nummus, Lugdunum, AD 300 - AD 304. 1984.146.266","image_urls":["http://numismatics.org/collectionimages/19501999/1984/1984.146.266.rev.width350.jpg"]},{"from":300,"to":301,"title":"Bronze Nummus, Treveri, AD 300 - AD 301. 1984.146.1298","image_urls":["http://numismatics.org/collectionimages/19501999/1984/1984.146.1298.rev.width350.jpg"]},{"from":300,"to":304,"title":"Bronze Nummus, Lugdunum, AD 300 - AD 304. 1984.146.277","image_urls":["http://numismatics.org/collectionimages/19501999/1984/1984.146.277.rev.width350.jpg"]},{"from":300,"to":301,"title":"Bronze Nummus, Treveri, AD 300 - AD 301. 0000.999.3717","image_urls":["http://numismatics.org/collectionimages/00001899/0000/0000.999.3717.rev.width350.jpg"]},{"from":300,"to":304,"title":"Bronze Nummus, Lugdunum, AD 300 - AD 304. 1984.146.271","image_urls":["http://numismatics.org/collectionimages/19501999/1984/1984.146.271.rev.width350.jpg"]},{"from":300,"to":301,"title":"Bronze Nummus, Treveri, AD 300 - AD 301. 1984.146.1296","image_urls":["http://numismatics.org/collectionimages/19501999/1984/1984.146.1296.rev.width350.jpg"]},{"from":300,"to":303,"title":"Bronze Nummus, Ticinum, AD 300 - AD 303. 1944.100.2679","image_urls":["http://numismatics.org/collectionimages/19001949/1944/1944.100.2679.rev.width350.jpg"]},{"from":300,"to":301,"title":"Bronze Nummus, Treveri, AD 300 - AD 301. 1984.146.1295","image_urls":["http://numismatics.org/collectionimages/19501999/1984/1984.146.1295.rev.width350.jpg"]},{"from":300,"to":304,"title":"Bronze Nummus, Lugdunum, AD 300 - AD 304. 1984.146.270","image_urls":["http://numismatics.org/collectionimages/19501999/1984/1984.146.270.rev.width350.jpg"]},{"from":300,"to":301,"title":"Bronze Nummus, Treveri, AD 300 - AD 301. 1984.146.1301","image_urls":["http://numismatics.org/collectionimages/19501999/1984/1984.146.1301.rev.width350.jpg"]},{"from":300,"to":301,"title":"Bronze Nummus, Treveri, AD 300 - AD 301. 1984.146.1302","image_urls":["http://numismatics.org/collectionimages/19501999/1984/1984.146.1302.rev.width350.jpg"]},{"from":300,"to":301,"title":"Bronze Nummus, Treveri, AD 300 - AD 301. 1984.146.1294","image_urls":["http://numismatics.org/collectionimages/19501999/1984/1984.146.1294.rev.width350.jpg"]},{"from":300,"to":304,"title":"Bronze Nummus, Lugdunum, AD 300 - AD 304. 1984.146.273","image_urls":["http://numismatics.org/collectionimages/19501999/1984/1984.146.273.rev.width350.jpg"]},{"from":300,"to":304,"title":"Bronze Nummus, Lugdunum, AD 300 - AD 304. 1984.146.267","image_urls":["http://numismatics.org/collectionimages/19501999/1984/1984.146.267.rev.width350.jpg"]},{"from":300,"to":301,"title":"Bronze Nummus, Treveri, AD 300 - AD 301. 1944.100.5917","image_urls":["http://numismatics.org/collectionimages/19001949/1944/1944.100.5917.rev.width350.jpg"]},{"from":300,"to":304,"title":"Bronze Nummus, Lugdunum, AD 300 - AD 304. 1984.146.276","image_urls":["http://numismatics.org/collectionimages/19501999/1984/1984.146.276.rev.width350.jpg"]},{"from":300,"to":304,"title":"Bronze Nummus, Lugdunum, AD 300 - AD 304. 1984.146.265","image_urls":["http://numismatics.org/collectionimages/19501999/1984/1984.146.265.rev.width350.jpg"]},{"from":300,"to":301,"title":"Bronze Nummus, Treveri, AD 300 - AD 301. 1944.100.5914","image_urls":["http://numismatics.org/collectionimages/19001949/1944/1944.100.5914.rev.width350.jpg"]},{"from":300,"to":301,"title":"Bronze Nummus, Treveri, AD 300 - AD 301. 1974.267.4","image_urls":["http://numismatics.org/collectionimages/19501999/1974/1974.267.4.rev.width350.jpg"]},{"from":300,"to":301,"title":"Bronze Nummus, Treveri, AD 300 - AD 301. 1984.146.1297","image_urls":["http://numismatics.org/collectionimages/19501999/1984/1984.146.1297.rev.width350.jpg"]},{"from":300,"to":304,"title":"Bronze Nummus, Lugdunum, AD 300 - AD 304. 1984.146.272","image_urls":["http://numismatics.org/collectionimages/19501999/1984/1984.146.272.rev.width350.jpg"]},{"from":300,"to":301,"title":"Bronze Nummus, Treveri, AD 300 - AD 301. 1944.100.5916","image_urls":["http://numismatics.org/collectionimages/19001949/1944/1944.100.5916.rev.width350.jpg"]},{"from":300,"to":304,"title":"Bronze Nummus, Lugdunum, AD 300 - AD 304. 1984.146.274","image_urls":["http://numismatics.org/collectionimages/19501999/1984/1984.146.274.rev.width350.jpg"]}]