[{"from":301,"to":303,"title":"LIN-AE9E64: A coin issued by Constantius I","image_urls":["https://finds.org.uk/images/adaubney/LIN7458.jpg"]},{"from":301,"to":303,"title":"SF-2B80B1: A coin issued by Constantius I","image_urls":["https://finds.org.uk/images/abrown/UFF%20SF-2B80B1.jpg"]},{"from":301,"to":303,"title":"LON-EBC4AF: A coin issued by Galerius","image_urls":["https://finds.org.uk/images/paitesb123/Maximian-Aug14.jpg"]},{"from":301,"to":301,"title":"LIN-8D6E21: A coin issued by Maximian I","image_urls":["https://finds.org.uk/images/adaubney/LIN9248.jpg"]},{"from":301,"to":305,"title":"LEIC-F90F91: A coin issued by Galerius","image_urls":["https://finds.org.uk/images/wscott/F90F91.JPG"]},{"from":301,"to":303,"title":"YORYM-2DA6A3: A coin issued by Constantius I","image_urls":["https://finds.org.uk/images/bmorris/MW0111.jpg"]},{"from":301,"to":361,"title":"NARC-193F97: A coin issued by House of Constantine","image_urls":["https://finds.org.uk/images/jcassidy/NARC-193F97%20b.jpg"]},{"from":301,"to":303,"title":"LEIC-921553: A coin issued by Constantius I","image_urls":["https://finds.org.uk/images/leicvol/921553.jpg"]},{"from":301,"to":303,"title":"GLO-607E14: A coin issued by Diocletian","image_urls":["https://finds.org.uk/images/kadams/1990%20Diocletian%20Nummus.jpg"]},{"from":301,"to":303,"title":"HAMP-BCCA92: A coin issued by Diocletian","image_urls":["https://finds.org.uk/images/rwebley/HAMP-BCCA92Diocletiannummus.jpg"]},{"from":301,"to":361,"title":"NARC-03DFC8: A coin issued by House of Constantine","image_urls":["https://finds.org.uk/images/jcassidy/NARC-03DFC8%20b.jpg"]},{"from":301,"to":361,"title":"NARC-F17F51: A coin issued by House of Constantine","image_urls":["https://finds.org.uk/images/jcassidy/NARC-F17F51.jpg"]},{"from":301,"to":303,"title":"LIN-E88CB6: A coin issued by Constantius I","image_urls":["https://finds.org.uk/images/adaubney/LIN8334.JPG"]},{"from":301,"to":303,"title":"LEIC-D2E1F1: A coin issued by Galerius","image_urls":["https://finds.org.uk/images/wscott/D2E1F1.JPG"]},{"from":301,"to":307,"title":"SOM-1B6EE0: A coin issued by Tetrarchic Ruler (uncertain issuer)","image_urls":["https://finds.org.uk/images/elburnett/SOM-1B6EE0.jpg"]},{"from":301,"to":303,"title":"LIN-E8ADA2: A coin issued by Diocletian","image_urls":["https://finds.org.uk/images/adaubney/LIN8333.JPG"]},{"from":301,"to":303,"title":"HAMP-380FB6: A coin issued by Galerius","image_urls":["https://finds.org.uk/images/rwebley/HAMP-380FB6Galeriusnummus.jpg"]},{"from":301,"to":303,"title":"KENT-693525: A coin issued by Maximian I","image_urls":["https://finds.org.uk/images/karend1/KENT-693525.jpg"]},{"from":301,"to":303,"title":"LIN-36F965: A coin issued by Constantius I","image_urls":["https://finds.org.uk/images/adaubney/LIN2012-230.jpg"]},{"from":301,"to":361,"title":"NARC-03BFB1: A coin issued by House of Constantine","image_urls":["https://finds.org.uk/images/jcassidy/NARC-03BFB1%20b.jpg"]},{"from":301,"to":303,"title":"NMS-F2CC61: A coin issued by Constantius I","image_urls":["https://finds.org.uk/images/amarsden/ENMD062012.jpg"]},{"from":301,"to":303,"title":"HAMP-1080F7: A coin issued by Diocletian","image_urls":["https://finds.org.uk/images/vdrost/HAMP1080F7.jpg"]},{"from":301,"to":402,"title":"NARC-CBC422: A coin issued by House of Constantine","image_urls":["https://finds.org.uk/images/jcassidy/NARC-CBC422%20b.jpg"]},{"from":301,"to":303,"title":"DOR-830633: A coin issued by Diocletian","image_urls":["https://finds.org.uk/images/lpapworth/830633.jpg"]},{"from":301,"to":361,"title":"NARC-1763A2: A coin issued by House of Constantine","image_urls":["https://finds.org.uk/images/jcassidy/NARC-1763A2%20b.jpg"]},{"from":301,"to":303,"title":"YORYM-CE2F21: A coin issued by Constantius I","image_urls":["https://finds.org.uk/images/law/CR0012.jpg"]},{"from":301,"to":361,"title":"NARC-191CE5: A coin issued by House of Constantine","image_urls":["https://finds.org.uk/images/jcassidy/NARC-191CE5%20b.jpg"]},{"from":301,"to":303,"title":"WMAS-396265: A coin issued by Maximian I","image_urls":["https://finds.org.uk/images/shousley/WMAS-396265.jpg"]},{"from":301,"to":305,"title":"WAW-A72EE1: A coin issued by Constantius I","image_urls":["https://finds.org.uk/images/abolton/WAW-A72EE1.JPG"]},{"from":301,"to":303,"title":"IOW-CF7317: A coin issued by Maximian I","image_urls":["https://finds.org.uk/images/fbasford/IOW2009-1-760.JPG"]},{"from":301,"to":361,"title":"NARC-2A4456: A coin issued by House of Constantine","image_urls":["https://finds.org.uk/images/jcassidy/NARC-2A4456%20b.jpg"]},{"from":301,"to":303,"title":"BUC-FF5831: A coin issued by Galerius","image_urls":["https://finds.org.uk/images/jmoss/3DSCN3463.JPG"]},{"from":301,"to":305,"title":"IOW-C168D6: A coin issued by Constantine I","image_urls":["https://finds.org.uk/images/fbasford/IOW2009-2-135.JPG"]},{"from":301,"to":303,"title":"LON-3EEC05: A coin issued by Maximian I","image_urls":["https://finds.org.uk/images/cveysey/DSCN8959.JPG"]},{"from":301,"to":303,"title":"WILT-E3C945: A coin issued by Maximian I","image_urls":["https://finds.org.uk/images/khinds/Bould0811coin4.jpg"]},{"from":301,"to":361,"title":"NARC-631ED0: A coin issued by House of Constantine","image_urls":["https://finds.org.uk/images/jcassidy/NARC-631ED0%20b.jpg"]},{"from":301,"to":361,"title":"NARC-03D0A6: A coin issued by Constans","image_urls":["https://finds.org.uk/images/jcassidy/NARC-03D0A6%20b.jpg"]},{"from":301,"to":303,"title":"SOMDOR-0242B3: A coin issued by Constantius I","image_urls":["https://finds.org.uk/images/npayne/0242B3.jpg"]},{"from":301,"to":361,"title":"NARC-D44E61: A coin issued by House of Constantine","image_urls":["https://finds.org.uk/images/jcassidy/NARC-D44E61%20b.jpg"]},{"from":301,"to":303,"title":"DUR-026F71: A coin issued by Maximian I","image_urls":["https://finds.org.uk/images/frances/DUR-026F71.jpg"]},{"from":301,"to":303,"title":"WILT-AAFB35: A coin issued by Maximian I","image_urls":["https://finds.org.uk/images/khinds/Crisp0109coin2.jpg"]},{"from":301,"to":303,"title":"LEIC-D39E96: A coin issued by Diocletian","image_urls":["https://finds.org.uk/images/wscott/D39E96%20.JPG"]},{"from":301,"to":303,"title":"Bronze Nummus, Lugdunum, AD 301 - AD 303. 0000.999.676","image_urls":["http://numismatics.org/collectionimages/00001899/0000/0000.999.676.rev.width350.jpg"]},{"from":301,"to":303,"title":"Bronze Nummus, Lugdunum, AD 301 - AD 303. 1925.176.4","image_urls":["http://numismatics.org/collectionimages/19001949/1925/1925.176.4.rev.width350.jpg"]},{"from":301,"to":303,"title":"Bronze Nummus, Lugdunum, AD 301 - AD 303. 1967.160.1","image_urls":["http://numismatics.org/collectionimages/19501999/1967/1967.160.1.rev.width350.jpg"]},{"from":301,"to":303,"title":"Bronze Nummus, Lugdunum, AD 301 - AD 303. 1944.100.1127","image_urls":["http://numismatics.org/collectionimages/19001949/1944/1944.100.1127.rev.width350.jpg"]},{"from":301,"to":303,"title":"Bronze Nummus, Lugdunum, AD 301 - AD 303. 1944.100.1148","image_urls":["http://numismatics.org/collectionimages/19001949/1944/1944.100.1148.rev.width350.jpg"]},{"from":301,"to":303,"title":"Bronze Nummus, Lugdunum, AD 301 - AD 303. 1944.100.1144","image_urls":["http://numismatics.org/collectionimages/19001949/1944/1944.100.1144.rev.width350.jpg"]},{"from":301,"to":303,"title":"Bronze Nummus, Lugdunum, AD 301 - AD 303. 1944.100.1132","image_urls":["http://numismatics.org/collectionimages/19001949/1944/1944.100.1132.rev.width350.jpg"]},{"from":301,"to":303,"title":"Bronze Nummus, Lugdunum, AD 301 - AD 303. 1944.100.1130","image_urls":["http://numismatics.org/collectionimages/19001949/1944/1944.100.1130.rev.width350.jpg"]},{"from":301,"to":303,"title":"Bronze Nummus, Lugdunum, AD 301 - AD 303. 1925.176.5","image_urls":["http://numismatics.org/collectionimages/19001949/1925/1925.176.5.rev.width350.jpg"]},{"from":301,"to":303,"title":"Bronze Nummus, Lugdunum, AD 301 - AD 303. 1944.100.1151","image_urls":["http://numismatics.org/collectionimages/19001949/1944/1944.100.1151.rev.width350.jpg"]},{"from":301,"to":303,"title":"Bronze Nummus, Lugdunum, AD 301 - AD 303. 1944.100.1145","image_urls":["http://numismatics.org/collectionimages/19001949/1944/1944.100.1145.rev.width350.jpg"]},{"from":301,"to":303,"title":"Bronze Nummus, Lugdunum, AD 301 - AD 303. 1944.100.1139","image_urls":["http://numismatics.org/collectionimages/19001949/1944/1944.100.1139.rev.width350.jpg"]},{"from":301,"to":303,"title":"Bronze Nummus, Lugdunum, AD 301 - AD 303. 1944.100.1141","image_urls":["http://numismatics.org/collectionimages/19001949/1944/1944.100.1141.rev.width350.jpg"]},{"from":301,"to":303,"title":"Bronze Nummus, Lugdunum, AD 301 - AD 303. 1944.100.1135","image_urls":["http://numismatics.org/collectionimages/19001949/1944/1944.100.1135.rev.width350.jpg"]},{"from":301,"to":303,"title":"Bronze Nummus, Lugdunum, AD 301 - AD 303. 1925.176.1","image_urls":["http://numismatics.org/collectionimages/19001949/1925/1925.176.1.rev.width350.jpg"]},{"from":301,"to":303,"title":"Bronze Nummus, Lugdunum, AD 301 - AD 303. 1960.170.3","image_urls":["http://numismatics.org/collectionimages/19501999/1960/1960.170.3.rev.width350.jpg"]},{"from":301,"to":303,"title":"Bronze Nummus, Lugdunum, AD 301 - AD 303. 1916.192.2","image_urls":["http://numismatics.org/collectionimages/19001949/1916/1916.192.2.rev.width350.jpg"]},{"from":301,"to":303,"title":"Bronze Nummus, Lugdunum, AD 301 - AD 303. 1944.100.1138","image_urls":["http://numismatics.org/collectionimages/19001949/1944/1944.100.1138.rev.width350.jpg"]},{"from":301,"to":303,"title":"Bronze Nummus, Lugdunum, AD 301 - AD 303. 1944.100.1150","image_urls":["http://numismatics.org/collectionimages/19001949/1944/1944.100.1150.rev.width350.jpg"]},{"from":301,"to":303,"title":"Bronze Nummus, Lugdunum, AD 301 - AD 303. 1944.100.1134","image_urls":["http://numismatics.org/collectionimages/19001949/1944/1944.100.1134.rev.width350.jpg"]},{"from":301,"to":303,"title":"Bronze Nummus, Lugdunum, AD 301 - AD 303. 1944.100.1128","image_urls":["http://numismatics.org/collectionimages/19001949/1944/1944.100.1128.rev.width350.jpg"]},{"from":301,"to":303,"title":"Bronze Nummus, Lugdunum, AD 301 - AD 303. 0000.999.677","image_urls":["http://numismatics.org/collectionimages/00001899/0000/0000.999.677.rev.width350.jpg"]},{"from":301,"to":303,"title":"Bronze Nummus, Lugdunum, AD 301 - AD 303. 1944.100.1149","image_urls":["http://numismatics.org/collectionimages/19001949/1944/1944.100.1149.rev.width350.jpg"]},{"from":301,"to":303,"title":"Bronze Nummus, Lugdunum, AD 301 - AD 303. 1974.26.29","image_urls":["http://numismatics.org/collectionimages/19501999/1974/1974.26.29.rev.width350.jpg"]},{"from":301,"to":303,"title":"Bronze Nummus, Lugdunum, AD 301 - AD 303. 1973.56.23","image_urls":["http://numismatics.org/collectionimages/19501999/1973/1973.56.23.rev.width350.jpg"]},{"from":301,"to":303,"title":"Bronze Nummus, Lugdunum, AD 301 - AD 303. 1944.100.1143","image_urls":["http://numismatics.org/collectionimages/19001949/1944/1944.100.1143.rev.width350.jpg"]},{"from":301,"to":303,"title":"Bronze Nummus, Lugdunum, AD 301 - AD 303. 1944.100.1137","image_urls":["http://numismatics.org/collectionimages/19001949/1944/1944.100.1137.rev.width350.jpg"]},{"from":301,"to":303,"title":"Bronze Nummus, Lugdunum, AD 301 - AD 303. 1995.11.735","image_urls":["http://numismatics.org/collectionimages/19501999/1995/1995.11.735.rev.width350.jpg"]},{"from":301,"to":303,"title":"Bronze Nummus, Lugdunum, AD 301 - AD 303. 1935.117.4","image_urls":["http://numismatics.org/collectionimages/19001949/1935/1935.117.4.rev.width350.jpg"]},{"from":301,"to":303,"title":"Bronze Nummus, Treveri, AD 301 - AD 303. 1995.11.736","image_urls":["http://numismatics.org/collectionimages/19501999/1995/1995.11.736.rev.width350.jpg"]},{"from":301,"to":303,"title":"Bronze Nummus, Lugdunum, AD 301 - AD 303. 1944.100.1126","image_urls":["http://numismatics.org/collectionimages/19001949/1944/1944.100.1126.rev.width350.jpg"]},{"from":301,"to":303,"title":"Bronze Nummus, Lugdunum, AD 301 - AD 303. 1989.11.64","image_urls":["http://numismatics.org/collectionimages/19501999/1989/1989.11.64.rev.width350.jpg"]},{"from":301,"to":303,"title":"Bronze Nummus, Lugdunum, AD 301 - AD 303. 1925.176.3","image_urls":["http://numismatics.org/collectionimages/19001949/1925/1925.176.3.rev.width350.jpg"]},{"from":301,"to":303,"title":"Bronze Nummus, Lugdunum, AD 301 - AD 303. 1944.100.1146","image_urls":["http://numismatics.org/collectionimages/19001949/1944/1944.100.1146.rev.width350.jpg"]},{"from":301,"to":303,"title":"Bronze Nummus, Lugdunum, AD 301 - AD 303. 1944.100.1131","image_urls":["http://numismatics.org/collectionimages/19001949/1944/1944.100.1131.rev.width350.jpg"]},{"from":301,"to":303,"title":"Bronze Nummus, Lugdunum, AD 301 - AD 303. 1944.100.1152","image_urls":["http://numismatics.org/collectionimages/19001949/1944/1944.100.1152.rev.width350.jpg"]},{"from":301,"to":303,"title":"Bronze Nummus, Lugdunum, AD 301 - AD 303. 1974.58.1","image_urls":["http://numismatics.org/collectionimages/19501999/1974/1974.58.1.rev.width350.jpg"]},{"from":301,"to":303,"title":"Bronze Nummus, Lugdunum, AD 301 - AD 303. 1944.100.1147","image_urls":["http://numismatics.org/collectionimages/19001949/1944/1944.100.1147.rev.width350.jpg"]},{"from":301,"to":303,"title":"Bronze Nummus, Lugdunum, AD 301 - AD 303. 1944.100.1129","image_urls":["http://numismatics.org/collectionimages/19001949/1944/1944.100.1129.rev.width350.jpg"]},{"from":301,"to":303,"title":"Bronze Nummus, Lugdunum, AD 301 - AD 303. 1917.155.1","image_urls":["http://numismatics.org/collectionimages/19001949/1917/1917.155.1.rev.width350.jpg"]},{"from":301,"to":303,"title":"Bronze Nummus, Lugdunum, AD 301 - AD 303. 1944.100.1140","image_urls":["http://numismatics.org/collectionimages/19001949/1944/1944.100.1140.rev.width350.jpg"]},{"from":301,"to":303,"title":"Bronze Nummus, Lugdunum, AD 301 - AD 303. 1926.51.1","image_urls":["http://numismatics.org/collectionimages/19001949/1926/1926.51.1.rev.width350.jpg"]},{"from":301,"to":303,"title":"Bronze Nummus, Lugdunum, AD 301 - AD 303. 1944.100.1125","image_urls":["http://numismatics.org/collectionimages/19001949/1944/1944.100.1125.rev.width350.jpg"]},{"from":301,"to":303,"title":"Bronze Nummus, Lugdunum, AD 301 - AD 303. 1944.100.1142","image_urls":["http://numismatics.org/collectionimages/19001949/1944/1944.100.1142.rev.width350.jpg"]},{"from":301,"to":303,"title":"Bronze Nummus, Lugdunum, AD 301 - AD 303. 1925.176.2","image_urls":["http://numismatics.org/collectionimages/19001949/1925/1925.176.2.rev.width350.jpg"]},{"from":301,"to":303,"title":"Bronze Nummus, Lugdunum, AD 301 - AD 303. 1944.100.1136","image_urls":["http://numismatics.org/collectionimages/19001949/1944/1944.100.1136.rev.width350.jpg"]},{"from":301,"to":303,"title":"Bronze Nummus, Lugdunum, AD 301 - AD 303. 1944.100.1133","image_urls":["http://numismatics.org/collectionimages/19001949/1944/1944.100.1133.rev.width350.jpg"]}]